Algorithm: Greedy Vertex Coloring
Vertex colors:
0 1
1 0
2 2
3 0
4 1
5 0
6 1
7 2
8 0
9 1
10 0
11 1
12 0
13 1
14 0
15 2
16 0
17 1
18 0
19 1
20 2
21 0
22 1
23 0
24 1
25 0
26 1
27 0
28 2
29 1
30 0
31 1
32 2
33 0
34 1
35 0
36 1
37 0
38 1
39 0
40 1
41 0
42 1
43 2
44 1
45 0
46 1
47 0
48 1
49 0
50 1
51 2
52 0
53 2
54 1
55 0
56 1
57 0
58 1
59 2
60 0
61 2
62 1
63 0
64 2
65 1
66 0
67 1
68 0
69 1
70 0
71 1
72 2
73 0
74 1
75 2
76 0
77 1
78 0
79 1
80 2
81 0
82 1
83 0
84 1
85 0
86 1
87 0
88 1
89 0
90 2
91 1
92 0
93 1
94 2
95 0
96 2
97 1
98 0
99 1
100 0
101 1
102 0
103 2
104 0
105 1
106 2
107 0
108 1
109 0
110 1
111 0
112 1
113 0
114 1
115 0
116 1
117 0
118 1
119 2
120 0
121 2
122 1
123 0
124 1
125 0
126 1
127 0
128 1
129 0
130 2
131 1
132 0
133 1
134 2
135 0
136 2
137 1
138 0
139 1
140 0
141 2
142 1
143 0
144 1
145 0
146 2
147 0
148 1
149 0
150 2
151 0
152 1
153 2
154 0
155 1
156 0
157 2
158 1
159 0
160 1
161 0
162 2
163 0
164 2
165 1
166 2
167 0
168 2
169 1
170 0
171 1
172 0
173 1
174 0
175 1
176 0
177 1
178 2
179 0
180 2
181 1
182 0
183 1
184 0
185 2
186 1
187 2
188 0
189 1
190 0
191 1
192 2
193 1
194 0
195 2
196 1
197 2
198 0
199 1
200 0
201 1
202 0
203 1
204 0
205 1
206 2
207 0
208 1
209 0
210 1
211 0
212 1
213 0
214 1
215 0
216 2
217 1
218 2
219 0
220 1
221 0
222 1
223 2
224 0
225 2
226 1
227 2
228 0
229 1
230 0
231 1
232 0
233 2
234 1
235 0
236 1
237 0
238 2
239 1
240 2
241 1
242 0
243 1
244 2
245 0
246 2
247 1
248 0
249 1
250 0
251 2
252 0
253 2
254 1
255 0
256 1
257 0
258 2
259 1
260 0
261 1
262 0
263 2
264 1
265 2
266 0
267 2
268 0
269 1
270 0
271 1
272 0
273 1
274 0
275 2
276 0
277 2
278 1
279 2
280 0
281 1
282 0
283 2
284 0
285 1
286 0
287 2
288 1
289 0
290 1
291 0
292 1
293 0
294 1
295 0
296 1
297 0
298 2
299 1
300 0
301 1
302 0
303 1
304 0
305 1
306 0
307 1
308 0
309 2
310 1
311 0
312 1
313 0
314 1
315 2
316 0
317 2
318 1
319 0
320 1
321 0
322 1
323 2
324 0
325 1
326 0
327 2
328 0
329 1
330 2
331 0
332 1
333 0
334 1
335 0
336 1
337 2
338 0
339 1
340 2
341 0
342 2
343 1
344 0
345 1
346 0
347 1
348 0
349 1
350 0
351 1
352 0
353 1
354 0
355 1
356 0
357 2
358 1
359 0
360 1
361 0
362 1
363 0
364 1
365 0
366 1
367 2
368 0
369 1
370 0
371 1
372 2
373 0
374 1
375 2
376 0
377 1
378 0
379 1
380 2
381 0
382 2
383 1
384 0
385 2
386 0
387 1
388 0
389 1
390 2
391 1
392 0
393 2
394 1
395 2
396 0
397 1
398 0
399 2
400 1
401 0
402 1
403 0
404 1
405 0
406 1
407 0
408 1
409 0
410 1
411 2
412 0
413 2
414 0
415 1
416 0
417 1
418 2
419 0
420 1
421 0
422 1
423 0
424 2
425 1
426 2
427 0
428 1
429 0
430 2
431 1
432 0
433 1
434 0
435 1
436 0
437 1
438 0
439 1
440 0
441 1
442 0
443 1
444 2
445 0
446 1
447 2
448 0
449 1
450 0
451 1
452 0
453 1
454 0
455 1
456 0
457 1
458 0
459 1
460 2
461 0
462 1
463 2
464 0
465 1
466 0
467 2
468 1
469 0
470 1
471 0
472 1
473 0
474 1
475 2
476 1
477 0
478 1
479 0
480 2
481 1
482 2
483 0
484 2
485 1
486 2
487 0
488 1
489 0
490 1
491 0
492 1
493 0
494 1
495 0
496 1
497 0
498 1
499 0
500 1
501 0
502 2
503 1
504 2
505 0
506 1
507 2
508 0
509 1
510 2
511 0
512 1
513 0
514 2
515 1
516 2
517 0
518 2
519 1
520 2
521 0
522 1
523 0
524 1
525 0
526 1
527 0
528 2
529 1
530 2
531 0
532 1
533 2
534 0
535 2
536 1
537 0
538 2
539 1
540 0
541 2
542 1
543 0
544 1
545 2
546 0
547 2
548 1
549 2
550 1
551 0
552 1
553 0
554 2
555 1
556 0
557 1
558 2
559 1
560 2
561 0
562 1
563 2
564 0
565 1
566 2
567 0
568 1
569 0
570 1
571 0
572 1
573 2
574 0
575 1
576 0
577 1
578 0
579 1
580 0
581 1
582 0
583 1
584 0
585 2
586 1
587 0
588 1
589 0
590 2
591 1
592 2
593 1
594 0
595 1
596 0
597 1
598 2
599 0
600 2
601 0
602 1
603 0
604 1
605 0
606 1
607 0
608 1
609 2
610 0
611 1
612 0
613 1
614 2
615 0
616 1
617 0
618 1
619 0
620 1
621 0
622 1
623 0
624 1
625 0
626 1
627 0
628 1
629 0
630 1
631 0
632 1
633 2
634 0
635 2
636 1
637 0
638 1
639 0
640 1
641 2
642 0
643 1
644 2
645 0
646 2
647 0
648 1
649 2
650 0
651 1
652 0
653 1
654 0
655 1
656 0
657 1
658 2
659 0
660 1
661 0
662 1
663 0
664 1
665 0
666 1
667 2
668 0
669 1
670 0
671 1
672 2
673 0
674 1
675 2
676 0
677 1
678 0
679 2
680 1
681 2
682 1
683 0
684 1
685 0
686 1
687 0
688 1
689 0
690 2
691 1
692 0
693 1
694 2
695 0
696 1
697 2
698 1
699 0
700 1
701 0
702 1
703 0
704 2
705 1
706 0
707 1
708 0
709 2
710 1
711 2
712 0
713 1
714 2
715 0
716 2
717 1
718 0
719 1
720 0
721 1
722 0
723 2
724 1
725 0
726 1
727 2
728 1
729 0
730 1
731 2
732 0
733 1
734 0
735 1
736 0
737 2
738 1
739 0
740 1
741 0
742 2
743 1
744 0
745 1
746 0
747 1
748 0
749 1
750 0
751 2
752 0
753 1
754 2
755 0
756 1
757 0
758 2
759 0
760 1
761 0
762 2
763 1
764 0
765 1
766 2
767 0
768 1
769 0
770 1
771 2
772 0
773 1
774 0
775 1
776 0
777 1
778 2
779 0
780 2
781 1
782 0
783 2
784 1
785 2
786 0
787 1
788 0
789 2
790 1
791 0
792 1
793 0
794 2
795 0
796 1
797 0
798 1
799 0
800 1
801 0
802 1
803 0
804 1
805 0
806 2
807 0
808 1
809 2
810 1
811 0
812 1
813 0
814 1
815 2
816 1
817 0
818 1
819 2
820 0
821 1
822 0
823 2
824 0
825 2
826 0
827 2
828 0
829 1
830 2
831 0
832 1
833 0
834 2
835 1
836 2
837 1
838 0
839 1
840 0
841 1
842 2
843 0
844 1
845 0
846 1
847 0
848 1
849 0
850 1
851 0
852 1
853 2
854 0
855 2
856 0
857 1
858 0
859 2
860 1
861 2
862 1
863 0
864 1
865 0
866 2
867 1
868 2
869 0
870 1
871 0
872 1
873 0
874 1
875 0
876 1
877 0
878 2
879 0
880 1
881 0
882 1
883 2
884 0
885 1
886 0
887 2
888 0
889 1
890 0
891 2
892 1
893 2
894 1
895 0
896 2
897 1
898 0
899 2
900 1
901 2
902 0
903 1
904 2
905 0
906 2
907 1
908 2
909 0
910 2
911 0
912 1
913 0
914 1
915 2
916 0
917 2
918 1
919 2
920 0
921 1
922 2
923 0
924 1
925 0
926 1
927 0
928 1
929 0
930 1
931 0
932 1
933 0
934 1
935 0
936 2
937 1
938 0
939 2
940 1
941 0
942 1
943 0
944 1
945 0
946 1
947 2
948 0
949 1
950 0
951 1
952 0
953 1
954 0
955 2
956 1
957 0
958 1
959 2
960 0
961 1
962 0
963 2
964 3
965 0
966 2
967 3
968 0
969 2
970 1
971 2
972 0
973 1
974 0
975 2
976 1
977 0
978 1
979 0
980 2
981 1
982 0
983 1
984 0
985 1
986 0
987 2
988 1
989 2
990 0
991 1
992 0
993 2
994 1
995 0
996 2
997 1
998 0
999 1
1000 0
1001 1
1002 0
1003 1
1004 0
1005 1
1006 0
1007 1
1008 0
1009 1
1010 0
1011 1
1012 2
1013 0
1014 1
1015 0
1016 1
1017 2
1018 1
1019 0
1020 1
1021 2
1022 0
1023 1
1024 0
1025 1
1026 0
1027 1
1028 0
1029 1
1030 0
1031 1
1032 0
1033 1
1034 0
1035 1
1036 0
1037 1
1038 0
1039 1
1040 2
1041 0
1042 1
1043 2
1044 1
1045 0
1046 1
1047 0
1048 1
1049 0
1050 2
1051 0
1052 1
1053 0
1054 1
1055 2
1056 0
1057 1
1058 0
1059 1
1060 2
1061 0
1062 2
1063 1
1064 0
1065 1
1066 0
1067 1
1068 0
1069 1
1070 2
1071 0
1072 2
1073 1
1074 0
1075 2
1076 1
1077 0
1078 2
1079 0
1080 2
1081 1
1082 0
1083 1
1084 2
1085 0
1086 2
1087 0
1088 1
1089 2
1090 0
1091 1
1092 0
1093 1
1094 0
1095 1
1096 0
1097 1
1098 0
1099 1
1100 0
1101 1
1102 0
1103 1
1104 2
1105 0
1106 1
1107 2
1108 1
1109 0
1110 1
1111 0
1112 1
1113 0
1114 1
1115 0
1116 1
1117 0
1118 2
1119 0
1120 1
1121 0
1122 1
1123 0
1124 1
1125 2
1126 1
1127 0
1128 1
1129 0
1130 1
1131 0
1132 1
1133 0
1134 1
1135 0
1136 1
1137 2
1138 0
1139 2
1140 1
1141 2
1142 0
1143 2
1144 1
1145 2
1146 0
1147 1
1148 0
1149 1
1150 2
1151 1
1152 0
1153 1
1154 0
1155 2
1156 1
1157 0
1158 1
1159 2
1160 0
1161 1
1162 2
1163 0
1164 2
1165 1
1166 2
1167 0
1168 1
1169 0
1170 1
1171 2
1172 0
1173 1
1174 0
1175 1
1176 0
1177 1
1178 2
1179 0
1180 1
1181 0
1182 1
1183 2
1184 1
1185 0
1186 2
1187 1
1188 0
1189 1
1190 0
1191 1
1192 2
1193 0
1194 1
1195 0
1196 1
1197 0
1198 1
1199 2
1200 0
1201 1
1202 0
1203 2
1204 1
1205 0
1206 2
1207 1
1208 0
1209 1
1210 0
1211 2
1212 1
1213 2
1214 3
1215 1
1216 0
1217 1
1218 2
1219 0
1220 1
1221 2
1222 0
1223 2
1224 1
1225 2
1226 0
1227 1
1228 0
1229 1
1230 2
1231 0
1232 1
1233 2
1234 0
1235 2
1236 0
1237 1
1238 0
1239 2
1240 1
1241 0
1242 1
1243 0
1244 2
1245 1
1246 0
1247 1
1248 0
1249 1
1250 2
1251 0
1252 2
1253 0
1254 1
1255 0
1256 1
1257 0
1258 1
1259 0
1260 1
1261 2
1262 1
1263 0
1264 1
1265 2
1266 0
1267 1
1268 0
1269 1
1270 2
1271 0
1272 1
1273 0
1274 1
1275 0
1276 1
1277 0
1278 1
1279 2
1280 0
1281 1
1282 2
1283 0
1284 1
1285 0
1286 1
1287 0
1288 1
1289 0
1290 1
1291 0
1292 1
1293 0
1294 2
1295 1
1296 0
1297 2
1298 1
1299 0
1300 1
1301 0
1302 1
1303 0
1304 1
1305 0
1306 2
1307 1
1308 0
1309 1
1310 2
1311 3
1312 1
1313 0
1314 1
1315 0
1316 2
1317 1
1318 0
1319 1
1320 0
1321 2
1322 1
1323 0
1324 1
1325 0
1326 2
1327 1
1328 2
1329 0
1330 1
1331 2
1332 0
1333 1
1334 0
1335 1
1336 0
1337 2
1338 1
1339 0
1340 2
1341 1
1342 2
1343 0
1344 1
1345 0
1346 2
1347 0
1348 1
1349 2
1350 0
1351 2
1352 0
1353 1
1354 0
1355 1
1356 2
1357 0
1358 2
1359 0
1360 2
1361 1
1362 0
1363 1
1364 0
1365 1
1366 0
1367 1
1368 0
1369 1
1370 0
1371 2
1372 0
1373 1
1374 2
1375 0
1376 2
1377 1
1378 0
1379 1
1380 0
1381 1
1382 2
1383 0
1384 1
1385 0
1386 2
1387 1
1388 0
1389 1
1390 0
1391 1
1392 0
1393 1
1394 0
1395 1
1396 2
1397 0
1398 1
1399 0
1400 1
1401 0
1402 1
1403 0
1404 1
1405 0
1406 1
1407 0
1408 1
1409 0
1410 2
1411 1
1412 2
1413 0
1414 1
1415 0
1416 2
1417 1
1418 0
1419 1
1420 0
1421 1
1422 0
1423 2
1424 1
1425 2
1426 1
1427 0
1428 2
1429 0
1430 1
1431 0
1432 1
1433 0
1434 2
1435 1
1436 0
1437 1
1438 0
1439 1
1440 0
1441 1
1442 0
1443 1
1444 2
1445 1
1446 0
1447 1
1448 0
1449 2
1450 0
1451 1
1452 0
1453 1
1454 0
1455 2
1456 1
1457 2
1458 0
1459 1
1460 0
1461 1
1462 0
1463 1
1464 0
1465 1
1466 0
1467 1
1468 0
1469 1
1470 2
1471 0
1472 1
1473 2
1474 0
1475 1
1476 0
1477 1
1478 0
1479 1
1480 2
1481 0
1482 1
1483 0
1484 1
1485 2
1486 0
1487 1
1488 0
1489 1
1490 0
1491 1
1492 0
1493 1
1494 0
1495 2
1496 1
1497 0
1498 1
1499 0
1500 1
1501 0
1502 1
1503 0
1504 1
1505 0
1506 1
1507 2
1508 1
1509 0
1510 1
1511 0
1512 1
1513 2
1514 0
1515 1
1516 0
1517 1
1518 2
1519 0
1520 1
1521 0
1522 2
1523 1
1524 0
1525 2
1526 1
1527 0
1528 1
1529 0
1530 1
1531 0
1532 2
1533 1
1534 2
1535 0
1536 1
1537 2
1538 0
1539 2
1540 1
1541 0
1542 1
1543 0
1544 2
1545 1
1546 0
1547 1
1548 0
1549 1
1550 2
1551 0
1552 1
1553 0
1554 3
1555 1
1556 2
1557 1
1558 0
1559 1
1560 0
1561 1
1562 0
1563 1
1564 0
1565 2
1566 1
1567 2
1568 0
1569 2
1570 3
1571 0
1572 1
1573 2
1574 0
1575 1
1576 3
1577 0
1578 1
1579 2
1580 0
1581 2
1582 0
1583 1
1584 0
1585 2
1586 1
1587 0
1588 1
1589 0
1590 2
1591 0
1592 1
1593 0
1594 1
1595 2
1596 0
1597 1
1598 2
1599 0
1600 1
1601 0
1602 1
1603 0
1604 2
1605 0
1606 1
1607 0
1608 1
1609 2
1610 0
1611 1
1612 0
1613 2
1614 1
1615 2
1616 1
1617 0
1618 1
1619 2
1620 0
1621 1
1622 2
1623 0
1624 1
1625 0
1626 1
1627 0
1628 1
1629 2
1630 0
1631 1
1632 2
1633 1
1634 0
1635 1
1636 0
1637 2
1638 1
1639 2
1640 0
1641 1
1642 2
1643 0
1644 1
1645 0
1646 1
1647 2
1648 0
1649 1
1650 0
1651 1
1652 0
1653 1
1654 0
1655 2
1656 1
1657 2
1658 1
1659 0
1660 1
1661 0
1662 1
1663 2
1664 0
1665 1
1666 2
1667 1
1668 0
1669 2
1670 1
1671 0
1672 1
1673 0
1674 2
1675 1
1676 0
1677 1
1678 0
1679 2
1680 0
1681 1
1682 0
1683 1
1684 2
1685 0
1686 2
1687 1
1688 0
1689 2
1690 1
1691 2
1692 0
1693 1
1694 0
1695 1
1696 0
1697 1
1698 0
1699 1
1700 2
1701 0
1702 1
1703 0
1704 1
1705 0
1706 1
1707 2
1708 0
1709 1
1710 0
1711 1
1712 0
1713 2
1714 0
1715 1
1716 0
1717 1
1718 0
1719 1
1720 0
1721 2
1722 1
1723 0
1724 1
1725 2
1726 1
1727 2
1728 3
1729 0
1730 1
1731 0
1732 1
1733 0
1734 1
1735 0
1736 2
1737 0
1738 1
1739 2
1740 0
1741 1
1742 0
1743 1
1744 0
1745 1
1746 0
1747 1
1748 0
1749 1
1750 0
1751 2
1752 1
1753 0
1754 2
1755 1
1756 0
1757 2
1758 1
1759 0
1760 2
1761 0
1762 1
1763 0
1764 1
1765 0
1766 2
1767 1
1768 2
1769 0
1770 1
1771 2
1772 0
1773 2
1774 1
1775 0
1776 1
1777 0
1778 1
1779 2
1780 0
1781 1
1782 0
1783 2
1784 0
1785 1
1786 2
1787 0
1788 2
1789 1
1790 0
1791 1
1792 0
1793 1
1794 0
1795 2
1796 1
1797 0
1798 1
1799 0
1800 1
1801 0
1802 1
1803 2
1804 0
1805 1
1806 2
1807 1
1808 2
1809 0
1810 2
1811 1
1812 0
1813 1
1814 2
1815 0
1816 1
1817 0
1818 1
1819 0
1820 1
1821 2
1822 0
1823 1
1824 2
1825 0
1826 1
1827 2
1828 0
1829 1
1830 0
1831 1
1832 0
1833 1
1834 0
1835 1
1836 0
1837 1
1838 0
1839 1
1840 0
1841 1
1842 2
1843 0
1844 1
1845 0
1846 1
1847 0
1848 1
1849 0
1850 1
1851 2
1852 0
1853 1
1854 2
1855 0
1856 1
1857 2
1858 1
1859 0
1860 1
1861 0
1862 1
1863 0
1864 1
1865 0
1866 1
1867 0
1868 1
1869 0
1870 2
1871 1
1872 0
1873 1
1874 0
1875 1
1876 0
1877 1
1878 2
1879 1
1880 2
1881 0
1882 1
1883 0
1884 1
1885 2
1886 0
1887 1
1888 0
1889 1
1890 0
1891 1
1892 2
1893 0
1894 3
1895 1
1896 0
1897 1
1898 0
1899 2
1900 1
1901 2
1902 0
1903 2
1904 0
1905 1
1906 0
1907 1
1908 0
1909 1
1910 0
1911 2
1912 1
1913 2
1914 1
1915 0
1916 1
1917 0
1918 1
1919 0
1920 1
1921 0
1922 1
1923 0
1924 1
1925 0
1926 1
1927 0
1928 1
1929 2
1930 0
1931 1
1932 0
1933 1
1934 0
1935 1
1936 0
1937 1
1938 0
1939 1
1940 2
1941 0
1942 1
1943 2
1944 0
1945 1
1946 2
1947 0
1948 1
1949 0
1950 1
1951 0
1952 1
1953 0
1954 2
1955 1
1956 2
1957 0
1958 1
1959 0
1960 1
1961 2
1962 0
1963 1
1964 0
1965 1
1966 2
1967 0
1968 1
1969 0
1970 1
1971 0
1972 2
1973 1
1974 0
1975 1
1976 0
1977 1
1978 0
1979 1
1980 0
1981 1
1982 0
1983 1
1984 0
1985 1
1986 0
1987 1
1988 0
1989 1
1990 0
1991 1
1992 2
1993 1
1994 0
1995 1
1996 2
1997 0
1998 2
1999 1
2000 0
2001 1
2002 0
2003 1
2004 0
2005 2
2006 1
2007 0
2008 1
2009 0
2010 1
2011 0
2012 1
2013 0
2014 1
2015 0
2016 1
2017 2
2018 0
2019 1
2020 2
2021 0
2022 1
2023 2
2024 0
2025 1
2026 0
2027 1
2028 2
2029 0
2030 1
2031 0
2032 1
2033 0
2034 1
2035 2
2036 1
2037 0
2038 1
2039 0
2040 1
2041 2
2042 0
2043 2
2044 0
2045 2
2046 1
2047 0
2048 2
2049 0
2050 1
2051 2
2052 0
2053 1
2054 0
2055 1
2056 0
2057 1
2058 0
2059 1
2060 0
2061 2
2062 1
2063 2
2064 1
2065 2
2066 0
2067 2
2068 1
2069 0
2070 2
2071 1
2072 0
2073 1
2074 0
2075 1
2076 2
2077 0
2078 1
2079 0
2080 1
2081 0
2082 1
2083 0
2084 1
2085 0
2086 1
2087 0
2088 1
2089 0
2090 2
2091 1
2092 2
2093 0
2094 1
2095 2
2096 0
2097 1
2098 0
2099 1
2100 2
2101 0
2102 1
2103 2
2104 0
2105 2
2106 1
2107 0
2108 1
2109 0
2110 1
2111 2
2112 0
2113 2
2114 1
2115 0
2116 1
2117 0
2118 1
2119 0
2120 1
2121 0
2122 1
2123 2
2124 0
2125 1
2126 0
2127 1
2128 2
2129 3
2130 0
2131 1
2132 0
2133 1
2134 0
2135 2
2136 1
2137 0
2138 1
2139 0
2140 1
2141 2
2142 0
2143 1
2144 0
2145 1
2146 2
2147 0
2148 1
2149 0
2150 1
2151 0
2152 2
2153 1
2154 0
2155 2
2156 1
2157 2
2158 0
2159 1
2160 2
2161 1
2162 2
2163 0
2164 2
2165 0
2166 1
2167 2
2168 0
2169 1
2170 0
2171 2
2172 1
2173 0
2174 1
2175 0
2176 1
2177 2
2178 0
2179 1
2180 0
2181 1
2182 0
2183 1
2184 0
2185 2
2186 1
2187 0
2188 2
2189 0
2190 2
2191 1
2192 0
2193 1
2194 0
2195 1
2196 2
2197 1
2198 2
2199 0
2200 2
2201 1
2202 2
2203 0
2204 1
2205 0
2206 1
2207 2
2208 0
2209 2
2210 1
2211 0
2212 1
2213 0
2214 1
2215 2
2216 0
2217 1
2218 0
2219 2
2220 1
2221 2
2222 0
2223 1
2224 2
2225 0
2226 1
2227 2
2228 1
2229 0
2230 1
2231 0
2232 2
2233 1
2234 2
2235 0
2236 1
2237 0
2238 1
2239 2
2240 0
2241 1
2242 0
2243 1
2244 0
2245 2
2246 1
2247 0
2248 1
2249 2
2250 0
2251 1
2252 2
2253 0
2254 1
2255 0
2256 1
2257 2
2258 0
2259 1
2260 0
2261 2
2262 1
2263 0
2264 1
2265 0
2266 2
2267 1
2268 2
2269 0
2270 1
2271 0
2272 1
2273 0
2274 2
2275 0
2276 1
2277 0
2278 1
2279 0
2280 1
2281 0
2282 1
2283 0
2284 1
2285 0
2286 1
2287 2
2288 0
2289 1
2290 0
2291 1
2292 2
2293 0
2294 1
2295 0
2296 1
2297 0
2298 1
2299 0
2300 1
2301 0
2302 1
2303 2
2304 0
2305 1
2306 0
2307 2
2308 1
2309 0
2310 1
2311 0
2312 1
2313 2
2314 1
2315 0
2316 1
2317 0
2318 1
2319 0
2320 1
2321 0
2322 2
2323 0
2324 1
2325 2
2326 0
2327 1
2328 0
2329 1
2330 0
2331 2
2332 1
2333 0
2334 1
2335 0
2336 1
2337 0
2338 1
2339 0
2340 1
2341 0
2342 1
2343 0
2344 1
2345 2
2346 0
2347 1
2348 0
2349 1
2350 2
2351 0
2352 2
2353 1
2354 0
2355 1
2356 0
2357 2
2358 1
2359 0
2360 2
2361 0
2362 1
2363 2
2364 0
2365 1
2366 2
2367 0
2368 1
2369 2
2370 0
2371 1
2372 0
2373 2
2374 0
2375 2
2376 1
2377 0
2378 1
2379 0
2380 2
2381 1
2382 2
2383 1
2384 0
2385 1
2386 0
2387 1
2388 0
2389 2
2390 1
2391 2
2392 0
2393 1
2394 0
2395 1
2396 2
2397 0
2398 1
2399 0
2400 2
2401 1
2402 0
2403 1
2404 2
2405 1
2406 0
2407 1
2408 2
2409 1
2410 0
2411 1
2412 0
2413 2
2414 0
2415 1
2416 0
2417 1
2418 0
2419 1
2420 0
2421 1
2422 0
2423 2
2424 0
2425 1
2426 0
2427 1
2428 0
2429 1
2430 0
2431 1
2432 2
2433 0
2434 1
2435 0
2436 1
2437 2
2438 0
2439 1
2440 0
2441 1
2442 0
2443 1
2444 2
2445 0
2446 1
2447 0
2448 1
2449 0
2450 2
2451 1
2452 0
2453 1
2454 2
2455 0
2456 1
2457 0
2458 1
2459 0
2460 1
2461 0
2462 2
2463 1
2464 0
2465 1
2466 0
2467 1
2468 0
2469 1
2470 0
2471 1
2472 0
2473 1
2474 0
2475 1
2476 0
2477 1
2478 0
2479 1
2480 2
2481 0
2482 2
2483 1
2484 0
2485 1
2486 0
2487 1
2488 0
2489 1
2490 0
2491 1
2492 0
2493 1
2494 2
2495 0
2496 1
2497 0
2498 2
2499 1
2500 2
2501 1
2502 0
2503 2
2504 0
2505 1
2506 0
2507 1
2508 2
2509 0
2510 1
2511 0
2512 1
2513 0
2514 1
2515 2
2516 0
2517 1
2518 2
2519 0
2520 1
2521 0
2522 2
2523 1
2524 0
2525 1
2526 2
2527 1
2528 0
2529 2
2530 0
2531 1
2532 0
2533 1
2534 0
2535 2
2536 0
2537 1
2538 0
2539 1
2540 2
2541 0
2542 1
2543 0
2544 2
2545 1
2546 0
2547 1
2548 0
2549 1
2550 0
2551 1
2552 0
2553 2
2554 1
2555 0
2556 1
2557 0
2558 1
2559 0
2560 1
2561 0
2562 1
2563 0
2564 1
2565 0
2566 1
2567 0
2568 1
2569 0
2570 2
2571 0
2572 1
2573 2
2574 0
2575 1
2576 0
2577 1
2578 0
2579 1
2580 0
2581 2
2582 0
2583 1
2584 2
2585 1
2586 0
2587 2
2588 1
2589 0
2590 1
2591 0
2592 1
2593 0
2594 1
2595 2
2596 1
2597 0
2598 1
2599 0
2600 1
2601 2
2602 0
2603 1
2604 0
2605 1
2606 2
2607 0
2608 1
2609 0
2610 2
2611 1
2612 2
2613 1
2614 2
2615 0
2616 1
2617 2
2618 0
2619 1
2620 0
2621 2
2622 1
2623 2
2624 0
2625 1
2626 2
2627 0
2628 1
2629 0
2630 1
2631 0
2632 1
2633 2
2634 0
2635 2
2636 1
2637 2
2638 0
2639 2
2640 1
2641 2
2642 0
2643 1
2644 2
2645 0
2646 1
2647 0
2648 1
2649 0
2650 2
2651 0
2652 1
2653 0
2654 2
2655 1
2656 0
2657 1
2658 2
2659 0
2660 2
2661 1
2662 0
2663 1
2664 0
2665 2
2666 1
2667 2
2668 0
2669 1
2670 0
2671 1
2672 0
2673 1
2674 2
2675 0
2676 1
2677 2
2678 0
2679 1
2680 0
2681 2
2682 1
2683 0
2684 2
2685 1
2686 2
2687 0
2688 1
2689 0
2690 2
2691 1
2692 0
2693 1
2694 0
2695 2
2696 1
2697 2
2698 0
2699 2
2700 1
2701 2
2702 0
2703 1
2704 2
2705 0
2706 1
2707 2
2708 0
2709 1
2710 0
2711 1
2712 0
2713 2
2714 1
2715 0
2716 1
2717 0
2718 2
2719 1
2720 0
2721 1
2722 2
2723 1
2724 2
2725 0
2726 1
2727 2
2728 0
2729 1
2730 0
2731 1
2732 0
2733 1
2734 2
2735 0
2736 2
2737 1
2738 2
2739 0
2740 1
2741 2
2742 0
2743 1
2744 0
2745 2
2746 0
2747 1
2748 2
2749 1
2750 0
2751 1
2752 0
2753 2
2754 1
2755 0
2756 1
2757 0
2758 1
2759 0
2760 2
2761 1
2762 0
2763 1
2764 0
2765 1
2766 0
2767 2
2768 1
2769 0
2770 2
2771 0
2772 1
2773 0
2774 2
2775 1
2776 0
2777 2
2778 1
2779 2
2780 0
2781 1
2782 0
2783 1
2784 2
2785 0
2786 1
2787 0
2788 2
2789 1
2790 0
2791 2
2792 0
2793 1
2794 2
2795 1
2796 0
2797 1
2798 0
2799 1
2800 2
2801 0
2802 1
2803 0
2804 1
2805 0
2806 1
2807 2
2808 0
2809 1
2810 2
2811 0
2812 1
2813 0
2814 1
2815 0
2816 2
2817 1
2818 0
2819 1
2820 0
2821 1
2822 2
2823 0
2824 2
2825 0
2826 1
2827 2
2828 0
2829 1
2830 0
2831 1
2832 0
2833 1
2834 0
2835 1
2836 0
2837 1
2838 0
2839 1
2840 2
2841 1
2842 2
2843 0
2844 1
2845 0
2846 1
2847 0
2848 2
2849 1
2850 2
2851 0
2852 1
2853 0
2854 1
2855 0
2856 2
2857 0
2858 1
2859 2
2860 0
2861 1
2862 0
2863 1
2864 0
2865 1
2866 0
2867 1
2868 0
2869 1
2870 0
2871 1
2872 2
2873 0
2874 2
2875 1
2876 0
2877 1
2878 0
2879 1
2880 0
2881 1
2882 0
2883 1
2884 0
2885 1
2886 0
2887 1
2888 0
2889 1
2890 2
2891 0
2892 1
2893 2
2894 0
2895 1
2896 0
2897 1
2898 0
2899 1
2900 0
2901 2
2902 1
2903 0
2904 1
2905 2
2906 0
2907 2
2908 0
2909 1
2910 0
2911 1
2912 2
2913 0
2914 2
2915 1
2916 0
2917 1
2918 0
2919 1
2920 0
2921 2
2922 1
2923 0
2924 1
2925 2
2926 0
2927 1
2928 0
2929 1
2930 0
2931 1
2932 0
2933 1
2934 0
2935 1
2936 0
2937 1
2938 0
2939 1
2940 0
2941 2
2942 0
2943 1
2944 2
2945 1
2946 2
2947 0
2948 2
2949 0
2950 1
2951 0
2952 1
2953 2
2954 0
2955 1
2956 2
2957 0
2958 2
2959 0
2960 1
2961 0
2962 1
2963 2
2964 0
2965 1
2966 0
2967 1
2968 2
2969 0
2970 1
2971 0
2972 1
2973 0
2974 2
2975 1
2976 0
2977 1
2978 0
2979 1
2980 0
2981 1
2982 2
2983 0
2984 2
2985 1
2986 2
2987 0
2988 2
2989 1
2990 0
2991 1
2992 2
2993 0
2994 1
2995 0
2996 2
2997 1
2998 0
2999 1
3000 2
3001 0
3002 2
3003 1
3004 2
3005 1
3006 2
3007 0
3008 2
3009 1
3010 0
3011 1
3012 0
3013 1
3014 0
3015 1
3016 0
3017 2
3018 1
3019 0
3020 1
3021 2
3022 0
3023 1
3024 0
3025 1
3026 0
3027 1
3028 0
3029 1
3030 0
3031 1
3032 0
3033 1
3034 2
3035 0
3036 1
3037 2
3038 0
3039 2
3040 3
3041 1
3042 0
3043 1
3044 0
3045 1
3046 2
3047 0
3048 1
3049 0
3050 1
3051 0
3052 1
3053 2
3054 0
3055 2
3056 0
3057 2
3058 1
3059 0
3060 1
3061 2
3062 0
3063 2
3064 1
3065 0
3066 1
3067 2
3068 0
3069 1
3070 0
3071 2
3072 0
3073 2
3074 0
3075 1
3076 2
3077 1
3078 2
3079 0
3080 1
3081 0
3082 1
3083 0
3084 2
3085 1
3086 0
3087 2
3088 1
3089 0
3090 1
3091 0
3092 2
3093 1
3094 2
3095 0
3096 1
3097 0
3098 1
3099 0
3100 2
3101 1
3102 0
3103 2
3104 0
3105 2
3106 1
3107 2
3108 0
3109 1
3110 0
3111 1
3112 0
3113 1
3114 0
3115 1
3116 0
3117 1
3118 0
3119 1
3120 2
3121 0
3122 2
3123 1
3124 2
3125 0
3126 1
3127 0
3128 2
3129 1
3130 0
3131 2
3132 0
3133 1
3134 2
3135 0
3136 1
3137 0
3138 2
3139 1
3140 2
3141 1
3142 0
3143 1
3144 0
3145 1
3146 0
3147 1
3148 3
3149 2
3150 1
3151 2
3152 0
3153 1
3154 0
3155 1
3156 0
3157 2
3158 1
3159 2
3160 0
3161 1
3162 2
3163 0
3164 1
3165 0
3166 1
3167 0
3168 1
3169 0
3170 1
3171 0
3172 2
3173 1
3174 0
3175 1
3176 0
3177 1
3178 0
3179 2
3180 0
3181 2
3182 1
3183 0
3184 1
3185 0
3186 1
3187 0
3188 1
3189 2
3190 0
3191 2
3192 0
3193 1
3194 0
3195 1
3196 2
3197 0
3198 1
3199 0
3200 1
3201 2
3202 0
3203 1
3204 0
3205 1
3206 0
3207 1
3208 0
3209 1
3210 2
3211 0
3212 1
3213 0
3214 1
3215 0
3216 1
3217 0
3218 1
3219 0
3220 2
3221 0
3222 1
3223 0
3224 1
3225 0
3226 2
3227 1
3228 0
3229 1
3230 3
3231 0
3232 1
3233 0
3234 1
3235 0
3236 1
3237 0
3238 2
3239 1
3240 0
3241 1
3242 0
3243 2
3244 0
3245 1
3246 2
3247 0
3248 2
3249 1
3250 0
3251 1
3252 0
3253 1
3254 0
3255 2
3256 0
3257 1
3258 2
3259 0
3260 1
3261 2
3262 0
3263 1
3264 2
3265 0
3266 1
3267 2
3268 0
3269 1
3270 0
3271 2
3272 1
3273 0
3274 2
3275 1
3276 0
3277 2
3278 1
3279 0
3280 1
3281 0
3282 1
3283 2
3284 0
3285 1
3286 0
3287 2
3288 0
3289 1
3290 0
3291 1
3292 2
3293 0
3294 2
3295 1
3296 0
3297 1
3298 2
3299 0
3300 1
3301 0
3302 2
3303 1
3304 2
3305 0
3306 2
3307 1
3308 2
3309 0
3310 1
3311 2
3312 1
3313 2
3314 0
3315 1
3316 0
3317 1
3318 0
3319 2
3320 1
3321 0
3322 1
3323 0
3324 1
3325 2
3326 0
3327 1
3328 0
3329 1
3330 0
3331 2
3332 1
3333 0
3334 1
3335 2
3336 0
3337 1
3338 2
3339 0
3340 1
3341 0
3342 1
3343 0
3344 1
3345 0
3346 1
3347 2
3348 0
3349 1
3350 2
3351 1
3352 0
3353 1
3354 0
3355 2
3356 1
3357 0
3358 1
3359 0
3360 2
3361 1
3362 2
3363 0
3364 1
3365 0
3366 2
3367 1
3368 0
3369 1
3370 0
3371 1
3372 0
3373 1
3374 2
3375 1
3376 0
3377 2
3378 1
3379 0
3380 1
3381 0
3382 1
3383 2
3384 1
3385 0
3386 1
3387 0
3388 1
3389 2
3390 0
3391 1
3392 0
3393 2
3394 1
3395 0
3396 1
3397 2
3398 1
3399 0
3400 1
3401 0
3402 1
3403 0
3404 1
3405 0
3406 1
3407 2
3408 0
3409 1
3410 2
3411 0
3412 1
3413 0
3414 1
3415 0
3416 1
3417 0
3418 1
3419 2
3420 0
3421 2
3422 1
3423 2
3424 0
3425 1
3426 0
3427 1
3428 3
3429 0
3430 1
3431 0
3432 2
3433 1
3434 0
3435 1
3436 0
3437 1
3438 0
3439 1
3440 0
3441 1
3442 0
3443 1
3444 0
3445 1
3446 0
3447 2
3448 1
3449 2
3450 0
3451 1
3452 2
3453 0
3454 1
3455 0
3456 1
3457 2
3458 0
3459 1
3460 0
3461 1
3462 0
3463 1
3464 0
3465 1
3466 2
3467 0
3468 1
3469 0
3470 1
3471 0
3472 2
3473 1
3474 0
3475 2
3476 0
3477 1
3478 0
3479 1
3480 0
3481 1
3482 0
3483 1
3484 0
3485 2
3486 1
3487 2
3488 0
3489 1
3490 2
3491 0
3492 1
3493 0
3494 1
3495 0
3496 1
3497 0
3498 1
3499 0
3500 1
3501 2
3502 0
3503 1
3504 0
3505 2
3506 1
3507 2
3508 1
3509 0
3510 1
3511 0
3512 2
3513 0
3514 2
3515 1
3516 2
3517 0
3518 2
3519 0
3520 1
3521 2
3522 0
3523 1
3524 2
3525 0
3526 1
3527 2
3528 0
3529 1
3530 0
3531 1
3532 2
3533 0
3534 1
3535 0
3536 1
3537 0
3538 2
3539 0
3540 1
3541 0
3542 1
3543 2
3544 0
3545 1
3546 0
3547 1
3548 0
3549 2
3550 1
3551 2
3552 0
3553 1
3554 0
3555 1
3556 0
3557 1
3558 0
3559 1
3560 2
3561 0
3562 1
3563 0
3564 2
3565 0
3566 2
3567 0
3568 1
3569 0
3570 2
3571 1
3572 0
3573 1
3574 0
3575 1
3576 2
3577 0
3578 1
3579 0
3580 2
3581 1
3582 0
3583 1
3584 0
3585 1
3586 2
3587 0
3588 1
3589 0
3590 1
3591 0
3592 1
3593 0
3594 1
3595 0
3596 1
3597 0
3598 1
3599 0
3600 1
3601 2
3602 0
3603 1
3604 0
3605 1
3606 0
3607 1
3608 0
3609 1
3610 0
3611 1
3612 0
3613 2
3614 3
3615 1
3616 0
3617 1
3618 0
3619 2
3620 1
3621 0
3622 1
3623 0
3624 1
3625 2
3626 0
3627 1
3628 0
3629 1
3630 0
3631 2
3632 1
3633 0
3634 1
3635 0
3636 1
3637 0
3638 1
3639 0
3640 2
3641 0
3642 2
3643 1
3644 0
3645 1
3646 0
3647 1
3648 0
3649 2
3650 0
3651 1
3652 0
3653 1
3654 0
3655 1
3656 2
3657 0
3658 1
3659 0
3660 2
3661 0
3662 1
3663 0
3664 1
3665 0
3666 1
3667 0
3668 1
3669 0
3670 1
3671 0
3672 2
3673 1
3674 2
3675 1
3676 2
3677 0
3678 1
3679 2
3680 0
3681 1
3682 0
3683 1
3684 2
3685 0
3686 1
3687 2
3688 0
3689 1
3690 0
3691 1
3692 0
3693 2
3694 1
3695 2
3696 0
3697 1
3698 0
3699 1
3700 2
3701 0
3702 1
3703 0
3704 1
3705 0
3706 2
3707 1
3708 0
3709 1
3710 0
3711 1
3712 0
3713 2
3714 1
3715 0
3716 1
3717 0
3718 1
3719 0
3720 1
3721 2
3722 1
3723 0
3724 1
3725 0
3726 1
3727 0
3728 1
3729 2
3730 0
3731 1
3732 0
3733 2
3734 1
3735 2
3736 0
3737 2
3738 0
3739 1
3740 0
3741 1
3742 0
3743 1
3744 2
3745 1
3746 0
3747 1
3748 2
3749 0
3750 1
3751 2
3752 0
3753 1
3754 0
3755 1
3756 0
3757 1
3758 2
3759 0
3760 1
3761 0
3762 1
3763 0
3764 1
3765 0
3766 2
3767 1
3768 2
3769 1
3770 0
3771 1
3772 2
3773 0
3774 2
3775 1
3776 0
3777 2
3778 1
3779 0
3780 1
3781 0
3782 1
3783 0
3784 1
3785 0
3786 1
3787 0
3788 1
3789 0
3790 1
3791 0
3792 1
3793 0
3794 1
3795 0
3796 2
3797 1
3798 0
3799 1
3800 0
3801 1
3802 2
3803 0
3804 1
3805 0
3806 1
3807 0
3808 1
3809 0
3810 1
3811 0
3812 1
3813 0
3814 2
3815 0
3816 1
3817 0
3818 2
3819 1
3820 0
3821 1
3822 0
3823 1
3824 0
3825 1
3826 0
3827 2
3828 1
3829 0
3830 1
3831 0
3832 1
3833 0
3834 1
3835 0
3836 1
3837 0
3838 1
3839 0
3840 1
3841 0
3842 2
3843 1
3844 2
3845 1
3846 0
3847 1
3848 0
3849 2
3850 1
3851 2
3852 0
3853 2
3854 0
3855 2
3856 1
3857 0
3858 1
3859 0
3860 1
3861 0
3862 2
3863 0
3864 1
3865 0
3866 1
3867 0
3868 1
3869 0
3870 1
3871 2
3872 1
3873 0
3874 1
3875 2
3876 0
3877 2
3878 1
3879 0
3880 2
3881 0
3882 1
3883 2
3884 0
3885 1
3886 2
3887 0
3888 1
3889 0
3890 2
3891 1
3892 0
3893 1
3894 2
3895 0
3896 1
3897 0
3898 1
3899 0
3900 2
3901 0
3902 1
3903 0
3904 1
3905 0
3906 1
3907 0
3908 2
3909 1
3910 0
3911 1
3912 2
3913 0
3914 1
3915 2
3916 0
3917 2
3918 0
3919 1
3920 2
3921 0
3922 1
3923 2
3924 1
3925 0
3926 1
3927 0
3928 1
3929 0
3930 1
3931 0
3932 1
3933 0
3934 2
3935 0
3936 1
3937 0
3938 1
3939 2
3940 0
3941 1
3942 0
3943 2
3944 1
3945 0
3946 1
3947 0
3948 2
3949 1
3950 0
3951 2
3952 1
3953 0
3954 1
3955 0
3956 1
3957 2
3958 0
3959 1
3960 2
3961 1
3962 0
3963 1
3964 2
3965 1
3966 0
3967 1
3968 0
3969 2
3970 1
3971 2
3972 0
3973 1
3974 0
3975 1
3976 0
3977 1
3978 0
3979 1
3980 0
3981 1
3982 0
3983 1
3984 0
3985 2
3986 1
3987 2
3988 0
3989 1
3990 0
3991 1
3992 0
3993 1
3994 0
3995 1
3996 2
3997 0
3998 1
3999 2
4000 1
4001 0
4002 2
4003 1
4004 0
4005 1
4006 2
4007 0
4008 1
4009 2
4010 1
4011 0
4012 1
4013 0
4014 2
4015 0
4016 1
4017 2
4018 1
4019 0
4020 1
4021 2
4022 0
4023 2
4024 1
4025 2
4026 0
4027 2
4028 0
4029 1
4030 0
4031 2
4032 1
4033 0
4034 1
4035 0
4036 2
4037 1
4038 0
4039 1
4040 2
4041 0
4042 2
4043 1
4044 0
4045 1
4046 2
4047 0
4048 2
4049 1
4050 0
4051 1
4052 0
4053 1
4054 2
4055 0
4056 1
4057 0
4058 1
4059 2
4060 1
4061 0
4062 2
4063 1
4064 2
4065 0
4066 2
4067 1
4068 2
4069 1
4070 2
4071 1
4072 2
4073 1
4074 0
4075 1
4076 0
4077 1
4078 0
4079 2
4080 1
4081 0
4082 2
4083 0
4084 1
4085 0
4086 1
4087 0
4088 1
4089 0
4090 1
4091 2
4092 0
4093 1
4094 0
4095 1
4096 2
4097 0
4098 1
4099 0
4100 1
4101 0
4102 1
4103 2
4104 0
4105 1
4106 0
4107 1
4108 0
4109 1
4110 2
4111 0
4112 2
4113 0
4114 1
4115 0
4116 1
4117 2
4118 0
4119 1
4120 2
4121 0
4122 1
4123 2
4124 0
4125 1
4126 0
4127 1
4128 2
4129 0
4130 1
4131 2
4132 0
4133 1
4134 0
4135 1
4136 0
4137 1
4138 0
4139 2
4140 1
4141 2
4142 0
4143 1
4144 2
4145 0
4146 1
4147 0
4148 1
4149 0
4150 1
4151 0
4152 2
4153 1
4154 0
4155 1
4156 0
4157 1
4158 2
4159 0
4160 1
4161 2
4162 0
4163 1
4164 0
4165 2
4166 0
4167 1
4168 0
4169 2
4170 1
4171 2
4172 0
4173 1
4174 0
4175 2
4176 1
4177 0
4178 2
4179 1
4180 0
4181 1
4182 0
4183 1
4184 0
4185 1
4186 0
4187 1
4188 0
4189 1
4190 0
4191 1
4192 0
4193 1
4194 0
4195 1
4196 2
4197 0
4198 1
4199 0
4200 2
4201 0
4202 1
4203 0
4204 1
4205 0
4206 1
4207 0
4208 1
4209 0
4210 2
4211 1
4212 2
4213 0
4214 2
4215 1
4216 0
4217 1
4218 0
4219 1
4220 0
4221 1
4222 0
4223 1
4224 2
4225 0
4226 1
4227 2
4228 1
4229 0
4230 1
4231 0
4232 1
4233 0
4234 1
4235 0
4236 2
4237 1
4238 0
4239 2
4240 0
4241 2
4242 1
4243 0
4244 2
4245 1
4246 0
4247 1
4248 2
4249 1
4250 0
4251 1
4252 0
4253 1
4254 2
4255 1
4256 0
4257 2
4258 0
4259 1
4260 0
4261 1
4262 0
4263 1
4264 0
4265 1
4266 0
4267 1
4268 2
4269 1
4270 0
4271 2
4272 0
4273 1
4274 0
4275 2
4276 1
4277 0
4278 2
4279 1
4280 2
4281 0
4282 1
4283 0
4284 1
4285 2
4286 0
4287 1
4288 0
4289 2
4290 1
4291 2
4292 0
4293 1
4294 0
4295 1
4296 0
4297 1
4298 0
4299 2
4300 0
4301 1
4302 0
4303 2
4304 0
4305 1
4306 0
4307 1
4308 2
4309 0
4310 1
4311 0
4312 1
4313 0
4314 1
4315 2
4316 1
4317 0
4318 2
4319 1
4320 0
4321 1
4322 0
4323 1
4324 0
4325 1
4326 0
4327 1
4328 2
4329 0
4330 1
4331 0
4332 1
4333 2
4334 0
4335 1
4336 0
4337 1
4338 2
4339 0
4340 1
4341 0
4342 1
4343 2
4344 0
4345 2
4346 1
4347 0
4348 1
4349 0
4350 2
4351 1
4352 0
4353 2
4354 0
4355 1
4356 2
4357 0
4358 1
4359 0
4360 1
4361 0
4362 1
4363 0
4364 1
4365 0
4366 1
4367 0
4368 1
4369 0
4370 1
4371 0
4372 1
4373 0
4374 1
4375 0
4376 1
4377 2
4378 1
4379 0
4380 1
4381 0
4382 2
4383 1
4384 0
4385 1
4386 0
4387 2
4388 1
4389 0
4390 1
4391 0
4392 1
4393 2
4394 0
4395 1
4396 3
4397 0
4398 2
4399 0
4400 1
4401 0
4402 1
4403 0
4404 2
4405 1
4406 0
4407 1
4408 0
4409 2
4410 3
4411 1
4412 2
4413 0
4414 1
4415 0
4416 2
4417 0
4418 1
4419 0
4420 1
4421 0
4422 1
4423 0
4424 2
4425 1
4426 0
4427 1
4428 2
4429 0
4430 1
4431 0
4432 1
4433 0
4434 2
4435 1
4436 0
4437 1
4438 0
4439 2
4440 1
4441 0
4442 1
4443 0
4444 1
4445 0
4446 1
4447 0
4448 1
4449 0
4450 1
4451 0
4452 2
4453 0
4454 1
4455 2
4456 1
4457 0
4458 1
4459 0
4460 1
4461 0
4462 1
4463 0
4464 1
4465 0
4466 1
4467 2
4468 0
4469 2
4470 1
4471 2
4472 0
4473 2
4474 1
4475 0
4476 1
4477 2
4478 1
4479 0
4480 2
4481 1
4482 0
4483 1
4484 0
4485 1
4486 0
4487 2
4488 1
4489 2
4490 0
4491 1
4492 0
4493 1
4494 2
4495 0
4496 1
4497 2
4498 0
4499 2
4500 1
4501 0
4502 2
4503 1
4504 0
4505 1
4506 2
4507 0
4508 2
4509 1
4510 0
4511 1
4512 0
4513 2
4514 1
4515 0
4516 1
4517 0
4518 1
4519 2
4520 0
4521 1
4522 0
4523 1
4524 0
4525 1
4526 0
4527 1
4528 0
4529 1
4530 0
4531 2
4532 1
4533 0
4534 1
4535 0
4536 1
4537 0
4538 1
4539 0
4540 1
4541 0
4542 1
4543 0
4544 1
4545 0
4546 2
4547 1
4548 0
4549 2
4550 1
4551 0
4552 1
4553 0
4554 1
4555 0
4556 1
4557 0
4558 1
4559 0
4560 1
4561 0
4562 1
4563 0
4564 1
4565 2
4566 0
4567 2
4568 1
4569 0
4570 2
4571 0
4572 1
4573 0
4574 2
4575 1
4576 2
4577 0
4578 2
4579 1
4580 2
4581 0
4582 1
4583 0
4584 1
4585 0
4586 1
4587 0
4588 2
4589 1
4590 2
4591 0
4592 1
4593 0
4594 1
4595 0
4596 1
4597 0
4598 1
4599 0
4600 1
4601 0
4602 2
4603 1
4604 2
4605 0
4606 1
4607 0
4608 2
4609 1
4610 0
4611 1
4612 0
4613 1
4614 0
4615 1
4616 0
4617 1
4618 0
4619 1
4620 0
4621 1
4622 0
4623 2
4624 0
4625 2
4626 1
4627 0
4628 1
4629 0
4630 2
4631 0
4632 2
4633 1
4634 0
4635 1
4636 2
4637 0
4638 1
4639 0
4640 1
4641 2
4642 0
4643 2
4644 1
4645 0
4646 1
4647 0
4648 1
4649 0
4650 2
4651 1
4652 2
4653 0
4654 2
4655 1
4656 2
4657 0
4658 1
4659 0
4660 1
4661 0
4662 1
4663 0
4664 1
4665 0
4666 1
4667 2
4668 0
4669 1
4670 0
4671 1
4672 0
4673 1
4674 2
4675 0
4676 1
4677 0
4678 2
4679 0
4680 2
4681 1
4682 0
4683 1
4684 2
4685 0
4686 1
4687 0
4688 1
4689 0
4690 1
4691 0
4692 1
4693 0
4694 1
4695 0
4696 1
4697 0
4698 1
4699 0
4700 1
4701 2
4702 0
4703 1
4704 0
4705 1
4706 0
4707 1
4708 2
4709 0
4710 1
4711 0
4712 1
4713 2
4714 0
4715 2
4716 1
4717 2
4718 1
4719 0
4720 1
4721 0
4722 1
4723 0
4724 1
4725 0
4726 1
4727 0
4728 1
4729 0
4730 1
4731 0
4732 1
4733 0
4734 1
4735 0
4736 1
4737 2
4738 0
4739 1
4740 0
4741 1
4742 0
4743 2
4744 1
4745 0
4746 2
4747 1
4748 0
4749 2
4750 0
4751 1
4752 0
4753 1
4754 0
4755 1
4756 2
4757 0
4758 1
4759 2
4760 0
4761 1
4762 2
4763 0
4764 1
4765 0
4766 1
4767 0
4768 1
4769 0
4770 2
4771 0
4772 2
4773 1
4774 0
4775 2
4776 1
4777 2
4778 0
4779 1
4780 2
4781 0
4782 1
4783 0
4784 1
4785 2
4786 0
4787 1
4788 0
4789 1
4790 0
4791 1
4792 0
4793 2
4794 1
4795 2
4796 0
4797 1
4798 0
4799 1
4800 2
4801 1
4802 0
4803 1
4804 0
4805 2
4806 0
4807 1
4808 0
4809 1
4810 2
4811 0
4812 1
4813 0
4814 1
4815 2
4816 0
4817 1
4818 0
4819 1
4820 2
4821 0
4822 2
4823 1
4824 0
4825 3
4826 0
4827 2
4828 1
4829 2
4830 0
4831 1
4832 0
4833 1
4834 2
4835 0
4836 1
4837 0
4838 1
4839 0
4840 1
4841 0
4842 2
4843 1
4844 0
4845 1
4846 2
4847 0
4848 1
4849 0
4850 1
4851 0
4852 1
4853 2
4854 0
4855 1
4856 0
4857 1
4858 0
4859 2
4860 1
4861 0
4862 1
4863 2
4864 0
4865 2
4866 3
4867 1
4868 0
4869 1
4870 0
4871 1
4872 0
4873 1
4874 2
4875 1
4876 0
4877 1
4878 3
4879 2
4880 1
4881 0
4882 1
4883 0
4884 2
4885 1
4886 0
4887 2
4888 1
4889 2
4890 0
4891 1
4892 2
4893 0
4894 1
4895 0
4896 1
4897 2
4898 0
4899 2
4900 1
4901 0
4902 1
4903 0
4904 2
4905 1
4906 0
4907 1
4908 0
4909 1
4910 0
4911 1
4912 0
4913 1
4914 0
4915 1
4916 2
4917 1
4918 0
4919 2
4920 1
4921 2
4922 0
4923 1
4924 0
4925 1
4926 2
4927 0
4928 1
4929 0
4930 1
4931 0
4932 1
4933 2
4934 1
4935 0
4936 1
4937 0
4938 1
4939 0
4940 1
4941 2
4942 0
4943 2
4944 0
4945 1
4946 0
4947 1
4948 2
4949 0
4950 1
4951 0
4952 2
4953 0
4954 1
4955 0
4956 2
4957 1
4958 0
4959 2
4960 1
4961 0
4962 1
4963 0
4964 1
4965 2
4966 0
4967 1
4968 0
4969 2
4970 1
4971 0
4972 1
4973 0
4974 2
4975 1
4976 0
4977 2
4978 1
4979 0
4980 2
4981 1
4982 2
4983 1
4984 0
4985 1
4986 2
4987 1
4988 2
4989 0
4990 2
4991 0
4992 1
4993 0
4994 1
4995 0
4996 2
4997 1
4998 0
4999 1
5000 2
5001 1
5002 0
5003 1
5004 0
5005 1
5006 2
5007 0
5008 2
5009 1
5010 2
5011 0
5012 1
5013 0
5014 1
5015 0
5016 2
5017 1
5018 0
5019 2
5020 1
5021 0
5022 1
5023 0
5024 1
5025 2
5026 0
5027 2
5028 1
5029 0
5030 1
5031 0
5032 2
5033 0
5034 1
5035 0
5036 2
5037 1
5038 0
5039 1
5040 0
5041 1
5042 0
5043 2
5044 1
5045 0
5046 1
5047 2
5048 0
5049 1
5050 2
5051 0
5052 1
5053 0
5054 1
5055 0
5056 1
5057 0
5058 1
5059 0
5060 1
5061 0
5062 2
5063 1
5064 0
5065 1
5066 0
5067 2
5068 1
5069 2
5070 1
5071 0
5072 2
5073 0
5074 1
5075 0
5076 1
5077 0
5078 1
5079 2
5080 0
5081 1
5082 2
5083 0
5084 1
5085 0
5086 1
5087 0
5088 1
5089 2
5090 0
5091 1
5092 0
5093 2
5094 1
5095 0
5096 2
5097 3
5098 0
5099 1
5100 2
5101 0
5102 1
5103 0
5104 1
5105 0
5106 1
5107 0
5108 2
5109 1
5110 2
5111 0
5112 1
5113 2
5114 0
5115 1
5116 0
5117 1
5118 2
5119 0
5120 1
5121 0
5122 2
5123 1
5124 0
5125 1
5126 0
5127 1
5128 2
5129 0
5130 1
5131 2
5132 0
5133 1
5134 2
5135 0
5136 2
5137 1
5138 2
5139 1
5140 0
5141 1
5142 0
5143 1
5144 0
5145 1
5146 0
5147 1
5148 2
5149 0
5150 1
5151 0
5152 1
5153 2
5154 0
5155 1
5156 0
5157 2
5158 0
5159 2
5160 1
5161 0
5162 1
5163 0
5164 2
5165 1
5166 0
5167 1
5168 0
5169 1
5170 0
5171 2
5172 1
5173 0
5174 1
5175 2
5176 0
5177 1
5178 0
5179 1
5180 3
5181 0
5182 1
5183 0
5184 2
5185 1
5186 2
5187 0
5188 1
5189 0
5190 2
5191 0
5192 1
5193 2
5194 0
5195 1
5196 0
5197 1
5198 2
5199 1
5200 0
5201 1
5202 0
5203 1
5204 0
5205 3
5206 2
5207 0
5208 1
5209 0
5210 1
5211 0
5212 2
5213 1
5214 0
5215 1
5216 2
5217 0
5218 2
5219 1
5220 2
5221 1
5222 0
5223 1
5224 2
5225 0
5226 1
5227 0
5228 2
5229 1
5230 2
5231 1
5232 0
5233 1
5234 0
5235 1
5236 0
5237 1
5238 2
5239 0
5240 1
5241 0
5242 1
5243 0
5244 1
5245 2
5246 0
5247 1
5248 0
5249 1
5250 0
5251 1
5252 0
5253 2
5254 1
5255 2
5256 0
5257 2
5258 1
5259 0
5260 1
5261 2
5262 0
5263 2
5264 1
5265 2
5266 0
5267 1
5268 2
5269 0
5270 1
5271 0
5272 1
5273 0
5274 1
5275 2
5276 1
5277 0
5278 2
5279 1
5280 0
5281 1
5282 0
5283 1
5284 2
5285 0
5286 1
5287 0
5288 2
5289 0
5290 1
5291 0
5292 2
5293 1
5294 0
5295 1
5296 0
5297 1
5298 0
5299 1
5300 0
5301 1
5302 2
5303 0
5304 1
5305 0
5306 1
5307 0
5308 1
5309 0
5310 2
5311 1
5312 0
5313 1
5314 0
5315 2
5316 1
5317 2
5318 0
5319 1
5320 0
5321 2
5322 1
5323 2
5324 0
5325 2
5326 1
5327 0
5328 1
5329 0
5330 1
5331 0
5332 2
5333 1
5334 0
5335 1
5336 0
5337 2
5338 0
5339 1
5340 0
5341 1
5342 0
5343 1
5344 0
5345 2
5346 0
5347 1
5348 2
5349 1
5350 0
5351 2
5352 1
5353 0
5354 1
5355 0
5356 2
5357 1
5358 0
5359 1
5360 0
5361 2
5362 1
5363 0
5364 2
5365 1
5366 2
5367 0
5368 2
5369 1
5370 0
5371 1
5372 2
5373 0
5374 1
5375 0
5376 1
5377 2
5378 0
5379 1
5380 0
5381 1
5382 2
5383 0
5384 1
5385 0
5386 1
5387 0
5388 1
5389 0
5390 2
5391 1
5392 0
5393 1
5394 2
5395 3
5396 1
5397 2
5398 1
5399 0
5400 1
5401 0
5402 1
5403 0
5404 2
5405 1
5406 2
5407 0
5408 1
5409 2
5410 0
5411 1
5412 2
5413 0
5414 1
5415 0
5416 1
5417 2
5418 0
5419 1
5420 0
5421 1
5422 0
5423 1
5424 0
5425 1
5426 0
5427 1
5428 0
5429 1
5430 2
5431 0
5432 2
5433 1
5434 2
5435 0
5436 1
5437 0
5438 2
5439 1
5440 2
5441 0
5442 1
5443 0
5444 1
5445 2
5446 0
5447 1
5448 0
5449 1
5450 0
5451 1
5452 0
5453 1
5454 0
5455 1
5456 2
5457 1
5458 0
5459 1
5460 2
5461 1
5462 0
5463 1
5464 0
5465 2
5466 0
5467 1
5468 2
5469 1
5470 2
5471 0
5472 2
5473 0
5474 1
5475 2
5476 0
5477 1
5478 0
5479 1
5480 2
5481 0
5482 1
5483 0
5484 1
5485 2
5486 1
5487 0
5488 1
5489 0
5490 1
5491 0
5492 1
5493 0
5494 1
5495 0
5496 1
5497 2
5498 0
5499 1
5500 0
5501 2
5502 1
5503 2
5504 0
5505 1
5506 2
5507 0
5508 1
5509 0
5510 1
5511 0
5512 1
5513 0
5514 1
5515 0
5516 1
5517 2
5518 0
5519 1
5520 0
5521 1
5522 2
5523 0
5524 2
5525 1
5526 0
5527 1
5528 0
5529 1
5530 2
5531 0
5532 1
5533 0
5534 1
5535 0
5536 1
5537 0
5538 2
5539 1
5540 2
5541 1
5542 2
5543 0
5544 1
5545 2
5546 0
5547 1
5548 2
5549 0
5550 1
5551 0
5552 1
5553 0
5554 1
5555 2
5556 0
5557 1
5558 0
5559 1
5560 2
5561 0
5562 2
5563 1
5564 0
5565 1
5566 2
5567 0
5568 1
5569 0
5570 1
5571 2
5572 1
5573 0
5574 2
5575 0
5576 1
5577 2
5578 0
5579 1
5580 0
5581 1
5582 2
5583 0
5584 2
5585 1
5586 0
5587 2
5588 0
5589 1
5590 2
5591 0
5592 1
5593 0
5594 2
5595 1
5596 2
5597 0
5598 1
5599 2
5600 0
5601 1
5602 0
5603 1
5604 2
5605 0
5606 1
5607 0
5608 1
5609 0
5610 2
5611 1
5612 0
5613 1
5614 0
5615 1
5616 2
5617 0
5618 1
5619 0
5620 1
5621 2
5622 0
5623 1
5624 0
5625 1
5626 0
5627 1
5628 2
5629 0
5630 1
5631 0
5632 1
5633 2
5634 0
5635 2
5636 1
5637 0
5638 2
5639 0
5640 1
5641 2
5642 0
5643 1
5644 0
5645 1
5646 0
5647 1
5648 2
5649 0
5650 1
5651 0
5652 1
5653 0
5654 1
5655 2
5656 0
5657 1
5658 0
5659 1
5660 2
5661 0
5662 1
5663 0
5664 1
5665 0
5666 2
5667 1
5668 2
5669 0
5670 1
5671 0
5672 1
5673 2
5674 0
5675 1
5676 0
5677 1
5678 2
5679 0
5680 1
5681 0
5682 1
5683 0
5684 1
5685 0
5686 2
5687 0
5688 1
5689 2
5690 0
5691 1
5692 2
5693 0
5694 1
5695 0
5696 1
5697 0
5698 2
5699 1
5700 0
5701 2
5702 1
5703 0
5704 1
5705 2
5706 0
5707 2
5708 0
5709 1
5710 0
5711 3
5712 1
5713 2
5714 0
5715 1
5716 2
5717 1
5718 0
5719 1
5720 0
5721 1
5722 0
5723 1
5724 2
5725 0
5726 1
5727 0
5728 1
5729 0
5730 1
5731 0
5732 1
5733 0
5734 1
5735 2
5736 0
5737 1
5738 0
5739 2
5740 1
5741 2
5742 0
5743 1
5744 0
5745 1
5746 0
5747 2
5748 1
5749 0
5750 1
5751 2
5752 0
5753 2
5754 1
5755 0
5756 1
5757 0
5758 2
5759 1
5760 0
5761 2
5762 1
5763 2
5764 0
5765 2
5766 1
5767 2
5768 0
5769 1
5770 0
5771 1
5772 2
5773 0
5774 1
5775 2
5776 0
5777 1
5778 0
5779 1
5780 2
5781 1
5782 0
5783 2
5784 1
5785 0
5786 1
5787 0
5788 2
5789 1
5790 0
5791 2
5792 0
5793 2
5794 1
5795 0
5796 1
5797 2
5798 0
5799 1
5800 2
5801 0
5802 1
5803 0
5804 1
5805 2
5806 0
5807 2
5808 0
5809 1
5810 2
5811 0
5812 2
5813 0
5814 1
5815 0
5816 1
5817 0
5818 1
5819 0
5820 2
5821 1
5822 0
5823 1
5824 0
5825 1
5826 0
5827 1
5828 0
5829 1
5830 0
5831 1
5832 0
5833 1
5834 0
5835 1
5836 0
5837 1
5838 2
5839 0
5840 1
5841 2
5842 0
5843 1
5844 0
5845 1
5846 0
5847 1
5848 2
5849 0
5850 2
5851 1
5852 0
5853 2
5854 1
5855 0
5856 1
5857 0
5858 2
5859 1
5860 0
5861 1
5862 2
5863 0
5864 1
5865 0
5866 1
5867 2
5868 0
5869 2
5870 0
5871 1
5872 0
5873 2
5874 1
5875 0
5876 1
5877 2
5878 0
5879 2
5880 1
5881 2
5882 0
5883 1
5884 0
5885 1
5886 2
5887 0
5888 1
5889 2
5890 0
5891 1
5892 0
5893 2
5894 1
5895 0
5896 2
5897 0
5898 1
5899 0
5900 2
5901 1
5902 2
5903 1
5904 0
5905 1
5906 0
5907 1
5908 2
5909 0
5910 1
5911 0
5912 1
5913 2
5914 0
5915 1
5916 2
5917 0
5918 2
5919 0
5920 1
5921 2
5922 0
5923 1
5924 0
5925 1
5926 0
5927 1
5928 2
5929 0
5930 1
5931 0
5932 1
5933 0
5934 2
5935 1
5936 0
5937 2
5938 1
5939 2
5940 0
5941 1
5942 0
5943 1
5944 2
5945 0
5946 1
5947 2
5948 0
5949 2
5950 1
5951 0
5952 1
5953 2
5954 0
5955 1
5956 0
5957 2
5958 1
5959 2
5960 1
5961 0
5962 1
5963 0
5964 1
5965 0
5966 1
5967 2
5968 0
5969 2
5970 1
5971 0
5972 1
5973 0
5974 1
5975 0
5976 1
5977 0
5978 1
5979 0
5980 1
5981 2
5982 0
5983 1
5984 2
5985 1
5986 2
5987 0
5988 1
5989 2
5990 0
5991 1
5992 0
5993 1
5994 0
5995 2
5996 1
5997 0
5998 1
5999 2
6000 0
6001 2
6002 1
6003 2
6004 0
6005 2
6006 1
6007 2
6008 1
6009 0
6010 1
6011 0
6012 2
6013 1
6014 0
6015 1
6016 2
6017 0
6018 2
6019 1
6020 0
6021 2
6022 0
6023 2
6024 1
6025 0
6026 1
6027 0
6028 1
6029 2
6030 0
6031 1
6032 2
6033 1
6034 2
6035 0
6036 1
6037 0
6038 1
6039 0
6040 1
6041 0
6042 1
6043 0
6044 1
6045 2
6046 0
6047 1
6048 2
6049 3
6050 0
6051 1
6052 2
6053 0
6054 1
6055 0
6056 1
6057 0
6058 1
6059 0
6060 1
6061 0
6062 2
6063 1
6064 0
6065 1
6066 0
6067 1
6068 2
6069 1
6070 2
6071 0
6072 1
6073 0
6074 1
6075 0
6076 2
6077 1
6078 0
6079 2
6080 1
6081 0
6082 2
6083 1
6084 0
6085 1
6086 2
6087 1
6088 0
6089 1
6090 0
6091 1
6092 2
6093 1
6094 0
6095 2
6096 1
6097 2
6098 0
6099 1
6100 0
6101 2
6102 1
6103 2
6104 0
6105 1
6106 0
6107 2
6108 0
6109 1
6110 0
6111 2
6112 1
6113 0
6114 1
6115 0
6116 1
6117 0
6118 1
6119 0
6120 2
6121 1
6122 0
6123 1
6124 0
6125 1
6126 0
6127 1
6128 0
6129 1
6130 0
6131 2
6132 1
6133 0
6134 2
6135 0
6136 1
6137 0
6138 1
6139 2
6140 0
6141 1
6142 0
6143 1
6144 2
6145 0
6146 1
6147 0
6148 1
6149 2
6150 0
6151 1
6152 0
6153 1
6154 2
6155 0
6156 1
6157 0
6158 1
6159 0
6160 1
6161 2
6162 0
6163 1
6164 2
6165 0
6166 1
6167 2
6168 1
6169 0
6170 1
6171 0
6172 2
6173 0
6174 1
6175 2
6176 0
6177 1
6178 0
6179 1
6180 2
6181 0
6182 1
6183 2
6184 0
6185 2
6186 1
6187 2
6188 0
6189 1
6190 0
6191 1
6192 0
6193 1
6194 0
6195 1
6196 2
6197 1
6198 0
6199 1
6200 0
6201 1
6202 2
6203 0
6204 1
6205 0
6206 1
6207 0
6208 1
6209 0
6210 1
6211 0
6212 1
6213 2
6214 0
6215 1
6216 2
6217 0
6218 1
6219 0
6220 1
6221 2
6222 0
6223 1
6224 0
6225 1
6226 0
6227 1
6228 0
6229 1
6230 0
6231 1
6232 0
6233 1
6234 0
6235 2
6236 1
6237 0
6238 1
6239 0
6240 1
6241 0
6242 2
6243 1
6244 0
6245 1
6246 0
6247 1
6248 0
6249 1
6250 0
6251 1
6252 0
6253 1
6254 2
6255 1
6256 2
6257 1
6258 2
6259 0
6260 1
6261 2
6262 1
6263 2
6264 1
6265 0
6266 1
6267 0
6268 1
6269 2
6270 0
6271 2
6272 1
6273 2
6274 0
6275 1
6276 0
6277 1
6278 0
6279 1
6280 0
6281 1
6282 0
6283 2
6284 0
6285 2
6286 1
6287 0
6288 2
6289 1
6290 0
6291 1
6292 2
6293 1
6294 0
6295 1
6296 2
6297 0
6298 1
6299 0
6300 1
6301 0
6302 1
6303 0
6304 1
6305 0
6306 1
6307 2
6308 1
6309 0
6310 1
6311 0
6312 1
6313 0
6314 2
6315 1
6316 2
6317 1
6318 2
6319 0
6320 1
6321 0
6322 1
6323 2
6324 0
6325 1
6326 0
6327 2
6328 1
6329 2
6330 0
6331 2
6332 1
6333 0
6334 1
6335 0
6336 1
6337 0
6338 1
6339 0
6340 2
6341 1
6342 0
6343 1
6344 0
6345 1
6346 0
6347 2
6348 1
6349 2
6350 0
6351 2
6352 1
6353 0
6354 1
6355 0
6356 1
6357 2
6358 0
6359 1
6360 0
6361 1
6362 2
6363 0
6364 2
6365 1
6366 2
6367 0
6368 1
6369 0
6370 1
6371 2
6372 0
6373 1
6374 0
6375 1
6376 0
6377 1
6378 0
6379 1
6380 2
6381 0
6382 2
6383 1
6384 2
6385 0
6386 1
6387 0
6388 1
6389 0
6390 1
6391 2
6392 0
6393 1
6394 2
6395 0
6396 1
6397 0
6398 1
6399 0
6400 1
6401 0
6402 2
6403 0
6404 2
6405 0
6406 1
6407 2
6408 0
6409 2
6410 1
6411 0
6412 2
6413 1
6414 0
6415 1
6416 2
6417 0
6418 1
6419 0
6420 1
6421 0
6422 1
6423 0
6424 1
6425 0
6426 1
6427 0
6428 2
6429 0
6430 1
6431 0
6432 1
6433 0
6434 1
6435 0
6436 1
6437 0
6438 2
6439 1
6440 0
6441 1
6442 2
6443 0
6444 1
6445 0
6446 1
6447 2
6448 0
6449 2
6450 1
6451 2
6452 0
6453 1
6454 2
6455 0
6456 1
6457 0
6458 1
6459 2
6460 0
6461 1
6462 2
6463 1
6464 0
6465 1
6466 2
6467 0
6468 2
6469 1
6470 0
6471 1
6472 0
6473 1
6474 0
6475 1
6476 0
6477 1
6478 0
6479 1
6480 0
6481 1
6482 0
6483 1
6484 2
6485 0
6486 1
6487 0
6488 1
6489 0
6490 1
6491 0
6492 2
6493 0
6494 2
6495 1
6496 2
6497 0
6498 1
6499 0
6500 1
6501 2
6502 1
6503 0
6504 1
6505 0
6506 1
6507 0
6508 1
6509 2
6510 0
6511 1
6512 0
6513 1
6514 0
6515 1
6516 0
6517 1
6518 0
6519 2
6520 1
6521 0
6522 2
6523 1
6524 0
6525 1
6526 0
6527 1
6528 2
6529 0
6530 1
6531 2
6532 0
6533 3
6534 2
6535 0
6536 2
6537 1
6538 0
6539 1
6540 0
6541 1
6542 0
6543 2
6544 1
6545 0
6546 2
6547 1
6548 0
6549 1
6550 0
6551 1
6552 2
6553 0
6554 1
6555 0
6556 2
6557 1
6558 2
6559 0
6560 2
6561 1
6562 2
6563 1
6564 0
6565 1
6566 0
6567 1
6568 2
6569 1
6570 0
6571 1
6572 2
6573 0
6574 1
6575 0
6576 1
6577 0
6578 2
6579 0
6580 1
6581 0
6582 2
6583 1
6584 0
6585 1
6586 0
6587 1
6588 2
6589 0
6590 1
6591 0
6592 1
6593 0
6594 2
6595 1
6596 2
6597 1
6598 0
6599 1
6600 0
6601 2
6602 1
6603 0
6604 1
6605 0
6606 1
6607 2
6608 0
6609 2
6610 1
6611 0
6612 1
6613 0
6614 1
6615 0
6616 1
6617 0
6618 1
6619 0
6620 1
6621 0
6622 1
6623 0
6624 1
6625 2
6626 1
6627 0
6628 1
6629 0
6630 1
6631 0
6632 1
6633 2
6634 0
6635 1
6636 0
6637 1
6638 0
6639 2
6640 0
6641 1
6642 0
6643 1
6644 2
6645 0
6646 1
6647 2
6648 0
6649 1
6650 0
6651 1
6652 0
6653 1
6654 2
6655 0
6656 1
6657 0
6658 1
6659 2
6660 0
6661 1
6662 0
6663 1
6664 2
6665 0
6666 1
6667 2
6668 1
6669 2
6670 0
6671 1
6672 3
6673 0
6674 1
6675 0
6676 1
6677 0
6678 1
6679 0
6680 1
6681 2
6682 0
6683 1
6684 0
6685 1
6686 2
6687 1
6688 0
6689 1
6690 0
6691 2
6692 1
6693 0
6694 1
6695 2
6696 0
6697 2
6698 1
6699 2
6700 0
6701 1
6702 0
6703 1
6704 0
6705 2
6706 1
6707 2
6708 0
6709 1
6710 0
6711 2
6712 0
6713 1
6714 0
6715 1
6716 0
6717 1
6718 0
6719 1
6720 2
6721 1
6722 0
6723 2
6724 0
6725 1
6726 2
6727 0
6728 1
6729 0
6730 1
6731 0
6732 2
6733 1
6734 2
6735 0
6736 1
6737 2
6738 0
6739 1
6740 0
6741 2
6742 1
6743 2
6744 0
6745 1
6746 2
6747 0
6748 1
6749 0
6750 2
6751 1
6752 2
6753 0
6754 1
6755 0
6756 2
6757 1
6758 2
6759 0
6760 1
6761 2
6762 0
6763 1
6764 0
6765 1
6766 2
6767 0
6768 1
6769 2
6770 1
6771 2
6772 0
6773 1
6774 0
6775 2
6776 1
6777 2
6778 0
6779 1
6780 2
6781 0
6782 1
6783 2
6784 0
6785 1
6786 2
6787 0
6788 1
6789 2
6790 3
6791 0
6792 1
6793 2
6794 0
6795 1
6796 0
6797 2
6798 1
6799 0
6800 1
6801 0
6802 1
6803 2
6804 1
6805 0
6806 1
6807 0
6808 1
6809 2
6810 0
6811 1
6812 0
6813 1
6814 0
6815 1
6816 0
6817 2
6818 1
6819 2
6820 0
6821 1
6822 0
6823 1
6824 0
6825 1
6826 2
6827 0
6828 1
6829 2
6830 0
6831 1
6832 0
6833 2
6834 0
6835 1
6836 0
6837 1
6838 0
6839 1
6840 0
6841 1
6842 0
6843 1
6844 0
6845 1
6846 2
6847 0
6848 2
6849 1
6850 0
6851 1
6852 0
6853 1
6854 0
6855 1
6856 2
6857 0
6858 1
6859 0
6860 1
6861 0
6862 1
6863 0
6864 1
6865 0
6866 1
6867 0
6868 1
6869 2
6870 0
6871 1
6872 0
6873 1
6874 2
6875 1
6876 0
6877 1
6878 0
6879 1
6880 2
6881 0
6882 1
6883 0
6884 1
6885 0
6886 1
6887 0
6888 1
6889 2
6890 1
6891 2
6892 1
6893 0
6894 1
6895 2
6896 0
6897 2
6898 1
6899 0
6900 1
6901 2
6902 0
6903 1
6904 0
6905 1
6906 2
6907 0
6908 2
6909 1
6910 0
6911 1
6912 0
6913 1
6914 2
6915 0
6916 1
6917 0
6918 1
6919 0
6920 1
6921 0
6922 1
6923 0
6924 2
6925 0
6926 1
6927 0
6928 1
6929 2
6930 0
6931 1
6932 2
6933 0
6934 1
6935 0
6936 1
6937 2
6938 1
6939 0
6940 1
6941 0
6942 1
6943 0
6944 1
6945 2
6946 0
6947 1
6948 2
6949 0
6950 2
6951 1
6952 0
6953 1
6954 0
6955 2
6956 0
6957 1
6958 0
6959 2
6960 1
6961 0
6962 1
6963 0
6964 1
6965 2
6966 0
6967 1
6968 0
6969 1
6970 0
6971 1
6972 0
6973 1
6974 0
6975 1
6976 2
6977 0
6978 1
6979 0
6980 1
6981 2
6982 0
6983 1
6984 0
6985 1
6986 2
6987 0
6988 1
6989 0
6990 1
6991 2
6992 0
6993 1
6994 2
6995 0
6996 1
6997 2
6998 0
6999 1
7000 0
7001 1
7002 0
7003 1
7004 2
7005 0
7006 1
7007 2
7008 0
7009 1
7010 0
7011 1
7012 0
7013 2
7014 1
7015 0
7016 2
7017 1
7018 0
7019 1
7020 0
7021 1
7022 2
7023 0
7024 1
7025 2
7026 0
7027 1
7028 2
7029 0
7030 1
7031 2
7032 0
7033 1
7034 2
7035 0
7036 1
7037 0
7038 1
7039 2
7040 0
7041 1
7042 2
7043 0
7044 2
7045 1
7046 0
7047 1
7048 0
7049 1
7050 0
7051 1
7052 0
7053 1
7054 2
7055 0
7056 1
7057 2
7058 0
7059 1
7060 0
7061 1
7062 0
7063 1
7064 0
7065 1
7066 0
7067 2
7068 1
7069 0
7070 2
7071 1
7072 0
7073 1
7074 2
7075 0
7076 2
7077 1
7078 0
7079 1
7080 0
7081 1
7082 0
7083 2
7084 1
7085 0
7086 1
7087 0
7088 2
7089 1
7090 0
7091 1
7092 0
7093 1
7094 2
7095 0
7096 1
7097 0
7098 1
7099 2
7100 0
7101 1
7102 0
7103 1
7104 0
7105 2
7106 1
7107 2
7108 0
7109 2
7110 1
7111 2
7112 0
7113 1
7114 0
7115 2
7116 1
7117 0
7118 1
7119 2
7120 0
7121 1
7122 2
7123 0
7124 1
7125 0
7126 2
7127 1
7128 0
7129 1
7130 0
7131 2
7132 1
7133 0
7134 2
7135 1
7136 0
7137 1
7138 0
7139 1
7140 0
7141 1
7142 2
7143 0
7144 1
7145 0
7146 1
7147 0
7148 1
7149 0
7150 2
7151 1
7152 0
7153 1
7154 2
7155 0
7156 2
7157 1
7158 0
7159 1
7160 2
7161 0
7162 2
7163 1
7164 2
7165 0
7166 1
7167 0
7168 1
7169 0
7170 1
7171 0
7172 1
7173 0
7174 2
7175 0
7176 2
7177 0
7178 2
7179 0
7180 1
7181 0
7182 1
7183 0
7184 1
7185 0
7186 1
7187 0
7188 1
7189 0
7190 1
7191 0
7192 1
7193 0
7194 1
7195 0
7196 1
7197 2
7198 0
7199 1
7200 0
7201 1
7202 2
7203 0
7204 1
7205 2
7206 0
7207 1
7208 0
7209 1
7210 0
7211 1
7212 2
7213 0
7214 1
7215 0
7216 1
7217 0
7218 1
7219 0
7220 1
7221 2
7222 0
7223 2
7224 1
7225 0
7226 1
7227 0
7228 2
7229 1
7230 0
7231 1
7232 2
7233 0
7234 1
7235 2
7236 0
7237 2
7238 1
7239 0
7240 2
7241 1
7242 2
7243 0
7244 2
7245 1
7246 0
7247 1
7248 0
7249 1
7250 0
7251 1
7252 0
7253 1
7254 0
7255 1
7256 2
7257 0
7258 1
7259 0
7260 2
7261 1
7262 0
7263 1
7264 0
7265 2
7266 0
7267 2
7268 0
7269 1
7270 0
7271 1
7272 0
7273 1
7274 2
7275 1
7276 0
7277 1
7278 0
7279 1
7280 0
7281 1
7282 0
7283 1
7284 0
7285 2
7286 1
7287 0
7288 1
7289 0
7290 1
7291 2
7292 0
7293 1
7294 0
7295 2
7296 0
7297 1
7298 0
7299 1
7300 2
7301 3
7302 1
7303 0
7304 1
7305 0
7306 1
7307 0
7308 1
7309 2
7310 0
7311 1
7312 2
7313 0
7314 1
7315 2
7316 0
7317 1
7318 0
7319 1
7320 0
7321 1
7322 0
7323 1
7324 2
7325 0
7326 1
7327 0
7328 1
7329 2
7330 0
7331 2
7332 0
7333 1
7334 0
7335 1
7336 0
7337 1
7338 0
7339 1
7340 0
7341 2
7342 1
7343 0
7344 1
7345 2
7346 0
7347 1
7348 0
7349 2
7350 1
7351 0
7352 1
7353 2
7354 0
7355 1
7356 0
7357 1
7358 0
7359 1
7360 2
7361 1
7362 0
7363 2
7364 1
7365 2
7366 0
7367 2
7368 1
7369 2
7370 0
7371 3
7372 2
7373 0
7374 1
7375 2
7376 1
7377 0
7378 1
7379 2
7380 0
7381 2
7382 1
7383 0
7384 1
7385 0
7386 1
7387 0
7388 1
7389 0
7390 1
7391 0
7392 1
7393 0
7394 2
7395 1
7396 0
7397 1
7398 0
7399 1
7400 0
7401 1
7402 0
7403 1
7404 0
7405 1
7406 0
7407 1
7408 0
7409 1
7410 0
7411 2
7412 1
7413 2
7414 0
7415 1
7416 0
7417 2
7418 1
7419 2
7420 0
7421 1
7422 0
7423 1
7424 0
7425 2
7426 1
7427 0
7428 1
7429 0
7430 1
7431 2
7432 0
7433 1
7434 0
7435 1
7436 0
7437 1
7438 2
7439 0
7440 1
7441 0
7442 1
7443 0
7444 1
7445 0
7446 1
7447 2
7448 0
7449 1
7450 0
7451 1
7452 2
7453 0
7454 1
7455 2
7456 0
7457 1
7458 0
7459 1
7460 0
7461 1
7462 2
7463 0
7464 1
7465 0
7466 1
7467 0
7468 1
7469 0
7470 1
7471 2
7472 0
7473 1
7474 0
7475 1
7476 0
7477 1
7478 0
7479 1
7480 0
7481 1
7482 0
7483 1
7484 0
7485 1
7486 0
7487 1
7488 0
7489 1
7490 0
7491 1
7492 0
7493 1
7494 0
7495 2
7496 1
7497 2
7498 0
7499 1
7500 0
7501 1
7502 2
7503 1
7504 0
7505 2
7506 1
7507 0
7508 1
7509 0
7510 2
7511 1
7512 0
7513 1
7514 0
7515 1
7516 0
7517 1
7518 2
7519 0
7520 1
7521 0
7522 1
7523 0
7524 2
7525 1
7526 2
7527 0
7528 2
7529 1
7530 0
7531 1
7532 0
7533 1
7534 2
7535 0
7536 1
7537 0
7538 1
7539 0
7540 1
7541 0
7542 1
7543 0
7544 2
7545 1
7546 0
7547 2
7548 0
7549 2
7550 1
7551 0
7552 1
7553 2
7554 0
7555 1
7556 0
7557 1
7558 2
7559 0
7560 1
7561 0
7562 1
7563 0
7564 2
7565 1
7566 0
7567 1
7568 0
7569 1
7570 0
7571 2
7572 1
7573 0
7574 2
7575 0
7576 1
7577 0
7578 1
7579 0
7580 2
7581 1
7582 0
7583 2
7584 1
7585 0
7586 1
7587 0
7588 2
7589 1
7590 0
7591 2
7592 0
7593 1
7594 0
7595 1
7596 2
7597 0
7598 2
7599 1
7600 0
7601 2
7602 1
7603 0
7604 1
7605 2
7606 0
7607 1
7608 0
7609 2
7610 1
7611 0
7612 2
7613 1
7614 0
7615 1
7616 0
7617 1
7618 2
7619 0
7620 1
7621 0
7622 1
7623 0
7624 1
7625 0
7626 2
7627 1
7628 0
7629 2
7630 1
7631 0
7632 1
7633 2
7634 1
7635 2
7636 0
7637 1
7638 0
7639 1
7640 0
7641 1
7642 0
7643 2
7644 1
7645 0
7646 2
7647 1
7648 0
7649 2
7650 1
7651 2
7652 1
7653 0
7654 1
7655 2
7656 0
7657 1
7658 0
7659 1
7660 2
7661 0
7662 1
7663 0
7664 1
7665 0
7666 1
7667 0
7668 1
7669 0
7670 1
7671 2
7672 0
7673 1
7674 0
7675 1
7676 0
7677 1
7678 0
7679 2
7680 1
7681 0
7682 1
7683 2
7684 1
7685 0
7686 1
7687 2
7688 1
7689 2
7690 0
7691 1
7692 0
7693 1
7694 0
7695 1
7696 0
7697 1
7698 0
7699 1
7700 0
7701 1
7702 2
7703 1
7704 0
7705 1
7706 0
7707 1
7708 0
7709 1
7710 2
7711 0
7712 1
7713 2
7714 0
7715 1
7716 2
7717 0
7718 1
7719 0
7720 1
7721 0
7722 1
7723 0
7724 1
7725 0
7726 2
7727 0
7728 2
7729 0
7730 1
7731 2
7732 0
7733 1
7734 0
7735 1
7736 0
7737 2
7738 1
7739 0
7740 1
7741 0
7742 1
7743 0
7744 2
7745 0
7746 1
7747 2
7748 0
7749 1
7750 0
7751 1
7752 2
7753 0
7754 1
7755 0
7756 1
7757 0
7758 2
7759 1
7760 0
7761 1
7762 0
7763 2
7764 0
7765 2
7766 1
7767 0
7768 1
7769 0
7770 2
7771 1
7772 0
7773 1
7774 0
7775 2
7776 0
7777 1
7778 0
7779 1
7780 0
7781 1
7782 0
7783 1
7784 0
7785 1
7786 0
7787 1
7788 2
7789 0
7790 1
7791 2
7792 0
7793 2
7794 1
7795 0
7796 1
7797 2
7798 0
7799 1
7800 0
7801 1
7802 2
7803 0
7804 1
7805 0
7806 1
7807 2
7808 0
7809 2
7810 0
7811 1
7812 2
7813 0
7814 1
7815 0
7816 1
7817 2
7818 0
7819 1
7820 0
7821 1
7822 2
7823 0
7824 1
7825 0
7826 1
7827 0
7828 1
7829 0
7830 2
7831 1
7832 0
7833 2
7834 0
7835 1
7836 0
7837 1
7838 0
7839 1
7840 0
7841 1
7842 0
7843 1
7844 0
7845 1
7846 0
7847 1
7848 2
7849 0
7850 1
7851 0
7852 1
7853 0
7854 1
7855 0
7856 2
7857 1
7858 0
7859 1
7860 0
7861 1
7862 0
7863 1
7864 2
7865 1
7866 0
7867 1
7868 2
7869 0
7870 1
7871 2
7872 0
7873 2
7874 0
7875 1
7876 0
7877 2
7878 0
7879 1
7880 0
7881 1
7882 0
7883 2
7884 1
7885 0
7886 2
7887 1
7888 0
7889 1
7890 0
7891 1
7892 0
7893 1
7894 0
7895 1
7896 2
7897 0
7898 1
7899 2
7900 0
7901 1
7902 2
7903 0
7904 1
7905 0
7906 1
7907 0
7908 1
7909 0
7910 1
7911 0
7912 1
7913 0
7914 2
7915 1
7916 0
7917 1
7918 0
7919 1
7920 2
7921 0
7922 1
7923 0
7924 2
7925 0
7926 1
7927 0
7928 1
7929 0
7930 1
7931 2
7932 0
7933 1
7934 0
7935 1
7936 0
7937 1
7938 2
7939 0
7940 1
7941 0
7942 2
7943 1
7944 0
7945 1
7946 2
7947 0
7948 1
7949 2
7950 0
7951 1
7952 0
7953 1
7954 0
7955 1
7956 0
7957 1
7958 0
7959 1
7960 0
7961 1
7962 0
7963 1
7964 2
7965 1
7966 0
7967 2
7968 1
7969 0
7970 1
7971 0
7972 1
7973 0
7974 2
7975 1
7976 0
7977 1
7978 2
7979 1
7980 2
7981 0
7982 1
7983 0
7984 1
7985 0
7986 1
7987 0
7988 1
7989 0
7990 1
7991 0
7992 1
7993 2
7994 1
7995 2
7996 0
7997 1
7998 2
7999 0
8000 2
8001 1
8002 0
8003 1
8004 0
8005 1
8006 0
8007 1
8008 0
8009 1
8010 0
8011 1
8012 0
8013 1
8014 0
8015 1
8016 0
8017 2
8018 1
8019 0
8020 2
8021 0
8022 1
8023 2
8024 0
8025 2
8026 1
8027 2
8028 0
8029 1
8030 2
8031 0
8032 1
8033 0
8034 2
8035 1
8036 0
8037 1
8038 2
8039 0
8040 1
8041 0
8042 1
8043 0
8044 2
8045 1
8046 0
8047 1
8048 0
8049 1
8050 2
8051 0
8052 1
8053 2
8054 1
8055 0
8056 1
8057 0
8058 2
8059 0
8060 1
8061 2
8062 0
8063 1
8064 2
8065 1
8066 0
8067 1
8068 0
8069 1
8070 0
8071 2
8072 1
8073 0
8074 1
8075 2
8076 0
8077 1
8078 0
8079 1
8080 0
8081 1
8082 0
8083 1
8084 0
8085 2
8086 1
8087 0
8088 1
8089 0
8090 2
8091 1
8092 2
8093 0
8094 1
8095 0
8096 1
8097 0
8098 1
8099 0
8100 2
8101 1
8102 2
8103 0
8104 1
8105 2
8106 0
8107 1
8108 0
8109 1
8110 0
8111 1
8112 0
8113 1
8114 0
8115 2
8116 1
8117 2
8118 0
8119 1
8120 2
8121 1
8122 0
8123 2
8124 1
8125 0
8126 1
8127 0
8128 1
8129 0
8130 1
8131 0
8132 1
8133 0
8134 2
8135 0
8136 1
8137 0
8138 2
8139 1
8140 0
8141 2
8142 1
8143 0
8144 2
8145 1
8146 2
8147 0
8148 1
8149 2
8150 0
8151 1
8152 0
8153 2
8154 1
8155 0
8156 1
8157 2
8158 0
8159 2
8160 1
8161 0
8162 1
8163 0
8164 1
8165 0
8166 1
8167 0
8168 1
8169 0
8170 1
8171 0
8172 1
8173 0
8174 2
8175 1
8176 0
8177 1
8178 0
8179 1
8180 0
8181 2
8182 1
8183 0
8184 1
8185 0
8186 1
8187 2
8188 0
8189 1
8190 0
8191 1
8192 0
8193 1
8194 0
8195 2
8196 1
8197 2
8198 0
8199 2
8200 1
8201 0
8202 1
8203 2
8204 0
8205 1
8206 2
8207 0
8208 1
8209 2
8210 0
8211 1
8212 0
8213 1
8214 0
8215 1
8216 0
8217 1
8218 0
8219 2
8220 1
8221 0
8222 1
8223 0
8224 1
8225 0
8226 2
8227 1
8228 0
8229 1
8230 0
8231 1
8232 0
8233 1
8234 0
8235 2
8236 1
8237 2
8238 0
8239 1
8240 0
8241 1
8242 0
8243 1
8244 2
8245 0
8246 1
8247 2
8248 0
8249 1
8250 0
8251 1
8252 2
8253 1
8254 0
8255 1
8256 0
8257 1
8258 0
8259 2
8260 1
8261 0
8262 2
8263 1
8264 0
8265 2
8266 1
8267 0
8268 2
8269 1
8270 2
8271 1
8272 2
8273 0
8274 1
8275 2
8276 0
8277 2
8278 1
8279 0
8280 2
8281 1
8282 2
8283 3
8284 0
8285 2
8286 0
8287 1
8288 2
8289 1
8290 0
8291 1
8292 0
8293 1
8294 0
8295 1
8296 0
8297 1
8298 0
8299 2
8300 0
8301 1
8302 2
8303 0
8304 2
8305 0
8306 1
8307 2
8308 0
8309 1
8310 0
8311 2
8312 1
8313 2
8314 0
8315 1
8316 0
8317 1
8318 0
8319 1
8320 0
8321 1
8322 0
8323 1
8324 0
8325 1
8326 0
8327 2
8328 1
8329 0
8330 2
8331 0
8332 1
8333 0
8334 1
8335 0
8336 2
8337 1
8338 2
8339 0
8340 2
8341 1
8342 2
8343 1
8344 0
8345 1
8346 2
8347 0
8348 2
8349 0
8350 2
8351 1
8352 0
8353 2
8354 1
8355 3
8356 0
8357 1
8358 0
8359 2
8360 0
8361 1
8362 0
8363 1
8364 0
8365 2
8366 1
8367 0
8368 1
8369 2
8370 0
8371 1
8372 2
8373 0
8374 1
8375 0
8376 1
8377 0
8378 3
8379 1
8380 0
8381 1
8382 0
8383 1
8384 2
8385 1
8386 0
8387 1
8388 0
8389 2
8390 1
8391 2
8392 1
8393 2
8394 0
8395 1
8396 2
8397 0
8398 1
8399 0
8400 2
8401 1
8402 0
8403 1
8404 0
8405 1
8406 0
8407 1
8408 0
8409 1
8410 0
8411 2
8412 1
8413 2
8414 1
8415 2
8416 0
8417 2
8418 1
8419 0
8420 1
8421 0
8422 1
8423 0
8424 1
8425 0
8426 2
8427 1
8428 0
8429 1
8430 0
8431 2
8432 0
8433 2
8434 0
8435 1
8436 0
8437 2
8438 0
8439 1
8440 0
8441 2
8442 1
8443 0
8444 1
8445 0
8446 1
8447 0
8448 2
8449 1
8450 2
8451 0
8452 2
8453 1
8454 0
8455 1
8456 2
8457 0
8458 1
8459 0
8460 1
8461 0
8462 2
8463 1
8464 0
8465 1
8466 2
8467 0
8468 2
8469 1
8470 0
8471 1
8472 2
8473 0
8474 1
8475 0
8476 1
8477 0
8478 2
8479 1
8480 2
8481 0
8482 1
8483 0
8484 1
8485 0
8486 2
8487 1
8488 0
8489 1
8490 0
8491 1
8492 2
8493 0
8494 1
8495 0
8496 1
8497 0
8498 1
8499 2
8500 0
8501 3
8502 2
8503 0
8504 1
8505 0
8506 1
8507 2
8508 0
8509 1
8510 0
8511 1
8512 0
8513 1
8514 0
8515 2
8516 1
8517 2
8518 0
8519 1
8520 0
8521 1
8522 2
8523 0
8524 2
8525 0
8526 2
8527 1
8528 2
8529 0
8530 1
8531 0
8532 1
8533 0
8534 1
8535 0
8536 2
8537 1
8538 0
8539 2
8540 0
8541 1
8542 0
8543 1
8544 0
8545 2
8546 1
8547 0
8548 2
8549 0
8550 2
8551 1
8552 2
8553 0
8554 1
8555 2
8556 0
8557 1
8558 0
8559 1
8560 0
8561 2
8562 1
8563 2
8564 0
8565 1
8566 0
8567 1
8568 0
8569 1
8570 0
8571 1
8572 0
8573 1
8574 0
8575 1
8576 0
8577 1
8578 0
8579 2
8580 1
8581 0
8582 1
8583 2
8584 0
8585 1
8586 0
8587 1
8588 0
8589 1
8590 2
8591 0
8592 1
8593 0
8594 1
8595 0
8596 2
8597 1
8598 0
8599 2
8600 1
8601 0
8602 1
8603 2
8604 0
8605 1
8606 0
8607 1
8608 2
8609 0
8610 2
8611 1
8612 2
8613 0
8614 2
8615 1
8616 2
8617 1
8618 0
8619 1
8620 0
8621 1
8622 0
8623 1
8624 0
8625 1
8626 0
8627 2
8628 1
8629 0
8630 1
8631 0
8632 1
8633 0
8634 1
8635 0
8636 1
8637 2
8638 0
8639 1
8640 0
8641 2
8642 0
8643 1
8644 2
8645 0
8646 2
8647 1
8648 0
8649 2
8650 1
8651 0
8652 2
8653 1
8654 2
8655 0
8656 1
8657 0
8658 2
8659 1
8660 0
8661 1
8662 0
8663 1
8664 2
8665 0
8666 1
8667 2
8668 0
8669 1
8670 2
8671 0
8672 2
8673 1
8674 2
8675 1
8676 2
8677 0
8678 2
8679 1
8680 0
8681 1
8682 0
8683 2
8684 1
8685 2
8686 1
8687 2
8688 0
8689 1
8690 0
8691 1
8692 2
8693 0
8694 1
8695 0
8696 1
8697 0
8698 1
8699 2
8700 0
8701 1
8702 0
8703 1
8704 0
8705 1
8706 0
8707 1
8708 2
8709 0
8710 2
8711 1
8712 2
8713 0
8714 1
8715 0
8716 1
8717 2
8718 0
8719 2
8720 0
8721 1
8722 0
8723 1
8724 0
8725 1
8726 0
8727 2
8728 1
8729 0
8730 1
8731 0
8732 1
8733 0
8734 1
8735 0
8736 2
8737 1
8738 0
8739 2
8740 0
8741 2
8742 0
8743 1
8744 0
8745 1
8746 2
8747 1
8748 0
8749 1
8750 0
8751 1
8752 2
8753 0
8754 1
8755 0
8756 1
8757 0
8758 2
8759 1
8760 2
8761 0
8762 1
8763 0
8764 1
8765 0
8766 1
8767 0
8768 2
8769 1
8770 2
8771 0
8772 1
8773 0
8774 2
8775 1
8776 2
8777 0
8778 1
8779 2
8780 0
8781 1
8782 0
8783 1
8784 0
8785 1
8786 2
8787 0
8788 1
8789 0
8790 1
8791 2
8792 1
8793 0
8794 1
8795 0
8796 1
8797 0
8798 1
8799 0
8800 1
8801 0
8802 1
8803 0
8804 1
8805 0
8806 1
8807 2
8808 0
8809 1
8810 2
8811 0
8812 1
8813 2
8814 0
8815 2
8816 0
8817 1
8818 0
8819 1
8820 0
8821 1
8822 2
8823 1
8824 2
8825 0
8826 2
8827 1
8828 0
8829 1
8830 0
8831 1
8832 0
8833 1
8834 0
8835 1
8836 0
8837 2
8838 1
8839 2
8840 0
8841 1
8842 0
8843 1
8844 0
8845 1
8846 0
8847 1
8848 0
8849 1
8850 0
8851 1
8852 0
8853 1
8854 0
8855 2
8856 1
8857 0
8858 1
8859 0
8860 2
8861 1
8862 0
8863 2
8864 1
8865 0
8866 1
8867 0
8868 1
8869 2
8870 1
8871 2
8872 0
8873 2
8874 1
8875 0
8876 2
8877 0
8878 1
8879 0
8880 1
8881 2
8882 0
8883 1
8884 0
8885 1
8886 2
8887 0
8888 2
8889 1
8890 0
8891 1
8892 0
8893 2
8894 0
8895 1
8896 0
8897 1
8898 0
8899 2
8900 1
8901 0
8902 2
8903 1
8904 2
8905 1
8906 0
8907 2
8908 1
8909 0
8910 1
8911 0
8912 2
8913 1
8914 0
8915 1
8916 0
8917 2
8918 1
8919 0
8920 2
8921 0
8922 2
8923 1
8924 0
8925 2
8926 1
8927 2
8928 0
8929 1
8930 2
8931 0
8932 2
8933 1
8934 0
8935 1
8936 0
8937 1
8938 0
8939 1
8940 0
8941 1
8942 0
8943 1
8944 2
8945 0
8946 1
8947 0
8948 2
8949 0
8950 1
8951 0
8952 1
8953 0
8954 2
8955 1
8956 0
8957 1
8958 2
8959 0
8960 1
8961 0
8962 1
8963 0
8964 1
8965 0
8966 1
8967 0
8968 1
8969 2
8970 3
8971 0
8972 1
8973 0
8974 2
8975 0
8976 1
8977 2
8978 0
8979 1
8980 0
8981 2
8982 1
8983 2
8984 0
8985 1
8986 2
8987 0
8988 1
8989 0
8990 1
8991 2
8992 0
8993 1
8994 2
8995 0
8996 2
8997 1
8998 0
8999 1
9000 0
9001 1
9002 0
9003 1
9004 0
9005 1
9006 0
9007 1
9008 0
9009 2
9010 0
9011 1
9012 0
9013 1
9014 2
9015 0
9016 1
9017 2
9018 0
9019 2
9020 1
9021 2
9022 0
9023 1
9024 0
9025 1
9026 0
9027 2
9028 1
9029 0
9030 2
9031 1
9032 0
9033 1
9034 2
9035 0
9036 1
9037 0
9038 1
9039 2
9040 0
9041 1
9042 0
9043 1
9044 0
9045 1
9046 2
9047 0
9048 1
9049 0
9050 1
9051 0
9052 1
9053 0
9054 1
9055 2
9056 0
9057 1
9058 0
9059 1
9060 2
9061 0
9062 1
9063 2
9064 0
9065 2
9066 1
9067 0
9068 1
9069 0
9070 1
9071 2
9072 0
9073 1
9074 2
9075 0
9076 1
9077 0
9078 1
9079 0
9080 1
9081 0
9082 1
9083 2
9084 1
9085 0
9086 1
9087 0
9088 2
9089 1
9090 2
9091 1
9092 0
9093 1
9094 0
9095 1
9096 0
9097 2
9098 1
9099 2
9100 1
9101 0
9102 1
9103 0
9104 1
9105 0
9106 1
9107 0
9108 2
9109 1
9110 2
9111 0
9112 1
9113 0
9114 1
9115 0
9116 1
9117 0
9118 2
9119 1
9120 0
9121 1
9122 0
9123 2
9124 1
9125 2
9126 1
9127 0
9128 1
9129 0
9130 1
9131 2
9132 0
9133 1
9134 0
9135 1
9136 2
9137 0
9138 2
9139 1
9140 0
9141 2
9142 0
9143 1
9144 2
9145 0
9146 1
9147 2
9148 0
9149 1
9150 2
9151 0
9152 2
9153 0
9154 1
9155 2
9156 0
9157 2
9158 0
9159 1
9160 0
9161 1
9162 0
9163 1
9164 0
9165 1
9166 0
9167 1
9168 0
9169 1
9170 0
9171 1
9172 0
9173 1
9174 2
9175 0
9176 1
9177 0
9178 1
9179 0
9180 1
9181 2
9182 0
9183 2
9184 1
9185 0
9186 1
9187 2
9188 0
9189 1
9190 0
9191 1
9192 0
9193 1
9194 0
9195 1
9196 0
9197 1
9198 0
9199 1
9200 0
9201 1
9202 2
9203 3
9204 0
9205 2
9206 1
9207 0
9208 1
9209 2
9210 0
9211 1
9212 2
9213 0
9214 1
9215 0
9216 1
9217 2
9218 0
9219 2
9220 1
9221 3
9222 0
9223 1
9224 0
9225 1
9226 0
9227 2
9228 1
9229 2
9230 1
9231 0
9232 1
9233 2
9234 1
9235 0
9236 2
9237 1
9238 0
9239 1
9240 0
9241 1
9242 0
9243 1
9244 0
9245 1
9246 2
9247 0
9248 1
9249 2
9250 0
9251 1
9252 0
9253 1
9254 0
9255 1
9256 2
9257 1
9258 3
9259 2
9260 1
9261 2
9262 0
9263 1
9264 0
9265 1
9266 2
9267 1
9268 0
9269 1
9270 2
9271 0
9272 2
9273 1
9274 2
9275 1
9276 0
9277 1
9278 0
9279 2
9280 1
9281 2
9282 0
9283 1
9284 0
9285 2
9286 0
9287 1
9288 2
9289 1
9290 0
9291 2
9292 0
9293 1
9294 2
9295 0
9296 1
9297 0
9298 1
9299 0
9300 1
9301 0
9302 2
9303 1
9304 2
9305 0
9306 1
9307 0
9308 2
9309 1
9310 0
9311 2
9312 1
9313 2
9314 0
9315 1
9316 0
9317 2
9318 1
9319 0
9320 1
9321 0
9322 1
9323 0
9324 1
9325 0
9326 1
9327 0
9328 1
9329 2
9330 0
9331 2
9332 1
9333 0
9334 2
9335 1
9336 0
9337 1
9338 0
9339 1
9340 0
9341 1
9342 0
9343 1
9344 2
9345 0
9346 2
9347 0
9348 1
9349 2
9350 0
9351 1
9352 0
9353 1
9354 0
9355 2
9356 0
9357 1
9358 0
9359 2
9360 1
9361 0
9362 2
9363 1
9364 0
9365 1
9366 0
9367 2
9368 1
9369 2
9370 0
9371 1
9372 2
9373 0
9374 1
9375 2
9376 0
9377 1
9378 0
9379 1
9380 0
9381 1
9382 0
9383 2
9384 0
9385 2
9386 0
9387 2
9388 0
9389 1
9390 0
9391 2
9392 1
9393 2
9394 1
9395 0
9396 1
9397 2
9398 0
9399 2
9400 1
9401 0
9402 1
9403 0
9404 1
9405 2
9406 0
9407 1
9408 2
9409 0
9410 3
9411 1
9412 2
9413 1
9414 0
9415 1
9416 0
9417 1
9418 0
9419 1
9420 0
9421 1
9422 0
9423 1
9424 2
9425 0
9426 1
9427 2
9428 0
9429 1
9430 0
9431 1
9432 2
9433 0
9434 1
9435 0
9436 1
9437 0
9438 1
9439 0
9440 1
9441 0
9442 1
9443 0
9444 1
9445 0
9446 2
9447 0
9448 1
9449 2
9450 1
9451 2
9452 0
9453 1
9454 0
9455 1
9456 0
9457 1
9458 0
9459 1
9460 0
9461 1
9462 0
9463 1
9464 0
9465 1
9466 0
9467 1
9468 2
9469 0
9470 1
9471 0
9472 1
9473 2
9474 0
9475 2
9476 0
9477 1
9478 2
9479 0
9480 2
9481 1
9482 0
9483 1
9484 0
9485 1
9486 0
9487 1
9488 0
9489 1
9490 0
9491 1
9492 0
9493 1
9494 0
9495 1
9496 2
9497 0
9498 1
9499 0
9500 1
9501 2
9502 0
9503 1
9504 2
9505 0
9506 1
9507 0
9508 1
9509 0
9510 1
9511 0
9512 1
9513 0
9514 1
9515 2
9516 1
9517 0
9518 1
9519 0
9520 2
9521 1
9522 0
9523 1
9524 0
9525 2
9526 1
9527 2
9528 0
9529 1
9530 0
9531 1
9532 0
9533 2
9534 0
9535 2
9536 1
9537 0
9538 1
9539 2
9540 0
9541 1
9542 0
9543 2
9544 0
9545 1
9546 0
9547 1
9548 0
9549 1
9550 0
9551 2
9552 1
9553 2
9554 0
9555 1
9556 0
9557 2
9558 1
9559 0
9560 2
9561 1
9562 0
9563 2
9564 1
9565 2
9566 0
9567 1
9568 2
9569 0
9570 1
9571 0
9572 1
9573 0
9574 2
9575 1
9576 0
9577 1
9578 0
9579 1
9580 2
9581 0
9582 1
9583 2
9584 0
9585 1
9586 2
9587 0
9588 1
9589 0
9590 1
9591 0
9592 1
9593 0
9594 1
9595 0
9596 1
9597 0
9598 1
9599 0
9600 1
9601 2
9602 1
9603 2
9604 0
9605 1
9606 0
9607 2
9608 0
9609 1
9610 0
9611 1
9612 2
9613 0
9614 2
9615 0
9616 1
9617 0
9618 1
9619 0
9620 1
9621 0
9622 1
9623 2
9624 0
9625 2
9626 0
9627 1
9628 2
9629 0
9630 1
9631 0
9632 1
9633 0
9634 1
9635 0
9636 2
9637 0
9638 1
9639 2
9640 0
9641 1
9642 0
9643 1
9644 0
9645 1
9646 2
9647 0
9648 1
9649 2
9650 0
9651 1
9652 2
9653 0
9654 1
9655 2
9656 0
9657 1
9658 2
9659 0
9660 1
9661 0
9662 1
9663 0
9664 1
9665 0
9666 1
9667 0
9668 2
9669 1
9670 0
9671 2
9672 1
9673 0
9674 1
9675 2
9676 0
9677 1
9678 0
9679 1
9680 0
9681 1
9682 0
9683 1
9684 0
9685 1
9686 0
9687 1
9688 0
9689 1
9690 2
9691 0
9692 1
9693 0
9694 2
9695 1
9696 0
9697 1
9698 0
9699 1
9700 0
9701 2
9702 0
9703 1
9704 0
9705 1
9706 2
9707 0
9708 1
9709 2
9710 0
9711 1
9712 0
9713 1
9714 0
9715 1
9716 0
9717 1
9718 2
9719 0
9720 1
9721 0
9722 1
9723 2
9724 0
9725 1
9726 0
9727 1
9728 0
9729 1
9730 0
9731 1
9732 0
9733 1
9734 0
9735 1
9736 0
9737 1
9738 0
9739 1
9740 2
9741 0
9742 1
9743 0
9744 2
9745 1
9746 0
9747 1
9748 0
9749 1
9750 2
9751 0
9752 1
9753 0
9754 2
9755 1
9756 0
9757 2
9758 1
9759 2
9760 0
9761 1
9762 0
9763 2
9764 1
9765 0
9766 2
9767 0
9768 1
9769 0
9770 1
9771 0
9772 1
9773 2
9774 0
9775 2
9776 1
9777 2
9778 0
9779 1
9780 0
9781 1
9782 0
9783 1
9784 2
9785 1
9786 2
9787 1
9788 2
9789 0
9790 1
9791 0
9792 2
9793 1
9794 0
9795 1
9796 0
9797 1
9798 2
9799 0
9800 1
9801 2
9802 0
9803 2
9804 1
9805 2
9806 3
9807 1
9808 0
9809 1
9810 0
9811 1
9812 2
9813 1
9814 0
9815 2
9816 0
9817 1
9818 2
9819 0
9820 1
9821 2
9822 0
9823 2
9824 1
9825 0
9826 2
9827 1
9828 0
9829 1
9830 2
9831 0
9832 1
9833 2
9834 0
9835 1
9836 2
9837 1
9838 0
9839 1
9840 0
9841 1
9842 0
9843 1
9844 0
9845 1
9846 0
9847 2
9848 0
9849 1
9850 0
9851 1
9852 0
9853 2
9854 1
9855 0
9856 2
9857 1
9858 2
9859 0
9860 1
9861 0
9862 2
9863 0
9864 2
9865 1
9866 0
9867 1
9868 2
9869 0
9870 1
9871 0
9872 1
9873 0
9874 1
9875 2
9876 1
9877 0
9878 1
9879 0
9880 1
9881 0
9882 2
9883 1
9884 0
9885 1
9886 2
9887 1
9888 0
9889 1
9890 2
9891 0
9892 2
9893 0
9894 1
9895 0
9896 1
9897 0
9898 1
9899 0
9900 1
9901 2
9902 0
9903 1
9904 0
9905 2
9906 1
9907 0
9908 1
9909 2
9910 0
9911 2
9912 1
9913 0
9914 1
9915 0
9916 1
9917 2
9918 1
9919 3
9920 2
9921 0
9922 1
9923 2
9924 0
9925 2
9926 1
9927 2
9928 0
9929 1
9930 0
9931 1
9932 0
9933 2
9934 0
9935 1
9936 2
9937 1
9938 0
9939 1
9940 2
9941 0
9942 1
9943 0
9944 2
9945 1
9946 0
9947 1
9948 0
9949 2
9950 1
9951 0
9952 1
9953 0
9954 1
9955 0
9956 2
9957 1
9958 0
9959 2
9960 0
9961 1
9962 0
9963 2
9964 0
9965 1
9966 0
9967 2
9968 1
9969 0
9970 1
9971 0
9972 2
9973 1
9974 0
9975 2
9976 1
9977 2
9978 0
9979 2
9980 1
9981 0
9982 1
9983 0
9984 1
9985 2
9986 1
9987 0
9988 1
9989 0
9990 2
9991 0
9992 1
9993 2
9994 1
9995 0
9996 1
9997 0
9998 1
9999 0
10000 1
10001 0
10002 1
10003 0
10004 1
10005 0
10006 1
10007 0
10008 1
10009 0
10010 1
10011 0
10012 1
10013 0
10014 1
10015 0
10016 1
10017 0
10018 1
10019 0
10020 2
10021 1
10022 0
10023 1
10024 2
10025 0
10026 1
10027 0
10028 1
10029 0
10030 1
10031 0
10032 1
10033 0
10034 1
10035 0
10036 1
10037 2
10038 3
10039 1
10040 2
10041 0
10042 1
10043 0
10044 1
10045 0
10046 2
10047 0
10048 1
10049 0
10050 1
10051 0
10052 2
10053 1
10054 0
10055 2
10056 1
10057 2
10058 3
10059 1
10060 2
10061 0
10062 1
10063 0
10064 2
10065 0
10066 1
10067 0
10068 1
10069 0
10070 1
10071 0
10072 1
10073 0
10074 2
10075 1
10076 0
10077 2
10078 1
10079 2
10080 0
10081 2
10082 0
10083 1
10084 0
10085 1
10086 0
10087 2
10088 0
10089 1
10090 0
10091 2
10092 1
10093 0
10094 2
10095 1
10096 2
10097 0
10098 1
10099 0
10100 1
10101 2
10102 1
10103 0
10104 1
10105 0
10106 1
10107 0
10108 1
10109 0
10110 1
10111 0
10112 1
10113 2
10114 0
10115 2
10116 1
10117 0
10118 1
10119 0
10120 2
10121 1
10122 0
10123 1
10124 2
10125 0
10126 1
10127 0
10128 1
10129 2
10130 1
10131 0
10132 2
10133 1
10134 2
10135 0
10136 1
10137 2
10138 0
10139 1
10140 0
10141 2
10142 1
10143 2
10144 0
10145 1
10146 2
10147 0
10148 1
10149 0
10150 1
10151 0
10152 1
10153 0
10154 1
10155 0
10156 2
10157 1
10158 0
10159 1
10160 2
10161 1
10162 2
10163 0
10164 1
10165 2
10166 0
10167 1
10168 0
10169 2
10170 1
10171 0
10172 2
10173 0
10174 1
10175 0
10176 2
10177 0
10178 1
10179 0
10180 1
10181 0
10182 2
10183 1
10184 0
10185 1
10186 0
10187 1
10188 0
10189 2
10190 1
10191 0
10192 1
10193 0
10194 1
10195 2
10196 1
10197 2
10198 0
10199 1
10200 0
10201 1
10202 0
10203 1
10204 0
10205 2
10206 1
10207 0
10208 1
10209 0
10210 1
10211 2
10212 0
10213 2
10214 1
10215 0
10216 2
10217 0
10218 2
10219 0
10220 2
10221 1
10222 0
10223 1
10224 0
10225 2
10226 1
10227 0
10228 2
10229 1
10230 0
10231 1
10232 0
10233 1
10234 0
10235 2
10236 1
10237 0
10238 2
10239 1
10240 0
10241 1
10242 2
10243 1
10244 2
10245 1
10246 0
10247 1
10248 0
10249 1
10250 0
10251 1
10252 0
10253 1
10254 0
10255 1
10256 2
10257 0
10258 1
10259 0
10260 1
10261 0
10262 2
10263 1
10264 3
10265 1
10266 0
10267 1
10268 2
10269 1
10270 0
10271 1
10272 0
10273 1
10274 0
10275 2
10276 1
10277 2
10278 0
10279 1
10280 2
10281 0
10282 1
10283 0
10284 2
10285 1
10286 0
10287 1
10288 0
10289 1
10290 0
10291 1
10292 0
10293 2
10294 1
10295 2
10296 0
10297 1
10298 2
10299 0
10300 2
10301 0
10302 1
10303 0
10304 1
10305 0
10306 2
10307 1
10308 0
10309 1
10310 2
10311 0
10312 1
10313 0
10314 1
10315 0
10316 1
10317 2
10318 0
10319 1
10320 0
10321 2
10322 1
10323 2
10324 1
10325 2
10326 0
10327 2
10328 0
10329 2
10330 0
10331 1
10332 0
10333 1
10334 0
10335 2
10336 1
10337 0
10338 2
10339 1
10340 0
10341 1
10342 2
10343 1
10344 2
10345 1
10346 0
10347 1
10348 0
10349 1
10350 0
10351 1
10352 0
10353 2
10354 1
10355 0
10356 1
10357 0
10358 1
10359 0
10360 1
10361 0
10362 1
10363 0
10364 2
10365 1
10366 2
10367 0
10368 2
10369 1
10370 0
10371 1
10372 2
10373 0
10374 1
10375 0
10376 1
10377 2
10378 0
10379 2
10380 1
10381 0
10382 1
10383 0
10384 1
10385 0
10386 1
10387 2
10388 0
10389 1
10390 2
10391 0
10392 1
10393 0
10394 2
10395 1
10396 0
10397 1
10398 0
10399 2
10400 1
10401 2
10402 0
10403 1
10404 2
10405 0
10406 1
10407 0
10408 2
10409 1
10410 0
10411 1
10412 0
10413 1
10414 0
10415 1
10416 0
10417 1
10418 2
10419 0
10420 1
10421 0
10422 2
10423 1
10424 0
10425 1
10426 2
10427 0
10428 1
10429 0
10430 2
10431 1
10432 2
10433 1
10434 0
10435 2
10436 0
10437 1
10438 2
10439 0
10440 1
10441 2
10442 0
10443 2
10444 1
10445 0
10446 1
10447 2
10448 0
10449 1
10450 0
10451 1
10452 0
10453 1
10454 0
10455 2
10456 1
10457 0
10458 1
10459 0
10460 2
10461 1
10462 0
10463 1
10464 0
10465 1
10466 0
10467 1
10468 0
10469 2
10470 1
10471 2
10472 1
10473 0
10474 1
10475 2
10476 0
10477 1
10478 2
10479 0
10480 1
10481 0
10482 1
10483 0
10484 1
10485 2
10486 1
10487 0
10488 1
10489 3
10490 2
10491 1
10492 2
10493 0
10494 2
10495 1
10496 0
10497 1
10498 0
10499 1
10500 2
10501 0
10502 1
10503 0
10504 1
10505 2
10506 0
10507 2
10508 1
10509 0
10510 2
10511 1
10512 0
10513 1
10514 0
10515 1
10516 0
10517 1
10518 0
10519 2
10520 1
10521 0
10522 1
10523 2
10524 0
10525 1
10526 0
10527 1
10528 0
10529 1
10530 0
10531 1
10532 0
10533 1
10534 0
10535 2
10536 0
10537 1
10538 0
10539 1
10540 0
10541 1
10542 2
10543 0
10544 1
10545 0
10546 1
10547 0
10548 2
10549 1
10550 0
10551 2
10552 0
10553 1
10554 0
10555 2
10556 1
10557 0
10558 1
10559 0
10560 1
10561 0
10562 1
10563 2
10564 0
10565 2
10566 0
10567 1
10568 0
10569 2
10570 1
10571 0
10572 1
10573 0
10574 1
10575 0
10576 1
10577 2
10578 0
10579 1
10580 0
10581 1
10582 0
10583 1
10584 2
10585 0
10586 1
10587 0
10588 2
10589 0
10590 2
10591 1
10592 0
10593 1
10594 2
10595 0
10596 1
10597 0
10598 1
10599 0
10600 1
10601 0
10602 2
10603 1
10604 0
10605 1
10606 0
10607 1
10608 2
10609 0
10610 2
10611 0
10612 1
10613 0
10614 2
10615 1
10616 0
10617 1
10618 0
10619 1
10620 0
10621 1
10622 0
10623 1
10624 0
10625 2
10626 1
10627 0
10628 2
10629 1
10630 0
10631 2
10632 0
10633 1
10634 2
10635 0
10636 1
10637 2
10638 1
10639 0
10640 2
10641 1
10642 0
10643 1
10644 0
10645 2
10646 1
10647 2
10648 0
10649 1
10650 2
10651 0
10652 1
10653 0
10654 1
10655 0
10656 1
10657 2
10658 0
10659 1
10660 0
10661 1
10662 0
10663 1
10664 2
10665 0
10666 1
10667 2
10668 0
10669 2
10670 0
10671 1
10672 0
10673 1
10674 2
10675 0
10676 2
10677 1
10678 0
10679 1
10680 0
10681 1
10682 0
10683 2
10684 1
10685 0
10686 2
10687 1
10688 0
10689 1
10690 0
10691 2
10692 1
10693 0
10694 1
10695 2
10696 0
10697 1
10698 0
10699 1
10700 2
10701 0
10702 1
10703 0
10704 2
10705 1
10706 0
10707 1
10708 0
10709 1
10710 0
10711 1
10712 2
10713 0
10714 1
10715 2
10716 0
10717 1
10718 2
10719 0
10720 1
10721 2
10722 1
10723 0
10724 2
10725 3
10726 1
10727 0
10728 1
10729 0
10730 1
10731 0
10732 1
10733 2
10734 0
10735 2
10736 1
10737 0
10738 1
10739 0
10740 2
10741 1
10742 2
10743 0
10744 2
10745 1
10746 0
10747 2
10748 1
10749 0
10750 1
10751 2
10752 0
10753 1
10754 0
10755 1
10756 0
10757 1
10758 0
10759 2
10760 1
10761 0
10762 2
10763 1
10764 2
10765 0
10766 2
10767 0
10768 1
10769 0
10770 1
10771 2
10772 0
10773 1
10774 2
10775 0
10776 1
10777 0
10778 1
10779 0
10780 1
10781 2
10782 0
10783 1
10784 0
10785 1
10786 2
10787 0
10788 1
10789 0
10790 2
10791 1
10792 2
10793 0
10794 2
10795 1
10796 2
10797 0
10798 2
10799 1
10800 2
10801 0
10802 1
10803 2
10804 1
10805 0
10806 1
10807 0
10808 1
10809 0
10810 1
10811 0
10812 2
10813 0
10814 1
10815 0
10816 1
10817 0
10818 1
10819 0
10820 2
10821 1
10822 0
10823 1
10824 0
10825 1
10826 0
10827 1
10828 2
10829 0
10830 1
10831 0
10832 1
10833 0
10834 1
10835 0
10836 1
10837 0
10838 1
10839 0
10840 1
10841 0
10842 2
10843 1
10844 0
10845 2
10846 1
10847 0
10848 1
10849 0
10850 1
10851 0
10852 1
10853 0
10854 1
10855 0
10856 2
10857 0
10858 1
10859 0
10860 1
10861 2
10862 0
10863 2
10864 1
10865 2
10866 0
10867 1
10868 0
10869 1
10870 0
10871 2
10872 1
10873 0
10874 1
10875 0
10876 1
10877 0
10878 1
10879 0
10880 1
10881 2
10882 0
10883 1
10884 2
10885 0
10886 1
10887 0
10888 2
10889 1
10890 2
10891 0
10892 1
10893 0
10894 1
10895 0
10896 1
10897 0
10898 1
10899 0
10900 1
10901 2
10902 0
10903 1
10904 0
10905 1
10906 2
10907 0
10908 1
10909 0
10910 1
10911 2
10912 0
10913 1
10914 0
10915 1
10916 0
10917 1
10918 2
10919 0
10920 1
10921 2
10922 1
10923 0
10924 1
10925 0
10926 1
10927 2
10928 1
10929 2
10930 1
10931 0
10932 2
10933 1
10934 3
10935 2
10936 1
10937 0
10938 1
10939 0
10940 1
10941 0
10942 1
10943 2
10944 0
10945 1
10946 0
10947 1
10948 0
10949 2
10950 1
10951 0
10952 1
10953 0
10954 1
10955 2
10956 0
10957 1
10958 0
10959 1
10960 0
10961 2
10962 1
10963 2
10964 0
10965 1
10966 0
10967 1
10968 0
10969 2
10970 0
10971 2
10972 0
10973 2
10974 1
10975 0
10976 1
10977 0
10978 1
10979 0
10980 2
10981 1
10982 0
10983 1
10984 2
10985 0
10986 1
10987 2
10988 0
10989 1
10990 2
10991 1
10992 0
10993 1
10994 2
10995 1
10996 0
10997 2
10998 1
10999 0
11000 1
11001 2
11002 1
11003 0
11004 1
11005 0
11006 1
11007 0
11008 1
11009 0
11010 1
11011 2
11012 0
11013 1
11014 0
11015 2
11016 1
11017 2
11018 0
11019 1
11020 0
11021 1
11022 0
11023 2
11024 0
11025 1
11026 0
11027 2
11028 1
11029 0
11030 1
11031 0
11032 1
11033 2
11034 0
11035 1
11036 0
11037 1
11038 2
11039 0
11040 1
11041 2
11042 0
11043 2
11044 1
11045 2
11046 1
11047 2
11048 0
11049 1
11050 0
11051 1
11052 0
11053 1
11054 2
11055 0
11056 1
11057 0
11058 1
11059 2
11060 0
11061 1
11062 0
11063 2
11064 0
11065 1
11066 2
11067 0
11068 1
11069 0
11070 2
11071 1
11072 0
11073 2
11074 1
11075 2
11076 0
11077 2
11078 0
11079 1
11080 0
11081 1
11082 2
11083 0
11084 1
11085 2
11086 0
11087 1
11088 2
11089 0
11090 2
11091 1
11092 0
11093 1
11094 0
11095 1
11096 0
11097 2
11098 0
11099 1
11100 0
11101 1
11102 0
11103 1
11104 2
11105 0
11106 2
11107 0
11108 1
11109 0
11110 1
11111 0
11112 1
11113 2
11114 0
11115 1
11116 0
11117 1
11118 0
11119 1
11120 0
11121 2
11122 0
11123 1
11124 0
11125 1
11126 2
11127 0
11128 1
11129 2
11130 0
11131 1
11132 0
11133 1
11134 0
11135 1
11136 0
11137 2
11138 1
11139 0
11140 2
11141 1
11142 0
11143 1
11144 0
11145 1
11146 0
11147 1
11148 2
11149 0
11150 2
11151 1
11152 0
11153 1
11154 0
11155 2
11156 0
11157 1
11158 0
11159 1
11160 0
11161 1
11162 2
11163 0
11164 1
11165 0
11166 2
11167 0
11168 1
11169 0
11170 1
11171 0
11172 1
11173 2
11174 0
11175 1
11176 0
11177 1
11178 0
11179 2
11180 1
11181 2
11182 0
11183 2
11184 0
11185 1
11186 0
11187 1
11188 0
11189 2
11190 1
11191 0
11192 1
11193 0
11194 1
11195 2
11196 0
11197 1
11198 0
11199 2
11200 1
11201 0
11202 1
11203 2
11204 0
11205 2
11206 1
11207 2
11208 0
11209 1
11210 2
11211 0
11212 2
11213 1
11214 2
11215 0
11216 1
11217 0
11218 2
11219 1
11220 0
11221 1
11222 0
11223 1
11224 0
11225 1
11226 0
11227 1
11228 0
11229 1
11230 0
11231 1
11232 0
11233 1
11234 0
11235 1
11236 0
11237 1
11238 0
11239 2
11240 1
11241 0
11242 1
11243 0
11244 1
11245 0
11246 1
11247 0
11248 1
11249 2
11250 0
11251 1
11252 0
11253 1
11254 0
11255 2
11256 1
11257 2
11258 1
11259 0
11260 2
11261 1
11262 0
11263 2
11264 1
11265 0
11266 2
11267 1
11268 0
11269 1
11270 2
11271 0
11272 1
11273 0
11274 2
11275 1
11276 0
11277 2
11278 1
11279 0
11280 1
11281 0
11282 1
11283 0
11284 1
11285 2
11286 0
11287 1
11288 0
11289 1
11290 0
11291 1
11292 0
11293 1
11294 0
11295 2
11296 1
11297 0
11298 1
11299 0
11300 1
11301 2
11302 0
11303 1
11304 0
11305 1
11306 2
11307 1
11308 0
11309 1
11310 0
11311 2
11312 1
11313 2
11314 1
11315 0
11316 1
11317 0
11318 1
11319 0
11320 1
11321 0
11322 1
11323 0
11324 1
11325 2
11326 0
11327 1
11328 0
11329 2
11330 1
11331 0
11332 1
11333 0
11334 1
11335 0
11336 1
11337 0
11338 2
11339 1
11340 2
11341 0
11342 1
11343 0
11344 2
11345 1
11346 0
11347 1
11348 0
11349 1
11350 0
11351 1
11352 0
11353 1
11354 2
11355 0
11356 2
11357 1
11358 0
11359 1
11360 0
11361 1
11362 2
11363 0
11364 1
11365 0
11366 1
11367 0
11368 1
11369 0
11370 1
11371 2
11372 0
11373 2
11374 1
11375 2
11376 1
11377 0
11378 1
11379 0
11380 1
11381 2
11382 0
11383 1
11384 0
11385 2
11386 1
11387 2
11388 0
11389 1
11390 0
11391 1
11392 0
11393 1
11394 0
11395 2
11396 1
11397 0
11398 1
11399 0
11400 1
11401 0
11402 1
11403 0
11404 2
11405 0
11406 2
11407 1
11408 0
11409 1
11410 0
11411 1
11412 2
11413 0
11414 2
11415 1
11416 2
11417 1
11418 2
11419 1
11420 0
11421 1
11422 2
11423 0
11424 1
11425 2
11426 0
11427 2
11428 1
11429 0
11430 1
11431 0
11432 1
11433 0
11434 1
11435 0
11436 2
11437 1
11438 0
11439 1
11440 2
11441 0
11442 1
11443 0
11444 2
11445 1
11446 0
11447 1
11448 2
11449 0
11450 1
11451 0
11452 1
11453 0
11454 1
11455 2
11456 0
11457 1
11458 0
11459 2
11460 0
11461 2
11462 1
11463 0
11464 1
11465 0
11466 2
11467 1
11468 0
11469 1
11470 0
11471 1
11472 0
11473 2
11474 1
11475 0
11476 1
11477 2
11478 0
11479 1
11480 2
11481 0
11482 2
11483 0
11484 1
11485 0
11486 1
11487 0
11488 1
11489 0
11490 1
11491 0
11492 1
11493 2
11494 0
11495 2
11496 1
11497 0
11498 1
11499 0
11500 1
11501 0
11502 1
11503 0
11504 1
11505 0
11506 1
11507 0
11508 2
11509 1
11510 0
11511 1
11512 0
11513 1
11514 0
11515 2
11516 1
11517 0
11518 2
11519 1
11520 0
11521 1
11522 2
11523 0
11524 1
11525 2
11526 0
11527 1
11528 0
11529 1
11530 0
11531 1
11532 0
11533 2
11534 1
11535 0
11536 1
11537 0
11538 1
11539 2
11540 0
11541 1
11542 0
11543 1
11544 2
11545 0
11546 2
11547 1
11548 0
11549 1
11550 2
11551 0
11552 1
11553 0
11554 1
11555 0
11556 1
11557 2
11558 1
11559 2
11560 0
11561 1
11562 0
11563 2
11564 1
11565 0
11566 1
11567 0
11568 1
11569 0
11570 1
11571 0
11572 1
11573 2
11574 3
11575 1
11576 0
11577 2
11578 1
11579 0
11580 2
11581 1
11582 0
11583 1
11584 2
11585 0
11586 1
11587 2
11588 1
11589 0
11590 1
11591 0
11592 1
11593 0
11594 1
11595 0
11596 1
11597 0
11598 1
11599 0
11600 1
11601 0
11602 1
11603 0
11604 1
11605 0
11606 1
11607 0
11608 2
11609 1
11610 2
11611 1
11612 0
11613 2
11614 1
11615 0
11616 1
11617 0
11618 1
11619 2
11620 0
11621 1
11622 2
11623 0
11624 1
11625 0
11626 2
11627 1
11628 0
11629 1
11630 0
11631 1
11632 0
11633 1
11634 0
11635 1
11636 0
11637 1
11638 0
11639 1
11640 0
11641 1
11642 2
11643 0
11644 1
11645 0
11646 1
11647 0
11648 1
11649 2
11650 0
11651 1
11652 2
11653 0
11654 2
11655 1
11656 2
11657 1
11658 2
11659 0
11660 1
11661 0
11662 1
11663 2
11664 0
11665 1
11666 0
11667 2
11668 0
11669 1
11670 2
11671 0
11672 1
11673 0
11674 2
11675 1
11676 0
11677 1
11678 0
11679 1
11680 0
11681 1
11682 0
11683 2
11684 1
11685 2
11686 1
11687 0
11688 1
11689 0
11690 1
11691 2
11692 0
11693 1
11694 2
11695 1
11696 2
11697 0
11698 1
11699 0
11700 1
11701 0
11702 1
11703 0
11704 1
11705 0
11706 1
11707 0
11708 2
11709 1
11710 0
11711 1
11712 0
11713 1
11714 2
11715 0
11716 2
11717 1
11718 0
11719 2
11720 1
11721 0
11722 1
11723 2
11724 0
11725 2
11726 0
11727 1
11728 0
11729 1
11730 0
11731 2
11732 1
11733 0
11734 1
11735 0
11736 1
11737 0
11738 1
11739 2
11740 0
11741 2
11742 0
11743 1
11744 2
11745 1
11746 0
11747 1
11748 0
11749 2
11750 1
11751 0
11752 2
11753 1
11754 0
11755 2
11756 1
11757 0
11758 1
11759 0
11760 1
11761 0
11762 1
11763 2
11764 0
11765 1
11766 2
11767 0
11768 1
11769 0
11770 1
11771 2
11772 1
11773 0
11774 2
11775 1
11776 0
11777 1
11778 2
11779 0
11780 1
11781 0
11782 1
11783 0
11784 2
11785 1
11786 0
11787 2
11788 1
11789 2
11790 0
11791 1
11792 2
11793 1
11794 2
11795 0
11796 1
11797 2
11798 1
11799 2
11800 0
11801 1
11802 2
11803 0
11804 1
11805 0
11806 1
11807 2
11808 0
11809 1
11810 0
11811 1
11812 2
11813 1
11814 2
11815 0
11816 2
11817 0
11818 1
11819 2
11820 1
11821 0
11822 2
11823 1
11824 2
11825 0
11826 1
11827 0
11828 1
11829 0
11830 1
11831 0
11832 1
11833 0
11834 1
11835 0
11836 1
11837 0
11838 2
11839 0
11840 1
11841 0
11842 1
11843 2
11844 0
11845 2
11846 1
11847 2
11848 0
11849 2
11850 0
11851 1
11852 0
11853 1
11854 0
11855 1
11856 2
11857 0
11858 1
11859 0
11860 2
11861 1
11862 0
11863 1
11864 0
11865 1
11866 2
11867 0
11868 1
11869 0
11870 1
11871 0
11872 1
11873 2
11874 1
11875 0
11876 2
11877 0
11878 2
11879 1
11880 0
11881 1
11882 0
11883 1
11884 0
11885 1
11886 0
11887 1
11888 0
11889 1
11890 0
11891 2
11892 1
11893 0
11894 1
11895 0
11896 1
11897 0
11898 2
11899 1
11900 0
11901 1
11902 0
11903 1
11904 0
11905 1
11906 0
11907 2
11908 1
11909 0
11910 1
11911 2
11912 1
11913 0
11914 1
11915 2
11916 0
11917 1
11918 2
11919 0
11920 1
11921 2
11922 0
11923 1
11924 0
11925 2
11926 1
11927 0
11928 1
11929 0
11930 2
11931 1
11932 0
11933 2
11934 1
11935 2
11936 1
11937 0
11938 2
11939 1
11940 0
11941 2
11942 0
11943 1
11944 0
11945 1
11946 2
11947 1
11948 2
11949 0
11950 2
11951 1
11952 2
11953 1
11954 0
11955 1
11956 2
11957 0
11958 2
11959 1
11960 2
11961 0
11962 2
11963 1
11964 2
11965 1
11966 2
11967 0
11968 1
11969 2
11970 0
11971 2
11972 3
11973 0
11974 1
11975 0
11976 1
11977 2
11978 0
11979 1
11980 0
11981 1
11982 0
11983 1
11984 0
11985 1
11986 0
11987 1
11988 0
11989 1
11990 2
11991 0
11992 1
11993 0
11994 1
11995 0
11996 1
11997 2
11998 0
11999 1
12000 0
12001 1
12002 2
12003 0
12004 2
12005 1
12006 0
12007 1
12008 0
12009 1
12010 0
12011 1
12012 0
12013 1
12014 0
12015 1
12016 0
12017 1
12018 2
12019 0
12020 1
12021 2
12022 0
12023 1
12024 0
12025 1
12026 0
12027 1
12028 2
12029 1
12030 0
12031 1
12032 0
12033 2
12034 1
12035 0
12036 1
12037 2
12038 0
12039 1
12040 0
12041 1
12042 2
12043 1
12044 0
12045 2
12046 1
12047 0
12048 1
12049 2
12050 0
12051 1
12052 2
12053 1
12054 0
12055 2
12056 1
12057 2
12058 0
12059 1
12060 0
12061 1
12062 0
12063 1
12064 0
12065 1
12066 0
12067 1
12068 0
12069 2
12070 1
12071 0
12072 1
12073 2
12074 1
12075 0
12076 1
12077 0
12078 2
12079 1
12080 0
12081 2
12082 0
12083 1
12084 0
12085 2
12086 1
12087 2
12088 0
12089 2
12090 0
12091 2
12092 1
12093 0
12094 1
12095 2
12096 0
12097 1
12098 0
12099 1
12100 0
12101 1
12102 2
12103 0
12104 1
12105 0
12106 1
12107 2
12108 1
12109 0
12110 2
12111 1
12112 2
12113 1
12114 0
12115 1
12116 0
12117 1
12118 0
12119 2
12120 1
12121 0
12122 2
12123 1
12124 0
12125 1
12126 2
12127 0
12128 2
12129 1
12130 2
12131 0
12132 1
12133 2
12134 0
12135 1
12136 0
12137 1
12138 0
12139 1
12140 0
12141 2
12142 1
12143 0
12144 1
12145 0
12146 2
12147 1
12148 0
12149 1
12150 0
12151 1
12152 0
12153 1
12154 0
12155 1
12156 2
12157 0
12158 1
12159 0
12160 2
12161 1
12162 2
12163 1
12164 2
12165 0
12166 1
12167 2
12168 0
12169 2
12170 0
12171 2
12172 0
12173 1
12174 0
12175 2
12176 1
12177 0
12178 1
12179 0
12180 1
12181 0
12182 1
12183 0
12184 1
12185 0
12186 1
12187 0
12188 1
12189 0
12190 1
12191 2
12192 1
12193 0
12194 1
12195 2
12196 0
12197 1
12198 0
12199 1
12200 0
12201 2
12202 1
12203 2
12204 1
12205 0
12206 2
12207 0
12208 2
12209 1
12210 2
12211 0
12212 2
12213 1
12214 0
12215 1
12216 0
12217 1
12218 0
12219 2
12220 0
12221 1
12222 0
12223 1
12224 0
12225 1
12226 0
12227 1
12228 2
12229 0
12230 2
12231 0
12232 1
12233 0
12234 2
12235 1
12236 0
12237 2
12238 1
12239 2
12240 1
12241 0
12242 1
12243 2
12244 0
12245 1
12246 0
12247 1
12248 0
12249 1
12250 0
12251 1
12252 0
12253 1
12254 0
12255 1
12256 0
12257 1
12258 2
12259 0
12260 1
12261 2
12262 0
12263 1
12264 0
12265 2
12266 1
12267 0
12268 1
12269 0
12270 2
12271 1
12272 2
12273 1
12274 0
12275 1
12276 0
12277 1
12278 0
12279 1
12280 0
12281 1
12282 0
12283 1
12284 0
12285 1
12286 2
12287 0
12288 1
12289 2
12290 1
12291 2
12292 1
12293 0
12294 1
12295 0
12296 1
12297 2
12298 0
12299 1
12300 0
12301 1
12302 2
12303 1
12304 0
12305 1
12306 0
12307 1
12308 0
12309 1
12310 0
12311 1
12312 0
12313 1
12314 0
12315 2
12316 0
12317 1
12318 0
12319 1
12320 2
12321 1
12322 0
12323 1
12324 2
12325 1
12326 0
12327 2
12328 1
12329 2
12330 0
12331 2
12332 1
12333 0
12334 2
12335 1
12336 0
12337 2
12338 0
12339 2
12340 0
12341 2
12342 1
12343 0
12344 1
12345 0
12346 1
12347 0
12348 1
12349 0
12350 1
12351 0
12352 1
12353 0
12354 2
12355 1
12356 0
12357 1
12358 2
12359 0
12360 1
12361 0
12362 1
12363 2
12364 0
12365 1
12366 0
12367 1
12368 0
12369 1
12370 0
12371 1
12372 0
12373 1
12374 0
12375 2
12376 1
12377 2
12378 0
12379 2
12380 1
12381 2
12382 0
12383 2
12384 1
12385 0
12386 1
12387 2
12388 0
12389 1
12390 2
12391 0
12392 1
12393 2
12394 1
12395 0
12396 1
12397 0
12398 2
12399 1
12400 0
12401 1
12402 0
12403 2
12404 1
12405 2
12406 0
12407 1
12408 0
12409 1
12410 0
12411 2
12412 1
12413 0
12414 2
12415 1
12416 2
12417 1
12418 2
12419 1
12420 0
12421 1
12422 0
12423 1
12424 2
12425 0
12426 1
12427 0
12428 1
12429 2
12430 0
12431 1
12432 2
12433 0
12434 1
12435 0
12436 1
12437 0
12438 1
12439 2
12440 0
12441 2
12442 1
12443 0
12444 1
12445 0
12446 1
12447 0
12448 1
12449 2
12450 1
12451 0
12452 1
12453 2
12454 0
12455 1
12456 0
12457 1
12458 0
12459 2
12460 1
12461 0
12462 1
12463 0
12464 1
12465 0
12466 1
12467 2
12468 0
12469 2
12470 1
12471 2
12472 1
12473 2
12474 0
12475 1
12476 0
12477 1
12478 2
12479 1
12480 2
12481 0
12482 1
12483 0
12484 1
12485 2
12486 0
12487 1
12488 2
12489 0
12490 1
12491 2
12492 0
12493 1
12494 0
12495 1
12496 0
12497 1
12498 2
12499 0
12500 2
12501 0
12502 1
12503 0
12504 1
12505 0
12506 1
12507 0
12508 2
12509 1
12510 2
12511 0
12512 2
12513 1
12514 0
12515 2
12516 1
12517 0
12518 1
12519 0
12520 1
12521 0
12522 1
12523 0
12524 1
12525 0
12526 2
12527 1
12528 0
12529 2
12530 1
12531 0
12532 1
12533 2
12534 0
12535 1
12536 0
12537 1
12538 0
12539 1
12540 0
12541 1
12542 0
12543 1
12544 0
12545 1
12546 0
12547 1
12548 0
12549 1
12550 2
12551 0
12552 1
12553 0
12554 1
12555 0
12556 1
12557 0
12558 1
12559 0
12560 1
12561 0
12562 3
12563 1
12564 0
12565 2
12566 1
12567 0
12568 1
12569 0
12570 1
12571 0
12572 1
12573 0
12574 1
12575 0
12576 1
12577 0
12578 1
12579 0
12580 1
12581 0
12582 1
12583 0
12584 1
12585 2
12586 1
12587 0
12588 1
12589 0
12590 2
12591 1
12592 0
12593 2
12594 1
12595 2
12596 0
12597 1
12598 2
12599 0
12600 1
12601 0
12602 1
12603 2
12604 0
12605 1
12606 0
12607 1
12608 0
12609 1
12610 0
12611 1
12612 2
12613 0
12614 1
12615 0
12616 2
12617 1
12618 2
12619 1
12620 2
12621 1
12622 0
12623 2
12624 1
12625 2
12626 0
12627 1
12628 2
12629 0
12630 2
12631 1
12632 2
12633 0
12634 2
12635 1
12636 0
12637 1
12638 0
12639 1
12640 0
12641 1
12642 0
12643 2
12644 1
12645 0
12646 1
12647 2
12648 0
12649 2
12650 0
12651 1
12652 0
12653 1
12654 0
12655 2
12656 0
12657 1
12658 0
12659 1
12660 0
12661 1
12662 0
12663 1
12664 0
12665 1
12666 0
12667 1
12668 0
12669 1
12670 0
12671 2
12672 1
12673 0
12674 2
12675 1
12676 0
12677 2
12678 1
12679 2
12680 0
12681 2
12682 1
12683 0
12684 2
12685 0
12686 2
12687 1
12688 0
12689 1
12690 0
12691 1
12692 0
12693 1
12694 0
12695 1
12696 0
12697 1
12698 0
12699 2
12700 1
12701 2
12702 0
12703 1
12704 0
12705 2
12706 1
12707 0
12708 1
12709 0
12710 2
12711 0
12712 1
12713 2
12714 1
12715 0
12716 1
12717 2
12718 0
12719 1
12720 0
12721 1
12722 0
12723 1
12724 2
12725 0
12726 2
12727 1
12728 2
12729 0
12730 1
12731 0
12732 1
12733 0
12734 1
12735 2
12736 0
12737 1
12738 2
12739 0
12740 1
12741 2
12742 1
12743 2
12744 0
12745 1
12746 0
12747 1
12748 0
12749 1
12750 2
12751 1
12752 0
12753 1
12754 0
12755 1
12756 0
12757 1
12758 2
12759 0
12760 1
12761 2
12762 1
12763 0
12764 1
12765 2
12766 0
12767 1
12768 0
12769 1
12770 3
12771 2
12772 3
12773 0
12774 1
12775 2
12776 0
12777 1
12778 0
12779 2
12780 1
12781 0
12782 2
12783 0
12784 1
12785 0
12786 1
12787 0
12788 1
12789 2
12790 0
12791 1
12792 0
12793 1
12794 0
12795 1
12796 2
12797 0
12798 2
12799 1
12800 0
12801 1
12802 0
12803 1
12804 0
12805 1
12806 0
12807 2
12808 0
12809 2
12810 1
12811 2
12812 1
12813 0
12814 1
12815 2
12816 0
12817 1
12818 0
12819 1
12820 0
12821 1
12822 0
12823 2
12824 0
12825 1
12826 0
12827 1
12828 2
12829 0
12830 1
12831 2
12832 1
12833 0
12834 1
12835 2
12836 1
12837 2
12838 1
12839 2
12840 0
12841 2
12842 1
12843 2
12844 0
12845 1
12846 0
12847 1
12848 0
12849 1
12850 0
12851 2
12852 1
12853 2
12854 0
12855 1
12856 0
12857 1
12858 0
12859 1
12860 0
12861 1
12862 2
12863 0
12864 1
12865 0
12866 1
12867 2
12868 1
12869 0
12870 2
12871 1
12872 0
12873 1
12874 0
12875 1
12876 0
12877 1
12878 0
12879 2
12880 1
12881 0
12882 1
12883 0
12884 1
12885 0
12886 1
12887 0
12888 2
12889 1
12890 3
12891 0
12892 1
12893 0
12894 1
12895 0
12896 1
12897 0
12898 1
12899 2
12900 0
12901 1
12902 0
12903 1
12904 0
12905 1
12906 0
12907 2
12908 1
12909 0
12910 1
12911 0
12912 1
12913 0
12914 2
12915 1
12916 0
12917 2
12918 1
12919 0
12920 1
12921 0
12922 1
12923 0
12924 1
12925 0
12926 1
12927 2
12928 0
12929 1
12930 2
12931 0
12932 2
12933 1
12934 0
12935 1
12936 0
12937 1
12938 0
12939 2
12940 1
12941 2
12942 0
12943 2
12944 1
12945 0
12946 1
12947 2
12948 0
12949 2
12950 1
12951 2
12952 0
12953 1
12954 2
12955 0
12956 1
12957 0
12958 1
12959 0
12960 1
12961 0
12962 1
12963 0
12964 1
12965 2
12966 0
12967 2
12968 1
12969 0
12970 2
12971 1
12972 2
12973 0
12974 1
12975 0
12976 1
12977 0
12978 1
12979 0
12980 1
12981 0
12982 1
12983 0
12984 1
12985 0
12986 1
12987 0
12988 2
12989 1
12990 2
12991 1
12992 0
12993 2
12994 1
12995 0
12996 1
12997 0
12998 1
12999 0
13000 1
13001 3
13002 2
13003 0
13004 1
13005 0
13006 1
13007 2
13008 0
13009 1
13010 0
13011 1
13012 0
13013 1
13014 2
13015 0
13016 2
13017 0
13018 1
13019 0
13020 1
13021 2
13022 1
13023 0
13024 1
13025 0
13026 1
13027 0
13028 2
13029 1
13030 2
13031 0
13032 1
13033 0
13034 1
13035 0
13036 1
13037 0
13038 1
13039 0
13040 1
13041 0
13042 1
13043 2
13044 0
13045 1
13046 0
13047 1
13048 0
13049 2
13050 0
13051 1
13052 0
13053 2
13054 1
13055 0
13056 1
13057 2
13058 1
13059 0
13060 2
13061 1
13062 0
13063 1
13064 0
13065 1
13066 0
13067 1
13068 0
13069 1
13070 0
13071 1
13072 0
13073 1
13074 0
13075 1
13076 0
13077 1
13078 0
13079 1
13080 0
13081 1
13082 2
13083 0
13084 1
13085 2
13086 0
13087 1
13088 0
13089 1
13090 0
13091 1
13092 0
13093 1
13094 0
13095 1
13096 0
13097 2
13098 1
13099 2
13100 0
13101 1
13102 0
13103 1
13104 0
13105 1
13106 0
13107 1
13108 0
13109 1
13110 2
13111 1
13112 2
13113 1
13114 0
13115 2
13116 1
13117 2
13118 0
13119 1
13120 0
13121 1
13122 0
13123 2
13124 1
13125 0
13126 2
13127 1
13128 0
13129 1
13130 0
13131 2
13132 0
13133 1
13134 0
13135 1
13136 0
13137 1
13138 0
13139 1
13140 0
13141 1
13142 0
13143 2
13144 1
13145 0
13146 1
13147 2
13148 1
13149 0
13150 1
13151 0
13152 1
13153 0
13154 1
13155 0
13156 2
13157 1
13158 0
13159 2
13160 0
13161 1
13162 0
13163 1
13164 0
13165 1
13166 2
13167 0
13168 1
13169 0
13170 1
13171 0
13172 1
13173 0
13174 1
13175 0
13176 1
13177 0
13178 1
13179 2
13180 0
13181 1
13182 2
13183 0
13184 1
13185 2
13186 1
13187 0
13188 1
13189 0
13190 2
13191 0
13192 1
13193 0
13194 1
13195 0
13196 2
13197 1
13198 2
13199 0
13200 1
13201 0
13202 2
13203 1
13204 0
13205 1
13206 2
13207 0
13208 1
13209 0
13210 2
13211 1
13212 2
13213 1
13214 2
13215 0
13216 1
13217 0
13218 1
13219 0
13220 2
13221 0
13222 1
13223 2
13224 0
13225 1
13226 0
13227 1
13228 0
13229 1
13230 0
13231 1
13232 0
13233 1
13234 0
13235 2
13236 1
13237 0
13238 1
13239 0
13240 2
13241 1
13242 2
13243 1
13244 0
13245 2
13246 0
13247 1
13248 0
13249 1
13250 0
13251 2
13252 0
13253 1
13254 2
13255 0
13256 1
13257 3
13258 0
13259 2
13260 1
13261 0
13262 1
13263 2
13264 0
13265 1
13266 0
13267 1
13268 2
13269 0
13270 2
13271 1
13272 0
13273 1
13274 0
13275 2
13276 1
13277 0
13278 1
13279 0
13280 2
13281 1
13282 0
13283 1
13284 0
13285 1
13286 0
13287 2
13288 0
13289 1
13290 0
13291 1
13292 0
13293 1
13294 0
13295 1
13296 0
13297 2
13298 1
13299 0
13300 1
13301 2
13302 0
13303 1
13304 0
13305 1
13306 0
13307 2
13308 1
13309 0
13310 1
13311 2
13312 0
13313 1
13314 2
13315 0
13316 2
13317 1
13318 2
13319 1
13320 0
13321 1
13322 2
13323 0
13324 1
13325 0
13326 1
13327 0
13328 1
13329 0
13330 1
13331 0
13332 1
13333 0
13334 1
13335 0
13336 1
13337 0
13338 1
13339 0
13340 1
13341 0
13342 3
13343 1
13344 0
13345 1
13346 0
13347 1
13348 0
13349 1
13350 2
13351 0
13352 1
13353 0
13354 2
13355 1
13356 0
13357 1
13358 0
13359 1
13360 0
13361 1
13362 0
13363 2
13364 1
13365 0
13366 1
13367 0
13368 1
13369 3
13370 2
13371 3
13372 1
13373 0
13374 1
13375 2
13376 1
13377 0
13378 1
13379 2
13380 0
13381 1
13382 0
13383 2
13384 1
13385 0
13386 1
13387 2
13388 0
13389 1
13390 2
13391 0
13392 2
13393 0
13394 1
13395 2
13396 0
13397 1
13398 2
13399 0
13400 1
13401 0
13402 1
13403 0
13404 1
13405 2
13406 0
13407 1
13408 0
13409 2
13410 0
13411 1
13412 2
13413 0
13414 2
13415 0
13416 1
13417 0
13418 1
13419 2
13420 1
13421 0
13422 1
13423 0
13424 1
13425 0
13426 1
13427 0
13428 1
13429 2
13430 0
13431 2
13432 1
13433 0
13434 1
13435 2
13436 0
13437 1
13438 2
13439 0
13440 1
13441 0
13442 1
13443 0
13444 1
13445 0
13446 1
13447 0
13448 1
13449 0
13450 1
13451 0
13452 1
13453 0
13454 2
13455 0
13456 1
13457 0
13458 1
13459 0
13460 1
13461 0
13462 2
13463 0
13464 2
13465 1
13466 2
13467 1
13468 2
13469 1
13470 0
13471 1
13472 2
13473 0
13474 2
13475 1
13476 0
13477 1
13478 0
13479 1
13480 0
13481 1
13482 2
13483 0
13484 1
13485 0
13486 1
13487 0
13488 3
13489 1
13490 2
13491 0
13492 1
13493 0
13494 1
13495 2
13496 0
13497 2
13498 1
13499 0
13500 1
13501 0
13502 2
13503 0
13504 2
13505 1
13506 0
13507 1
13508 2
13509 0
13510 1
13511 0
13512 1
13513 0
13514 1
13515 2
13516 0
13517 1
13518 0
13519 1
13520 0
13521 1
13522 0
13523 1
13524 0
13525 1
13526 0
13527 1
13528 2
13529 0
13530 1
13531 0
13532 1
13533 2
13534 0
13535 1
13536 0
13537 1
13538 0
13539 1
13540 0
13541 2
13542 1
13543 0
13544 1
13545 2
13546 0
13547 1
13548 0
13549 1
13550 0
13551 1
13552 2
13553 0
13554 2
13555 1
13556 0
13557 2
13558 1
13559 0
13560 2
13561 1
13562 0
13563 1
13564 0
13565 1
13566 2
13567 1
13568 0
13569 1
13570 0
13571 1
13572 0
13573 1
13574 0
13575 1
13576 2
13577 0
13578 1
13579 0
13580 1
13581 0
13582 1
13583 0
13584 2
13585 1
13586 2
13587 0
13588 1
13589 0
13590 1
13591 0
13592 1
13593 0
13594 2
13595 1
13596 2
13597 0
13598 1
13599 0
13600 2
13601 1
13602 0
13603 1
13604 0
13605 1
13606 0
13607 1
13608 0
13609 1
13610 2
13611 0
13612 2
13613 1
13614 2
13615 0
13616 2
13617 1
13618 0
13619 1
13620 0
13621 2
13622 1
13623 2
13624 0
13625 1
13626 2
13627 0
13628 1
13629 0
13630 2
13631 1
13632 0
13633 2
13634 0
13635 1
13636 0
13637 1
13638 0
13639 1
13640 0
13641 1
13642 2
13643 1
13644 0
13645 1
13646 2
13647 0
13648 1
13649 2
13650 1
13651 0
13652 2
13653 1
13654 2
13655 1
13656 0
13657 1
13658 2
13659 0
13660 2
13661 1
13662 0
13663 1
13664 0
13665 1
13666 0
13667 2
13668 1
13669 0
13670 1
13671 2
13672 1
13673 0
13674 1
13675 0
13676 1
13677 0
13678 2
13679 1
13680 0
13681 1
13682 0
13683 1
13684 2
13685 1
13686 0
13687 2
13688 1
13689 0
13690 1
13691 2
13692 0
13693 2
13694 1
13695 0
13696 1
13697 2
13698 0
13699 1
13700 2
13701 0
13702 1
13703 0
13704 1
13705 2
13706 0
13707 1
13708 0
13709 1
13710 2
13711 0
13712 1
13713 0
13714 1
13715 2
13716 0
13717 2
13718 1
13719 0
13720 1
13721 0
13722 1
13723 2
13724 0
13725 1
13726 0
13727 1
13728 0
13729 1
13730 0
13731 1
13732 0
13733 1
13734 0
13735 1
13736 0
13737 2
13738 1
13739 2
13740 1
13741 0
13742 1
13743 0
13744 1
13745 2
13746 3
13747 0
13748 1
13749 2
13750 0
13751 2
13752 0
13753 1
13754 2
13755 0
13756 1
13757 0
13758 1
13759 0
13760 2
13761 1
13762 0
13763 2
13764 1
13765 0
13766 1
13767 2
13768 0
13769 1
13770 0
13771 1
13772 0
13773 1
13774 0
13775 1
13776 2
13777 0
13778 2
13779 0
13780 1
13781 0
13782 1
13783 2
13784 0
13785 2
13786 1
13787 0
13788 1
13789 0
13790 1
13791 2
13792 0
13793 1
13794 0
13795 2
13796 1
13797 2
13798 0
13799 2
13800 1
13801 3
13802 2
13803 0
13804 2
13805 1
13806 2
13807 0
13808 1
13809 0
13810 1
13811 0
13812 2
13813 0
13814 1
13815 0
13816 2
13817 1
13818 0
13819 1
13820 0
13821 1
13822 2
13823 0
13824 1
13825 0
13826 2
13827 1
13828 0
13829 1
13830 0
13831 1
13832 2
13833 3
13834 0
13835 1
13836 0
13837 2
13838 1
13839 2
13840 0
13841 1
13842 2
13843 0
13844 1
13845 0
13846 1
13847 2
13848 1
13849 0
13850 1
13851 0
13852 1
13853 2
13854 0
13855 1
13856 0
13857 1
13858 2
13859 0
13860 1
13861 0
13862 1
13863 0
13864 2
13865 1
13866 0
13867 1
13868 0
13869 1
13870 0
13871 1
13872 0
13873 2
13874 1
13875 2
13876 0
13877 1
13878 2
13879 0
13880 2
13881 1
13882 0
13883 2
13884 1
13885 0
13886 2
13887 0
13888 1
13889 0
13890 2
13891 1
13892 2
13893 0
13894 1
13895 0
13896 2
13897 1
13898 0
13899 1
13900 0
13901 1
13902 0
13903 1
13904 0
13905 1
13906 0
13907 1
13908 2
13909 0
13910 1
13911 0
13912 2
13913 1
13914 0
13915 2
13916 1
13917 0
13918 1
13919 0
13920 1
13921 0
13922 1
13923 0
13924 2
13925 1
13926 2
13927 0
13928 2
13929 1
13930 0
13931 1
13932 0
13933 1
13934 2
13935 0
13936 1
13937 0
13938 1
13939 0
13940 1
13941 0
13942 1
13943 0
13944 1
13945 0
13946 1
13947 0
13948 1
13949 0
13950 1
13951 0
13952 1
13953 0
13954 1
13955 2
13956 0
13957 1
13958 0
13959 1
13960 2
13961 0
13962 1
13963 2
13964 0
13965 1
13966 0
13967 1
13968 0
13969 1
13970 2
13971 3
13972 1
13973 0
13974 1
13975 0
13976 2
13977 1
13978 0
13979 1
13980 2
13981 0
13982 1
13983 0
13984 1
13985 0
13986 1
13987 0
13988 2
13989 1
13990 2
13991 0
13992 1
13993 0
13994 2
13995 1
13996 2
13997 0
13998 1
13999 2
14000 0
14001 1
14002 0
14003 1
14004 2
14005 0
14006 1
14007 0
14008 1
14009 0
14010 2
14011 0
14012 1
14013 0
14014 1
14015 2
14016 0
14017 1
14018 0
14019 1
14020 0
14021 1
14022 0
14023 1
14024 0
14025 1
14026 0
14027 1
14028 0
14029 2
14030 1
14031 0
14032 1
14033 2
14034 1
14035 0
14036 2
14037 0
14038 1
14039 0
14040 1
14041 0
14042 1
14043 0
14044 2
14045 1
14046 2
14047 0
14048 1
14049 2
14050 0
14051 1
14052 0
14053 2
14054 1
14055 0
14056 2
14057 1
14058 0
14059 1
14060 2
14061 0
14062 1
14063 2
14064 1
14065 0
14066 1
14067 2
14068 0
14069 1
14070 0
14071 1
14072 0
14073 1
14074 0
14075 1
14076 2
14077 0
14078 2
14079 0
14080 1
14081 2
14082 1
14083 0
14084 1
14085 0
14086 1
14087 0
14088 2
14089 0
14090 1
14091 2
14092 0
14093 2
14094 1
14095 2
14096 0
14097 1
14098 2
14099 0
14100 1
14101 0
14102 1
14103 0
14104 1
14105 0
14106 2
14107 0
14108 1
14109 0
14110 1
14111 2
14112 1
14113 0
14114 1
14115 0
14116 1
14117 0
14118 2
14119 1
14120 2
14121 1
14122 0
14123 1
14124 2
14125 0
14126 2
14127 1
14128 0
14129 2
14130 1
14131 0
14132 1
14133 0
14134 1
14135 0
14136 1
14137 0
14138 2
14139 1
14140 2
14141 0
14142 1
14143 0
14144 2
14145 0
14146 1
14147 0
14148 1
14149 0
14150 1
14151 2
14152 0
14153 1
14154 0
14155 1
14156 0
14157 2
14158 1
14159 0
14160 1
14161 0
14162 1
14163 2
14164 0
14165 1
14166 0
14167 1
14168 0
14169 1
14170 0
14171 1
14172 2
14173 0
14174 1
14175 2
14176 0
14177 1
14178 2
14179 0
14180 1
14181 0
14182 2
14183 3
14184 0
14185 1
14186 2
14187 1
14188 0
14189 1
14190 2
14191 0
14192 2
14193 1
14194 2
14195 1
14196 0
14197 1
14198 0
14199 1
14200 0
14201 1
14202 2
14203 1
14204 0
14205 2
14206 0
14207 1
14208 0
14209 2
14210 1
14211 0
14212 1
14213 0
14214 1
14215 2
14216 0
14217 2
14218 0
14219 1
14220 0
14221 1
14222 0
14223 2
14224 3
14225 0
14226 1
14227 0
14228 1
14229 2
14230 0
14231 1
14232 2
14233 0
14234 1
14235 0
14236 1
14237 0
14238 1
14239 0
14240 2
14241 1
14242 2
14243 1
14244 0
14245 1
14246 0
14247 1
14248 0
14249 1
14250 2
14251 0
14252 1
14253 0
14254 1
14255 0
14256 1
14257 0
14258 1
14259 0
14260 1
14261 0
14262 2
14263 1
14264 2
14265 0
14266 1
14267 0
14268 2
14269 1
14270 0
14271 1
14272 0
14273 1
14274 0
14275 1
14276 0
14277 1
14278 0
14279 1
14280 0
14281 1
14282 2
14283 0
14284 1
14285 0
14286 1
14287 2
14288 0
14289 2
14290 0
14291 1
14292 0
14293 1
14294 0
14295 1
14296 0
14297 1
14298 2
14299 0
14300 1
14301 0
14302 1
14303 0
14304 1
14305 2
14306 0
14307 2
14308 1
14309 2
14310 1
14311 0
14312 2
14313 1
14314 0
14315 1
14316 2
14317 0
14318 2
14319 1
14320 0
14321 1
14322 0
14323 2
14324 1
14325 2
14326 0
14327 2
14328 1
14329 0
14330 1
14331 2
14332 0
14333 1
14334 0
14335 1
14336 0
14337 1
14338 2
14339 1
14340 0
14341 1
14342 2
14343 0
14344 1
14345 2
14346 3
14347 0
14348 2
14349 0
14350 1
14351 0
14352 2
14353 1
14354 0
14355 1
14356 2
14357 0
14358 1
14359 2
14360 0
14361 1
14362 2
14363 0
14364 2
14365 1
14366 0
14367 1
14368 0
14369 1
14370 2
14371 0
14372 1
14373 0
14374 1
14375 0
14376 1
14377 0
14378 1
14379 0
14380 1
14381 0
14382 2
14383 0
14384 1
14385 0
14386 2
14387 1
14388 2
14389 0
14390 1
14391 0
14392 1
14393 0
14394 1
14395 0
14396 1
14397 0
14398 1
14399 0
14400 1
14401 3
14402 0
14403 1
14404 0
14405 1
14406 2
14407 0
14408 1
14409 0
14410 1
14411 2
14412 0
14413 1
14414 0
14415 1
14416 0
14417 1
14418 0
14419 1
14420 2
14421 0
14422 1
14423 0
14424 2
14425 1
14426 0
14427 1
14428 0
14429 1
14430 0
14431 2
14432 0
14433 1
14434 2
14435 0
14436 1
14437 0
14438 2
14439 0
14440 1
14441 2
14442 1
14443 0
14444 2
14445 1
14446 0
14447 1
14448 2
14449 0
14450 2
14451 1
14452 0
14453 1
14454 0
14455 1
14456 0
14457 1
14458 0
14459 1
14460 0
14461 1
14462 0
14463 2
14464 1
14465 0
14466 1
14467 0
14468 1
14469 0
14470 1
14471 0
14472 1
14473 0
14474 1
14475 0
14476 2
14477 1
14478 2
14479 0
14480 2
14481 1
14482 0
14483 1
14484 0
14485 2
14486 1
14487 0
14488 1
14489 2
14490 0
14491 2
14492 1
14493 2
14494 0
14495 1
14496 0
14497 1
14498 0
14499 1
14500 0
14501 1
14502 0
14503 1
14504 0
14505 1
14506 0
14507 1
14508 0
14509 1
14510 0
14511 2
14512 1
14513 0
14514 1
14515 0
14516 1
14517 0
14518 1
14519 0
14520 1
14521 0
14522 1
14523 0
14524 1
14525 2
14526 0
14527 1
14528 0
14529 1
14530 0
14531 2
14532 1
14533 2
14534 0
14535 2
14536 0
14537 1
14538 0
14539 2
14540 1
14541 0
14542 1
14543 0
14544 2
14545 1
14546 2
14547 0
14548 2
14549 1
14550 2
14551 1
14552 0
14553 1
14554 0
14555 1
14556 2
14557 0
14558 1
14559 0
14560 1
14561 0
14562 1
14563 2
14564 0
14565 1
14566 0
14567 1
14568 0
14569 1
14570 0
14571 1
14572 2
14573 1
14574 0
14575 1
14576 2
14577 0
14578 1
14579 0
14580 1
14581 0
14582 1
14583 2
14584 0
14585 1
14586 0
14587 1
14588 0
14589 1
14590 0
14591 1
14592 2
14593 3
14594 1
14595 2
14596 1
14597 0
14598 1
14599 0
14600 1
14601 0
14602 2
14603 1
14604 0
14605 2
14606 1
14607 0
14608 1
14609 2
14610 1
14611 2
14612 0
14613 2
14614 1
14615 2
14616 0
14617 2
14618 1
14619 0
14620 1
14621 0
14622 1
14623 2
14624 0
14625 1
14626 0
14627 1
14628 0
14629 1
14630 0
14631 1
14632 0
14633 1
14634 0
14635 1
14636 0
14637 1
14638 0
14639 1
14640 0
14641 1
14642 0
14643 1
14644 2
14645 0
14646 2
14647 1
14648 2
14649 1
14650 0
14651 2
14652 1
14653 0
14654 1
14655 0
14656 1
14657 0
14658 1
14659 2
14660 1
14661 2
14662 0
14663 2
14664 1
14665 2
14666 0
14667 1
14668 2
14669 0
14670 1
14671 0
14672 1
14673 0
14674 1
14675 0
14676 1
14677 2
14678 1
14679 0
14680 2
14681 0
14682 1
14683 2
14684 0
14685 1
14686 2
14687 1
14688 0
14689 2
14690 1
14691 0
14692 1
14693 2
14694 0
14695 2
14696 1
14697 2
14698 0
14699 1
14700 0
14701 2
14702 0
14703 1
14704 2
14705 0
14706 1
14707 0
14708 2
14709 0
14710 2
14711 1
14712 0
14713 1
14714 0
14715 1
14716 0
14717 2
14718 1
14719 0
14720 1
14721 0
14722 1
14723 0
14724 1
14725 0
14726 1
14727 2
14728 0
14729 2
14730 1
14731 2
14732 0
14733 1
14734 0
14735 2
14736 1
14737 0
14738 1
14739 0
14740 2
14741 0
14742 1
14743 0
14744 1
14745 0
14746 1
14747 0
14748 1
14749 2
14750 0
14751 2
14752 1
14753 0
14754 1
14755 2
14756 1
14757 2
14758 0
14759 2
14760 1
14761 0
14762 1
14763 0
14764 1
14765 0
14766 2
14767 1
14768 0
14769 1
14770 2
14771 0
14772 1
14773 0
14774 1
14775 0
14776 2
14777 1
14778 0
14779 1
14780 2
14781 1
14782 2
14783 0
14784 2
14785 1
14786 0
14787 1
14788 2
14789 0
14790 1
14791 0
14792 2
14793 0
14794 1
14795 0
14796 1
14797 0
14798 1
14799 2
14800 0
14801 1
14802 2
14803 0
14804 1
14805 0
14806 1
14807 0
14808 1
14809 0
14810 2
14811 1
14812 2
14813 1
14814 0
14815 1
14816 2
14817 1
14818 0
14819 1
14820 0
14821 1
14822 0
14823 1
14824 2
14825 0
14826 1
14827 0
14828 1
14829 2
14830 0
14831 1
14832 0
14833 1
14834 0
14835 1
14836 0
14837 1
14838 2
14839 0
14840 1
14841 2
14842 0
14843 1
14844 0
14845 1
14846 2
14847 0
14848 1
14849 0
14850 1
14851 0
14852 1
14853 0
14854 1
14855 2
14856 0
14857 1
14858 0
14859 1
14860 0
14861 1
14862 0
14863 2
14864 1
14865 0
14866 1
14867 0
14868 1
14869 0
14870 1
14871 0
14872 1
14873 0
14874 2
14875 1
14876 0
14877 2
14878 1
14879 0
14880 1
14881 0
14882 1
14883 0
14884 1
14885 2
14886 0
14887 1
14888 0
14889 1
14890 2
14891 0
14892 1
14893 2
14894 0
14895 1
14896 0
14897 2
14898 1
14899 2
14900 1
14901 2
14902 0
14903 1
14904 0
14905 1
14906 0
14907 1
14908 0
14909 1
14910 0
14911 1
14912 2
14913 0
14914 1
14915 0
14916 1
14917 0
14918 2
14919 1
14920 0
14921 1
14922 0
14923 1
14924 2
14925 0
14926 2
14927 0
14928 1
14929 2
14930 0
14931 1
14932 0
14933 1
14934 2
14935 1
14936 0
14937 2
14938 1
14939 0
14940 1
14941 2
14942 0
14943 1
14944 2
14945 0
14946 1
14947 0
14948 1
14949 0
14950 2
14951 1
14952 0
14953 1
14954 0
14955 1
14956 0
14957 1
14958 2
14959 0
14960 2
14961 1
14962 2
14963 0
14964 1
14965 2
14966 0
14967 1
14968 0
14969 2
14970 0
14971 1
14972 0
14973 1
14974 2
14975 0
14976 2
14977 0
14978 1
14979 2
14980 1
14981 2
14982 0
14983 1
14984 0
14985 1
14986 0
14987 1
14988 2
14989 0
14990 1
14991 0
14992 2
14993 0
14994 2
14995 1
14996 2
14997 0
14998 2
14999 1
15000 0
15001 1
15002 2
15003 0
15004 1
15005 0
15006 1
15007 0
15008 1
15009 0
15010 1
15011 0
15012 1
15013 0
15014 1
15015 0
15016 1
15017 0
15018 1
15019 2
15020 0
15021 1
15022 0
15023 1
15024 0
15025 1
15026 0
15027 1
15028 2
15029 0
15030 2
15031 1
15032 2
15033 0
15034 2
15035 1
15036 2
15037 0
15038 1
15039 0
15040 1
15041 2
15042 1
15043 0
15044 2
15045 1
15046 0
15047 2
15048 1
15049 0
15050 1
15051 0
15052 1
15053 0
15054 1
15055 2
15056 1
15057 2
15058 1
15059 2
15060 0
15061 1
15062 0
15063 1
15064 0
15065 1
15066 2
15067 0
15068 2
15069 1
15070 0
15071 2
15072 1
15073 0
15074 1
15075 0
15076 2
15077 1
15078 2
15079 1
15080 0
15081 1
15082 2
15083 0
15084 1
15085 0
15086 1
15087 0
15088 1
15089 2
15090 0
15091 1
15092 0
15093 1
15094 0
15095 1
15096 0
15097 1
15098 2
15099 0
15100 2
15101 1
15102 2
15103 0
15104 1
15105 0
15106 1
15107 0
15108 2
15109 1
15110 0
15111 2
15112 1
15113 0
15114 2
15115 0
15116 1
15117 0
15118 1
15119 2
15120 0
15121 2
15122 1
15123 0
15124 1
15125 2
15126 0
15127 1
15128 0
15129 1
15130 0
15131 1
15132 2
15133 0
15134 1
15135 2
15136 0
15137 2
15138 0
15139 1
15140 2
15141 0
15142 1
15143 2
15144 0
15145 1
15146 0
15147 2
15148 0
15149 1
15150 0
15151 1
15152 2
15153 0
15154 1
15155 2
15156 0
15157 2
15158 1
15159 0
15160 1
15161 2
15162 0
15163 2
15164 1
15165 0
15166 2
15167 1
15168 0
15169 1
15170 0
15171 1
15172 0
15173 1
15174 2
15175 0
15176 2
15177 1
15178 0
15179 2
15180 1
15181 0
15182 2
15183 1
15184 2
15185 0
15186 1
15187 2
15188 0
15189 1
15190 0
15191 1
15192 0
15193 2
15194 1
15195 0
15196 2
15197 1
15198 2
15199 0
15200 1
15201 2
15202 0
15203 2
15204 0
15205 1
15206 0
15207 1
15208 2
15209 1
15210 0
15211 1
15212 2
15213 0
15214 1
15215 0
15216 1
15217 2
15218 0
15219 1
15220 0
15221 1
15222 2
15223 0
15224 1
15225 0
15226 1
15227 0
15228 1
15229 2
15230 0
15231 2
15232 1
15233 2
15234 0
15235 1
15236 0
15237 1
15238 0
15239 1
15240 0
15241 1
15242 0
15243 2
15244 0
15245 2
15246 1
15247 2
15248 0
15249 1
15250 0
15251 1
15252 2
15253 0
15254 2
15255 1
15256 0
15257 1
15258 2
15259 0
15260 1
15261 0
15262 1
15263 0
15264 2
15265 0
15266 1
15267 0
15268 1
15269 2
15270 0
15271 1
15272 0
15273 1
15274 0
15275 1
15276 0
15277 1
15278 0
15279 1
15280 2
15281 0
15282 1
15283 2
15284 0
15285 1
15286 0
15287 1
15288 2
15289 1
15290 2
15291 0
15292 1
15293 0
15294 2
15295 0
15296 1
15297 0
15298 1
15299 0
15300 1
15301 2
15302 0
15303 1
15304 0
15305 2
15306 1
15307 0
15308 1
15309 2
15310 0
15311 1
15312 2
15313 0
15314 1
15315 0
15316 1
15317 2
15318 1
15319 2
15320 1
15321 0
15322 1
15323 0
15324 1
15325 2
15326 0
15327 1
15328 0
15329 1
15330 0
15331 1
15332 0
15333 2
15334 0
15335 1
15336 2
15337 0
15338 1
15339 2
15340 0
15341 1
15342 0
15343 2
15344 1
15345 2
15346 0
15347 1
15348 0
15349 1
15350 2
15351 0
15352 1
15353 2
15354 0
15355 1
15356 2
15357 0
15358 1
15359 0
15360 1
15361 2
15362 0
15363 1
15364 0
15365 1
15366 2
15367 0
15368 1
15369 2
15370 0
15371 1
15372 2
15373 0
15374 1
15375 2
15376 0
15377 1
15378 2
15379 0
15380 1
15381 0
15382 1
15383 2
15384 1
15385 2
15386 1
15387 0
15388 1
15389 0
15390 2
15391 1
15392 0
15393 1
15394 0
15395 1
15396 0
15397 2
15398 0
15399 2
15400 1
15401 0
15402 1
15403 2
15404 1
15405 0
15406 1
15407 0
15408 1
15409 0
15410 1
15411 0
15412 2
15413 1
15414 2
15415 0
15416 2
15417 1
15418 0
15419 1
15420 2
15421 1
15422 0
15423 1
15424 0
15425 2
15426 0
15427 2
15428 1
15429 0
15430 1
15431 0
15432 1
15433 0
15434 1
15435 0
15436 1
15437 0
15438 1
15439 0
15440 1
15441 2
15442 1
15443 0
15444 2
15445 1
15446 0
15447 1
15448 0
15449 1
15450 0
15451 1
15452 0
15453 1
15454 0
15455 2
15456 1
15457 0
15458 1
15459 2
15460 0
15461 1
15462 2
15463 0
15464 1
15465 0
15466 2
15467 1
15468 0
15469 1
15470 2
15471 0
15472 1
15473 2
15474 0
15475 1
15476 0
15477 1
15478 0
15479 1
15480 2
15481 0
15482 1
15483 0
15484 1
15485 0
15486 1
15487 0
15488 2
15489 1
15490 0
15491 1
15492 2
15493 0
15494 1
15495 2
15496 1
15497 2
15498 1
15499 0
15500 1
15501 0
15502 2
15503 1
15504 0
15505 2
15506 1
15507 0
15508 1
15509 2
15510 0
15511 1
15512 0
15513 2
15514 1
15515 0
15516 1
15517 2
15518 0
15519 1
15520 0
15521 1
15522 0
15523 1
15524 0
15525 1
15526 0
15527 2
15528 1
15529 0
15530 1
15531 0
15532 1
15533 0
15534 1
15535 0
15536 1
15537 2
15538 0
15539 1
15540 0
15541 1
15542 0
15543 1
15544 2
15545 0
15546 1
15547 0
15548 1
15549 2
15550 0
15551 1
15552 2
15553 0
15554 1
15555 0
15556 2
15557 0
15558 1
15559 0
15560 1
15561 0
15562 2
15563 1
15564 2
15565 0
15566 1
15567 0
15568 1
15569 2
15570 0
15571 1
15572 2
15573 0
15574 1
15575 0
15576 1
15577 2
15578 0
15579 1
15580 0
15581 2
15582 1
15583 2
15584 1
15585 0
15586 1
15587 0
15588 1
15589 0
15590 2
15591 1
15592 0
15593 1
15594 0
15595 1
15596 0
15597 1
15598 0
15599 1
15600 0
15601 2
15602 0
15603 1
15604 2
15605 0
15606 1
15607 2
15608 0
15609 1
15610 0
15611 2
15612 1
15613 0
15614 2
15615 1
15616 0
15617 1
15618 0
15619 1
15620 2
15621 0
15622 1
15623 0
15624 1
15625 0
15626 2
15627 1
15628 0
15629 1
15630 0
15631 1
15632 0
15633 1
15634 0
15635 1
15636 0
15637 1
15638 3
15639 0
15640 1
15641 0
15642 2
15643 1
15644 2
15645 0
15646 1
15647 0
15648 1
15649 0
15650 2
15651 0
15652 2
15653 1
15654 0
15655 1
15656 0
15657 1
15658 0
15659 1
15660 0
15661 1
15662 0
15663 1
15664 2
15665 0
15666 2
15667 1
15668 0
15669 2
15670 1
15671 0
15672 2
15673 1
15674 2
15675 1
15676 0
15677 1
15678 2
15679 0
15680 1
15681 0
15682 1
15683 0
15684 1
15685 0
15686 1
15687 0
15688 2
15689 1
15690 0
15691 1
15692 0
15693 1
15694 0
15695 1
15696 0
15697 1
15698 0
15699 1
15700 0
15701 1
15702 2
15703 1
15704 2
15705 0
15706 1
15707 0
15708 1
15709 2
15710 1
15711 2
15712 0
15713 1
15714 0
15715 2
15716 1
15717 0
15718 1
15719 0
15720 1
15721 0
15722 2
15723 1
15724 0
15725 1
15726 0
15727 1
15728 0
15729 1
15730 0
15731 1
15732 0
15733 1
15734 2
15735 0
15736 2
15737 1
15738 2
15739 0
15740 1
15741 0
15742 1
15743 0
15744 1
15745 0
15746 1
15747 2
15748 0
15749 2
15750 1
15751 0
15752 1
15753 2
15754 0
15755 1
15756 0
15757 1
15758 2
15759 0
15760 1
15761 2
15762 0
15763 1
15764 0
15765 1
15766 0
15767 1
15768 0
15769 1
15770 0
15771 1
15772 0
15773 1
15774 2
15775 0
15776 1
15777 0
15778 2
15779 1
15780 0
15781 1
15782 0
15783 2
15784 1
15785 2
15786 0
15787 1
15788 2
15789 0
15790 1
15791 0
15792 2
15793 0
15794 1
15795 0
15796 1
15797 0
15798 2
15799 1
15800 0
15801 1
15802 2
15803 0
15804 1
15805 0
15806 1
15807 0
15808 1
15809 0
15810 1
15811 2
15812 0
15813 1
15814 0
15815 1
15816 0
15817 2
15818 1
15819 2
15820 0
15821 2
15822 0
15823 2
15824 0
15825 1
15826 0
15827 1
15828 0
15829 1
15830 2
15831 0
15832 1
15833 0
15834 1
15835 2
15836 1
15837 0
15838 2
15839 1
15840 0
15841 1
15842 0
15843 1
15844 0
15845 1
15846 0
15847 2
15848 0
15849 2
15850 0
15851 2
15852 1
15853 2
15854 0
15855 1
15856 0
15857 1
15858 0
15859 1
15860 2
15861 0
15862 1
15863 0
15864 1
15865 0
15866 1
15867 0
15868 1
15869 2
15870 0
15871 1
15872 0
15873 1
15874 2
15875 0
15876 1
15877 2
15878 0
15879 1
15880 2
15881 0
15882 1
15883 0
15884 1
15885 0
15886 1
15887 0
15888 1
15889 2
15890 0
15891 1
15892 0
15893 1
15894 0
15895 1
15896 2
15897 0
15898 1
15899 0
15900 1
15901 2
15902 0
15903 1
15904 0
15905 2
15906 1
15907 0
15908 1
15909 0
15910 1
15911 2
15912 0
15913 2
15914 1
15915 0
15916 2
15917 1
15918 2
15919 0
15920 1
15921 0
15922 1
15923 2
15924 0
15925 1
15926 2
15927 0
15928 2
15929 1
15930 0
15931 1
15932 0
15933 1
15934 0
15935 1
15936 0
15937 2
15938 1
15939 0
15940 1
15941 3
15942 0
15943 2
15944 1
15945 2
15946 0
15947 2
15948 1
15949 2
15950 0
15951 2
15952 0
15953 1
15954 0
15955 1
15956 0
15957 1
15958 0
15959 1
15960 0
15961 1
15962 0
15963 1
15964 2
15965 0
15966 1
15967 2
15968 1
15969 0
15970 1
15971 0
15972 1
15973 0
15974 1
15975 0
15976 1
15977 0
15978 1
15979 0
15980 2
15981 0
15982 1
15983 0
15984 1
15985 0
15986 1
15987 2
15988 0
15989 1
15990 0
15991 1
15992 0
15993 1
15994 2
15995 0
15996 1
15997 0
15998 1
15999 0
16000 2
16001 1
16002 0
16003 3
16004 2
16005 1
16006 2
16007 1
16008 0
16009 1
16010 0
16011 1
16012 0
16013 1
16014 0
16015 1
16016 0
16017 2
16018 0
16019 1
16020 0
16021 2
16022 1
16023 0
16024 2
16025 1
16026 0
16027 2
16028 0
16029 1
16030 0
16031 1
16032 0
16033 1
16034 0
16035 1
16036 0
16037 1
16038 0
16039 2
16040 0
16041 1
16042 0
16043 1
16044 0
16045 1
16046 2
16047 0
16048 1
16049 0
16050 1
16051 0
16052 1
16053 2
16054 0
16055 1
16056 0
16057 2
16058 1
16059 0
16060 1
16061 2
16062 0
16063 2
16064 0
16065 2
16066 1
16067 0
16068 1
16069 0
16070 1
16071 2
16072 0
16073 2
16074 1
16075 0
16076 1
16077 2
16078 0
16079 1
16080 2
16081 1
16082 2
16083 0
16084 1
16085 2
16086 0
16087 2
16088 0
16089 2
16090 0
16091 1
16092 2
16093 1
16094 2
16095 0
16096 1
16097 2
16098 0
16099 1
16100 0
16101 1
16102 2
16103 1
16104 0
16105 1
16106 2
16107 3
16108 0
16109 2
16110 1
16111 2
16112 1
16113 0
16114 1
16115 0
16116 2
16117 0
16118 2
16119 1
16120 2
16121 0
16122 1
16123 2
16124 0
16125 2
16126 1
16127 2
16128 0
16129 1
16130 0
16131 1
16132 2
16133 0
16134 2
16135 0
16136 1
16137 0
16138 1
16139 0
16140 1
16141 2
16142 0
16143 1
16144 0
16145 1
16146 0
16147 2
16148 1
16149 0
16150 2
16151 1
16152 2
16153 0
16154 1
16155 2
16156 0
16157 1
16158 0
16159 2
16160 1
16161 0
16162 1
16163 0
16164 1
16165 0
16166 1
16167 0
16168 1
16169 0
16170 1
16171 2
16172 1
16173 0
16174 1
16175 0
16176 1
16177 0
16178 1
16179 2
16180 0
16181 1
16182 2
16183 1
16184 0
16185 1
16186 0
16187 1
16188 0
16189 1
16190 2
16191 0
16192 1
16193 0
16194 1
16195 2
16196 0
16197 2
16198 1
16199 2
16200 0
16201 1
16202 0
16203 2
16204 1
16205 0
16206 1
16207 0
16208 1
16209 2
16210 0
16211 1
16212 2
16213 0
16214 1
16215 2
16216 0
16217 1
16218 0
16219 1
16220 0
16221 2
16222 0
16223 1
16224 2
16225 0
16226 1
16227 0
16228 1
16229 0
16230 1
16231 2
16232 0
16233 1
16234 0
16235 1
16236 0
16237 1
16238 0
16239 1
16240 0
16241 1
16242 2
16243 0
16244 1
16245 2
16246 0
16247 1
16248 2
16249 0
16250 2
16251 1
16252 2
16253 0
16254 1
16255 0
16256 2
16257 1
16258 0
16259 2
16260 1
16261 0
16262 1
16263 2
16264 0
16265 1
16266 2
16267 1
16268 0
16269 1
16270 0
16271 2
16272 0
16273 1
16274 0
16275 1
16276 0
16277 1
16278 0
16279 1
16280 0
16281 1
16282 2
16283 0
16284 2
16285 1
16286 0
16287 2
16288 1
16289 0
16290 1
16291 0
16292 1
16293 0
16294 2
16295 0
16296 1
16297 2
16298 0
16299 1
16300 0
16301 1
16302 2
16303 0
16304 1
16305 2
16306 0
16307 1
16308 0
16309 1
16310 0
16311 1
16312 2
16313 3
16314 0
16315 1
16316 0
16317 1
16318 2
16319 0
16320 2
16321 1
16322 0
16323 2
16324 0
16325 1
16326 0
16327 1
16328 2
16329 0
16330 1
16331 0
16332 1
16333 0
16334 1
16335 2
16336 0
16337 1
16338 2
16339 0
16340 2
16341 1
16342 0
16343 1
16344 0
16345 1
16346 0
16347 1
16348 2
16349 1
16350 0
16351 1
16352 2
16353 0
16354 2
16355 1
16356 0
16357 1
16358 0
16359 2
16360 1
16361 0
16362 1
16363 2
16364 0
16365 1
16366 0
16367 1
16368 2
16369 1
16370 0
16371 2
16372 1
16373 0
16374 1
16375 0
16376 1
16377 2
16378 0
16379 1
16380 2
16381 0
16382 1
16383 0
16384 2
16385 1
16386 2
16387 0
16388 2
16389 1
16390 2
16391 0
16392 1
16393 0
16394 1
16395 0
16396 1
16397 0
16398 1
16399 0
16400 1
16401 2
16402 0
16403 2
16404 1
16405 0
16406 1
16407 0
16408 2
16409 1
16410 0
16411 2
16412 0
16413 1
16414 0
16415 1
16416 2
16417 0
16418 1
16419 0
16420 1
16421 2
16422 0
16423 1
16424 0
16425 1
16426 2
16427 0
16428 2
16429 1
16430 0
16431 1
16432 0
16433 1
16434 0
16435 2
16436 1
16437 0
16438 1
16439 0
16440 1
16441 0
16442 1
16443 0
16444 2
16445 1
16446 2
16447 0
16448 1
16449 0
16450 2
16451 0
16452 1
16453 2
16454 0
16455 1
16456 0
16457 1
16458 0
16459 1
16460 0
16461 1
16462 2
16463 0
16464 2
16465 0
16466 1
16467 2
16468 0
16469 2
16470 1
16471 2
16472 0
16473 1
16474 0
16475 2
16476 1
16477 0
16478 1
16479 0
16480 2
16481 0
16482 1
16483 0
16484 1
16485 0
16486 2
16487 1
16488 0
16489 1
16490 0
16491 1
16492 2
16493 1
16494 0
16495 1
16496 0
16497 2
16498 1
16499 0
16500 1
16501 0
16502 1
16503 0
16504 1
16505 0
16506 1
16507 0
16508 2
16509 1
16510 2
16511 0
16512 1
16513 0
16514 1
16515 0
16516 1
16517 0
16518 1
16519 0
16520 2
16521 1
16522 2
16523 1
16524 2
16525 1
16526 2
16527 0
16528 1
16529 2
16530 0
16531 1
16532 0
16533 1
16534 0
16535 1
16536 0
16537 1
16538 2
16539 0
16540 2
16541 1
16542 0
16543 1
16544 0
16545 1
16546 0
16547 1
16548 0
16549 1
16550 2
16551 1
16552 0
16553 2
16554 1
16555 0
16556 1
16557 2
16558 1
16559 0
16560 1
16561 0
16562 2
16563 1
16564 0
16565 1
16566 0
16567 1
16568 0
16569 1
16570 2
16571 3
16572 0
16573 2
16574 0
16575 1
16576 0
16577 1
16578 0
16579 1
16580 0
16581 1
16582 0
16583 2
16584 1
16585 0
16586 1
16587 2
16588 0
16589 1
16590 0
16591 1
16592 2
16593 0
16594 2
16595 0
16596 1
16597 2
16598 0
16599 2
16600 0
16601 1
16602 2
16603 1
16604 0
16605 1
16606 0
16607 2
16608 1
16609 0
16610 2
16611 1
16612 2
16613 0
16614 1
16615 2
16616 0
16617 2
16618 1
16619 0
16620 1
16621 2
16622 1
16623 0
16624 1
16625 0
16626 2
16627 1
16628 2
16629 3
16630 1
16631 0
16632 2
16633 0
16634 1
16635 0
16636 1
16637 2
16638 0
16639 2
16640 0
16641 1
16642 2
16643 0
16644 1
16645 0
16646 2
16647 1
16648 0
16649 1
16650 0
16651 2
16652 0
16653 1
16654 2
16655 3
16656 1
16657 0
16658 2
16659 1
16660 0
16661 1
16662 2
16663 0
16664 2
16665 1
16666 2
16667 0
16668 1
16669 2
16670 0
16671 1
16672 0
16673 1
16674 0
16675 2
16676 1
16677 0
16678 2
16679 1
16680 0
16681 2
16682 1
16683 2
16684 1
16685 0
16686 2
16687 0
16688 1
16689 2
16690 1
16691 2
16692 1
16693 0
16694 1
16695 0
16696 1
16697 2
16698 1
16699 0
16700 2
16701 1
16702 0
16703 2
16704 1
16705 2
16706 1
16707 0
16708 2
16709 1
16710 0
16711 2
16712 0
16713 2
16714 1
16715 2
16716 0
16717 1
16718 0
16719 2
16720 1
16721 0
16722 1
16723 0
16724 1
16725 0
16726 1
16727 0
16728 2
16729 1
16730 0
16731 1
16732 2
16733 0
16734 1
16735 0
16736 1
16737 0
16738 1
16739 2
16740 1
16741 0
16742 1
16743 0
16744 2
16745 1
16746 2
16747 0
16748 2
16749 1
16750 0
16751 2
16752 1
16753 3
16754 0
16755 2
16756 0
16757 1
16758 0
16759 1
16760 2
16761 0
16762 2
16763 0
16764 2
16765 3
16766 0
16767 1
16768 0
16769 1
16770 0
16771 1
16772 0
16773 1
16774 0
16775 2
16776 1
16777 0
16778 1
16779 0
16780 1
16781 2
16782 1
16783 0
16784 1
16785 0
16786 1
16787 0
16788 1
16789 0
16790 1
16791 0
16792 1
16793 0
16794 1
16795 0
16796 1
16797 2
16798 0
16799 2
16800 1
16801 2
16802 0
16803 1
16804 2
16805 0
16806 2
16807 1
16808 2
16809 0
16810 1
16811 0
16812 1
16813 0
16814 1
16815 0
16816 1
16817 0
16818 1
16819 2
16820 0
16821 1
16822 0
16823 1
16824 2
16825 0
16826 2
16827 1
16828 2
16829 0
16830 2
16831 1
16832 2
16833 0
16834 2
16835 1
16836 0
16837 1
16838 2
16839 0
16840 1
16841 0
16842 2
16843 1
16844 0
16845 1
16846 0
16847 1
16848 0
16849 1
16850 0
16851 1
16852 0
16853 1
16854 0
16855 1
16856 0
16857 2
16858 1
16859 0
16860 1
16861 0
16862 1
16863 0
16864 1
16865 0
16866 1
16867 0
16868 1
16869 0
16870 2
16871 1
16872 0
16873 1
16874 0
16875 1
16876 0
16877 1
16878 0
16879 1
16880 0
16881 1
16882 0
16883 2
16884 1
16885 0
16886 2
16887 1
16888 2
16889 1
16890 0
16891 1
16892 0
16893 2
16894 1
16895 2
16896 0
16897 1
16898 0
16899 1
16900 0
16901 2
16902 0
16903 1
16904 0
16905 1
16906 2
16907 0
16908 1
16909 2
16910 1
16911 0
16912 2
16913 0
16914 1
16915 0
16916 1
16917 0
16918 1
16919 0
16920 1
16921 0
16922 1
16923 0
16924 1
16925 2
16926 0
16927 1
16928 0
16929 1
16930 2
16931 0
16932 1
16933 0
16934 1
16935 0
16936 1
16937 0
16938 1
16939 0
16940 2
16941 1
16942 0
16943 1
16944 2
16945 1
16946 2
16947 0
16948 1
16949 0
16950 1
16951 0
16952 1
16953 0
16954 1
16955 0
16956 1
16957 2
16958 0
16959 1
16960 0
16961 1
16962 2
16963 0
16964 1
16965 2
16966 0
16967 1
16968 0
16969 1
16970 0
16971 2
16972 1
16973 2
16974 1
16975 0
16976 2
16977 1
16978 0
16979 1
16980 0
16981 1
16982 0
16983 1
16984 0
16985 1
16986 0
16987 1
16988 2
16989 1
16990 0
16991 1
16992 0
16993 1
16994 0
16995 1
16996 2
16997 0
16998 1
16999 0
17000 1
17001 0
17002 2
17003 1
17004 0
17005 1
17006 0
17007 1
17008 0
17009 1
17010 0
17011 1
17012 2
17013 1
17014 0
17015 1
17016 2
17017 1
17018 2
17019 1
17020 0
17021 1
17022 2
17023 0
17024 1
17025 0
17026 2
17027 0
17028 1
17029 2
17030 1
17031 0
17032 1
17033 0
17034 1
17035 0
17036 1
17037 0
17038 2
17039 0
17040 1
17041 0
17042 1
17043 2
17044 0
17045 1
17046 2
17047 0
17048 1
17049 0
17050 2
17051 1
17052 0
17053 2
17054 0
17055 1
17056 2
17057 0
17058 1
17059 2
17060 3
17061 0
17062 1
17063 0
17064 1
17065 0
17066 1
17067 2
17068 0
17069 1
17070 0
17071 2
17072 1
17073 0
17074 1
17075 0
17076 1
17077 2
17078 0
17079 1
17080 0
17081 2
17082 1
17083 0
17084 1
17085 0
17086 1
17087 2
17088 0
17089 2
17090 1
17091 2
17092 0
17093 2
17094 1
17095 0
17096 1
17097 2
17098 0
17099 1
17100 0
17101 2
17102 1
17103 2
17104 1
17105 2
17106 0
17107 1
17108 0
17109 1
17110 0
17111 2
17112 1
17113 0
17114 1
17115 0
17116 1
17117 2
17118 0
17119 1
17120 0
17121 1
17122 2
17123 1
17124 0
17125 1
17126 0
17127 1
17128 0
17129 2
17130 1
17131 2
17132 0
17133 1
17134 0
17135 2
17136 1
17137 0
17138 1
17139 0
17140 2
17141 0
17142 1
17143 0
17144 1
17145 0
17146 1
17147 0
17148 1
17149 0
17150 1
17151 0
17152 1
17153 0
17154 1
17155 0
17156 1
17157 0
17158 1
17159 2
17160 0
17161 1
17162 2
17163 0
17164 1
17165 0
17166 1
17167 0
17168 1
17169 0
17170 1
17171 0
17172 1
17173 0
17174 2
17175 1
17176 0
17177 1
17178 2
17179 0
17180 1
17181 0
17182 1
17183 0
17184 2
17185 1
17186 2
17187 0
17188 1
17189 0
17190 1
17191 0
17192 2
17193 1
17194 0
17195 1
17196 0
17197 1
17198 0
17199 2
17200 0
17201 2
17202 1
17203 2
17204 1
17205 0
17206 1
17207 0
17208 2
17209 0
17210 1
17211 0
17212 2
17213 0
17214 2
17215 1
17216 2
17217 1
17218 0
17219 1
17220 0
17221 2
17222 1
17223 0
17224 1
17225 2
17226 1
17227 2
17228 0
17229 1
17230 2
17231 0
17232 1
17233 0
17234 1
17235 2
17236 0
17237 1
17238 0
17239 1
17240 2
17241 0
17242 2
17243 0
17244 1
17245 0
17246 1
17247 2
17248 0
17249 1
17250 0
17251 2
17252 1
17253 2
17254 0
17255 1
17256 0
17257 1
17258 0
17259 1
17260 0
17261 1
17262 2
17263 0
17264 1
17265 2
17266 0
17267 1
17268 0
17269 2
17270 1
17271 0
17272 1
17273 0
17274 1
17275 0
17276 1
17277 0
17278 1
17279 2
17280 1
17281 0
17282 1
17283 2
17284 0
17285 1
17286 0
17287 1
17288 0
17289 1
17290 0
17291 1
17292 0
17293 1
17294 2
17295 0
17296 1
17297 2
17298 1
17299 0
17300 1
17301 0
17302 2
17303 1
17304 0
17305 1
17306 0
17307 1
17308 0
17309 2
17310 0
17311 1
17312 0
17313 1
17314 0
17315 1
17316 2
17317 0
17318 1
17319 2
17320 1
17321 0
17322 2
17323 1
17324 0
17325 1
17326 0
17327 1
17328 2
17329 0
17330 1
17331 0
17332 1
17333 2
17334 0
17335 1
17336 2
17337 0
17338 1
17339 2
17340 0
17341 2
17342 1
17343 2
17344 1
17345 0
17346 2
17347 1
17348 0
17349 1
17350 0
17351 1
17352 0
17353 1
17354 0
17355 1
17356 0
17357 1
17358 0
17359 2
17360 1
17361 0
17362 1
17363 0
17364 1
17365 0
17366 1
17367 2
17368 0
17369 2
17370 1
17371 0
17372 2
17373 0
17374 2
17375 1
17376 0
17377 1
17378 0
17379 2
17380 0
17381 1
17382 0
17383 1
17384 0
17385 2
17386 0
17387 1
17388 0
17389 1
17390 0
17391 1
17392 2
17393 0
17394 1
17395 0
17396 2
17397 1
17398 0
17399 2
17400 1
17401 2
17402 0
17403 1
17404 0
17405 2
17406 1
17407 2
17408 0
17409 1
17410 2
17411 0
17412 2
17413 0
17414 1
17415 2
17416 0
17417 1
17418 2
17419 0
17420 1
17421 0
17422 1
17423 2
17424 0
17425 1
17426 2
17427 0
17428 1
17429 0
17430 1
17431 2
17432 1
17433 0
17434 1
17435 0
17436 2
17437 1
17438 0
17439 2
17440 1
17441 0
17442 1
17443 2
17444 1
17445 0
17446 1
17447 0
17448 1
17449 0
17450 1
17451 0
17452 1
17453 0
17454 2
17455 1
17456 0
17457 1
17458 0
17459 1
17460 0
17461 1
17462 2
17463 0
17464 1
17465 0
17466 1
17467 2
17468 0
17469 1
17470 0
17471 1
17472 2
17473 1
17474 0
17475 1
17476 0
17477 1
17478 0
17479 2
17480 1
17481 2
17482 0
17483 1
17484 0
17485 1
17486 0
17487 1
17488 0
17489 1
17490 2
17491 0
17492 1
17493 2
17494 1
17495 0
17496 2
17497 1
17498 0
17499 1
17500 2
17501 0
17502 1
17503 0
17504 2
17505 0
17506 2
17507 0
17508 1
17509 2
17510 0
17511 1
17512 0
17513 1
17514 0
17515 2
17516 1
17517 0
17518 1
17519 0
17520 1
17521 0
17522 1
17523 0
17524 1
17525 0
17526 1
17527 2
17528 0
17529 2
17530 0
17531 1
17532 0
17533 1
17534 0
17535 1
17536 0
17537 2
17538 1
17539 0
17540 2
17541 1
17542 0
17543 1
17544 0
17545 1
17546 2
17547 1
17548 0
17549 2
17550 1
17551 2
17552 0
17553 1
17554 2
17555 0
17556 1
17557 2
17558 0
17559 1
17560 0
17561 1
17562 0
17563 2
17564 1
17565 0
17566 1
17567 0
17568 1
17569 0
17570 1
17571 0
17572 2
17573 1
17574 2
17575 0
17576 1
17577 0
17578 1
17579 0
17580 1
17581 0
17582 1
17583 0
17584 1
17585 0
17586 1
17587 0
17588 2
17589 1
17590 2
17591 1
17592 2
17593 0
17594 1
17595 0
17596 1
17597 0
17598 1
17599 0
17600 1
17601 2
17602 0
17603 1
17604 2
17605 0
17606 1
17607 0
17608 1
17609 0
17610 1
17611 0
17612 1
17613 0
17614 1
17615 0
17616 1
17617 2
17618 0
17619 2
17620 1
17621 0
17622 1
17623 0
17624 1
17625 0
17626 1
17627 2
17628 0
17629 1
17630 0
17631 1
17632 2
17633 0
17634 1
17635 0
17636 1
17637 0
17638 1
17639 0
17640 1
17641 0
17642 1
17643 0
17644 1
17645 0
17646 1
17647 2
17648 0
17649 2
17650 1
17651 2
17652 0
17653 2
17654 1
17655 2
17656 1
17657 0
17658 1
17659 0
17660 1
17661 0
17662 1
17663 0
17664 2
17665 1
17666 0
17667 2
17668 1
17669 0
17670 1
17671 0
17672 1
17673 0
17674 2
17675 1
17676 2
17677 0
17678 2
17679 1
17680 0
17681 1
17682 0
17683 2
17684 1
17685 0
17686 1
17687 0
17688 1
17689 0
17690 1
17691 2
17692 0
17693 2
17694 1
17695 0
17696 1
17697 0
17698 1
17699 0
17700 1
17701 2
17702 1
17703 0
17704 1
17705 0
17706 2
17707 0
17708 1
17709 0
17710 1
17711 0
17712 1
17713 2
17714 0
17715 2
17716 0
17717 1
17718 2
17719 0
17720 1
17721 0
17722 2
17723 1
17724 0
17725 1
17726 0
17727 2
17728 1
17729 0
17730 1
17731 0
17732 1
17733 0
17734 1
17735 0
17736 1
17737 2
17738 0
17739 2
17740 1
17741 2
17742 0
17743 1
17744 0
17745 2
17746 1
17747 2
17748 0
17749 1
17750 0
17751 1
17752 2
17753 0
17754 2
17755 1
17756 0
17757 1
17758 2
17759 0
17760 1
17761 0
17762 1
17763 0
17764 1
17765 0
17766 1
17767 2
17768 0
17769 1
17770 0
17771 1
17772 0
17773 2
17774 1
17775 2
17776 1
17777 0
17778 2
17779 1
17780 2
17781 0
17782 1
17783 2
17784 0
17785 1
17786 0
17787 1
17788 2
17789 0
17790 2
17791 1
17792 2
17793 1
17794 2
17795 1
17796 0
17797 2
17798 1
17799 0
17800 1
17801 0
17802 1
17803 2
17804 0
17805 2
17806 1
17807 0
17808 2
17809 1
17810 0
17811 1
17812 2
17813 0
17814 1
17815 2
17816 0
17817 1
17818 2
17819 0
17820 1
17821 2
17822 1
17823 2
17824 0
17825 1
17826 2
17827 1
17828 0
17829 1
17830 0
17831 1
17832 0
17833 1
17834 2
17835 0
17836 1
17837 0
17838 1
17839 0
17840 1
17841 0
17842 1
17843 0
17844 1
17845 0
17846 1
17847 0
17848 1
17849 0
17850 1
17851 2
17852 0
17853 2
17854 1
17855 2
17856 0
17857 1
17858 2
17859 0
17860 1
17861 0
17862 1
17863 2
17864 0
17865 1
17866 0
17867 1
17868 0
17869 2
17870 1
17871 0
17872 1
17873 2
17874 1
17875 0
17876 1
17877 2
17878 0
17879 2
17880 1
17881 2
17882 0
17883 1
17884 0
17885 1
17886 0
17887 2
17888 1
17889 0
17890 2
17891 1
17892 2
17893 0
17894 1
17895 2
17896 0
17897 1
17898 0
17899 2
17900 1
17901 2
17902 0
17903 1
17904 0
17905 1
17906 0
17907 1
17908 0
17909 1
17910 2
17911 0
17912 1
17913 0
17914 2
17915 0
17916 1
17917 0
17918 1
17919 0
17920 1
17921 0
17922 1
17923 0
17924 2
17925 1
17926 2
17927 0
17928 1
17929 2
17930 0
17931 1
17932 2
17933 1
17934 0
17935 1
17936 0
17937 1
17938 0
17939 1
17940 0
17941 1
17942 0
17943 2
17944 1
17945 2
17946 0
17947 2
17948 1
17949 2
17950 0
17951 1
17952 0
17953 2
17954 0
17955 1
17956 2
17957 0
17958 1
17959 2
17960 0
17961 1
17962 2
17963 1
17964 0
17965 2
17966 1
17967 2
17968 0
17969 1
17970 0
17971 2
17972 0
17973 2
17974 1
17975 0
17976 2
17977 1
17978 2
17979 0
17980 2
17981 1
17982 2
17983 1
17984 0
17985 2
17986 0
17987 2
17988 1
17989 0
17990 1
17991 0
17992 1
17993 0
17994 1
17995 0
17996 2
17997 0
17998 2
17999 1
18000 2
18001 0
18002 2
18003 1
18004 2
18005 0
18006 2
18007 1
18008 0
18009 1
18010 0
18011 1
18012 0
18013 1
18014 0
18015 1
18016 0
18017 1
18018 0
18019 1
18020 2
18021 0
18022 1
18023 2
18024 1
18025 2
18026 0
18027 2
18028 0
18029 1
18030 0
18031 2
18032 1
18033 0
18034 1
18035 2
18036 0
18037 1
18038 2
18039 0
18040 2
18041 1
18042 0
18043 1
18044 0
18045 1
18046 0
18047 2
18048 1
18049 0
18050 1
18051 0
18052 1
18053 0
18054 1
18055 0
18056 1
18057 2
18058 0
18059 1
18060 2
18061 0
18062 1
18063 2
18064 0
18065 1
18066 0
18067 1
18068 0
18069 1
18070 0
18071 1
18072 0
18073 3
18074 1
18075 2
18076 1
18077 2
18078 0
18079 1
18080 2
18081 0
18082 1
18083 0
18084 1
18085 0
18086 1
18087 0
18088 2
18089 1
18090 2
18091 0
18092 2
18093 1
18094 2
18095 0
18096 1
18097 0
18098 1
18099 0
18100 2
18101 0
18102 1
18103 2
18104 0
18105 1
18106 2
18107 0
18108 2
18109 1
18110 2
18111 0
18112 1
18113 2
18114 0
18115 1
18116 2
18117 0
18118 1
18119 0
18120 2
18121 0
18122 2
18123 1
18124 0
18125 1
18126 0
18127 1
18128 0
18129 1
18130 0
18131 2
18132 1
18133 0
18134 2
18135 1
18136 0
18137 2
18138 1
18139 0
18140 1
18141 0
18142 2
18143 1
18144 0
18145 1
18146 2
18147 0
18148 1
18149 0
18150 1
18151 2
18152 0
18153 1
18154 0
18155 1
18156 2
18157 0
18158 2
18159 1
18160 0
18161 1
18162 0
18163 1
18164 0
18165 1
18166 0
18167 1
18168 0
18169 1
18170 0
18171 1
18172 0
18173 1
18174 2
18175 0
18176 1
18177 0
18178 1
18179 0
18180 1
18181 0
18182 1
18183 2
18184 1
18185 0
18186 1
18187 0
18188 1
18189 0
18190 1
18191 0
18192 1
18193 0
18194 1
18195 0
18196 1
18197 0
18198 1
18199 0
18200 1
18201 0
18202 1
18203 2
18204 0
18205 1
18206 2
18207 0
18208 1
18209 0
18210 2
18211 1
18212 2
18213 0
18214 1
18215 2
18216 1
18217 2
18218 0
18219 1
18220 0
18221 1
18222 0
18223 1
18224 0
18225 2
18226 1
18227 0
18228 1
18229 2
18230 1
18231 0
18232 1
18233 0
18234 1
18235 0
18236 1
18237 0
18238 1
18239 0
18240 2
18241 1
18242 0
18243 1
18244 2
18245 1
18246 0
18247 1
18248 0
18249 2
18250 1
18251 2
18252 0
18253 1
18254 2
18255 0
18256 1
18257 0
18258 1
18259 2
18260 0
18261 1
18262 0
18263 1
18264 0
18265 1
18266 0
18267 1
18268 0
18269 1
18270 0
18271 1
18272 0
18273 2
18274 1
18275 2
18276 0
18277 2
18278 1
18279 2
18280 0
18281 1
18282 0
18283 2
18284 1
18285 0
18286 1
18287 0
18288 1
18289 0
18290 2
18291 1
18292 0
18293 1
18294 0
18295 1
18296 0
18297 2
18298 1
18299 0
18300 1
18301 2
18302 0
18303 2
18304 1
18305 2
18306 1
18307 0
18308 1
18309 2
18310 0
18311 1
18312 2
18313 0
18314 2
18315 1
18316 0
18317 1
18318 2
18319 0
18320 1
18321 0
18322 2
18323 1
18324 2
18325 0
18326 2
18327 1
18328 2
18329 1
18330 0
18331 2
18332 1
18333 0
18334 1
18335 2
18336 0
18337 1
18338 0
18339 2
18340 1
18341 2
18342 0
18343 1
18344 2
18345 0
18346 1
18347 0
18348 2
18349 1
18350 2
18351 0
18352 1
18353 0
18354 1
18355 2
18356 0
18357 1
18358 0
18359 1
18360 0
18361 2
18362 1
18363 0
18364 1
18365 2
18366 0
18367 1
18368 0
18369 1
18370 2
18371 0
18372 1
18373 0
18374 2
18375 0
18376 2
18377 1
18378 0
18379 1
18380 0
18381 1
18382 0
18383 2
18384 1
18385 3
18386 2
18387 0
18388 2
18389 0
18390 2
18391 0
18392 1
18393 0
18394 2
18395 1
18396 2
18397 0
18398 1
18399 2
18400 0
18401 1
18402 2
18403 0
18404 1
18405 2
18406 0
18407 1
18408 2
18409 1
18410 0
18411 1
18412 0
18413 2
18414 1
18415 2
18416 0
18417 2
18418 1
18419 0
18420 2
18421 1
18422 0
18423 1
18424 0
18425 1
18426 0
18427 2
18428 1
18429 0
18430 1
18431 0
18432 1
18433 0
18434 1
18435 2
18436 0
18437 1
18438 0
18439 1
18440 3
18441 2
18442 0
18443 2
18444 1
18445 0
18446 1
18447 0
18448 1
18449 0
18450 2
18451 1
18452 0
18453 1
18454 0
18455 1
18456 0
18457 1
18458 0
18459 1
18460 0
18461 2
18462 0
18463 1
18464 0
18465 2
18466 1
18467 0
18468 1
18469 2
18470 0
18471 1
18472 0
18473 1
18474 0
18475 2
18476 1
18477 0
18478 2
18479 1
18480 0
18481 1
18482 0
18483 1
18484 0
18485 1
18486 0
18487 1
18488 0
18489 1
18490 0
18491 1
18492 0
18493 1
18494 0
18495 2
18496 0
18497 1
18498 0
18499 1
18500 2
18501 1
18502 2
18503 0
18504 1
18505 0
18506 2
18507 1
18508 0
18509 1
18510 2
18511 0
18512 1
18513 2
18514 0
18515 1
18516 2
18517 0
18518 1
18519 2
18520 0
18521 2
18522 1
18523 0
18524 1
18525 0
18526 1
18527 2
18528 0
18529 1
18530 0
18531 1
18532 0
18533 1
18534 0
18535 1
18536 2
18537 0
18538 1
18539 0
18540 2
18541 0
18542 1
18543 0
18544 1
18545 0
18546 1
18547 0
18548 1
18549 2
18550 0
18551 1
18552 0
18553 1
18554 0
18555 2
18556 0
18557 1
18558 2
18559 0
18560 1
18561 2
18562 0
18563 2
18564 1
18565 0
18566 1
18567 2
18568 0
18569 1
18570 2
18571 0
18572 1
18573 2
18574 0
18575 2
18576 0
18577 2
18578 1
18579 0
18580 1
18581 0
18582 1
18583 0
18584 1
18585 2
18586 0
18587 1
18588 0
18589 1
18590 0
18591 1
18592 0
18593 1
18594 0
18595 1
18596 0
18597 1
18598 0
18599 2
18600 1
18601 2
18602 0
18603 1
18604 2
18605 1
18606 0
18607 2
18608 1
18609 0
18610 2
18611 1
18612 0
18613 1
18614 0
18615 2
18616 1
18617 2
18618 1
18619 0
18620 1
18621 0
18622 1
18623 2
18624 0
18625 1
18626 0
18627 1
18628 2
18629 1
18630 2
18631 0
18632 2
18633 1
18634 0
18635 1
18636 0
18637 1
18638 2
18639 0
18640 2
18641 1
18642 0
18643 1
18644 0
18645 1
18646 2
18647 1
18648 2
18649 0
18650 1
18651 0
18652 2
18653 1
18654 0
18655 1
18656 0
18657 1
18658 0
18659 1
18660 0
18661 1
18662 0
18663 3
18664 2
18665 0
18666 1
18667 2
18668 0
18669 1
18670 0
18671 2
18672 0
18673 1
18674 0
18675 1
18676 2
18677 1
18678 0
18679 1
18680 0
18681 1
18682 2
18683 0
18684 1
18685 0
18686 2
18687 1
18688 0
18689 1
18690 2
18691 0
18692 2
18693 1
18694 0
18695 1
18696 0
18697 1
18698 0
18699 2
18700 1
18701 0
18702 1
18703 0
18704 1
18705 0
18706 1
18707 2
18708 0
18709 1
18710 0
18711 2
18712 1
18713 0
18714 1
18715 2
18716 0
18717 1
18718 0
18719 2
18720 1
18721 0
18722 1
18723 0
18724 1
18725 2
18726 0
18727 1
18728 0
18729 1
18730 0
18731 2
18732 1
18733 0
18734 1
18735 0
18736 1
18737 0
18738 1
18739 0
18740 1
18741 0
18742 1
18743 0
18744 1
18745 0
18746 2
18747 0
18748 1
18749 0
18750 1
18751 0
18752 2
18753 1
18754 2
18755 0
18756 2
18757 1
18758 0
18759 2
18760 1
18761 0
18762 1
18763 0
18764 2
18765 1
18766 0
18767 1
18768 2
18769 0
18770 1
18771 2
18772 0
18773 2
18774 0
18775 1
18776 0
18777 1
18778 2
18779 0
18780 1
18781 0
18782 1
18783 0
18784 1
18785 2
18786 0
18787 1
18788 0
18789 2
18790 1
18791 0
18792 1
18793 0
18794 1
18795 0
18796 1
18797 0
18798 1
18799 0
18800 1
18801 2
18802 0
18803 1
18804 0
18805 1
18806 2
18807 1
18808 0
18809 2
18810 1
18811 0
18812 2
18813 1
18814 2
18815 0
18816 2
18817 1
18818 2
18819 0
18820 1
18821 0
18822 1
18823 2
18824 0
18825 1
18826 0
18827 2
18828 1
18829 0
18830 1
18831 0
18832 1
18833 2
18834 0
18835 2
18836 1
18837 0
18838 1
18839 2
18840 0
18841 1
18842 0
18843 1
18844 2
18845 3
18846 1
18847 0
18848 2
18849 1
18850 0
18851 2
18852 1
18853 2
18854 0
18855 2
18856 1
18857 0
18858 1
18859 0
18860 2
18861 1
18862 0
18863 1
18864 2
18865 0
18866 2
18867 0
18868 1
18869 0
18870 1
18871 2
18872 0
18873 1
18874 2
18875 0
18876 1
18877 2
18878 0
18879 2
18880 1
18881 0
18882 2
18883 1
18884 0
18885 1
18886 0
18887 1
18888 0
18889 1
18890 0
18891 2
18892 1
18893 0
18894 1
18895 2
18896 1
18897 0
18898 1
18899 0
18900 1
18901 0
18902 1
18903 2
18904 0
18905 1
18906 0
18907 1
18908 0
18909 2
18910 1
18911 0
18912 1
18913 0
18914 1
18915 2
18916 0
18917 1
18918 2
18919 0
18920 1
18921 0
18922 1
18923 0
18924 1
18925 0
18926 1
18927 0
18928 2
18929 0
18930 1
18931 0
18932 1
18933 0
18934 1
18935 0
18936 1
18937 2
18938 0
18939 1
18940 2
18941 0
18942 2
18943 1
18944 0
18945 2
18946 1
18947 0
18948 2
18949 1
18950 2
18951 1
18952 0
18953 1
18954 0
18955 1
18956 2
18957 0
18958 1
18959 0
18960 2
18961 1
18962 0
18963 1
18964 2
18965 0
18966 2
18967 1
18968 0
18969 2
18970 1
18971 0
18972 2
18973 0
18974 1
18975 2
18976 0
18977 1
18978 0
18979 2
18980 1
18981 0
18982 2
18983 0
18984 1
18985 0
18986 1
18987 0
18988 1
18989 0
18990 1
18991 0
18992 2
18993 1
18994 0
18995 1
18996 0
18997 2
18998 1
18999 2
19000 0
19001 1
19002 0
19003 2
19004 1
19005 2
19006 1
19007 2
19008 0
19009 1
19010 0
19011 2
19012 1
19013 0
19014 2
19015 0
19016 2
19017 1
19018 0
19019 1
19020 0
19021 2
19022 1
19023 0
19024 1
19025 0
19026 1
19027 0
19028 1
19029 2
19030 0
19031 2
19032 0
19033 1
19034 0
19035 2
19036 0
19037 2
19038 1
19039 0
19040 1
19041 0
19042 1
19043 0
19044 1
19045 0
19046 1
19047 2
19048 0
19049 2
19050 0
19051 1
19052 0
19053 1
19054 2
19055 0
19056 1
19057 0
19058 1
19059 2
19060 0
19061 2
19062 1
19063 2
19064 0
19065 1
19066 2
19067 1
19068 0
19069 1
19070 0
19071 1
19072 0
19073 1
19074 0
19075 1
19076 0
19077 1
19078 2
19079 1
19080 0
19081 2
19082 1
19083 2
19084 0
19085 1
19086 2
19087 0
19088 1
19089 0
19090 1
19091 0
19092 2
19093 1
19094 2
19095 1
19096 0
19097 1
19098 0
19099 1
19100 2
19101 0
19102 1
19103 0
19104 1
19105 0
19106 1
19107 2
19108 0
19109 1
19110 0
19111 1
19112 0
19113 1
19114 0
19115 1
19116 0
19117 1
19118 0
19119 2
19120 1
19121 2
19122 0
19123 1
19124 2
19125 1
19126 2
19127 0
19128 2
19129 1
19130 2
19131 0
19132 1
19133 0
19134 1
19135 0
19136 2
19137 1
19138 0
19139 2
19140 1
19141 0
19142 1
19143 0
19144 1
19145 0
19146 1
19147 2
19148 1
19149 2
19150 0
19151 1
19152 0
19153 1
19154 0
19155 1
19156 0
19157 1
19158 0
19159 1
19160 0
19161 2
19162 1
19163 0
19164 1
19165 0
19166 1
19167 0
19168 1
19169 0
19170 2
19171 0
19172 2
19173 0
19174 1
19175 0
19176 1
19177 0
19178 1
19179 0
19180 1
19181 2
19182 0
19183 1
19184 2
19185 0
19186 1
19187 0
19188 1
19189 0
19190 1
19191 0
19192 1
19193 2
19194 0
19195 1
19196 0
19197 1
19198 2
19199 0
19200 1
19201 2
19202 0
19203 1
19204 0
19205 2
19206 1
19207 2
19208 1
19209 0
19210 2
19211 0
19212 1
19213 2
19214 1
19215 2
19216 1
19217 0
19218 1
19219 0
19220 1
19221 0
19222 2
19223 1
19224 0
19225 1
19226 0
19227 1
19228 2
19229 0
19230 1
19231 0
19232 1
19233 2
19234 1
19235 0
19236 1
19237 0
19238 1
19239 0
19240 2
19241 1
19242 2
19243 1
19244 0
19245 2
19246 1
19247 0
19248 1
19249 2
19250 1
19251 0
19252 1
19253 0
19254 1
19255 2
19256 1
19257 2
19258 1
19259 0
19260 2
19261 1
19262 0
19263 2
19264 1
19265 0
19266 2
19267 1
19268 0
19269 1
19270 2
19271 0
19272 1
19273 0
19274 1
19275 0
19276 1
19277 2
19278 1
19279 0
19280 1
19281 2
19282 0
19283 1
19284 0
19285 1
19286 0
19287 1
19288 0
19289 1
19290 0
19291 1
19292 0
19293 1
19294 0
19295 1
19296 0
19297 1
19298 0
19299 1
19300 0
19301 2
19302 1
19303 2
19304 0
19305 1
19306 2
19307 0
19308 1
19309 0
19310 1
19311 0
19312 2
19313 1
19314 2
19315 0
19316 1
19317 0
19318 2
19319 1
19320 2
19321 0
19322 1
19323 0
19324 2
19325 1
19326 0
19327 2
19328 1
19329 2
19330 0
19331 2
19332 1
19333 2
19334 0
19335 1
19336 0
19337 1
19338 2
19339 0
19340 1
19341 0
19342 1
19343 0
19344 2
19345 1
19346 0
19347 2
19348 1
19349 0
19350 2
19351 1
19352 0
19353 2
19354 1
19355 0
19356 1
19357 2
19358 0
19359 1
19360 2
19361 0
19362 1
19363 2
19364 0
19365 1
19366 0
19367 1
19368 0
19369 2
19370 0
19371 2
19372 1
19373 2
19374 0
19375 1
19376 0
19377 2
19378 0
19379 1
19380 2
19381 1
19382 0
19383 1
19384 0
19385 1
19386 2
19387 1
19388 2
19389 1
19390 2
19391 0
19392 1
19393 0
19394 1
19395 0
19396 1
19397 2
19398 0
19399 1
19400 0
19401 1
19402 0
19403 1
19404 0
19405 1
19406 0
19407 1
19408 0
19409 1
19410 0
19411 1
19412 0
19413 1
19414 0
19415 1
19416 0
19417 1
19418 0
19419 2
19420 1
19421 2
19422 0
19423 1
19424 2
19425 0
19426 1
19427 0
19428 1
19429 0
19430 1
19431 0
19432 1
19433 2
19434 0
19435 1
19436 2
19437 0
19438 1
19439 2
19440 1
19441 0
19442 1
19443 2
19444 1
19445 0
19446 1
19447 0
19448 1
19449 2
19450 1
19451 2
19452 0
19453 2
19454 1
19455 0
19456 2
19457 1
19458 2
19459 0
19460 1
19461 0
19462 1
19463 0
19464 1
19465 0
19466 1
19467 0
19468 1
19469 2
19470 0
19471 1
19472 0
19473 2
19474 1
19475 0
19476 1
19477 2
19478 0
19479 1
19480 0
19481 1
19482 2
19483 0
19484 2
19485 1
19486 0
19487 1
19488 2
19489 0
19490 1
19491 0
19492 1
19493 0
19494 1
19495 0
19496 1
19497 2
19498 1
19499 0
19500 1
19501 0
19502 2
19503 1
19504 2
19505 0
19506 1
19507 2
19508 0
19509 1
19510 0
19511 2
19512 0
19513 2
19514 1
19515 0
19516 1
19517 0
19518 1
19519 0
19520 1
19521 0
19522 1
19523 0
19524 1
19525 0
19526 2
19527 0
19528 1
19529 0
19530 2
19531 1
19532 0
19533 1
19534 0
19535 1
19536 0
19537 1
19538 2
19539 1
19540 0
19541 2
19542 1
19543 0
19544 1
19545 2
19546 0
19547 1
19548 0
19549 1
19550 0
19551 1
19552 0
19553 1
19554 0
19555 2
19556 1
19557 0
19558 1
19559 0
19560 2
19561 0
19562 1
19563 2
19564 0
19565 1
19566 0
19567 1
19568 2
19569 0
19570 1
19571 0
19572 1
19573 0
19574 1
19575 2
19576 0
19577 2
19578 1
19579 0
19580 1
19581 0
19582 1
19583 0
19584 1
19585 0
19586 2
19587 1
19588 0
19589 1
19590 0
19591 1
19592 0
19593 1
19594 0
19595 1
19596 2
19597 0
19598 1
19599 0
19600 1
19601 0
19602 1
19603 0
19604 1
19605 0
19606 2
19607 1
19608 0
19609 1
19610 0
19611 2
19612 1
19613 0
19614 1
19615 0
19616 1
19617 0
19618 1
19619 0
19620 1
19621 0
19622 1
19623 2
19624 0
19625 1
19626 0
19627 2
19628 1
19629 0
19630 2
19631 1
19632 0
19633 2
19634 1
19635 0
19636 2
19637 1
19638 2
19639 0
19640 1
19641 0
19642 1
19643 0
19644 1
19645 2
19646 0
19647 2
19648 0
19649 1
19650 2
19651 0
19652 2
19653 1
19654 0
19655 1
19656 0
19657 1
19658 0
19659 1
19660 2
19661 0
19662 2
19663 1
19664 0
19665 2
19666 1
19667 0
19668 1
19669 0
19670 1
19671 2
19672 0
19673 1
19674 0
19675 2
19676 1
19677 0
19678 2
19679 1
19680 2
19681 0
19682 1
19683 0
19684 1
19685 2
19686 0
19687 1
19688 2
19689 1
19690 0
19691 1
19692 0
19693 2
19694 0
19695 1
19696 0
19697 1
19698 0
19699 1
19700 2
19701 0
19702 1
19703 0
19704 1
19705 2
19706 0
19707 1
19708 0
19709 1
19710 0
19711 2
19712 0
19713 1
19714 0
19715 1
19716 2
19717 1
19718 2
19719 0
19720 1
19721 0
19722 2
19723 1
19724 0
19725 1
19726 0
19727 1
19728 0
19729 1
19730 0
19731 1
19732 2
19733 0
19734 1
19735 2
19736 1
19737 0
19738 1
19739 0
19740 1
19741 0
19742 2
19743 1
19744 2
19745 1
19746 0
19747 1
19748 2
19749 1
19750 2
19751 0
19752 2
19753 1
19754 0
19755 1
19756 0
19757 1
19758 0
19759 1
19760 0
19761 1
19762 2
19763 0
19764 1
19765 0
19766 1
19767 0
19768 1
19769 0
19770 2
19771 0
19772 1
19773 0
19774 1
19775 2
19776 0
19777 1
19778 2
19779 0
19780 1
19781 0
19782 1
19783 2
19784 0
19785 1
19786 0
19787 1
19788 2
19789 3
19790 1
19791 0
19792 2
19793 1
19794 0
19795 1
19796 2
19797 0
19798 1
19799 0
19800 2
19801 1
19802 0
19803 2
19804 1
19805 0
19806 1
19807 2
19808 0
19809 2
19810 1
19811 2
19812 0
19813 2
19814 1
19815 0
19816 2
19817 1
19818 2
19819 0
19820 2
19821 1
19822 0
19823 1
19824 0
19825 2
19826 1
19827 0
19828 1
19829 0
19830 1
19831 0
19832 1
19833 2
19834 0
19835 2
19836 1
19837 2
19838 0
19839 1
19840 2
19841 0
19842 2
19843 1
19844 0
19845 2
19846 1
19847 2
19848 1
19849 0
19850 1
19851 2
19852 0
19853 2
19854 1
19855 0
19856 1
19857 0
19858 1
19859 0
19860 1
19861 2
19862 0
19863 1
19864 0
19865 1
19866 0
19867 1
19868 0
19869 1
19870 0
19871 1
19872 2
19873 0
19874 1
19875 0
19876 1
19877 0
19878 2
19879 1
19880 2
19881 0
19882 1
19883 0
19884 1
19885 2
19886 1
19887 0
19888 1
19889 0
19890 2
19891 1
19892 0
19893 1
19894 2
19895 0
19896 1
19897 0
19898 1
19899 0
19900 1
19901 2
19902 0
19903 1
19904 0
19905 1
19906 0
19907 2
19908 1
19909 0
19910 1
19911 0
19912 1
19913 2
19914 0
19915 1
19916 0
19917 1
19918 0
19919 1
19920 0
19921 1
19922 2
19923 0
19924 2
19925 0
19926 2
19927 1
19928 0
19929 1
19930 0
19931 1
19932 2
19933 0
19934 1
19935 2
19936 0
19937 2
19938 1
19939 0
19940 1
19941 0
19942 2
19943 0
19944 1
19945 2
19946 0
19947 1
19948 2
19949 0
19950 1
19951 0
19952 1
19953 2
19954 0
19955 2
19956 1
19957 2
19958 0
19959 2
19960 0
19961 2
19962 1
19963 0
19964 1
19965 2
19966 0
19967 1
19968 2
19969 0
19970 2
19971 0
19972 1
19973 0
19974 1
19975 2
19976 0
19977 1
19978 2
19979 0
19980 1
19981 0
19982 1
19983 2
19984 1
19985 2
19986 0
19987 2
19988 1
19989 2
19990 1
19991 0
19992 2
19993 3
19994 1
19995 2
19996 0
19997 2
19998 1
19999 2
20000 0
20001 1
20002 2
20003 0
20004 1
20005 0
20006 2
20007 0
20008 2
20009 1
20010 2
20011 1
20012 2
20013 0
20014 2
20015 1
20016 0
20017 1
20018 2
20019 1
20020 2
20021 0
20022 2
20023 3
20024 0
20025 1
20026 2
20027 1
20028 0
20029 1
20030 2
20031 1
20032 0
20033 2
20034 1
20035 0
20036 2
20037 0
20038 2
20039 1
20040 0
20041 1
20042 2
20043 1
20044 0
20045 2
20046 1
20047 0
20048 1
20049 2
20050 0
20051 1
20052 0
20053 1
20054 0
20055 2
20056 1
20057 2
20058 0
20059 1
20060 2
20061 0
20062 1
20063 0
20064 1
20065 0
20066 2
20067 1
20068 2
20069 0
20070 2
20071 0
20072 1
20073 0
20074 1
20075 2
20076 0
20077 1
20078 2
20079 0
20080 1
20081 0
20082 1
20083 0
20084 2
20085 1
20086 2
20087 1
20088 0
20089 1
20090 2
20091 1
20092 0
20093 2
20094 1
20095 2
20096 0
20097 2
20098 0
20099 1
20100 0
20101 1
20102 2
20103 1
20104 2
20105 0
20106 1
20107 0
20108 2
20109 1
20110 0
20111 2
20112 1
20113 2
20114 0
20115 1
20116 0
20117 1
20118 2
20119 0
20120 1
20121 0
20122 1
20123 0
20124 2
20125 1
20126 0
20127 1
20128 2
20129 0
20130 2
20131 0
20132 1
20133 0
20134 2
20135 3
20136 0
20137 1
20138 2
20139 0
20140 2
20141 1
20142 2
20143 1
20144 0
20145 1
20146 0
20147 2
20148 1
20149 0
20150 2
20151 1
20152 0
20153 1
20154 0
20155 2
20156 1
20157 2
20158 1
20159 0
20160 1
20161 0
20162 1
20163 0
20164 1
20165 0
20166 1
20167 0
20168 1
20169 0
20170 1
20171 0
20172 1
20173 2
20174 0
20175 1
20176 0
20177 2
20178 1
20179 0
20180 1
20181 0
20182 1
20183 0
20184 2
20185 1
20186 0
20187 2
20188 1
20189 0
20190 1
20191 0
20192 1
20193 0
20194 1
20195 0
20196 1
20197 0
20198 1
20199 0
20200 2
20201 1
20202 2
20203 1
20204 2
20205 1
20206 2
20207 0
20208 1
20209 2
20210 0
20211 1
20212 2
20213 1
20214 0
20215 2
20216 1
20217 2
20218 1
20219 0
20220 1
20221 0
20222 1
20223 0
20224 2
20225 0
20226 1
20227 0
20228 1
20229 0
20230 1
20231 0
20232 1
20233 0
20234 1
20235 0
20236 1
20237 0
20238 1
20239 0
20240 1
20241 2
20242 0
20243 1
20244 0
20245 1
20246 0
20247 1
20248 2
20249 0
20250 2
20251 1
20252 0
20253 2
20254 0
20255 1
20256 3
20257 2
20258 0
20259 1
20260 2
20261 0
20262 1
20263 0
20264 2
20265 1
20266 0
20267 1
20268 2
20269 1
20270 0
20271 1
20272 0
20273 1
20274 0
20275 1
20276 0
20277 1
20278 2
20279 0
20280 1
20281 0
20282 2
20283 1
20284 0
20285 2
20286 1
20287 2
20288 3
20289 0
20290 1
20291 2
20292 0
20293 1
20294 0
20295 1
20296 2
20297 0
20298 2
20299 1
20300 0
20301 1
20302 0
20303 1
20304 0
20305 1
20306 0
20307 2
20308 1
20309 2
20310 0
20311 2
20312 1
20313 2
20314 0
20315 1
20316 0
20317 1
20318 0
20319 2
20320 1
20321 0
20322 2
20323 1
20324 2
20325 1
20326 0
20327 1
20328 0
20329 1
20330 0
20331 1
20332 0
20333 1
20334 0
20335 1
20336 0
20337 1
20338 0
20339 1
20340 2
20341 0
20342 1
20343 0
20344 1
20345 0
20346 1
20347 2
20348 0
20349 1
20350 0
20351 1
20352 0
20353 1
20354 0
20355 1
20356 0
20357 1
20358 0
20359 2
20360 1
20361 2
20362 0
20363 1
20364 0
20365 1
20366 0
20367 1
20368 0
20369 2
20370 0
20371 1
20372 0
20373 2
20374 1
20375 0
20376 1
20377 0
20378 1
20379 2
20380 1
20381 0
20382 1
20383 0
20384 2
20385 1
20386 0
20387 1
20388 2
20389 1
20390 2
20391 3
20392 1
20393 2
20394 1
20395 2
20396 0
20397 1
20398 0
20399 1
20400 0
20401 1
20402 2
20403 0
20404 1
20405 0
20406 2
20407 1
20408 0
20409 1
20410 2
20411 0
20412 2
20413 1
20414 0
20415 1
20416 2
20417 0
20418 1
20419 2
20420 0
20421 1
20422 0
20423 1
20424 0
20425 2
20426 0
20427 1
20428 0
20429 1
20430 2
20431 0
20432 1
20433 0
20434 2
20435 1
20436 2
20437 1
20438 0
20439 1
20440 0
20441 1
20442 0
20443 2
20444 1
20445 0
20446 2
20447 1
20448 0
20449 2
20450 1
20451 0
20452 1
20453 0
20454 1
20455 0
20456 1
20457 2
20458 1
20459 0
20460 1
20461 2
20462 1
20463 2
20464 0
20465 2
20466 1
20467 2
20468 0
20469 1
20470 0
20471 2
20472 1
20473 2
20474 1
20475 0
20476 1
20477 0
20478 1
20479 0
20480 1
20481 2
20482 0
20483 1
20484 0
20485 2
20486 1
20487 0
20488 1
20489 2
20490 0
20491 2
20492 0
20493 1
20494 2
20495 0
20496 1
20497 0
20498 1
20499 0
20500 1
20501 0
20502 1
20503 0
20504 1
20505 2
20506 1
20507 0
20508 2
20509 0
20510 1
20511 0
20512 1
20513 0
20514 1
20515 2
20516 0
20517 1
20518 0
20519 1
20520 0
20521 1
20522 2
20523 1
20524 2
20525 0
20526 2
20527 0
20528 2
20529 1
20530 0
20531 2
20532 1
20533 0
20534 1
20535 2
20536 1
20537 0
20538 1
20539 0
20540 1
20541 0
20542 1
20543 0
20544 2
20545 0
20546 1
20547 0
20548 1
20549 0
20550 1
20551 0
20552 1
20553 2
20554 0
20555 1
20556 0
20557 1
20558 0
20559 1
20560 2
20561 0
20562 1
20563 0
20564 1
20565 2
20566 0
20567 1
20568 0
20569 1
20570 2
20571 1
20572 0
20573 1
20574 2
20575 0
20576 1
20577 0
20578 1
20579 0
20580 2
20581 1
20582 2
20583 0
20584 2
20585 1
20586 0
20587 1
20588 2
20589 0
20590 1
20591 0
20592 1
20593 0
20594 1
20595 0
20596 1
20597 0
20598 1
20599 0
20600 1
20601 0
20602 2
20603 1
20604 2
20605 1
20606 2
20607 1
20608 2
20609 1
20610 0
20611 1
20612 0
20613 2
20614 1
20615 2
20616 0
20617 1
20618 0
20619 2
20620 1
20621 0
20622 1
20623 2
20624 0
20625 2
20626 0
20627 1
20628 0
20629 2
20630 0
20631 1
20632 2
20633 0
20634 1
20635 0
20636 1
20637 0
20638 2
20639 0
20640 1
20641 2
20642 0
20643 2
20644 0
20645 1
20646 2
20647 1
20648 0
20649 1
20650 2
20651 1
20652 0
20653 1
20654 2
20655 0
20656 2
20657 1
20658 0
20659 1
20660 0
20661 1
20662 0
20663 1
20664 0
20665 1
20666 0
20667 1
20668 0
20669 1
20670 2
20671 1
20672 0
20673 1
20674 2
20675 0
20676 1
20677 0
20678 1
20679 0
20680 1
20681 2
20682 0
20683 1
20684 0
20685 1
20686 0
20687 1
20688 0
20689 1
20690 0
20691 1
20692 0
20693 1
20694 0
20695 2
20696 1
20697 2
20698 0
20699 1
20700 0
20701 1
20702 2
20703 0
20704 1
20705 2
20706 0
20707 1
20708 0
20709 1
20710 2
20711 0
20712 1
20713 2
20714 1
20715 0
20716 1
20717 0
20718 1
20719 0
20720 2
20721 1
20722 2
20723 0
20724 2
20725 1
20726 0
20727 1
20728 0
20729 1
20730 0
20731 1
20732 0
20733 1
20734 2
20735 0
20736 1
20737 0
20738 2
20739 1
20740 2
20741 0
20742 2
20743 1
20744 0
20745 1
20746 0
20747 2
20748 1
20749 0
20750 1
20751 2
20752 0
20753 2
20754 0
20755 2
20756 1
20757 2
20758 0
20759 1
20760 2
20761 0
20762 1
20763 2
20764 0
20765 1
20766 0
20767 1
20768 2
20769 0
20770 1
20771 0
20772 2
20773 1
20774 0
20775 2
20776 1
20777 0
20778 2
20779 1
20780 0
20781 2
20782 1
20783 0
20784 1
20785 0
20786 2
20787 1
20788 0
20789 1
20790 2
20791 1
20792 0
20793 2
20794 0
20795 1
20796 0
20797 2
20798 0
20799 1
20800 0
20801 1
20802 0
20803 1
20804 2
20805 0
20806 1
20807 0
20808 1
20809 0
20810 1
20811 0
20812 2
20813 0
20814 1
20815 0
20816 1
20817 0
20818 1
20819 2
20820 0
20821 1
20822 0
20823 1
20824 0
20825 1
20826 2
20827 1
20828 0
20829 1
20830 0
20831 2
20832 1
20833 2
20834 0
20835 2
20836 1
20837 2
20838 0
20839 1
20840 0
20841 1
20842 2
20843 0
20844 1
20845 0
20846 1
20847 2
20848 0
20849 1
20850 0
20851 1
20852 0
20853 1
20854 0
20855 2
20856 1
20857 2
20858 0
20859 1
20860 2
20861 1
20862 0
20863 1
20864 0
20865 2
20866 1
20867 2
20868 1
20869 0
20870 2
20871 0
20872 1
20873 0
20874 1
20875 0
20876 1
20877 0
20878 2
20879 1
20880 0
20881 2
20882 1
20883 0
20884 1
20885 0
20886 1
20887 0
20888 2
20889 1
20890 2
20891 0
20892 1
20893 0
20894 1
20895 2
20896 0
20897 2
20898 1
20899 0
20900 2
20901 1
20902 2
20903 0
20904 1
20905 0
20906 1
20907 2
20908 1
20909 2
20910 0
20911 2
20912 1
20913 2
20914 0
20915 2
20916 0
20917 1
20918 0
20919 1
20920 0
20921 1
20922 0
20923 1
20924 2
20925 0
20926 1
20927 0
20928 1
20929 0
20930 1
20931 0
20932 1
20933 0
20934 1
20935 2
20936 0
20937 1
20938 2
20939 0
20940 2
20941 0
20942 1
20943 0
20944 2
20945 1
20946 0
20947 2
20948 3
20949 1
20950 2
20951 1
20952 2
20953 0
20954 1
20955 2
20956 0
20957 2
20958 0
20959 2
20960 1
20961 0
20962 1
20963 0
20964 2
20965 1
20966 0
20967 1
20968 2
20969 0
20970 1
20971 0
20972 2
20973 1
20974 2
20975 0
20976 2
20977 1
20978 0
20979 1
20980 2
20981 1
20982 2
20983 0
20984 1
20985 2
20986 0
20987 2
20988 1
20989 0
20990 1
20991 0
20992 1
20993 0
20994 1
20995 0
20996 1
20997 0
20998 1
20999 2
21000 0
21001 2
21002 1
21003 0
21004 1
21005 0
21006 1
21007 0
21008 1
21009 0
21010 1
21011 0
21012 1
21013 0
21014 1
21015 2
21016 0
21017 2
21018 3
21019 1
21020 2
21021 0
21022 1
21023 0
21024 2
21025 1
21026 0
21027 1
21028 0
21029 2
21030 0
21031 1
21032 0
21033 1
21034 0
21035 1
21036 0
21037 2
21038 1
21039 0
21040 2
21041 0
21042 1
21043 2
21044 1
21045 0
21046 1
21047 2
21048 0
21049 1
21050 0
21051 2
21052 0
21053 2
21054 0
21055 2
21056 1
21057 0
21058 1
21059 0
21060 2
21061 0
21062 1
21063 0
21064 2
21065 1
21066 2
21067 0
21068 1
21069 2
21070 1
21071 2
21072 0
21073 2
21074 0
21075 1
21076 0
21077 2
21078 1
21079 0
21080 1
21081 0
21082 1
21083 2
21084 0
21085 1
21086 0
21087 1
21088 0
21089 1
21090 2
21091 0
21092 1
21093 2
21094 1
21095 2
21096 0
21097 2
21098 0
21099 1
21100 0
21101 1
21102 0
21103 1
21104 0
21105 2
21106 1
21107 2
21108 0
21109 2
21110 1
21111 0
21112 1
21113 2
21114 0
21115 1
21116 0
21117 2
21118 0
21119 2
21120 1
21121 2
21122 1
21123 0
21124 1
21125 2
21126 1
21127 0
21128 2
21129 1
21130 0
21131 1
21132 0
21133 1
21134 0
21135 1
21136 2
21137 0
21138 1
21139 0
21140 1
21141 2
21142 0
21143 1
21144 2
21145 0
21146 1
21147 0
21148 1
21149 0
21150 2
21151 1
21152 0
21153 1
21154 0
21155 1
21156 0
21157 1
21158 0
21159 1
21160 2
21161 0
21162 1
21163 0
21164 2
21165 1
21166 2
21167 0
21168 2
21169 1
21170 0
21171 1
21172 0
21173 1
21174 2
21175 0
21176 1
21177 0
21178 2
21179 1
21180 2
21181 0
21182 1
21183 0
21184 1
21185 2
21186 1
21187 0
21188 2
21189 0
21190 1
21191 0
21192 1
21193 0
21194 1
21195 0
21196 1
21197 0
21198 1
21199 0
21200 1
21201 0
21202 1
21203 0
21204 1
21205 2
21206 0
21207 2
21208 1
21209 0
21210 1
21211 0
21212 1
21213 0
21214 2
21215 1
21216 0
21217 1
21218 0
21219 1
21220 2
21221 0
21222 1
21223 0
21224 1
21225 2
21226 0
21227 2
21228 1
21229 2
21230 0
21231 2
21232 1
21233 2
21234 1
21235 2
21236 0
21237 1
21238 0
21239 1
21240 0
21241 1
21242 0
21243 1
21244 2
21245 1
21246 3
21247 0
21248 1
21249 2
21250 0
21251 1
21252 2
21253 1
21254 0
21255 1
21256 0
21257 1
21258 0
21259 1
21260 2
21261 0
21262 1
21263 2
21264 0
21265 2
21266 1
21267 2
21268 1
21269 0
21270 2
21271 1
21272 2
21273 1
21274 0
21275 1
21276 0
21277 1
21278 0
21279 2
21280 1
21281 0
21282 2
21283 1
21284 0
21285 1
21286 0
21287 2
21288 1
21289 0
21290 1
21291 0
21292 1
21293 0
21294 1
21295 2
21296 0
21297 1
21298 0
21299 2
21300 0
21301 2
21302 1
21303 0
21304 1
21305 0
21306 1
21307 0
21308 1
21309 0
21310 1
21311 0
21312 1
21313 0
21314 1
21315 0
21316 1
21317 0
21318 1
21319 0
21320 1
21321 0
21322 1
21323 0
21324 2
21325 1
21326 0
21327 1
21328 0
21329 2
21330 0
21331 2
21332 1
21333 0
21334 1
21335 0
21336 1
21337 2
21338 1
21339 0
21340 1
21341 0
21342 1
21343 0
21344 1
21345 2
21346 0
21347 1
21348 0
21349 1
21350 2
21351 0
21352 1
21353 0
21354 1
21355 0
21356 1
21357 0
21358 1
21359 0
21360 1
21361 0
21362 1
21363 0
21364 1
21365 0
21366 2
21367 0
21368 1
21369 0
21370 2
21371 1
21372 0
21373 1
21374 0
21375 1
21376 0
21377 1
21378 0
21379 1
21380 2
21381 0
21382 1
21383 0
21384 2
21385 0
21386 1
21387 2
21388 0
21389 1
21390 0
21391 1
21392 2
21393 0
21394 1
21395 0
21396 1
21397 0
21398 1
21399 0
21400 1
21401 0
21402 2
21403 1
21404 2
21405 1
21406 0
21407 1
21408 0
21409 1
21410 2
21411 1
21412 0
21413 1
21414 2
21415 1
21416 0
21417 1
21418 0
21419 2
21420 0
21421 2
21422 0
21423 2
21424 1
21425 2
21426 0
21427 1
21428 2
21429 0
21430 1
21431 0
21432 1
21433 2
21434 0
21435 1
21436 0
21437 1
21438 2
21439 0
21440 1
21441 0
21442 1
21443 2
21444 1
21445 0
21446 1
21447 0
21448 2
21449 1
21450 0
21451 1
21452 2
21453 1
21454 0
21455 2
21456 1
21457 2
21458 1
21459 2
21460 3
21461 1
21462 0
21463 1
21464 2
21465 3
21466 0
21467 1
21468 0
21469 2
21470 1
21471 2
21472 0
21473 1
21474 2
21475 0
21476 1
21477 0
21478 1
21479 0
21480 2
21481 0
21482 1
21483 0
21484 2
21485 1
21486 0
21487 1
21488 0
21489 1
21490 0
21491 2
21492 1
21493 0
21494 1
21495 2
21496 0
21497 2
21498 0
21499 1
21500 2
21501 0
21502 2
21503 1
21504 2
21505 0
21506 1
21507 0
21508 1
21509 0
21510 1
21511 0
21512 1
21513 0
21514 1
21515 0
21516 2
21517 1
21518 0
21519 1
21520 0
21521 1
21522 0
21523 1
21524 0
21525 1
21526 2
21527 0
21528 1
21529 0
21530 1
21531 2
21532 1
21533 2
21534 0
21535 1
21536 2
21537 0
21538 2
21539 0
21540 1
21541 0
21542 2
21543 1
21544 2
21545 0
21546 1
21547 0
21548 2
21549 1
21550 0
21551 1
21552 2
21553 0
21554 1
21555 0
21556 1
21557 2
21558 0
21559 1
21560 0
21561 1
21562 0
21563 1
21564 0
21565 1
21566 0
21567 1
21568 0
21569 1
21570 0
21571 1
21572 0
21573 2
21574 1
21575 2
21576 0
21577 1
21578 0
21579 1
21580 0
21581 1
21582 2
21583 1
21584 2
21585 1
21586 0
21587 1
21588 2
21589 0
21590 1
21591 2
21592 0
21593 1
21594 2
21595 0
21596 2
21597 0
21598 1
21599 0
21600 1
21601 0
21602 2
21603 1
21604 0
21605 1
21606 0
21607 2
21608 0
21609 1
21610 2
21611 0
21612 1
21613 0
21614 2
21615 1
21616 0
21617 2
21618 1
21619 0
21620 1
21621 0
21622 1
21623 2
21624 0
21625 1
21626 2
21627 0
21628 2
21629 1
21630 0
21631 1
21632 2
21633 0
21634 1
21635 0
21636 1
21637 0
21638 1
21639 0
21640 1
21641 0
21642 2
21643 0
21644 1
21645 0
21646 1
21647 2
21648 1
21649 0
21650 1
21651 0
21652 2
21653 1
21654 0
21655 1
21656 2
21657 1
21658 0
21659 1
21660 2
21661 0
21662 1
21663 0
21664 2
21665 1
21666 0
21667 1
21668 2
21669 0
21670 1
21671 0
21672 1
21673 0
21674 1
21675 2
21676 1
21677 2
21678 0
21679 1
21680 0
21681 1
21682 0
21683 2
21684 1
21685 0
21686 2
21687 0
21688 2
21689 1
21690 0
21691 2
21692 1
21693 0
21694 1
21695 0
21696 1
21697 0
21698 2
21699 1
21700 2
21701 0
21702 1
21703 2
21704 0
21705 1
21706 0
21707 1
21708 0
21709 1
21710 0
21711 1
21712 2
21713 0
21714 2
21715 1
21716 2
21717 0
21718 2
21719 0
21720 2
21721 1
21722 0
21723 2
21724 1
21725 0
21726 1
21727 2
21728 0
21729 1
21730 2
21731 0
21732 2
21733 1
21734 2
21735 0
21736 1
21737 0
21738 1
21739 2
21740 0
21741 1
21742 2
21743 1
21744 0
21745 1
21746 0
21747 1
21748 2
21749 0
21750 1
21751 0
21752 1
21753 0
21754 1
21755 0
21756 1
21757 2
21758 0
21759 1
21760 0
21761 1
21762 0
21763 1
21764 0
21765 1
21766 0
21767 2
21768 0
21769 1
21770 0
21771 1
21772 2
21773 0
21774 2
21775 1
21776 0
21777 1
21778 0
21779 1
21780 0
21781 1
21782 2
21783 0
21784 1
21785 2
21786 1
21787 0
21788 1
21789 2
21790 0
21791 1
21792 0
21793 1
21794 0
21795 1
21796 0
21797 1
21798 0
21799 1
21800 2
21801 0
21802 1
21803 0
21804 1
21805 2
21806 0
21807 1
21808 0
21809 1
21810 2
21811 0
21812 1
21813 2
21814 0
21815 1
21816 0
21817 1
21818 0
21819 1
21820 0
21821 1
21822 0
21823 2
21824 1
21825 0
21826 1
21827 0
21828 1
21829 0
21830 1
21831 0
21832 2
21833 1
21834 0
21835 1
21836 2
21837 0
21838 1
21839 0
21840 1
21841 2
21842 0
21843 1
21844 2
21845 0
21846 2
21847 1
21848 0
21849 1
21850 0
21851 1
21852 0
21853 1
21854 0
21855 1
21856 0
21857 1
21858 2
21859 0
21860 1
21861 2
21862 0
21863 1
21864 2
21865 0
21866 1
21867 0
21868 2
21869 1
21870 2
21871 0
21872 1
21873 0
21874 1
21875 2
21876 0
21877 1
21878 0
21879 1
21880 2
21881 0
21882 1
21883 2
21884 0
21885 1
21886 0
21887 1
21888 2
21889 1
21890 0
21891 2
21892 1
21893 0
21894 1
21895 2
21896 1
21897 0
21898 1
21899 0
21900 1
21901 0
21902 1
21903 0
21904 2
21905 0
21906 1
21907 0
21908 2
21909 1
21910 0
21911 1
21912 0
21913 1
21914 0
21915 1
21916 0
21917 1
21918 0
21919 1
21920 2
21921 0
21922 2
21923 1
21924 2
21925 3
21926 0
21927 1
21928 0
21929 2
21930 1
21931 2
21932 0
21933 1
21934 2
21935 0
21936 2
21937 1
21938 2
21939 1
21940 0
21941 1
21942 0
21943 1
21944 0
21945 1
21946 2
21947 1
21948 0
21949 1
21950 2
21951 0
21952 1
21953 0
21954 1
21955 2
21956 0
21957 1
21958 0
21959 1
21960 0
21961 1
21962 0
21963 1
21964 2
21965 1
21966 0
21967 1
21968 2
21969 0
21970 1
21971 0
21972 1
21973 0
21974 1
21975 0
21976 1
21977 0
21978 2
21979 1
21980 2
21981 0
21982 1
21983 0
21984 1
21985 0
21986 1
21987 0
21988 2
21989 0
21990 1
21991 0
21992 1
21993 2
21994 0
21995 1
21996 0
21997 2
21998 1
21999 0
22000 1
22001 0
22002 1
22003 0
22004 2
22005 1
22006 0
22007 1
22008 0
22009 1
22010 0
22011 2
22012 1
22013 0
22014 2
22015 1
22016 2
22017 0
22018 2
22019 1
22020 2
22021 0
22022 2
22023 0
22024 1
22025 0
22026 1
22027 0
22028 1
22029 2
22030 0
22031 1
22032 0
22033 2
22034 1
22035 2
22036 0
22037 2
22038 0
22039 1
22040 0
22041 1
22042 2
22043 0
22044 2
22045 1
22046 2
22047 0
22048 1
22049 0
22050 1
22051 0
22052 2
22053 1
22054 0
22055 1
22056 0
22057 1
22058 0
22059 1
22060 0
22061 1
22062 0
22063 1
22064 0
22065 1
22066 2
22067 0
22068 1
22069 2
22070 0
22071 1
22072 0
22073 1
22074 2
22075 0
22076 1
22077 0
22078 2
22079 0
22080 1
22081 0
22082 1
22083 2
22084 1
22085 0
22086 1
22087 0
22088 1
22089 2
22090 0
22091 1
22092 0
22093 1
22094 2
22095 0
22096 2
22097 1
22098 0
22099 1
22100 0
22101 1
22102 0
22103 1
22104 0
22105 2
22106 1
22107 2
22108 0
22109 1
22110 0
22111 1
22112 0
22113 2
22114 1
22115 2
22116 0
22117 2
22118 0
22119 1
22120 2
22121 1
22122 0
22123 1
22124 0
22125 1
22126 3
22127 2
22128 1
22129 0
22130 2
22131 0
22132 1
22133 2
22134 0
22135 2
22136 1
22137 0
22138 1
22139 0
22140 1
22141 2
22142 3
22143 0
22144 1
22145 0
22146 2
22147 1
22148 2
22149 1
22150 2
22151 0
22152 1
22153 0
22154 1
22155 2
22156 0
22157 1
22158 2
22159 0
22160 1
22161 2
22162 0
22163 2
22164 1
22165 0
22166 1
22167 0
22168 1
22169 0
22170 1
22171 2
22172 1
22173 0
22174 2
22175 1
22176 2
22177 0
22178 1
22179 0
22180 1
22181 2
22182 0
22183 1
22184 0
22185 2
22186 1
22187 0
22188 2
22189 1
22190 2
22191 0
22192 1
22193 0
22194 1
22195 0
22196 2
22197 1
22198 2
22199 0
22200 1
22201 0
22202 1
22203 0
22204 2
22205 1
22206 2
22207 1
22208 0
22209 1
22210 0
22211 1
22212 2
22213 0
22214 1
22215 2
22216 0
22217 2
22218 1
22219 2
22220 0
22221 2
22222 0
22223 2
22224 1
22225 0
22226 1
22227 0
22228 1
22229 2
22230 0
22231 1
22232 0
22233 2
22234 1
22235 2
22236 0
22237 1
22238 0
22239 2
22240 1
22241 0
22242 1
22243 2
22244 0
22245 1
22246 2
22247 1
22248 0
22249 1
22250 2
22251 0
22252 1
22253 0
22254 1
22255 0
22256 1
22257 0
22258 1
22259 0
22260 2
22261 0
22262 1
22263 0
22264 1
22265 2
22266 0
22267 1
22268 0
22269 2
22270 1
22271 0
22272 3
22273 1
22274 0
22275 2
22276 1
22277 0
22278 1
22279 0
22280 1
22281 0
22282 2
22283 1
22284 0
22285 1
22286 2
22287 0
22288 2
22289 1
22290 0
22291 1
22292 2
22293 1
22294 0
22295 1
22296 2
22297 0
22298 2
22299 1
22300 0
22301 2
22302 3
22303 1
22304 2
22305 0
22306 2
22307 1
22308 2
22309 0
22310 2
22311 1
22312 0
22313 2
22314 1
22315 0
22316 2
22317 1
22318 0
22319 1
22320 0
22321 1
22322 2
22323 1
22324 0
22325 2
22326 1
22327 2
22328 0
22329 2
22330 1
22331 2
22332 1
22333 0
22334 2
22335 1
22336 0
22337 1
22338 0
22339 2
22340 1
22341 2
22342 0
22343 1
22344 2
22345 0
22346 1
22347 0
22348 1
22349 2
22350 0
22351 2
22352 1
22353 0
22354 1
22355 2
22356 0
22357 2
22358 0
22359 1
22360 0
22361 1
22362 0
22363 1
22364 0
22365 1
22366 2
22367 1
22368 0
22369 1
22370 0
22371 1
22372 2
22373 0
22374 1
22375 0
22376 2
22377 1
22378 2
22379 1
22380 0
22381 1
22382 2
22383 0
22384 1
22385 0
22386 2
22387 1
22388 0
22389 2
22390 1
22391 0
22392 2
22393 1
22394 0
22395 2
22396 0
22397 1
22398 0
22399 1
22400 0
22401 1
22402 0
22403 1
22404 0
22405 1
22406 0
22407 1
22408 0
22409 2
22410 1
22411 0
22412 2
22413 1
22414 0
22415 1
22416 2
22417 0
22418 1
22419 0
22420 1
22421 0
22422 1
22423 2
22424 0
22425 1
22426 0
22427 1
22428 0
22429 1
22430 0
22431 2
22432 0
22433 2
22434 1
22435 0
22436 2
22437 1
22438 0
22439 1
22440 0
22441 1
22442 2
22443 0
22444 1
22445 0
22446 1
22447 0
22448 1
22449 0
22450 1
22451 0
22452 1
22453 0
22454 1
22455 0
22456 1
22457 2
22458 0
22459 1
22460 0
22461 1
22462 2
22463 0
22464 1
22465 0
22466 1
22467 0
22468 1
22469 0
22470 1
22471 0
22472 1
22473 0
22474 1
22475 0
22476 2
22477 0
22478 1
22479 0
22480 1
22481 0
22482 1
22483 2
22484 0
22485 2
22486 0
22487 1
22488 2
22489 1
22490 0
22491 1
22492 0
22493 1
22494 2
22495 1
22496 0
22497 2
22498 0
22499 1
22500 0
22501 1
22502 0
22503 1
22504 0
22505 3
22506 2
22507 1
22508 0
22509 1
22510 0
22511 2
22512 3
22513 1
22514 2
22515 1
22516 0
22517 2
22518 1
22519 2
22520 0
22521 2
22522 1
22523 0
22524 2
22525 1
22526 0
22527 2
22528 0
22529 1
22530 0
22531 1
22532 2
22533 0
22534 1
22535 0
22536 2
22537 1
22538 0
22539 1
22540 0
22541 2
22542 1
22543 0
22544 2
22545 1
22546 2
22547 0
22548 1
22549 0
22550 2
22551 1
22552 0
22553 1
22554 0
22555 1
22556 2
22557 0
22558 2
22559 0
22560 2
22561 0
22562 2
22563 0
22564 1
22565 2
22566 1
22567 0
22568 1
22569 0
22570 1
22571 2
22572 0
22573 2
22574 3
22575 1
22576 0
22577 2
22578 1
22579 0
22580 1
22581 2
22582 1
22583 0
22584 2
22585 1
22586 0
22587 1
22588 0
22589 1
22590 2
22591 0
22592 1
22593 2
22594 0
22595 1
22596 0
22597 1
22598 0
22599 1
22600 0
22601 1
22602 0
22603 2
22604 1
22605 2
22606 0
22607 1
22608 0
22609 2
22610 1
22611 0
22612 2
22613 0
22614 2
22615 1
22616 0
22617 1
22618 0
22619 1
22620 0
22621 2
22622 0
22623 1
22624 2
22625 0
22626 1
22627 0
22628 1
22629 0
22630 2
22631 3
22632 1
22633 0
22634 1
22635 0
22636 2
22637 0
22638 1
22639 0
22640 1
22641 0
22642 1
22643 2
22644 0
22645 1
22646 0
22647 1
22648 0
22649 1
22650 2
22651 0
22652 1
22653 0
22654 1
22655 0
22656 1
22657 0
22658 2
22659 0
22660 1
22661 2
22662 0
22663 1
22664 0
22665 1
22666 0
22667 2
22668 1
22669 2
22670 0
22671 2
22672 1
22673 2
22674 0
22675 1
22676 0
22677 2
22678 1
22679 0
22680 1
22681 2
22682 0
22683 1
22684 0
22685 1
22686 0
22687 1
22688 0
22689 2
22690 1
22691 2
22692 0
22693 1
22694 2
22695 1
22696 0
22697 2
22698 1
22699 0
22700 1
22701 0
22702 1
22703 0
22704 2
22705 0
22706 1
22707 0
22708 2
22709 1
22710 0
22711 1
22712 2
22713 0
22714 2
22715 1
22716 0
22717 1
22718 0
22719 1
22720 0
22721 1
22722 0
22723 1
22724 2
22725 0
22726 1
22727 2
22728 3
22729 1
22730 2
22731 0
22732 2
22733 1
22734 2
22735 0
22736 1
22737 2
22738 0
22739 1
22740 0
22741 2
22742 1
22743 0
22744 1
22745 0
22746 1
22747 2
22748 0
22749 1
22750 0
22751 1
22752 2
22753 0
22754 1
22755 0
22756 1
22757 0
22758 1
22759 2
22760 0
22761 2
22762 1
22763 0
22764 1
22765 0
22766 1
22767 0
22768 2
22769 1
22770 0
22771 1
22772 0
22773 1
22774 0
22775 2
22776 0
22777 1
22778 2
22779 1
22780 0
22781 1
22782 2
22783 0
22784 2
22785 1
22786 2
22787 0
22788 1
22789 0
22790 2
22791 1
22792 0
22793 1
22794 0
22795 1
22796 2
22797 0
22798 1
22799 0
22800 1
22801 0
22802 2
22803 0
22804 1
22805 0
22806 2
22807 1
22808 0
22809 1
22810 0
22811 2
22812 1
22813 0
22814 1
22815 0
22816 1
22817 2
22818 0
22819 2
22820 1
22821 2
22822 0
22823 2
22824 1
22825 0
22826 2
22827 0
22828 1
22829 0
22830 2
22831 1
22832 0
22833 1
22834 0
22835 1
22836 0
22837 1
22838 0
22839 2
22840 1
22841 2
22842 3
22843 1
22844 0
22845 1
22846 0
22847 1
22848 0
22849 1
22850 2
22851 0
22852 1
22853 0
22854 1
22855 2
22856 0
22857 1
22858 0
22859 2
22860 0
22861 1
22862 0
22863 2
22864 1
22865 0
22866 1
22867 0
22868 1
22869 0
22870 1
22871 0
22872 1
22873 0
22874 3
22875 2
22876 0
22877 2
22878 1
22879 2
22880 0
22881 1
22882 0
22883 1
22884 0
22885 1
22886 0
22887 1
22888 0
22889 1
22890 2
22891 0
22892 1
22893 0
22894 1
22895 2
22896 1
22897 0
22898 1
22899 2
22900 0
22901 1
22902 2
22903 0
22904 1
22905 0
22906 1
22907 0
22908 2
22909 1
22910 0
22911 1
22912 0
22913 1
22914 0
22915 1
22916 0
22917 1
22918 0
22919 1
22920 2
22921 0
22922 1
22923 2
22924 0
22925 1
22926 0
22927 1
22928 0
22929 1
22930 0
22931 1
22932 2
22933 0
22934 2
22935 1
22936 0
22937 2
22938 1
22939 0
22940 2
22941 3
22942 1
22943 0
22944 1
22945 0
22946 1
22947 0
22948 1
22949 0
22950 2
22951 0
22952 1
22953 2
22954 0
22955 1
22956 0
22957 1
22958 0
22959 1
22960 0
22961 1
22962 0
22963 1
22964 0
22965 1
22966 2
22967 0
22968 1
22969 2
22970 0
22971 1
22972 2
22973 0
22974 1
22975 0
22976 2
22977 0
22978 1
22979 2
22980 1
22981 2
22982 1
22983 0
22984 2
22985 1
22986 0
22987 2
22988 1
22989 0
22990 1
22991 0
22992 1
22993 2
22994 0
22995 1
22996 2
22997 0
22998 2
22999 1
23000 0
23001 2
23002 1
23003 2
23004 0
23005 1
23006 0
23007 1
23008 2
23009 0
23010 1
23011 2
23012 1
23013 2
23014 1
23015 0
23016 1
23017 0
23018 1
23019 2
23020 0
23021 1
23022 0
23023 1
23024 0
23025 1
23026 0
23027 2
23028 1
23029 0
23030 1
23031 0
23032 1
23033 0
23034 1
23035 0
23036 1
23037 0
23038 1
23039 0
23040 1
23041 0
23042 1
23043 0
23044 1
23045 0
23046 1
23047 0
23048 2
23049 1
23050 0
23051 1
23052 2
23053 1
23054 2
23055 1
23056 0
23057 2
23058 1
23059 0
23060 1
23061 0
23062 2
23063 0
23064 2
23065 1
23066 0
23067 1
23068 0
23069 1
23070 0
23071 2
23072 1
23073 0
23074 1
23075 0
23076 1
23077 2
23078 0
23079 1
23080 0
23081 1
23082 0
23083 1
23084 2
23085 0
23086 1
23087 2
23088 0
23089 1
23090 2
23091 1
23092 0
23093 1
23094 0
23095 1
23096 0
23097 1
23098 2
23099 1
23100 0
23101 1
23102 2
23103 1
23104 2
23105 0
23106 1
23107 0
23108 2
23109 0
23110 1
23111 0
23112 1
23113 2
23114 0
23115 1
23116 2
23117 0
23118 1
23119 0
23120 1
23121 0
23122 1
23123 0
23124 2
23125 1
23126 2
23127 0
23128 1
23129 0
23130 1
23131 0
23132 1
23133 0
23134 1
23135 2
23136 0
23137 1
23138 2
23139 0
23140 2
23141 0
23142 2
23143 0
23144 1
23145 0
23146 1
23147 2
23148 0
23149 2
23150 3
23151 1
23152 0
23153 1
23154 0
23155 1
23156 0
23157 1
23158 0
23159 1
23160 0
23161 1
23162 2
23163 0
23164 1
23165 0
23166 1
23167 0
23168 1
23169 0
23170 1
23171 0
23172 1
23173 2
23174 0
23175 2
23176 1
23177 0
23178 1
23179 0
23180 2
23181 0
23182 1
23183 2
23184 0
23185 2
23186 1
23187 0
23188 1
23189 0
23190 1
23191 0
23192 1
23193 0
23194 1
23195 0
23196 1
23197 2
23198 1
23199 0
23200 1
23201 0
23202 1
23203 0
23204 1
23205 2
23206 0
23207 2
23208 0
23209 1
23210 0
23211 1
23212 0
23213 3
23214 1
23215 0
23216 1
23217 0
23218 1
23219 2
23220 0
23221 1
23222 0
23223 1
23224 0
23225 1
23226 0
23227 1
23228 0
23229 1
23230 0
23231 1
23232 0
23233 2
23234 1
23235 0
23236 1
23237 0
23238 2
23239 0
23240 1
23241 0
23242 1
23243 2
23244 0
23245 1
23246 0
23247 1
23248 0
23249 2
23250 0
23251 1
23252 0
23253 1
23254 0
23255 1
23256 0
23257 1
23258 0
23259 2
23260 1
23261 2
23262 0
23263 1
23264 0
23265 1
23266 0
23267 1
23268 0
23269 1
23270 2
23271 0
23272 2
23273 1
23274 2
23275 0
23276 1
23277 0
23278 1
23279 0
23280 1
23281 0
23282 1
23283 0
23284 1
23285 0
23286 1
23287 0
23288 1
23289 0
23290 2
23291 1
23292 0
23293 1
23294 0
23295 1
23296 0
23297 2
23298 0
23299 1
23300 0
23301 1
23302 0
23303 1
23304 2
23305 1
23306 2
23307 0
23308 1
23309 0
23310 1
23311 0
23312 1
23313 0
23314 1
23315 0
23316 1
23317 0
23318 1
23319 0
23320 1
23321 2
23322 1
23323 0
23324 1
23325 0
23326 1
23327 0
23328 1
23329 0
23330 1
23331 0
23332 1
23333 0
23334 1
23335 0
23336 1
23337 2
23338 1
23339 0
23340 1
23341 0
23342 1
23343 2
23344 0
23345 1
23346 0
23347 2
23348 0
23349 1
23350 2
23351 0
23352 1
23353 2
23354 0
23355 1
23356 2
23357 0
23358 1
23359 2
23360 0
23361 1
23362 2
23363 0
23364 1
23365 2
23366 0
23367 1
23368 0
23369 1
23370 0
23371 1
23372 2
23373 0
23374 1
23375 2
23376 0
23377 1
23378 2
23379 0
23380 1
23381 0
23382 2
23383 1
23384 2
23385 1
23386 0
23387 1
23388 0
23389 1
23390 3
23391 2
23392 0
23393 2
23394 0
23395 1
23396 0
23397 1
23398 0
23399 2
23400 1
23401 0
23402 1
23403 0
23404 1
23405 2
23406 0
23407 1
23408 2
23409 0
23410 2
23411 1
23412 0
23413 2
23414 0
23415 1
23416 0
23417 2
23418 0
23419 2
23420 0
23421 2
23422 1
23423 0
23424 1
23425 0
23426 1
23427 0
23428 1
23429 2
23430 0
23431 1
23432 2
23433 0
23434 1
23435 0
23436 1
23437 2
23438 0
23439 1
23440 2
23441 0
23442 2
23443 1
23444 2
23445 0
23446 2
23447 1
23448 0
23449 1
23450 0
23451 1
23452 2
23453 0
23454 1
23455 2
23456 1
23457 0
23458 1
23459 0
23460 1
23461 2
23462 0
23463 1
23464 0
23465 1
23466 0
23467 1
23468 0
23469 1
23470 2
23471 1
23472 0
23473 2
23474 1
23475 2
23476 0
23477 1
23478 0
23479 1
23480 0
23481 1
23482 2
23483 3
23484 1
23485 0
23486 2
23487 1
23488 0
23489 1
23490 0
23491 1
23492 0
23493 2
23494 1
23495 0
23496 1
23497 0
23498 1
23499 0
23500 1
23501 2
23502 0
23503 1
23504 2
23505 0
23506 1
23507 0
23508 1
23509 0
23510 1
23511 0
23512 1
23513 0
23514 1
23515 0
23516 1
23517 0
23518 1
23519 2
23520 0
23521 1
23522 0
23523 1
23524 0
23525 1
23526 2
23527 0
23528 1
23529 0
23530 1
23531 0
23532 1
23533 0
23534 1
23535 2
23536 0
23537 2
23538 1
23539 2
23540 0
23541 2
23542 1
23543 0
23544 1
23545 0
23546 1
23547 0
23548 1
23549 2
23550 0
23551 2
23552 1
23553 0
23554 1
23555 2
23556 0
23557 1
23558 2
23559 0
23560 1
23561 0
23562 1
23563 2
23564 0
23565 1
23566 0
23567 1
23568 0
23569 1
23570 0
23571 1
23572 0
23573 2
23574 0
23575 2
23576 1
23577 0
23578 1
23579 0
23580 1
23581 0
23582 2
23583 1
23584 0
23585 1
23586 0
23587 2
23588 1
23589 0
23590 1
23591 0
23592 1
23593 0
23594 1
23595 0
23596 1
23597 0
23598 2
23599 1
23600 2
23601 0
23602 1
23603 0
23604 2
23605 1
23606 0
23607 1
23608 2
23609 0
23610 2
23611 1
23612 2
23613 1
23614 0
23615 2
23616 1
23617 0
23618 1
23619 0
23620 1
23621 2
23622 0
23623 1
23624 2
23625 0
23626 1
23627 0
23628 2
23629 0
23630 2
23631 3
23632 1
23633 0
23634 1
23635 0
23636 1
23637 0
23638 1
23639 0
23640 1
23641 2
23642 0
23643 2
23644 0
23645 1
23646 0
23647 2
23648 1
23649 0
23650 1
23651 0
23652 1
23653 0
23654 1
23655 2
23656 0
23657 1
23658 0
23659 2
23660 0
23661 1
23662 0
23663 1
23664 2
23665 0
23666 1
23667 2
23668 0
23669 2
23670 1
23671 0
23672 2
23673 1
23674 2
23675 0
23676 1
23677 0
23678 2
23679 1
23680 0
23681 1
23682 2
23683 0
23684 1
23685 0
23686 2
23687 1
23688 0
23689 2
23690 0
23691 2
23692 1
23693 0
23694 1
23695 0
23696 2
23697 1
23698 0
23699 1
23700 2
23701 0
23702 1
23703 2
23704 0
23705 1
23706 0
23707 1
23708 0
23709 1
23710 2
23711 0
23712 1
23713 0
23714 1
23715 2
23716 0
23717 1
23718 2
23719 0
23720 1
23721 0
23722 1
23723 2
23724 0
23725 1
23726 0
23727 2
23728 0
23729 1
23730 2
23731 0
23732 1
23733 0
23734 1
23735 0
23736 1
23737 0
23738 1
23739 0
23740 1
23741 0
23742 2
23743 0
23744 1
23745 0
23746 1
23747 2
23748 1
23749 2
23750 0
23751 1
23752 0
23753 1
23754 0
23755 2
23756 1
23757 2
23758 0
23759 1
23760 2
23761 0
23762 1
23763 0
23764 1
23765 0
23766 1
23767 0
23768 1
23769 0
23770 2
23771 0
23772 1
23773 0
23774 1
23775 0
23776 1
23777 0
23778 1
23779 2
23780 0
23781 2
23782 1
23783 0
23784 2
23785 1
23786 0
23787 1
23788 0
23789 1
23790 2
23791 0
23792 1
23793 0
23794 1
23795 0
23796 1
23797 0
23798 1
23799 0
23800 1
23801 0
23802 1
23803 0
23804 2
23805 1
23806 2
23807 0
23808 2
23809 1
23810 2
23811 1
23812 2
23813 0
23814 1
23815 0
23816 1
23817 2
23818 0
23819 1
23820 0
23821 1
23822 0
23823 2
23824 1
23825 2
23826 0
23827 1
23828 0
23829 2
23830 1
23831 2
23832 0
23833 1
23834 0
23835 2
23836 1
23837 2
23838 1
23839 0
23840 2
23841 0
23842 2
23843 1
23844 0
23845 1
23846 0
23847 2
23848 0
23849 1
23850 0
23851 1
23852 0
23853 1
23854 0
23855 2
23856 1
23857 0
23858 1
23859 0
23860 1
23861 2
23862 0
23863 1
23864 2
23865 1
23866 0
23867 1
23868 0
23869 1
23870 2
23871 0
23872 1
23873 2
23874 0
23875 1
23876 0
23877 1
23878 0
23879 1
23880 0
23881 1
23882 0
23883 1
23884 0
23885 1
23886 3
23887 2
23888 1
23889 0
23890 1
23891 2
23892 1
23893 0
23894 1
23895 0
23896 1
23897 0
23898 1
23899 0
23900 1
23901 2
23902 0
23903 2
23904 0
23905 1
23906 2
23907 0
23908 1
23909 2
23910 3
23911 1
23912 2
23913 0
23914 1
23915 0
23916 1
23917 0
23918 1
23919 0
23920 2
23921 1
23922 2
23923 0
23924 2
23925 1
23926 2
23927 0
23928 1
23929 0
23930 2
23931 1
23932 0
23933 1
23934 2
23935 0
23936 1
23937 0
23938 2
23939 1
23940 2
23941 1
23942 0
23943 1
23944 0
23945 1
23946 0
23947 2
23948 1
23949 2
23950 3
23951 1
23952 2
23953 0
23954 1
23955 2
23956 0
23957 1
23958 0
23959 1
23960 0
23961 1
23962 0
23963 1
23964 0
23965 1
23966 0
23967 2
23968 0
23969 1
23970 0
23971 1
23972 0
23973 1
23974 0
23975 2
23976 0
23977 1
23978 0
23979 2
23980 1
23981 0
23982 1
23983 2
23984 0
23985 2
23986 1
23987 2
23988 0
23989 1
23990 0
23991 1
23992 2
23993 0
23994 1
23995 2
23996 0
23997 2
23998 1
23999 0
24000 1
24001 2
24002 0
24003 1
24004 2
24005 0
24006 1
24007 0
24008 1
24009 2
24010 0
24011 2
24012 0
24013 1
24014 0
24015 1
24016 0
24017 1
24018 0
24019 2
24020 1
24021 0
24022 1
24023 0
24024 1
24025 2
24026 0
24027 2
24028 1
24029 2
24030 1
24031 0
24032 1
24033 0
24034 1
24035 0
24036 1
24037 0
24038 1
24039 0
24040 1
24041 0
24042 1
24043 2
24044 0
24045 1
24046 2
24047 0
24048 2
24049 1
24050 0
24051 1
24052 2
24053 0
24054 1
24055 0
24056 1
24057 0
24058 1
24059 2
24060 0
24061 2
24062 1
24063 0
24064 2
24065 0
24066 1
24067 0
24068 1
24069 0
24070 2
24071 0
24072 1
24073 0
24074 1
24075 0
24076 1
24077 2
24078 0
24079 1
24080 2
24081 0
24082 2
24083 1
24084 2
24085 0
24086 1
24087 0
24088 1
24089 0
24090 1
24091 0
24092 1
24093 0
24094 1
24095 0
24096 1
24097 0
24098 1
24099 0
24100 2
24101 0
24102 2
24103 1
24104 2
24105 0
24106 1
24107 2
24108 0
24109 2
24110 1
24111 0
24112 1
24113 0
24114 2
24115 1
24116 2
24117 0
24118 1
24119 2
24120 0
24121 1
24122 2
24123 1
24124 0
24125 2
24126 1
24127 2
24128 0
24129 1
24130 0
24131 2
24132 0
24133 1
24134 0
24135 1
24136 0
24137 1
24138 2
24139 1
24140 0
24141 2
24142 0
24143 2
24144 0
24145 1
24146 0
24147 1
24148 0
24149 1
24150 0
24151 2
24152 0
24153 1
24154 0
24155 1
24156 2
24157 1
24158 2
24159 1
24160 2
24161 0
24162 1
24163 0
24164 1
24165 2
24166 0
24167 1
24168 0
24169 1
24170 2
24171 0
24172 2
24173 1
24174 0
24175 1
24176 0
24177 1
24178 0
24179 1
24180 0
24181 2
24182 1
24183 0
24184 2
24185 1
24186 2
24187 3
24188 1
24189 0
24190 1
24191 2
24192 1
24193 0
24194 2
24195 1
24196 2
24197 0
24198 1
24199 0
24200 1
24201 0
24202 1
24203 0
24204 1
24205 0
24206 1
24207 0
24208 1
24209 2
24210 0
24211 1
24212 2
24213 0
24214 1
24215 0
24216 2
24217 0
24218 2
24219 1
24220 2
24221 0
24222 1
24223 0
24224 1
24225 0
24226 1
24227 0
24228 1
24229 0
24230 1
24231 0
24232 2
24233 1
24234 2
24235 0
24236 1
24237 0
24238 1
24239 0
24240 2
24241 0
24242 1
24243 3
24244 2
24245 1
24246 0
24247 1
24248 0
24249 1
24250 2
24251 0
24252 2
24253 0
24254 1
24255 0
24256 2
24257 1
24258 0
24259 1
24260 0
24261 1
24262 2
24263 0
24264 2
24265 1
24266 0
24267 1
24268 0
24269 1
24270 0
24271 2
24272 1
24273 0
24274 1
24275 0
24276 1
24277 0
24278 1
24279 0
24280 2
24281 0
24282 1
24283 0
24284 1
24285 2
24286 0
24287 1
24288 0
24289 1
24290 0
24291 1
24292 0
24293 1
24294 0
24295 2
24296 0
24297 1
24298 2
24299 0
24300 1
24301 0
24302 1
24303 0
24304 1
24305 0
24306 1
24307 2
24308 1
24309 0
24310 2
24311 1
24312 2
24313 0
24314 1
24315 0
24316 1
24317 0
24318 1
24319 2
24320 1
24321 2
24322 0
24323 1
24324 0
24325 1
24326 0
24327 1
24328 0
24329 2
24330 1
24331 2
24332 0
24333 2
24334 1
24335 0
24336 2
24337 1
24338 2
24339 0
24340 2
24341 1
24342 2
24343 0
24344 1
24345 2
24346 0
24347 1
24348 0
24349 1
24350 2
24351 0
24352 1
24353 0
24354 1
24355 0
24356 1
24357 0
24358 1
24359 0
24360 1
24361 2
24362 0
24363 1
24364 0
24365 1
24366 0
24367 1
24368 0
24369 2
24370 1
24371 0
24372 1
24373 2
24374 0
24375 1
24376 0
24377 1
24378 2
24379 0
24380 2
24381 1
24382 0
24383 1
24384 0
24385 1
24386 0
24387 1
24388 0
24389 2
24390 1
24391 0
24392 1
24393 0
24394 2
24395 0
24396 1
24397 0
24398 1
24399 0
24400 1
24401 0
24402 2
24403 1
24404 0
24405 1
24406 0
24407 1
24408 0
24409 1
24410 2
24411 3
24412 0
24413 1
24414 0
24415 1
24416 2
24417 0
24418 2
24419 0
24420 1
24421 2
24422 0
24423 1
24424 0
24425 2
24426 1
24427 0
24428 1
24429 0
24430 2
24431 1
24432 2
24433 0
24434 1
24435 2
24436 0
24437 1
24438 0
24439 2
24440 1
24441 2
24442 0
24443 2
24444 1
24445 2
24446 1
24447 0
24448 1
24449 2
24450 0
24451 1
24452 0
24453 1
24454 0
24455 2
24456 1
24457 2
24458 1
24459 0
24460 1
24461 2
24462 0
24463 2
24464 1
24465 0
24466 1
24467 0
24468 1
24469 2
24470 0
24471 2
24472 1
24473 0
24474 1
24475 2
24476 1
24477 2
24478 1
24479 0
24480 1
24481 0
24482 1
24483 0
24484 2
24485 1
24486 0
24487 2
24488 1
24489 0
24490 2
24491 1
24492 0
24493 1
24494 0
24495 1
24496 0
24497 1
24498 0
24499 1
24500 0
24501 1
24502 0
24503 1
24504 0
24505 1
24506 0
24507 2
24508 1
24509 0
24510 2
24511 1
24512 0
24513 1
24514 0
24515 1
24516 0
24517 1
24518 0
24519 1
24520 0
24521 1
24522 2
24523 0
24524 1
24525 0
24526 2
24527 1
24528 0
24529 1
24530 0
24531 1
24532 2
24533 1
24534 0
24535 1
24536 2
24537 1
24538 0
24539 2
24540 1
24541 0
24542 1
24543 2
24544 0
24545 2
24546 1
24547 2
24548 1
24549 0
24550 1
24551 0
24552 1
24553 0
24554 1
24555 0
24556 1
24557 0
24558 1
24559 2
24560 0
24561 2
24562 0
24563 1
24564 0
24565 1
24566 0
24567 1
24568 0
24569 1
24570 0
24571 2
24572 3
24573 1
24574 2
24575 0
24576 1
24577 0
24578 1
24579 2
24580 1
24581 0
24582 1
24583 0
24584 2
24585 1
24586 2
24587 0
24588 2
24589 1
24590 0
24591 2
24592 1
24593 2
24594 0
24595 1
24596 0
24597 1
24598 2
24599 1
24600 0
24601 1
24602 0
24603 2
24604 1
24605 2
24606 0
24607 1
24608 0
24609 2
24610 1
24611 0
24612 1
24613 0
24614 1
24615 2
24616 1
24617 0
24618 1
24619 2
24620 0
24621 2
24622 1
24623 2
24624 0
24625 1
24626 2
24627 0
24628 2
24629 1
24630 2
24631 0
24632 1
24633 0
24634 2
24635 1
24636 2
24637 1
24638 2
24639 0
24640 2
24641 1
24642 0
24643 2
24644 0
24645 2
24646 1
24647 2
24648 1
24649 0
24650 1
24651 0
24652 1
24653 0
24654 2
24655 0
24656 1
24657 0
24658 2
24659 0
24660 1
24661 2
24662 0
24663 2
24664 1
24665 0
24666 1
24667 0
24668 1
24669 2
24670 0
24671 2
24672 1
24673 0
24674 2
24675 1
24676 2
24677 0
24678 2
24679 0
24680 1
24681 2
24682 0
24683 1
24684 0
24685 1
24686 0
24687 1
24688 0
24689 2
24690 0
24691 1
24692 0
24693 1
24694 2
24695 0
24696 1
24697 2
24698 0
24699 1
24700 0
24701 2
24702 1
24703 0
24704 1
24705 0
24706 1
24707 0
24708 1
24709 0
24710 1
24711 2
24712 0
24713 2
24714 1
24715 0
24716 1
24717 0
24718 1
24719 0
24720 1
24721 0
24722 1
24723 2
24724 1
24725 0
24726 1
24727 2
24728 1
24729 0
24730 2
24731 1
24732 0
24733 2
24734 1
24735 2
24736 1
24737 0
24738 1
24739 0
24740 1
24741 0
24742 1
24743 2
24744 1
24745 0
24746 2
24747 1
24748 0
24749 1
24750 0
24751 1
24752 0
24753 1
24754 2
24755 0
24756 1
24757 0
24758 2
24759 0
24760 2
24761 1
24762 0
24763 1
24764 2
24765 0
24766 1
24767 0
24768 1
24769 0
24770 1
24771 2
24772 1
24773 0
24774 1
24775 0
24776 2
24777 1
24778 0
24779 1
24780 0
24781 1
24782 0
24783 1
24784 0
24785 1
24786 0
24787 1
24788 0
24789 1
24790 0
24791 2
24792 1
24793 0
24794 1
24795 2
24796 0
24797 1
24798 0
24799 1
24800 0
24801 2
24802 1
24803 2
24804 1
24805 0
24806 1
24807 0
24808 1
24809 2
24810 0
24811 1
24812 0
24813 2
24814 1
24815 0
24816 1
24817 0
24818 2
24819 1
24820 0
24821 2
24822 1
24823 2
24824 0
24825 2
24826 1
24827 0
24828 1
24829 0
24830 1
24831 2
24832 0
24833 2
24834 1
24835 2
24836 1
24837 2
24838 0
24839 1
24840 0
24841 1
24842 2
24843 1
24844 2
24845 0
24846 2
24847 1
24848 0
24849 2
24850 1
24851 0
24852 2
24853 1
24854 2
24855 0
24856 1
24857 0
24858 1
24859 0
24860 1
24861 2
24862 1
24863 0
24864 2
24865 0
24866 1
24867 0
24868 1
24869 2
24870 1
24871 0
24872 2
24873 1
24874 2
24875 0
24876 1
24877 0
24878 1
24879 0
24880 1
24881 0
24882 2
24883 1
24884 0
24885 1
24886 0
24887 1
24888 0
24889 1
24890 0
24891 2
24892 1
24893 0
24894 1
24895 0
24896 1
24897 0
24898 1
24899 0
24900 2
24901 1
24902 2
24903 1
24904 2
24905 1
24906 2
24907 0
24908 1
24909 2
24910 0
24911 1
24912 0
24913 2
24914 1
24915 0
24916 1
24917 2
24918 0
24919 1
24920 0
24921 1
24922 2
24923 3
24924 1
24925 2
24926 0
24927 1
24928 0
24929 2
24930 1
24931 2
24932 1
24933 0
24934 1
24935 0
24936 1
24937 0
24938 1
24939 2
24940 1
24941 0
24942 1
24943 0
24944 1
24945 0
24946 1
24947 2
24948 0
24949 1
24950 0
24951 1
24952 0
24953 1
24954 0
24955 1
24956 0
24957 1
24958 0
24959 1
24960 0
24961 1
24962 0
24963 2
24964 1
24965 0
24966 2
24967 1
24968 0
24969 1
24970 0
24971 1
24972 2
24973 0
24974 2
24975 1
24976 0
24977 1
24978 0
24979 1
24980 0
24981 2
24982 1
24983 2
24984 1
24985 0
24986 1
24987 2
24988 0
24989 2
24990 1
24991 0
24992 1
24993 2
24994 0
24995 1
24996 0
24997 1
24998 0
24999 1
25000 2
25001 1
25002 3
25003 0
25004 1
25005 2
25006 0
25007 1
25008 2
25009 1
25010 0
25011 1
25012 2
25013 0
25014 1
25015 0
25016 1
25017 2
25018 0
25019 1
25020 2
25021 0
25022 1
25023 0
25024 1
25025 0
25026 1
25027 0
25028 2
25029 1
25030 2
25031 0
25032 1
25033 0
25034 2
25035 1
25036 0
25037 1
25038 0
25039 1
25040 0
25041 1
25042 0
25043 2
25044 1
25045 0
25046 2
25047 1
25048 2
25049 0
25050 1
25051 0
25052 1
25053 0
25054 1
25055 0
25056 1
25057 0
25058 1
25059 0
25060 1
25061 0
25062 2
25063 1
25064 2
25065 0
25066 1
25067 0
25068 1
25069 2
25070 0
25071 1
25072 0
25073 1
25074 0
25075 1
25076 2
25077 0
25078 1
25079 0
25080 2
25081 0
25082 1
25083 0
25084 2
25085 1
25086 0
25087 1
25088 0
25089 1
25090 0
25091 1
25092 2
25093 0
25094 2
25095 1
25096 2
25097 0
25098 1
25099 0
25100 1
25101 0
25102 1
25103 2
25104 0
25105 1
25106 0
25107 1
25108 0
25109 1
25110 0
25111 1
25112 2
25113 1
25114 0
25115 1
25116 2
25117 0
25118 2
25119 0
25120 2
25121 0
25122 2
25123 1
25124 0
25125 1
25126 0
25127 1
25128 2
25129 0
25130 2
25131 1
25132 0
25133 2
25134 1
25135 2
25136 0
25137 1
25138 0
25139 1
25140 0
25141 1
25142 2
25143 0
25144 1
25145 0
25146 2
25147 0
25148 2
25149 1
25150 0
25151 1
25152 2
25153 0
25154 1
25155 0
25156 1
25157 0
25158 1
25159 0
25160 2
25161 1
25162 2
25163 0
25164 2
25165 1
25166 2
25167 0
25168 1
25169 0
25170 1
25171 0
25172 1
25173 2
25174 1
25175 0
25176 1
25177 0
25178 2
25179 0
25180 1
25181 0
25182 1
25183 2
25184 0
25185 1
25186 0
25187 1
25188 2
25189 0
25190 2
25191 0
25192 2
25193 0
25194 2
25195 3
25196 0
25197 1
25198 2
25199 0
25200 1
25201 0
25202 1
25203 2
25204 0
25205 2
25206 1
25207 0
25208 1
25209 0
25210 1
25211 0
25212 2
25213 1
25214 2
25215 3
25216 1
25217 2
25218 0
25219 1
25220 0
25221 2
25222 0
25223 2
25224 0
25225 1
25226 2
25227 1
25228 2
25229 0
25230 1
25231 2
25232 1
25233 2
25234 0
25235 1
25236 2
25237 0
25238 1
25239 0
25240 1
25241 0
25242 2
25243 1
25244 0
25245 1
25246 0
25247 1
25248 2
25249 0
25250 2
25251 1
25252 2
25253 0
25254 1
25255 0
25256 1
25257 2
25258 0
25259 1
25260 0
25261 2
25262 1
25263 2
25264 0
25265 2
25266 0
25267 1
25268 2
25269 0
25270 1
25271 0
25272 2
25273 1
25274 0
25275 1
25276 0
25277 1
25278 2
25279 0
25280 2
25281 1
25282 0
25283 1
25284 0
25285 1
25286 2
25287 0
25288 1
25289 0
25290 1
25291 2
25292 0
25293 1
25294 0
25295 1
25296 0
25297 1
25298 0
25299 2
25300 1
25301 0
25302 2
25303 1
25304 0
25305 1
25306 2
25307 0
25308 2
25309 1
25310 2
25311 0
25312 1
25313 0
25314 1
25315 0
25316 1
25317 2
25318 1
25319 2
25320 0
25321 2
25322 1
25323 2
25324 0
25325 2
25326 1
25327 2
25328 0
25329 1
25330 0
25331 1
25332 2
25333 0
25334 2
25335 1
25336 0
25337 1
25338 0
25339 1
25340 0
25341 1
25342 0
25343 2
25344 1
25345 0
25346 1
25347 0
25348 2
25349 1
25350 0
25351 1
25352 0
25353 1
25354 0
25355 2
25356 1
25357 0
25358 1
25359 0
25360 1
25361 0
25362 2
25363 1
25364 0
25365 1
25366 2
25367 0
25368 2
25369 1
25370 0
25371 1
25372 0
25373 2
25374 1
25375 0
25376 1
25377 2
25378 0
25379 2
25380 1
25381 0
25382 1
25383 0
25384 1
25385 2
25386 0
25387 1
25388 0
25389 1
25390 0
25391 1
25392 2
25393 0
25394 2
25395 1
25396 0
25397 1
25398 0
25399 1
25400 0
25401 1
25402 2
25403 0
25404 1
25405 0
25406 1
25407 0
25408 1
25409 0
25410 2
25411 1
25412 0
25413 1
25414 0
25415 1
25416 0
25417 2
25418 1
25419 0
25420 1
25421 0
25422 2
25423 1
25424 0
25425 1
25426 0
25427 2
25428 1
25429 2
25430 0
25431 2
25432 1
25433 0
25434 1
25435 0
25436 1
25437 0
25438 1
25439 0
25440 1
25441 0
25442 1
25443 0
25444 1
25445 2
25446 1
25447 0
25448 1
25449 0
25450 1
25451 0
25452 1
25453 0
25454 1
25455 0
25456 1
25457 2
25458 0
25459 2
25460 1
25461 0
25462 2
25463 1
25464 0
25465 1
25466 2
25467 0
25468 1
25469 2
25470 0
25471 1
25472 0
25473 1
25474 0
25475 1
25476 0
25477 2
25478 1
25479 0
25480 1
25481 0
25482 1
25483 0
25484 1
25485 2
25486 0
25487 2
25488 1
25489 2
25490 0
25491 1
25492 0
25493 1
25494 2
25495 1
25496 0
25497 1
25498 0
25499 2
25500 0
25501 2
25502 1
25503 0
25504 1
25505 2
25506 0
25507 1
25508 0
25509 1
25510 2
25511 3
25512 0
25513 1
25514 2
25515 0
25516 2
25517 0
25518 2
25519 0
25520 2
25521 1
25522 0
25523 1
25524 2
25525 1
25526 2
25527 0
25528 1
25529 2
25530 0
25531 1
25532 0
25533 1
25534 0
25535 1
25536 0
25537 2
25538 1
25539 0
25540 1
25541 2
25542 0
25543 1
25544 0
25545 1
25546 0
25547 1
25548 2
25549 0
25550 1
25551 0
25552 2
25553 1
25554 0
25555 1
25556 2
25557 0
25558 1
25559 2
25560 0
25561 2
25562 1
25563 0
25564 1
25565 0
25566 1
25567 2
25568 0
25569 2
25570 1
25571 0
25572 1
25573 2
25574 0
25575 1
25576 0
25577 1
25578 2
25579 0
25580 1
25581 0
25582 2
25583 1
25584 2
25585 0
25586 1
25587 2
25588 1
25589 0
25590 1
25591 0
25592 2
25593 1
25594 2
25595 0
25596 2
25597 3
25598 0
25599 1
25600 2
25601 0
25602 1
25603 0
25604 1
25605 0
25606 1
25607 0
25608 1
25609 2
25610 1
25611 0
25612 2
25613 0
25614 1
25615 2
25616 0
25617 2
25618 1
25619 0
25620 1
25621 2
25622 0
25623 2
25624 0
25625 1
25626 0
25627 1
25628 2
25629 0
25630 1
25631 2
25632 0
25633 2
25634 1
25635 2
25636 0
25637 1
25638 0
25639 2
25640 1
25641 0
25642 2
25643 1
25644 0
25645 2
25646 1
25647 0
25648 2
25649 1
25650 0
25651 1
25652 0
25653 1
25654 2
25655 0
25656 1
25657 2
25658 0
25659 1
25660 0
25661 1
25662 2
25663 0
25664 2
25665 1
25666 0
25667 2
25668 1
25669 0
25670 2
25671 1
25672 0
25673 1
25674 2
25675 0
25676 1
25677 0
25678 1
25679 2
25680 0
25681 2
25682 1
25683 2
25684 1
25685 0
25686 1
25687 2
25688 1
25689 0
25690 2
25691 0
25692 1
25693 0
25694 1
25695 2
25696 0
25697 2
25698 1
25699 0
25700 1
25701 0
25702 2
25703 1
25704 0
25705 1
25706 0
25707 1
25708 2
25709 1
25710 2
25711 1
25712 0
25713 1
25714 0
25715 1
25716 0
25717 1
25718 0
25719 2
25720 1
25721 2
25722 0
25723 1
25724 0
25725 2
25726 1
25727 0
25728 1
25729 0
25730 2
25731 1
25732 0
25733 1
25734 0
25735 1
25736 0
25737 1
25738 0
25739 1
25740 0
25741 1
25742 0
25743 1
25744 0
25745 1
25746 0
25747 1
25748 0
25749 2
25750 1
25751 2
25752 0
25753 1
25754 0
25755 1
25756 0
25757 1
25758 0
25759 2
25760 0
25761 2
25762 0
25763 1
25764 0
25765 1
25766 2
25767 0
25768 1
25769 0
25770 1
25771 0
25772 3
25773 2
25774 0
25775 1
25776 0
25777 1
25778 0
25779 1
25780 2
25781 0
25782 1
25783 0
25784 1
25785 2
25786 0
25787 1
25788 0
25789 1
25790 2
25791 0
25792 1
25793 2
25794 0
25795 2
25796 1
25797 2
25798 1
25799 0
25800 1
25801 0
25802 1
25803 2
25804 0
25805 1
25806 0
25807 2
25808 1
25809 0
25810 1
25811 2
25812 0
25813 1
25814 0
25815 1
25816 2
25817 1
25818 0
25819 1
25820 0
25821 1
25822 0
25823 2
25824 1
25825 2
25826 1
25827 2
25828 0
25829 1
25830 2
25831 1
25832 0
25833 1
25834 0
25835 2
25836 1
25837 0
25838 2
25839 1
25840 2
25841 0
25842 1
25843 0
25844 2
25845 1
25846 0
25847 1
25848 0
25849 1
25850 2
25851 0
25852 2
25853 0
25854 1
25855 0
25856 1
25857 2
25858 0
25859 2
25860 1
25861 0
25862 1
25863 2
25864 0
25865 1
25866 0
25867 1
25868 0
25869 1
25870 0
25871 1
25872 0
25873 1
25874 0
25875 1
25876 0
25877 1
25878 0
25879 1
25880 2
25881 1
25882 0
25883 1
25884 0
25885 1
25886 2
25887 0
25888 1
25889 0
25890 2
25891 1
25892 0
25893 2
25894 1
25895 0
25896 1
25897 0
25898 2
25899 0
25900 1
25901 0
25902 1
25903 0
25904 1
25905 0
25906 1
25907 0
25908 1
25909 0
25910 1
25911 2
25912 0
25913 1
25914 2
25915 0
25916 2
25917 1
25918 2
25919 0
25920 2
25921 1
25922 2
25923 0
25924 2
25925 1
25926 0
25927 2
25928 3
25929 0
25930 1
25931 2
25932 0
25933 1
25934 0
25935 1
25936 0
25937 1
25938 2
25939 0
25940 1
25941 0
25942 1
25943 2
25944 1
25945 2
25946 1
25947 0
25948 1
25949 0
25950 1
25951 0
25952 1
25953 2
25954 1
25955 0
25956 2
25957 1
25958 0
25959 1
25960 0
25961 1
25962 2
25963 0
25964 1
25965 0
25966 1
25967 0
25968 1
25969 0
25970 1
25971 2
25972 0
25973 2
25974 1
25975 0
25976 1
25977 0
25978 1
25979 2
25980 0
25981 1
25982 0
25983 1
25984 0
25985 2
25986 0
25987 1
25988 2
25989 0
25990 1
25991 2
25992 0
25993 1
25994 0
25995 1
25996 0
25997 2
25998 1
25999 2
26000 1
26001 0
26002 2
26003 1
26004 2
26005 0
26006 2
26007 0
26008 1
26009 2
26010 0
26011 2
26012 0
26013 2
26014 1
26015 2
26016 1
26017 0
26018 1
26019 0
26020 1
26021 0
26022 1
26023 0
26024 2
26025 1
26026 0
26027 1
26028 2
26029 0
26030 1
26031 0
26032 1
26033 0
26034 1
26035 0
26036 1
26037 0
26038 1
26039 2
26040 0
26041 1
26042 0
26043 2
26044 1
26045 2
26046 1
26047 0
26048 1
26049 0
26050 1
26051 2
26052 1
26053 0
26054 1
26055 2
26056 0
26057 1
26058 2
26059 0
26060 2
26061 1
26062 2
26063 0
26064 1
26065 0
26066 2
26067 1
26068 2
26069 0
26070 2
26071 0
26072 1
26073 2
26074 0
26075 3
26076 1
26077 0
26078 1
26079 2
26080 0
26081 1
26082 2
26083 1
26084 2
26085 0
26086 1
26087 2
26088 0
26089 2
26090 1
26091 2
26092 0
26093 1
26094 0
26095 1
26096 2
26097 0
26098 1
26099 2
26100 0
26101 2
26102 1
26103 2
26104 1
26105 2
26106 0
26107 1
26108 0
26109 1
26110 0
26111 1
26112 0
26113 2
26114 1
26115 0
26116 1
26117 0
26118 1
26119 0
26120 1
26121 2
26122 0
26123 1
26124 2
26125 1
26126 2
26127 0
26128 1
26129 0
26130 1
26131 0
26132 2
26133 1
26134 2
26135 0
26136 2
26137 1
26138 2
26139 0
26140 1
26141 0
26142 1
26143 0
26144 1
26145 2
26146 0
26147 2
26148 1
26149 2
26150 0
26151 1
26152 2
26153 0
26154 2
26155 1
26156 2
26157 0
26158 1
26159 0
26160 1
26161 0
26162 1
26163 0
26164 1
26165 0
26166 1
26167 2
26168 0
26169 2
26170 1
26171 2
26172 0
26173 2
26174 1
26175 0
26176 2
26177 0
26178 1
26179 0
26180 1
26181 0
26182 1
26183 0
26184 1
26185 0
26186 1
26187 0
26188 1
26189 0
26190 1
26191 0
26192 2
26193 0
26194 1
26195 2
26196 0
26197 1
26198 0
26199 1
26200 0
26201 1
26202 0
26203 2
26204 1
26205 0
26206 1
26207 0
26208 1
26209 0
26210 1
26211 0
26212 1
26213 0
26214 1
26215 0
26216 2
26217 1
26218 0
26219 1
26220 2
26221 0
26222 2
26223 1
26224 0
26225 2
26226 1
26227 2
26228 1
26229 0
26230 1
26231 2
26232 0
26233 1
26234 0
26235 3
26236 1
26237 0
26238 1
26239 0
26240 2
26241 1
26242 2
26243 0
26244 1
26245 2
26246 1
26247 0
26248 1
26249 0
26250 1
26251 0
26252 2
26253 1
26254 0
26255 1
26256 0
26257 2
26258 1
26259 0
26260 1
26261 0
26262 1
26263 0
26264 1
26265 0
26266 1
26267 2
26268 0
26269 1
26270 0
26271 1
26272 0
26273 1
26274 0
26275 2
26276 1
26277 2
26278 0
26279 1
26280 2
26281 0
26282 1
26283 2
26284 0
26285 2
26286 1
26287 2
26288 3
26289 1
26290 0
26291 1
26292 0
26293 1
26294 0
26295 1
26296 0
26297 1
26298 0
26299 1
26300 2
26301 0
26302 1
26303 0
26304 1
26305 0
26306 1
26307 0
26308 2
26309 1
26310 0
26311 1
26312 2
26313 0
26314 1
26315 0
26316 1
26317 0
26318 1
26319 0
26320 1
26321 0
26322 1
26323 0
26324 1
26325 0
26326 2
26327 0
26328 1
26329 0
26330 2
26331 1
26332 0
26333 1
26334 0
26335 2
26336 3
26337 1
26338 0
26339 1
26340 0
26341 1
26342 0
26343 1
26344 2
26345 0
26346 2
26347 0
26348 1
26349 0
26350 1
26351 0
26352 1
26353 0
26354 2
26355 1
26356 0
26357 1
26358 2
26359 0
26360 2
26361 0
26362 1
26363 0
26364 1
26365 0
26366 1
26367 2
26368 0
26369 1
26370 0
26371 1
26372 2
26373 0
26374 2
26375 1
26376 0
26377 2
26378 0
26379 2
26380 1
26381 0
26382 2
26383 1
26384 0
26385 1
26386 2
26387 0
26388 2
26389 1
26390 0
26391 1
26392 2
26393 0
26394 2
26395 1
26396 0
26397 1
26398 0
26399 2
26400 1
26401 0
26402 1
26403 0
26404 2
26405 1
26406 0
26407 2
26408 3
26409 0
26410 1
26411 2
26412 0
26413 1
26414 0
26415 2
26416 1
26417 0
26418 1
26419 0
26420 1
26421 0
26422 1
26423 0
26424 2
26425 1
26426 0
26427 2
26428 1
26429 0
26430 1
26431 0
26432 1
26433 0
26434 1
26435 0
26436 1
26437 2
26438 0
26439 1
26440 2
26441 0
26442 1
26443 0
26444 1
26445 2
26446 1
26447 0
26448 1
26449 2
26450 0
26451 1
26452 0
26453 1
26454 2
26455 0
26456 1
26457 0
26458 1
26459 0
26460 1
26461 0
26462 1
26463 0
26464 1
26465 0
26466 1
26467 0
26468 1
26469 0
26470 1
26471 0
26472 2
26473 1
26474 0
26475 2
26476 1
26477 0
26478 1
26479 0
26480 1
26481 0
26482 1
26483 0
26484 1
26485 0
26486 1
26487 0
26488 1
26489 2
26490 0
26491 2
26492 1
26493 2
26494 0
26495 1
26496 0
26497 1
26498 0
26499 1
26500 0
26501 1
26502 2
26503 0
26504 1
26505 0
26506 1
26507 2
26508 0
26509 2
26510 1
26511 2
26512 1
26513 0
26514 2
26515 1
26516 2
26517 0
26518 1
26519 2
26520 0
26521 1
26522 0
26523 1
26524 0
26525 1
26526 0
26527 1
26528 0
26529 1
26530 0
26531 2
26532 1
26533 2
26534 0
26535 1
26536 2
26537 1
26538 2
26539 0
26540 1
26541 0
26542 1
26543 2
26544 1
26545 2
26546 0
26547 1
26548 0
26549 1
26550 0
26551 1
26552 0
26553 1
26554 0
26555 2
26556 1
26557 2
26558 0
26559 2
26560 0
26561 1
26562 0
26563 1
26564 0
26565 1
26566 0
26567 1
26568 2
26569 0
26570 1
26571 0
26572 1
26573 2
26574 0
26575 1
26576 2
26577 0
26578 1
26579 0
26580 1
26581 0
26582 1
26583 0
26584 1
26585 0
26586 2
26587 1
26588 0
26589 1
26590 0
26591 1
26592 0
26593 1
26594 2
26595 1
26596 2
26597 0
26598 1
26599 2
26600 1
26601 0
26602 1
26603 2
26604 0
26605 1
26606 2
26607 1
26608 0
26609 1
26610 0
26611 1
26612 2
26613 1
26614 0
26615 1
26616 2
26617 0
26618 1
26619 0
26620 2
26621 1
26622 0
26623 2
26624 0
26625 2
26626 0
26627 2
26628 0
26629 2
26630 0
26631 2
26632 1
26633 0
26634 1
26635 0
26636 1
26637 2
26638 0
26639 1
26640 0
26641 1
26642 0
26643 2
26644 1
26645 0
26646 2
26647 1
26648 0
26649 1
26650 2
26651 0
26652 2
26653 1
26654 0
26655 1
26656 0
26657 1
26658 0
26659 1
26660 0
26661 1
26662 0
26663 1
26664 0
26665 1
26666 0
26667 2
26668 1
26669 2
26670 1
26671 0
26672 1
26673 0
26674 1
26675 0
26676 2
26677 1
26678 0
26679 1
26680 0
26681 1
26682 2
26683 0
26684 1
26685 2
26686 0
26687 1
26688 0
26689 1
26690 0
26691 2
26692 1
26693 2
26694 0
26695 1
26696 0
26697 2
26698 1
26699 0
26700 1
26701 0
26702 2
26703 1
26704 0
26705 2
26706 1
26707 0
26708 2
26709 1
26710 0
26711 1
26712 0
26713 2
26714 1
26715 2
26716 1
26717 0
26718 1
26719 0
26720 1
26721 0
26722 1
26723 2
26724 0
26725 1
26726 2
26727 0
26728 1
26729 0
26730 1
26731 2
26732 1
26733 0
26734 1
26735 0
26736 1
26737 2
26738 0
26739 2
26740 1
26741 0
26742 1
26743 0
26744 2
26745 0
26746 1
26747 0
26748 1
26749 0
26750 1
26751 2
26752 0
26753 1
26754 2
26755 0
26756 1
26757 0
26758 2
26759 1
26760 2
26761 0
26762 2
26763 1
26764 0
26765 1
26766 2
26767 0
26768 2
26769 1
26770 2
26771 0
26772 1
26773 2
26774 0
26775 1
26776 2
26777 0
26778 1
26779 0
26780 2
26781 1
26782 2
26783 0
26784 1
26785 0
26786 1
26787 0
26788 1
26789 0
26790 2
26791 0
26792 2
26793 1
26794 0
26795 1
26796 2
26797 0
26798 1
26799 0
26800 1
26801 0
26802 1
26803 0
26804 1
26805 2
26806 0
26807 2
26808 1
26809 2
26810 0
26811 1
26812 0
26813 1
26814 0
26815 1
26816 2
26817 0
26818 1
26819 0
26820 1
26821 2
26822 1
26823 0
26824 1
26825 0
26826 1
26827 0
26828 1
26829 0
26830 1
26831 0
26832 1
26833 0
26834 1
26835 0
26836 2
26837 1
26838 0
26839 1
26840 0
26841 1
26842 0
26843 1
26844 0
26845 1
26846 0
26847 2
26848 1
26849 0
26850 1
26851 0
26852 1
26853 0
26854 2
26855 0
26856 1
26857 0
26858 1
26859 2
26860 1
26861 0
26862 1
26863 0
26864 1
26865 2
26866 0
26867 1
26868 2
26869 0
26870 2
26871 0
26872 1
26873 2
26874 0
26875 1
26876 0
26877 1
26878 0
26879 1
26880 0
26881 1
26882 0
26883 1
26884 0
26885 1
26886 0
26887 2
26888 0
26889 1
26890 0
26891 1
26892 2
26893 0
26894 1
26895 2
26896 1
26897 0
26898 1
26899 2
26900 0
26901 1
26902 2
26903 0
26904 2
26905 0
26906 1
26907 0
26908 2
26909 1
26910 0
26911 1
26912 0
26913 1
26914 0
26915 2
26916 1
26917 0
26918 1
26919 0
26920 1
26921 0
26922 1
26923 0
26924 1
26925 2
26926 1
26927 0
26928 1
26929 2
26930 0
26931 1
26932 0
26933 2
26934 1
26935 2
26936 0
26937 2
26938 1
26939 2
26940 1
26941 2
26942 0
26943 1
26944 0
26945 1
26946 0
26947 1
26948 2
26949 3
26950 1
26951 2
26952 0
26953 1
26954 2
26955 0
26956 1
26957 0
26958 2
26959 0
26960 1
26961 0
26962 2
26963 1
26964 0
26965 1
26966 2
26967 0
26968 2
26969 1
26970 0
26971 1
26972 2
26973 0
26974 1
26975 0
26976 1
26977 0
26978 1
26979 2
26980 0
26981 2
26982 1
26983 0
26984 1
26985 0
26986 1
26987 2
26988 1
26989 0
26990 1
26991 0
26992 1
26993 2
26994 0
26995 1
26996 0
26997 1
26998 0
26999 1
27000 2
27001 0
27002 2
27003 0
27004 1
27005 0
27006 1
27007 2
27008 0
27009 1
27010 2
27011 0
27012 2
27013 1
27014 0
27015 1
27016 0
27017 2
27018 1
27019 0
27020 1
27021 0
27022 2
27023 1
27024 2
27025 0
27026 2
27027 1
27028 2
27029 1
27030 0
27031 1
27032 0
27033 1
27034 0
27035 1
27036 0
27037 1
27038 0
27039 1
27040 0
27041 2
27042 1
27043 2
27044 0
27045 1
27046 0
27047 1
27048 0
27049 1
27050 2
27051 0
27052 1
27053 2
27054 1
27055 2
27056 0
27057 1
27058 2
27059 1
27060 0
27061 1
27062 0
27063 1
27064 0
27065 1
27066 0
27067 2
27068 1
27069 2
27070 0
27071 1
27072 2
27073 0
27074 1
27075 0
27076 1
27077 0
27078 2
27079 1
27080 0
27081 2
27082 0
27083 1
27084 2
27085 0
27086 2
27087 1
27088 2
27089 0
27090 1
27091 0
27092 1
27093 2
27094 0
27095 2
27096 1
27097 0
27098 2
27099 1
27100 0
27101 1
27102 2
27103 1
27104 0
27105 1
27106 0
27107 1
27108 2
27109 1
27110 2
27111 1
27112 0
27113 2
27114 1
27115 2
27116 0
27117 1
27118 0
27119 2
27120 1
27121 0
27122 1
27123 0
27124 2
27125 1
27126 2
27127 0
27128 1
27129 2
27130 1
27131 0
27132 2
27133 1
27134 2
27135 0
27136 2
27137 1
27138 0
27139 1
27140 0
27141 2
27142 1
27143 0
27144 2
27145 1
27146 0
27147 1
27148 0
27149 1
27150 0
27151 1
27152 0
27153 1
27154 0
27155 1
27156 0
27157 1
27158 0
27159 2
27160 1
27161 0
27162 1
27163 0
27164 2
27165 1
27166 0
27167 1
27168 0
27169 1
27170 0
27171 1
27172 0
27173 1
27174 0
27175 1
27176 0
27177 2
27178 1
27179 2
27180 0
27181 1
27182 0
27183 1
27184 0
27185 2
27186 1
27187 0
27188 1
27189 0
27190 2
27191 1
27192 0
27193 2
27194 1
27195 0
27196 1
27197 0
27198 1
27199 2
27200 0
27201 2
27202 0
27203 1
27204 2
27205 0
27206 1
27207 2
27208 0
27209 2
27210 1
27211 0
27212 1
27213 0
27214 2
27215 1
27216 0
27217 2
27218 1
27219 0
27220 2
27221 1
27222 2
27223 0
27224 1
27225 2
27226 0
27227 2
27228 0
27229 1
27230 0
27231 1
27232 0
27233 2
27234 0
27235 1
27236 2
27237 0
27238 1
27239 2
27240 1
27241 2
27242 1
27243 0
27244 1
27245 2
27246 1
27247 0
27248 1
27249 0
27250 1
27251 0
27252 1
27253 0
27254 2
27255 1
27256 0
27257 2
27258 1
27259 3
27260 2
27261 0
27262 1
27263 2
27264 0
27265 1
27266 0
27267 1
27268 2
27269 0
27270 1
27271 2
27272 0
27273 1
27274 0
27275 1
27276 2
27277 0
27278 1
27279 0
27280 1
27281 0
27282 2
27283 1
27284 2
27285 1
27286 0
27287 1
27288 2
27289 0
27290 2
27291 0
27292 1
27293 0
27294 1
27295 0
27296 2
27297 1
27298 2
27299 0
27300 1
27301 0
27302 1
27303 0
27304 2
27305 1
27306 2
27307 0
27308 1
27309 0
27310 1
27311 0
27312 1
27313 0
27314 1
27315 0
27316 1
27317 0
27318 1
27319 0
27320 2
27321 1
27322 0
27323 2
27324 1
27325 0
27326 1
27327 0
27328 1
27329 2
27330 0
27331 2
27332 1
27333 2
27334 0
27335 1
27336 0
27337 1
27338 0
27339 2
27340 1
27341 2
27342 1
27343 0
27344 2
27345 1
27346 2
27347 0
27348 2
27349 1
27350 2
27351 0
27352 2
27353 1
27354 0
27355 1
27356 0
27357 1
27358 0
27359 1
27360 0
27361 1
27362 2
27363 1
27364 0
27365 1
27366 0
27367 1
27368 0
27369 2
27370 1
27371 0
27372 2
27373 1
27374 0
27375 1
27376 0
27377 1
27378 0
27379 1
27380 0
27381 1
27382 0
27383 1
27384 2
27385 0
27386 1
27387 0
27388 2
27389 1
27390 0
27391 1
27392 2
27393 1
27394 2
27395 0
27396 1
27397 2
27398 0
27399 1
27400 0
27401 1
27402 0
27403 2
27404 1
27405 2
27406 1
27407 0
27408 2
27409 1
27410 0
27411 1
27412 2
27413 0
27414 2
27415 1
27416 0
27417 2
27418 1
27419 2
27420 0
27421 2
27422 1
27423 2
27424 0
27425 1
27426 0
27427 1
27428 2
27429 0
27430 1
27431 0
27432 1
27433 2
27434 1
27435 2
27436 0
27437 1
27438 0
27439 1
27440 0
27441 1
27442 0
27443 1
27444 2
27445 3
27446 1
27447 0
27448 1
27449 2
27450 0
27451 1
27452 0
27453 1
27454 0
27455 1
27456 0
27457 2
27458 1
27459 2
27460 1
27461 0
27462 1
27463 2
27464 0
27465 1
27466 0
27467 2
27468 1
27469 0
27470 1
27471 0
27472 2
27473 1
27474 2
27475 1
27476 0
27477 1
27478 2
27479 1
27480 0
27481 2
27482 1
27483 0
27484 1
27485 0
27486 1
27487 2
27488 0
27489 1
27490 0
27491 1
27492 0
27493 1
27494 0
27495 2
27496 1
27497 0
27498 1
27499 2
27500 0
27501 1
27502 0
27503 1
27504 0
27505 2
27506 1
27507 0
27508 1
27509 2
27510 0
27511 1
27512 0
27513 1
27514 0
27515 1
27516 0
27517 1
27518 2
27519 0
27520 1
27521 0
27522 2
27523 1
27524 0
27525 1
27526 0
27527 2
27528 1
27529 0
27530 1
27531 0
27532 1
27533 0
27534 2
27535 0
27536 1
27537 2
27538 0
27539 1
27540 0
27541 2
27542 1
27543 0
27544 2
27545 1
27546 0
27547 2
27548 1
27549 2
27550 0
27551 1
27552 0
27553 1
27554 2
27555 0
27556 1
27557 0
27558 1
27559 0
27560 1
27561 0
27562 1
27563 0
27564 1
27565 0
27566 1
27567 2
27568 0
27569 1
27570 0
27571 1
27572 0
27573 1
27574 2
27575 0
27576 1
27577 0
27578 2
27579 1
27580 0
27581 1
27582 0
27583 1
27584 0
27585 1
27586 0
27587 2
27588 1
27589 0
27590 1
27591 0
27592 2
27593 1
27594 0
27595 1
27596 2
27597 1
27598 2
27599 0
27600 1
27601 0
27602 1
27603 0
27604 1
27605 0
27606 2
27607 1
27608 2
27609 0
27610 1
27611 0
27612 1
27613 0
27614 1
27615 0
27616 1
27617 0
27618 1
27619 2
27620 0
27621 1
27622 0
27623 1
27624 0
27625 1
27626 0
27627 1
27628 2
27629 0
27630 1
27631 2
27632 0
27633 2
27634 1
27635 2
27636 1
27637 0
27638 1
27639 0
27640 2
27641 1
27642 0
27643 2
27644 1
27645 0
27646 1
27647 0
27648 1
27649 0
27650 1
27651 0
27652 1
27653 2
27654 1
27655 0
27656 1
27657 0
27658 1
27659 2
27660 0
27661 1
27662 0
27663 1
27664 0
27665 1
27666 0
27667 1
27668 0
27669 2
27670 1
27671 0
27672 1
27673 0
27674 1
27675 2
27676 1
27677 2
27678 1
27679 0
27680 1
27681 0
27682 1
27683 2
27684 0
27685 2
27686 1
27687 2
27688 0
27689 1
27690 0
27691 1
27692 2
27693 0
27694 2
27695 0
27696 1
27697 0
27698 1
27699 0
27700 2
27701 1
27702 2
27703 1
27704 2
27705 0
27706 1
27707 0
27708 2
27709 1
27710 2
27711 1
27712 2
27713 1
27714 0
27715 1
27716 0
27717 1
27718 2
27719 0
27720 1
27721 0
27722 2
27723 1
27724 0
27725 1
27726 0
27727 2
27728 1
27729 0
27730 1
27731 2
27732 0
27733 1
27734 0
27735 2
27736 1
27737 0
27738 1
27739 2
27740 0
27741 2
27742 1
27743 0
27744 2
27745 1
27746 0
27747 1
27748 2
27749 0
27750 1
27751 2
27752 0
27753 1
27754 2
27755 1
27756 2
27757 0
27758 1
27759 2
27760 0
27761 2
27762 1
27763 0
27764 1
27765 0
27766 2
27767 0
27768 1
27769 2
27770 0
27771 1
27772 0
27773 1
27774 0
27775 1
27776 0
27777 2
27778 3
27779 0
27780 1
27781 0
27782 1
27783 2
27784 0
27785 1
27786 0
27787 1
27788 0
27789 1
27790 2
27791 0
27792 1
27793 0
27794 1
27795 0
27796 1
27797 0
27798 2
27799 1
27800 2
27801 0
27802 2
27803 1
27804 2
27805 1
27806 0
27807 1
27808 2
27809 0
27810 1
27811 0
27812 1
27813 2
27814 1
27815 0
27816 1
27817 2
27818 0
27819 1
27820 2
27821 0
27822 1
27823 0
27824 1
27825 0
27826 2
27827 1
27828 2
27829 0
27830 1
27831 0
27832 1
27833 0
27834 1
27835 2
27836 0
27837 1
27838 0
27839 1
27840 0
27841 1
27842 0
27843 1
27844 0
27845 1
27846 2
27847 0
27848 1
27849 0
27850 1
27851 0
27852 1
27853 0
27854 1
27855 0
27856 1
27857 2
27858 0
27859 1
27860 2
27861 1
27862 0
27863 1
27864 0
27865 1
27866 0
27867 1
27868 2
27869 0
27870 2
27871 1
27872 2
27873 0
27874 1
27875 0
27876 1
27877 2
27878 0
27879 1
27880 0
27881 2
27882 1
27883 2
27884 1
27885 0
27886 2
27887 1
27888 0
27889 1
27890 2
27891 1
27892 0
27893 1
27894 2
27895 1
27896 0
27897 2
27898 1
27899 0
27900 1
27901 2
27902 0
27903 1
27904 2
27905 0
27906 1
27907 2
27908 0
27909 1
27910 0
27911 1
27912 0
27913 1
27914 2
27915 0
27916 1
27917 0
27918 1
27919 0
27920 1
27921 0
27922 1
27923 0
27924 1
27925 0
27926 1
27927 0
27928 1
27929 0
27930 1
27931 0
27932 2
27933 1
27934 0
27935 1
27936 0
27937 2
27938 1
27939 0
27940 2
27941 1
27942 2
27943 0
27944 1
27945 0
27946 1
27947 0
27948 2
27949 1
27950 0
27951 1
27952 0
27953 1
27954 0
27955 1
27956 2
27957 1
27958 2
27959 0
27960 1
27961 0
27962 1
27963 0
27964 1
27965 0
27966 2
27967 1
27968 0
27969 1
27970 0
27971 1
27972 0
27973 1
27974 0
27975 1
27976 0
27977 1
27978 0
27979 1
27980 0
27981 1
27982 0
27983 1
27984 0
27985 1
27986 0
27987 2
27988 1
27989 2
27990 0
27991 1
27992 0
27993 1
27994 2
27995 0
27996 2
27997 0
27998 1
27999 0
28000 1
28001 2
28002 0
28003 2
28004 1
28005 2
28006 1
28007 2
28008 1
28009 0
28010 1
28011 0
28012 1
28013 2
28014 0
28015 1
28016 2
28017 1
28018 2
28019 0
28020 1
28021 0
28022 1
28023 0
28024 1
28025 0
28026 1
28027 0
28028 1
28029 0
28030 1
28031 2
28032 1
28033 2
28034 0
28035 1
28036 2
28037 0
28038 1
28039 2
28040 0
28041 1
28042 0
28043 1
28044 0
28045 1
28046 2
28047 0
28048 1
28049 2
28050 1
28051 2
28052 0
28053 1
28054 0
28055 2
28056 1
28057 0
28058 1
28059 0
28060 2
28061 1
28062 0
28063 2
28064 1
28065 2
28066 0
28067 1
28068 0
28069 2
28070 1
28071 0
28072 1
28073 0
28074 2
28075 3
28076 1
28077 0
28078 1
28079 2
28080 0
28081 1
28082 2
28083 1
28084 0
28085 1
28086 0
28087 1
28088 0
28089 1
28090 0
28091 1
28092 2
28093 0
28094 1
28095 0
28096 1
28097 2
28098 0
28099 1
28100 0
28101 1
28102 0
28103 2
28104 1
28105 0
28106 1
28107 0
28108 2
28109 0
28110 2
28111 0
28112 1
28113 0
28114 1
28115 0
28116 1
28117 0
28118 1
28119 2
28120 1
28121 0
28122 1
28123 0
28124 2
28125 1
28126 0
28127 1
28128 0
28129 1
28130 0
28131 2
28132 0
28133 1
28134 0
28135 1
28136 0
28137 1
28138 0
28139 1
28140 2
28141 0
28142 1
28143 0
28144 1
28145 2
28146 0
28147 2
28148 0
28149 1
28150 2
28151 0
28152 1
28153 0
28154 1
28155 0
28156 1
28157 0
28158 1
28159 2
28160 0
28161 2
28162 1
28163 2
28164 0
28165 2
28166 1
28167 2
28168 1
28169 0
28170 2
28171 1
28172 0
28173 1
28174 0
28175 1
28176 0
28177 2
28178 1
28179 2
28180 0
28181 1
28182 0
28183 1
28184 2
28185 0
28186 2
28187 1
28188 0
28189 1
28190 2
28191 1
28192 2
28193 0
28194 1
28195 2
28196 0
28197 2
28198 0
28199 2
28200 0
28201 1
28202 0
28203 2
28204 1
28205 0
28206 1
28207 0
28208 2
28209 0
28210 1
28211 0
28212 1
28213 2
28214 0
28215 1
28216 0
28217 1
28218 0
28219 1
28220 2
28221 0
28222 1
28223 0
28224 1
28225 0
28226 1
28227 0
28228 1
28229 0
28230 1
28231 0
28232 1
28233 0
28234 2
28235 0
28236 1
28237 0
28238 1
28239 0
28240 1
28241 2
28242 0
28243 1
28244 0
28245 1
28246 0
28247 1
28248 0
28249 1
28250 2
28251 0
28252 1
28253 0
28254 1
28255 0
28256 1
28257 2
28258 0
28259 1
28260 2
28261 0
28262 1
28263 2
28264 0
28265 1
28266 0
28267 1
28268 0
28269 1
28270 0
28271 1
28272 2
28273 0
28274 1
28275 0
28276 1
28277 0
28278 1
28279 2
28280 0
28281 1
28282 0
28283 1
28284 0
28285 1
28286 0
28287 1
28288 0
28289 1
28290 0
28291 1
28292 2
28293 0
28294 2
28295 0
28296 2
28297 1
28298 2
28299 0
28300 1
28301 0
28302 1
28303 0
28304 1
28305 0
28306 2
28307 0
28308 1
28309 3
28310 2
28311 0
28312 2
28313 0
28314 1
28315 0
28316 1
28317 2
28318 0
28319 1
28320 2
28321 3
28322 0
28323 1
28324 0
28325 1
28326 2
28327 1
28328 0
28329 2
28330 1
28331 0
28332 2
28333 0
28334 1
28335 0
28336 2
28337 1
28338 0
28339 1
28340 2
28341 1
28342 0
28343 2
28344 3
28345 0
28346 2
28347 0
28348 1
28349 0
28350 1
28351 2
28352 0
28353 2
28354 1
28355 0
28356 1
28357 2
28358 0
28359 2
28360 1
28361 2
28362 0
28363 2
28364 0
28365 2
28366 1
28367 0
28368 1
28369 0
28370 1
28371 0
28372 2
28373 1
28374 2
28375 0
28376 2
28377 0
28378 1
28379 0
28380 2
28381 1
28382 0
28383 1
28384 0
28385 1
28386 0
28387 2
28388 0
28389 1
28390 2
28391 0
28392 1
28393 0
28394 1
28395 0
28396 1
28397 0
28398 1
28399 0
28400 1
28401 0
28402 1
28403 0
28404 1
28405 0
28406 1
28407 0
28408 1
28409 0
28410 1
28411 0
28412 1
28413 2
28414 0
28415 1
28416 0
28417 2
28418 1
28419 2
28420 0
28421 1
28422 0
28423 1
28424 0
28425 1
28426 2
28427 0
28428 2
28429 1
28430 2
28431 0
28432 2
28433 1
28434 0
28435 2
28436 1
28437 2
28438 0
28439 1
28440 0
28441 2
28442 1
28443 0
28444 1
28445 2
28446 0
28447 1
28448 2
28449 0
28450 1
28451 0
28452 1
28453 0
28454 1
28455 0
28456 1
28457 2
28458 0
28459 1
28460 0
28461 1
28462 0
28463 2
28464 1
28465 0
28466 2
28467 1
28468 0
28469 1
28470 0
28471 1
28472 2
28473 0
28474 2
28475 1
28476 2
28477 0
28478 2
28479 0
28480 2
28481 1
28482 0
28483 1
28484 0
28485 2
28486 1
28487 0
28488 1
28489 0
28490 1
28491 0
28492 2
28493 1
28494 0
28495 1
28496 0
28497 1
28498 0
28499 1
28500 2
28501 1
28502 0
28503 2
28504 1
28505 2
28506 0
28507 2
28508 1
28509 0
28510 1
28511 0
28512 2
28513 0
28514 2
28515 1
28516 2
28517 0
28518 1
28519 0
28520 1
28521 0
28522 1
28523 0
28524 1
28525 2
28526 1
28527 0
28528 1
28529 2
28530 0
28531 1
28532 2
28533 1
28534 0
28535 1
28536 2
28537 0
28538 2
28539 1
28540 2
28541 0
28542 1
28543 0
28544 1
28545 0
28546 1
28547 2
28548 1
28549 0
28550 1
28551 2
28552 0
28553 2
28554 1
28555 2
28556 0
28557 1
28558 2
28559 0
28560 1
28561 0
28562 1
28563 0
28564 1
28565 2
28566 1
28567 2
28568 0
28569 2
28570 0
28571 1
28572 0
28573 2
28574 1
28575 0
28576 2
28577 1
28578 2
28579 0
28580 2
28581 0
28582 2
28583 3
28584 1
28585 0
28586 2
28587 1
28588 0
28589 1
28590 0
28591 1
28592 2
28593 0
28594 1
28595 0
28596 2
28597 1
28598 0
28599 1
28600 2
28601 0
28602 1
28603 2
28604 0
28605 2
28606 1
28607 3
28608 2
28609 0
28610 1
28611 0
28612 1
28613 2
28614 0
28615 2
28616 1
28617 0
28618 1
28619 0
28620 1
28621 2
28622 1
28623 2
28624 1
28625 0
28626 1
28627 2
28628 0
28629 1
28630 0
28631 2
28632 1
28633 0
28634 1
28635 2
28636 1
28637 2
28638 0
28639 1
28640 0
28641 2
28642 1
28643 0
28644 1
28645 2
28646 1
28647 0
28648 1
28649 2
28650 1
28651 2
28652 0
28653 1
28654 0
28655 1
28656 0
28657 1
28658 0
28659 2
28660 1
28661 2
28662 0
28663 1
28664 2
28665 3
28666 1
28667 0
28668 1
28669 2
28670 0
28671 2
28672 1
28673 2
28674 0
28675 1
28676 0
28677 2
28678 1
28679 2
28680 0
28681 1
28682 2
28683 1
28684 2
28685 3
28686 1
28687 2
28688 3
28689 1
28690 2
28691 0
28692 1
28693 0
28694 1
28695 0
28696 2
28697 1
28698 0
28699 2
28700 1
28701 2
28702 0
28703 1
28704 0
28705 1
28706 0
28707 1
28708 2
28709 0
28710 1
28711 0
28712 2
28713 3
28714 1
28715 0
28716 1
28717 0
28718 1
28719 0
28720 1
28721 0
28722 1
28723 2
28724 1
28725 2
28726 1
28727 0
28728 1
28729 0
28730 2
28731 0
28732 1
28733 0
28734 1
28735 0
28736 1
28737 0
28738 1
28739 0
28740 1
28741 2
28742 1
28743 0
28744 1
28745 0
28746 1
28747 0
28748 1
28749 0
28750 1
28751 0
28752 1
28753 0
28754 1
28755 0
28756 1
28757 0
28758 2
28759 1
28760 2
28761 0
28762 1
28763 2
28764 1
28765 0
28766 2
28767 1
28768 0
28769 1
28770 0
28771 2
28772 0
28773 1
28774 0
28775 1
28776 0
28777 2
28778 1
28779 0
28780 1
28781 2
28782 0
28783 1
28784 0
28785 1
28786 0
28787 1
28788 0
28789 1
28790 0
28791 1
28792 0
28793 1
28794 2
28795 1
28796 0
28797 1
28798 2
28799 0
28800 2
28801 1
28802 0
28803 1
28804 0
28805 1
28806 0
28807 1
28808 0
28809 2
28810 1
28811 2
28812 1
28813 0
28814 1
28815 0
28816 1
28817 2
28818 0
28819 1
28820 0
28821 1
28822 2
28823 0
28824 1
28825 2
28826 0
28827 1
28828 0
28829 1
28830 0
28831 1
28832 0
28833 2
28834 0
28835 2
28836 0
28837 1
28838 0
28839 1
28840 0
28841 2
28842 1
28843 0
28844 1
28845 0
28846 1
28847 2
28848 0
28849 1
28850 2
28851 0
28852 2
28853 1
28854 0
28855 2
28856 0
28857 2
28858 1
28859 0
28860 2
28861 1
28862 0
28863 1
28864 2
28865 1
28866 0
28867 1
28868 2
28869 1
28870 0
28871 2
28872 0
28873 1
28874 0
28875 1
28876 2
28877 1
28878 0
28879 1
28880 2
28881 1
28882 0
28883 1
28884 2
28885 0
28886 1
28887 0
28888 1
28889 2
28890 0
28891 2
28892 0
28893 1
28894 0
28895 1
28896 0
28897 1
28898 2
28899 1
28900 0
28901 1
28902 0
28903 1
28904 2
28905 0
28906 1
28907 0
28908 1
28909 0
28910 1
28911 0
28912 2
28913 1
28914 0
28915 1
28916 2
28917 0
28918 1
28919 0
28920 1
28921 0
28922 1
28923 0
28924 2
28925 1
28926 0
28927 2
28928 1
28929 0
28930 2
28931 0
28932 1
28933 0
28934 2
28935 1
28936 0
28937 1
28938 0
28939 2
28940 1
28941 0
28942 2
28943 1
28944 0
28945 1
28946 0
28947 1
28948 0
28949 1
28950 0
28951 1
28952 2
28953 0
28954 1
28955 0
28956 1
28957 2
28958 0
28959 2
28960 1
28961 0
28962 1
28963 0
28964 1
28965 0
28966 1
28967 0
28968 1
28969 2
28970 0
28971 1
28972 0
28973 1
28974 0
28975 2
28976 1
28977 2
28978 1
28979 0
28980 1
28981 2
28982 0
28983 1
28984 2
28985 0
28986 1
28987 0
28988 1
28989 0
28990 1
28991 0
28992 1
28993 0
28994 1
28995 2
28996 0
28997 2
28998 1
28999 2
29000 1
29001 2
29002 1
29003 0
29004 2
29005 1
29006 0
29007 1
29008 2
29009 0
29010 2
29011 1
29012 0
29013 1
29014 2
29015 0
29016 1
29017 2
29018 0
29019 1
29020 0
29021 2
29022 1
29023 0
29024 1
29025 0
29026 2
29027 1
29028 2
29029 0
29030 2
29031 1
29032 2
29033 0
29034 1
29035 2
29036 1
29037 2
29038 0
29039 1
29040 2
29041 0
29042 2
29043 1
29044 0
29045 2
29046 0
29047 1
29048 0
29049 1
29050 0
29051 1
29052 2
29053 0
29054 1
29055 0
29056 1
29057 0
29058 1
29059 2
29060 0
29061 1
29062 0
29063 2
29064 0
29065 2
29066 1
29067 0
29068 1
29069 2
29070 0
29071 1
29072 0
29073 1
29074 2
29075 0
29076 1
29077 2
29078 1
29079 0
29080 1
29081 0
29082 1
29083 2
29084 1
29085 0
29086 1
29087 0
29088 1
29089 2
29090 0
29091 1
29092 2
29093 0
29094 1
29095 0
29096 1
29097 0
29098 1
29099 2
29100 1
29101 0
29102 1
29103 2
29104 1
29105 0
29106 1
29107 0
29108 1
29109 0
29110 2
29111 1
29112 0
29113 1
29114 2
29115 0
29116 1
29117 0
29118 2
29119 1
29120 0
29121 1
29122 0
29123 1
29124 2
29125 1
29126 0
29127 1
29128 0
29129 2
29130 0
29131 2
29132 0
29133 2
29134 1
29135 0
29136 1
29137 0
29138 2
29139 1
29140 2
29141 0
29142 2
29143 1
29144 2
29145 0
29146 1
29147 0
29148 1
29149 0
29150 1
29151 0
29152 1
29153 0
29154 1
29155 0
29156 2
29157 1
29158 2
29159 0
29160 1
29161 0
29162 1
29163 2
29164 0
29165 1
29166 2
29167 0
29168 1
29169 0
29170 1
29171 2
29172 1
29173 0
29174 1
29175 2
29176 0
29177 2
29178 1
29179 0
29180 1
29181 2
29182 0
29183 1
29184 0
29185 2
29186 1
29187 2
29188 0
29189 2
29190 1
29191 0
29192 1
29193 0
29194 1
29195 0
29196 2
29197 1
29198 0
29199 1
29200 0
29201 1
29202 0
29203 1
29204 0
29205 2
29206 1
29207 0
29208 2
29209 1
29210 0
29211 2
29212 1
29213 2
29214 0
29215 2
29216 1
29217 0
29218 1
29219 2
29220 0
29221 1
29222 0
29223 2
29224 1
29225 2
29226 1
29227 0
29228 3
29229 1
29230 2
29231 0
29232 1
29233 0
29234 1
29235 2
29236 0
29237 1
29238 3
29239 2
29240 0
29241 1
29242 0
29243 1
29244 2
29245 0
29246 1
29247 0
29248 1
29249 0
29250 1
29251 0
29252 2
29253 1
29254 2
29255 0
29256 1
29257 0
29258 2
29259 1
29260 2
29261 1
29262 2
29263 1
29264 0
29265 1
29266 0
29267 1
29268 0
29269 1
29270 0
29271 1
29272 0
29273 1
29274 2
29275 0
29276 2
29277 0
29278 1
29279 2
29280 0
29281 1
29282 2
29283 0
29284 1
29285 0
29286 1
29287 0
29288 1
29289 2
29290 0
29291 1
29292 0
29293 1
29294 2
29295 1
29296 0
29297 1
29298 2
29299 1
29300 0
29301 1
29302 0
29303 2
29304 1
29305 0
29306 2
29307 0
29308 1
29309 0
29310 1
29311 0
29312 3
29313 2
29314 0
29315 1
29316 2
29317 1
29318 0
29319 1
29320 0
29321 2
29322 1
29323 2
29324 1
29325 0
29326 1
29327 2
29328 0
29329 2
29330 1
29331 2
29332 1
29333 0
29334 1
29335 0
29336 1
29337 0
29338 2
29339 1
29340 2
29341 0
29342 1
29343 0
29344 1
29345 0
29346 1
29347 2
29348 0
29349 1
29350 0
29351 1
29352 2
29353 0
29354 1
29355 0
29356 1
29357 0
29358 2
29359 1
29360 0
29361 1
29362 0
29363 1
29364 0
29365 1
29366 0
29367 1
29368 0
29369 1
29370 0
29371 1
29372 0
29373 1
29374 0
29375 2
29376 0
29377 2
29378 1
29379 2
29380 0
29381 1
29382 0
29383 1
29384 2
29385 0
29386 2
29387 1
29388 0
29389 2
29390 1
29391 0
29392 2
29393 0
29394 1
29395 0
29396 1
29397 2
29398 0
29399 1
29400 2
29401 0
29402 1
29403 0
29404 1
29405 2
29406 0
29407 1
29408 0
29409 2
29410 1
29411 2
29412 0
29413 2
29414 1
29415 2
29416 0
29417 2
29418 1
29419 0
29420 1
29421 0
29422 1
29423 0
29424 1
29425 2
29426 1
29427 0
29428 1
29429 3
29430 2
29431 0
29432 1
29433 2
29434 0
29435 1
29436 0
29437 1
29438 0
29439 2
29440 0
29441 1
29442 2
29443 0
29444 1
29445 0
29446 2
29447 1
29448 2
29449 0
29450 1
29451 0
29452 1
29453 0
29454 1
29455 2
29456 1
29457 2
29458 0
29459 2
29460 0
29461 1
29462 0
29463 2
29464 0
29465 1
29466 2
29467 0
29468 2
29469 1
29470 0
29471 2
29472 1
29473 0
29474 2
29475 1
29476 0
29477 1
29478 2
29479 1
29480 2
29481 0
29482 2
29483 1
29484 0
29485 1
29486 0
29487 1
29488 2
29489 0
29490 1
29491 2
29492 0
29493 1
29494 0
29495 1
29496 2
29497 0
29498 2
29499 0
29500 1
29501 0
29502 1
29503 2
29504 1
29505 2
29506 0
29507 1
29508 0
29509 1
29510 2
29511 0
29512 2
29513 1
29514 2
29515 0
29516 2
29517 1
29518 2
29519 0
29520 2
29521 1
29522 2
29523 0
29524 1
29525 0
29526 1
29527 0
29528 2
29529 1
29530 0
29531 1
29532 2
29533 0
29534 2
29535 1
29536 0
29537 1
29538 2
29539 0
29540 1
29541 0
29542 1
29543 2
29544 0
29545 2
29546 1
29547 2
29548 1
29549 2
29550 0
29551 1
29552 2
29553 0
29554 2
29555 1
29556 2
29557 0
29558 1
29559 0
29560 2
29561 1
29562 2
29563 0
29564 1
29565 0
29566 2
29567 0
29568 1
29569 0
29570 1
29571 0
29572 1
29573 0
29574 1
29575 0
29576 1
29577 0
29578 2
29579 1
29580 0
29581 1
29582 0
29583 1
29584 0
29585 1
29586 0
29587 1
29588 2
29589 1
29590 2
29591 0
29592 1
29593 0
29594 1
29595 0
29596 1
29597 2
29598 1
29599 0
29600 1
29601 0
29602 1
29603 0
29604 1
29605 2
29606 1
29607 0
29608 1
29609 0
29610 1
29611 0
29612 1
29613 0
29614 1
29615 0
29616 1
29617 0
29618 1
29619 2
29620 0
29621 1
29622 0
29623 1
29624 0
29625 1
29626 0
29627 2
29628 0
29629 1
29630 0
29631 1
29632 2
29633 0
29634 1
29635 0
29636 1
29637 2
29638 0
29639 1
29640 0
29641 2
29642 1
29643 0
29644 1
29645 0
29646 1
29647 0
29648 1
29649 0
29650 1
29651 0
29652 1
29653 0
29654 2
29655 1
29656 0
29657 1
29658 0
29659 1
29660 2
29661 1
29662 0
29663 2
29664 0
29665 1
29666 0
29667 1
29668 0
29669 1
29670 0
29671 2
29672 1
29673 0
29674 2
29675 1
29676 2
29677 0
29678 2
29679 1
29680 0
29681 1
29682 0
29683 1
29684 0
29685 1
29686 0
29687 1
29688 0
29689 1
29690 0
29691 1
29692 2
29693 3
29694 1
29695 0
29696 1
29697 2
29698 0
29699 2
29700 1
29701 0
29702 1
29703 0
29704 1
29705 0
29706 1
29707 0
29708 2
29709 1
29710 0
29711 1
29712 0
29713 1
29714 0
29715 1
29716 0
29717 2
29718 1
29719 2
29720 0
29721 1
29722 0
29723 1
29724 2
29725 1
29726 0
29727 2
29728 0
29729 2
29730 0
29731 2
29732 1
29733 2
29734 0
29735 1
29736 2
29737 0
29738 1
29739 0
29740 2
29741 1
29742 0
29743 2
29744 0
29745 1
29746 0
29747 1
29748 0
29749 2
29750 1
29751 0
29752 1
29753 2
29754 0
29755 1
29756 0
29757 2
29758 0
29759 2
29760 1
29761 2
29762 1
29763 0
29764 1
29765 2
29766 1
29767 0
29768 1
29769 0
29770 1
29771 0
29772 1
29773 0
29774 2
29775 1
29776 0
29777 1
29778 2
29779 0
29780 2
29781 0
29782 2
29783 1
29784 0
29785 1
29786 0
29787 1
29788 0
29789 1
29790 2
29791 0
29792 1
29793 2
29794 0
29795 1
29796 0
29797 1
29798 0
29799 1
29800 0
29801 2
29802 1
29803 2
29804 0
29805 1
29806 0
29807 1
29808 0
29809 1
29810 2
29811 0
29812 2
29813 1
29814 0
29815 2
29816 0
29817 1
29818 0
29819 2
29820 1
29821 2
29822 1
29823 0
29824 1
29825 2
29826 0
29827 1
29828 0
29829 1
29830 0
29831 1
29832 2
29833 1
29834 2
29835 1
29836 0
29837 2
29838 1
29839 0
29840 1
29841 0
29842 1
29843 0
29844 2
29845 1
29846 0
29847 1
29848 2
29849 0
29850 2
29851 1
29852 0
29853 1
29854 0
29855 1
29856 0
29857 1
29858 0
29859 1
29860 0
29861 1
29862 2
29863 1
29864 0
29865 1
29866 0
29867 1
29868 2
29869 0
29870 1
29871 2
29872 0
29873 1
29874 0
29875 1
29876 0
29877 2
29878 0
29879 2
29880 1
29881 0
29882 1
29883 2
29884 1
29885 2
29886 0
29887 2
29888 1
29889 2
29890 0
29891 1
29892 2
29893 0
29894 1
29895 2
29896 0
29897 1
29898 2
29899 0
29900 1
29901 0
29902 1
29903 2
29904 0
29905 1
29906 0
29907 1
29908 2
29909 1
29910 0
29911 1
29912 2
29913 0
29914 1
29915 0
29916 1
29917 0
29918 1
29919 2
29920 0
29921 1
29922 0
29923 2
29924 1
29925 0
29926 1
29927 2
29928 0
29929 1
29930 2
29931 0
29932 1
29933 0
29934 1
29935 0
29936 1
29937 0
29938 1
29939 0
29940 1
29941 0
29942 2
29943 1
29944 2
29945 0
29946 2
29947 1
29948 2
29949 0
29950 1
29951 0
29952 1
29953 2
29954 0
29955 1
29956 2
29957 0
29958 1
29959 0
29960 1
29961 2
29962 0
29963 1
29964 2
29965 0
29966 1
29967 0
29968 1
29969 0
29970 1
29971 0
29972 1
29973 0
29974 1
29975 0
29976 1
29977 2
29978 0
29979 1
29980 2
29981 0
29982 1
29983 2
29984 0
29985 1
29986 0
29987 1
29988 0
29989 1
29990 0
29991 1
29992 0
29993 2
29994 1
29995 0
29996 1
29997 0
29998 1
29999 0
30000 2
30001 3
30002 0
30003 2
30004 0
30005 1
30006 2
30007 0
30008 2
30009 0
30010 1
30011 0
30012 2
30013 1
30014 0
30015 2
30016 1
30017 2
30018 0
30019 2
30020 1
30021 0
30022 1
30023 0
30024 2
30025 1
30026 0
30027 1
30028 0
30029 1
30030 2
30031 0
30032 2
30033 1
30034 2
30035 0
30036 2
30037 1
30038 2
30039 1
30040 0
30041 1
30042 0
30043 1
30044 0
30045 1
30046 2
30047 0
30048 1
30049 2
30050 0
30051 2
30052 1
30053 2
30054 0
30055 1
30056 2
30057 0
30058 1
30059 0
30060 1
30061 0
30062 1
30063 0
30064 2
30065 0
30066 2
30067 0
30068 2
30069 0
30070 2
30071 0
30072 2
30073 0
30074 1
30075 0
30076 1
30077 0
30078 1
30079 2
30080 0
30081 2
30082 1
30083 0
30084 1
30085 0
30086 1
30087 0
30088 1
30089 2
30090 0
30091 1
30092 0
30093 1
30094 0
30095 2
30096 1
30097 2
30098 0
30099 1
30100 0
30101 1
30102 0
30103 2
30104 1
30105 0
30106 2
30107 1
30108 0
30109 1
30110 0
30111 2
30112 1
30113 2
30114 1
30115 0
30116 2
30117 1
30118 0
30119 2
30120 1
30121 2
30122 0
30123 1
30124 0
30125 1
30126 0
30127 1
30128 0
30129 1
30130 2
30131 0
30132 1
30133 0
30134 1
30135 0
30136 1
30137 0
30138 2
30139 1
30140 0
30141 2
30142 0
30143 1
30144 0
30145 2
30146 1
30147 2
30148 1
30149 0
30150 1
30151 0
30152 2
30153 1
30154 0
30155 1
30156 2
30157 0
30158 1
30159 2
30160 3
30161 1
30162 0
30163 2
30164 1
30165 0
30166 1
30167 0
30168 1
30169 0
30170 1
30171 2
30172 1
30173 0
30174 1
30175 0
30176 1
30177 2
30178 0
30179 1
30180 0
30181 1
30182 2
30183 0
30184 1
30185 2
30186 0
30187 2
30188 1
30189 2
30190 0
30191 1
30192 2
30193 0
30194 2
30195 1
30196 0
30197 1
30198 2
30199 0
30200 1
30201 2
30202 0
30203 1
30204 0
30205 1
30206 2
30207 0
30208 2
30209 1
30210 2
30211 0
30212 1
30213 0
30214 1
30215 0
30216 2
30217 1
30218 2
30219 0
30220 1
30221 0
30222 1
30223 0
30224 2
30225 1
30226 2
30227 1
30228 0
30229 1
30230 0
30231 2
30232 1
30233 0
30234 1
30235 0
30236 1
30237 2
30238 0
30239 1
30240 0
30241 1
30242 0
30243 1
30244 2
30245 0
30246 1
30247 0
30248 2
30249 0
30250 1
30251 0
30252 1
30253 0
30254 2
30255 1
30256 0
30257 2
30258 1
30259 0
30260 1
30261 0
30262 1
30263 2
30264 0
30265 1
30266 0
30267 1
30268 2
30269 0
30270 2
30271 1
30272 0
30273 1
30274 0
30275 1
30276 0
30277 1
30278 0
30279 1
30280 2
30281 0
30282 1
30283 0
30284 1
30285 0
30286 2
30287 1
30288 0
30289 1
30290 0
30291 1
30292 2
30293 0
30294 1
30295 0
30296 2
30297 0
30298 1
30299 0
30300 1
30301 0
30302 1
30303 0
30304 1
30305 2
30306 0
30307 1
30308 0
30309 1
30310 0
30311 1
30312 2
30313 0
30314 1
30315 0
30316 2
30317 0
30318 1
30319 0
30320 2
30321 1
30322 0
30323 2
30324 0
30325 1
30326 2
30327 0
30328 2
30329 1
30330 0
30331 1
30332 0
30333 1
30334 0
30335 1
30336 0
30337 1
30338 0
30339 1
30340 0
30341 1
30342 2
30343 0
30344 1
30345 0
30346 1
30347 0
30348 1
30349 2
30350 0
30351 1
30352 2
30353 0
30354 2
30355 1
30356 0
30357 1
30358 2
30359 0
30360 1
30361 2
30362 1
30363 2
30364 0
30365 2
30366 1
30367 0
30368 2
30369 1
30370 0
30371 1
30372 0
30373 1
30374 0
30375 1
30376 0
30377 2
30378 1
30379 2
30380 0
30381 1
30382 2
30383 0
30384 2
30385 1
30386 0
30387 1
30388 2
30389 0
30390 1
30391 2
30392 0
30393 1
30394 0
30395 2
30396 1
30397 0
30398 1
30399 2
30400 1
30401 0
30402 1
30403 0
30404 2
30405 1
30406 2
30407 0
30408 1
30409 0
30410 2
30411 0
30412 1
30413 0
30414 2
30415 1
30416 0
30417 1
30418 0
30419 1
30420 0
30421 1
30422 0
30423 1
30424 2
30425 0
30426 1
30427 0
30428 1
30429 0
30430 2
30431 1
30432 0
30433 1
30434 0
30435 1
30436 0
30437 1
30438 0
30439 1
30440 2
30441 0
30442 1
30443 0
30444 2
30445 1
30446 0
30447 1
30448 2
30449 0
30450 1
30451 0
30452 2
30453 1
30454 0
30455 1
30456 2
30457 1
30458 0
30459 1
30460 0
30461 2
30462 1
30463 2
30464 0
30465 1
30466 0
30467 1
30468 0
30469 2
30470 0
30471 2
30472 1
30473 0
30474 2
30475 1
30476 2
30477 0
30478 1
30479 0
30480 1
30481 2
30482 0
30483 1
30484 0
30485 1
30486 0
30487 1
30488 0
30489 1
30490 0
30491 1
30492 2
30493 0
30494 1
30495 0
30496 1
30497 2
30498 0
30499 1
30500 0
30501 2
30502 1
30503 2
30504 0
30505 1
30506 0
30507 2
30508 1
30509 0
30510 1
30511 2
30512 0
30513 2
30514 1
30515 2
30516 0
30517 2
30518 1
30519 0
30520 1
30521 2
30522 1
30523 0
30524 2
30525 1
30526 0
30527 1
30528 0
30529 2
30530 1
30531 0
30532 1
30533 0
30534 1
30535 0
30536 1
30537 2
30538 0
30539 2
30540 1
30541 0
30542 1
30543 2
30544 0
30545 1
30546 0
30547 2
30548 1
30549 0
30550 1
30551 0
30552 2
30553 0
30554 2
30555 1
30556 0
30557 1
30558 0
30559 2
30560 1
30561 0
30562 1
30563 2
30564 0
30565 1
30566 2
30567 1
30568 0
30569 1
30570 2
30571 0
30572 2
30573 1
30574 2
30575 1
30576 0
30577 2
30578 1
30579 2
30580 0
30581 2
30582 1
30583 0
30584 2
30585 1
30586 0
30587 1
30588 0
30589 1
30590 0
30591 2
30592 1
30593 0
30594 1
30595 0
30596 2
30597 0
30598 1
30599 0
30600 1
30601 0
30602 1
30603 0
30604 1
30605 0
30606 1
30607 0
30608 1
30609 2
30610 0
30611 2
30612 0
30613 1
30614 0
30615 1
30616 0
30617 2
30618 1
30619 0
30620 1
30621 2
30622 1
30623 2
30624 0
30625 2
30626 1
30627 0
30628 1
30629 0
30630 2
30631 0
30632 1
30633 0
30634 1
30635 0
30636 1
30637 0
30638 1
30639 2
30640 1
30641 0
30642 1
30643 0
30644 1
30645 2
30646 0
30647 1
30648 0
30649 2
30650 1
30651 2
30652 1
30653 0
30654 1
30655 0
30656 1
30657 0
30658 1
30659 2
30660 0
30661 1
30662 0
30663 2
30664 1
30665 0
30666 2
30667 1
30668 3
30669 2
30670 3
30671 1
30672 2
30673 1
30674 0
30675 2
30676 1
30677 0
30678 1
30679 2
30680 0
30681 1
30682 0
30683 1
30684 0
30685 1
30686 2
30687 1
30688 0
30689 1
30690 2
30691 0
30692 1
30693 0
30694 2
30695 1
30696 0
30697 1
30698 2
30699 0
30700 1
30701 0
30702 1
30703 2
30704 0
30705 1
30706 2
30707 0
30708 1
30709 0
30710 1
30711 0
30712 2
30713 1
30714 0
30715 2
30716 1
30717 0
30718 1
30719 0
30720 2
30721 1
30722 2
30723 1
30724 2
30725 0
30726 1
30727 0
30728 2
30729 1
30730 0
30731 1
30732 0
30733 1
30734 0
30735 1
30736 0
30737 1
30738 2
30739 0
30740 1
30741 0
30742 1
30743 0
30744 2
30745 1
30746 0
30747 2
30748 1
30749 0
30750 1
30751 0
30752 2
30753 1
30754 0
30755 1
30756 0
30757 1
30758 2
30759 1
30760 0
30761 1
30762 0
30763 2
30764 0
30765 1
30766 0
30767 1
30768 0
30769 1
30770 2
30771 0
30772 1
30773 0
30774 1
30775 0
30776 1
30777 0
30778 1
30779 2
30780 1
30781 0
30782 2
30783 0
30784 2
30785 1
30786 0
30787 1
30788 0
30789 1
30790 0
30791 2
30792 1
30793 2
30794 1
30795 2
30796 0
30797 1
30798 3
30799 0
30800 1
30801 0
30802 1
30803 0
30804 2
30805 0
30806 1
30807 2
30808 0
30809 1
30810 0
30811 1
30812 0
30813 1
30814 2
30815 0
30816 1
30817 2
30818 1
30819 2
30820 1
30821 0
30822 1
30823 0
30824 1
30825 0
30826 1
30827 0
30828 1
30829 0
30830 2
30831 0
30832 1
30833 2
30834 1
30835 0
30836 1
30837 0
30838 2
30839 0
30840 1
30841 0
30842 2
30843 1
30844 2
30845 0
30846 1
30847 0
30848 1
30849 0
30850 1
30851 2
30852 0
30853 2
30854 0
30855 1
30856 0
30857 1
30858 2
30859 0
30860 1
30861 2
30862 0
30863 2
30864 0
30865 1
30866 2
30867 0
30868 2
30869 1
30870 0
30871 2
30872 0
30873 2
30874 1
30875 0
30876 1
30877 0
30878 2
30879 1
30880 0
30881 1
30882 0
30883 1
30884 2
30885 1
30886 0
30887 1
30888 0
30889 1
30890 0
30891 2
30892 0
30893 1
30894 0
30895 1
30896 0
30897 2
30898 1
30899 0
30900 2
30901 1
30902 0
30903 1
30904 0
30905 1
30906 2
30907 1
30908 2
30909 0
30910 2
30911 0
30912 1
30913 2
30914 1
30915 2
30916 1
30917 2
30918 0
30919 2
30920 1
30921 0
30922 1
30923 2
30924 1
30925 2
30926 0
30927 2
30928 0
30929 1
30930 2
30931 0
30932 1
30933 0
30934 1
30935 0
30936 1
30937 2
30938 0
30939 1
30940 2
30941 1
30942 0
30943 1
30944 0
30945 1
30946 2
30947 0
30948 2
30949 1
30950 2
30951 0
30952 1
30953 0
30954 1
30955 2
30956 0
30957 1
30958 0
30959 1
30960 0
30961 1
30962 0
30963 2
30964 1
30965 0
30966 1
30967 0
30968 1
30969 2
30970 0
30971 1
30972 0
30973 1
30974 2
30975 1
30976 0
30977 1
30978 2
30979 0
30980 1
30981 0
30982 1
30983 0
30984 2
30985 1
30986 2
30987 0
30988 1
30989 0
30990 1
30991 2
30992 1
30993 0
30994 1
30995 0
30996 2
30997 1
30998 0
30999 1
31000 0
31001 2
31002 1
31003 0
31004 1
31005 0
31006 1
31007 0
31008 1
31009 0
31010 1
31011 0
31012 2
31013 1
31014 2
31015 0
31016 1
31017 0
31018 1
31019 0
31020 1
31021 2
31022 0
31023 3
31024 2
31025 0
31026 2
31027 1
31028 0
31029 1
31030 0
31031 2
31032 1
31033 2
31034 1
31035 2
31036 0
31037 2
31038 0
31039 1
31040 0
31041 2
31042 1
31043 0
31044 1
31045 0
31046 1
31047 0
31048 2
31049 0
31050 2
31051 1
31052 2
31053 1
31054 0
31055 1
31056 0
31057 1
31058 0
31059 2
31060 1
31061 2
31062 0
31063 2
31064 1
31065 2
31066 0
31067 1
31068 0
31069 1
31070 0
31071 2
31072 1
31073 2
31074 0
31075 1
31076 2
31077 0
31078 1
31079 0
31080 2
31081 1
31082 2
31083 1
31084 2
31085 0
31086 1
31087 2
31088 0
31089 2
31090 1
31091 2
31092 0
31093 1
31094 0
31095 1
31096 0
31097 1
31098 2
31099 0
31100 1
31101 0
31102 1
31103 2
31104 0
31105 1
31106 2
31107 1
31108 0
31109 2
31110 1
31111 2
31112 1
31113 0
31114 1
31115 2
31116 0
31117 1
31118 0
31119 1
31120 0
31121 2
31122 1
31123 0
31124 2
31125 1
31126 0
31127 1
31128 0
31129 1
31130 0
31131 1
31132 0
31133 1
31134 2
31135 0
31136 1
31137 0
31138 1
31139 0
31140 1
31141 0
31142 1
31143 0
31144 2
31145 0
31146 1
31147 0
31148 1
31149 2
31150 0
31151 1
31152 0
31153 1
31154 0
31155 2
31156 0
31157 1
31158 2
31159 0
31160 1
31161 0
31162 1
31163 0
31164 2
31165 1
31166 0
31167 2
31168 1
31169 2
31170 0
31171 2
31172 1
31173 2
31174 0
31175 1
31176 2
31177 0
31178 1
31179 0
31180 1
31181 0
31182 1
31183 2
31184 0
31185 1
31186 2
31187 1
31188 0
31189 1
31190 0
31191 1
31192 0
31193 1
31194 0
31195 1
31196 0
31197 1
31198 0
31199 1
31200 2
31201 0
31202 1
31203 0
31204 2
31205 1
31206 2
31207 0
31208 2
31209 1
31210 0
31211 1
31212 0
31213 1
31214 0
31215 1
31216 2
31217 1
31218 2
31219 0
31220 1
31221 2
31222 1
31223 2
31224 0
31225 1
31226 2
31227 0
31228 1
31229 2
31230 0
31231 2
31232 1
31233 0
31234 2
31235 1
31236 0
31237 1
31238 0
31239 1
31240 2
31241 0
31242 1
31243 0
31244 1
31245 2
31246 0
31247 2
31248 3
31249 1
31250 0
31251 2
31252 0
31253 1
31254 2
31255 1
31256 2
31257 0
31258 1
31259 0
31260 1
31261 0
31262 1
31263 0
31264 1
31265 0
31266 1
31267 0
31268 1
31269 0
31270 1
31271 2
31272 0
31273 1
31274 0
31275 1
31276 0
31277 1
31278 2
31279 0
31280 1
31281 0
31282 2
31283 1
31284 2
31285 0
31286 2
31287 1
31288 0
31289 1
31290 2
31291 1
31292 0
31293 1
31294 0
31295 2
31296 0
31297 1
31298 2
31299 0
31300 1
31301 0
31302 1
31303 0
31304 2
31305 1
31306 0
31307 1
31308 0
31309 1
31310 2
31311 0
31312 1
31313 2
31314 0
31315 1
31316 2
31317 0
31318 1
31319 0
31320 1
31321 0
31322 1
31323 2
31324 0
31325 1
31326 0
31327 1
31328 0
31329 1
31330 2
31331 0
31332 1
31333 0
31334 1
31335 0
31336 1
31337 0
31338 1
31339 0
31340 1
31341 0
31342 1
31343 2
31344 1
31345 2
31346 1
31347 2
31348 0
31349 1
31350 0
31351 1
31352 2
31353 1
31354 2
31355 0
31356 2
31357 0
31358 1
31359 2
31360 0
31361 2
31362 1
31363 0
31364 1
31365 0
31366 1
31367 0
31368 1
31369 0
31370 1
31371 0
31372 2
31373 1
31374 0
31375 1
31376 0
31377 1
31378 0
31379 1
31380 0
31381 2
31382 1
31383 2
31384 1
31385 0
31386 1
31387 0
31388 1
31389 2
31390 0
31391 1
31392 2
31393 0
31394 2
31395 1
31396 0
31397 1
31398 0
31399 1
31400 0
31401 1
31402 0
31403 1
31404 0
31405 1
31406 0
31407 1
31408 0
31409 1
31410 2
31411 0
31412 1
31413 2
31414 0
31415 1
31416 0
31417 1
31418 0
31419 2
31420 1
31421 0
31422 1
31423 2
31424 0
31425 1
31426 2
31427 1
31428 2
31429 0
31430 1
31431 0
31432 2
31433 0
31434 1
31435 0
31436 1
31437 0
31438 1
31439 0
31440 2
31441 1
31442 2
31443 0
31444 2
31445 1
31446 2
31447 0
31448 1
31449 2
31450 0
31451 1
31452 2
31453 0
31454 1
31455 0
31456 1
31457 0
31458 2
31459 1
31460 2
31461 1
31462 2
31463 1
31464 0
31465 1
31466 0
31467 1
31468 2
31469 0
31470 1
31471 0
31472 2
31473 1
31474 0
31475 1
31476 0
31477 2
31478 1
31479 0
31480 1
31481 0
31482 2
31483 1
31484 2
31485 0
31486 1
31487 0
31488 1
31489 2
31490 1
31491 0
31492 2
31493 1
31494 2
31495 0
31496 1
31497 0
31498 1
31499 2
31500 0
31501 2
31502 1
31503 0
31504 1
31505 0
31506 2
31507 1
31508 0
31509 1
31510 0
31511 1
31512 0
31513 1
31514 0
31515 1
31516 0
31517 1
31518 0
31519 2
31520 1
31521 0
31522 1
31523 2
31524 0
31525 1
31526 2
31527 0
31528 1
31529 0
31530 1
31531 0
31532 2
31533 0
31534 2
31535 1
31536 0
31537 1
31538 0
31539 1
31540 2
31541 1
31542 2
31543 0
31544 1
31545 0
31546 1
31547 0
31548 1
31549 0
31550 1
31551 0
31552 2
31553 1
31554 2
31555 1
31556 0
31557 1
31558 0
31559 1
31560 0
31561 1
31562 2
31563 1
31564 0
31565 1
31566 0
31567 1
31568 0
31569 1
31570 0
31571 1
31572 2
31573 0
31574 1
31575 0
31576 1
31577 2
31578 0
31579 1
31580 0
31581 1
31582 0
31583 1
31584 0
31585 1
31586 0
31587 2
31588 0
31589 2
31590 1
31591 0
31592 2
31593 1
31594 2
31595 0
31596 1
31597 0
31598 2
31599 1
31600 2
31601 1
31602 0
31603 1
31604 2
31605 0
31606 1
31607 0
31608 1
31609 0
31610 2
31611 1
31612 0
31613 1
31614 0
31615 1
31616 0
31617 2
31618 1
31619 2
31620 1
31621 2
31622 0
31623 1
31624 0
31625 1
31626 2
31627 1
31628 0
31629 1
31630 0
31631 2
31632 1
31633 2
31634 0
31635 1
31636 0
31637 1
31638 2
31639 0
31640 1
31641 2
31642 0
31643 1
31644 0
31645 1
31646 0
31647 1
31648 2
31649 0
31650 1
31651 0
31652 1
31653 2
31654 0
31655 3
31656 1
31657 0
31658 1
31659 0
31660 2
31661 1
31662 2
31663 0
31664 2
31665 0
31666 1
31667 0
31668 1
31669 0
31670 1
31671 0
31672 1
31673 0
31674 1
31675 2
31676 1
31677 0
31678 1
31679 0
31680 1
31681 0
31682 2
31683 1
31684 0
31685 1
31686 2
31687 0
31688 1
31689 2
31690 0
31691 1
31692 0
31693 1
31694 0
31695 1
31696 0
31697 1
31698 0
31699 1
31700 0
31701 1
31702 0
31703 2
31704 1
31705 2
31706 1
31707 0
31708 2
31709 1
31710 0
31711 2
31712 0
31713 2
31714 0
31715 1
31716 2
31717 0
31718 1
31719 2
31720 1
31721 0
31722 1
31723 2
31724 0
31725 1
31726 2
31727 0
31728 1
31729 0
31730 1
31731 0
31732 1
31733 2
31734 3
31735 1
31736 2
31737 0
31738 1
31739 0
31740 1
31741 2
31742 0
31743 1
31744 0
31745 1
31746 0
31747 1
31748 0
31749 2
31750 1
31751 0
31752 1
31753 0
31754 1
31755 0
31756 1
31757 2
31758 1
31759 0
31760 1
31761 0
31762 2
31763 1
31764 2
31765 1
31766 2
31767 0
31768 1
31769 0
31770 1
31771 0
31772 1
31773 0
31774 1
31775 0
31776 1
31777 0
31778 1
31779 0
31780 2
31781 1
31782 0
31783 1
31784 0
31785 2
31786 1
31787 2
31788 0
31789 1
31790 2
31791 0
31792 1
31793 0
31794 2
31795 1
31796 0
31797 1
31798 0
31799 2
31800 1
31801 0
31802 1
31803 0
31804 1
31805 0
31806 2
31807 1
31808 0
31809 2
31810 0
31811 2
31812 1
31813 2
31814 0
31815 1
31816 0
31817 1
31818 0
31819 1
31820 0
31821 1
31822 0
31823 1
31824 0
31825 1
31826 2
31827 0
31828 2
31829 0
31830 1
31831 0
31832 1
31833 0
31834 1
31835 2
31836 0
31837 2
31838 1
31839 0
31840 1
31841 0
31842 1
31843 2
31844 0
31845 2
31846 1
31847 2
31848 0
31849 2
31850 1
31851 0
31852 1
31853 0
31854 2
31855 1
31856 2
31857 1
31858 0
31859 1
31860 2
31861 0
31862 2
31863 1
31864 2
31865 0
31866 1
31867 2
31868 1
31869 0
31870 1
31871 0
31872 1
31873 0
31874 1
31875 0
31876 1
31877 0
31878 2
31879 0
31880 1
31881 2
31882 0
31883 1
31884 0
31885 1
31886 2
31887 0
31888 1
31889 0
31890 1
31891 2
31892 0
31893 1
31894 2
31895 1
31896 2
31897 0
31898 1
31899 0
31900 1
31901 2
31902 1
31903 0
31904 1
31905 2
31906 1
31907 0
31908 2
31909 1
31910 0
31911 1
31912 0
31913 1
31914 0
31915 1
31916 2
31917 0
31918 1
31919 0
31920 2
31921 1
31922 0
31923 1
31924 0
31925 1
31926 0
31927 1
31928 0
31929 1
31930 0
31931 1
31932 0
31933 2
31934 1
31935 0
31936 2
31937 1
31938 0
31939 2
31940 0
31941 1
31942 2
31943 0
31944 1
31945 0
31946 1
31947 0
31948 2
31949 1
31950 0
31951 1
31952 0
31953 1
31954 0
31955 1
31956 0
31957 2
31958 1
31959 0
31960 1
31961 0
31962 1
31963 0
31964 1
31965 0
31966 1
31967 2
31968 0
31969 2
31970 1
31971 2
31972 1
31973 2
31974 0
31975 1
31976 0
31977 1
31978 0
31979 1
31980 0
31981 1
31982 0
31983 1
31984 0
31985 1
31986 0
31987 1
31988 2
31989 1
31990 0
31991 1
31992 2
31993 0
31994 1
31995 0
31996 1
31997 0
31998 2
31999 0
32000 2
32001 1
32002 2
32003 0
32004 1
32005 0
32006 1
32007 0
32008 1
32009 0
32010 1
32011 2
32012 0
32013 1
32014 0
32015 1
32016 2
32017 0
32018 1
32019 0
32020 1
32021 0
32022 1
32023 0
32024 1
32025 0
32026 1
32027 0
32028 1
32029 0
32030 1
32031 0
32032 1
32033 2
32034 1
32035 2
32036 0
32037 2
32038 1
32039 0
32040 1
32041 0
32042 2
32043 1
32044 0
32045 1
32046 0
32047 2
32048 0
32049 1
32050 2
32051 0
32052 1
32053 0
32054 2
32055 1
32056 0
32057 1
32058 0
32059 2
32060 0
32061 1
32062 0
32063 2
32064 0
32065 1
32066 2
32067 0
32068 1
32069 0
32070 2
32071 1
32072 0
32073 1
32074 0
32075 1
32076 0
32077 2
32078 1
32079 0
32080 2
32081 1
32082 0
32083 1
32084 0
32085 2
32086 1
32087 0
32088 2
32089 0
32090 1
32091 0
32092 1
32093 2
32094 1
32095 0
32096 1
32097 0
32098 1
32099 0
32100 1
32101 0
32102 1
32103 0
32104 1
32105 0
32106 1
32107 0
32108 2
32109 1
32110 2
32111 0
32112 2
32113 1
32114 0
32115 1
32116 2
32117 1
32118 0
32119 1
32120 0
32121 1
32122 0
32123 1
32124 2
32125 0
32126 2
32127 1
32128 0
32129 2
32130 1
32131 0
32132 1
32133 2
32134 0
32135 1
32136 0
32137 1
32138 2
32139 0
32140 1
32141 0
32142 1
32143 0
32144 2
32145 1
32146 0
32147 2
32148 1
32149 0
32150 1
32151 2
32152 0
32153 2
32154 1
32155 0
32156 1
32157 2
32158 0
32159 1
32160 2
32161 0
32162 2
32163 0
32164 2
32165 1
32166 2
32167 0
32168 2
32169 1
32170 0
32171 1
32172 0
32173 2
32174 1
32175 0
32176 1
32177 2
32178 1
32179 0
32180 1
32181 2
32182 1
32183 2
32184 0
32185 2
32186 1
32187 0
32188 1
32189 0
32190 1
32191 0
32192 2
32193 1
32194 0
32195 2
32196 1
32197 2
32198 0
32199 1
32200 0
32201 1
32202 0
32203 2
32204 0
32205 1
32206 0
32207 1
32208 0
32209 1
32210 0
32211 1
32212 0
32213 1
32214 2
32215 0
32216 2
32217 1
32218 0
32219 1
32220 2
32221 0
32222 2
32223 0
32224 2
32225 0
32226 1
32227 0
32228 1
32229 2
32230 0
32231 1
32232 2
32233 1
32234 0
32235 1
32236 0
32237 1
32238 2
32239 0
32240 1
32241 0
32242 1
32243 2
32244 3
32245 1
32246 2
32247 1
32248 0
32249 1
32250 0
32251 1
32252 0
32253 1
32254 0
32255 2
32256 1
32257 2
32258 0
32259 1
32260 2
32261 0
32262 1
32263 2
32264 0
32265 2
32266 1
32267 0
32268 1
32269 0
32270 1
32271 0
32272 2
32273 1
32274 2
32275 0
32276 1
32277 0
32278 1
32279 0
32280 1
32281 2
32282 1
32283 0
32284 1
32285 0
32286 1
32287 2
32288 0
32289 2
32290 0
32291 2
32292 1
32293 3
32294 2
32295 1
32296 0
32297 1
32298 2
32299 0
32300 2
32301 1
32302 2
32303 0
32304 2
32305 1
32306 2
32307 1
32308 0
32309 2
32310 0
32311 2
32312 1
32313 2
32314 0
32315 2
32316 1
32317 0
32318 1
32319 0
32320 1
32321 0
32322 1
32323 2
32324 0
32325 1
32326 0
32327 1
32328 0
32329 1
32330 0
32331 1
32332 0
32333 1
32334 0
32335 2
32336 1
32337 2
32338 1
32339 0
32340 2
32341 0
32342 1
32343 0
32344 1
32345 2
32346 0
32347 2
32348 0
32349 2
32350 1
32351 0
32352 1
32353 0
32354 1
32355 2
32356 0
32357 2
32358 1
32359 0
32360 2
32361 1
32362 2
32363 1
32364 2
32365 0
32366 1
32367 2
32368 0
32369 2
32370 1
32371 0
32372 1
32373 0
32374 1
32375 0
32376 1
32377 0
32378 2
32379 1
32380 0
32381 1
32382 2
32383 0
32384 1
32385 0
32386 1
32387 0
32388 1
32389 0
32390 1
32391 0
32392 1
32393 0
32394 1
32395 2
32396 1
32397 0
32398 2
32399 1
32400 2
32401 0
32402 2
32403 0
32404 1
32405 0
32406 2
32407 1
32408 0
32409 1
32410 0
32411 1
32412 0
32413 1
32414 0
32415 2
32416 1
32417 2
32418 0
32419 1
32420 0
32421 1
32422 0
32423 1
32424 0
32425 1
32426 0
32427 1
32428 0
32429 1
32430 0
32431 1
32432 0
32433 1
32434 2
32435 0
32436 1
32437 3
32438 2
32439 1
32440 2
32441 1
32442 0
32443 1
32444 0
32445 1
32446 0
32447 1
32448 0
32449 2
32450 0
32451 1
32452 0
32453 1
32454 0
32455 1
32456 0
32457 1
32458 0
32459 1
32460 0
32461 1
32462 0
32463 1
32464 2
32465 0
32466 1
32467 2
32468 0
32469 1
32470 0
32471 2
32472 1
32473 0
32474 1
32475 0
32476 1
32477 0
32478 1
32479 2
32480 0
32481 1
32482 0
32483 1
32484 2
32485 0
32486 1
32487 0
32488 1
32489 2
32490 0
32491 1
32492 0
32493 1
32494 0
32495 1
32496 0
32497 1
32498 2
32499 0
32500 1
32501 2
32502 0
32503 1
32504 0
32505 1
32506 2
32507 0
32508 2
32509 1
32510 0
32511 1
32512 0
32513 1
32514 2
32515 1
32516 2
32517 0
32518 2
32519 1
32520 2
32521 0
32522 1
32523 0
32524 1
32525 2
32526 0
32527 1
32528 0
32529 2
32530 1
32531 2
32532 1
32533 0
32534 1
32535 0
32536 1
32537 0
32538 2
32539 0
32540 2
32541 1
32542 2
32543 0
32544 1
32545 0
32546 2
32547 1
32548 0
32549 2
32550 1
32551 0
32552 1
32553 2
32554 0
32555 1
32556 2
32557 0
32558 1
32559 0
32560 1
32561 0
32562 1
32563 0
32564 1
32565 0
32566 1
32567 0
32568 1
32569 0
32570 2
32571 1
32572 2
32573 0
32574 1
32575 2
32576 0
32577 1
32578 0
32579 2
32580 0
32581 1
32582 0
32583 2
32584 1
32585 0
32586 2
32587 1
32588 2
32589 1
32590 0
32591 1
32592 0
32593 1
32594 0
32595 1
32596 0
32597 1
32598 0
32599 1
32600 2
32601 0
32602 1
32603 0
32604 1
32605 2
32606 0
32607 1
32608 0
32609 1
32610 0
32611 1
32612 2
32613 0
32614 1
32615 2
32616 1
32617 0
32618 1
32619 0
32620 1
32621 0
32622 1
32623 2
32624 0
32625 1
32626 0
32627 1
32628 0
32629 1
32630 0
32631 1
32632 0
32633 2
32634 1
32635 0
32636 2
32637 1
32638 0
32639 2
32640 1
32641 0
32642 1
32643 2
32644 0
32645 1
32646 0
32647 1
32648 0
32649 1
32650 2
32651 1
32652 0
32653 1
32654 2
32655 1
32656 2
32657 0
32658 1
32659 0
32660 2
32661 1
32662 0
32663 1
32664 0
32665 2
32666 1
32667 2
32668 0
32669 1
32670 0
32671 1
32672 0
32673 1
32674 0
32675 1
32676 0
32677 1
32678 2
32679 0
32680 2
32681 1
32682 0
32683 1
32684 0
32685 1
32686 0
32687 2
32688 1
32689 2
32690 1
32691 0
32692 2
32693 0
32694 2
32695 1
32696 0
32697 1
32698 0
32699 1
32700 0
32701 1
32702 2
32703 1
32704 0
32705 1
32706 0
32707 1
32708 0
32709 2
32710 1
32711 0
32712 1
32713 0
32714 1
32715 2
32716 0
32717 1
32718 0
32719 2
32720 0
32721 1
32722 0
32723 1
32724 0
32725 1
32726 0
32727 1
32728 0
32729 1
32730 0
32731 1
32732 0
32733 1
32734 0
32735 1
32736 0
32737 1
32738 0
32739 1
32740 2
32741 0
32742 1
32743 2
32744 0
32745 1
32746 2
32747 1
32748 0
32749 1
32750 2
32751 0
32752 2
32753 1
32754 0
32755 1
32756 0
32757 1
32758 2
32759 0
32760 1
32761 0
32762 1
32763 0
32764 1
32765 2
32766 1
32767 0
32768 1
32769 0
32770 1
32771 2
32772 0
32773 1
32774 0
32775 1
32776 0
32777 1
32778 0
32779 2
32780 1
32781 0
32782 2
32783 1
32784 0
32785 1
32786 0
32787 1
32788 0
32789 1
32790 2
32791 1
32792 0
32793 1
32794 2
32795 0
32796 1
32797 0
32798 2
32799 1
32800 0
32801 1
32802 2
32803 0
32804 1
32805 0
32806 2
32807 1
32808 2
32809 1
32810 2
32811 0
32812 1
32813 0
32814 1
32815 0
32816 1
32817 0
32818 2
32819 0
32820 1
32821 2
32822 0
32823 1
32824 0
32825 1
32826 0
32827 1
32828 0
32829 2
32830 1
32831 0
32832 2
32833 1
32834 2
32835 0
32836 2
32837 0
32838 2
32839 1
32840 0
32841 1
32842 0
32843 2
32844 1
32845 0
32846 1
32847 0
32848 1
32849 2
32850 1
32851 0
32852 2
32853 0
32854 1
32855 0
32856 1
32857 0
32858 1
32859 0
32860 1
32861 2
32862 1
32863 2
32864 0
32865 1
32866 0
32867 1
32868 0
32869 1
32870 0
32871 2
32872 1
32873 0
32874 1
32875 0
32876 1
32877 2
32878 0
32879 2
32880 1
32881 2
32882 0
32883 1
32884 0
32885 1
32886 0
32887 1
32888 2
32889 0
32890 2
32891 0
32892 1
32893 0
32894 1
32895 2
32896 0
32897 2
32898 1
32899 2
32900 0
32901 1
32902 2
32903 1
32904 0
32905 1
32906 0
32907 2
32908 1
32909 2
32910 1
32911 0
32912 1
32913 0
32914 1
32915 0
32916 1
32917 0
32918 1
32919 0
32920 1
32921 2
32922 1
32923 0
32924 1
32925 0
32926 2
32927 1
32928 2
32929 0
32930 2
32931 0
32932 2
32933 0
32934 1
32935 2
32936 0
32937 1
32938 0
32939 1
32940 2
32941 0
32942 2
32943 1
32944 2
32945 1
32946 0
32947 1
32948 0
32949 2
32950 1
32951 0
32952 2
32953 1
32954 0
32955 1
32956 0
32957 1
32958 0
32959 1
32960 0
32961 1
32962 0
32963 1
32964 0
32965 2
32966 1
32967 0
32968 1
32969 0
32970 1
32971 0
32972 1
32973 0
32974 1
32975 0
32976 1
32977 2
32978 1
32979 2
32980 0
32981 1
32982 2
32983 0
32984 2
32985 1
32986 0
32987 1
32988 0
32989 2
32990 1
32991 2
32992 0
32993 1
32994 0
32995 2
32996 1
32997 0
32998 1
32999 0
33000 1
33001 0
33002 1
33003 0
33004 1
33005 0
33006 1
33007 0
33008 1
33009 0
33010 2
33011 1
33012 0
33013 1
33014 0
33015 1
33016 0
33017 1
33018 0
33019 2
33020 3
33021 1
33022 0
33023 2
33024 1
33025 0
33026 1
33027 2
33028 1
33029 2
33030 0
33031 1
33032 0
33033 1
33034 0
33035 1
33036 0
33037 2
33038 1
33039 0
33040 1
33041 0
33042 1
33043 0
33044 1
33045 0
33046 1
33047 0
33048 1
33049 0
33050 1
33051 0
33052 1
33053 0
33054 1
33055 0
33056 1
33057 0
33058 1
33059 0
33060 1
33061 2
33062 0
33063 1
33064 0
33065 1
33066 0
33067 1
33068 0
33069 1
33070 2
33071 1
33072 2
33073 0
33074 2
33075 1
33076 0
33077 1
33078 2
33079 0
33080 1
33081 2
33082 0
33083 1
33084 2
33085 0
33086 1
33087 2
33088 0
33089 1
33090 0
33091 1
33092 0
33093 2
33094 1
33095 0
33096 2
33097 1
33098 0
33099 1
33100 0
33101 1
33102 0
33103 1
33104 2
33105 0
33106 1
33107 0
33108 1
33109 2
33110 1
33111 2
33112 0
33113 1
33114 0
33115 1
33116 0
33117 1
33118 2
33119 0
33120 1
33121 0
33122 1
33123 0
33124 1
33125 0
33126 1
33127 0
33128 1
33129 2
33130 1
33131 2
33132 0
33133 1
33134 0
33135 2
33136 0
33137 1
33138 0
33139 1
33140 2
33141 1
33142 0
33143 1
33144 0
33145 1
33146 2
33147 1
33148 2
33149 3
33150 0
33151 1
33152 2
33153 1
33154 0
33155 1
33156 0
33157 2
33158 1
33159 0
33160 1
33161 2
33162 0
33163 1
33164 2
33165 1
33166 0
33167 1
33168 0
33169 1
33170 0
33171 2
33172 1
33173 2
33174 0
33175 2
33176 1
33177 0
33178 1
33179 2
33180 1
33181 0
33182 2
33183 1
33184 2
33185 0
33186 1
33187 0
33188 1
33189 2
33190 0
33191 1
33192 0
33193 1
33194 0
33195 1
33196 0
33197 1
33198 2
33199 0
33200 2
33201 0
33202 2
33203 1
33204 2
33205 0
33206 1
33207 2
33208 1
33209 0
33210 1
33211 0
33212 1
33213 0
33214 1
33215 2
33216 0
33217 1
33218 0
33219 1
33220 0
33221 2
33222 1
33223 2
33224 0
33225 1
33226 2
33227 1
33228 0
33229 1
33230 0
33231 1
33232 0
33233 1
33234 2
33235 3
33236 1
33237 0
33238 1
33239 0
33240 2
33241 1
33242 2
33243 3
33244 1
33245 2
33246 0
33247 1
33248 0
33249 2
33250 1
33251 0
33252 2
33253 0
33254 1
33255 2
33256 0
33257 1
33258 2
33259 3
33260 1
33261 2
33262 0
33263 1
33264 2
33265 0
33266 1
33267 2
33268 0
33269 1
33270 2
33271 0
33272 1
33273 2
33274 0
33275 1
33276 0
33277 1
33278 0
33279 2
33280 1
33281 0
33282 1
33283 0
33284 2
33285 1
33286 0
33287 1
33288 2
33289 1
33290 0
33291 1
33292 0
33293 1
33294 0
33295 1
33296 0
33297 2
33298 1
33299 2
33300 0
33301 1
33302 0
33303 2
33304 1
33305 2
33306 0
33307 1
33308 0
33309 1
33310 0
33311 1
33312 2
33313 0
33314 2
33315 1
33316 2
33317 1
33318 2
33319 0
33320 1
33321 0
33322 1
33323 0
33324 1
33325 2
33326 0
33327 1
33328 2
33329 0
33330 1
33331 0
33332 2
33333 0
33334 1
33335 0
33336 1
33337 0
33338 1
33339 2
33340 3
33341 0
33342 1
33343 0
33344 1
33345 0
33346 2
33347 1
33348 0
33349 2
33350 0
33351 2
33352 1
33353 2
33354 1
33355 0
33356 2
33357 1
33358 0
33359 1
33360 2
33361 3
33362 0
33363 1
33364 2
33365 0
33366 1
33367 0
33368 2
33369 1
33370 2
33371 0
33372 1
33373 0
33374 1
33375 2
33376 0
33377 1
33378 0
33379 2
33380 1
33381 0
33382 1
33383 2
33384 0
33385 1
33386 0
33387 1
33388 0
33389 1
33390 0
33391 1
33392 0
33393 1
33394 0
33395 1
33396 2
33397 1
33398 0
33399 2
33400 1
33401 0
33402 1
33403 0
33404 1
33405 0
33406 1
33407 0
33408 1
33409 0
33410 1
33411 2
33412 0
33413 1
33414 0
33415 1
33416 0
33417 1
33418 2
33419 1
33420 2
33421 1
33422 0
33423 1
33424 2
33425 0
33426 1
33427 0
33428 1
33429 2
33430 0
33431 2
33432 1
33433 0
33434 1
33435 2
33436 1
33437 2
33438 0
33439 2
33440 1
33441 2
33442 1
33443 0
33444 1
33445 0
33446 1
33447 0
33448 1
33449 2
33450 0
33451 1
33452 2
33453 0
33454 2
33455 1
33456 2
33457 0
33458 1
33459 2
33460 0
33461 2
33462 1
33463 0
33464 1
33465 0
33466 1
33467 2
33468 0
33469 2
33470 1
33471 0
33472 2
33473 3
33474 0
33475 2
33476 0
33477 1
33478 0
33479 2
33480 1
33481 2
33482 0
33483 2
33484 1
33485 0
33486 2
33487 0
33488 1
33489 2
33490 0
33491 1
33492 0
33493 2
33494 1
33495 2
33496 0
33497 1
33498 2
33499 0
33500 1
33501 2
33502 0
33503 2
33504 1
33505 0
33506 1
33507 0
33508 1
33509 0
33510 1
33511 2
33512 0
33513 1
33514 0
33515 1
33516 2
33517 1
33518 0
33519 1
33520 0
33521 1
33522 2
33523 0
33524 1
33525 0
33526 1
33527 0
33528 1
33529 0
33530 2
33531 1
33532 0
33533 1
33534 0
33535 1
33536 0
33537 1
33538 0
33539 1
33540 0
33541 1
33542 0
33543 1
33544 2
33545 1
33546 0
33547 1
33548 0
33549 1
33550 2
33551 0
33552 2
33553 1
33554 0
33555 2
33556 1
33557 0
33558 1
33559 0
33560 1
33561 0
33562 2
33563 0
33564 2
33565 0
33566 2
33567 1
33568 2
33569 0
33570 1
33571 0
33572 1
33573 0
33574 1
33575 0
33576 2
33577 1
33578 2
33579 1
33580 2
33581 0
33582 1
33583 0
33584 2
33585 1
33586 0
33587 1
33588 0
33589 1
33590 0
33591 1
33592 0
33593 1
33594 0
33595 1
33596 2
33597 0
33598 2
33599 1
33600 0
33601 1
33602 2
33603 0
33604 1
33605 0
33606 1
33607 0
33608 1
33609 0
33610 2
33611 1
33612 2
33613 0
33614 1
33615 0
33616 2
33617 1
33618 0
33619 2
33620 0
33621 2
33622 1
33623 0
33624 1
33625 0
33626 2
33627 1
33628 2
33629 0
33630 2
33631 1
33632 2
33633 0
33634 1
33635 0
33636 1
33637 0
33638 1
33639 2
33640 0
33641 2
33642 1
33643 2
33644 1
33645 0
33646 1
33647 0
33648 1
33649 0
33650 3
33651 2
33652 0
33653 3
33654 1
33655 0
33656 1
33657 0
33658 1
33659 0
33660 1
33661 0
33662 2
33663 1
33664 0
33665 1
33666 0
33667 2
33668 1
33669 0
33670 2
33671 1
33672 0
33673 1
33674 0
33675 1
33676 0
33677 2
33678 1
33679 0
33680 2
33681 0
33682 1
33683 0
33684 1
33685 0
33686 1
33687 2
33688 0
33689 2
33690 0
33691 3
33692 2
33693 1
33694 2
33695 0
33696 1
33697 0
33698 2
33699 0
33700 1
33701 0
33702 1
33703 0
33704 1
33705 0
33706 1
33707 2
33708 1
33709 0
33710 1
33711 0
33712 1
33713 2
33714 0
33715 1
33716 0
33717 2
33718 0
33719 1
33720 0
33721 1
33722 0
33723 1
33724 0
33725 1
33726 0
33727 1
33728 2
33729 0
33730 1
33731 2
33732 0
33733 2
33734 1
33735 0
33736 1
33737 0
33738 2
33739 1
33740 2
33741 0
33742 1
33743 2
33744 0
33745 2
33746 1
33747 2
33748 0
33749 1
33750 0
33751 1
33752 2
33753 0
33754 1
33755 0
33756 1
33757 2
33758 0
33759 1
33760 0
33761 1
33762 0
33763 2
33764 1
33765 0
33766 1
33767 2
33768 0
33769 1
33770 2
33771 1
33772 2
33773 1
33774 0
33775 1
33776 0
33777 2
33778 1
33779 2
33780 1
33781 0
33782 2
33783 1
33784 0
33785 1
33786 0
33787 1
33788 0
33789 2
33790 3
33791 1
33792 2
33793 0
33794 1
33795 2
33796 0
33797 2
33798 1
33799 0
33800 2
33801 1
33802 2
33803 0
33804 1
33805 0
33806 2
33807 1
33808 2
33809 0
33810 1
33811 0
33812 1
33813 0
33814 2
33815 0
33816 2
33817 1
33818 0
33819 1
33820 0
33821 2
33822 1
33823 2
33824 0
33825 1
33826 0
33827 1
33828 0
33829 1
33830 0
33831 1
33832 0
33833 1
33834 0
33835 1
33836 0
33837 1
33838 2
33839 0
33840 1
33841 0
33842 1
33843 0
33844 1
33845 0
33846 2
33847 1
33848 2
33849 1
33850 0
33851 1
33852 0
33853 1
33854 0
33855 1
33856 0
33857 1
33858 0
33859 1
33860 0
33861 2
33862 1
33863 2
33864 1
33865 0
33866 1
33867 0
33868 2
33869 1
33870 0
33871 2
33872 1
33873 2
33874 0
33875 1
33876 2
33877 0
33878 1
33879 0
33880 2
33881 1
33882 0
33883 1
33884 2
33885 0
33886 1
33887 0
33888 1
33889 2
33890 1
33891 0
33892 1
33893 0
33894 1
33895 0
33896 1
33897 0
33898 1
33899 0
33900 1
33901 2
33902 0
33903 2
33904 1
33905 0
33906 1
33907 0
33908 2
33909 1
33910 0
33911 1
33912 2
33913 0
33914 1
33915 2
33916 0
33917 1
33918 0
33919 2
33920 1
33921 0
33922 1
33923 2
33924 0
33925 1
33926 0
33927 1
33928 0
33929 1
33930 0
33931 1
33932 2
33933 1
33934 0
33935 1
33936 0
33937 1
33938 2
33939 0
33940 2
33941 0
33942 1
33943 0
33944 1
33945 0
33946 1
33947 0
33948 1
33949 2
33950 0
33951 1
33952 0
33953 1
33954 0
33955 1
33956 2
33957 0
33958 1
33959 0
33960 2
33961 0
33962 1
33963 0
33964 1
33965 0
33966 1
33967 2
33968 0
33969 1
33970 0
33971 1
33972 0
33973 1
33974 0
33975 2
33976 1
33977 2
33978 0
33979 2
33980 0
33981 1
33982 2
33983 3
33984 1
33985 2
33986 1
33987 0
33988 1
33989 0
33990 1
33991 2
33992 0
33993 1
33994 0
33995 1
33996 0
33997 2
33998 1
33999 0
34000 2
34001 1
34002 0
34003 1
34004 0
34005 2
34006 1
34007 0
34008 1
34009 2
34010 1
34011 2
34012 0
34013 1
34014 0
34015 1
34016 2
34017 0
34018 1
34019 2
34020 0
34021 2
34022 1
34023 2
34024 1
34025 0
34026 1
34027 0
34028 1
34029 0
34030 1
34031 0
34032 1
34033 0
34034 1
34035 2
34036 1
34037 0
34038 1
34039 0
34040 2
34041 1
34042 0
34043 1
34044 0
34045 2
34046 1
34047 0
34048 2
34049 1
34050 0
34051 1
34052 0
34053 2
34054 1
34055 3
34056 2
34057 0
34058 1
34059 0
34060 1
34061 0
34062 2
34063 1
34064 0
34065 2
34066 1
34067 2
34068 0
34069 1
34070 0
34071 2
34072 1
34073 0
34074 2
34075 1
34076 0
34077 2
34078 1
34079 0
34080 1
34081 2
34082 1
34083 0
34084 1
34085 0
34086 2
34087 1
34088 0
34089 1
34090 2
34091 1
34092 0
34093 1
34094 2
34095 0
34096 2
34097 1
34098 0
34099 1
34100 2
34101 0
34102 1
34103 0
34104 1
34105 2
34106 0
34107 1
34108 0
34109 1
34110 0
34111 1
34112 0
34113 1
34114 0
34115 1
34116 2
34117 1
34118 2
34119 0
34120 1
34121 0
34122 1
34123 0
34124 1
34125 2
34126 1
34127 0
34128 1
34129 0
34130 1
34131 2
34132 0
34133 2
34134 1
34135 2
34136 1
34137 0
34138 1
34139 0
34140 1
34141 0
34142 2
34143 1
34144 2
34145 1
34146 2
34147 0
34148 2
34149 0
34150 1
34151 0
34152 2
34153 1
34154 2
34155 0
34156 1
34157 2
34158 0
34159 1
34160 2
34161 0
34162 1
34163 0
34164 2
34165 0
34166 1
34167 0
34168 1
34169 0
34170 1
34171 0
34172 1
34173 0
34174 1
34175 0
34176 1
34177 0
34178 1
34179 0
34180 1
34181 0
34182 1
34183 0
34184 1
34185 0
34186 1
34187 2
34188 0
34189 1
34190 0
34191 1
34192 3
34193 2
34194 1
34195 0
34196 1
34197 0
34198 1
34199 0
34200 2
34201 1
34202 3
34203 2
34204 0
34205 2
34206 1
34207 0
34208 1
34209 0
34210 1
34211 2
34212 0
34213 2
34214 1
34215 0
34216 1
34217 0
34218 2
34219 1
34220 2
34221 0
34222 2
34223 1
34224 2
34225 0
34226 1
34227 0
34228 1
34229 0
34230 1
34231 2
34232 0
34233 1
34234 0
34235 1
34236 0
34237 2
34238 1
34239 0
34240 1
34241 0
34242 2
34243 1
34244 0
34245 1
34246 2
34247 1
34248 0
34249 1
34250 2
34251 0
34252 2
34253 3
34254 0
34255 2
34256 1
34257 2
34258 1
34259 0
34260 2
34261 0
34262 1
34263 0
34264 1
34265 0
34266 1
34267 0
34268 2
34269 1
34270 2
34271 0
34272 2
34273 1
34274 2
34275 0
34276 2
34277 1
34278 0
34279 1
34280 2
34281 1
34282 0
34283 1
34284 0
34285 2
34286 1
34287 0
34288 1
34289 2
34290 1
34291 0
34292 1
34293 2
34294 0
34295 1
34296 0
34297 1
34298 2
34299 0
34300 1
34301 0
34302 2
34303 1
34304 0
34305 1
34306 2
34307 3
34308 1
34309 2
34310 0
34311 1
34312 2
34313 0
34314 1
34315 0
34316 1
34317 0
34318 1
34319 2
34320 1
34321 2
34322 0
34323 1
34324 0
34325 1
34326 2
34327 0
34328 1
34329 0
34330 2
34331 1
34332 0
34333 1
34334 0
34335 1
34336 2
34337 0
34338 1
34339 0
34340 2
34341 1
34342 2
34343 0
34344 2
34345 1
34346 0
34347 1
34348 0
34349 1
34350 2
34351 1
34352 0
34353 1
34354 2
34355 0
34356 2
34357 0
34358 2
34359 1
34360 0
34361 2
34362 1
34363 0
34364 1
34365 0
34366 1
34367 0
34368 2
34369 0
34370 1
34371 0
34372 2
34373 1
34374 0
34375 1
34376 0
34377 1
34378 0
34379 1
34380 0
34381 1
34382 0
34383 1
34384 0
34385 1
34386 0
34387 1
34388 0
34389 1
34390 2
34391 1
34392 0
34393 1
34394 2
34395 0
34396 2
34397 1
34398 2
34399 0
34400 1
34401 2
34402 0
34403 2
34404 1
34405 0
34406 2
34407 1
34408 0
34409 1
34410 2
34411 0
34412 1
34413 0
34414 1
34415 2
34416 0
34417 1
34418 2
34419 0
34420 1
34421 2
34422 0
34423 1
34424 0
34425 1
34426 0
34427 1
34428 0
34429 2
34430 1
34431 0
34432 1
34433 2
34434 0
34435 2
34436 1
34437 0
34438 1
34439 0
34440 2
34441 1
34442 2
34443 0
34444 1
34445 0
34446 1
34447 0
34448 1
34449 0
34450 2
34451 1
34452 0
34453 2
34454 0
34455 1
34456 2
34457 0
34458 1
34459 2
34460 0
34461 1
34462 0
34463 1
34464 0
34465 1
34466 0
34467 1
34468 2
34469 0
34470 1
34471 0
34472 1
34473 0
34474 2
34475 1
34476 0
34477 1
34478 0
34479 1
34480 0
34481 1
34482 0
34483 2
34484 1
34485 0
34486 1
34487 0
34488 1
34489 2
34490 0
34491 1
34492 2
34493 0
34494 2
34495 1
34496 0
34497 1
34498 0
34499 2
34500 1
34501 0
34502 2
34503 1
34504 2
34505 0
34506 1
34507 0
34508 2
34509 0
34510 2
34511 1
34512 0
34513 1
34514 0
34515 1
34516 0
34517 1
34518 0
34519 1
34520 2
34521 0
34522 2
34523 0
34524 2
34525 1
34526 2
34527 0
34528 2
34529 1
34530 0
34531 1
34532 2
34533 1
34534 0
34535 1
34536 0
34537 1
34538 0
34539 1
34540 0
34541 2
34542 1
34543 0
34544 1
34545 0
34546 1
34547 2
34548 1
34549 0
34550 3
34551 2
34552 1
34553 0
34554 1
34555 0
34556 1
34557 2
34558 0
34559 1
34560 0
34561 2
34562 1
34563 0
34564 1
34565 0
34566 1
34567 0
34568 2
34569 1
34570 2
34571 1
34572 0
34573 1
34574 0
34575 2
34576 1
34577 2
34578 0
34579 1
34580 0
34581 2
34582 1
34583 0
34584 1
34585 2
34586 0
34587 2
34588 1
34589 0
34590 1
34591 0
34592 1
34593 0
34594 1
34595 2
34596 0
34597 1
34598 0
34599 1
34600 2
34601 0
34602 2
34603 0
34604 2
34605 0
34606 1
34607 2
34608 0
34609 2
34610 0
34611 1
34612 0
34613 1
34614 0
34615 1
34616 0
34617 2
34618 1
34619 0
34620 1
34621 0
34622 1
34623 0
34624 1
34625 2
34626 1
34627 2
34628 0
34629 2
34630 1
34631 0
34632 1
34633 2
34634 0
34635 1
34636 0
34637 2
34638 1
34639 0
34640 1
34641 2
34642 0
34643 1
34644 0
34645 2
34646 1
34647 0
34648 1
34649 2
34650 0
34651 2
34652 1
34653 2
34654 1
34655 0
34656 1
34657 0
34658 2
34659 1
34660 0
34661 2
34662 0
34663 2
34664 0
34665 1
34666 0
34667 2
34668 1
34669 2
34670 0
34671 1
34672 0
34673 1
34674 0
34675 2
34676 1
34677 0
34678 1
34679 2
34680 0
34681 2
34682 1
34683 2
34684 1
34685 0
34686 3
34687 1
34688 2
34689 1
34690 0
34691 1
34692 2
34693 0
34694 2
34695 1
34696 0
34697 2
34698 1
34699 2
34700 1
34701 0
34702 2
34703 0
34704 2
34705 1
34706 2
34707 0
34708 1
34709 2
34710 0
34711 2
34712 0
34713 1
34714 0
34715 1
34716 0
34717 1
34718 0
34719 1
34720 0
34721 1
34722 0
34723 1
34724 0
34725 2
34726 1
34727 2
34728 1
34729 0
34730 2
34731 1
34732 0
34733 1
34734 0
34735 1
34736 0
34737 1
34738 0
34739 1
34740 0
34741 1
34742 0
34743 1
34744 0
34745 1
34746 0
34747 1
34748 0
34749 1
34750 2
34751 0
34752 1
34753 0
34754 1
34755 0
34756 1
34757 0
34758 1
34759 2
34760 0
34761 1
34762 0
34763 1
34764 0
34765 2
34766 1
34767 2
34768 0
34769 1
34770 0
34771 2
34772 1
34773 0
34774 1
34775 2
34776 1
34777 0
34778 1
34779 0
34780 1
34781 0
34782 1
34783 2
34784 0
34785 1
34786 0
34787 1
34788 2
34789 1
34790 2
34791 0
34792 2
34793 0
34794 1
34795 0
34796 2
34797 1
34798 0
34799 2
34800 1
34801 0
34802 2
34803 1
34804 0
34805 1
34806 0
34807 1
34808 0
34809 2
34810 1
34811 2
34812 0
34813 2
34814 0
34815 1
34816 2
34817 1
34818 2
34819 0
34820 1
34821 0
34822 1
34823 0
34824 2
34825 1
34826 0
34827 1
34828 0
34829 2
34830 1
34831 0
34832 1
34833 2
34834 0
34835 1
34836 0
34837 1
34838 0
34839 1
34840 2
34841 0
34842 1
34843 0
34844 1
34845 2
34846 1
34847 0
34848 1
34849 0
34850 2
34851 0
34852 1
34853 0
34854 1
34855 2
34856 0
34857 2
34858 1
34859 2
34860 0
34861 1
34862 2
34863 0
34864 2
34865 1
34866 2
34867 0
34868 1
34869 0
34870 1
34871 2
34872 0
34873 1
34874 0
34875 1
34876 0
34877 1
34878 0
34879 1
34880 0
34881 2
34882 1
34883 2
34884 0
34885 1
34886 2
34887 1
34888 0
34889 2
34890 1
34891 0
34892 1
34893 0
34894 1
34895 0
34896 2
34897 1
34898 2
34899 0
34900 2
34901 1
34902 0
34903 1
34904 2
34905 0
34906 1
34907 2
34908 0
34909 1
34910 0
34911 1
34912 0
34913 1
34914 0
34915 2
34916 1
34917 0
34918 1
34919 0
34920 1
34921 0
34922 1
34923 0
34924 1
34925 0
34926 1
34927 2
34928 1
34929 0
34930 1
34931 0
34932 1
34933 0
34934 1
34935 0
34936 1
34937 0
34938 1
34939 0
34940 1
34941 0
34942 1
34943 0
34944 2
34945 1
34946 0
34947 1
34948 2
34949 0
34950 2
34951 0
34952 1
34953 0
34954 1
34955 0
34956 2
34957 0
34958 1
34959 2
34960 1
34961 0
34962 1
34963 0
34964 2
34965 1
34966 2
34967 0
34968 1
34969 0
34970 2
34971 1
34972 2
34973 0
34974 2
34975 1
34976 0
34977 1
34978 0
34979 1
34980 2
34981 1
34982 3
34983 1
34984 2
34985 0
34986 1
34987 2
34988 1
34989 2
34990 0
34991 2
34992 1
34993 0
34994 1
34995 2
34996 1
34997 0
34998 1
34999 0
35000 1
35001 0
35002 2
35003 1
35004 2
35005 0
35006 2
35007 1
35008 0
35009 1
35010 0
35011 1
35012 2
35013 0
35014 2
35015 1
35016 2
35017 1
35018 0
35019 2
35020 1
35021 0
35022 2
35023 1
35024 2
35025 0
35026 1
35027 0
35028 2
35029 1
35030 2
35031 1
35032 0
35033 1
35034 2
35035 1
35036 2
35037 0
35038 1
35039 2
35040 1
35041 0
35042 1
35043 0
35044 2
35045 0
35046 2
35047 1
35048 0
35049 1
35050 0
35051 2
35052 1
35053 0
35054 2
35055 1
35056 0
35057 1
35058 0
35059 1
35060 0
35061 2
35062 1
35063 0
35064 2
35065 1
35066 0
35067 1
35068 2
35069 1
35070 0
35071 1
35072 0
35073 1
35074 2
35075 1
35076 0
35077 1
35078 0
35079 2
35080 0
35081 1
35082 0
35083 1
35084 0
35085 1
35086 0
35087 1
35088 0
35089 2
35090 1
35091 0
35092 2
35093 0
35094 2
35095 1
35096 0
35097 1
35098 2
35099 0
35100 1
35101 2
35102 0
35103 2
35104 1
35105 2
35106 0
35107 1
35108 2
35109 0
35110 1
35111 2
35112 0
35113 2
35114 0
35115 1
35116 0
35117 1
35118 0
35119 1
35120 0
35121 1
35122 2
35123 0
35124 1
35125 0
35126 1
35127 0
35128 1
35129 3
35130 2
35131 3
35132 0
35133 2
35134 1
35135 0
35136 1
35137 0
35138 1
35139 0
35140 1
35141 0
35142 1
35143 0
35144 1
35145 0
35146 1
35147 0
35148 1
35149 0
35150 2
35151 1
35152 2
35153 1
35154 2
35155 0
35156 1
35157 2
35158 0
35159 2
35160 1
35161 0
35162 1
35163 0
35164 1
35165 2
35166 0
35167 1
35168 0
35169 1
35170 0
35171 1
35172 0
35173 1
35174 2
35175 0
35176 1
35177 0
35178 1
35179 0
35180 2
35181 1
35182 2
35183 1
35184 2
35185 0
35186 1
35187 2
35188 0
35189 1
35190 0
35191 1
35192 2
35193 0
35194 1
35195 0
35196 1
35197 0
35198 1
35199 0
35200 2
35201 1
35202 0
35203 2
35204 1
35205 2
35206 0
35207 1
35208 0
35209 2
35210 1
35211 0
35212 1
35213 0
35214 1
35215 0
35216 2
35217 0
35218 3
35219 0
35220 1
35221 2
35222 1
35223 0
35224 1
35225 2
35226 0
35227 1
35228 2
35229 1
35230 0
35231 1
35232 0
35233 1
35234 0
35235 1
35236 2
35237 0
35238 1
35239 0
35240 1
35241 2
35242 1
35243 0
35244 1
35245 0
35246 1
35247 2
35248 0
35249 1
35250 2
35251 0
35252 2
35253 1
35254 2
35255 1
35256 0
35257 1
35258 0
35259 1
35260 0
35261 1
35262 0
35263 1
35264 0
35265 1
35266 0
35267 1
35268 0
35269 2
35270 1
35271 2
35272 1
35273 0
35274 1
35275 2
35276 0
35277 1
35278 0
35279 1
35280 0
35281 1
35282 2
35283 1
35284 0
35285 1
35286 2
35287 1
35288 0
35289 1
35290 2
35291 0
35292 1
35293 0
35294 1
35295 0
35296 2
35297 1
35298 2
35299 0
35300 1
35301 2
35302 0
35303 1
35304 2
35305 0
35306 2
35307 1
35308 2
35309 3
35310 1
35311 0
35312 1
35313 0
35314 2
35315 1
35316 0
35317 1
35318 0
35319 2
35320 1
35321 0
35322 2
35323 0
35324 1
35325 0
35326 2
35327 1
35328 0
35329 1
35330 2
35331 0
35332 1
35333 0
35334 1
35335 0
35336 2
35337 0
35338 1
35339 0
35340 2
35341 1
35342 0
35343 1
35344 2
35345 0
35346 2
35347 1
35348 0
35349 1
35350 0
35351 1
35352 0
35353 1
35354 0
35355 1
35356 2
35357 0
35358 1
35359 0
35360 2
35361 0
35362 1
35363 2
35364 0
35365 1
35366 0
35367 2
35368 0
35369 1
35370 0
35371 2
35372 1
35373 0
35374 1
35375 0
35376 1
35377 0
35378 1
35379 2
35380 1
35381 0
35382 1
35383 0
35384 1
35385 0
35386 1
35387 0
35388 1
35389 0
35390 1
35391 2
35392 0
35393 1
35394 0
35395 1
35396 0
35397 2
35398 1
35399 0
35400 2
35401 1
35402 2
35403 1
35404 2
35405 1
35406 0
35407 1
35408 0
35409 1
35410 0
35411 1
35412 0
35413 1
35414 0
35415 1
35416 0
35417 1
35418 0
35419 2
35420 1
35421 0
35422 1
35423 2
35424 0
35425 1
35426 0
35427 1
35428 0
35429 2
35430 1
35431 0
35432 1
35433 0
35434 1
35435 0
35436 1
35437 0
35438 1
35439 0
35440 1
35441 0
35442 1
35443 0
35444 1
35445 0
35446 2
35447 1
35448 0
35449 1
35450 0
35451 2
35452 1
35453 0
35454 1
35455 0
35456 1
35457 2
35458 1
35459 2
35460 0
35461 2
35462 1
35463 0
35464 1
35465 0
35466 1
35467 2
35468 1
35469 0
35470 1
35471 2
35472 1
35473 0
35474 1
35475 0
35476 1
35477 0
35478 2
35479 0
35480 1
35481 2
35482 0
35483 2
35484 1
35485 2
35486 3
35487 0
35488 1
35489 2
35490 0
35491 2
35492 1
35493 0
35494 1
35495 0
35496 2
35497 1
35498 0
35499 2
35500 1
35501 0
35502 1
35503 2
35504 1
35505 0
35506 1
35507 0
35508 1
35509 2
35510 1
35511 2
35512 0
35513 1
35514 0
35515 2
35516 1
35517 2
35518 0
35519 1
35520 0
35521 1
35522 2
35523 0
35524 1
35525 0
35526 1
35527 2
35528 0
35529 1
35530 0
35531 1
35532 0
35533 2
35534 1
35535 0
35536 1
35537 0
35538 1
35539 2
35540 1
35541 0
35542 1
35543 0
35544 1
35545 2
35546 0
35547 2
35548 0
35549 2
35550 1
35551 2
35552 0
35553 1
35554 0
35555 1
35556 0
35557 1
35558 0
35559 2
35560 1
35561 2
35562 0
35563 1
35564 0
35565 1
35566 0
35567 2
35568 1
35569 0
35570 1
35571 2
35572 1
35573 0
35574 1
35575 0
35576 2
35577 0
35578 1
35579 0
35580 1
35581 0
35582 1
35583 0
35584 2
35585 1
35586 2
35587 0
35588 1
35589 2
35590 0
35591 2
35592 0
35593 1
35594 0
35595 1
35596 2
35597 0
35598 1
35599 2
35600 0
35601 1
35602 2
35603 0
35604 2
35605 1
35606 0
35607 1
35608 2
35609 0
35610 1
35611 0
35612 1
35613 2
35614 3
35615 1
35616 2
35617 0
35618 1
35619 0
35620 2
35621 1
35622 2
35623 0
35624 2
35625 1
35626 0
35627 2
35628 1
35629 0
35630 1
35631 2
35632 0
35633 1
35634 0
35635 2
35636 0
35637 1
35638 0
35639 1
35640 0
35641 1
35642 2
35643 0
35644 2
35645 1
35646 2
35647 0
35648 1
35649 0
35650 1
35651 0
35652 1
35653 2
35654 0
35655 1
35656 2
35657 0
35658 1
35659 0
35660 2
35661 1
35662 0
35663 1
35664 0
35665 1
35666 0
35667 1
35668 0
35669 1
35670 0
35671 1
35672 0
35673 1
35674 2
35675 1
35676 0
35677 1
35678 0
35679 1
35680 2
35681 1
35682 0
35683 1
35684 0
35685 1
35686 0
35687 1
35688 0
35689 1
35690 0
35691 1
35692 0
35693 1
35694 0
35695 2
35696 1
35697 0
35698 2
35699 1
35700 2
35701 1
35702 2
35703 0
35704 2
35705 1
35706 0
35707 1
35708 0
35709 1
35710 2
35711 0
35712 1
35713 0
35714 1
35715 0
35716 1
35717 2
35718 0
35719 1
35720 0
35721 1
35722 0
35723 1
35724 0
35725 1
35726 2
35727 0
35728 1
35729 0
35730 1
35731 2
35732 0
35733 1
35734 0
35735 1
35736 2
35737 0
35738 1
35739 2
35740 1
35741 0
35742 1
35743 0
35744 1
35745 2
35746 0
35747 1
35748 2
35749 0
35750 1
35751 0
35752 1
35753 2
35754 0
35755 1
35756 2
35757 0
35758 1
35759 0
35760 2
35761 3
35762 0
35763 1
35764 2
35765 1
35766 0
35767 1
35768 2
35769 0
35770 1
35771 0
35772 1
35773 0
35774 1
35775 0
35776 2
35777 1
35778 0
35779 1
35780 0
35781 1
35782 0
35783 1
35784 2
35785 0
35786 2
35787 1
35788 0
35789 1
35790 0
35791 1
35792 2
35793 1
35794 2
35795 1
35796 2
35797 0
35798 2
35799 1
35800 0
35801 1
35802 0
35803 1
35804 0
35805 1
35806 2
35807 0
35808 1
35809 0
35810 1
35811 0
35812 1
35813 0
35814 1
35815 2
35816 0
35817 2
35818 1
35819 2
35820 0
35821 1
35822 0
35823 1
35824 0
35825 1
35826 2
35827 1
35828 0
35829 1
35830 0
35831 1
35832 0
35833 2
35834 1
35835 2
35836 0
35837 2
35838 1
35839 0
35840 1
35841 0
35842 2
35843 1
35844 0
35845 1
35846 0
35847 2
35848 1
35849 2
35850 0
35851 1
35852 2
35853 0
35854 2
35855 0
35856 1
35857 2
35858 1
35859 0
35860 1
35861 0
35862 1
35863 0
35864 1
35865 0
35866 1
35867 0
35868 1
35869 2
35870 0
35871 1
35872 0
35873 1
35874 0
35875 2
35876 0
35877 2
35878 1
35879 2
35880 1
35881 0
35882 1
35883 0
35884 1
35885 0
35886 2
35887 0
35888 1
35889 0
35890 1
35891 0
35892 1
35893 0
35894 1
35895 0
35896 2
35897 1
35898 0
35899 2
35900 1
35901 0
35902 1
35903 2
35904 0
35905 2
35906 0
35907 2
35908 1
35909 2
35910 1
35911 2
35912 1
35913 2
35914 0
35915 1
35916 2
35917 0
35918 1
35919 0
35920 1
35921 2
35922 0
35923 1
35924 0
35925 2
35926 1
35927 2
35928 1
35929 2
35930 0
35931 1
35932 0
35933 1
35934 0
35935 1
35936 0
35937 1
35938 0
35939 1
35940 2
35941 0
35942 1
35943 0
35944 1
35945 0
35946 2
35947 0
35948 1
35949 2
35950 1
35951 0
35952 1
35953 0
35954 1
35955 0
35956 1
35957 2
35958 0
35959 2
35960 1
35961 0
35962 1
35963 0
35964 1
35965 0
35966 1
35967 2
35968 0
35969 1
35970 0
35971 2
35972 1
35973 2
35974 1
35975 0
35976 1
35977 2
35978 0
35979 1
35980 0
35981 1
35982 2
35983 0
35984 1
35985 0
35986 1
35987 0
35988 1
35989 0
35990 1
35991 0
35992 2
35993 1
35994 0
35995 1
35996 2
35997 1
35998 2
35999 0
36000 2
36001 0
36002 1
36003 0
36004 1
36005 0
36006 1
36007 0
36008 1
36009 0
36010 1
36011 0
36012 1
36013 0
36014 1
36015 0
36016 3
36017 2
36018 1
36019 0
36020 1
36021 0
36022 1
36023 0
36024 1
36025 0
36026 2
36027 1
36028 2
36029 0
36030 1
36031 0
36032 2
36033 1
36034 0
36035 2
36036 1
36037 0
36038 1
36039 0
36040 2
36041 1
36042 0
36043 2
36044 1
36045 0
36046 1
36047 2
36048 3
36049 0
36050 1
36051 0
36052 1
36053 2
36054 0
36055 2
36056 1
36057 2
36058 0
36059 2
36060 1
36061 0
36062 2
36063 1
36064 0
36065 1
36066 2
36067 0
36068 1
36069 0
36070 2
36071 1
36072 0
36073 1
36074 0
36075 2
36076 1
36077 2
36078 0
36079 1
36080 0
36081 1
36082 2
36083 0
36084 1
36085 0
36086 1
36087 0
36088 1
36089 2
36090 0
36091 2
36092 1
36093 2
36094 0
36095 1
36096 0
36097 1
36098 0
36099 1
36100 0
36101 1
36102 0
36103 2
36104 1
36105 0
36106 1
36107 2
36108 0
36109 1
36110 0
36111 1
36112 2
36113 0
36114 1
36115 0
36116 2
36117 1
36118 2
36119 0
36120 1
36121 0
36122 1
36123 0
36124 1
36125 0
36126 1
36127 2
36128 1
36129 0
36130 1
36131 0
36132 1
36133 2
36134 0
36135 2
36136 1
36137 2
36138 0
36139 1
36140 0
36141 1
36142 0
36143 2
36144 3
36145 1
36146 2
36147 1
36148 0
36149 1
36150 2
36151 0
36152 1
36153 0
36154 2
36155 0
36156 2
36157 0
36158 1
36159 2
36160 1
36161 0
36162 1
36163 0
36164 2
36165 1
36166 0
36167 1
36168 0
36169 1
36170 0
36171 1
36172 0
36173 1
36174 0
36175 1
36176 0
36177 1
36178 2
36179 1
36180 0
36181 1
36182 2
36183 0
36184 2
36185 1
36186 0
36187 1
36188 2
36189 0
36190 1
36191 0
36192 1
36193 0
36194 1
36195 2
36196 0
36197 1
36198 2
36199 0
36200 1
36201 0
36202 1
36203 0
36204 2
36205 1
36206 0
36207 1
36208 2
36209 0
36210 2
36211 1
36212 0
36213 2
36214 0
36215 1
36216 0
36217 1
36218 0
36219 2
36220 0
36221 1
36222 0
36223 1
36224 0
36225 1
36226 0
36227 1
36228 0
36229 1
36230 0
36231 1
36232 0
36233 1
36234 2
36235 0
36236 1
36237 2
36238 0
36239 1
36240 0
36241 1
36242 0
36243 1
36244 0
36245 1
36246 2
36247 0
36248 2
36249 1
36250 2
36251 1
36252 0
36253 1
36254 2
36255 0
36256 1
36257 0
36258 2
36259 1
36260 0
36261 2
36262 1
36263 0
36264 1
36265 0
36266 1
36267 0
36268 1
36269 2
36270 0
36271 2
36272 0
36273 1
36274 0
36275 1
36276 2
36277 1
36278 0
36279 1
36280 2
36281 1
36282 0
36283 1
36284 0
36285 2
36286 1
36287 0
36288 2
36289 0
36290 2
36291 0
36292 1
36293 0
36294 1
36295 0
36296 2
36297 0
36298 1
36299 2
36300 1
36301 0
36302 1
36303 2
36304 0
36305 2
36306 1
36307 0
36308 1
36309 0
36310 1
36311 2
36312 0
36313 2
36314 1
36315 0
36316 2
36317 1
36318 0
36319 1
36320 0
36321 2
36322 1
36323 0
36324 1
36325 0
36326 1
36327 0
36328 1
36329 0
36330 2
36331 1
36332 2
36333 0
36334 1
36335 0
36336 1
36337 0
36338 1
36339 0
36340 2
36341 1
36342 0
36343 1
36344 0
36345 1
36346 0
36347 2
36348 1
36349 0
36350 1
36351 0
36352 1
36353 0
36354 1
36355 0
36356 1
36357 0
36358 2
36359 1
36360 0
36361 1
36362 2
36363 1
36364 0
36365 1
36366 2
36367 0
36368 1
36369 2
36370 0
36371 1
36372 0
36373 1
36374 0
36375 1
36376 2
36377 0
36378 2
36379 0
36380 1
36381 0
36382 1
36383 0
36384 1
36385 2
36386 0
36387 1
36388 2
36389 1
36390 0
36391 1
36392 2
36393 0
36394 1
36395 2
36396 1
36397 2
36398 0
36399 1
36400 0
36401 1
36402 0
36403 1
36404 0
36405 1
36406 0
36407 1
36408 0
36409 2
36410 1
36411 2
36412 1
36413 2
36414 0
36415 2
36416 1
36417 0
36418 1
36419 0
36420 2
36421 1
36422 0
36423 1
36424 0
36425 1
36426 0
36427 1
36428 0
36429 1
36430 0
36431 1
36432 0
36433 1
36434 2
36435 3
36436 1
36437 2
36438 0
36439 2
36440 1
36441 0
36442 1
36443 0
36444 2
36445 0
36446 2
36447 0
36448 2
36449 0
36450 1
36451 0
36452 1
36453 0
36454 1
36455 2
36456 1
36457 0
36458 2
36459 1
36460 0
36461 2
36462 1
36463 0
36464 1
36465 0
36466 1
36467 0
36468 2
36469 0
36470 2
36471 1
36472 0
36473 1
36474 0
36475 1
36476 0
36477 1
36478 0
36479 2
36480 1
36481 2
36482 1
36483 0
36484 1
36485 2
36486 0
36487 2
36488 0
36489 1
36490 2
36491 0
36492 1
36493 2
36494 1
36495 0
36496 1
36497 0
36498 1
36499 0
36500 1
36501 2
36502 0
36503 2
36504 0
36505 1
36506 0
36507 1
36508 2
36509 1
36510 2
36511 0
36512 1
36513 2
36514 0
36515 1
36516 2
36517 1
36518 2
36519 0
36520 2
36521 1
36522 0
36523 1
36524 2
36525 0
36526 2
36527 1
36528 0
36529 2
36530 1
36531 2
36532 0
36533 2
36534 3
36535 1
36536 0
36537 2
36538 1
36539 0
36540 1
36541 0
36542 2
36543 3
36544 1
36545 0
36546 1
36547 0
36548 2
36549 1
36550 2
36551 1
36552 0
36553 1
36554 0
36555 2
36556 1
36557 0
36558 2
36559 0
36560 1
36561 0
36562 2
36563 0
36564 2
36565 0
36566 1
36567 0
36568 2
36569 0
36570 2
36571 1
36572 2
36573 0
36574 2
36575 0
36576 1
36577 2
36578 0
36579 1
36580 0
36581 1
36582 0
36583 1
36584 0
36585 1
36586 2
36587 1
36588 0
36589 1
36590 0
36591 2
36592 1
36593 2
36594 1
36595 0
36596 2
36597 1
36598 0
36599 2
36600 1
36601 3
36602 2
36603 0
36604 1
36605 2
36606 0
36607 1
36608 2
36609 0
36610 2
36611 1
36612 0
36613 1
36614 2
36615 0
36616 1
36617 0
36618 1
36619 2
36620 1
36621 0
36622 1
36623 0
36624 1
36625 0
36626 2
36627 1
36628 2
36629 1
36630 0
36631 1
36632 0
36633 1
36634 0
36635 1
36636 0
36637 1
36638 0
36639 1
36640 0
36641 1
36642 0
36643 1
36644 0
36645 1
36646 0
36647 2
36648 1
36649 0
36650 1
36651 0
36652 1
36653 2
36654 1
36655 0
36656 1
36657 2
36658 0
36659 1
36660 2
36661 0
36662 1
36663 0
36664 1
36665 0
36666 1
36667 2
36668 0
36669 1
36670 2
36671 0
36672 1
36673 0
36674 1
36675 0
36676 1
36677 0
36678 2
36679 1
36680 2
36681 0
36682 2
36683 1
36684 0
36685 1
36686 0
36687 1
36688 0
36689 2
36690 1
36691 0
36692 1
36693 0
36694 1
36695 0
36696 1
36697 0
36698 1
36699 0
36700 2
36701 1
36702 0
36703 1
36704 0
36705 1
36706 0
36707 1
36708 2
36709 0
36710 1
36711 2
36712 1
36713 2
36714 1
36715 0
36716 1
36717 0
36718 1
36719 2
36720 0
36721 2
36722 1
36723 2
36724 1
36725 0
36726 1
36727 0
36728 1
36729 2
36730 0
36731 1
36732 0
36733 1
36734 0
36735 2
36736 0
36737 1
36738 0
36739 1
36740 0
36741 1
36742 2
36743 1
36744 0
36745 1
36746 0
36747 1
36748 2
36749 0
36750 1
36751 2
36752 0
36753 1
36754 0
36755 1
36756 0
36757 1
36758 2
36759 1
36760 2
36761 0
36762 1
36763 0
36764 2
36765 1
36766 0
36767 2
36768 3
36769 0
36770 1
36771 0
36772 1
36773 0
36774 2
36775 1
36776 2
36777 0
36778 1
36779 0
36780 1
36781 2
36782 0
36783 2
36784 0
36785 1
36786 0
36787 2
36788 1
36789 0
36790 1
36791 0
36792 1
36793 2
36794 1
36795 0
36796 1
36797 0
36798 1
36799 0
36800 1
36801 2
36802 0
36803 2
36804 1
36805 2
36806 0
36807 2
36808 0
36809 1
36810 0
36811 1
36812 0
36813 1
36814 0
36815 1
36816 2
36817 0
36818 2
36819 1
36820 3
36821 0
36822 2
36823 1
36824 2
36825 1
36826 0
36827 1
36828 2
36829 0
36830 1
36831 0
36832 1
36833 0
36834 1
36835 0
36836 1
36837 0
36838 1
36839 2
36840 0
36841 1
36842 0
36843 1
36844 2
36845 0
36846 1
36847 2
36848 0
36849 2
36850 1
36851 2
36852 0
36853 1
36854 2
36855 1
36856 0
36857 1
36858 0
36859 2
36860 1
36861 2
36862 0
36863 2
36864 0
36865 1
36866 0
36867 2
36868 1
36869 2
36870 1
36871 2
36872 1
36873 0
36874 1
36875 0
36876 2
36877 1
36878 0
36879 1
36880 0
36881 1
36882 0
36883 2
36884 1
36885 2
36886 1
36887 0
36888 1
36889 2
36890 0
36891 2
36892 1
36893 2
36894 0
36895 2
36896 1
36897 2
36898 0
36899 1
36900 2
36901 0
36902 1
36903 0
36904 2
36905 1
36906 0
36907 1
36908 2
36909 1
36910 2
36911 1
36912 0
36913 1
36914 0
36915 1
36916 0
36917 1
36918 0
36919 1
36920 0
36921 1
36922 0
36923 2
36924 1
36925 0
36926 1
36927 0
36928 1
36929 2
36930 0
36931 1
36932 0
36933 2
36934 0
36935 1
36936 2
36937 1
36938 0
36939 1
36940 0
36941 1
36942 2
36943 0
36944 2
36945 1
36946 0
36947 1
36948 0
36949 1
36950 0
36951 1
36952 0
36953 1
36954 0
36955 2
36956 1
36957 0
36958 2
36959 1
36960 0
36961 1
36962 0
36963 1
36964 0
36965 2
36966 1
36967 0
36968 1
36969 0
36970 1
36971 0
36972 2
36973 1
36974 0
36975 1
36976 2
36977 0
36978 1
36979 2
36980 0
36981 2
36982 1
36983 0
36984 1
36985 0
36986 1
36987 0
36988 1
36989 2
36990 0
36991 1
36992 0
36993 1
36994 0
36995 2
36996 1
36997 2
36998 0
36999 2
37000 1
37001 0
37002 1
37003 0
37004 2
37005 1
37006 0
37007 1
37008 0
37009 1
37010 0
37011 1
37012 0
37013 1
37014 0
37015 1
37016 0
37017 1
37018 2
37019 0
37020 1
37021 0
37022 1
37023 2
37024 0
37025 2
37026 1
37027 0
37028 1
37029 2
37030 0
37031 2
37032 1
37033 2
37034 0
37035 2
37036 1
37037 0
37038 1
37039 2
37040 0
37041 1
37042 2
37043 0
37044 2
37045 1
37046 0
37047 1
37048 3
37049 2
37050 0
37051 1
37052 0
37053 2
37054 1
37055 0
37056 1
37057 2
37058 0
37059 1
37060 0
37061 1
37062 2
37063 3
37064 1
37065 2
37066 0
37067 1
37068 0
37069 1
37070 0
37071 1
37072 0
37073 1
37074 2
37075 1
37076 0
37077 1
37078 2
37079 0
37080 1
37081 0
37082 2
37083 1
37084 2
37085 0
37086 1
37087 0
37088 1
37089 0
37090 1
37091 2
37092 0
37093 1
37094 2
37095 1
37096 0
37097 2
37098 1
37099 0
37100 1
37101 2
37102 0
37103 1
37104 2
37105 1
37106 0
37107 2
37108 1
37109 2
37110 0
37111 2
37112 0
37113 1
37114 0
37115 1
37116 0
37117 2
37118 1
37119 0
37120 1
37121 0
37122 1
37123 2
37124 0
37125 1
37126 0
37127 2
37128 1
37129 2
37130 0
37131 1
37132 0
37133 1
37134 2
37135 0
37136 1
37137 0
37138 2
37139 1
37140 0
37141 1
37142 0
37143 1
37144 0
37145 1
37146 0
37147 2
37148 1
37149 0
37150 1
37151 0
37152 1
37153 0
37154 2
37155 1
37156 0
37157 1
37158 0
37159 1
37160 2
37161 0
37162 2
37163 1
37164 2
37165 0
37166 1
37167 0
37168 2
37169 1
37170 0
37171 2
37172 1
37173 0
37174 1
37175 2
37176 1
37177 2
37178 0
37179 1
37180 0
37181 1
37182 2
37183 3
37184 1
37185 0
37186 1
37187 0
37188 2
37189 1
37190 0
37191 1
37192 2
37193 1
37194 2
37195 1
37196 0
37197 2
37198 1
37199 2
37200 1
37201 0
37202 1
37203 2
37204 0
37205 2
37206 1
37207 0
37208 1
37209 0
37210 2
37211 1
37212 2
37213 0
37214 1
37215 0
37216 2
37217 1
37218 2
37219 0
37220 2
37221 1
37222 2
37223 0
37224 2
37225 0
37226 1
37227 2
37228 0
37229 2
37230 1
37231 2
37232 1
37233 2
37234 0
37235 1
37236 2
37237 1
37238 2
37239 0
37240 2
37241 1
37242 0
37243 2
37244 0
37245 1
37246 2
37247 0
37248 1
37249 0
37250 1
37251 0
37252 1
37253 0
37254 1
37255 0
37256 1
37257 0
37258 2
37259 1
37260 0
37261 1
37262 2
37263 0
37264 1
37265 0
37266 1
37267 0
37268 1
37269 0
37270 1
37271 0
37272 1
37273 2
37274 0
37275 2
37276 1
37277 0
37278 1
37279 0
37280 1
37281 0
37282 1
37283 2
37284 0
37285 1
37286 0
37287 2
37288 1
37289 2
37290 0
37291 1
37292 0
37293 1
37294 0
37295 1
37296 0
37297 2
37298 1
37299 2
37300 1
37301 2
37302 1
37303 2
37304 1
37305 0
37306 1
37307 0
37308 1
37309 0
37310 1
37311 2
37312 0
37313 2
37314 1
37315 0
37316 1
37317 0
37318 1
37319 0
37320 2
37321 1
37322 2
37323 0
37324 1
37325 0
37326 1
37327 0
37328 1
37329 0
37330 1
37331 0
37332 2
37333 1
37334 2
37335 0
37336 1
37337 0
37338 1
37339 0
37340 1
37341 2
37342 0
37343 1
37344 2
37345 0
37346 2
37347 1
37348 0
37349 1
37350 0
37351 2
37352 1
37353 0
37354 1
37355 2
37356 1
37357 0
37358 2
37359 0
37360 1
37361 0
37362 1
37363 2
37364 0
37365 1
37366 0
37367 2
37368 1
37369 2
37370 3
37371 0
37372 1
37373 0
37374 2
37375 1
37376 0
37377 2
37378 1
37379 0
37380 2
37381 1
37382 0
37383 1
37384 2
37385 0
37386 1
37387 0
37388 1
37389 0
37390 1
37391 2
37392 0
37393 1
37394 0
37395 1
37396 2
37397 1
37398 0
37399 2
37400 1
37401 2
37402 1
37403 0
37404 1
37405 0
37406 2
37407 1
37408 0
37409 1
37410 0
37411 2
37412 1
37413 2
37414 0
37415 1
37416 2
37417 1
37418 2
37419 0
37420 2
37421 1
37422 0
37423 1
37424 0
37425 2
37426 1
37427 0
37428 1
37429 0
37430 2
37431 1
37432 0
37433 1
37434 0
37435 2
37436 0
37437 1
37438 2
37439 0
37440 1
37441 0
37442 1
37443 0
37444 1
37445 2
37446 0
37447 1
37448 0
37449 2
37450 1
37451 0
37452 1
37453 0
37454 1
37455 0
37456 1
37457 2
37458 0
37459 1
37460 0
37461 1
37462 2
37463 0
37464 2
37465 0
37466 2
37467 1
37468 2
37469 0
37470 2
37471 0
37472 1
37473 0
37474 1
37475 0
37476 1
37477 2
37478 0
37479 1
37480 0
37481 1
37482 2
37483 0
37484 1
37485 2
37486 0
37487 1
37488 0
37489 1
37490 2
37491 1
37492 2
37493 1
37494 0
37495 2
37496 0
37497 1
37498 2
37499 0
37500 1
37501 0
37502 1
37503 2
37504 0
37505 1
37506 0
37507 1
37508 0
37509 1
37510 0
37511 2
37512 1
37513 2
37514 0
37515 1
37516 2
37517 0
37518 1
37519 0
37520 1
37521 0
37522 1
37523 0
37524 1
37525 0
37526 1
37527 2
37528 1
37529 2
37530 1
37531 0
37532 2
37533 1
37534 0
37535 2
37536 1
37537 2
37538 1
37539 2
37540 0
37541 2
37542 1
37543 0
37544 1
37545 2
37546 0
37547 1
37548 0
37549 2
37550 1
37551 0
37552 1
37553 2
37554 1
37555 2
37556 0
37557 2
37558 0
37559 2
37560 1
37561 0
37562 1
37563 0
37564 2
37565 1
37566 2
37567 0
37568 1
37569 0
37570 1
37571 0
37572 2
37573 1
37574 2
37575 0
37576 1
37577 2
37578 0
37579 1
37580 2
37581 0
37582 1
37583 0
37584 2
37585 1
37586 0
37587 1
37588 0
37589 1
37590 2
37591 1
37592 0
37593 2
37594 1
37595 0
37596 1
37597 0
37598 1
37599 0
37600 1
37601 0
37602 2
37603 1
37604 2
37605 0
37606 1
37607 2
37608 1
37609 0
37610 2
37611 1
37612 3
37613 2
37614 1
37615 2
37616 0
37617 1
37618 0
37619 1
37620 0
37621 1
37622 0
37623 1
37624 2
37625 0
37626 1
37627 2
37628 0
37629 1
37630 2
37631 0
37632 1
37633 0
37634 1
37635 0
37636 1
37637 0
37638 1
37639 2
37640 1
37641 2
37642 1
37643 2
37644 0
37645 1
37646 0
37647 1
37648 0
37649 2
37650 1
37651 0
37652 2
37653 1
37654 0
37655 1
37656 0
37657 1
37658 0
37659 1
37660 2
37661 0
37662 1
37663 0
37664 1
37665 0
37666 1
37667 2
37668 1
37669 2
37670 0
37671 1
37672 0
37673 2
37674 1
37675 0
37676 2
37677 1
37678 0
37679 1
37680 0
37681 1
37682 2
37683 0
37684 1
37685 0
37686 1
37687 2
37688 0
37689 1
37690 0
37691 1
37692 0
37693 1
37694 0
37695 1
37696 0
37697 1
37698 0
37699 1
37700 0
37701 2
37702 1
37703 0
37704 1
37705 2
37706 0
37707 2
37708 0
37709 1
37710 0
37711 1
37712 2
37713 0
37714 2
37715 1
37716 0
37717 1
37718 0
37719 1
37720 2
37721 0
37722 1
37723 0
37724 2
37725 1
37726 0
37727 2
37728 0
37729 2
37730 0
37731 1
37732 0
37733 1
37734 0
37735 1
37736 0
37737 1
37738 0
37739 1
37740 2
37741 0
37742 1
37743 0
37744 2
37745 1
37746 0
37747 2
37748 1
37749 0
37750 1
37751 0
37752 1
37753 0
37754 1
37755 0
37756 2
37757 1
37758 0
37759 2
37760 1
37761 0
37762 1
37763 0
37764 1
37765 2
37766 1
37767 0
37768 1
37769 0
37770 1
37771 0
37772 2
37773 1
37774 2
37775 0
37776 1
37777 2
37778 0
37779 1
37780 0
37781 2
37782 0
37783 1
37784 0
37785 1
37786 2
37787 1
37788 0
37789 1
37790 2
37791 0
37792 1
37793 0
37794 1
37795 2
37796 0
37797 2
37798 1
37799 0
37800 1
37801 0
37802 1
37803 2
37804 0
37805 2
37806 1
37807 0
37808 1
37809 0
37810 1
37811 0
37812 1
37813 0
37814 1
37815 2
37816 0
37817 1
37818 0
37819 1
37820 2
37821 1
37822 0
37823 1
37824 2
37825 0
37826 1
37827 2
37828 0
37829 2
37830 1
37831 0
37832 2
37833 1
37834 0
37835 2
37836 1
37837 2
37838 0
37839 2
37840 1
37841 0
37842 2
37843 1
37844 0
37845 1
37846 2
37847 0
37848 1
37849 0
37850 1
37851 2
37852 1
37853 0
37854 1
37855 2
37856 0
37857 1
37858 0
37859 2
37860 1
37861 0
37862 2
37863 1
37864 2
37865 0
37866 1
37867 0
37868 1
37869 0
37870 1
37871 0
37872 1
37873 0
37874 2
37875 1
37876 0
37877 1
37878 0
37879 1
37880 0
37881 2
37882 1
37883 0
37884 1
37885 2
37886 0
37887 1
37888 0
37889 1
37890 0
37891 2
37892 1
37893 2
37894 0
37895 1
37896 0
37897 1
37898 2
37899 0
37900 2
37901 1
37902 2
37903 0
37904 1
37905 0
37906 1
37907 0
37908 1
37909 0
37910 1
37911 0
37912 1
37913 0
37914 1
37915 0
37916 1
37917 2
37918 0
37919 1
37920 0
37921 2
37922 1
37923 2
37924 0
37925 1
37926 2
37927 0
37928 1
37929 0
37930 2
37931 1
37932 2
37933 1
37934 2
37935 0
37936 2
37937 0
37938 1
37939 0
37940 1
37941 0
37942 1
37943 2
37944 0
37945 3
37946 1
37947 0
37948 1
37949 2
37950 0
37951 1
37952 0
37953 1
37954 0
37955 2
37956 1
37957 0
37958 1
37959 0
37960 1
37961 0
37962 1
37963 0
37964 2
37965 0
37966 1
37967 0
37968 3
37969 1
37970 0
37971 1
37972 0
37973 1
37974 0
37975 1
37976 0
37977 1
37978 0
37979 1
37980 0
37981 1
37982 0
37983 2
37984 0
37985 1
37986 0
37987 2
37988 1
37989 0
37990 1
37991 0
37992 2
37993 0
37994 2
37995 1
37996 0
37997 1
37998 0
37999 1
38000 0
38001 1
38002 0
38003 1
38004 0
38005 1
38006 2
38007 1
38008 0
38009 2
38010 1
38011 0
38012 2
38013 1
38014 0
38015 1
38016 0
38017 1
38018 0
38019 2
38020 1
38021 0
38022 2
38023 1
38024 0
38025 2
38026 1
38027 0
38028 2
38029 1
38030 0
38031 2
38032 1
38033 0
38034 1
38035 2
38036 0
38037 1
38038 0
38039 1
38040 0
38041 1
38042 2
38043 0
38044 1
38045 0
38046 1
38047 0
38048 1
38049 0
38050 2
38051 3
38052 0
38053 2
38054 1
38055 2
38056 1
38057 0
38058 2
38059 0
38060 1
38061 2
38062 0
38063 2
38064 0
38065 2
38066 1
38067 2
38068 0
38069 1
38070 2
38071 0
38072 2
38073 1
38074 2
38075 0
38076 1
38077 0
38078 1
38079 0
38080 1
38081 0
38082 1
38083 0
38084 1
38085 0
38086 1
38087 2
38088 0
38089 2
38090 1
38091 0
38092 1
38093 0
38094 1
38095 0
38096 1
38097 0
38098 1
38099 2
38100 0
38101 2
38102 1
38103 0
38104 2
38105 0
38106 1
38107 2
38108 0
38109 2
38110 1
38111 0
38112 2
38113 0
38114 1
38115 2
38116 0
38117 2
38118 1
38119 0
38120 1
38121 0
38122 2
38123 1
38124 0
38125 1
38126 0
38127 1
38128 0
38129 1
38130 2
38131 0
38132 1
38133 2
38134 0
38135 1
38136 0
38137 1
38138 2
38139 1
38140 0
38141 2
38142 1
38143 2
38144 0
38145 1
38146 2
38147 1
38148 2
38149 0
38150 1
38151 0
38152 1
38153 0
38154 1
38155 0
38156 1
38157 0
38158 1
38159 2
38160 1
38161 0
38162 1
38163 2
38164 0
38165 2
38166 1
38167 0
38168 1
38169 2
38170 1
38171 2
38172 1
38173 2
38174 0
38175 2
38176 1
38177 2
38178 0
38179 1
38180 0
38181 1
38182 0
38183 2
38184 1
38185 0
38186 1
38187 2
38188 1
38189 0
38190 1
38191 0
38192 1
38193 0
38194 1
38195 0
38196 1
38197 2
38198 0
38199 1
38200 0
38201 1
38202 2
38203 0
38204 1
38205 0
38206 1
38207 0
38208 1
38209 0
38210 2
38211 1
38212 2
38213 0
38214 1
38215 0
38216 1
38217 0
38218 1
38219 2
38220 0
38221 1
38222 0
38223 1
38224 0
38225 2
38226 1
38227 0
38228 2
38229 1
38230 0
38231 1
38232 0
38233 1
38234 2
38235 0
38236 2
38237 0
38238 1
38239 0
38240 2
38241 1
38242 0
38243 2
38244 1
38245 2
38246 0
38247 1
38248 2
38249 1
38250 0
38251 2
38252 0
38253 1
38254 0
38255 1
38256 2
38257 1
38258 0
38259 2
38260 1
38261 0
38262 1
38263 0
38264 1
38265 0
38266 2
38267 1
38268 2
38269 0
38270 1
38271 2
38272 1
38273 0
38274 2
38275 1
38276 2
38277 1
38278 0
38279 1
38280 2
38281 1
38282 2
38283 0
38284 1
38285 0
38286 1
38287 2
38288 0
38289 1
38290 0
38291 1
38292 0
38293 1
38294 0
38295 1
38296 0
38297 1
38298 0
38299 1
38300 0
38301 2
38302 1
38303 2
38304 3
38305 0
38306 1
38307 2
38308 1
38309 0
38310 1
38311 2
38312 0
38313 2
38314 0
38315 1
38316 0
38317 1
38318 0
38319 1
38320 0
38321 1
38322 2
38323 1
38324 0
38325 1
38326 2
38327 0
38328 1
38329 0
38330 2
38331 1
38332 2
38333 1
38334 0
38335 1
38336 0
38337 1
38338 0
38339 2
38340 1
38341 2
38342 0
38343 2
38344 1
38345 0
38346 2
38347 1
38348 2
38349 0
38350 1
38351 0
38352 2
38353 0
38354 2
38355 1
38356 2
38357 0
38358 1
38359 2
38360 0
38361 1
38362 0
38363 1
38364 0
38365 1
38366 0
38367 1
38368 0
38369 1
38370 2
38371 0
38372 2
38373 1
38374 2
38375 1
38376 2
38377 1
38378 0
38379 1
38380 0
38381 1
38382 0
38383 1
38384 0
38385 1
38386 0
38387 1
38388 0
38389 1
38390 0
38391 1
38392 0
38393 2
38394 0
38395 1
38396 0
38397 2
38398 1
38399 2
38400 1
38401 0
38402 1
38403 2
38404 0
38405 1
38406 0
38407 1
38408 0
38409 1
38410 0
38411 1
38412 2
38413 0
38414 1
38415 0
38416 1
38417 0
38418 1
38419 0
38420 1
38421 0
38422 1
38423 0
38424 1
38425 0
38426 1
38427 2
38428 3
38429 0
38430 1
38431 2
38432 1
38433 0
38434 2
38435 1
38436 2
38437 1
38438 0
38439 2
38440 1
38441 0
38442 1
38443 0
38444 2
38445 1
38446 2
38447 1
38448 0
38449 2
38450 1
38451 2
38452 0
38453 1
38454 0
38455 1
38456 0
38457 1
38458 0
38459 1
38460 2
38461 0
38462 2
38463 1
38464 2
38465 0
38466 1
38467 0
38468 1
38469 0
38470 1
38471 2
38472 0
38473 2
38474 1
38475 0
38476 2
38477 0
38478 1
38479 0
38480 1
38481 2
38482 0
38483 1
38484 0
38485 1
38486 0
38487 1
38488 0
38489 2
38490 0
38491 2
38492 0
38493 1
38494 0
38495 1
38496 0
38497 1
38498 0
38499 1
38500 0
38501 1
38502 0
38503 1
38504 0
38505 1
38506 0
38507 1
38508 0
38509 1
38510 0
38511 1
38512 2
38513 1
38514 2
38515 0
38516 1
38517 2
38518 0
38519 1
38520 0
38521 1
38522 2
38523 0
38524 1
38525 0
38526 2
38527 0
38528 2
38529 1
38530 2
38531 0
38532 1
38533 2
38534 0
38535 1
38536 0
38537 1
38538 0
38539 1
38540 0
38541 2
38542 1
38543 2
38544 0
38545 1
38546 0
38547 2
38548 0
38549 2
38550 1
38551 0
38552 2
38553 1
38554 0
38555 2
38556 1
38557 0
38558 1
38559 0
38560 2
38561 0
38562 1
38563 0
38564 1
38565 0
38566 1
38567 0
38568 1
38569 2
38570 0
38571 1
38572 2
38573 0
38574 1
38575 0
38576 1
38577 0
38578 2
38579 1
38580 2
38581 0
38582 1
38583 0
38584 1
38585 0
38586 1
38587 2
38588 0
38589 1
38590 2
38591 1
38592 0
38593 1
38594 0
38595 2
38596 0
38597 1
38598 0
38599 1
38600 2
38601 0
38602 2
38603 1
38604 0
38605 2
38606 1
38607 2
38608 1
38609 0
38610 1
38611 0
38612 1
38613 2
38614 0
38615 1
38616 0
38617 2
38618 1
38619 0
38620 1
38621 2
38622 0
38623 1
38624 0
38625 1
38626 0
38627 1
38628 2
38629 0
38630 2
38631 1
38632 0
38633 2
38634 1
38635 0
38636 1
38637 0
38638 1
38639 0
38640 2
38641 1
38642 2
38643 1
38644 2
38645 3
38646 0
38647 1
38648 2
38649 0
38650 2
38651 1
38652 0
38653 1
38654 0
38655 2
38656 1
38657 2
38658 1
38659 0
38660 1
38661 0
38662 2
38663 1
38664 0
38665 1
38666 0
38667 2
38668 1
38669 2
38670 0
38671 1
38672 0
38673 1
38674 0
38675 1
38676 0
38677 1
38678 0
38679 1
38680 2
38681 1
38682 0
38683 2
38684 1
38685 2
38686 1
38687 2
38688 1
38689 2
38690 0
38691 1
38692 0
38693 1
38694 0
38695 1
38696 0
38697 1
38698 2
38699 1
38700 0
38701 1
38702 0
38703 1
38704 0
38705 1
38706 0
38707 1
38708 2
38709 0
38710 1
38711 2
38712 0
38713 2
38714 1
38715 0
38716 2
38717 0
38718 1
38719 2
38720 1
38721 0
38722 1
38723 0
38724 1
38725 0
38726 1
38727 0
38728 2
38729 1
38730 0
38731 1
38732 2
38733 0
38734 2
38735 1
38736 0
38737 2
38738 1
38739 2
38740 0
38741 2
38742 1
38743 0
38744 1
38745 0
38746 1
38747 2
38748 0
38749 1
38750 2
38751 1
38752 0
38753 1
38754 0
38755 1
38756 0
38757 1
38758 0
38759 2
38760 0
38761 2
38762 1
38763 0
38764 1
38765 2
38766 0
38767 1
38768 2
38769 1
38770 0
38771 1
38772 0
38773 1
38774 0
38775 2
38776 1
38777 0
38778 1
38779 2
38780 0
38781 1
38782 0
38783 1
38784 0
38785 1
38786 0
38787 1
38788 0
38789 1
38790 2
38791 0
38792 1
38793 0
38794 2
38795 1
38796 0
38797 1
38798 0
38799 2
38800 1
38801 0
38802 2
38803 1
38804 2
38805 1
38806 2
38807 0
38808 1
38809 0
38810 1
38811 0
38812 1
38813 2
38814 0
38815 1
38816 0
38817 1
38818 2
38819 0
38820 1
38821 2
38822 1
38823 2
38824 3
38825 1
38826 0
38827 1
38828 2
38829 1
38830 2
38831 0
38832 2
38833 1
38834 2
38835 0
38836 2
38837 1
38838 0
38839 1
38840 2
38841 0
38842 1
38843 2
38844 0
38845 2
38846 1
38847 0
38848 1
38849 0
38850 1
38851 2
38852 0
38853 2
38854 0
38855 2
38856 1
38857 2
38858 0
38859 1
38860 0
38861 1
38862 2
38863 0
38864 1
38865 0
38866 2
38867 1
38868 2
38869 3
38870 0
38871 2
38872 1
38873 0
38874 2
38875 0
38876 1
38877 0
38878 2
38879 1
38880 2
38881 0
38882 1
38883 0
38884 1
38885 2
38886 0
38887 1
38888 2
38889 1
38890 0
38891 2
38892 1
38893 0
38894 1
38895 2
38896 1
38897 0
38898 1
38899 0
38900 1
38901 0
38902 1
38903 0
38904 2
38905 1
38906 0
38907 2
38908 0
38909 2
38910 0
38911 1
38912 0
38913 1
38914 2
38915 0
38916 2
38917 1
38918 2
38919 0
38920 2
38921 0
38922 2
38923 0
38924 1
38925 0
38926 1
38927 0
38928 1
38929 2
38930 0
38931 2
38932 1
38933 0
38934 1
38935 0
38936 1
38937 2
38938 1
38939 0
38940 1
38941 0
38942 2
38943 1
38944 0
38945 1
38946 0
38947 1
38948 0
38949 1
38950 0
38951 1
38952 0
38953 1
38954 2
38955 1
38956 0
38957 2
38958 0
38959 1
38960 0
38961 1
38962 0
38963 2
38964 1
38965 0
38966 1
38967 2
38968 0
38969 2
38970 0
38971 2
38972 1
38973 0
38974 1
38975 0
38976 1
38977 0
38978 1
38979 0
38980 1
38981 2
38982 0
38983 1
38984 2
38985 0
38986 2
38987 0
38988 1
38989 0
38990 1
38991 0
38992 1
38993 2
38994 0
38995 1
38996 0
38997 1
38998 0
38999 1
39000 0
39001 1
39002 2
39003 1
39004 2
39005 1
39006 2
39007 1
39008 0
39009 2
39010 1
39011 0
39012 1
39013 0
39014 1
39015 2
39016 0
39017 1
39018 0
39019 1
39020 0
39021 1
39022 0
39023 1
39024 0
39025 1
39026 0
39027 1
39028 2
39029 1
39030 0
39031 2
39032 0
39033 1
39034 0
39035 2
39036 1
39037 2
39038 3
39039 0
39040 2
39041 1
39042 2
39043 1
39044 0
39045 1
39046 2
39047 0
39048 1
39049 0
39050 2
39051 1
39052 2
39053 0
39054 1
39055 0
39056 2
39057 1
39058 2
39059 1
39060 0
39061 1
39062 0
39063 1
39064 2
39065 0
39066 1
39067 2
39068 1
39069 2
39070 1
39071 0
39072 1
39073 0
39074 1
39075 0
39076 2
39077 0
39078 1
39079 0
39080 1
39081 2
39082 0
39083 2
39084 1
39085 0
39086 1
39087 0
39088 2
39089 3
39090 1
39091 0
39092 2
39093 1
39094 2
39095 0
39096 2
39097 0
39098 1
39099 2
39100 0
39101 2
39102 1
39103 2
39104 0
39105 1
39106 2
39107 3
39108 0
39109 2
39110 1
39111 0
39112 1
39113 0
39114 2
39115 1
39116 0
39117 1
39118 0
39119 1
39120 0
39121 1
39122 0
39123 1
39124 0
39125 2
39126 1
39127 0
39128 2
39129 1
39130 0
39131 2
39132 0
39133 1
39134 0
39135 1
39136 0
39137 1
39138 2
39139 0
39140 2
39141 0
39142 1
39143 0
39144 2
39145 0
39146 1
39147 0
39148 1
39149 0
39150 1
39151 0
39152 1
39153 2
39154 0
39155 2
39156 1
39157 2
39158 0
39159 1
39160 0
39161 1
39162 0
39163 1
39164 0
39165 1
39166 0
39167 1
39168 0
39169 2
39170 1
39171 0
39172 1
39173 0
39174 1
39175 0
39176 1
39177 0
39178 1
39179 2
39180 0
39181 1
39182 0
39183 2
39184 1
39185 2
39186 0
39187 1
39188 2
39189 0
39190 2
39191 1
39192 0
39193 1
39194 0
39195 2
39196 0
39197 1
39198 0
39199 1
39200 0
39201 2
39202 1
39203 0
39204 1
39205 0
39206 2
39207 1
39208 2
39209 0
39210 2
39211 1
39212 2
39213 0
39214 1
39215 2
39216 1
39217 0
39218 1
39219 0
39220 1
39221 0
39222 1
39223 0
39224 1
39225 0
39226 1
39227 0
39228 2
39229 1
39230 0
39231 2
39232 0
39233 1
39234 2
39235 0
39236 1
39237 3
39238 2
39239 1
39240 0
39241 1
39242 0
39243 1
39244 0
39245 2
39246 1
39247 2
39248 0
39249 1
39250 0
39251 1
39252 0
39253 2
39254 1
39255 2
39256 0
39257 1
39258 2
39259 0
39260 2
39261 1
39262 2
39263 1
39264 2
39265 1
39266 0
39267 1
39268 2
39269 0
39270 1
39271 2
39272 0
39273 1
39274 2
39275 1
39276 0
39277 1
39278 0
39279 1
39280 2
39281 0
39282 2
39283 1
39284 2
39285 0
39286 2
39287 0
39288 1
39289 0
39290 1
39291 0
39292 1
39293 2
39294 0
39295 2
39296 1
39297 2
39298 1
39299 0
39300 2
39301 1
39302 0
39303 2
39304 1
39305 0
39306 1
39307 0
39308 1
39309 0
39310 1
39311 0
39312 1
39313 0
39314 2
39315 0
39316 1
39317 0
39318 1
39319 0
39320 1
39321 0
39322 2
39323 1
39324 0
39325 1
39326 2
39327 0
39328 1
39329 2
39330 1
39331 2
39332 1
39333 0
39334 1
39335 0
39336 1
39337 0
39338 1
39339 0
39340 2
39341 1
39342 0
39343 1
39344 0
39345 1
39346 0
39347 1
39348 2
39349 0
39350 1
39351 2
39352 0
39353 2
39354 0
39355 1
39356 0
39357 2
39358 1
39359 0
39360 2
39361 1
39362 2
39363 1
39364 0
39365 2
39366 1
39367 2
39368 0
39369 1
39370 0
39371 1
39372 0
39373 2
39374 0
39375 1
39376 2
39377 0
39378 1
39379 0
39380 1
39381 2
39382 0
39383 1
39384 0
39385 1
39386 0
39387 2
39388 1
39389 2
39390 1
39391 0
39392 2
39393 1
39394 0
39395 1
39396 2
39397 1
39398 0
39399 1
39400 0
39401 1
39402 0
39403 1
39404 0
39405 2
39406 1
39407 0
39408 2
39409 1
39410 0
39411 1
39412 0
39413 2
39414 1
39415 2
39416 0
39417 2
39418 1
39419 2
39420 0
39421 1
39422 2
39423 1
39424 0
39425 1
39426 0
39427 2
39428 1
39429 2
39430 1
39431 0
39432 1
39433 0
39434 1
39435 0
39436 1
39437 0
39438 1
39439 0
39440 1
39441 0
39442 1
39443 2
39444 0
39445 1
39446 2
39447 0
39448 1
39449 0
39450 1
39451 0
39452 1
39453 2
39454 0
39455 2
39456 1
39457 2
39458 0
39459 2
39460 1
39461 0
39462 1
39463 0
39464 1
39465 0
39466 1
39467 0
39468 1
39469 0
39470 1
39471 2
39472 0
39473 1
39474 2
39475 0
39476 1
39477 0
39478 2
39479 1
39480 0
39481 1
39482 2
39483 0
39484 1
39485 0
39486 1
39487 0
39488 2
39489 0
39490 2
39491 1
39492 0
39493 1
39494 2
39495 0
39496 1
39497 2
39498 0
39499 2
39500 1
39501 0
39502 1
39503 2
39504 3
39505 1
39506 0
39507 1
39508 0
39509 1
39510 0
39511 1
39512 0
39513 2
39514 1
39515 0
39516 1
39517 2
39518 0
39519 1
39520 2
39521 1
39522 0
39523 1
39524 0
39525 1
39526 0
39527 2
39528 0
39529 1
39530 2
39531 1
39532 0
39533 1
39534 2
39535 1
39536 2
39537 1
39538 2
39539 0
39540 1
39541 0
39542 2
39543 0
39544 1
39545 0
39546 1
39547 0
39548 1
39549 0
39550 1
39551 0
39552 2
39553 1
39554 0
39555 1
39556 0
39557 2
39558 1
39559 0
39560 2
39561 0
39562 2
39563 1
39564 0
39565 2
39566 1
39567 0
39568 1
39569 2
39570 0
39571 1
39572 0
39573 1
39574 0
39575 1
39576 0
39577 1
39578 2
39579 1
39580 0
39581 2
39582 1
39583 2
39584 0
39585 2
39586 1
39587 0
39588 1
39589 2
39590 1
39591 0
39592 2
39593 0
39594 1
39595 0
39596 1
39597 2
39598 1
39599 0
39600 1
39601 0
39602 2
39603 1
39604 0
39605 3
39606 2
39607 1
39608 2
39609 0
39610 1
39611 2
39612 0
39613 1
39614 2
39615 0
39616 1
39617 0
39618 1
39619 2
39620 0
39621 1
39622 0
39623 1
39624 0
39625 1
39626 0
39627 2
39628 0
39629 2
39630 0
39631 1
39632 2
39633 1
39634 2
39635 0
39636 1
39637 0
39638 2
39639 1
39640 0
39641 1
39642 2
39643 1
39644 2
39645 3
39646 0
39647 1
39648 0
39649 1
39650 0
39651 1
39652 0
39653 2
39654 1
39655 0
39656 1
39657 0
39658 2
39659 1
39660 2
39661 0
39662 1
39663 2
39664 0
39665 1
39666 0
39667 2
39668 1
39669 2
39670 1
39671 0
39672 1
39673 0
39674 1
39675 0
39676 1
39677 0
39678 1
39679 0
39680 2
39681 1
39682 2
39683 1
39684 0
39685 1
39686 0
39687 1
39688 0
39689 2
39690 1
39691 0
39692 2
39693 1
39694 2
39695 1
39696 0
39697 1
39698 2
39699 0
39700 1
39701 0
39702 1
39703 2
39704 0
39705 1
39706 0
39707 2
39708 1
39709 0
39710 1
39711 0
39712 2
39713 1
39714 0
39715 1
39716 2
39717 0
39718 1
39719 0
39720 1
39721 2
39722 1
39723 0
39724 2
39725 1
39726 0
39727 2
39728 1
39729 0
39730 1
39731 2
39732 0
39733 1
39734 0
39735 1
39736 0
39737 1
39738 2
39739 0
39740 2
39741 1
39742 2
39743 0
39744 1
39745 2
39746 1
39747 0
39748 2
39749 1
39750 2
39751 1
39752 0
39753 1
39754 2
39755 0
39756 2
39757 1
39758 2
39759 0
39760 1
39761 0
39762 2
39763 1
39764 0
39765 1
39766 2
39767 1
39768 0
39769 1
39770 0
39771 1
39772 2
39773 1
39774 0
39775 1
39776 0
39777 1
39778 2
39779 0
39780 1
39781 0
39782 2
39783 1
39784 0
39785 2
39786 1
39787 0
39788 2
39789 1
39790 0
39791 2
39792 0
39793 2
39794 1
39795 0
39796 1
39797 0
39798 2
39799 1
39800 0
39801 1
39802 0
39803 1
39804 0
39805 1
39806 2
39807 0
39808 1
39809 0
39810 1
39811 0
39812 1
39813 2
39814 0
39815 2
39816 1
39817 0
39818 1
39819 2
39820 0
39821 1
39822 0
39823 1
39824 0
39825 1
39826 0
39827 2
39828 1
39829 0
39830 2
39831 1
39832 2
39833 0
39834 1
39835 0
39836 1
39837 0
39838 1
39839 2
39840 1
39841 0
39842 1
39843 2
39844 0
39845 1
39846 2
39847 1
39848 0
39849 1
39850 0
39851 1
39852 0
39853 1
39854 2
39855 0
39856 1
39857 0
39858 1
39859 0
39860 1
39861 0
39862 2
39863 1
39864 0
39865 1
39866 2
39867 1
39868 2
39869 0
39870 2
39871 1
39872 0
39873 1
39874 0
39875 1
39876 0
39877 1
39878 0
39879 1
39880 0
39881 2
39882 1
39883 0
39884 2
39885 1
39886 2
39887 1
39888 0
39889 1
39890 0
39891 1
39892 0
39893 1
39894 0
39895 2
39896 1
39897 0
39898 2
39899 0
39900 2
39901 0
39902 1
39903 2
39904 0
39905 1
39906 0
39907 1
39908 0
39909 1
39910 2
39911 0
39912 1
39913 0
39914 1
39915 0
39916 1
39917 0
39918 2
39919 1
39920 0
39921 1
39922 0
39923 1
39924 0
39925 2
39926 0
39927 2
39928 1
39929 0
39930 2
39931 1
39932 0
39933 2
39934 1
39935 0
39936 2
39937 1
39938 0
39939 1
39940 0
39941 1
39942 0
39943 1
39944 2
39945 1
39946 0
39947 1
39948 0
39949 1
39950 0
39951 1
39952 2
39953 3
39954 0
39955 1
39956 0
39957 1
39958 0
39959 1
39960 0
39961 2
39962 1
39963 0
39964 1
39965 0
39966 1
39967 0
39968 2
39969 1
39970 2
39971 0
39972 1
39973 2
39974 0
39975 1
39976 0
39977 1
39978 2
39979 0
39980 1
39981 2
39982 0
39983 2
39984 0
39985 1
39986 0
39987 1
39988 0
39989 2
39990 1
39991 0
39992 1
39993 2
39994 1
39995 0
39996 2
39997 1
39998 2
39999 0
40000 1
40001 0
40002 2
40003 1
40004 0
40005 1
40006 2
40007 0
40008 2
40009 1
40010 2
40011 0
40012 1
40013 2
40014 0
40015 1
40016 0
40017 1
40018 0
40019 1
40020 0
40021 2
40022 1
40023 2
40024 1
40025 0
40026 2
40027 1
40028 2
40029 0
40030 1
40031 0
40032 1
40033 0
40034 2
40035 1
40036 2
40037 1
40038 0
40039 2
40040 1
40041 0
40042 1
40043 2
40044 1
40045 0
40046 1
40047 0
40048 2
40049 0
40050 1
40051 0
40052 1
40053 2
40054 0
40055 1
40056 0
40057 1
40058 0
40059 1
40060 0
40061 1
40062 2
40063 0
40064 1
40065 0
40066 1
40067 0
40068 1
40069 0
40070 1
40071 0
40072 1
40073 0
40074 1
40075 0
40076 1
40077 0
40078 1
40079 0
40080 1
40081 2
40082 3
40083 0
40084 1
40085 0
40086 1
40087 0
40088 2
40089 1
40090 2
40091 3
40092 0
40093 1
40094 0
40095 3
40096 0
40097 1
40098 0
40099 1
40100 2
40101 0
40102 2
40103 0
40104 2
40105 1
40106 2
40107 1
40108 0
40109 2
40110 1
40111 2
40112 1
40113 2
40114 1
40115 0
40116 1
40117 0
40118 1
40119 0
40120 1
40121 0
40122 1
40123 0
40124 1
40125 2
40126 0
40127 1
40128 2
40129 0
40130 1
40131 2
40132 1
40133 2
40134 0
40135 1
40136 0
40137 1
40138 0
40139 1
40140 0
40141 1
40142 2
40143 0
40144 2
40145 1
40146 2
40147 0
40148 2
40149 0
40150 1
40151 0
40152 1
40153 0
40154 1
40155 0
40156 2
40157 0
40158 1
40159 0
40160 2
40161 1
40162 0
40163 1
40164 2
40165 0
40166 1
40167 2
40168 0
40169 1
40170 2
40171 0
40172 1
40173 0
40174 1
40175 0
40176 3
40177 1
40178 0
40179 2
40180 3
40181 1
40182 0
40183 1
40184 2
40185 1
40186 0
40187 2
40188 1
40189 0
40190 2
40191 1
40192 2
40193 0
40194 1
40195 2
40196 0
40197 1
40198 0
40199 1
40200 2
40201 0
40202 1
40203 2
40204 0
40205 1
40206 0
40207 1
40208 2
40209 0
40210 1
40211 2
40212 0
40213 2
40214 0
40215 1
40216 0
40217 1
40218 0
40219 2
40220 1
40221 0
40222 1
40223 2
40224 0
40225 1
40226 0
40227 1
40228 0
40229 1
40230 0
40231 1
40232 0
40233 1
40234 2
40235 0
40236 1
40237 2
40238 0
40239 1
40240 2
40241 1
40242 2
40243 0
40244 1
40245 0
40246 1
40247 0
40248 1
40249 0
40250 2
40251 1
40252 0
40253 1
40254 2
40255 0
40256 2
40257 3
40258 1
40259 0
40260 1
40261 2
40262 1
40263 0
40264 1
40265 2
40266 0
40267 1
40268 0
40269 1
40270 0
40271 2
40272 1
40273 2
40274 0
40275 1
40276 2
40277 0
40278 1
40279 0
40280 1
40281 0
40282 1
40283 0
40284 1
40285 0
40286 1
40287 0
40288 1
40289 2
40290 0
40291 2
40292 0
40293 1
40294 0
40295 1
40296 2
40297 0
40298 2
40299 0
40300 1
40301 2
40302 0
40303 2
40304 1
40305 2
40306 0
40307 1
40308 2
40309 1
40310 0
40311 1
40312 2
40313 0
40314 1
40315 0
40316 1
40317 2
40318 0
40319 1
40320 0
40321 1
40322 2
40323 0
40324 2
40325 1
40326 2
40327 0
40328 1
40329 0
40330 1
40331 2
40332 0
40333 2
40334 0
40335 1
40336 0
40337 1
40338 0
40339 1
40340 0
40341 2
40342 1
40343 0
40344 1
40345 0
40346 1
40347 0
40348 1
40349 0
40350 2
40351 3
40352 0
40353 1
40354 0
40355 1
40356 2
40357 0
40358 1
40359 0
40360 1
40361 2
40362 0
40363 1
40364 0
40365 1
40366 2
40367 0
40368 1
40369 0
40370 1
40371 0
40372 2
40373 1
40374 2
40375 1
40376 0
40377 1
40378 0
40379 1
40380 0
40381 1
40382 0
40383 1
40384 0
40385 1
40386 2
40387 0
40388 1
40389 2
40390 0
40391 1
40392 2
40393 0
40394 2
40395 0
40396 1
40397 0
40398 1
40399 2
40400 1
40401 0
40402 1
40403 0
40404 2
40405 1
40406 0
40407 1
40408 0
40409 1
40410 2
40411 1
40412 0
40413 1
40414 2
40415 0
40416 1
40417 2
40418 0
40419 1
40420 0
40421 1
40422 2
40423 0
40424 1
40425 0
40426 1
40427 2
40428 0
40429 1
40430 2
40431 0
40432 1
40433 2
40434 0
40435 1
40436 0
40437 1
40438 0
40439 2
40440 1
40441 0
40442 1
40443 0
40444 1
40445 0
40446 1
40447 2
40448 0
40449 1
40450 0
40451 1
40452 3
40453 2
40454 0
40455 1
40456 0
40457 2
40458 1
40459 2
40460 0
40461 2
40462 1
40463 0
40464 2
40465 1
40466 2
40467 1
40468 0
40469 1
40470 0
40471 2
40472 1
40473 2
40474 0
40475 1
40476 2
40477 1
40478 0
40479 1
40480 2
40481 0
40482 1
40483 2
40484 0
40485 1
40486 0
40487 2
40488 1
40489 0
40490 1
40491 0
40492 1
40493 2
40494 0
40495 2
40496 0
40497 1
40498 2
40499 1
40500 0
40501 1
40502 0
40503 1
40504 0
40505 2
40506 3
40507 0
40508 2
40509 1
40510 0
40511 1
40512 0
40513 1
40514 0
40515 1
40516 0
40517 2
40518 1
40519 0
40520 2
40521 1
40522 2
40523 0
40524 1
40525 2
40526 0
40527 1
40528 2
40529 0
40530 2
40531 1
40532 0
40533 1
40534 0
40535 1
40536 2
40537 1
40538 2
40539 0
40540 1
40541 0
40542 2
40543 1
40544 2
40545 1
40546 0
40547 1
40548 0
40549 1
40550 0
40551 2
40552 0
40553 1
40554 0
40555 1
40556 0
40557 1
40558 0
40559 2
40560 1
40561 0
40562 1
40563 2
40564 0
40565 1
40566 0
40567 2
40568 3
40569 1
40570 2
40571 0
40572 1
40573 2
40574 0
40575 2
40576 1
40577 2
40578 1
40579 0
40580 1
40581 2
40582 1
40583 2
40584 1
40585 0
40586 1
40587 2
40588 1
40589 0
40590 2
40591 1
40592 2
40593 1
40594 0
40595 1
40596 0
40597 1
40598 0
40599 2
40600 1
40601 0
40602 2
40603 0
40604 1
40605 2
40606 0
40607 1
40608 0
40609 1
40610 0
40611 1
40612 2
40613 3
40614 1
40615 2
40616 0
40617 1
40618 2
40619 0
40620 1
40621 2
40622 0
40623 1
40624 0
40625 2
40626 1
40627 2
40628 1
40629 0
40630 1
40631 2
40632 0
40633 1
40634 0
40635 1
40636 0
40637 1
40638 0
40639 1
40640 0
40641 1
40642 0
40643 2
40644 1
40645 2
40646 0
40647 1
40648 0
40649 1
40650 0
40651 1
40652 2
40653 1
40654 2
40655 1
40656 2
40657 0
40658 1
40659 2
40660 1
40661 0
40662 1
40663 0
40664 1
40665 0
40666 1
40667 0
40668 1
40669 2
40670 0
40671 1
40672 0
40673 2
40674 1
40675 2
40676 1
40677 0
40678 2
40679 1
40680 0
40681 2
40682 1
40683 2
40684 0
40685 3
40686 2
40687 0
40688 1
40689 0
40690 2
40691 1
40692 0
40693 2
40694 1
40695 2
40696 1
40697 0
40698 1
40699 0
40700 1
40701 0
40702 1
40703 0
40704 2
40705 1
40706 2
40707 1
40708 0
40709 1
40710 0
40711 2
40712 1
40713 0
40714 1
40715 2
40716 0
40717 2
40718 1
40719 0
40720 1
40721 0
40722 2
40723 0
40724 2
40725 0
40726 2
40727 0
40728 1
40729 2
40730 0
40731 1
40732 2
40733 0
40734 1
40735 0
40736 1
40737 0
40738 2
40739 1
40740 2
40741 0
40742 1
40743 0
40744 1
40745 0
40746 2
40747 1
40748 0
40749 1
40750 0
40751 2
40752 1
40753 2
40754 0
40755 1
40756 0
40757 1
40758 0
40759 1
40760 0
40761 1
40762 0
40763 1
40764 2
40765 0
40766 2
40767 1
40768 2
40769 1
40770 2
40771 0
40772 1
40773 2
40774 0
40775 1
40776 2
40777 0
40778 1
40779 2
40780 1
40781 2
40782 0
40783 1
40784 2
40785 0
40786 2
40787 1
40788 2
40789 1
40790 0
40791 1
40792 0
40793 1
40794 2
40795 0
40796 1
40797 0
40798 2
40799 1
40800 2
40801 1
40802 0
40803 1
40804 0
40805 1
40806 0
40807 2
40808 1
40809 0
40810 1
40811 0
40812 1
40813 2
40814 1
40815 2
40816 0
40817 1
40818 0
40819 1
40820 0
40821 2
40822 1
40823 0
40824 2
40825 1
40826 0
40827 1
40828 0
40829 1
40830 0
40831 1
40832 0
40833 1
40834 0
40835 1
40836 0
40837 2
40838 1
40839 2
40840 0
40841 2
40842 1
40843 2
40844 0
40845 1
40846 0
40847 1
40848 0
40849 1
40850 0
40851 1
40852 0
40853 1
40854 0
40855 1
40856 0
40857 1
40858 2
40859 0
40860 1
40861 2
40862 0
40863 1
40864 2
40865 0
40866 2
40867 1
40868 0
40869 2
40870 1
40871 0
40872 1
40873 3
40874 0
40875 1
40876 0
40877 1
40878 2
40879 0
40880 2
40881 1
40882 2
40883 0
40884 1
40885 0
40886 1
40887 0
40888 1
40889 0
40890 1
40891 0
40892 1
40893 0
40894 1
40895 0
40896 2
40897 0
40898 1
40899 0
40900 1
40901 2
40902 0
40903 1
40904 2
40905 0
40906 1
40907 0
40908 1
40909 0
40910 1
40911 0
40912 1
40913 0
40914 2
40915 1
40916 0
40917 1
40918 0
40919 1
40920 0
40921 1
40922 2
40923 0
40924 2
40925 0
40926 2
40927 1
40928 2
40929 0
40930 1
40931 0
40932 1
40933 0
40934 1
40935 0
40936 1
40937 2
40938 0
40939 1
40940 0
40941 1
40942 0
40943 2
40944 1
40945 0
40946 1
40947 2
40948 1
40949 0
40950 2
40951 1
40952 2
40953 0
40954 2
40955 1
40956 0
40957 2
40958 3
40959 1
40960 0
40961 1
40962 0
40963 1
40964 0
40965 1
40966 2
40967 0
40968 1
40969 0
40970 1
40971 0
40972 2
40973 1
40974 0
40975 1
40976 0
40977 2
40978 1
40979 0
40980 2
40981 0
40982 1
40983 0
40984 1
40985 0
40986 2
40987 1
40988 0
40989 2
40990 0
40991 1
40992 0
40993 1
40994 0
40995 1
40996 2
40997 0
40998 2
40999 1
41000 0
41001 1
41002 0
41003 1
41004 2
41005 0
41006 1
41007 0
41008 1
41009 0
41010 1
41011 0
41012 2
41013 1
41014 0
41015 2
41016 0
41017 1
41018 0
41019 2
41020 1
41021 2
41022 1
41023 0
41024 1
41025 0
41026 1
41027 0
41028 3
41029 1
41030 2
41031 0
41032 2
41033 1
41034 0
41035 2
41036 1
41037 2
41038 0
41039 1
41040 2
41041 0
41042 1
41043 0
41044 1
41045 0
41046 2
41047 1
41048 0
41049 2
41050 1
41051 2
41052 1
41053 0
41054 1
41055 0
41056 2
41057 0
41058 2
41059 1
41060 0
41061 2
41062 1
41063 0
41064 1
41065 2
41066 0
41067 2
41068 1
41069 2
41070 0
41071 1
41072 0
41073 2
41074 1
41075 0
41076 2
41077 1
41078 0
41079 1
41080 0
41081 2
41082 1
41083 0
41084 1
41085 2
41086 1
41087 0
41088 2
41089 1
41090 0
41091 1
41092 0
41093 1
41094 0
41095 1
41096 0
41097 1
41098 0
41099 2
41100 0
41101 1
41102 0
41103 1
41104 0
41105 2
41106 0
41107 1
41108 0
41109 1
41110 0
41111 1
41112 0
41113 1
41114 2
41115 0
41116 1
41117 2
41118 0
41119 1
41120 0
41121 2
41122 1
41123 0
41124 2
41125 0
41126 1
41127 2
41128 0
41129 1
41130 0
41131 1
41132 2
41133 0
41134 1
41135 0
41136 1
41137 0
41138 2
41139 1
41140 0
41141 1
41142 0
41143 1
41144 0
41145 1
41146 0
41147 1
41148 0
41149 2
41150 1
41151 2
41152 0
41153 1
41154 2
41155 0
41156 1
41157 0
41158 1
41159 2
41160 1
41161 0
41162 1
41163 0
41164 1
41165 2
41166 0
41167 1
41168 0
41169 1
41170 0
41171 2
41172 1
41173 2
41174 0
41175 1
41176 2
41177 0
41178 2
41179 1
41180 2
41181 0
41182 1
41183 2
41184 0
41185 1
41186 0
41187 1
41188 2
41189 0
41190 1
41191 0
41192 1
41193 2
41194 0
41195 2
41196 1
41197 2
41198 1
41199 2
41200 0
41201 2
41202 1
41203 0
41204 1
41205 0
41206 1
41207 0
41208 2
41209 1
41210 0
41211 1
41212 2
41213 0
41214 2
41215 0
41216 3
41217 2
41218 1
41219 0
41220 1
41221 2
41222 0
41223 2
41224 1
41225 2
41226 1
41227 0
41228 2
41229 0
41230 2
41231 1
41232 0
41233 1
41234 0
41235 1
41236 0
41237 1
41238 2
41239 3
41240 0
41241 1
41242 0
41243 1
41244 2
41245 0
41246 1
41247 0
41248 1
41249 0
41250 1
41251 0
41252 1
41253 0
41254 2
41255 1
41256 0
41257 1
41258 0
41259 1
41260 2
41261 0
41262 1
41263 0
41264 1
41265 2
41266 0
41267 1
41268 0
41269 1
41270 0
41271 1
41272 0
41273 2
41274 1
41275 0
41276 1
41277 2
41278 0
41279 1
41280 0
41281 2
41282 1
41283 2
41284 0
41285 1
41286 2
41287 0
41288 1
41289 0
41290 2
41291 1
41292 0
41293 2
41294 1
41295 2
41296 0
41297 2
41298 0
41299 1
41300 2
41301 0
41302 1
41303 0
41304 1
41305 2
41306 0
41307 2
41308 1
41309 2
41310 0
41311 1
41312 0
41313 1
41314 0
41315 1
41316 0
41317 1
41318 0
41319 1
41320 0
41321 1
41322 0
41323 1
41324 0
41325 1
41326 0
41327 2
41328 0
41329 1
41330 2
41331 0
41332 1
41333 0
41334 1
41335 0
41336 2
41337 1
41338 0
41339 2
41340 1
41341 2
41342 0
41343 1
41344 0
41345 2
41346 1
41347 0
41348 1
41349 0
41350 1
41351 2
41352 0
41353 1
41354 0
41355 1
41356 2
41357 0
41358 2
41359 1
41360 0
41361 1
41362 0
41363 2
41364 1
41365 0
41366 1
41367 2
41368 0
41369 1
41370 0
41371 1
41372 0
41373 2
41374 1
41375 0
41376 1
41377 2
41378 1
41379 0
41380 2
41381 1
41382 2
41383 1
41384 0
41385 1
41386 0
41387 1
41388 0
41389 1
41390 0
41391 1
41392 2
41393 0
41394 1
41395 0
41396 2
41397 0
41398 1
41399 2
41400 0
41401 2
41402 1
41403 0
41404 2
41405 0
41406 2
41407 0
41408 1
41409 0
41410 1
41411 2
41412 0
41413 2
41414 3
41415 0
41416 2
41417 1
41418 0
41419 1
41420 0
41421 1
41422 0
41423 1
41424 0
41425 1
41426 0
41427 1
41428 0
41429 1
41430 3
41431 2
41432 0
41433 1
41434 0
41435 1
41436 2
41437 0
41438 2
41439 1
41440 0
41441 1
41442 0
41443 1
41444 0
41445 1
41446 0
41447 1
41448 2
41449 0
41450 1
41451 0
41452 2
41453 1
41454 2
41455 0
41456 1
41457 0
41458 1
41459 2
41460 1
41461 0
41462 1
41463 2
41464 0
41465 1
41466 2
41467 0
41468 1
41469 0
41470 1
41471 2
41472 0
41473 1
41474 2
41475 0
41476 1
41477 2
41478 1
41479 0
41480 1
41481 0
41482 1
41483 0
41484 1
41485 0
41486 1
41487 0
41488 1
41489 0
41490 1
41491 0
41492 1
41493 0
41494 1
41495 0
41496 1
41497 0
41498 1
41499 0
41500 1
41501 0
41502 2
41503 1
41504 0
41505 1
41506 0
41507 1
41508 0
41509 1
41510 0
41511 2
41512 1
41513 2
41514 0
41515 1
41516 0
41517 1
41518 0
41519 2
41520 0
41521 1
41522 2
41523 0
41524 2
41525 1
41526 0
41527 1
41528 0
41529 1
41530 0
41531 2
41532 1
41533 0
41534 1
41535 2
41536 0
41537 1
41538 2
41539 0
41540 1
41541 2
41542 0
41543 1
41544 2
41545 0
41546 1
41547 0
41548 2
41549 1
41550 2
41551 0
41552 1
41553 0
41554 1
41555 0
41556 1
41557 2
41558 0
41559 2
41560 1
41561 0
41562 2
41563 1
41564 2
41565 0
41566 1
41567 0
41568 1
41569 0
41570 2
41571 0
41572 1
41573 2
41574 0
41575 1
41576 2
41577 1
41578 0
41579 1
41580 2
41581 1
41582 0
41583 1
41584 0
41585 1
41586 0
41587 2
41588 1
41589 2
41590 0
41591 1
41592 0
41593 1
41594 0
41595 1
41596 0
41597 2
41598 0
41599 2
41600 1
41601 0
41602 1
41603 2
41604 1
41605 2
41606 0
41607 2
41608 0
41609 1
41610 2
41611 1
41612 0
41613 2
41614 1
41615 2
41616 1
41617 0
41618 2
41619 0
41620 1
41621 2
41622 1
41623 0
41624 1
41625 0
41626 2
41627 1
41628 0
41629 1
41630 0
41631 1
41632 2
41633 0
41634 1
41635 0
41636 1
41637 0
41638 2
41639 1
41640 0
41641 2
41642 1
41643 2
41644 1
41645 0
41646 1
41647 0
41648 1
41649 0
41650 1
41651 2
41652 1
41653 2
41654 0
41655 2
41656 1
41657 2
41658 0
41659 1
41660 2
41661 0
41662 1
41663 0
41664 2
41665 1
41666 0
41667 1
41668 0
41669 2
41670 1
41671 2
41672 0
41673 1
41674 2
41675 0
41676 1
41677 0
41678 1
41679 0
41680 2
41681 0
41682 1
41683 2
41684 0
41685 1
41686 0
41687 1
41688 2
41689 0
41690 1
41691 0
41692 1
41693 0
41694 2
41695 0
41696 1
41697 0
41698 1
41699 0
41700 1
41701 0
41702 2
41703 1
41704 0
41705 1
41706 0
41707 1
41708 0
41709 2
41710 1
41711 2
41712 0
41713 2
41714 1
41715 0
41716 1
41717 0
41718 1
41719 2
41720 0
41721 2
41722 1
41723 0
41724 2
41725 3
41726 0
41727 1
41728 0
41729 1
41730 0
41731 1
41732 2
41733 0
41734 1
41735 0
41736 2
41737 1
41738 0
41739 2
41740 1
41741 2
41742 0
41743 1
41744 0
41745 2
41746 0
41747 1
41748 0
41749 2
41750 0
41751 2
41752 1
41753 0
41754 1
41755 2
41756 0
41757 1
41758 0
41759 1
41760 2
41761 1
41762 0
41763 1
41764 0
41765 1
41766 0
41767 1
41768 0
41769 1
41770 0
41771 2
41772 0
41773 2
41774 1
41775 0
41776 1
41777 2
41778 1
41779 2
41780 0
41781 1
41782 2
41783 1
41784 2
41785 0
41786 1
41787 0
41788 1
41789 0
41790 2
41791 1
41792 2
41793 0
41794 1
41795 0
41796 2
41797 0
41798 2
41799 1
41800 0
41801 1
41802 0
41803 1
41804 0
41805 1
41806 0
41807 2
41808 1
41809 2
41810 1
41811 0
41812 1
41813 2
41814 0
41815 1
41816 0
41817 1
41818 0
41819 2
41820 1
41821 2
41822 0
41823 1
41824 0
41825 1
41826 0
41827 2
41828 1
41829 0
41830 1
41831 0
41832 1
41833 2
41834 0
41835 1
41836 0
41837 1
41838 0
41839 1
41840 0
41841 1
41842 2
41843 0
41844 2
41845 0
41846 1
41847 0
41848 1
41849 2
41850 0
41851 2
41852 0
41853 1
41854 0
41855 1
41856 0
41857 1
41858 2
41859 1
41860 0
41861 1
41862 2
41863 0
41864 1
41865 0
41866 1
41867 0
41868 1
41869 0
41870 2
41871 1
41872 0
41873 1
41874 2
41875 0
41876 1
41877 0
41878 1
41879 0
41880 1
41881 2
41882 0
41883 1
41884 2
41885 1
41886 2
41887 1
41888 2
41889 0
41890 1
41891 0
41892 1
41893 2
41894 0
41895 1
41896 2
41897 1
41898 2
41899 0
41900 2
41901 1
41902 2
41903 0
41904 2
41905 0
41906 1
41907 2
41908 3
41909 0
41910 1
41911 0
41912 1
41913 0
41914 1
41915 0
41916 1
41917 0
41918 1
41919 2
41920 0
41921 1
41922 0
41923 1
41924 0
41925 1
41926 0
41927 1
41928 2
41929 1
41930 0
41931 2
41932 1
41933 2
41934 1
41935 0
41936 2
41937 0
41938 1
41939 2
41940 1
41941 2
41942 0
41943 2
41944 3
41945 0
41946 1
41947 2
41948 0
41949 1
41950 2
41951 1
41952 2
41953 0
41954 2
41955 0
41956 1
41957 0
41958 1
41959 2
41960 0
41961 1
41962 0
41963 1
41964 0
41965 1
41966 0
41967 1
41968 0
41969 1
41970 0
41971 1
41972 2
41973 0
41974 2
41975 1
41976 0
41977 2
41978 1
41979 2
41980 0
41981 1
41982 0
41983 1
41984 0
41985 1
41986 0
41987 1
41988 2
41989 0
41990 1
41991 2
41992 1
41993 0
41994 1
41995 0
41996 1
41997 2
41998 0
41999 2
42000 1
42001 2
42002 1
42003 2
42004 0
42005 1
42006 0
42007 2
42008 1
42009 0
42010 1
42011 0
42012 1
42013 2
42014 1
42015 0
42016 1
42017 0
42018 1
42019 2
42020 3
42021 0
42022 2
42023 1
42024 0
42025 1
42026 0
42027 2
42028 1
42029 0
42030 1
42031 2
42032 0
42033 1
42034 2
42035 3
42036 0
42037 1
42038 0
42039 1
42040 0
42041 2
42042 0
42043 1
42044 0
42045 2
42046 0
42047 2
42048 0
42049 2
42050 1
42051 0
42052 1
42053 0
42054 1
42055 0
42056 2
42057 1
42058 0
42059 1
42060 0
42061 2
42062 1
42063 2
42064 0
42065 2
42066 1
42067 2
42068 0
42069 1
42070 2
42071 1
42072 0
42073 1
42074 2
42075 0
42076 1
42077 0
42078 1
42079 2
42080 0
42081 1
42082 0
42083 1
42084 0
42085 1
42086 0
42087 1
42088 2
42089 0
42090 1
42091 0
42092 1
42093 2
42094 0
42095 2
42096 0
42097 2
42098 1
42099 2
42100 1
42101 0
42102 2
42103 1
42104 2
42105 0
42106 1
42107 0
42108 1
42109 0
42110 1
42111 2
42112 1
42113 0
42114 2
42115 1
42116 2
42117 0
42118 1
42119 2
42120 0
42121 2
42122 1
42123 0
42124 1
42125 0
42126 2
42127 1
42128 0
42129 2
42130 0
42131 2
42132 1
42133 0
42134 1
42135 0
42136 2
42137 1
42138 0
42139 1
42140 0
42141 1
42142 0
42143 2
42144 1
42145 0
42146 2
42147 1
42148 0
42149 1
42150 0
42151 1
42152 0
42153 1
42154 2
42155 0
42156 1
42157 0
42158 2
42159 1
42160 0
42161 1
42162 0
42163 1
42164 0
42165 2
42166 1
42167 0
42168 2
42169 1
42170 0
42171 2
42172 1
42173 2
42174 0
42175 1
42176 2
42177 0
42178 1
42179 0
42180 1
42181 2
42182 0
42183 1
42184 2
42185 0
42186 1
42187 2
42188 0
42189 1
42190 0
42191 1
42192 0
42193 1
42194 0
42195 1
42196 2
42197 0
42198 1
42199 2
42200 0
42201 1
42202 0
42203 1
42204 2
42205 3
42206 2
42207 1
42208 0
42209 1
42210 0
42211 1
42212 0
42213 1
42214 2
42215 0
42216 1
42217 0
42218 2
42219 1
42220 0
42221 2
42222 1
42223 0
42224 2
42225 1
42226 2
42227 1
42228 0
42229 1
42230 0
42231 1
42232 0
42233 1
42234 2
42235 0
42236 1
42237 0
42238 1
42239 0
42240 1
42241 0
42242 1
42243 2
42244 0
42245 2
42246 1
42247 0
42248 1
42249 0
42250 1
42251 2
42252 0
42253 2
42254 1
42255 0
42256 1
42257 0
42258 1
42259 2
42260 0
42261 1
42262 0
42263 1
42264 0
42265 1
42266 0
42267 2
42268 1
42269 2
42270 0
42271 1
42272 0
42273 1
42274 2
42275 0
42276 2
42277 1
42278 2
42279 0
42280 1
42281 2
42282 0
42283 1
42284 2
42285 1
42286 2
42287 0
42288 1
42289 2
42290 1
42291 0
42292 1
42293 0
42294 1
42295 0
42296 1
42297 0
42298 2
42299 0
42300 2
42301 1
42302 0
42303 1
42304 2
42305 0
42306 1
42307 2
42308 0
42309 2
42310 1
42311 2
42312 0
42313 2
42314 1
42315 0
42316 1
42317 2
42318 1
42319 0
42320 1
42321 2
42322 1
42323 0
42324 2
42325 0
42326 2
42327 1
42328 2
42329 1
42330 2
42331 0
42332 1
42333 0
42334 2
42335 1
42336 0
42337 2
42338 1
42339 2
42340 1
42341 0
42342 1
42343 0
42344 1
42345 0
42346 2
42347 1
42348 2
42349 0
42350 1
42351 0
42352 2
42353 1
42354 0
42355 2
42356 1
42357 2
42358 1
42359 2
42360 0
42361 1
42362 2
42363 0
42364 1
42365 0
42366 1
42367 0
42368 1
42369 0
42370 1
42371 0
42372 1
42373 0
42374 1
42375 0
42376 1
42377 0
42378 1
42379 0
42380 2
42381 1
42382 0
42383 1
42384 0
42385 2
42386 1
42387 0
42388 1
42389 2
42390 0
42391 2
42392 1
42393 0
42394 2
42395 1
42396 0
42397 1
42398 0
42399 2
42400 1
42401 0
42402 1
42403 2
42404 0
42405 1
42406 0
42407 2
42408 1
42409 0
42410 1
42411 0
42412 1
42413 0
42414 1
42415 2
42416 0
42417 1
42418 2
42419 0
42420 2
42421 1
42422 2
42423 0
42424 1
42425 0
42426 1
42427 0
42428 1
42429 2
42430 0
42431 2
42432 0
42433 1
42434 2
42435 3
42436 1
42437 2
42438 1
42439 0
42440 1
42441 2
42442 3
42443 1
42444 0
42445 1
42446 0
42447 1
42448 2
42449 0
42450 1
42451 2
42452 0
42453 1
42454 0
42455 2
42456 1
42457 0
42458 2
42459 1
42460 2
42461 1
42462 2
42463 0
42464 1
42465 2
42466 1
42467 0
42468 1
42469 0
42470 2
42471 1
42472 0
42473 1
42474 0
42475 1
42476 2
42477 0
42478 2
42479 0
42480 1
42481 0
42482 2
42483 1
42484 0
42485 1
42486 0
42487 2
42488 1
42489 2
42490 0
42491 1
42492 2
42493 1
42494 0
42495 1
42496 0
42497 2
42498 0
42499 1
42500 0
42501 2
42502 1
42503 0
42504 1
42505 0
42506 1
42507 0
42508 2
42509 0
42510 1
42511 0
42512 2
42513 1
42514 2
42515 0
42516 1
42517 2
42518 1
42519 2
42520 1
42521 0
42522 1
42523 0
42524 2
42525 1
42526 0
42527 1
42528 2
42529 1
42530 0
42531 2
42532 0
42533 1
42534 2
42535 3
42536 1
42537 2
42538 1
42539 2
42540 0
42541 1
42542 0
42543 1
42544 0
42545 2
42546 1
42547 2
42548 0
42549 2
42550 1
42551 2
42552 0
42553 1
42554 2
42555 0
42556 2
42557 0
42558 2
42559 1
42560 2
42561 0
42562 1
42563 0
42564 1
42565 2
42566 0
42567 1
42568 0
42569 1
42570 0
42571 1
42572 2
42573 0
42574 1
42575 0
42576 1
42577 0
42578 1
42579 2
42580 0
42581 1
42582 0
42583 1
42584 2
42585 0
42586 1
42587 0
42588 1
42589 0
42590 1
42591 0
42592 1
42593 0
42594 2
42595 1
42596 2
42597 0
42598 2
42599 1
42600 0
42601 1
42602 0
42603 2
42604 0
42605 1
42606 0
42607 1
42608 2
42609 1
42610 2
42611 0
42612 1
42613 2
42614 0
42615 2
42616 1
42617 0
42618 1
42619 2
42620 1
42621 0
42622 1
42623 0
42624 2
42625 1
42626 2
42627 1
42628 0
42629 1
42630 0
42631 2
42632 0
42633 2
42634 1
42635 2
42636 0
42637 1
42638 0
42639 1
42640 2
42641 0
42642 2
42643 1
42644 0
42645 1
42646 0
42647 1
42648 0
42649 1
42650 2
42651 1
42652 0
42653 1
42654 2
42655 1
42656 0
42657 1
42658 0
42659 1
42660 0
42661 1
42662 0
42663 1
42664 0
42665 1
42666 0
42667 2
42668 1
42669 2
42670 0
42671 1
42672 0
42673 1
42674 0
42675 1
42676 0
42677 1
42678 0
42679 2
42680 1
42681 0
42682 1
42683 0
42684 2
42685 1
42686 2
42687 0
42688 1
42689 2
42690 1
42691 0
42692 1
42693 0
42694 2
42695 1
42696 0
42697 2
42698 1
42699 0
42700 1
42701 2
42702 0
42703 1
42704 2
42705 0
42706 2
42707 1
42708 0
42709 1
42710 0
42711 2
42712 1
42713 2
42714 1
42715 0
42716 2
42717 1
42718 2
42719 0
42720 2
42721 1
42722 2
42723 1
42724 2
42725 1
42726 0
42727 2
42728 1
42729 0
42730 2
42731 0
42732 1
42733 0
42734 2
42735 1
42736 0
42737 1
42738 0
42739 1
42740 0
42741 1
42742 2
42743 1
42744 2
42745 1
42746 2
42747 0
42748 1
42749 0
42750 1
42751 2
42752 3
42753 1
42754 0
42755 2
42756 1
42757 0
42758 1
42759 2
42760 1
42761 0
42762 1
42763 0
42764 2
42765 1
42766 0
42767 2
42768 1
42769 2
42770 1
42771 0
42772 2
42773 1
42774 0
42775 1
42776 0
42777 1
42778 0
42779 1
42780 0
42781 1
42782 0
42783 1
42784 0
42785 1
42786 0
42787 1
42788 0
42789 1
42790 2
42791 0
42792 1
42793 0
42794 1
42795 2
42796 0
42797 2
42798 0
42799 2
42800 1
42801 2
42802 1
42803 2
42804 0
42805 1
42806 2
42807 0
42808 1
42809 2
42810 1
42811 2
42812 0
42813 2
42814 0
42815 2
42816 1
42817 0
42818 2
42819 1
42820 2
42821 0
42822 2
42823 1
42824 2
42825 0
42826 2
42827 1
42828 2
42829 0
42830 1
42831 0
42832 1
42833 0
42834 2
42835 1
42836 0
42837 1
42838 0
42839 1
42840 2
42841 0
42842 1
42843 0
42844 1
42845 0
42846 1
42847 2
42848 0
42849 2
42850 1
42851 2
42852 0
42853 2
42854 1
42855 0
42856 2
42857 1
42858 2
42859 0
42860 1
42861 0
42862 2
42863 0
42864 2
42865 1
42866 0
42867 1
42868 0
42869 1
42870 0
42871 1
42872 2
42873 1
42874 0
42875 1
42876 0
42877 2
42878 0
42879 1
42880 2
42881 0
42882 1
42883 0
42884 1
42885 2
42886 1
42887 0
42888 1
42889 2
42890 0
42891 1
42892 0
42893 1
42894 2
42895 0
42896 2
42897 1
42898 0
42899 1
42900 2
42901 0
42902 2
42903 0
42904 2
42905 0
42906 1
42907 0
42908 2
42909 1
42910 0
42911 1
42912 2
42913 0
42914 1
42915 0
42916 1
42917 0
42918 2
42919 0
42920 1
42921 2
42922 0
42923 1
42924 0
42925 2
42926 1
42927 2
42928 0
42929 1
42930 0
42931 1
42932 0
42933 1
42934 0
42935 1
42936 2
42937 0
42938 2
42939 0
42940 1
42941 0
42942 1
42943 2
42944 0
42945 2
42946 0
42947 1
42948 0
42949 1
42950 0
42951 2
42952 1
42953 0
42954 2
42955 1
42956 0
42957 1
42958 2
42959 0
42960 2
42961 1
42962 0
42963 1
42964 0
42965 1
42966 0
42967 1
42968 2
42969 0
42970 1
42971 0
42972 1
42973 0
42974 1
42975 2
42976 0
42977 1
42978 2
42979 0
42980 1
42981 0
42982 1
42983 2
42984 1
42985 0
42986 2
42987 1
42988 0
42989 2
42990 0
42991 1
42992 0
42993 2
42994 0
42995 2
42996 0
42997 1
42998 0
42999 1
43000 0
43001 1
43002 2
43003 0
43004 1
43005 2
43006 1
43007 0
43008 1
43009 0
43010 2
43011 1
43012 2
43013 0
43014 1
43015 0
43016 1
43017 0
43018 1
43019 0
43020 1
43021 0
43022 1
43023 0
43024 1
43025 0
43026 1
43027 0
43028 2
43029 1
43030 2
43031 0
43032 1
43033 0
43034 1
43035 2
43036 1
43037 2
43038 1
43039 0
43040 2
43041 1
43042 0
43043 2
43044 0
43045 1
43046 2
43047 0
43048 1
43049 2
43050 1
43051 2
43052 0
43053 2
43054 0
43055 2
43056 1
43057 2
43058 0
43059 1
43060 2
43061 0
43062 1
43063 0
43064 1
43065 2
43066 1
43067 0
43068 1
43069 2
43070 1
43071 2
43072 1
43073 2
43074 0
43075 1
43076 0
43077 2
43078 0
43079 1
43080 0
43081 1
43082 0
43083 1
43084 2
43085 0
43086 1
43087 0
43088 1
43089 2
43090 0
43091 2
43092 1
43093 2
43094 0
43095 1
43096 0
43097 1
43098 2
43099 1
43100 0
43101 1
43102 2
43103 0
43104 1
43105 0
43106 1
43107 0
43108 1
43109 0
43110 1
43111 0
43112 2
43113 1
43114 2
43115 0
43116 2
43117 1
43118 0
43119 1
43120 0
43121 1
43122 0
43123 1
43124 2
43125 0
43126 2
43127 1
43128 0
43129 1
43130 0
43131 1
43132 2
43133 0
43134 1
43135 0
43136 1
43137 0
43138 1
43139 0
43140 2
43141 1
43142 0
43143 2
43144 1
43145 0
43146 1
43147 0
43148 2
43149 1
43150 2
43151 0
43152 2
43153 1
43154 0
43155 1
43156 0
43157 1
43158 0
43159 1
43160 0
43161 2
43162 1
43163 2
43164 3
43165 1
43166 0
43167 2
43168 0
43169 1
43170 0
43171 2
43172 0
43173 1
43174 2
43175 0
43176 2
43177 1
43178 0
43179 2
43180 1
43181 2
43182 0
43183 2
43184 1
43185 0
43186 2
43187 1
43188 2
43189 0
43190 1
43191 2
43192 0
43193 2
43194 0
43195 1
43196 2
43197 0
43198 1
43199 0
43200 2
43201 0
43202 2
43203 1
43204 2
43205 0
43206 1
43207 0
43208 1
43209 0
43210 1
43211 2
43212 1
43213 2
43214 0
43215 1
43216 2
43217 0
43218 1
43219 0
43220 1
43221 0
43222 1
43223 2
43224 1
43225 0
43226 2
43227 1
43228 2
43229 0
43230 1
43231 2
43232 0
43233 2
43234 0
43235 2
43236 1
43237 0
43238 1
43239 0
43240 1
43241 0
43242 1
43243 0
43244 1
43245 2
43246 1
43247 2
43248 1
43249 0
43250 1
43251 0
43252 1
43253 2
43254 1
43255 0
43256 1
43257 2
43258 1
43259 0
43260 2
43261 1
43262 2
43263 1
43264 0
43265 1
43266 0
43267 2
43268 1
43269 0
43270 1
43271 0
43272 1
43273 0
43274 2
43275 1
43276 2
43277 0
43278 1
43279 2
43280 0
43281 2
43282 0
43283 1
43284 0
43285 1
43286 0
43287 1
43288 2
43289 0
43290 2
43291 1
43292 0
43293 2
43294 0
43295 2
43296 1
43297 2
43298 0
43299 2
43300 0
43301 1
43302 0
43303 1
43304 2
43305 0
43306 1
43307 0
43308 1
43309 0
43310 1
43311 0
43312 1
43313 2
43314 0
43315 2
43316 0
43317 1
43318 0
43319 2
43320 1
43321 0
43322 2
43323 1
43324 2
43325 0
43326 2
43327 1
43328 0
43329 1
43330 0
43331 2
43332 1
43333 2
43334 1
43335 0
43336 2
43337 1
43338 0
43339 2
43340 1
43341 2
43342 1
43343 2
43344 0
43345 1
43346 2
43347 1
43348 0
43349 2
43350 1
43351 0
43352 2
43353 0
43354 1
43355 2
43356 0
43357 1
43358 2
43359 1
43360 0
43361 1
43362 2
43363 1
43364 0
43365 2
43366 1
43367 2
43368 1
43369 2
43370 0
43371 1
43372 0
43373 1
43374 0
43375 1
43376 0
43377 1
43378 2
43379 0
43380 1
43381 0
43382 2
43383 1
43384 2
43385 0
43386 1
43387 2
43388 0
43389 1
43390 0
43391 1
43392 0
43393 2
43394 1
43395 0
43396 1
43397 2
43398 1
43399 0
43400 2
43401 1
43402 2
43403 1
43404 0
43405 1
43406 0
43407 1
43408 0
43409 2
43410 1
43411 2
43412 0
43413 1
43414 0
43415 2
43416 1
43417 0
43418 1
43419 0
43420 1
43421 0
43422 2
43423 0
43424 1
43425 0
43426 1
43427 0
43428 1
43429 0
43430 1
43431 0
43432 1
43433 0
43434 2
43435 0
43436 1
43437 0
43438 1
43439 0
43440 1
43441 2
43442 0
43443 2
43444 0
43445 1
43446 2
43447 0
43448 2
43449 1
43450 0
43451 1
43452 0
43453 1
43454 0
43455 2
43456 1
43457 2
43458 0
43459 1
43460 2
43461 0
43462 1
43463 0
43464 1
43465 2
43466 0
43467 1
43468 0
43469 1
43470 2
43471 3
43472 0
43473 1
43474 0
43475 1
43476 0
43477 1
43478 0
43479 2
43480 1
43481 2
43482 0
43483 1
43484 0
43485 1
43486 2
43487 0
43488 2
43489 3
43490 1
43491 2
43492 1
43493 2
43494 0
43495 2
43496 0
43497 1
43498 0
43499 1
43500 0
43501 1
43502 0
43503 1
43504 0
43505 1
43506 0
43507 2
43508 1
43509 0
43510 1
43511 2
43512 0
43513 1
43514 0
43515 1
43516 2
43517 3
43518 1
43519 0
43520 1
43521 2
43522 0
43523 1
43524 2
43525 0
43526 1
43527 2
43528 0
43529 1
43530 0
43531 1
43532 0
43533 2
43534 1
43535 0
43536 1
43537 0
43538 1
43539 2
43540 0
43541 1
43542 0
43543 1
43544 0
43545 2
43546 0
43547 1
43548 0
43549 1
43550 0
43551 1
43552 2
43553 0
43554 1
43555 0
43556 2
43557 1
43558 0
43559 1
43560 2
43561 0
43562 1
43563 0
43564 1
43565 0
43566 1
43567 2
43568 1
43569 2
43570 1
43571 2
43572 1
43573 2
43574 1
43575 0
43576 2
43577 1
43578 0
43579 2
43580 1
43581 2
43582 1
43583 2
43584 0
43585 1
43586 0
43587 1
43588 2
43589 0
43590 2
43591 1
43592 0
43593 1
43594 0
43595 1
43596 0
43597 2
43598 1
43599 2
43600 0
43601 1
43602 0
43603 2
43604 1
43605 2
43606 0
43607 1
43608 0
43609 1
43610 2
43611 0
43612 2
43613 0
43614 1
43615 2
43616 1
43617 0
43618 1
43619 0
43620 1
43621 2
43622 1
43623 2
43624 0
43625 2
43626 1
43627 2
43628 0
43629 1
43630 0
43631 1
43632 0
43633 1
43634 0
43635 2
43636 0
43637 1
43638 0
43639 1
43640 2
43641 0
43642 1
43643 0
43644 2
43645 1
43646 2
43647 0
43648 2
43649 1
43650 2
43651 3
43652 1
43653 0
43654 1
43655 0
43656 1
43657 0
43658 1
43659 0
43660 2
43661 1
43662 0
43663 2
43664 0
43665 1
43666 2
43667 0
43668 2
43669 0
43670 1
43671 0
43672 2
43673 1
43674 0
43675 1
43676 0
43677 2
43678 1
43679 0
43680 1
43681 0
43682 1
43683 2
43684 0
43685 2
43686 0
43687 1
43688 0
43689 1
43690 0
43691 2
43692 1
43693 0
43694 1
43695 0
43696 1
43697 0
43698 1
43699 0
43700 1
43701 2
43702 1
43703 0
43704 1
43705 2
43706 0
43707 1
43708 2
43709 1
43710 2
43711 0
43712 1
43713 0
43714 1
43715 2
43716 0
43717 1
43718 2
43719 0
43720 1
43721 2
43722 1
43723 0
43724 1
43725 0
43726 2
43727 1
43728 0
43729 1
43730 0
43731 2
43732 1
43733 0
43734 1
43735 0
43736 1
43737 2
43738 0
43739 2
43740 0
43741 1
43742 0
43743 1
43744 0
43745 2
43746 1
43747 0
43748 1
43749 0
43750 2
43751 1
43752 2
43753 0
43754 1
43755 0
43756 1
43757 0
43758 2
43759 0
43760 2
43761 0
43762 2
43763 3
43764 1
43765 0
43766 1
43767 0
43768 1
43769 0
43770 1
43771 0
43772 1
43773 0
43774 2
43775 1
43776 0
43777 1
43778 2
43779 1
43780 0
43781 1
43782 0
43783 1
43784 2
43785 0
43786 1
43787 0
43788 2
43789 1
43790 0
43791 1
43792 0
43793 1
43794 2
43795 0
43796 1
43797 0
43798 2
43799 1
43800 0
43801 1
43802 2
43803 0
43804 1
43805 0
43806 1
43807 2
43808 0
43809 1
43810 2
43811 1
43812 0
43813 1
43814 0
43815 1
43816 0
43817 1
43818 2
43819 0
43820 2
43821 1
43822 2
43823 3
43824 1
43825 2
43826 3
43827 1
43828 2
43829 0
43830 2
43831 1
43832 2
43833 0
43834 1
43835 0
43836 1
43837 2
43838 1
43839 0
43840 1
43841 0
43842 1
43843 2
43844 1
43845 0
43846 1
43847 2
43848 0
43849 2
43850 0
43851 1
43852 0
43853 1
43854 0
43855 1
43856 0
43857 1
43858 0
43859 1
43860 2
43861 0
43862 2
43863 1
43864 0
43865 1
43866 0
43867 1
43868 0
43869 1
43870 0
43871 1
43872 0
43873 1
43874 0
43875 2
43876 1
43877 2
43878 0
43879 1
43880 0
43881 1
43882 2
43883 0
43884 1
43885 0
43886 1
43887 0
43888 2
43889 0
43890 2
43891 1
43892 0
43893 1
43894 2
43895 1
43896 0
43897 2
43898 1
43899 2
43900 0
43901 2
43902 1
43903 2
43904 0
43905 2
43906 1
43907 0
43908 2
43909 1
43910 0
43911 1
43912 0
43913 1
43914 0
43915 2
43916 1
43917 2
43918 0
43919 1
43920 2
43921 1
43922 2
43923 0
43924 1
43925 0
43926 1
43927 2
43928 0
43929 2
43930 1
43931 2
43932 0
43933 1
43934 0
43935 2
43936 1
43937 0
43938 1
43939 0
43940 2
43941 1
43942 0
43943 2
43944 0
43945 1
43946 2
43947 0
43948 1
43949 0
43950 1
43951 0
43952 2
43953 1
43954 2
43955 0
43956 1
43957 0
43958 1
43959 0
43960 1
43961 0
43962 2
43963 1
43964 0
43965 1
43966 0
43967 1
43968 0
43969 1
43970 2
43971 1
43972 0
43973 1
43974 0
43975 1
43976 2
43977 1
43978 2
43979 0
43980 2
43981 0
43982 1
43983 2
43984 1
43985 0
43986 2
43987 1
43988 2
43989 0
43990 2
43991 1
43992 0
43993 1
43994 2
43995 0
43996 1
43997 0
43998 2
43999 0
44000 2
44001 0
44002 2
44003 1
44004 2
44005 0
44006 2
44007 1
44008 0
44009 1
44010 0
44011 1
44012 0
44013 1
44014 2
44015 0
44016 1
44017 0
44018 1
44019 0
44020 1
44021 0
44022 1
44023 0
44024 2
44025 0
44026 1
44027 0
44028 2
44029 0
44030 2
44031 0
44032 1
44033 0
44034 2
44035 1
44036 2
44037 0
44038 2
44039 1
44040 0
44041 2
44042 0
44043 1
44044 2
44045 0
44046 2
44047 1
44048 2
44049 0
44050 1
44051 0
44052 1
44053 0
44054 1
44055 2
44056 1
44057 0
44058 1
44059 2
44060 0
44061 1
44062 0
44063 1
44064 0
44065 2
44066 0
44067 1
44068 0
44069 1
44070 0
44071 2
44072 1
44073 0
44074 1
44075 2
44076 0
44077 2
44078 1
44079 2
44080 1
44081 0
44082 1
44083 2
44084 0
44085 1
44086 0
44087 1
44088 0
44089 1
44090 0
44091 1
44092 0
44093 1
44094 0
44095 1
44096 0
44097 1
44098 0
44099 1
44100 0
44101 1
44102 0
44103 1
44104 0
44105 1
44106 2
44107 1
44108 0
44109 2
44110 1
44111 0
44112 1
44113 0
44114 1
44115 2
44116 1
44117 2
44118 1
44119 2
44120 0
44121 2
44122 1
44123 0
44124 1
44125 0
44126 2
44127 1
44128 0
44129 1
44130 0
44131 1
44132 0
44133 2
44134 0
44135 1
44136 0
44137 2
44138 1
44139 0
44140 1
44141 0
44142 1
44143 2
44144 1
44145 2
44146 0
44147 1
44148 0
44149 1
44150 0
44151 2
44152 0
44153 1
44154 2
44155 1
44156 0
44157 2
44158 1
44159 0
44160 1
44161 2
44162 1
44163 2
44164 0
44165 1
44166 2
44167 0
44168 1
44169 0
44170 1
44171 0
44172 1
44173 0
44174 2
44175 1
44176 0
44177 1
44178 0
44179 2
44180 1
44181 0
44182 2
44183 1
44184 2
44185 0
44186 1
44187 2
44188 0
44189 1
44190 2
44191 1
44192 0
44193 2
44194 0
44195 1
44196 0
44197 2
44198 1
44199 2
44200 1
44201 0
44202 1
44203 2
44204 0
44205 2
44206 0
44207 2
44208 1
44209 2
44210 0
44211 2
44212 0
44213 1
44214 0
44215 2
44216 1
44217 0
44218 1
44219 2
44220 1
44221 0
44222 1
44223 0
44224 2
44225 0
44226 1
44227 0
44228 1
44229 2
44230 0
44231 1
44232 0
44233 1
44234 0
44235 1
44236 0
44237 1
44238 0
44239 1
44240 0
44241 1
44242 0
44243 1
44244 2
44245 0
44246 1
44247 0
44248 1
44249 0
44250 2
44251 1
44252 0
44253 2
44254 1
44255 2
44256 0
44257 1
44258 0
44259 1
44260 0
44261 2
44262 1
44263 0
44264 1
44265 0
44266 1
44267 2
44268 0
44269 2
44270 1
44271 2
44272 0
44273 1
44274 2
44275 0
44276 1
44277 0
44278 1
44279 0
44280 1
44281 2
44282 1
44283 2
44284 1
44285 2
44286 0
44287 1
44288 0
44289 2
44290 1
44291 0
44292 1
44293 0
44294 2
44295 1
44296 2
44297 1
44298 2
44299 0
44300 1
44301 0
44302 1
44303 2
44304 0
44305 2
44306 1
44307 0
44308 1
44309 2
44310 0
44311 2
44312 1
44313 2
44314 0
44315 2
44316 1
44317 2
44318 1
44319 2
44320 1
44321 0
44322 1
44323 0
44324 1
44325 2
44326 0
44327 1
44328 2
44329 0
44330 1
44331 0
44332 1
44333 0
44334 2
44335 1
44336 3
44337 2
44338 1
44339 0
44340 1
44341 0
44342 1
44343 0
44344 1
44345 0
44346 1
44347 2
44348 1
44349 0
44350 1
44351 2
44352 0
44353 1
44354 0
44355 2
44356 1
44357 2
44358 3
44359 1
44360 2
44361 1
44362 0
44363 1
44364 0
44365 2
44366 1
44367 2
44368 0
44369 2
44370 1
44371 0
44372 1
44373 0
44374 1
44375 2
44376 0
44377 1
44378 2
44379 1
44380 2
44381 0
44382 1
44383 0
44384 2
44385 1
44386 0
44387 1
44388 2
44389 0
44390 1
44391 2
44392 1
44393 2
44394 0
44395 1
44396 2
44397 0
44398 2
44399 1
44400 0
44401 1
44402 0
44403 1
44404 0
44405 2
44406 1
44407 2
44408 0
44409 1
44410 0
44411 2
44412 0
44413 1
44414 2
44415 0
44416 1
44417 2
44418 0
44419 1
44420 0
44421 2
44422 3
44423 1
44424 2
44425 0
44426 2
44427 1
44428 2
44429 0
44430 1
44431 0
44432 1
44433 0
44434 1
44435 2
44436 0
44437 1
44438 0
44439 1
44440 2
44441 0
44442 1
44443 0
44444 1
44445 2
44446 0
44447 2
44448 1
44449 0
44450 1
44451 0
44452 1
44453 0
44454 1
44455 0
44456 1
44457 0
44458 2
44459 0
44460 2
44461 1
44462 0
44463 1
44464 0
44465 1
44466 2
44467 1
44468 0
44469 1
44470 0
44471 1
44472 2
44473 0
44474 1
44475 0
44476 1
44477 0
44478 1
44479 2
44480 1
44481 0
44482 2
44483 0
44484 1
44485 2
44486 1
44487 0
44488 2
44489 1
44490 0
44491 1
44492 0
44493 1
44494 0
44495 2
44496 1
44497 0
44498 2
44499 1
44500 0
44501 1
44502 2
44503 0
44504 2
44505 1
44506 3
44507 2
44508 0
44509 1
44510 0
44511 2
44512 1
44513 2
44514 0
44515 1
44516 0
44517 1
44518 0
44519 2
44520 1
44521 0
44522 1
44523 2
44524 0
44525 1
44526 2
44527 0
44528 1
44529 0
44530 1
44531 0
44532 1
44533 0
44534 1
44535 2
44536 1
44537 2
44538 0
44539 1
44540 0
44541 2
44542 0
44543 1
44544 2
44545 0
44546 1
44547 0
44548 1
44549 0
44550 1
44551 0
44552 1
44553 2
44554 0
44555 2
44556 0
44557 1
44558 0
44559 2
44560 1
44561 2
44562 0
44563 1
44564 0
44565 1
44566 2
44567 0
44568 2
44569 0
44570 1
44571 0
44572 1
44573 0
44574 1
44575 0
44576 1
44577 0
44578 1
44579 0
44580 1
44581 0
44582 1
44583 0
44584 1
44585 2
44586 1
44587 0
44588 1
44589 2
44590 0
44591 2
44592 1
44593 2
44594 0
44595 2
44596 1
44597 2
44598 0
44599 1
44600 0
44601 1
44602 0
44603 1
44604 0
44605 1
44606 0
44607 1
44608 0
44609 2
44610 1
44611 0
44612 2
44613 1
44614 2
44615 0
44616 1
44617 0
44618 1
44619 0
44620 1
44621 0
44622 1
44623 2
44624 0
44625 1
44626 0
44627 1
44628 0
44629 1
44630 2
44631 0
44632 2
44633 1
44634 2
44635 0
44636 1
44637 2
44638 0
44639 2
44640 1
44641 0
44642 1
44643 0
44644 1
44645 0
44646 1
44647 0
44648 1
44649 0
44650 1
44651 2
44652 1
44653 0
44654 2
44655 1
44656 0
44657 1
44658 2
44659 0
44660 1
44661 0
44662 1
44663 0
44664 1
44665 2
44666 0
44667 1
44668 0
44669 1
44670 0
44671 1
44672 0
44673 1
44674 0
44675 1
44676 0
44677 1
44678 0
44679 2
44680 1
44681 0
44682 1
44683 2
44684 1
44685 2
44686 1
44687 0
44688 1
44689 0
44690 1
44691 2
44692 1
44693 2
44694 0
44695 2
44696 1
44697 0
44698 3
44699 2
44700 0
44701 1
44702 0
44703 1
44704 0
44705 3
44706 2
44707 0
44708 1
44709 0
44710 1
44711 0
44712 2
44713 1
44714 0
44715 1
44716 2
44717 0
44718 1
44719 0
44720 1
44721 2
44722 0
44723 1
44724 0
44725 2
44726 1
44727 2
44728 0
44729 1
44730 0
44731 1
44732 0
44733 1
44734 0
44735 1
44736 2
44737 0
44738 2
44739 1
44740 2
44741 0
44742 1
44743 0
44744 2
44745 1
44746 0
44747 1
44748 2
44749 1
44750 2
44751 0
44752 1
44753 2
44754 0
44755 1
44756 2
44757 0
44758 1
44759 2
44760 1
44761 0
44762 1
44763 0
44764 1
44765 2
44766 0
44767 2
44768 1
44769 2
44770 0
44771 1
44772 2
44773 0
44774 2
44775 0
44776 2
44777 1
44778 2
44779 1
44780 0
44781 1
44782 2
44783 1
44784 0
44785 2
44786 0
44787 1
44788 0
44789 1
44790 0
44791 1
44792 0
44793 2
44794 1
44795 0
44796 1
44797 0
44798 1
44799 2
44800 0
44801 1
44802 0
44803 1
44804 2
44805 1
44806 0
44807 1
44808 2
44809 0
44810 1
44811 2
44812 0
44813 1
44814 0
44815 2
44816 0
44817 2
44818 1
44819 2
44820 0
44821 1
44822 0
44823 1
44824 0
44825 1
44826 0
44827 1
44828 0
44829 2
44830 1
44831 2
44832 1
44833 2
44834 0
44835 1
44836 3
44837 0
44838 1
44839 0
44840 2
44841 1
44842 0
44843 1
44844 0
44845 1
44846 2
44847 1
44848 2
44849 0
44850 1
44851 0
44852 2
44853 0
44854 2
44855 0
44856 1
44857 0
44858 1
44859 0
44860 1
44861 0
44862 2
44863 0
44864 1
44865 0
44866 1
44867 2
44868 0
44869 1
44870 2
44871 0
44872 1
44873 0
44874 2
44875 1
44876 2
44877 1
44878 0
44879 2
44880 1
44881 0
44882 2
44883 0
44884 1
44885 0
44886 1
44887 2
44888 0
44889 1
44890 0
44891 2
44892 1
44893 2
44894 0
44895 1
44896 0
44897 1
44898 0
44899 1
44900 0
44901 2
44902 1
44903 2
44904 1
44905 0
44906 1
44907 2
44908 1
44909 0
44910 1
44911 0
44912 2
44913 1
44914 2
44915 0
44916 1
44917 0
44918 1
44919 0
44920 2
44921 1
44922 0
44923 2
44924 1
44925 2
44926 1
44927 0
44928 2
44929 0
44930 2
44931 1
44932 0
44933 1
44934 0
44935 1
44936 0
44937 1
44938 0
44939 1
44940 0
44941 2
44942 1
44943 2
44944 0
44945 2
44946 1
44947 0
44948 1
44949 2
44950 0
44951 1
44952 0
44953 1
44954 2
44955 0
44956 1
44957 2
44958 0
44959 2
44960 1
44961 0
44962 1
44963 0
44964 1
44965 0
44966 1
44967 0
44968 1
44969 0
44970 1
44971 2
44972 0
44973 1
44974 0
44975 1
44976 0
44977 1
44978 0
44979 1
44980 0
44981 1
44982 0
44983 2
44984 0
44985 1
44986 2
44987 0
44988 2
44989 1
44990 0
44991 1
44992 0
44993 1
44994 2
44995 1
44996 2
44997 0
44998 1
44999 2
45000 0
45001 2
45002 1
45003 0
45004 2
45005 1
45006 0
45007 1
45008 2
45009 0
45010 1
45011 2
45012 1
45013 0
45014 1
45015 0
45016 1
45017 0
45018 1
45019 2
45020 0
45021 1
45022 2
45023 1
45024 0
45025 2
45026 0
45027 1
45028 0
45029 1
45030 0
45031 1
45032 0
45033 1
45034 2
45035 0
45036 2
45037 1
45038 0
45039 1
45040 2
45041 0
45042 2
45043 1
45044 0
45045 1
45046 0
45047 1
45048 2
45049 0
45050 1
45051 3
45052 2
45053 1
45054 0
45055 1
45056 2
45057 1
45058 0
45059 2
45060 0
45061 1
45062 0
45063 1
45064 0
45065 1
45066 0
45067 1
45068 0
45069 1
45070 0
45071 1
45072 0
45073 1
45074 0
45075 1
45076 0
45077 1
45078 2
45079 0
45080 1
45081 0
45082 2
45083 1
45084 0
45085 1
45086 0
45087 2
45088 0
45089 2
45090 1
45091 2
45092 0
45093 1
45094 2
45095 3
45096 1
45097 0
45098 1
45099 0
45100 1
45101 2
45102 0
45103 1
45104 0
45105 1
45106 2
45107 0
45108 1
45109 0
45110 1
45111 0
45112 1
45113 2
45114 0
45115 1
45116 2
45117 0
45118 1
45119 0
45120 1
45121 0
45122 1
45123 2
45124 0
45125 2
45126 1
45127 0
45128 1
45129 2
45130 1
45131 2
45132 1
45133 2
45134 1
45135 0
45136 2
45137 1
45138 3
45139 2
45140 1
45141 2
45142 0
45143 1
45144 0
45145 2
45146 1
45147 0
45148 1
45149 0
45150 1
45151 0
45152 1
45153 2
45154 0
45155 2
45156 1
45157 2
45158 1
45159 2
45160 0
45161 1
45162 2
45163 0
45164 2
45165 1
45166 0
45167 1
45168 0
45169 1
45170 0
45171 2
45172 1
45173 2
45174 0
45175 1
45176 0
45177 1
45178 2
45179 1
45180 0
45181 1
45182 0
45183 1
45184 2
45185 0
45186 1
45187 2
45188 1
45189 2
45190 1
45191 2
45192 1
45193 0
45194 1
45195 2
45196 0
45197 2
45198 1
45199 0
45200 1
45201 0
45202 1
45203 2
45204 0
45205 1
45206 2
45207 0
45208 1
45209 0
45210 1
45211 0
45212 1
45213 0
45214 2
45215 1
45216 0
45217 1
45218 0
45219 1
45220 2
45221 0
45222 1
45223 0
45224 1
45225 0
45226 1
45227 2
45228 0
45229 1
45230 0
45231 2
45232 1
45233 0
45234 2
45235 1
45236 0
45237 2
45238 1
45239 2
45240 1
45241 0
45242 2
45243 1
45244 2
45245 1
45246 0
45247 1
45248 0
45249 2
45250 1
45251 0
45252 1
45253 0
45254 1
45255 0
45256 1
45257 0
45258 2
45259 1
45260 2
45261 0
45262 1
45263 0
45264 1
45265 0
45266 2
45267 1
45268 0
45269 1
45270 2
45271 0
45272 2
45273 0
45274 1
45275 2
45276 1
45277 0
45278 1
45279 2
45280 0
45281 2
45282 1
45283 0
45284 1
45285 0
45286 1
45287 0
45288 1
45289 2
45290 0
45291 1
45292 2
45293 1
45294 2
45295 1
45296 0
45297 1
45298 0
45299 1
45300 0
45301 2
45302 1
45303 2
45304 1
45305 0
45306 2
45307 1
45308 2
45309 1
45310 0
45311 1
45312 0
45313 1
45314 2
45315 1
45316 0
45317 2
45318 1
45319 0
45320 1
45321 2
45322 0
45323 1
45324 0
45325 1
45326 2
45327 3
45328 1
45329 2
45330 0
45331 1
45332 2
45333 0
45334 1
45335 0
45336 2
45337 1
45338 2
45339 0
45340 2
45341 0
45342 1
45343 2
45344 0
45345 2
45346 0
45347 1
45348 0
45349 1
45350 0
45351 1
45352 0
45353 1
45354 0
45355 2
45356 0
45357 1
45358 0
45359 1
45360 2
45361 0
45362 1
45363 0
45364 1
45365 0
45366 1
45367 0
45368 2
45369 1
45370 0
45371 2
45372 1
45373 2
45374 1
45375 0
45376 1
45377 0
45378 1
45379 2
45380 0
45381 1
45382 0
45383 1
45384 0
45385 2
45386 1
45387 0
45388 2
45389 1
45390 2
45391 0
45392 1
45393 0
45394 2
45395 1
45396 0
45397 1
45398 0
45399 1
45400 2
45401 0
45402 1
45403 2
45404 0
45405 1
45406 0
45407 1
45408 2
45409 0
45410 2
45411 1
45412 0
45413 2
45414 1
45415 0
45416 1
45417 0
45418 1
45419 2
45420 0
45421 1
45422 0
45423 2
45424 1
45425 0
45426 1
45427 2
45428 0
45429 1
45430 2
45431 0
45432 1
45433 0
45434 1
45435 0
45436 1
45437 0
45438 1
45439 0
45440 1
45441 0
45442 1
45443 2
45444 0
45445 1
45446 0
45447 2
45448 1
45449 0
45450 2
45451 1
45452 0
45453 1
45454 0
45455 1
45456 0
45457 1
45458 0
45459 1
45460 2
45461 0
45462 2
45463 1
45464 0
45465 2
45466 1
45467 2
45468 0
45469 1
45470 0
45471 2
45472 1
45473 0
45474 1
45475 2
45476 1
45477 2
45478 1
45479 0
45480 2
45481 1
45482 2
45483 0
45484 1
45485 0
45486 1
45487 2
45488 0
45489 1
45490 0
45491 2
45492 1
45493 0
45494 2
45495 1
45496 2
45497 1
45498 0
45499 1
45500 2
45501 1
45502 0
45503 1
45504 0
45505 1
45506 2
45507 0
45508 1
45509 0
45510 1
45511 2
45512 0
45513 1
45514 2
45515 1
45516 2
45517 1
45518 0
45519 1
45520 0
45521 1
45522 0
45523 1
45524 0
45525 1
45526 0
45527 1
45528 0
45529 1
45530 0
45531 1
45532 0
45533 1
45534 0
45535 2
45536 1
45537 2
45538 1
45539 0
45540 1
45541 2
45542 1
45543 0
45544 2
45545 1
45546 0
45547 1
45548 0
45549 1
45550 0
45551 1
45552 0
45553 2
45554 1
45555 0
45556 1
45557 2
45558 0
45559 2
45560 1
45561 0
45562 2
45563 1
45564 0
45565 1
45566 0
45567 1
45568 0
45569 1
45570 0
45571 2
45572 3
45573 1
45574 0
45575 2
45576 1
45577 0
45578 1
45579 0
45580 1
45581 0
45582 1
45583 0
45584 1
45585 0
45586 1
45587 0
45588 2
45589 1
45590 0
45591 1
45592 0
45593 1
45594 0
45595 1
45596 2
45597 0
45598 1
45599 0
45600 1
45601 0
45602 1
45603 0
45604 1
45605 2
45606 1
45607 2
45608 0
45609 2
45610 0
45611 1
45612 2
45613 1
45614 2
45615 1
45616 0
45617 2
45618 1
45619 0
45620 2
45621 0
45622 1
45623 0
45624 1
45625 2
45626 0
45627 1
45628 0
45629 2
45630 1
45631 2
45632 0
45633 1
45634 2
45635 0
45636 2
45637 1
45638 0
45639 1
45640 2
45641 1
45642 2
45643 3
45644 0
45645 1
45646 2
45647 1
45648 0
45649 2
45650 1
45651 0
45652 1
45653 0
45654 1
45655 0
45656 1
45657 0
45658 1
45659 2
45660 0
45661 1
45662 2
45663 0
45664 1
45665 0
45666 1
45667 2
45668 1
45669 0
45670 2
45671 1
45672 2
45673 1
45674 2
45675 3
45676 0
45677 1
45678 0
45679 1
45680 0
45681 1
45682 0
45683 1
45684 0
45685 1
45686 0
45687 1
45688 2
45689 1
45690 2
45691 0
45692 1
45693 0
45694 1
45695 0
45696 2
45697 1
45698 2
45699 0
45700 1
45701 2
45702 1
45703 0
45704 2
45705 1
45706 0
45707 1
45708 0
45709 2
45710 1
45711 3
45712 2
45713 1
45714 0
45715 1
45716 0
45717 1
45718 0
45719 1
45720 2
45721 0
45722 2
45723 3
45724 1
45725 0
45726 1
45727 2
45728 1
45729 2
45730 0
45731 2
45732 0
45733 1
45734 0
45735 1
45736 2
45737 0
45738 1
45739 0
45740 1
45741 0
45742 2
45743 0
45744 2
45745 1
45746 2
45747 0
45748 2
45749 1
45750 0
45751 1
45752 0
45753 2
45754 1
45755 0
45756 1
45757 0
45758 2
45759 0
45760 1
45761 2
45762 1
45763 2
45764 1
45765 0
45766 1
45767 2
45768 1
45769 0
45770 1
45771 2
45772 0
45773 1
45774 0
45775 1
45776 0
45777 1
45778 0
45779 1
45780 2
45781 0
45782 2
45783 1
45784 2
45785 0
45786 1
45787 0
45788 1
45789 0
45790 2
45791 0
45792 2
45793 1
45794 2
45795 0
45796 1
45797 0
45798 2
45799 1
45800 2
45801 1
45802 2
45803 0
45804 2
45805 3
45806 0
45807 1
45808 2
45809 1
45810 0
45811 1
45812 0
45813 2
45814 1
45815 2
45816 0
45817 1
45818 0
45819 1
45820 0
45821 1
45822 2
45823 0
45824 1
45825 2
45826 0
45827 2
45828 1
45829 2
45830 0
45831 2
45832 1
45833 2
45834 0
45835 1
45836 2
45837 1
45838 2
45839 0
45840 1
45841 0
45842 2
45843 1
45844 0
45845 2
45846 1
45847 2
45848 0
45849 1
45850 0
45851 1
45852 2
45853 0
45854 2
45855 1
45856 0
45857 2
45858 1
45859 0
45860 1
45861 2
45862 0
45863 2
45864 1
45865 2
45866 0
45867 1
45868 3
45869 2
45870 1
45871 2
45872 0
45873 2
45874 0
45875 2
45876 1
45877 2
45878 1
45879 0
45880 1
45881 2
45882 0
45883 1
45884 0
45885 1
45886 2
45887 3
45888 1
45889 0
45890 1
45891 2
45892 0
45893 1
45894 2
45895 0
45896 1
45897 2
45898 0
45899 2
45900 0
45901 1
45902 2
45903 1
45904 0
45905 1
45906 2
45907 0
45908 1
45909 0
45910 2
45911 1
45912 2
45913 1
45914 2
45915 0
45916 1
45917 2
45918 1
45919 0
45920 1
45921 2
45922 0
45923 2
45924 1
45925 0
45926 2
45927 1
45928 0
45929 1
45930 2
45931 1
45932 0
45933 1
45934 0
45935 2
45936 1
45937 2
45938 0
45939 2
45940 1
45941 0
45942 1
45943 2
45944 0
45945 1
45946 0
45947 1
45948 0
45949 2
45950 0
45951 1
45952 2
45953 0
45954 2
45955 1
45956 2
45957 1
45958 0
45959 2
45960 0
45961 1
45962 2
45963 0
45964 2
45965 1
45966 0
45967 2
45968 1
45969 0
45970 1
45971 0
45972 1
45973 0
45974 1
45975 0
45976 2
45977 1
45978 2
45979 1
45980 0
45981 1
45982 0
45983 1
45984 0
45985 1
45986 0
45987 1
45988 0
45989 1
45990 0
45991 1
45992 0
45993 1
45994 2
45995 1
45996 0
45997 1
45998 2
45999 0
46000 1
46001 0
46002 1
46003 0
46004 1
46005 0
46006 1
46007 0
46008 2
46009 1
46010 2
46011 1
46012 0
46013 1
46014 0
46015 1
46016 2
46017 1
46018 0
46019 1
46020 2
46021 0
46022 1
46023 2
46024 0
46025 1
46026 2
46027 0
46028 2
46029 1
46030 0
46031 1
46032 0
46033 1
46034 2
46035 0
46036 1
46037 0
46038 1
46039 0
46040 1
46041 2
46042 0
46043 1
46044 0
46045 1
46046 2
46047 0
46048 2
46049 1
46050 0
46051 1
46052 2
46053 0
46054 1
46055 0
46056 1
46057 0
46058 2
46059 1
46060 2
46061 1
46062 0
46063 1
46064 0
46065 1
46066 0
46067 2
46068 1
46069 2
46070 0
46071 2
46072 0
46073 1
46074 0
46075 2
46076 1
46077 2
46078 1
46079 0
46080 1
46081 2
46082 1
46083 2
46084 0
46085 1
46086 2
46087 1
46088 2
46089 0
46090 1
46091 0
46092 2
46093 1
46094 2
46095 0
46096 1
46097 0
46098 1
46099 0
46100 1
46101 0
46102 2
46103 0
46104 1
46105 0
46106 1
46107 0
46108 1
46109 0
46110 1
46111 2
46112 0
46113 1
46114 0
46115 2
46116 1
46117 2
46118 1
46119 2
46120 0
46121 1
46122 0
46123 2
46124 1
46125 2
46126 0
46127 2
46128 1
46129 2
46130 0
46131 1
46132 0
46133 2
46134 1
46135 2
46136 1
46137 0
46138 1
46139 2
46140 1
46141 2
46142 1
46143 0
46144 2
46145 1
46146 2
46147 0
46148 1
46149 0
46150 2
46151 0
46152 1
46153 2
46154 0
46155 1
46156 0
46157 1
46158 2
46159 0
46160 2
46161 0
46162 1
46163 0
46164 1
46165 0
46166 2
46167 1
46168 0
46169 1
46170 2
46171 0
46172 1
46173 0
46174 2
46175 1
46176 0
46177 1
46178 0
46179 1
46180 0
46181 2
46182 1
46183 0
46184 2
46185 1
46186 0
46187 1
46188 0
46189 1
46190 2
46191 0
46192 1
46193 0
46194 2
46195 1
46196 2
46197 0
46198 1
46199 0
46200 1
46201 2
46202 0
46203 1
46204 0
46205 2
46206 0
46207 2
46208 1
46209 2
46210 0
46211 2
46212 1
46213 0
46214 1
46215 0
46216 2
46217 1
46218 0
46219 1
46220 0
46221 1
46222 0
46223 2
46224 1
46225 0
46226 1
46227 0
46228 1
46229 2
46230 0
46231 2
46232 0
46233 2
46234 1
46235 0
46236 1
46237 0
46238 1
46239 0
46240 1
46241 0
46242 1
46243 0
46244 2
46245 0
46246 2
46247 1
46248 0
46249 1
46250 0
46251 2
46252 1
46253 0
46254 1
46255 0
46256 1
46257 0
46258 1
46259 2
46260 0
46261 2
46262 0
46263 1
46264 0
46265 1
46266 0
46267 1
46268 0
46269 1
46270 0
46271 1
46272 0
46273 1
46274 0
46275 1
46276 2
46277 0
46278 2
46279 1
46280 0
46281 1
46282 2
46283 0
46284 1
46285 2
46286 1
46287 0
46288 1
46289 0
46290 1
46291 0
46292 1
46293 2
46294 0
46295 1
46296 0
46297 2
46298 0
46299 1
46300 2
46301 1
46302 0
46303 1
46304 2
46305 1
46306 0
46307 2
46308 1
46309 0
46310 1
46311 0
46312 1
46313 2
46314 1
46315 2
46316 0
46317 2
46318 3
46319 1
46320 0
46321 1
46322 0
46323 1
46324 0
46325 1
46326 2
46327 0
46328 1
46329 0
46330 1
46331 0
46332 1
46333 0
46334 1
46335 0
46336 1
46337 0
46338 1
46339 0
46340 1
46341 2
46342 1
46343 0
46344 1
46345 0
46346 1
46347 2
46348 0
46349 1
46350 0
46351 2
46352 0
46353 1
46354 0
46355 1
46356 0
46357 1
46358 2
46359 0
46360 1
46361 0
46362 1
46363 0
46364 2
46365 1
46366 2
46367 0
46368 1
46369 0
46370 3
46371 2
46372 0
46373 2
46374 1
46375 0
46376 1
46377 0
46378 1
46379 0
46380 1
46381 0
46382 1
46383 0
46384 1
46385 2
46386 0
46387 1
46388 0
46389 1
46390 0
46391 1
46392 0
46393 2
46394 1
46395 0
46396 1
46397 0
46398 1
46399 2
46400 1
46401 0
46402 2
46403 0
46404 1
46405 2
46406 1
46407 0
46408 2
46409 1
46410 0
46411 2
46412 1
46413 0
46414 2
46415 1
46416 2
46417 1
46418 0
46419 1
46420 2
46421 1
46422 2
46423 1
46424 0
46425 2
46426 0
46427 2
46428 1
46429 0
46430 2
46431 1
46432 2
46433 1
46434 0
46435 1
46436 0
46437 1
46438 2
46439 0
46440 2
46441 0
46442 2
46443 0
46444 2
46445 1
46446 0
46447 1
46448 2
46449 0
46450 1
46451 0
46452 2
46453 1
46454 2
46455 3
46456 0
46457 1
46458 2
46459 0
46460 1
46461 0
46462 1
46463 0
46464 1
46465 0
46466 1
46467 0
46468 1
46469 0
46470 1
46471 2
46472 1
46473 0
46474 1
46475 2
46476 0
46477 2
46478 1
46479 0
46480 1
46481 0
46482 2
46483 1
46484 2
46485 0
46486 1
46487 0
46488 1
46489 2
46490 0
46491 2
46492 1
46493 2
46494 3
46495 1
46496 0
46497 1
46498 2
46499 0
46500 1
46501 2
46502 0
46503 1
46504 0
46505 2
46506 1
46507 2
46508 0
46509 1
46510 2
46511 0
46512 1
46513 2
46514 0
46515 1
46516 2
46517 0
46518 2
46519 1
46520 0
46521 1
46522 0
46523 2
46524 1
46525 0
46526 1
46527 0
46528 2
46529 1
46530 2
46531 0
46532 1
46533 2
46534 0
46535 2
46536 1
46537 2
46538 0
46539 2
46540 1
46541 0
46542 2
46543 1
46544 2
46545 0
46546 2
46547 1
46548 0
46549 2
46550 1
46551 0
46552 1
46553 0
46554 1
46555 2
46556 0
46557 1
46558 2
46559 0
46560 2
46561 0
46562 1
46563 0
46564 1
46565 0
46566 1
46567 0
46568 1
46569 0
46570 1
46571 0
46572 1
46573 0
46574 1
46575 2
46576 0
46577 1
46578 0
46579 1
46580 0
46581 2
46582 0
46583 1
46584 0
46585 2
46586 0
46587 1
46588 2
46589 0
46590 1
46591 2
46592 1
46593 0
46594 1
46595 2
46596 1
46597 0
46598 1
46599 0
46600 1
46601 2
46602 0
46603 1
46604 2
46605 0
46606 2
46607 1
46608 0
46609 1
46610 0
46611 1
46612 2
46613 0
46614 1
46615 0
46616 2
46617 0
46618 1
46619 0
46620 1
46621 2
46622 0
46623 2
46624 1
46625 0
46626 1
46627 0
46628 2
46629 0
46630 1
46631 0
46632 2
46633 1
46634 2
46635 1
46636 0
46637 1
46638 0
46639 1
46640 3
46641 2
46642 1
46643 0
46644 1
46645 0
46646 1
46647 0
46648 2
46649 0
46650 1
46651 0
46652 2
46653 1
46654 2
46655 1
46656 2
46657 0
46658 1
46659 0
46660 1
46661 0
46662 2
46663 1
46664 2
46665 1
46666 0
46667 2
46668 1
46669 2
46670 1
46671 0
46672 1
46673 0
46674 2
46675 0
46676 1
46677 0
46678 2
46679 1
46680 2
46681 1
46682 0
46683 1
46684 0
46685 1
46686 2
46687 0
46688 1
46689 2
46690 1
46691 0
46692 1
46693 0
46694 1
46695 2
46696 0
46697 1
46698 0
46699 1
46700 0
46701 2
46702 1
46703 2
46704 0
46705 1
46706 2
46707 0
46708 2
46709 1
46710 0
46711 2
46712 1
46713 2
46714 0
46715 2
46716 1
46717 0
46718 1
46719 0
46720 2
46721 1
46722 2
46723 1
46724 0
46725 2
46726 1
46727 0
46728 1
46729 0
46730 2
46731 1
46732 2
46733 1
46734 2
46735 1
46736 0
46737 1
46738 2
46739 1
46740 2
46741 3
46742 1
46743 0
46744 2
46745 1
46746 0
46747 1
46748 0
46749 1
46750 0
46751 2
46752 1
46753 0
46754 1
46755 0
46756 1
46757 2
46758 0
46759 1
46760 2
46761 0
46762 1
46763 0
46764 1
46765 0
46766 1
46767 0
46768 1
46769 2
46770 1
46771 0
46772 1
46773 2
46774 1
46775 0
46776 2
46777 0
46778 2
46779 1
46780 0
46781 1
46782 0
46783 2
46784 1
46785 2
46786 0
46787 1
46788 0
46789 1
46790 0
46791 1
46792 0
46793 2
46794 1
46795 0
46796 1
46797 2
46798 0
46799 2
46800 1
46801 0
46802 2
46803 1
46804 0
46805 2
46806 1
46807 2
46808 0
46809 1
46810 2
46811 1
46812 2
46813 1
46814 0
46815 2
46816 1
46817 0
46818 2
46819 1
46820 0
46821 1
46822 2
46823 0
46824 2
46825 1
46826 0
46827 1
46828 0
46829 2
46830 1
46831 2
46832 0
46833 1
46834 0
46835 2
46836 0
46837 1
46838 2
46839 0
46840 2
46841 1
46842 2
46843 0
46844 1
46845 0
46846 1
46847 0
46848 2
46849 0
46850 2
46851 1
46852 2
46853 1
46854 0
46855 1
46856 0
46857 1
46858 0
46859 1
46860 0
46861 2
46862 1
46863 0
46864 1
46865 2
46866 0
46867 2
46868 1
46869 2
46870 0
46871 1
46872 0
46873 2
46874 1
46875 0
46876 2
46877 1
46878 2
46879 1
46880 0
46881 1
46882 0
46883 2
46884 1
46885 2
46886 0
46887 2
46888 1
46889 0
46890 1
46891 0
46892 2
46893 1
46894 2
46895 1
46896 0
46897 1
46898 2
46899 0
46900 1
46901 0
46902 1
46903 0
46904 1
46905 2
46906 1
46907 0
46908 1
46909 2
46910 0
46911 2
46912 1
46913 0
46914 1
46915 2
46916 0
46917 1
46918 0
46919 1
46920 0
46921 2
46922 1
46923 2
46924 0
46925 1
46926 0
46927 2
46928 1
46929 3
46930 2
46931 1
46932 2
46933 0
46934 1
46935 0
46936 1
46937 2
46938 0
46939 1
46940 2
46941 1
46942 0
46943 1
46944 0
46945 2
46946 1
46947 2
46948 1
46949 2
46950 0
46951 2
46952 1
46953 0
46954 1
46955 0
46956 1
46957 0
46958 2
46959 1
46960 0
46961 1
46962 2
46963 0
46964 1
46965 2
46966 3
46967 1
46968 0
46969 1
46970 0
46971 2
46972 1
46973 0
46974 2
46975 1
46976 0
46977 2
46978 1
46979 0
46980 1
46981 0
46982 2
46983 1
46984 0
46985 2
46986 1
46987 2
46988 1
46989 0
46990 1
46991 2
46992 1
46993 2
46994 0
46995 1
46996 2
46997 0
46998 1
46999 0
47000 1
47001 2
47002 1
47003 0
47004 1
47005 2
47006 0
47007 1
47008 0
47009 1
47010 2
47011 1
47012 0
47013 1
47014 2
47015 1
47016 0
47017 1
47018 2
47019 0
47020 1
47021 0
47022 1
47023 0
47024 1
47025 0
47026 2
47027 1
47028 2
47029 0
47030 1
47031 0
47032 1
47033 0
47034 1
47035 2
47036 0
47037 1
47038 0
47039 1
47040 2
47041 0
47042 1
47043 0
47044 2
47045 1
47046 2
47047 0
47048 1
47049 2
47050 0
47051 1
47052 2
47053 0
47054 2
47055 1
47056 2
47057 0
47058 1
47059 0
47060 2
47061 1
47062 2
47063 0
47064 2
47065 1
47066 2
47067 1
47068 0
47069 1
47070 0
47071 1
47072 2
47073 1
47074 0
47075 2
47076 0
47077 1
47078 0
47079 1
47080 2
47081 0
47082 2
47083 1
47084 0
47085 1
47086 2
47087 1
47088 0
47089 1
47090 0
47091 1
47092 0
47093 2
47094 1
47095 2
47096 1
47097 0
47098 1
47099 0
47100 2
47101 0
47102 1
47103 0
47104 2
47105 1
47106 2
47107 1
47108 2
47109 0
47110 2
47111 1
47112 2
47113 0
47114 1
47115 0
47116 1
47117 0
47118 2
47119 1
47120 2
47121 0
47122 2
47123 1
47124 2
47125 0
47126 2
47127 1
47128 3
47129 0
47130 2
47131 3
47132 1
47133 0
47134 2
47135 1
47136 0
47137 2
47138 1
47139 2
47140 0
47141 1
47142 0
47143 1
47144 2
47145 0
47146 1
47147 0
47148 1
47149 0
47150 1
47151 0
47152 2
47153 1
47154 0
47155 1
47156 0
47157 1
47158 0
47159 1
47160 0
47161 1
47162 0
47163 1
47164 0
47165 1
47166 2
47167 0
47168 1
47169 2
47170 0
47171 1
47172 0
47173 1
47174 3
47175 2
47176 0
47177 1
47178 0
47179 2
47180 1
47181 2
47182 0
47183 2
47184 0
47185 1
47186 0
47187 1
47188 2
47189 0
47190 2
47191 1
47192 0
47193 1
47194 0
47195 2
47196 1
47197 0
47198 1
47199 0
47200 1
47201 2
47202 0
47203 2
47204 0
47205 1
47206 0
47207 2
47208 1
47209 0
47210 2
47211 0
47212 1
47213 0
47214 1
47215 2
47216 0
47217 2
47218 0
47219 1
47220 0
47221 1
47222 0
47223 1
47224 2
47225 0
47226 1
47227 0
47228 2
47229 1
47230 2
47231 0
47232 1
47233 2
47234 0
47235 1
47236 2
47237 1
47238 0
47239 1
47240 2
47241 1
47242 2
47243 1
47244 2
47245 3
47246 1
47247 2
47248 0
47249 1
47250 2
47251 0
47252 1
47253 0
47254 1
47255 0
47256 1
47257 2
47258 0
47259 1
47260 2
47261 0
47262 1
47263 0
47264 1
47265 0
47266 1
47267 0
47268 1
47269 0
47270 1
47271 0
47272 1
47273 0
47274 2
47275 1
47276 0
47277 1
47278 0
47279 2
47280 1
47281 0
47282 2
47283 1
47284 2
47285 0
47286 2
47287 1
47288 2
47289 0
47290 2
47291 1
47292 2
47293 0
47294 1
47295 0
47296 1
47297 0
47298 1
47299 0
47300 1
47301 0
47302 1
47303 0
47304 1
47305 0
47306 2
47307 0
47308 1
47309 0
47310 1
47311 0
47312 2
47313 1
47314 0
47315 2
47316 1
47317 0
47318 2
47319 1
47320 0
47321 1
47322 0
47323 1
47324 2
47325 1
47326 0
47327 2
47328 1
47329 0
47330 1
47331 2
47332 0
47333 1
47334 2
47335 0
47336 1
47337 0
47338 1
47339 0
47340 2
47341 0
47342 2
47343 1
47344 2
47345 1
47346 0
47347 1
47348 2
47349 0
47350 1
47351 2
47352 1
47353 0
47354 1
47355 2
47356 1
47357 2
47358 1
47359 0
47360 2
47361 0
47362 2
47363 1
47364 0
47365 1
47366 2
47367 0
47368 1
47369 0
47370 2
47371 1
47372 0
47373 1
47374 0
47375 1
47376 0
47377 1
47378 2
47379 0
47380 1
47381 0
47382 2
47383 0
47384 1
47385 2
47386 0
47387 2
47388 1
47389 0
47390 1
47391 2
47392 0
47393 2
47394 1
47395 0
47396 1
47397 2
47398 0
47399 1
47400 0
47401 1
47402 0
47403 1
47404 0
47405 2
47406 1
47407 0
47408 1
47409 0
47410 1
47411 0
47412 1
47413 0
47414 1
47415 0
47416 2
47417 1
47418 0
47419 1
47420 2
47421 1
47422 0
47423 2
47424 1
47425 0
47426 2
47427 0
47428 1
47429 0
47430 1
47431 0
47432 1
47433 0
47434 1
47435 0
47436 1
47437 0
47438 1
47439 0
47440 2
47441 1
47442 0
47443 2
47444 1
47445 0
47446 1
47447 0
47448 2
47449 1
47450 0
47451 2
47452 0
47453 2
47454 1
47455 0
47456 1
47457 0
47458 1
47459 2
47460 0
47461 2
47462 1
47463 2
47464 3
47465 1
47466 0
47467 1
47468 0
47469 1
47470 0
47471 1
47472 2
47473 3
47474 1
47475 0
47476 1
47477 0
47478 2
47479 1
47480 0
47481 1
47482 0
47483 1
47484 0
47485 2
47486 1
47487 0
47488 1
47489 0
47490 1
47491 0
47492 1
47493 2
47494 0
47495 1
47496 2
47497 0
47498 1
47499 2
47500 1
47501 0
47502 1
47503 0
47504 1
47505 0
47506 1
47507 0
47508 2
47509 1
47510 0
47511 1
47512 2
47513 0
47514 1
47515 0
47516 1
47517 0
47518 1
47519 0
47520 2
47521 1
47522 0
47523 1
47524 0
47525 1
47526 0
47527 1
47528 2
47529 1
47530 0
47531 2
47532 1
47533 0
47534 1
47535 0
47536 2
47537 1
47538 0
47539 2
47540 3
47541 1
47542 0
47543 2
47544 1
47545 0
47546 2
47547 0
47548 1
47549 2
47550 0
47551 1
47552 0
47553 2
47554 3
47555 0
47556 1
47557 2
47558 0
47559 2
47560 1
47561 0
47562 1
47563 0
47564 1
47565 0
47566 2
47567 0
47568 1
47569 0
47570 2
47571 1
47572 0
47573 1
47574 0
47575 1
47576 2
47577 0
47578 1
47579 2
47580 1
47581 2
47582 0
47583 1
47584 0
47585 1
47586 0
47587 1
47588 2
47589 0
47590 1
47591 2
47592 0
47593 2
47594 1
47595 2
47596 3
47597 0
47598 2
47599 1
47600 0
47601 1
47602 0
47603 1
47604 2
47605 0
47606 1
47607 0
47608 1
47609 2
47610 0
47611 1
47612 2
47613 0
47614 1
47615 0
47616 2
47617 1
47618 2
47619 0
47620 1
47621 0
47622 1
47623 0
47624 1
47625 0
47626 1
47627 0
47628 1
47629 0
47630 1
47631 2
47632 0
47633 1
47634 0
47635 1
47636 2
47637 0
47638 1
47639 2
47640 0
47641 2
47642 0
47643 1
47644 0
47645 1
47646 2
47647 0
47648 2
47649 3
47650 1
47651 0
47652 1
47653 2
47654 0
47655 1
47656 0
47657 1
47658 0
47659 1
47660 0
47661 2
47662 0
47663 1
47664 0
47665 1
47666 0
47667 2
47668 1
47669 0
47670 1
47671 0
47672 2
47673 1
47674 0
47675 1
47676 0
47677 1
47678 2
47679 0
47680 2
47681 1
47682 0
47683 1
47684 0
47685 1
47686 0
47687 1
47688 0
47689 1
47690 0
47691 1
47692 2
47693 0
47694 1
47695 0
47696 1
47697 0
47698 1
47699 0
47700 1
47701 0
47702 1
47703 3
47704 2
47705 0
47706 2
47707 1
47708 0
47709 1
47710 0
47711 1
47712 0
47713 1
47714 0
47715 1
47716 2
47717 0
47718 1
47719 0
47720 2
47721 0
47722 1
47723 0
47724 2
47725 0
47726 2
47727 0
47728 1
47729 0
47730 1
47731 0
47732 1
47733 0
47734 1
47735 0
47736 1
47737 0
47738 2
47739 1
47740 0
47741 1
47742 0
47743 1
47744 2
47745 1
47746 0
47747 1
47748 2
47749 0
47750 1
47751 2
47752 3
47753 0
47754 1
47755 0
47756 1
47757 2
47758 0
47759 1
47760 0
47761 2
47762 1
47763 0
47764 1
47765 2
47766 1
47767 0
47768 1
47769 2
47770 1
47771 0
47772 1
47773 2
47774 1
47775 0
47776 1
47777 0
47778 2
47779 1
47780 0
47781 1
47782 0
47783 1
47784 0
47785 2
47786 1
47787 2
47788 0
47789 2
47790 1
47791 2
47792 0
47793 1
47794 2
47795 1
47796 2
47797 1
47798 2
47799 0
47800 2
47801 1
47802 0
47803 2
47804 1
47805 2
47806 3
47807 0
47808 1
47809 0
47810 1
47811 0
47812 1
47813 0
47814 1
47815 0
47816 1
47817 0
47818 1
47819 2
47820 0
47821 1
47822 2
47823 0
47824 2
47825 1
47826 0
47827 1
47828 0
47829 2
47830 1
47831 0
47832 1
47833 0
47834 1
47835 2
47836 0
47837 1
47838 0
47839 1
47840 2
47841 0
47842 1
47843 0
47844 1
47845 0
47846 1
47847 2
47848 0
47849 1
47850 2
47851 0
47852 1
47853 2
47854 0
47855 2
47856 1
47857 0
47858 2
47859 1
47860 0
47861 2
47862 1
47863 0
47864 1
47865 2
47866 1
47867 2
47868 0
47869 1
47870 2
47871 1
47872 0
47873 2
47874 1
47875 0
47876 2
47877 1
47878 0
47879 1
47880 2
47881 0
47882 1
47883 0
47884 2
47885 0
47886 1
47887 0
47888 2
47889 0
47890 1
47891 2
47892 0
47893 1
47894 0
47895 1
47896 2
47897 1
47898 0
47899 1
47900 0
47901 1
47902 0
47903 1
47904 0
47905 1
47906 2
47907 0
47908 1
47909 2
47910 0
47911 1
47912 0
47913 2
47914 1
47915 2
47916 1
47917 0
47918 1
47919 2
47920 0
47921 1
47922 0
47923 1
47924 0
47925 1
47926 2
47927 0
47928 2
47929 1
47930 2
47931 1
47932 2
47933 0
47934 2
47935 1
47936 2
47937 0
47938 1
47939 0
47940 1
47941 0
47942 1
47943 2
47944 1
47945 2
47946 0
47947 1
47948 0
47949 1
47950 2
47951 1
47952 0
47953 1
47954 0
47955 1
47956 0
47957 1
47958 0
47959 1
47960 2
47961 0
47962 1
47963 2
47964 0
47965 2
47966 1
47967 0
47968 1
47969 0
47970 1
47971 2
47972 0
47973 1
47974 0
47975 1
47976 0
47977 1
47978 0
47979 1
47980 0
47981 1
47982 2
47983 0
47984 1
47985 0
47986 1
47987 2
47988 0
47989 1
47990 0
47991 1
47992 2
47993 1
47994 0
47995 1
47996 0
47997 1
47998 0
47999 1
48000 2
48001 0
48002 1
48003 0
48004 1
48005 0
48006 2
48007 1
48008 2
48009 0
48010 1
48011 0
48012 1
48013 2
48014 0
48015 2
48016 1
48017 2
48018 1
48019 0
48020 2
48021 1
48022 0
48023 2
48024 1
48025 0
48026 1
48027 0
48028 1
48029 0
48030 1
48031 2
48032 1
48033 2
48034 0
48035 1
48036 0
48037 1
48038 0
48039 1
48040 0
48041 2
48042 1
48043 2
48044 0
48045 1
48046 0
48047 1
48048 0
48049 1
48050 0
48051 1
48052 0
48053 1
48054 2
48055 0
48056 1
48057 2
48058 1
48059 0
48060 1
48061 2
48062 0
48063 1
48064 2
48065 0
48066 1
48067 0
48068 1
48069 0
48070 1
48071 0
48072 1
48073 0
48074 1
48075 2
48076 0
48077 2
48078 1
48079 2
48080 1
48081 0
48082 1
48083 0
48084 2
48085 1
48086 0
48087 1
48088 0
48089 1
48090 0
48091 2
48092 1
48093 2
48094 0
48095 1
48096 2
48097 0
48098 1
48099 2
48100 0
48101 1
48102 2
48103 0
48104 2
48105 0
48106 2
48107 1
48108 0
48109 1
48110 0
48111 1
48112 2
48113 0
48114 1
48115 0
48116 1
48117 0
48118 1
48119 0
48120 1
48121 0
48122 1
48123 0
48124 1
48125 2
48126 0
48127 1
48128 2
48129 1
48130 2
48131 1
48132 0
48133 1
48134 2
48135 0
48136 2
48137 1
48138 0
48139 1
48140 2
48141 0
48142 1
48143 2
48144 0
48145 1
48146 0
48147 1
48148 2
48149 0
48150 2
48151 0
48152 1
48153 2
48154 1
48155 2
48156 0
48157 2
48158 1
48159 0
48160 1
48161 0
48162 1
48163 0
48164 1
48165 0
48166 2
48167 1
48168 0
48169 1
48170 0
48171 1
48172 0
48173 1
48174 0
48175 1
48176 0
48177 2
48178 1
48179 0
48180 2
48181 1
48182 0
48183 1
48184 2
48185 1
48186 0
48187 2
48188 1
48189 0
48190 1
48191 0
48192 1
48193 0
48194 1
48195 2
48196 0
48197 1
48198 2
48199 0
48200 1
48201 0
48202 1
48203 2
48204 0
48205 1
48206 0
48207 1
48208 0
48209 1
48210 0
48211 1
48212 0
48213 1
48214 0
48215 1
48216 2
48217 0
48218 2
48219 1
48220 2
48221 0
48222 2
48223 0
48224 1
48225 2
48226 0
48227 1
48228 0
48229 2
48230 0
48231 1
48232 0
48233 1
48234 0
48235 2
48236 1
48237 0
48238 1
48239 0
48240 2
48241 1
48242 2
48243 0
48244 1
48245 2
48246 0
48247 1
48248 0
48249 1
48250 0
48251 1
48252 0
48253 1
48254 2
48255 1
48256 0
48257 2
48258 1
48259 0
48260 2
48261 1
48262 0
48263 2
48264 1
48265 2
48266 0
48267 1
48268 0
48269 1
48270 2
48271 1
48272 0
48273 1
48274 0
48275 1
48276 2
48277 1
48278 0
48279 1
48280 0
48281 1
48282 0
48283 1
48284 2
48285 1
48286 2
48287 1
48288 0
48289 2
48290 1
48291 2
48292 3
48293 0
48294 1
48295 0
48296 1
48297 0
48298 1
48299 0
48300 1
48301 2
48302 0
48303 1
48304 0
48305 1
48306 2
48307 0
48308 1
48309 0
48310 2
48311 1
48312 0
48313 1
48314 0
48315 2
48316 0
48317 1
48318 0
48319 1
48320 0
48321 1
48322 0
48323 1
48324 2
48325 1
48326 0
48327 1
48328 0
48329 1
48330 2
48331 0
48332 1
48333 0
48334 1
48335 0
48336 1
48337 0
48338 2
48339 3
48340 0
48341 1
48342 2
48343 0
48344 1
48345 0
48346 1
48347 0
48348 1
48349 2
48350 1
48351 2
48352 0
48353 2
48354 0
48355 2
48356 1
48357 0
48358 1
48359 0
48360 1
48361 0
48362 1
48363 2
48364 0
48365 1
48366 0
48367 1
48368 0
48369 2
48370 0
48371 1
48372 0
48373 1
48374 0
48375 1
48376 2
48377 0
48378 1
48379 2
48380 0
48381 2
48382 3
48383 0
48384 1
48385 2
48386 1
48387 0
48388 1
48389 0
48390 1
48391 2
48392 0
48393 2
48394 1
48395 0
48396 1
48397 2
48398 0
48399 1
48400 0
48401 1
48402 0
48403 1
48404 2
48405 3
48406 1
48407 2
48408 0
48409 1
48410 0
48411 1
48412 0
48413 1
48414 0
48415 2
48416 1
48417 2
48418 0
48419 1
48420 0
48421 1
48422 0
48423 1
48424 0
48425 2
48426 1
48427 0
48428 2
48429 1
48430 2
48431 1
48432 0
48433 2
48434 1
48435 2
48436 1
48437 0
48438 1
48439 2
48440 1
48441 2
48442 0
48443 1
48444 0
48445 1
48446 2
48447 0
48448 1
48449 0
48450 1
48451 0
48452 1
48453 2
48454 0
48455 2
48456 1
48457 2
48458 1
48459 0
48460 2
48461 0
48462 1
48463 2
48464 3
48465 1
48466 0
48467 2
48468 1
48469 0
48470 1
48471 2
48472 1
48473 0
48474 1
48475 0
48476 1
48477 2
48478 0
48479 1
48480 2
48481 0
48482 2
48483 1
48484 0
48485 1
48486 2
48487 0
48488 1
48489 0
48490 1
48491 0
48492 1
48493 2
48494 0
48495 1
48496 0
48497 1
48498 3
48499 2
48500 1
48501 0
48502 1
48503 0
48504 1
48505 2
48506 0
48507 1
48508 2
48509 0
48510 1
48511 2
48512 0
48513 1
48514 0
48515 2
48516 1
48517 2
48518 0
48519 2
48520 3
48521 1
48522 2
48523 1
48524 0
48525 2
48526 1
48527 2
48528 1
48529 0
48530 1
48531 0
48532 2
48533 1
48534 0
48535 1
48536 0
48537 1
48538 2
48539 0
48540 1
48541 2
48542 0
48543 2
48544 0
48545 2
48546 1
48547 0
48548 2
48549 1
48550 0
48551 1
48552 2
48553 0
48554 1
48555 0
48556 1
48557 0
48558 1
48559 0
48560 2
48561 1
48562 0
48563 2
48564 0
48565 1
48566 2
48567 1
48568 2
48569 0
48570 1
48571 0
48572 1
48573 0
48574 1
48575 2
48576 0
48577 1
48578 0
48579 1
48580 0
48581 1
48582 2
48583 0
48584 1
48585 0
48586 1
48587 0
48588 2
48589 1
48590 2
48591 0
48592 2
48593 0
48594 1
48595 2
48596 0
48597 1
48598 0
48599 1
48600 0
48601 1
48602 0
48603 2
48604 1
48605 0
48606 1
48607 0
48608 1
48609 0
48610 1
48611 2
48612 0
48613 1
48614 2
48615 0
48616 1
48617 2
48618 1
48619 0
48620 1
48621 0
48622 2
48623 0
48624 1
48625 0
48626 2
48627 1
48628 0
48629 1
48630 0
48631 1
48632 0
48633 1
48634 2
48635 0
48636 1
48637 2
48638 1
48639 2
48640 0
48641 2
48642 0
48643 1
48644 0
48645 1
48646 0
48647 1
48648 2
48649 0
48650 2
48651 1
48652 0
48653 2
48654 1
48655 0
48656 1
48657 0
48658 2
48659 1
48660 0
48661 1
48662 0
48663 1
48664 0
48665 2
48666 3
48667 0
48668 1
48669 2
48670 1
48671 0
48672 1
48673 2
48674 1
48675 2
48676 0
48677 2
48678 1
48679 0
48680 1
48681 0
48682 2
48683 3
48684 0
48685 2
48686 1
48687 2
48688 1
48689 0
48690 1
48691 0
48692 1
48693 2
48694 0
48695 1
48696 2
48697 1
48698 0
48699 2
48700 1
48701 2
48702 0
48703 2
48704 1
48705 0
48706 1
48707 0
48708 2
48709 1
48710 0
48711 1
48712 0
48713 1
48714 0
48715 2
48716 1
48717 2
48718 0
48719 1
48720 2
48721 0
48722 1
48723 2
48724 0
48725 1
48726 0
48727 2
48728 0
48729 1
48730 2
48731 1
48732 0
48733 1
48734 0
48735 2
48736 1
48737 0
48738 1
48739 0
48740 1
48741 0
48742 1
48743 0
48744 1
48745 2
48746 1
48747 0
48748 1
48749 2
48750 0
48751 1
48752 0
48753 1
48754 2
48755 0
48756 1
48757 0
48758 1
48759 0
48760 2
48761 1
48762 0
48763 1
48764 0
48765 2
48766 0
48767 2
48768 0
48769 1
48770 0
48771 1
48772 0
48773 2
48774 1
48775 0
48776 1
48777 0
48778 1
48779 0
48780 1
48781 2
48782 1
48783 0
48784 3
48785 2
48786 0
48787 1
48788 0
48789 2
48790 0
48791 1
48792 2
48793 3
48794 0
48795 1
48796 0
48797 1
48798 2
48799 0
48800 1
48801 2
48802 1
48803 0
48804 1
48805 2
48806 0
48807 1
48808 2
48809 0
48810 1
48811 0
48812 1
48813 0
48814 1
48815 2
48816 1
48817 0
48818 1
48819 0
48820 1
48821 3
48822 2
48823 1
48824 2
48825 0
48826 1
48827 0
48828 1
48829 0
48830 2
48831 1
48832 0
48833 2
48834 1
48835 0
48836 2
48837 0
48838 1
48839 0
48840 1
48841 0
48842 1
48843 0
48844 2
48845 0
48846 1
48847 2
48848 0
48849 1
48850 0
48851 2
48852 1
48853 0
48854 1
48855 0
48856 2
48857 1
48858 0
48859 1
48860 0
48861 1
48862 0
48863 1
48864 2
48865 1
48866 2
48867 0
48868 1
48869 2
48870 0
48871 1
48872 2
48873 0
48874 2
48875 0
48876 1
48877 0
48878 2
48879 1
48880 2
48881 0
48882 1
48883 2
48884 1
48885 0
48886 1
48887 2
48888 0
48889 2
48890 1
48891 2
48892 0
48893 1
48894 0
48895 2
48896 0
48897 1
48898 2
48899 1
48900 2
48901 0
48902 1
48903 0
48904 1
48905 0
48906 1
48907 2
48908 3
48909 0
48910 1
48911 0
48912 1
48913 2
48914 0
48915 1
48916 2
48917 1
48918 2
48919 0
48920 1
48921 0
48922 1
48923 0
48924 2
48925 1
48926 2
48927 0
48928 1
48929 0
48930 1
48931 2
48932 0
48933 1
48934 2
48935 0
48936 1
48937 0
48938 1
48939 0
48940 1
48941 2
48942 1
48943 0
48944 1
48945 0
48946 1
48947 2
48948 3
48949 1
48950 0
48951 1
48952 0
48953 1
48954 0
48955 1
48956 0
48957 1
48958 0
48959 2
48960 1
48961 0
48962 1
48963 2
48964 0
48965 1
48966 0
48967 1
48968 0
48969 1
48970 0
48971 1
48972 2
48973 0
48974 1
48975 0
48976 1
48977 0
48978 1
48979 0
48980 1
48981 0
48982 1
48983 0
48984 1
48985 0
48986 1
48987 2
48988 0
48989 2
48990 0
48991 1
48992 2
48993 0
48994 1
48995 0
48996 1
48997 0
48998 1
48999 0
49000 1
49001 2
49002 0
49003 1
49004 3
49005 0
49006 2
49007 1
49008 0
49009 1
49010 2
49011 1
49012 0
49013 1
49014 0
49015 2
49016 1
49017 2
49018 0
49019 1
49020 0
49021 1
49022 0
49023 1
49024 0
49025 1
49026 0
49027 2
49028 0
49029 2
49030 1
49031 0
49032 3
49033 2
49034 1
49035 2
49036 0
49037 2
49038 1
49039 2
49040 0
49041 2
49042 1
49043 0
49044 2
49045 0
49046 1
49047 2
49048 1
49049 2
49050 3
49051 0
49052 2
49053 1
49054 2
49055 0
49056 1
49057 0
49058 2
49059 1
49060 0
49061 2
49062 0
49063 1
49064 0
49065 1
49066 0
49067 2
49068 1
49069 2
49070 1
49071 2
49072 0
49073 1
49074 0
49075 1
49076 0
49077 2
49078 1
49079 2
49080 1
49081 0
49082 2
49083 1
49084 0
49085 2
49086 1
49087 2
49088 3
49089 1
49090 0
49091 2
49092 0
49093 2
49094 1
49095 0
49096 2
49097 0
49098 1
49099 0
49100 1
49101 2
49102 1
49103 0
49104 1
49105 2
49106 1
49107 2
49108 0
49109 1
49110 3
49111 0
49112 1
49113 2
49114 0
49115 2
49116 1
49117 2
49118 0
49119 2
49120 1
49121 2
49122 0
49123 2
49124 1
49125 2
49126 0
49127 1
49128 2
49129 0
49130 2
49131 0
49132 1
49133 0
49134 1
49135 2
49136 1
49137 0
49138 1
49139 2
49140 0
49141 2
49142 1
49143 0
49144 1
49145 0
49146 1
49147 0
49148 1
49149 0
49150 1
49151 0
49152 1
49153 2
49154 0
49155 1
49156 3
49157 2
49158 1
49159 0
49160 1
49161 2
49162 0
49163 2
49164 1
49165 0
49166 1
49167 0
49168 1
49169 2
49170 1
49171 0
49172 2
49173 0
49174 1
49175 2
49176 0
49177 1
49178 2
49179 1
49180 2
49181 1
49182 0
49183 1
49184 0
49185 1
49186 0
49187 1
49188 0
49189 1
49190 0
49191 1
49192 0
49193 1
49194 0
49195 1
49196 2
49197 0
49198 2
49199 1
49200 2
49201 0
49202 1
49203 0
49204 1
49205 0
49206 2
49207 1
49208 2
49209 0
49210 2
49211 1
49212 2
49213 0
49214 1
49215 2
49216 1
49217 2
49218 1
49219 0
49220 1
49221 2
49222 1
49223 2
49224 0
49225 2
49226 1
49227 2
49228 1
49229 2
49230 1
49231 0
49232 2
49233 0
49234 1
49235 2
49236 1
49237 0
49238 1
49239 0
49240 1
49241 2
49242 0
49243 1
49244 2
49245 1
49246 2
49247 1
49248 0
49249 1
49250 2
49251 1
49252 0
49253 1
49254 2
49255 0
49256 2
49257 1
49258 2
49259 1
49260 0
49261 1
49262 0
49263 1
49264 2
49265 0
49266 2
49267 0
49268 1
49269 2
49270 1
49271 2
49272 1
49273 2
49274 1
49275 0
49276 1
49277 0
49278 2
49279 0
49280 1
49281 2
49282 0
49283 2
49284 1
49285 2
49286 0
49287 1
49288 0
49289 2
49290 0
49291 2
49292 1
49293 2
49294 0
49295 1
49296 0
49297 1
49298 0
49299 2
49300 1
49301 2
49302 0
49303 2
49304 0
49305 1
49306 0
49307 1
49308 2
49309 0
49310 2
49311 3
49312 1
49313 0
49314 1
49315 0
49316 1
49317 2
49318 0
49319 2
49320 0
49321 1
49322 2
49323 1
49324 0
49325 2
49326 1
49327 2
49328 1
49329 0
49330 2
49331 1
49332 0
49333 1
49334 2
49335 0
49336 1
49337 2
49338 0
49339 1
49340 2
49341 0
49342 1
49343 2
49344 1
49345 0
49346 1
49347 0
49348 1
49349 2
49350 0
49351 1
49352 0
49353 1
49354 0
49355 1
49356 2
49357 0
49358 1
49359 0
49360 2
49361 0
49362 1
49363 2
49364 0
49365 2
49366 1
49367 2
49368 1
49369 0
49370 2
49371 0
49372 1
49373 0
49374 2
49375 1
49376 3
49377 2
49378 1
49379 0
49380 1
49381 2
49382 0
49383 2
49384 1
49385 2
49386 1
49387 0
49388 2
49389 1
49390 0
49391 2
49392 0
49393 2
49394 1
49395 0
49396 2
49397 1
49398 2
49399 0
49400 2
49401 1
49402 2
49403 0
49404 2
49405 0
49406 2
49407 1
49408 0
49409 1
49410 0
49411 1
49412 2
49413 0
49414 1
49415 0
49416 1
49417 0
49418 2
49419 1
49420 0
49421 1
49422 0
49423 1
49424 0
49425 1
49426 0
49427 1
49428 2
49429 0
49430 2
49431 1
49432 0
49433 1
49434 0
49435 1
49436 2
49437 0
49438 1
49439 0
49440 1
49441 0
49442 1
49443 2
49444 0
49445 1
49446 2
49447 0
49448 2
49449 1
49450 0
49451 1
49452 2
49453 0
49454 1
49455 2
49456 0
49457 1
49458 2
49459 1
49460 2
49461 1
49462 2
49463 0
49464 1
49465 2
49466 0
49467 1
49468 0
49469 1
49470 0
49471 1
49472 0
49473 1
49474 0
49475 1
49476 2
49477 1
49478 0
49479 1
49480 0
49481 1
49482 2
49483 1
49484 2
49485 0
49486 3
49487 2
49488 0
49489 1
49490 0
49491 1
49492 0
49493 1
49494 2
49495 0
49496 1
49497 0
49498 1
49499 0
49500 1
49501 0
49502 2
49503 0
49504 1
49505 0
49506 2
49507 1
49508 0
49509 1
49510 2
49511 0
49512 2
49513 1
49514 0
49515 1
49516 0
49517 2
49518 0
49519 1
49520 0
49521 2
49522 1
49523 0
49524 2
49525 1
49526 0
49527 1
49528 2
49529 0
49530 2
49531 0
49532 2
49533 0
49534 1
49535 2
49536 1
49537 2
49538 0
49539 1
49540 3
49541 2
49542 1
49543 0
49544 1
49545 0
49546 1
49547 0
49548 1
49549 2
49550 1
49551 0
49552 1
49553 0
49554 1
49555 0
49556 1
49557 2
49558 3
49559 1
49560 2
49561 0
49562 2
49563 1
49564 0
49565 3
49566 2
49567 0
49568 1
49569 0
49570 1
49571 0
49572 1
49573 2
49574 0
49575 1
49576 0
49577 1
49578 3
49579 2
49580 0
49581 1
49582 0
49583 1
49584 0
49585 1
49586 2
49587 0
49588 1
49589 0
49590 1
49591 0
49592 1
49593 2
49594 1
49595 0
49596 1
49597 0
49598 2
49599 1
49600 0
49601 2
49602 0
49603 2
49604 0
49605 1
49606 0
49607 1
49608 0
49609 1
49610 0
49611 1
49612 0
49613 1
49614 0
49615 1
49616 0
49617 2
49618 1
49619 0
49620 2
49621 1
49622 2
49623 0
49624 1
49625 0
49626 2
49627 1
49628 2
49629 0
49630 1
49631 2
49632 1
49633 2
49634 1
49635 2
49636 0
49637 2
49638 0
49639 1
49640 0
49641 1
49642 0
49643 2
49644 1
49645 2
49646 1
49647 0
49648 2
49649 0
49650 1
49651 0
49652 1
49653 2
49654 1
49655 0
49656 1
49657 0
49658 1
49659 0
49660 1
49661 2
49662 0
49663 1
49664 0
49665 1
49666 2
49667 0
49668 2
49669 1
49670 2
49671 0
49672 1
49673 0
49674 1
49675 2
49676 0
49677 1
49678 0
49679 1
49680 0
49681 2
49682 1
49683 2
49684 1
49685 2
49686 1
49687 0
49688 1
49689 2
49690 0
49691 1
49692 2
49693 1
49694 0
49695 1
49696 0
49697 1
49698 0
49699 2
49700 1
49701 0
49702 1
49703 2
49704 1
49705 2
49706 1
49707 2
49708 1
49709 0
49710 1
49711 0
49712 1
49713 0
49714 1
49715 0
49716 2
49717 3
49718 0
49719 1
49720 0
49721 1
49722 2
49723 0
49724 2
49725 0
49726 1
49727 2
49728 0
49729 1
49730 0
49731 1
49732 0
49733 1
49734 2
49735 1
49736 2
49737 1
49738 2
49739 0
49740 1
49741 2
49742 0
49743 1
49744 0
49745 1
49746 2
49747 1
49748 2
49749 1
49750 0
49751 1
49752 0
49753 1
49754 0
49755 1
49756 3
49757 0
49758 2
49759 1
49760 3
49761 2
49762 1
49763 0
49764 1
49765 0
49766 1
49767 2
49768 0
49769 1
49770 0
49771 2
49772 1
49773 2
49774 0
49775 2
49776 1
49777 0
49778 2
49779 0
49780 1
49781 0
49782 1
49783 0
49784 2
49785 1
49786 2
49787 0
49788 1
49789 2
49790 3
49791 0
49792 1
49793 0
49794 1
49795 2
49796 0
49797 2
49798 1
49799 0
49800 1
49801 2
49802 0
49803 1
49804 0
49805 2
49806 1
49807 0
49808 1
49809 0
49810 2
49811 0
49812 2
49813 1
49814 0
49815 1
49816 0
49817 1
49818 0
49819 1
49820 2
49821 0
49822 1
49823 0
49824 2
49825 1
49826 0
49827 1
49828 2
49829 0
49830 2
49831 1
49832 0
49833 2
49834 1
49835 0
49836 1
49837 3
49838 2
49839 0
49840 1
49841 0
49842 2
49843 0
49844 1
49845 0
49846 1
49847 2
49848 1
49849 0
49850 1
49851 0
49852 1
49853 2
49854 1
49855 2
49856 3
49857 0
49858 1
49859 0
49860 1
49861 0
49862 2
49863 1
49864 0
49865 2
49866 1
49867 2
49868 0
49869 2
49870 0
49871 2
49872 1
49873 0
49874 1
49875 2
49876 0
49877 1
49878 0
49879 2
49880 0
49881 2
49882 1
49883 0
49884 1
49885 0
49886 1
49887 2
49888 0
49889 1
49890 2
49891 0
49892 2
49893 1
49894 0
49895 2
49896 1
49897 0
49898 1
49899 2
49900 0
49901 1
49902 0
49903 1
49904 0
49905 1
49906 0
49907 2
49908 1
49909 0
49910 1
49911 3
49912 2
49913 0
49914 1
49915 0
49916 1
49917 2
49918 0
49919 1
49920 0
49921 2
49922 1
49923 0
49924 1
49925 0
49926 1
49927 0
49928 1
49929 0
49930 1
49931 0
49932 2
49933 1
49934 0
49935 1
49936 0
49937 1
49938 0
49939 2
49940 1
49941 2
49942 1
49943 2
49944 0
49945 1
49946 0
49947 1
49948 0
49949 1
49950 2
49951 0
49952 1
49953 0
49954 2
49955 1
49956 2
49957 0
49958 1
49959 2
49960 0
49961 1
49962 0
49963 1
49964 0
49965 1
49966 0
49967 1
49968 0
49969 2
49970 1
49971 2
49972 0
49973 2
49974 1
49975 0
49976 2
49977 1
49978 2
49979 0
49980 3
49981 0
49982 1
49983 2
49984 1
49985 2
49986 1
49987 0
49988 2
49989 1
49990 0
49991 1
49992 0
49993 2
49994 0
49995 1
49996 0
49997 1
49998 0
49999 2
Colors used: 4
Valid coloring: true
Execution time: 30.2409 ms
