Algorithm: Greedy Vertex Coloring
Vertex colors:
0 0
1 1
2 0
3 1
4 0
5 1
6 2
7 1
8 0
9 1
10 0
11 2
12 1
13 0
14 1
15 0
16 1
17 0
18 1
19 0
20 1
21 2
22 0
23 1
24 0
25 1
26 0
27 1
28 2
29 0
30 2
31 1
32 0
33 1
34 0
35 1
36 2
37 0
38 1
39 2
40 0
41 2
42 0
43 1
44 0
45 1
46 2
47 0
48 1
49 0
50 1
51 0
52 2
53 1
54 0
55 1
56 0
57 1
58 0
59 1
60 0
61 2
62 1
63 2
64 0
65 1
66 2
67 0
68 1
69 2
70 1
71 0
72 1
73 2
74 0
75 3
76 1
77 0
78 1
79 2
80 0
81 1
82 0
83 1
84 0
85 1
86 0
87 1
88 0
89 1
90 0
91 2
92 1
93 2
94 0
95 1
96 0
97 1
98 0
99 1
100 2
101 0
102 1
103 0
104 2
105 1
106 0
107 1
108 0
109 1
110 2
111 0
112 1
113 2
114 3
115 1
116 0
117 2
118 1
119 2
120 0
121 1
122 0
123 1
124 0
125 1
126 0
127 1
128 2
129 0
130 1
131 0
132 1
133 0
134 1
135 2
136 0
137 1
138 0
139 1
140 0
141 1
142 0
143 2
144 1
145 0
146 1
147 0
148 1
149 0
150 2
151 0
152 1
153 0
154 1
155 0
156 2
157 1
158 0
159 1
160 0
161 1
162 0
163 2
164 1
165 2
166 0
167 1
168 0
169 2
170 1
171 0
172 1
173 0
174 1
175 0
176 1
177 0
178 1
179 0
180 2
181 0
182 1
183 0
184 1
185 2
186 0
187 1
188 0
189 1
190 0
191 2
192 1
193 0
194 2
195 1
196 0
197 1
198 0
199 2
200 0
201 1
202 0
203 1
204 2
205 0
206 1
207 0
208 1
209 0
210 1
211 0
212 1
213 0
214 1
215 0
216 2
217 1
218 2
219 0
220 1
221 0
222 2
223 1
224 0
225 1
226 0
227 1
228 0
229 1
230 0
231 1
232 0
233 1
234 0
235 1
236 0
237 1
238 0
239 2
240 1
241 2
242 1
243 2
244 0
245 1
246 0
247 1
248 0
249 1
250 0
251 2
252 1
253 0
254 2
255 1
256 0
257 1
258 0
259 1
260 2
261 0
262 1
263 0
264 1
265 0
266 2
267 1
268 0
269 1
270 2
271 0
272 2
273 0
274 1
275 0
276 2
277 0
278 1
279 0
280 1
281 0
282 1
283 0
284 1
285 2
286 0
287 1
288 0
289 2
290 1
291 0
292 1
293 0
294 1
295 2
296 0
297 1
298 0
299 1
300 0
301 1
302 2
303 0
304 2
305 1
306 2
307 1
308 0
309 1
310 2
311 0
312 1
313 0
314 1
315 0
316 1
317 0
318 1
319 0
320 1
321 2
322 0
323 1
324 2
325 0
326 1
327 0
328 1
329 0
330 1
331 0
332 1
333 0
334 1
335 0
336 1
337 2
338 0
339 1
340 2
341 0
342 2
343 1
344 0
345 2
346 1
347 0
348 1
349 0
350 1
351 0
352 2
353 1
354 0
355 1
356 0
357 1
358 0
359 1
360 0
361 1
362 0
363 1
364 0
365 1
366 0
367 1
368 0
369 1
370 0
371 1
372 0
373 1
374 0
375 1
376 2
377 0
378 1
379 0
380 1
381 0
382 1
383 0
384 1
385 0
386 1
387 0
388 1
389 0
390 1
391 2
392 1
393 0
394 1
395 0
396 1
397 2
398 0
399 1
400 0
401 1
402 0
403 2
404 0
405 1
406 2
407 1
408 0
409 1
410 2
411 1
412 0
413 1
414 0
415 1
416 2
417 0
418 1
419 2
420 0
421 2
422 0
423 1
424 2
425 0
426 2
427 1
428 0
429 1
430 0
431 2
432 1
433 0
434 1
435 0
436 1
437 0
438 1
439 2
440 1
441 0
442 1
443 0
444 1
445 0
446 1
447 0
448 1
449 0
450 1
451 0
452 1
453 0
454 2
455 1
456 0
457 1
458 0
459 2
460 1
461 2
462 0
463 2
464 0
465 1
466 0
467 2
468 1
469 2
470 1
471 0
472 1
473 2
474 0
475 1
476 2
477 0
478 2
479 1
480 0
481 1
482 0
483 1
484 0
485 2
486 1
487 2
488 0
489 2
490 0
491 1
492 0
493 1
494 0
495 1
496 0
497 2
498 1
499 0
500 1
501 0
502 1
503 0
504 1
505 0
506 1
507 0
508 1
509 2
510 0
511 3
512 1
513 2
514 0
515 1
516 0
517 1
518 0
519 1
520 2
521 0
522 2
523 1
524 2
525 0
526 1
527 0
528 1
529 0
530 1
531 0
532 1
533 2
534 0
535 1
536 0
537 1
538 0
539 1
540 2
541 0
542 1
543 2
544 0
545 1
546 0
547 1
548 0
549 1
550 2
551 0
552 1
553 0
554 1
555 0
556 2
557 1
558 0
559 1
560 2
561 0
562 1
563 0
564 2
565 1
566 2
567 0
568 1
569 0
570 1
571 0
572 1
573 0
574 1
575 2
576 0
577 1
578 2
579 1
580 0
581 2
582 1
583 2
584 0
585 2
586 1
587 2
588 1
589 0
590 1
591 2
592 0
593 1
594 0
595 1
596 0
597 1
598 0
599 1
600 2
601 1
602 2
603 0
604 2
605 1
606 0
607 1
608 0
609 1
610 2
611 0
612 1
613 2
614 0
615 1
616 2
617 0
618 1
619 0
620 1
621 0
622 2
623 1
624 0
625 1
626 2
627 0
628 2
629 1
630 0
631 1
632 0
633 1
634 0
635 1
636 0
637 1
638 0
639 1
640 0
641 1
642 0
643 1
644 0
645 1
646 0
647 1
648 0
649 1
650 0
651 1
652 0
653 1
654 0
655 1
656 0
657 1
658 0
659 1
660 2
661 1
662 0
663 1
664 0
665 1
666 0
667 1
668 2
669 0
670 1
671 0
672 2
673 1
674 2
675 3
676 1
677 0
678 1
679 2
680 3
681 0
682 1
683 2
684 0
685 1
686 2
687 0
688 2
689 0
690 2
691 1
692 0
693 1
694 0
695 1
696 0
697 1
698 2
699 0
700 1
701 0
702 1
703 0
704 2
705 1
706 0
707 1
708 0
709 1
710 0
711 1
712 2
713 0
714 2
715 1
716 0
717 1
718 2
719 0
720 1
721 0
722 1
723 0
724 1
725 2
726 0
727 2
728 1
729 0
730 1
731 2
732 0
733 1
734 0
735 2
736 1
737 2
738 1
739 0
740 1
741 2
742 0
743 1
744 2
745 0
746 2
747 0
748 2
749 1
750 0
751 1
752 0
753 1
754 0
755 2
756 0
757 1
758 0
759 1
760 2
761 0
762 2
763 0
764 1
765 2
766 0
767 1
768 0
769 1
770 2
771 1
772 2
773 0
774 1
775 0
776 1
777 2
778 0
779 1
780 0
781 1
782 2
783 1
784 0
785 1
786 0
787 1
788 0
789 1
790 0
791 2
792 1
793 0
794 1
795 0
796 2
797 1
798 0
799 1
800 0
801 1
802 0
803 1
804 2
805 0
806 1
807 0
808 1
809 0
810 1
811 0
812 1
813 0
814 1
815 0
816 1
817 0
818 1
819 2
820 0
821 1
822 2
823 0
824 1
825 0
826 2
827 0
828 2
829 1
830 2
831 0
832 1
833 0
834 1
835 2
836 0
837 2
838 1
839 0
840 2
841 0
842 1
843 0
844 1
845 2
846 0
847 1
848 0
849 1
850 0
851 1
852 0
853 1
854 0
855 1
856 0
857 2
858 1
859 2
860 0
861 1
862 2
863 3
864 1
865 0
866 2
867 1
868 2
869 0
870 2
871 1
872 0
873 1
874 0
875 1
876 2
877 1
878 0
879 1
880 2
881 0
882 1
883 0
884 2
885 0
886 1
887 0
888 1
889 2
890 0
891 1
892 0
893 1
894 0
895 2
896 1
897 0
898 1
899 0
900 1
901 0
902 2
903 1
904 0
905 1
906 2
907 0
908 2
909 1
910 0
911 1
912 0
913 1
914 0
915 1
916 0
917 1
918 2
919 0
920 1
921 0
922 1
923 0
924 1
925 0
926 1
927 0
928 1
929 2
930 0
931 1
932 0
933 2
934 0
935 1
936 2
937 0
938 1
939 0
940 1
941 0
942 1
943 0
944 1
945 0
946 2
947 0
948 1
949 0
950 2
951 1
952 0
953 1
954 2
955 0
956 1
957 0
958 1
959 2
960 0
961 1
962 2
963 0
964 1
965 0
966 2
967 0
968 1
969 2
970 1
971 0
972 1
973 2
974 0
975 1
976 0
977 1
978 2
979 0
980 1
981 0
982 2
983 0
984 1
985 2
986 0
987 1
988 2
989 0
990 1
991 0
992 1
993 0
994 1
995 2
996 1
997 0
998 1
999 2
1000 0
1001 1
1002 0
1003 1
1004 0
1005 1
1006 0
1007 2
1008 0
1009 2
1010 1
1011 0
1012 1
1013 0
1014 1
1015 2
1016 0
1017 2
1018 0
1019 1
1020 0
1021 1
1022 0
1023 1
1024 0
1025 1
1026 0
1027 1
1028 0
1029 1
1030 2
1031 0
1032 1
1033 0
1034 2
1035 1
1036 2
1037 0
1038 1
1039 2
1040 0
1041 1
1042 2
1043 0
1044 1
1045 0
1046 1
1047 0
1048 2
1049 1
1050 0
1051 1
1052 0
1053 1
1054 2
1055 0
1056 1
1057 2
1058 1
1059 0
1060 1
1061 0
1062 1
1063 0
1064 1
1065 0
1066 1
1067 2
1068 0
1069 1
1070 0
1071 1
1072 0
1073 1
1074 0
1075 1
1076 0
1077 1
1078 0
1079 1
1080 0
1081 2
1082 1
1083 0
1084 1
1085 2
1086 0
1087 1
1088 0
1089 2
1090 1
1091 2
1092 0
1093 2
1094 1
1095 0
1096 1
1097 2
1098 0
1099 1
1100 2
1101 1
1102 0
1103 1
1104 0
1105 1
1106 2
1107 0
1108 1
1109 2
1110 0
1111 1
1112 0
1113 2
1114 1
1115 2
1116 0
1117 1
1118 2
1119 0
1120 1
1121 2
1122 0
1123 1
1124 0
1125 2
1126 1
1127 0
1128 1
1129 2
1130 1
1131 0
1132 1
1133 0
1134 1
1135 2
1136 0
1137 1
1138 0
1139 2
1140 0
1141 1
1142 0
1143 2
1144 1
1145 2
1146 0
1147 1
1148 0
1149 1
1150 0
1151 1
1152 0
1153 2
1154 1
1155 0
1156 1
1157 0
1158 1
1159 0
1160 1
1161 2
1162 0
1163 1
1164 2
1165 0
1166 1
1167 0
1168 2
1169 1
1170 0
1171 2
1172 0
1173 1
1174 0
1175 1
1176 0
1177 1
1178 2
1179 0
1180 1
1181 2
1182 0
1183 2
1184 1
1185 2
1186 0
1187 1
1188 0
1189 1
1190 0
1191 1
1192 0
1193 1
1194 0
1195 1
1196 0
1197 1
1198 0
1199 1
1200 0
1201 1
1202 2
1203 0
1204 2
1205 1
1206 0
1207 2
1208 0
1209 1
1210 2
1211 1
1212 0
1213 1
1214 0
1215 1
1216 2
1217 3
1218 0
1219 1
1220 2
1221 0
1222 1
1223 0
1224 1
1225 2
1226 0
1227 1
1228 0
1229 2
1230 1
1231 0
1232 1
1233 0
1234 2
1235 0
1236 1
1237 0
1238 1
1239 2
1240 0
1241 2
1242 1
1243 0
1244 1
1245 2
1246 0
1247 1
1248 0
1249 2
1250 0
1251 2
1252 1
1253 0
1254 1
1255 2
1256 0
1257 2
1258 1
1259 2
1260 1
1261 2
1262 0
1263 2
1264 1
1265 0
1266 1
1267 2
1268 0
1269 1
1270 2
1271 0
1272 1
1273 2
1274 0
1275 1
1276 0
1277 2
1278 0
1279 1
1280 0
1281 1
1282 0
1283 2
1284 1
1285 0
1286 2
1287 0
1288 2
1289 1
1290 0
1291 1
1292 0
1293 1
1294 0
1295 2
1296 1
1297 0
1298 1
1299 0
1300 1
1301 0
1302 2
1303 0
1304 1
1305 2
1306 0
1307 1
1308 0
1309 1
1310 2
1311 3
1312 1
1313 0
1314 1
1315 2
1316 0
1317 2
1318 3
1319 1
1320 2
1321 0
1322 2
1323 1
1324 0
1325 1
1326 2
1327 0
1328 1
1329 2
1330 0
1331 1
1332 0
1333 1
1334 0
1335 1
1336 2
1337 0
1338 3
1339 1
1340 2
1341 0
1342 1
1343 0
1344 2
1345 0
1346 1
1347 2
1348 1
1349 2
1350 1
1351 0
1352 2
1353 0
1354 1
1355 2
1356 0
1357 1
1358 0
1359 1
1360 0
1361 1
1362 2
1363 0
1364 2
1365 0
1366 1
1367 0
1368 1
1369 2
1370 1
1371 0
1372 1
1373 0
1374 1
1375 2
1376 0
1377 1
1378 2
1379 0
1380 1
1381 2
1382 0
1383 1
1384 0
1385 1
1386 0
1387 1
1388 0
1389 1
1390 2
1391 1
1392 0
1393 1
1394 2
1395 0
1396 1
1397 0
1398 1
1399 2
1400 0
1401 1
1402 0
1403 1
1404 0
1405 1
1406 0
1407 1
1408 0
1409 1
1410 0
1411 1
1412 0
1413 1
1414 0
1415 1
1416 2
1417 0
1418 1
1419 0
1420 2
1421 0
1422 2
1423 1
1424 2
1425 0
1426 2
1427 0
1428 1
1429 0
1430 1
1431 2
1432 0
1433 1
1434 0
1435 1
1436 0
1437 1
1438 0
1439 1
1440 0
1441 2
1442 1
1443 0
1444 1
1445 0
1446 1
1447 0
1448 2
1449 1
1450 0
1451 2
1452 1
1453 0
1454 1
1455 3
1456 0
1457 2
1458 1
1459 0
1460 2
1461 1
1462 0
1463 2
1464 1
1465 0
1466 1
1467 0
1468 1
1469 0
1470 2
1471 1
1472 0
1473 2
1474 0
1475 1
1476 2
1477 0
1478 1
1479 0
1480 1
1481 0
1482 1
1483 0
1484 1
1485 0
1486 1
1487 2
1488 0
1489 1
1490 0
1491 2
1492 0
1493 2
1494 1
1495 2
1496 0
1497 1
1498 0
1499 1
1500 0
1501 1
1502 0
1503 1
1504 2
1505 1
1506 0
1507 1
1508 0
1509 1
1510 2
1511 0
1512 1
1513 0
1514 1
1515 2
1516 0
1517 2
1518 1
1519 0
1520 1
1521 0
1522 2
1523 1
1524 0
1525 1
1526 0
1527 1
1528 0
1529 1
1530 2
1531 0
1532 1
1533 2
1534 0
1535 1
1536 0
1537 1
1538 2
1539 0
1540 1
1541 0
1542 2
1543 0
1544 1
1545 2
1546 0
1547 1
1548 0
1549 1
1550 0
1551 1
1552 2
1553 0
1554 1
1555 0
1556 1
1557 0
1558 1
1559 0
1560 1
1561 0
1562 1
1563 0
1564 1
1565 0
1566 1
1567 0
1568 1
1569 0
1570 1
1571 0
1572 1
1573 0
1574 1
1575 0
1576 2
1577 1
1578 2
1579 1
1580 2
1581 1
1582 0
1583 1
1584 0
1585 1
1586 0
1587 1
1588 0
1589 2
1590 1
1591 2
1592 0
1593 1
1594 0
1595 1
1596 0
1597 1
1598 0
1599 1
1600 0
1601 1
1602 2
1603 0
1604 1
1605 2
1606 0
1607 1
1608 0
1609 1
1610 2
1611 1
1612 0
1613 1
1614 0
1615 1
1616 0
1617 1
1618 0
1619 1
1620 0
1621 1
1622 0
1623 1
1624 0
1625 1
1626 2
1627 0
1628 1
1629 0
1630 1
1631 0
1632 1
1633 0
1634 1
1635 0
1636 2
1637 1
1638 0
1639 1
1640 2
1641 1
1642 0
1643 2
1644 1
1645 2
1646 0
1647 1
1648 2
1649 0
1650 1
1651 0
1652 1
1653 0
1654 1
1655 0
1656 1
1657 0
1658 2
1659 1
1660 2
1661 3
1662 1
1663 0
1664 1
1665 0
1666 2
1667 1
1668 0
1669 1
1670 0
1671 2
1672 1
1673 2
1674 1
1675 0
1676 2
1677 1
1678 0
1679 1
1680 0
1681 1
1682 2
1683 1
1684 0
1685 2
1686 1
1687 0
1688 1
1689 2
1690 0
1691 1
1692 0
1693 1
1694 2
1695 0
1696 1
1697 2
1698 0
1699 2
1700 1
1701 2
1702 0
1703 1
1704 2
1705 0
1706 1
1707 0
1708 1
1709 2
1710 0
1711 1
1712 0
1713 1
1714 0
1715 1
1716 2
1717 0
1718 2
1719 0
1720 1
1721 2
1722 1
1723 0
1724 1
1725 2
1726 0
1727 1
1728 0
1729 1
1730 0
1731 2
1732 1
1733 2
1734 0
1735 1
1736 0
1737 2
1738 1
1739 0
1740 2
1741 1
1742 0
1743 1
1744 0
1745 1
1746 2
1747 0
1748 1
1749 0
1750 1
1751 0
1752 2
1753 1
1754 2
1755 0
1756 1
1757 0
1758 2
1759 1
1760 2
1761 1
1762 0
1763 1
1764 0
1765 1
1766 0
1767 1
1768 0
1769 2
1770 1
1771 0
1772 2
1773 0
1774 1
1775 2
1776 0
1777 1
1778 0
1779 2
1780 1
1781 0
1782 1
1783 2
1784 0
1785 1
1786 0
1787 1
1788 0
1789 1
1790 2
1791 0
1792 1
1793 2
1794 0
1795 1
1796 0
1797 1
1798 2
1799 0
1800 1
1801 0
1802 1
1803 0
1804 1
1805 0
1806 1
1807 2
1808 0
1809 1
1810 0
1811 2
1812 1
1813 0
1814 1
1815 2
1816 0
1817 2
1818 0
1819 1
1820 2
1821 0
1822 1
1823 0
1824 1
1825 0
1826 2
1827 1
1828 0
1829 2
1830 0
1831 2
1832 0
1833 1
1834 2
1835 1
1836 0
1837 1
1838 2
1839 0
1840 1
1841 0
1842 1
1843 0
1844 1
1845 2
1846 0
1847 1
1848 2
1849 0
1850 1
1851 2
1852 0
1853 2
1854 0
1855 1
1856 0
1857 2
1858 0
1859 1
1860 2
1861 0
1862 1
1863 0
1864 1
1865 0
1866 1
1867 2
1868 0
1869 1
1870 2
1871 1
1872 0
1873 1
1874 0
1875 1
1876 0
1877 1
1878 0
1879 2
1880 1
1881 0
1882 1
1883 0
1884 1
1885 0
1886 1
1887 0
1888 2
1889 0
1890 2
1891 1
1892 0
1893 1
1894 2
1895 0
1896 1
1897 2
1898 0
1899 2
1900 1
1901 0
1902 1
1903 0
1904 1
1905 0
1906 1
1907 2
1908 0
1909 1
1910 0
1911 1
1912 0
1913 1
1914 0
1915 1
1916 0
1917 1
1918 0
1919 1
1920 0
1921 1
1922 0
1923 1
1924 2
1925 0
1926 1
1927 0
1928 1
1929 0
1930 2
1931 1
1932 0
1933 1
1934 0
1935 1
1936 0
1937 1
1938 0
1939 1
1940 0
1941 1
1942 0
1943 1
1944 0
1945 1
1946 2
1947 0
1948 1
1949 2
1950 0
1951 1
1952 2
1953 0
1954 1
1955 0
1956 1
1957 0
1958 1
1959 2
1960 0
1961 1
1962 0
1963 2
1964 1
1965 0
1966 1
1967 0
1968 1
1969 0
1970 1
1971 0
1972 2
1973 1
1974 2
1975 0
1976 2
1977 1
1978 0
1979 1
1980 0
1981 1
1982 0
1983 1
1984 0
1985 1
1986 2
1987 0
1988 2
1989 1
1990 0
1991 1
1992 2
1993 0
1994 1
1995 0
1996 1
1997 0
1998 1
1999 2
2000 0
2001 2
2002 1
2003 2
2004 0
2005 2
2006 1
2007 0
2008 1
2009 0
2010 2
2011 1
2012 2
2013 0
2014 1
2015 0
2016 1
2017 0
2018 1
2019 0
2020 1
2021 2
2022 0
2023 1
2024 0
2025 1
2026 2
2027 0
2028 1
2029 0
2030 2
2031 1
2032 0
2033 1
2034 0
2035 1
2036 0
2037 1
2038 0
2039 2
2040 1
2041 0
2042 1
2043 2
2044 0
2045 1
2046 0
2047 1
2048 0
2049 1
2050 2
2051 0
2052 1
2053 2
2054 0
2055 1
2056 2
2057 0
2058 2
2059 1
2060 0
2061 1
2062 2
2063 0
2064 2
2065 1
2066 0
2067 1
2068 0
2069 1
2070 0
2071 1
2072 0
2073 1
2074 0
2075 1
2076 2
2077 0
2078 2
2079 1
2080 0
2081 1
2082 2
2083 0
2084 1
2085 0
2086 1
2087 0
2088 2
2089 1
2090 0
2091 2
2092 0
2093 1
2094 0
2095 1
2096 0
2097 1
2098 2
2099 0
2100 2
2101 1
2102 0
2103 1
2104 0
2105 1
2106 0
2107 1
2108 0
2109 2
2110 1
2111 0
2112 1
2113 0
2114 1
2115 0
2116 1
2117 0
2118 1
2119 0
2120 1
2121 0
2122 1
2123 0
2124 1
2125 0
2126 1
2127 2
2128 1
2129 0
2130 1
2131 0
2132 1
2133 0
2134 1
2135 0
2136 1
2137 0
2138 1
2139 2
2140 1
2141 0
2142 1
2143 0
2144 1
2145 2
2146 0
2147 1
2148 2
2149 0
2150 2
2151 0
2152 1
2153 0
2154 2
2155 1
2156 2
2157 0
2158 1
2159 0
2160 1
2161 0
2162 1
2163 0
2164 1
2165 2
2166 0
2167 1
2168 0
2169 1
2170 0
2171 2
2172 1
2173 0
2174 1
2175 0
2176 2
2177 1
2178 0
2179 2
2180 1
2181 2
2182 0
2183 1
2184 0
2185 1
2186 0
2187 2
2188 1
2189 0
2190 1
2191 0
2192 1
2193 0
2194 1
2195 0
2196 1
2197 2
2198 0
2199 2
2200 0
2201 1
2202 0
2203 1
2204 0
2205 1
2206 0
2207 1
2208 2
2209 1
2210 0
2211 1
2212 2
2213 0
2214 2
2215 1
2216 2
2217 0
2218 1
2219 0
2220 1
2221 0
2222 2
2223 0
2224 1
2225 2
2226 0
2227 1
2228 0
2229 1
2230 0
2231 1
2232 0
2233 2
2234 0
2235 1
2236 2
2237 0
2238 2
2239 1
2240 0
2241 1
2242 0
2243 1
2244 0
2245 1
2246 0
2247 1
2248 0
2249 1
2250 0
2251 2
2252 1
2253 0
2254 1
2255 2
2256 0
2257 1
2258 2
2259 0
2260 2
2261 0
2262 1
2263 0
2264 2
2265 0
2266 1
2267 2
2268 1
2269 2
2270 0
2271 1
2272 0
2273 1
2274 0
2275 2
2276 1
2277 0
2278 1
2279 2
2280 0
2281 1
2282 2
2283 0
2284 2
2285 1
2286 2
2287 0
2288 1
2289 0
2290 1
2291 0
2292 1
2293 0
2294 2
2295 1
2296 0
2297 1
2298 0
2299 1
2300 2
2301 0
2302 2
2303 1
2304 0
2305 1
2306 0
2307 1
2308 0
2309 1
2310 0
2311 2
2312 1
2313 2
2314 1
2315 2
2316 0
2317 1
2318 0
2319 1
2320 2
2321 1
2322 2
2323 1
2324 0
2325 1
2326 2
2327 0
2328 1
2329 0
2330 1
2331 2
2332 0
2333 2
2334 1
2335 0
2336 1
2337 2
2338 0
2339 2
2340 1
2341 0
2342 1
2343 0
2344 1
2345 0
2346 1
2347 0
2348 1
2349 0
2350 2
2351 1
2352 0
2353 1
2354 0
2355 1
2356 2
2357 0
2358 1
2359 0
2360 1
2361 0
2362 1
2363 0
2364 1
2365 2
2366 0
2367 1
2368 0
2369 1
2370 0
2371 1
2372 2
2373 0
2374 1
2375 0
2376 2
2377 0
2378 1
2379 2
2380 0
2381 1
2382 0
2383 1
2384 0
2385 1
2386 0
2387 1
2388 0
2389 1
2390 2
2391 0
2392 1
2393 2
2394 0
2395 1
2396 0
2397 1
2398 2
2399 0
2400 2
2401 1
2402 0
2403 1
2404 0
2405 1
2406 0
2407 1
2408 0
2409 1
2410 0
2411 2
2412 0
2413 1
2414 0
2415 1
2416 0
2417 1
2418 2
2419 0
2420 2
2421 0
2422 1
2423 0
2424 1
2425 2
2426 0
2427 1
2428 2
2429 0
2430 1
2431 0
2432 1
2433 0
2434 1
2435 0
2436 1
2437 2
2438 0
2439 1
2440 0
2441 2
2442 1
2443 2
2444 0
2445 1
2446 0
2447 1
2448 0
2449 1
2450 0
2451 1
2452 0
2453 1
2454 0
2455 1
2456 0
2457 1
2458 0
2459 1
2460 0
2461 2
2462 1
2463 0
2464 1
2465 0
2466 1
2467 2
2468 0
2469 1
2470 2
2471 0
2472 1
2473 0
2474 1
2475 0
2476 1
2477 0
2478 1
2479 0
2480 1
2481 0
2482 2
2483 1
2484 0
2485 1
2486 0
2487 2
2488 1
2489 0
2490 2
2491 0
2492 2
2493 1
2494 0
2495 2
2496 0
2497 2
2498 1
2499 2
2500 0
2501 1
2502 0
2503 1
2504 2
2505 0
2506 1
2507 0
2508 1
2509 2
2510 0
2511 1
2512 0
2513 1
2514 0
2515 1
2516 0
2517 1
2518 2
2519 0
2520 1
2521 0
2522 1
2523 0
2524 2
2525 0
2526 1
2527 0
2528 1
2529 2
2530 0
2531 1
2532 0
2533 1
2534 0
2535 1
2536 2
2537 1
2538 0
2539 1
2540 0
2541 1
2542 0
2543 1
2544 0
2545 1
2546 2
2547 0
2548 1
2549 0
2550 1
2551 0
2552 1
2553 2
2554 0
2555 1
2556 0
2557 1
2558 0
2559 2
2560 3
2561 0
2562 2
2563 1
2564 2
2565 0
2566 1
2567 0
2568 2
2569 0
2570 1
2571 0
2572 1
2573 0
2574 1
2575 2
2576 0
2577 1
2578 2
2579 0
2580 1
2581 0
2582 2
2583 1
2584 2
2585 1
2586 0
2587 2
2588 1
2589 0
2590 2
2591 0
2592 2
2593 1
2594 0
2595 1
2596 2
2597 0
2598 1
2599 2
2600 0
2601 1
2602 2
2603 0
2604 1
2605 2
2606 0
2607 1
2608 2
2609 0
2610 1
2611 0
2612 1
2613 0
2614 1
2615 2
2616 1
2617 0
2618 1
2619 0
2620 1
2621 0
2622 1
2623 0
2624 1
2625 0
2626 1
2627 2
2628 0
2629 1
2630 0
2631 2
2632 1
2633 0
2634 1
2635 2
2636 0
2637 1
2638 0
2639 1
2640 0
2641 2
2642 1
2643 2
2644 0
2645 1
2646 2
2647 0
2648 1
2649 0
2650 1
2651 2
2652 1
2653 0
2654 1
2655 0
2656 2
2657 1
2658 0
2659 2
2660 1
2661 2
2662 0
2663 1
2664 2
2665 0
2666 1
2667 2
2668 0
2669 1
2670 0
2671 2
2672 1
2673 2
2674 1
2675 0
2676 1
2677 2
2678 0
2679 1
2680 0
2681 1
2682 0
2683 1
2684 2
2685 0
2686 1
2687 2
2688 1
2689 0
2690 2
2691 1
2692 2
2693 1
2694 0
2695 1
2696 0
2697 1
2698 0
2699 2
2700 1
2701 0
2702 2
2703 1
2704 0
2705 1
2706 0
2707 2
2708 1
2709 2
2710 0
2711 2
2712 1
2713 2
2714 0
2715 1
2716 2
2717 0
2718 1
2719 0
2720 1
2721 0
2722 1
2723 0
2724 1
2725 2
2726 0
2727 1
2728 0
2729 2
2730 0
2731 1
2732 0
2733 1
2734 0
2735 1
2736 0
2737 2
2738 0
2739 2
2740 1
2741 0
2742 2
2743 1
2744 2
2745 0
2746 1
2747 2
2748 0
2749 1
2750 2
2751 0
2752 1
2753 0
2754 1
2755 0
2756 1
2757 0
2758 2
2759 1
2760 0
2761 1
2762 0
2763 2
2764 1
2765 0
2766 2
2767 0
2768 1
2769 0
2770 2
2771 1
2772 0
2773 2
2774 0
2775 1
2776 2
2777 0
2778 1
2779 0
2780 1
2781 0
2782 1
2783 0
2784 1
2785 0
2786 2
2787 1
2788 0
2789 1
2790 0
2791 1
2792 0
2793 1
2794 0
2795 1
2796 2
2797 0
2798 2
2799 1
2800 0
2801 1
2802 2
2803 0
2804 1
2805 0
2806 1
2807 0
2808 1
2809 0
2810 1
2811 2
2812 0
2813 1
2814 0
2815 1
2816 0
2817 1
2818 0
2819 2
2820 1
2821 2
2822 0
2823 2
2824 1
2825 0
2826 1
2827 2
2828 0
2829 1
2830 0
2831 1
2832 0
2833 1
2834 2
2835 0
2836 1
2837 0
2838 1
2839 0
2840 1
2841 2
2842 0
2843 2
2844 0
2845 1
2846 0
2847 2
2848 1
2849 2
2850 0
2851 3
2852 2
2853 1
2854 0
2855 2
2856 1
2857 2
2858 0
2859 1
2860 0
2861 1
2862 0
2863 2
2864 1
2865 0
2866 1
2867 0
2868 2
2869 1
2870 0
2871 1
2872 2
2873 0
2874 2
2875 1
2876 2
2877 0
2878 1
2879 2
2880 0
2881 2
2882 1
2883 0
2884 2
2885 1
2886 0
2887 2
2888 1
2889 2
2890 0
2891 1
2892 0
2893 1
2894 0
2895 1
2896 0
2897 2
2898 1
2899 0
2900 2
2901 0
2902 1
2903 2
2904 0
2905 1
2906 2
2907 0
2908 1
2909 2
2910 0
2911 1
2912 0
2913 1
2914 0
2915 1
2916 0
2917 1
2918 2
2919 0
2920 2
2921 0
2922 1
2923 0
2924 1
2925 0
2926 1
2927 0
2928 1
2929 2
2930 0
2931 1
2932 0
2933 1
2934 0
2935 1
2936 0
2937 1
2938 0
2939 1
2940 0
2941 1
2942 0
2943 1
2944 2
2945 0
2946 1
2947 0
2948 1
2949 0
2950 1
2951 0
2952 1
2953 2
2954 0
2955 1
2956 2
2957 1
2958 0
2959 1
2960 0
2961 2
2962 1
2963 0
2964 1
2965 0
2966 1
2967 2
2968 0
2969 1
2970 0
2971 1
2972 0
2973 1
2974 2
2975 0
2976 1
2977 0
2978 1
2979 0
2980 1
2981 0
2982 2
2983 1
2984 0
2985 1
2986 0
2987 1
2988 0
2989 1
2990 2
2991 0
2992 1
2993 2
2994 0
2995 1
2996 2
2997 0
2998 1
2999 0
3000 1
3001 2
3002 0
3003 1
3004 0
3005 1
3006 2
3007 1
3008 0
3009 1
3010 2
3011 1
3012 0
3013 2
3014 1
3015 0
3016 2
3017 1
3018 2
3019 0
3020 1
3021 0
3022 1
3023 2
3024 0
3025 1
3026 0
3027 1
3028 0
3029 2
3030 1
3031 2
3032 0
3033 1
3034 0
3035 1
3036 0
3037 2
3038 1
3039 0
3040 2
3041 1
3042 2
3043 0
3044 1
3045 0
3046 1
3047 0
3048 1
3049 0
3050 2
3051 1
3052 0
3053 1
3054 0
3055 1
3056 2
3057 0
3058 1
3059 0
3060 1
3061 0
3062 2
3063 1
3064 0
3065 1
3066 0
3067 1
3068 2
3069 0
3070 2
3071 1
3072 0
3073 2
3074 1
3075 0
3076 1
3077 0
3078 1
3079 2
3080 1
3081 0
3082 1
3083 0
3084 2
3085 1
3086 0
3087 1
3088 2
3089 0
3090 1
3091 2
3092 0
3093 1
3094 0
3095 2
3096 1
3097 0
3098 1
3099 0
3100 1
3101 0
3102 1
3103 0
3104 2
3105 0
3106 1
3107 0
3108 1
3109 0
3110 1
3111 0
3112 1
3113 0
3114 1
3115 0
3116 1
3117 0
3118 1
3119 0
3120 1
3121 0
3122 1
3123 0
3124 1
3125 0
3126 1
3127 2
3128 0
3129 1
3130 0
3131 1
3132 0
3133 2
3134 1
3135 0
3136 1
3137 0
3138 2
3139 1
3140 0
3141 1
3142 0
3143 1
3144 0
3145 1
3146 0
3147 1
3148 2
3149 0
3150 1
3151 2
3152 0
3153 1
3154 0
3155 1
3156 0
3157 1
3158 0
3159 1
3160 0
3161 2
3162 1
3163 0
3164 1
3165 0
3166 1
3167 2
3168 0
3169 1
3170 2
3171 0
3172 2
3173 0
3174 1
3175 0
3176 1
3177 2
3178 0
3179 1
3180 0
3181 2
3182 1
3183 0
3184 1
3185 0
3186 1
3187 0
3188 2
3189 1
3190 0
3191 2
3192 1
3193 0
3194 1
3195 0
3196 1
3197 0
3198 1
3199 0
3200 2
3201 0
3202 1
3203 0
3204 1
3205 0
3206 1
3207 0
3208 2
3209 1
3210 0
3211 1
3212 0
3213 1
3214 2
3215 0
3216 1
3217 0
3218 1
3219 2
3220 0
3221 1
3222 2
3223 0
3224 1
3225 2
3226 0
3227 1
3228 0
3229 2
3230 1
3231 0
3232 2
3233 1
3234 2
3235 0
3236 2
3237 1
3238 0
3239 1
3240 2
3241 0
3242 1
3243 0
3244 1
3245 0
3246 1
3247 0
3248 1
3249 0
3250 2
3251 1
3252 0
3253 1
3254 0
3255 2
3256 1
3257 2
3258 0
3259 1
3260 0
3261 1
3262 0
3263 1
3264 0
3265 1
3266 2
3267 0
3268 1
3269 2
3270 0
3271 1
3272 0
3273 1
3274 0
3275 1
3276 2
3277 0
3278 2
3279 1
3280 2
3281 0
3282 1
3283 2
3284 0
3285 1
3286 2
3287 0
3288 1
3289 2
3290 1
3291 0
3292 1
3293 0
3294 1
3295 0
3296 1
3297 0
3298 1
3299 0
3300 1
3301 0
3302 1
3303 0
3304 2
3305 1
3306 2
3307 0
3308 2
3309 1
3310 0
3311 1
3312 0
3313 1
3314 2
3315 0
3316 1
3317 0
3318 1
3319 0
3320 2
3321 0
3322 2
3323 1
3324 0
3325 1
3326 0
3327 1
3328 0
3329 2
3330 1
3331 0
3332 1
3333 0
3334 2
3335 1
3336 0
3337 1
3338 2
3339 0
3340 2
3341 0
3342 2
3343 1
3344 0
3345 1
3346 2
3347 0
3348 2
3349 1
3350 2
3351 0
3352 2
3353 1
3354 2
3355 1
3356 0
3357 1
3358 2
3359 0
3360 2
3361 1
3362 0
3363 1
3364 0
3365 1
3366 2
3367 1
3368 0
3369 1
3370 0
3371 1
3372 0
3373 1
3374 2
3375 0
3376 2
3377 1
3378 0
3379 2
3380 1
3381 0
3382 1
3383 2
3384 1
3385 0
3386 1
3387 0
3388 1
3389 0
3390 1
3391 0
3392 1
3393 2
3394 0
3395 1
3396 0
3397 1
3398 0
3399 1
3400 0
3401 2
3402 1
3403 0
3404 1
3405 0
3406 1
3407 0
3408 1
3409 0
3410 1
3411 0
3412 1
3413 0
3414 1
3415 0
3416 1
3417 0
3418 1
3419 2
3420 0
3421 1
3422 2
3423 1
3424 0
3425 1
3426 0
3427 2
3428 0
3429 1
3430 0
3431 1
3432 0
3433 1
3434 0
3435 1
3436 2
3437 0
3438 2
3439 1
3440 0
3441 2
3442 1
3443 2
3444 1
3445 0
3446 1
3447 0
3448 1
3449 0
3450 1
3451 0
3452 1
3453 2
3454 0
3455 1
3456 2
3457 0
3458 1
3459 0
3460 2
3461 0
3462 1
3463 0
3464 2
3465 1
3466 0
3467 1
3468 0
3469 1
3470 2
3471 0
3472 1
3473 0
3474 1
3475 0
3476 1
3477 0
3478 1
3479 0
3480 1
3481 0
3482 1
3483 0
3484 1
3485 0
3486 1
3487 2
3488 1
3489 0
3490 1
3491 0
3492 1
3493 0
3494 1
3495 0
3496 1
3497 0
3498 1
3499 0
3500 1
3501 0
3502 1
3503 0
3504 2
3505 1
3506 0
3507 1
3508 0
3509 1
3510 0
3511 1
3512 0
3513 2
3514 1
3515 2
3516 0
3517 1
3518 0
3519 1
3520 0
3521 2
3522 1
3523 0
3524 1
3525 0
3526 1
3527 0
3528 1
3529 0
3530 1
3531 0
3532 1
3533 2
3534 0
3535 1
3536 2
3537 0
3538 1
3539 2
3540 0
3541 1
3542 2
3543 1
3544 0
3545 2
3546 1
3547 0
3548 1
3549 0
3550 1
3551 0
3552 1
3553 0
3554 1
3555 0
3556 1
3557 2
3558 1
3559 0
3560 1
3561 2
3562 0
3563 1
3564 0
3565 1
3566 2
3567 0
3568 2
3569 1
3570 0
3571 1
3572 0
3573 1
3574 0
3575 1
3576 2
3577 0
3578 2
3579 1
3580 0
3581 2
3582 1
3583 0
3584 1
3585 0
3586 1
3587 2
3588 0
3589 2
3590 1
3591 2
3592 1
3593 2
3594 0
3595 1
3596 0
3597 1
3598 2
3599 0
3600 1
3601 2
3602 0
3603 1
3604 0
3605 2
3606 1
3607 0
3608 1
3609 2
3610 0
3611 2
3612 1
3613 0
3614 1
3615 0
3616 2
3617 1
3618 0
3619 1
3620 0
3621 1
3622 0
3623 1
3624 0
3625 1
3626 2
3627 1
3628 0
3629 1
3630 0
3631 1
3632 0
3633 2
3634 0
3635 1
3636 2
3637 0
3638 1
3639 0
3640 1
3641 2
3642 0
3643 2
3644 1
3645 2
3646 0
3647 1
3648 2
3649 0
3650 1
3651 0
3652 1
3653 0
3654 2
3655 1
3656 0
3657 2
3658 1
3659 0
3660 1
3661 0
3662 1
3663 2
3664 0
3665 2
3666 1
3667 0
3668 2
3669 1
3670 2
3671 0
3672 2
3673 0
3674 1
3675 0
3676 1
3677 2
3678 0
3679 1
3680 0
3681 2
3682 1
3683 2
3684 0
3685 2
3686 1
3687 0
3688 1
3689 0
3690 1
3691 0
3692 1
3693 2
3694 1
3695 2
3696 0
3697 1
3698 0
3699 1
3700 0
3701 2
3702 1
3703 0
3704 1
3705 0
3706 2
3707 1
3708 0
3709 1
3710 0
3711 1
3712 2
3713 0
3714 1
3715 0
3716 1
3717 0
3718 2
3719 1
3720 2
3721 0
3722 1
3723 0
3724 1
3725 2
3726 0
3727 2
3728 1
3729 0
3730 1
3731 0
3732 1
3733 0
3734 1
3735 2
3736 0
3737 1
3738 0
3739 1
3740 0
3741 2
3742 1
3743 0
3744 1
3745 0
3746 1
3747 2
3748 0
3749 1
3750 2
3751 1
3752 2
3753 0
3754 1
3755 0
3756 1
3757 0
3758 1
3759 0
3760 1
3761 0
3762 1
3763 0
3764 1
3765 2
3766 0
3767 1
3768 0
3769 2
3770 1
3771 0
3772 1
3773 2
3774 1
3775 2
3776 0
3777 1
3778 0
3779 1
3780 0
3781 1
3782 2
3783 0
3784 1
3785 0
3786 1
3787 0
3788 1
3789 0
3790 1
3791 2
3792 0
3793 2
3794 0
3795 1
3796 2
3797 0
3798 1
3799 0
3800 1
3801 0
3802 1
3803 0
3804 1
3805 0
3806 1
3807 2
3808 0
3809 1
3810 0
3811 1
3812 2
3813 0
3814 1
3815 0
3816 1
3817 2
3818 0
3819 1
3820 2
3821 0
3822 1
3823 0
3824 1
3825 0
3826 1
3827 0
3828 1
3829 0
3830 1
3831 0
3832 1
3833 0
3834 1
3835 2
3836 0
3837 1
3838 0
3839 1
3840 0
3841 1
3842 0
3843 1
3844 2
3845 0
3846 1
3847 0
3848 2
3849 1
3850 0
3851 1
3852 0
3853 1
3854 2
3855 0
3856 1
3857 0
3858 1
3859 0
3860 1
3861 2
3862 0
3863 1
3864 0
3865 1
3866 0
3867 1
3868 0
3869 1
3870 0
3871 2
3872 0
3873 1
3874 2
3875 0
3876 2
3877 1
3878 0
3879 1
3880 0
3881 2
3882 1
3883 0
3884 1
3885 0
3886 1
3887 2
3888 0
3889 2
3890 1
3891 2
3892 0
3893 1
3894 2
3895 0
3896 1
3897 0
3898 1
3899 0
3900 2
3901 1
3902 2
3903 0
3904 1
3905 0
3906 2
3907 1
3908 0
3909 1
3910 0
3911 1
3912 0
3913 1
3914 0
3915 2
3916 1
3917 0
3918 1
3919 2
3920 0
3921 2
3922 1
3923 0
3924 1
3925 0
3926 1
3927 2
3928 1
3929 0
3930 1
3931 2
3932 0
3933 2
3934 0
3935 1
3936 0
3937 1
3938 2
3939 1
3940 0
3941 1
3942 0
3943 1
3944 2
3945 1
3946 0
3947 1
3948 2
3949 0
3950 2
3951 1
3952 2
3953 0
3954 1
3955 2
3956 0
3957 2
3958 1
3959 0
3960 1
3961 2
3962 0
3963 1
3964 0
3965 1
3966 0
3967 2
3968 1
3969 0
3970 2
3971 1
3972 0
3973 2
3974 1
3975 2
3976 1
3977 0
3978 2
3979 1
3980 0
3981 1
3982 0
3983 2
3984 1
3985 0
3986 1
3987 2
3988 0
3989 1
3990 0
3991 1
3992 0
3993 1
3994 2
3995 0
3996 1
3997 0
3998 1
3999 0
4000 1
4001 0
4002 1
4003 0
4004 1
4005 0
4006 1
4007 2
4008 0
4009 1
4010 0
4011 1
4012 2
4013 0
4014 1
4015 0
4016 1
4017 0
4018 2
4019 1
4020 0
4021 1
4022 2
4023 0
4024 1
4025 0
4026 1
4027 0
4028 1
4029 2
4030 0
4031 1
4032 0
4033 1
4034 0
4035 1
4036 0
4037 2
4038 0
4039 1
4040 2
4041 0
4042 2
4043 1
4044 0
4045 1
4046 2
4047 1
4048 2
4049 0
4050 1
4051 0
4052 1
4053 2
4054 0
4055 1
4056 0
4057 1
4058 0
4059 1
4060 0
4061 1
4062 0
4063 1
4064 0
4065 1
4066 2
4067 0
4068 1
4069 2
4070 0
4071 1
4072 0
4073 1
4074 0
4075 1
4076 0
4077 1
4078 0
4079 2
4080 1
4081 0
4082 1
4083 0
4084 1
4085 0
4086 1
4087 0
4088 1
4089 0
4090 2
4091 0
4092 1
4093 0
4094 1
4095 0
4096 1
4097 2
4098 0
4099 3
4100 2
4101 1
4102 3
4103 0
4104 1
4105 0
4106 1
4107 0
4108 1
4109 0
4110 1
4111 0
4112 2
4113 1
4114 0
4115 1
4116 0
4117 1
4118 2
4119 0
4120 1
4121 0
4122 1
4123 0
4124 2
4125 1
4126 2
4127 1
4128 0
4129 1
4130 0
4131 1
4132 2
4133 0
4134 2
4135 1
4136 0
4137 1
4138 0
4139 1
4140 0
4141 1
4142 2
4143 1
4144 0
4145 1
4146 2
4147 0
4148 1
4149 0
4150 2
4151 1
4152 0
4153 1
4154 0
4155 2
4156 1
4157 0
4158 1
4159 0
4160 1
4161 2
4162 0
4163 1
4164 0
4165 1
4166 0
4167 1
4168 0
4169 1
4170 0
4171 1
4172 0
4173 1
4174 0
4175 1
4176 0
4177 2
4178 1
4179 0
4180 1
4181 0
4182 1
4183 0
4184 2
4185 1
4186 2
4187 0
4188 1
4189 0
4190 1
4191 0
4192 1
4193 0
4194 1
4195 0
4196 1
4197 2
4198 1
4199 2
4200 0
4201 2
4202 1
4203 0
4204 1
4205 0
4206 2
4207 1
4208 0
4209 1
4210 0
4211 2
4212 1
4213 0
4214 1
4215 2
4216 0
4217 2
4218 1
4219 0
4220 2
4221 1
4222 0
4223 1
4224 2
4225 0
4226 1
4227 0
4228 1
4229 0
4230 1
4231 0
4232 1
4233 0
4234 1
4235 2
4236 0
4237 2
4238 1
4239 2
4240 0
4241 1
4242 0
4243 1
4244 0
4245 1
4246 0
4247 2
4248 1
4249 2
4250 0
4251 2
4252 1
4253 0
4254 1
4255 0
4256 1
4257 0
4258 1
4259 0
4260 1
4261 0
4262 1
4263 2
4264 0
4265 1
4266 0
4267 1
4268 0
4269 2
4270 1
4271 0
4272 2
4273 1
4274 0
4275 1
4276 2
4277 0
4278 2
4279 1
4280 0
4281 1
4282 0
4283 1
4284 0
4285 1
4286 0
4287 1
4288 0
4289 1
4290 0
4291 1
4292 0
4293 2
4294 1
4295 0
4296 1
4297 0
4298 1
4299 0
4300 1
4301 0
4302 1
4303 0
4304 1
4305 2
4306 0
4307 2
4308 1
4309 0
4310 1
4311 2
4312 1
4313 0
4314 2
4315 0
4316 1
4317 0
4318 1
4319 0
4320 1
4321 2
4322 0
4323 1
4324 2
4325 0
4326 2
4327 1
4328 0
4329 1
4330 0
4331 1
4332 0
4333 1
4334 0
4335 2
4336 1
4337 0
4338 2
4339 1
4340 0
4341 1
4342 2
4343 0
4344 1
4345 2
4346 1
4347 2
4348 0
4349 2
4350 1
4351 2
4352 0
4353 2
4354 1
4355 0
4356 2
4357 1
4358 2
4359 0
4360 1
4361 2
4362 0
4363 1
4364 0
4365 1
4366 0
4367 1
4368 2
4369 0
4370 1
4371 2
4372 0
4373 1
4374 0
4375 1
4376 2
4377 0
4378 1
4379 0
4380 1
4381 0
4382 1
4383 0
4384 2
4385 1
4386 2
4387 0
4388 1
4389 0
4390 1
4391 0
4392 1
4393 2
4394 0
4395 1
4396 2
4397 1
4398 2
4399 0
4400 2
4401 1
4402 0
4403 2
4404 1
4405 0
4406 1
4407 0
4408 2
4409 1
4410 2
4411 0
4412 1
4413 0
4414 1
4415 0
4416 1
4417 0
4418 1
4419 0
4420 1
4421 0
4422 1
4423 0
4424 2
4425 1
4426 0
4427 1
4428 0
4429 1
4430 2
4431 0
4432 1
4433 0
4434 2
4435 1
4436 0
4437 2
4438 1
4439 0
4440 1
4441 2
4442 0
4443 1
4444 0
4445 1
4446 2
4447 0
4448 1
4449 0
4450 1
4451 0
4452 1
4453 0
4454 2
4455 1
4456 0
4457 1
4458 0
4459 1
4460 0
4461 1
4462 0
4463 1
4464 0
4465 1
4466 0
4467 2
4468 1
4469 0
4470 1
4471 0
4472 1
4473 2
4474 1
4475 2
4476 0
4477 1
4478 2
4479 0
4480 2
4481 1
4482 0
4483 1
4484 0
4485 1
4486 0
4487 1
4488 0
4489 2
4490 1
4491 2
4492 0
4493 1
4494 0
4495 2
4496 1
4497 2
4498 0
4499 2
4500 1
4501 0
4502 1
4503 0
4504 1
4505 0
4506 1
4507 0
4508 2
4509 1
4510 0
4511 1
4512 0
4513 1
4514 2
4515 0
4516 2
4517 1
4518 2
4519 0
4520 1
4521 0
4522 2
4523 1
4524 0
4525 1
4526 0
4527 1
4528 0
4529 1
4530 0
4531 2
4532 0
4533 2
4534 0
4535 1
4536 0
4537 1
4538 2
4539 1
4540 0
4541 1
4542 0
4543 1
4544 0
4545 1
4546 0
4547 1
4548 0
4549 1
4550 2
4551 0
4552 1
4553 0
4554 1
4555 0
4556 1
4557 0
4558 2
4559 0
4560 1
4561 0
4562 1
4563 0
4564 2
4565 1
4566 0
4567 1
4568 2
4569 0
4570 2
4571 1
4572 0
4573 1
4574 2
4575 1
4576 0
4577 1
4578 0
4579 1
4580 0
4581 2
4582 0
4583 2
4584 1
4585 0
4586 1
4587 2
4588 0
4589 1
4590 0
4591 1
4592 0
4593 1
4594 0
4595 1
4596 2
4597 0
4598 1
4599 0
4600 2
4601 1
4602 0
4603 1
4604 2
4605 1
4606 0
4607 1
4608 0
4609 1
4610 0
4611 1
4612 0
4613 1
4614 2
4615 0
4616 2
4617 1
4618 0
4619 1
4620 0
4621 1
4622 2
4623 0
4624 1
4625 2
4626 0
4627 1
4628 0
4629 1
4630 0
4631 1
4632 0
4633 1
4634 0
4635 1
4636 2
4637 0
4638 2
4639 1
4640 0
4641 1
4642 0
4643 1
4644 0
4645 1
4646 0
4647 1
4648 0
4649 2
4650 1
4651 2
4652 0
4653 2
4654 1
4655 2
4656 1
4657 0
4658 1
4659 0
4660 1
4661 0
4662 1
4663 0
4664 2
4665 0
4666 2
4667 1
4668 2
4669 0
4670 1
4671 0
4672 1
4673 0
4674 1
4675 0
4676 1
4677 2
4678 0
4679 1
4680 2
4681 0
4682 1
4683 0
4684 1
4685 2
4686 0
4687 1
4688 0
4689 1
4690 2
4691 0
4692 1
4693 0
4694 1
4695 0
4696 2
4697 1
4698 0
4699 1
4700 2
4701 0
4702 1
4703 0
4704 2
4705 0
4706 1
4707 0
4708 1
4709 0
4710 1
4711 0
4712 2
4713 1
4714 0
4715 2
4716 0
4717 2
4718 1
4719 0
4720 1
4721 0
4722 1
4723 0
4724 2
4725 1
4726 2
4727 0
4728 1
4729 0
4730 1
4731 0
4732 2
4733 1
4734 2
4735 0
4736 1
4737 2
4738 0
4739 1
4740 0
4741 1
4742 0
4743 1
4744 0
4745 1
4746 2
4747 0
4748 2
4749 0
4750 2
4751 0
4752 1
4753 0
4754 1
4755 0
4756 1
4757 2
4758 0
4759 1
4760 0
4761 1
4762 0
4763 1
4764 2
4765 1
4766 0
4767 1
4768 0
4769 2
4770 1
4771 0
4772 1
4773 0
4774 1
4775 0
4776 2
4777 1
4778 2
4779 0
4780 1
4781 0
4782 1
4783 0
4784 1
4785 0
4786 2
4787 0
4788 1
4789 0
4790 1
4791 2
4792 0
4793 2
4794 1
4795 2
4796 0
4797 1
4798 2
4799 0
4800 1
4801 2
4802 0
4803 1
4804 2
4805 0
4806 1
4807 0
4808 1
4809 2
4810 0
4811 1
4812 0
4813 2
4814 1
4815 0
4816 1
4817 0
4818 1
4819 0
4820 1
4821 0
4822 1
4823 2
4824 0
4825 2
4826 1
4827 0
4828 1
4829 0
4830 1
4831 2
4832 0
4833 1
4834 0
4835 1
4836 0
4837 1
4838 0
4839 1
4840 0
4841 1
4842 0
4843 1
4844 0
4845 1
4846 0
4847 1
4848 0
4849 1
4850 2
4851 0
4852 1
4853 2
4854 0
4855 1
4856 0
4857 1
4858 0
4859 2
4860 1
4861 0
4862 2
4863 0
4864 2
4865 1
4866 2
4867 0
4868 2
4869 1
4870 2
4871 0
4872 1
4873 0
4874 1
4875 2
4876 0
4877 1
4878 0
4879 1
4880 0
4881 1
4882 0
4883 1
4884 2
4885 0
4886 2
4887 1
4888 0
4889 2
4890 1
4891 0
4892 2
4893 1
4894 2
4895 0
4896 1
4897 0
4898 1
4899 2
4900 1
4901 0
4902 1
4903 0
4904 1
4905 2
4906 0
4907 1
4908 0
4909 1
4910 0
4911 1
4912 0
4913 2
4914 1
4915 0
4916 1
4917 2
4918 0
4919 1
4920 2
4921 0
4922 1
4923 0
4924 1
4925 0
4926 2
4927 1
4928 0
4929 1
4930 2
4931 0
4932 2
4933 1
4934 2
4935 0
4936 1
4937 2
4938 0
4939 2
4940 0
4941 2
4942 1
4943 0
4944 2
4945 1
4946 0
4947 1
4948 2
4949 0
4950 1
4951 0
4952 1
4953 2
4954 0
4955 1
4956 2
4957 0
4958 1
4959 0
4960 1
4961 0
4962 1
4963 0
4964 2
4965 1
4966 2
4967 0
4968 1
4969 0
4970 1
4971 0
4972 2
4973 0
4974 2
4975 1
4976 0
4977 1
4978 0
4979 1
4980 0
4981 1
4982 0
4983 2
4984 1
4985 2
4986 0
4987 1
4988 0
4989 1
4990 0
4991 1
4992 0
4993 1
4994 0
4995 1
4996 0
4997 1
4998 0
4999 1
5000 0
5001 2
5002 1
5003 0
5004 1
5005 0
5006 1
5007 2
5008 0
5009 1
5010 0
5011 1
5012 0
5013 2
5014 1
5015 0
5016 1
5017 0
5018 2
5019 1
5020 0
5021 1
5022 2
5023 0
5024 2
5025 1
5026 0
5027 1
5028 0
5029 1
5030 0
5031 1
5032 2
5033 0
5034 2
5035 1
5036 2
5037 1
5038 0
5039 1
5040 2
5041 0
5042 1
5043 2
5044 0
5045 1
5046 0
5047 1
5048 0
5049 1
5050 2
5051 0
5052 1
5053 0
5054 1
5055 2
5056 0
5057 1
5058 0
5059 1
5060 2
5061 0
5062 1
5063 0
5064 2
5065 1
5066 2
5067 0
5068 1
5069 0
5070 2
5071 1
5072 0
5073 2
5074 1
5075 2
5076 0
5077 2
5078 1
5079 0
5080 2
5081 1
5082 0
5083 1
5084 0
5085 1
5086 0
5087 2
5088 1
5089 0
5090 1
5091 0
5092 1
5093 0
5094 2
5095 1
5096 0
5097 1
5098 0
5099 1
5100 0
5101 1
5102 0
5103 1
5104 0
5105 1
5106 0
5107 1
5108 0
5109 1
5110 0
5111 1
5112 0
5113 2
5114 1
5115 0
5116 1
5117 0
5118 1
5119 2
5120 0
5121 1
5122 0
5123 1
5124 0
5125 1
5126 2
5127 1
5128 0
5129 1
5130 2
5131 0
5132 2
5133 1
5134 2
5135 1
5136 0
5137 1
5138 0
5139 1
5140 0
5141 1
5142 0
5143 2
5144 1
5145 0
5146 1
5147 0
5148 1
5149 0
5150 2
5151 1
5152 0
5153 2
5154 1
5155 2
5156 0
5157 1
5158 0
5159 1
5160 0
5161 1
5162 2
5163 0
5164 1
5165 2
5166 1
5167 0
5168 1
5169 0
5170 2
5171 1
5172 0
5173 2
5174 1
5175 0
5176 1
5177 0
5178 1
5179 0
5180 1
5181 0
5182 1
5183 0
5184 1
5185 0
5186 1
5187 0
5188 1
5189 0
5190 2
5191 0
5192 1
5193 2
5194 0
5195 1
5196 0
5197 1
5198 0
5199 1
5200 2
5201 0
5202 2
5203 1
5204 2
5205 1
5206 0
5207 1
5208 2
5209 0
5210 1
5211 0
5212 1
5213 0
5214 1
5215 0
5216 2
5217 0
5218 1
5219 0
5220 1
5221 2
5222 1
5223 2
5224 0
5225 2
5226 1
5227 0
5228 1
5229 0
5230 1
5231 2
5232 0
5233 1
5234 0
5235 1
5236 2
5237 0
5238 1
5239 0
5240 1
5241 0
5242 1
5243 2
5244 0
5245 2
5246 1
5247 0
5248 1
5249 0
5250 1
5251 2
5252 0
5253 1
5254 0
5255 1
5256 0
5257 1
5258 0
5259 1
5260 0
5261 2
5262 0
5263 1
5264 0
5265 1
5266 0
5267 1
5268 2
5269 0
5270 1
5271 2
5272 1
5273 0
5274 2
5275 1
5276 0
5277 2
5278 0
5279 1
5280 2
5281 0
5282 1
5283 2
5284 1
5285 0
5286 1
5287 0
5288 2
5289 1
5290 2
5291 0
5292 1
5293 0
5294 1
5295 2
5296 0
5297 2
5298 1
5299 2
5300 0
5301 1
5302 0
5303 2
5304 1
5305 0
5306 2
5307 0
5308 1
5309 0
5310 1
5311 0
5312 1
5313 0
5314 1
5315 0
5316 1
5317 2
5318 0
5319 1
5320 0
5321 1
5322 0
5323 1
5324 2
5325 0
5326 2
5327 1
5328 2
5329 0
5330 1
5331 0
5332 1
5333 0
5334 2
5335 1
5336 2
5337 0
5338 1
5339 0
5340 1
5341 0
5342 1
5343 0
5344 1
5345 0
5346 2
5347 1
5348 2
5349 0
5350 1
5351 0
5352 1
5353 0
5354 1
5355 2
5356 0
5357 1
5358 2
5359 1
5360 0
5361 1
5362 0
5363 1
5364 2
5365 0
5366 1
5367 0
5368 1
5369 0
5370 1
5371 2
5372 0
5373 1
5374 0
5375 1
5376 0
5377 1
5378 0
5379 1
5380 0
5381 1
5382 2
5383 0
5384 1
5385 0
5386 1
5387 2
5388 0
5389 1
5390 0
5391 2
5392 1
5393 0
5394 1
5395 0
5396 2
5397 1
5398 0
5399 2
5400 1
5401 0
5402 1
5403 0
5404 1
5405 0
5406 1
5407 0
5408 1
5409 2
5410 0
5411 2
5412 1
5413 0
5414 1
5415 2
5416 0
5417 1
5418 2
5419 1
5420 0
5421 1
5422 0
5423 1
5424 0
5425 1
5426 0
5427 1
5428 0
5429 1
5430 0
5431 1
5432 0
5433 1
5434 2
5435 0
5436 1
5437 2
5438 0
5439 1
5440 0
5441 2
5442 0
5443 1
5444 2
5445 0
5446 1
5447 0
5448 2
5449 0
5450 1
5451 2
5452 1
5453 0
5454 1
5455 0
5456 1
5457 2
5458 0
5459 1
5460 0
5461 1
5462 0
5463 1
5464 2
5465 0
5466 2
5467 1
5468 0
5469 2
5470 1
5471 0
5472 2
5473 1
5474 0
5475 1
5476 0
5477 1
5478 2
5479 0
5480 1
5481 0
5482 2
5483 0
5484 1
5485 0
5486 2
5487 1
5488 2
5489 0
5490 1
5491 2
5492 0
5493 1
5494 0
5495 1
5496 0
5497 1
5498 0
5499 1
5500 0
5501 1
5502 0
5503 1
5504 0
5505 1
5506 2
5507 0
5508 1
5509 0
5510 1
5511 0
5512 1
5513 2
5514 0
5515 1
5516 0
5517 1
5518 0
5519 1
5520 2
5521 0
5522 2
5523 0
5524 2
5525 1
5526 0
5527 1
5528 0
5529 1
5530 2
5531 0
5532 2
5533 1
5534 0
5535 1
5536 0
5537 1
5538 2
5539 0
5540 2
5541 0
5542 1
5543 0
5544 1
5545 0
5546 1
5547 2
5548 0
5549 1
5550 0
5551 1
5552 0
5553 2
5554 0
5555 1
5556 0
5557 1
5558 2
5559 0
5560 1
5561 0
5562 1
5563 0
5564 1
5565 0
5566 2
5567 1
5568 0
5569 2
5570 0
5571 1
5572 0
5573 2
5574 0
5575 2
5576 1
5577 0
5578 1
5579 2
5580 1
5581 0
5582 1
5583 0
5584 1
5585 0
5586 1
5587 0
5588 1
5589 0
5590 2
5591 0
5592 1
5593 2
5594 0
5595 2
5596 1
5597 2
5598 0
5599 1
5600 0
5601 1
5602 0
5603 1
5604 0
5605 1
5606 0
5607 2
5608 1
5609 2
5610 0
5611 1
5612 0
5613 1
5614 2
5615 0
5616 1
5617 0
5618 1
5619 0
5620 1
5621 0
5622 2
5623 1
5624 0
5625 2
5626 1
5627 0
5628 1
5629 0
5630 2
5631 1
5632 2
5633 1
5634 0
5635 1
5636 0
5637 1
5638 0
5639 2
5640 1
5641 0
5642 2
5643 0
5644 2
5645 1
5646 0
5647 1
5648 0
5649 1
5650 0
5651 1
5652 2
5653 0
5654 1
5655 0
5656 1
5657 0
5658 1
5659 0
5660 2
5661 0
5662 1
5663 0
5664 1
5665 0
5666 2
5667 0
5668 1
5669 2
5670 0
5671 1
5672 2
5673 0
5674 1
5675 0
5676 1
5677 0
5678 1
5679 0
5680 1
5681 0
5682 1
5683 0
5684 1
5685 0
5686 2
5687 1
5688 2
5689 0
5690 1
5691 0
5692 1
5693 2
5694 0
5695 1
5696 2
5697 1
5698 0
5699 1
5700 0
5701 1
5702 0
5703 2
5704 1
5705 2
5706 0
5707 2
5708 1
5709 0
5710 1
5711 2
5712 0
5713 1
5714 2
5715 0
5716 1
5717 2
5718 1
5719 0
5720 1
5721 0
5722 1
5723 2
5724 0
5725 1
5726 0
5727 1
5728 2
5729 0
5730 1
5731 0
5732 1
5733 0
5734 2
5735 1
5736 0
5737 1
5738 0
5739 1
5740 0
5741 1
5742 2
5743 0
5744 1
5745 0
5746 1
5747 2
5748 0
5749 1
5750 0
5751 1
5752 2
5753 1
5754 0
5755 2
5756 1
5757 2
5758 0
5759 1
5760 0
5761 1
5762 2
5763 0
5764 2
5765 1
5766 0
5767 1
5768 2
5769 1
5770 2
5771 0
5772 2
5773 1
5774 0
5775 1
5776 0
5777 1
5778 2
5779 0
5780 1
5781 0
5782 1
5783 0
5784 1
5785 0
5786 2
5787 1
5788 0
5789 1
5790 0
5791 1
5792 0
5793 1
5794 0
5795 2
5796 1
5797 0
5798 1
5799 0
5800 1
5801 2
5802 0
5803 2
5804 0
5805 1
5806 2
5807 0
5808 1
5809 0
5810 1
5811 2
5812 0
5813 2
5814 1
5815 2
5816 0
5817 3
5818 1
5819 0
5820 2
5821 1
5822 0
5823 1
5824 2
5825 0
5826 2
5827 1
5828 0
5829 1
5830 0
5831 1
5832 0
5833 1
5834 2
5835 0
5836 1
5837 0
5838 2
5839 1
5840 0
5841 1
5842 0
5843 1
5844 0
5845 1
5846 2
5847 0
5848 1
5849 0
5850 1
5851 0
5852 1
5853 0
5854 1
5855 2
5856 0
5857 1
5858 0
5859 1
5860 0
5861 2
5862 1
5863 2
5864 0
5865 1
5866 0
5867 1
5868 0
5869 2
5870 0
5871 2
5872 1
5873 0
5874 2
5875 1
5876 0
5877 2
5878 0
5879 1
5880 0
5881 1
5882 0
5883 1
5884 0
5885 1
5886 0
5887 1
5888 0
5889 1
5890 0
5891 1
5892 2
5893 0
5894 1
5895 0
5896 1
5897 0
5898 1
5899 0
5900 2
5901 1
5902 0
5903 1
5904 0
5905 1
5906 0
5907 1
5908 0
5909 1
5910 2
5911 1
5912 2
5913 0
5914 1
5915 2
5916 1
5917 0
5918 1
5919 0
5920 1
5921 0
5922 2
5923 0
5924 1
5925 0
5926 2
5927 1
5928 2
5929 0
5930 1
5931 0
5932 1
5933 2
5934 0
5935 1
5936 2
5937 0
5938 2
5939 1
5940 0
5941 1
5942 0
5943 2
5944 1
5945 0
5946 1
5947 0
5948 1
5949 2
5950 0
5951 1
5952 0
5953 1
5954 0
5955 2
5956 0
5957 1
5958 0
5959 1
5960 0
5961 2
5962 0
5963 1
5964 2
5965 1
5966 2
5967 0
5968 1
5969 0
5970 2
5971 0
5972 1
5973 0
5974 1
5975 0
5976 1
5977 0
5978 1
5979 0
5980 1
5981 2
5982 0
5983 1
5984 0
5985 1
5986 0
5987 1
5988 0
5989 1
5990 0
5991 1
5992 0
5993 2
5994 1
5995 2
5996 0
5997 1
5998 0
5999 2
6000 1
6001 0
6002 1
6003 0
6004 2
6005 1
6006 0
6007 1
6008 2
6009 0
6010 1
6011 2
6012 0
6013 1
6014 2
6015 0
6016 1
6017 0
6018 1
6019 3
6020 2
6021 0
6022 1
6023 0
6024 1
6025 2
6026 1
6027 0
6028 1
6029 0
6030 1
6031 0
6032 1
6033 0
6034 1
6035 0
6036 1
6037 0
6038 1
6039 0
6040 1
6041 0
6042 1
6043 0
6044 1
6045 2
6046 1
6047 0
6048 2
6049 1
6050 0
6051 2
6052 1
6053 0
6054 1
6055 2
6056 0
6057 1
6058 0
6059 1
6060 2
6061 0
6062 1
6063 3
6064 0
6065 1
6066 0
6067 2
6068 1
6069 2
6070 1
6071 0
6072 1
6073 0
6074 1
6075 0
6076 2
6077 1
6078 2
6079 0
6080 1
6081 0
6082 1
6083 0
6084 1
6085 2
6086 0
6087 1
6088 0
6089 1
6090 0
6091 1
6092 0
6093 1
6094 0
6095 1
6096 0
6097 2
6098 1
6099 2
6100 0
6101 2
6102 1
6103 0
6104 1
6105 0
6106 1
6107 0
6108 1
6109 0
6110 1
6111 0
6112 1
6113 2
6114 0
6115 1
6116 0
6117 1
6118 0
6119 1
6120 0
6121 2
6122 1
6123 0
6124 1
6125 2
6126 0
6127 1
6128 2
6129 0
6130 1
6131 0
6132 2
6133 1
6134 2
6135 0
6136 1
6137 2
6138 0
6139 1
6140 2
6141 0
6142 1
6143 2
6144 0
6145 2
6146 1
6147 2
6148 0
6149 1
6150 0
6151 1
6152 0
6153 1
6154 2
6155 0
6156 1
6157 0
6158 2
6159 1
6160 2
6161 1
6162 0
6163 1
6164 0
6165 1
6166 0
6167 2
6168 1
6169 0
6170 1
6171 0
6172 2
6173 1
6174 0
6175 1
6176 2
6177 0
6178 2
6179 1
6180 0
6181 1
6182 0
6183 1
6184 2
6185 0
6186 1
6187 0
6188 1
6189 2
6190 0
6191 1
6192 0
6193 1
6194 0
6195 1
6196 2
6197 0
6198 1
6199 2
6200 0
6201 1
6202 0
6203 1
6204 0
6205 1
6206 0
6207 1
6208 0
6209 1
6210 0
6211 2
6212 0
6213 1
6214 2
6215 1
6216 0
6217 1
6218 0
6219 1
6220 0
6221 1
6222 0
6223 1
6224 0
6225 2
6226 1
6227 0
6228 1
6229 2
6230 1
6231 0
6232 2
6233 1
6234 0
6235 1
6236 0
6237 1
6238 0
6239 1
6240 0
6241 1
6242 2
6243 0
6244 1
6245 0
6246 1
6247 0
6248 1
6249 2
6250 0
6251 1
6252 2
6253 0
6254 2
6255 1
6256 2
6257 0
6258 1
6259 2
6260 0
6261 1
6262 0
6263 1
6264 0
6265 1
6266 2
6267 0
6268 1
6269 0
6270 1
6271 2
6272 0
6273 1
6274 0
6275 1
6276 0
6277 1
6278 0
6279 1
6280 2
6281 0
6282 1
6283 2
6284 0
6285 1
6286 0
6287 1
6288 2
6289 1
6290 2
6291 0
6292 1
6293 0
6294 1
6295 0
6296 2
6297 1
6298 2
6299 1
6300 2
6301 0
6302 2
6303 1
6304 0
6305 1
6306 2
6307 1
6308 0
6309 1
6310 0
6311 1
6312 0
6313 1
6314 2
6315 1
6316 2
6317 0
6318 1
6319 0
6320 1
6321 2
6322 0
6323 1
6324 0
6325 1
6326 0
6327 1
6328 2
6329 0
6330 1
6331 2
6332 0
6333 1
6334 0
6335 1
6336 0
6337 2
6338 1
6339 0
6340 1
6341 0
6342 1
6343 0
6344 1
6345 0
6346 1
6347 2
6348 0
6349 1
6350 0
6351 1
6352 0
6353 1
6354 2
6355 1
6356 0
6357 1
6358 0
6359 1
6360 0
6361 1
6362 2
6363 0
6364 1
6365 0
6366 2
6367 0
6368 1
6369 0
6370 1
6371 0
6372 1
6373 0
6374 2
6375 1
6376 0
6377 2
6378 1
6379 0
6380 1
6381 0
6382 1
6383 0
6384 1
6385 0
6386 1
6387 2
6388 0
6389 1
6390 0
6391 1
6392 0
6393 1
6394 0
6395 1
6396 2
6397 0
6398 1
6399 0
6400 1
6401 0
6402 1
6403 2
6404 0
6405 1
6406 0
6407 1
6408 0
6409 1
6410 0
6411 1
6412 2
6413 0
6414 1
6415 0
6416 1
6417 2
6418 0
6419 1
6420 2
6421 1
6422 0
6423 1
6424 0
6425 1
6426 0
6427 1
6428 0
6429 1
6430 0
6431 1
6432 2
6433 0
6434 1
6435 0
6436 1
6437 2
6438 0
6439 1
6440 0
6441 2
6442 1
6443 2
6444 0
6445 2
6446 1
6447 0
6448 1
6449 0
6450 1
6451 0
6452 1
6453 0
6454 1
6455 2
6456 0
6457 1
6458 0
6459 2
6460 1
6461 0
6462 1
6463 0
6464 1
6465 0
6466 1
6467 2
6468 1
6469 0
6470 2
6471 0
6472 1
6473 0
6474 1
6475 0
6476 1
6477 2
6478 0
6479 1
6480 0
6481 1
6482 0
6483 2
6484 0
6485 1
6486 0
6487 1
6488 0
6489 1
6490 0
6491 2
6492 1
6493 2
6494 0
6495 1
6496 3
6497 0
6498 1
6499 2
6500 0
6501 2
6502 1
6503 2
6504 0
6505 2
6506 1
6507 0
6508 1
6509 2
6510 0
6511 1
6512 2
6513 0
6514 1
6515 2
6516 0
6517 2
6518 1
6519 2
6520 1
6521 0
6522 1
6523 0
6524 1
6525 0
6526 1
6527 2
6528 0
6529 1
6530 0
6531 2
6532 1
6533 0
6534 2
6535 1
6536 0
6537 1
6538 2
6539 0
6540 1
6541 0
6542 2
6543 1
6544 0
6545 1
6546 0
6547 1
6548 0
6549 1
6550 2
6551 0
6552 1
6553 2
6554 1
6555 0
6556 1
6557 2
6558 1
6559 0
6560 1
6561 0
6562 1
6563 2
6564 1
6565 0
6566 1
6567 0
6568 1
6569 0
6570 2
6571 1
6572 0
6573 1
6574 2
6575 0
6576 1
6577 0
6578 1
6579 0
6580 1
6581 0
6582 1
6583 0
6584 1
6585 0
6586 1
6587 2
6588 0
6589 2
6590 0
6591 2
6592 1
6593 0
6594 1
6595 2
6596 0
6597 1
6598 0
6599 1
6600 0
6601 1
6602 0
6603 1
6604 0
6605 1
6606 0
6607 1
6608 0
6609 1
6610 2
6611 0
6612 1
6613 0
6614 2
6615 0
6616 1
6617 2
6618 1
6619 2
6620 0
6621 1
6622 2
6623 0
6624 1
6625 0
6626 1
6627 0
6628 1
6629 0
6630 1
6631 0
6632 1
6633 2
6634 0
6635 1
6636 2
6637 1
6638 0
6639 1
6640 0
6641 2
6642 1
6643 0
6644 1
6645 0
6646 2
6647 1
6648 0
6649 1
6650 0
6651 1
6652 2
6653 0
6654 1
6655 2
6656 0
6657 1
6658 2
6659 0
6660 1
6661 0
6662 2
6663 0
6664 2
6665 1
6666 0
6667 2
6668 1
6669 0
6670 1
6671 2
6672 0
6673 1
6674 0
6675 1
6676 0
6677 1
6678 0
6679 1
6680 0
6681 2
6682 1
6683 0
6684 1
6685 0
6686 1
6687 0
6688 1
6689 0
6690 1
6691 2
6692 0
6693 1
6694 0
6695 2
6696 0
6697 2
6698 3
6699 0
6700 2
6701 1
6702 0
6703 1
6704 2
6705 0
6706 2
6707 1
6708 2
6709 0
6710 2
6711 1
6712 0
6713 2
6714 1
6715 0
6716 1
6717 0
6718 1
6719 0
6720 1
6721 0
6722 1
6723 0
6724 1
6725 0
6726 1
6727 2
6728 0
6729 2
6730 1
6731 0
6732 1
6733 2
6734 0
6735 1
6736 0
6737 1
6738 0
6739 2
6740 0
6741 1
6742 0
6743 1
6744 0
6745 1
6746 0
6747 1
6748 0
6749 1
6750 0
6751 2
6752 1
6753 0
6754 2
6755 1
6756 0
6757 2
6758 1
6759 2
6760 0
6761 1
6762 0
6763 1
6764 0
6765 1
6766 0
6767 1
6768 0
6769 2
6770 1
6771 0
6772 2
6773 0
6774 1
6775 0
6776 1
6777 2
6778 0
6779 1
6780 0
6781 2
6782 1
6783 0
6784 1
6785 2
6786 0
6787 2
6788 1
6789 0
6790 2
6791 0
6792 1
6793 2
6794 0
6795 2
6796 1
6797 0
6798 1
6799 0
6800 1
6801 0
6802 1
6803 0
6804 1
6805 2
6806 0
6807 1
6808 2
6809 0
6810 1
6811 0
6812 1
6813 0
6814 1
6815 2
6816 0
6817 1
6818 2
6819 0
6820 1
6821 0
6822 1
6823 0
6824 1
6825 0
6826 1
6827 0
6828 2
6829 1
6830 0
6831 2
6832 1
6833 0
6834 1
6835 2
6836 0
6837 1
6838 0
6839 1
6840 3
6841 0
6842 1
6843 0
6844 1
6845 2
6846 0
6847 1
6848 0
6849 1
6850 0
6851 2
6852 1
6853 2
6854 0
6855 2
6856 0
6857 1
6858 0
6859 1
6860 2
6861 0
6862 1
6863 0
6864 2
6865 1
6866 0
6867 1
6868 0
6869 1
6870 2
6871 0
6872 1
6873 0
6874 1
6875 0
6876 1
6877 0
6878 1
6879 0
6880 1
6881 0
6882 1
6883 0
6884 1
6885 0
6886 1
6887 0
6888 1
6889 2
6890 0
6891 1
6892 0
6893 1
6894 0
6895 2
6896 1
6897 0
6898 1
6899 2
6900 1
6901 2
6902 0
6903 1
6904 0
6905 1
6906 2
6907 1
6908 0
6909 1
6910 2
6911 0
6912 1
6913 0
6914 2
6915 1
6916 0
6917 1
6918 2
6919 1
6920 0
6921 1
6922 2
6923 0
6924 1
6925 0
6926 1
6927 0
6928 2
6929 1
6930 0
6931 2
6932 1
6933 0
6934 1
6935 0
6936 2
6937 1
6938 2
6939 1
6940 0
6941 2
6942 1
6943 0
6944 1
6945 0
6946 1
6947 0
6948 1
6949 2
6950 0
6951 1
6952 0
6953 1
6954 2
6955 1
6956 0
6957 1
6958 0
6959 2
6960 1
6961 0
6962 1
6963 2
6964 0
6965 1
6966 2
6967 0
6968 1
6969 0
6970 1
6971 0
6972 2
6973 1
6974 2
6975 0
6976 1
6977 2
6978 0
6979 1
6980 0
6981 1
6982 0
6983 1
6984 2
6985 0
6986 1
6987 0
6988 1
6989 0
6990 1
6991 0
6992 1
6993 0
6994 1
6995 0
6996 2
6997 1
6998 2
6999 0
7000 1
7001 2
7002 1
7003 0
7004 2
7005 0
7006 1
7007 0
7008 2
7009 1
7010 0
7011 1
7012 0
7013 1
7014 0
7015 1
7016 2
7017 0
7018 1
7019 2
7020 0
7021 1
7022 0
7023 1
7024 0
7025 1
7026 0
7027 1
7028 0
7029 2
7030 1
7031 0
7032 1
7033 0
7034 1
7035 0
7036 1
7037 0
7038 2
7039 1
7040 2
7041 0
7042 1
7043 0
7044 3
7045 1
7046 2
7047 1
7048 2
7049 0
7050 1
7051 2
7052 1
7053 0
7054 1
7055 0
7056 1
7057 0
7058 1
7059 0
7060 1
7061 0
7062 2
7063 1
7064 2
7065 1
7066 2
7067 0
7068 2
7069 1
7070 0
7071 2
7072 1
7073 0
7074 1
7075 0
7076 1
7077 0
7078 1
7079 0
7080 1
7081 0
7082 1
7083 0
7084 2
7085 1
7086 2
7087 0
7088 2
7089 0
7090 1
7091 2
7092 0
7093 2
7094 0
7095 1
7096 2
7097 0
7098 1
7099 2
7100 0
7101 1
7102 0
7103 1
7104 0
7105 2
7106 1
7107 2
7108 0
7109 1
7110 0
7111 1
7112 0
7113 1
7114 0
7115 1
7116 0
7117 2
7118 1
7119 0
7120 2
7121 1
7122 0
7123 1
7124 0
7125 1
7126 0
7127 1
7128 2
7129 1
7130 0
7131 1
7132 2
7133 0
7134 1
7135 0
7136 2
7137 1
7138 0
7139 1
7140 2
7141 0
7142 1
7143 2
7144 0
7145 1
7146 0
7147 1
7148 0
7149 1
7150 0
7151 1
7152 0
7153 1
7154 0
7155 1
7156 2
7157 0
7158 1
7159 0
7160 1
7161 2
7162 0
7163 1
7164 0
7165 1
7166 0
7167 1
7168 0
7169 1
7170 0
7171 1
7172 2
7173 0
7174 1
7175 2
7176 1
7177 0
7178 1
7179 0
7180 1
7181 0
7182 1
7183 0
7184 1
7185 0
7186 1
7187 0
7188 1
7189 2
7190 0
7191 1
7192 0
7193 1
7194 2
7195 0
7196 1
7197 0
7198 1
7199 0
7200 1
7201 0
7202 1
7203 0
7204 1
7205 0
7206 1
7207 0
7208 1
7209 2
7210 0
7211 2
7212 1
7213 0
7214 1
7215 0
7216 1
7217 0
7218 2
7219 1
7220 0
7221 1
7222 0
7223 1
7224 2
7225 0
7226 2
7227 0
7228 1
7229 0
7230 1
7231 0
7232 1
7233 0
7234 1
7235 0
7236 1
7237 0
7238 1
7239 0
7240 1
7241 0
7242 1
7243 2
7244 0
7245 1
7246 0
7247 1
7248 0
7249 1
7250 2
7251 0
7252 1
7253 0
7254 1
7255 0
7256 1
7257 0
7258 1
7259 2
7260 0
7261 2
7262 1
7263 0
7264 2
7265 1
7266 0
7267 1
7268 0
7269 1
7270 0
7271 1
7272 0
7273 1
7274 0
7275 1
7276 0
7277 1
7278 0
7279 1
7280 0
7281 1
7282 0
7283 1
7284 0
7285 1
7286 0
7287 2
7288 0
7289 1
7290 0
7291 1
7292 0
7293 2
7294 1
7295 0
7296 2
7297 1
7298 0
7299 1
7300 0
7301 1
7302 2
7303 0
7304 1
7305 0
7306 1
7307 0
7308 1
7309 2
7310 1
7311 0
7312 1
7313 0
7314 1
7315 2
7316 0
7317 2
7318 1
7319 0
7320 1
7321 0
7322 1
7323 2
7324 0
7325 1
7326 0
7327 1
7328 0
7329 2
7330 1
7331 2
7332 0
7333 1
7334 2
7335 0
7336 1
7337 2
7338 0
7339 1
7340 0
7341 1
7342 0
7343 2
7344 1
7345 0
7346 2
7347 1
7348 2
7349 1
7350 0
7351 2
7352 1
7353 0
7354 2
7355 1
7356 0
7357 1
7358 0
7359 2
7360 1
7361 0
7362 1
7363 0
7364 1
7365 2
7366 1
7367 0
7368 1
7369 0
7370 1
7371 0
7372 1
7373 2
7374 0
7375 1
7376 0
7377 1
7378 0
7379 2
7380 1
7381 2
7382 0
7383 1
7384 2
7385 0
7386 1
7387 0
7388 1
7389 0
7390 1
7391 2
7392 0
7393 1
7394 0
7395 2
7396 1
7397 0
7398 1
7399 0
7400 1
7401 0
7402 2
7403 1
7404 0
7405 1
7406 2
7407 0
7408 1
7409 0
7410 1
7411 2
7412 0
7413 1
7414 0
7415 2
7416 0
7417 1
7418 0
7419 1
7420 0
7421 1
7422 0
7423 2
7424 1
7425 0
7426 1
7427 0
7428 1
7429 0
7430 1
7431 2
7432 0
7433 1
7434 0
7435 1
7436 2
7437 1
7438 2
7439 0
7440 2
7441 1
7442 0
7443 2
7444 1
7445 0
7446 1
7447 0
7448 2
7449 1
7450 2
7451 0
7452 1
7453 2
7454 0
7455 2
7456 1
7457 0
7458 1
7459 2
7460 0
7461 2
7462 1
7463 0
7464 1
7465 2
7466 0
7467 1
7468 0
7469 1
7470 2
7471 0
7472 1
7473 0
7474 1
7475 0
7476 1
7477 2
7478 0
7479 1
7480 0
7481 2
7482 1
7483 0
7484 2
7485 1
7486 0
7487 1
7488 0
7489 1
7490 0
7491 1
7492 2
7493 0
7494 1
7495 0
7496 1
7497 2
7498 0
7499 2
7500 1
7501 0
7502 1
7503 0
7504 1
7505 0
7506 1
7507 0
7508 1
7509 0
7510 1
7511 0
7512 2
7513 0
7514 1
7515 0
7516 1
7517 0
7518 1
7519 2
7520 0
7521 1
7522 2
7523 0
7524 1
7525 0
7526 1
7527 2
7528 0
7529 1
7530 0
7531 1
7532 0
7533 1
7534 0
7535 1
7536 0
7537 1
7538 0
7539 1
7540 2
7541 0
7542 1
7543 0
7544 1
7545 0
7546 2
7547 1
7548 2
7549 0
7550 1
7551 0
7552 1
7553 0
7554 2
7555 1
7556 0
7557 2
7558 1
7559 2
7560 1
7561 0
7562 1
7563 0
7564 1
7565 2
7566 0
7567 2
7568 1
7569 0
7570 1
7571 0
7572 1
7573 0
7574 1
7575 0
7576 1
7577 2
7578 0
7579 1
7580 0
7581 1
7582 0
7583 1
7584 0
7585 1
7586 0
7587 1
7588 0
7589 1
7590 2
7591 0
7592 1
7593 0
7594 1
7595 0
7596 1
7597 0
7598 1
7599 2
7600 0
7601 2
7602 1
7603 2
7604 0
7605 1
7606 0
7607 1
7608 0
7609 1
7610 0
7611 1
7612 2
7613 0
7614 1
7615 0
7616 1
7617 0
7618 1
7619 0
7620 1
7621 0
7622 1
7623 0
7624 1
7625 0
7626 2
7627 1
7628 2
7629 0
7630 1
7631 0
7632 1
7633 0
7634 1
7635 2
7636 0
7637 1
7638 2
7639 0
7640 2
7641 0
7642 1
7643 2
7644 0
7645 1
7646 0
7647 1
7648 0
7649 1
7650 0
7651 2
7652 1
7653 0
7654 1
7655 2
7656 1
7657 2
7658 0
7659 2
7660 0
7661 2
7662 0
7663 2
7664 1
7665 0
7666 1
7667 0
7668 1
7669 0
7670 1
7671 0
7672 2
7673 0
7674 1
7675 0
7676 1
7677 0
7678 1
7679 0
7680 1
7681 0
7682 1
7683 0
7684 1
7685 2
7686 1
7687 0
7688 1
7689 0
7690 1
7691 2
7692 0
7693 1
7694 0
7695 2
7696 1
7697 0
7698 1
7699 0
7700 2
7701 1
7702 2
7703 0
7704 1
7705 2
7706 0
7707 1
7708 2
7709 0
7710 1
7711 2
7712 0
7713 1
7714 0
7715 1
7716 0
7717 2
7718 1
7719 0
7720 1
7721 2
7722 0
7723 1
7724 0
7725 1
7726 0
7727 1
7728 2
7729 0
7730 2
7731 1
7732 0
7733 1
7734 0
7735 1
7736 2
7737 0
7738 1
7739 0
7740 1
7741 0
7742 1
7743 0
7744 1
7745 0
7746 2
7747 1
7748 2
7749 0
7750 1
7751 0
7752 1
7753 0
7754 1
7755 2
7756 0
7757 1
7758 0
7759 1
7760 0
7761 1
7762 2
7763 0
7764 1
7765 0
7766 1
7767 2
7768 0
7769 1
7770 2
7771 0
7772 1
7773 2
7774 0
7775 1
7776 2
7777 0
7778 1
7779 0
7780 1
7781 0
7782 1
7783 0
7784 1
7785 0
7786 1
7787 0
7788 1
7789 0
7790 1
7791 0
7792 2
7793 0
7794 1
7795 2
7796 0
7797 1
7798 2
7799 0
7800 2
7801 1
7802 0
7803 1
7804 0
7805 1
7806 2
7807 0
7808 1
7809 2
7810 0
7811 1
7812 0
7813 1
7814 2
7815 0
7816 2
7817 1
7818 0
7819 1
7820 0
7821 1
7822 2
7823 0
7824 1
7825 0
7826 2
7827 1
7828 0
7829 2
7830 1
7831 2
7832 0
7833 1
7834 0
7835 1
7836 0
7837 1
7838 0
7839 2
7840 1
7841 0
7842 1
7843 0
7844 1
7845 0
7846 1
7847 2
7848 0
7849 2
7850 1
7851 2
7852 0
7853 1
7854 2
7855 0
7856 1
7857 2
7858 0
7859 1
7860 0
7861 1
7862 0
7863 1
7864 2
7865 0
7866 1
7867 2
7868 0
7869 1
7870 0
7871 1
7872 0
7873 1
7874 2
7875 0
7876 2
7877 1
7878 0
7879 1
7880 2
7881 0
7882 1
7883 0
7884 2
7885 1
7886 2
7887 0
7888 1
7889 0
7890 2
7891 1
7892 2
7893 0
7894 1
7895 0
7896 1
7897 0
7898 1
7899 0
7900 1
7901 0
7902 2
7903 1
7904 2
7905 0
7906 1
7907 0
7908 1
7909 0
7910 1
7911 0
7912 1
7913 3
7914 0
7915 1
7916 0
7917 1
7918 0
7919 1
7920 0
7921 2
7922 1
7923 0
7924 1
7925 0
7926 1
7927 0
7928 1
7929 0
7930 1
7931 2
7932 0
7933 1
7934 0
7935 1
7936 2
7937 1
7938 0
7939 1
7940 0
7941 1
7942 2
7943 0
7944 1
7945 0
7946 1
7947 0
7948 1
7949 0
7950 1
7951 2
7952 1
7953 0
7954 1
7955 0
7956 1
7957 0
7958 1
7959 0
7960 1
7961 0
7962 1
7963 2
7964 1
7965 0
7966 1
7967 0
7968 1
7969 0
7970 2
7971 0
7972 2
7973 1
7974 2
7975 0
7976 2
7977 1
7978 2
7979 0
7980 1
7981 0
7982 2
7983 0
7984 1
7985 2
7986 1
7987 0
7988 1
7989 0
7990 1
7991 0
7992 1
7993 0
7994 1
7995 2
7996 0
7997 1
7998 0
7999 2
8000 0
8001 1
8002 0
8003 1
8004 0
8005 2
8006 1
8007 0
8008 1
8009 0
8010 1
8011 0
8012 1
8013 2
8014 3
8015 0
8016 1
8017 0
8018 2
8019 1
8020 2
8021 1
8022 0
8023 1
8024 2
8025 0
8026 2
8027 0
8028 1
8029 2
8030 0
8031 2
8032 1
8033 0
8034 1
8035 2
8036 1
8037 0
8038 1
8039 0
8040 2
8041 1
8042 0
8043 2
8044 1
8045 0
8046 1
8047 2
8048 0
8049 1
8050 0
8051 1
8052 0
8053 1
8054 0
8055 1
8056 0
8057 2
8058 0
8059 1
8060 0
8061 2
8062 1
8063 0
8064 2
8065 0
8066 1
8067 0
8068 1
8069 2
8070 1
8071 0
8072 1
8073 2
8074 0
8075 1
8076 0
8077 1
8078 0
8079 1
8080 2
8081 0
8082 1
8083 2
8084 0
8085 1
8086 0
8087 1
8088 0
8089 1
8090 2
8091 0
8092 1
8093 2
8094 0
8095 1
8096 0
8097 2
8098 0
8099 1
8100 0
8101 1
8102 2
8103 0
8104 2
8105 1
8106 0
8107 1
8108 0
8109 2
8110 1
8111 0
8112 2
8113 1
8114 2
8115 0
8116 1
8117 0
8118 1
8119 0
8120 1
8121 0
8122 1
8123 0
8124 1
8125 2
8126 0
8127 2
8128 1
8129 0
8130 1
8131 0
8132 1
8133 0
8134 1
8135 0
8136 2
8137 1
8138 2
8139 1
8140 0
8141 1
8142 2
8143 0
8144 1
8145 0
8146 1
8147 0
8148 1
8149 0
8150 1
8151 2
8152 0
8153 1
8154 0
8155 2
8156 1
8157 0
8158 1
8159 0
8160 1
8161 0
8162 1
8163 0
8164 1
8165 2
8166 0
8167 1
8168 2
8169 1
8170 0
8171 1
8172 2
8173 0
8174 1
8175 0
8176 1
8177 2
8178 0
8179 2
8180 0
8181 1
8182 0
8183 1
8184 2
8185 0
8186 2
8187 1
8188 0
8189 1
8190 0
8191 1
8192 0
8193 1
8194 2
8195 3
8196 1
8197 0
8198 1
8199 0
8200 1
8201 2
8202 0
8203 1
8204 2
8205 0
8206 1
8207 2
8208 1
8209 0
8210 1
8211 2
8212 0
8213 1
8214 0
8215 1
8216 2
8217 0
8218 1
8219 0
8220 1
8221 0
8222 1
8223 0
8224 1
8225 0
8226 2
8227 1
8228 2
8229 0
8230 1
8231 0
8232 2
8233 0
8234 1
8235 0
8236 1
8237 2
8238 0
8239 2
8240 1
8241 0
8242 1
8243 2
8244 0
8245 1
8246 0
8247 2
8248 1
8249 2
8250 1
8251 0
8252 1
8253 0
8254 1
8255 0
8256 1
8257 0
8258 1
8259 0
8260 1
8261 0
8262 1
8263 0
8264 1
8265 2
8266 0
8267 1
8268 0
8269 1
8270 0
8271 1
8272 0
8273 2
8274 0
8275 2
8276 1
8277 2
8278 0
8279 1
8280 0
8281 1
8282 0
8283 1
8284 0
8285 1
8286 0
8287 1
8288 0
8289 1
8290 2
8291 1
8292 0
8293 1
8294 0
8295 1
8296 2
8297 1
8298 0
8299 1
8300 0
8301 1
8302 0
8303 1
8304 2
8305 0
8306 1
8307 0
8308 1
8309 2
8310 1
8311 2
8312 0
8313 1
8314 0
8315 1
8316 0
8317 2
8318 0
8319 1
8320 0
8321 1
8322 0
8323 1
8324 0
8325 1
8326 0
8327 1
8328 0
8329 1
8330 2
8331 0
8332 1
8333 0
8334 1
8335 2
8336 0
8337 1
8338 2
8339 0
8340 1
8341 0
8342 1
8343 2
8344 1
8345 0
8346 1
8347 2
8348 0
8349 1
8350 0
8351 2
8352 1
8353 0
8354 1
8355 2
8356 1
8357 2
8358 0
8359 1
8360 0
8361 1
8362 0
8363 1
8364 0
8365 1
8366 2
8367 1
8368 0
8369 1
8370 0
8371 1
8372 0
8373 2
8374 1
8375 2
8376 1
8377 0
8378 1
8379 0
8380 1
8381 0
8382 2
8383 0
8384 1
8385 0
8386 1
8387 0
8388 1
8389 0
8390 1
8391 2
8392 0
8393 2
8394 1
8395 0
8396 1
8397 2
8398 1
8399 0
8400 1
8401 0
8402 1
8403 0
8404 1
8405 0
8406 1
8407 0
8408 1
8409 0
8410 2
8411 1
8412 0
8413 2
8414 1
8415 0
8416 1
8417 2
8418 0
8419 1
8420 0
8421 1
8422 0
8423 1
8424 0
8425 1
8426 0
8427 1
8428 0
8429 1
8430 0
8431 1
8432 0
8433 1
8434 0
8435 1
8436 2
8437 1
8438 2
8439 0
8440 1
8441 2
8442 0
8443 2
8444 1
8445 0
8446 2
8447 0
8448 1
8449 0
8450 1
8451 2
8452 0
8453 1
8454 2
8455 0
8456 2
8457 0
8458 1
8459 2
8460 0
8461 2
8462 1
8463 0
8464 1
8465 0
8466 1
8467 2
8468 1
8469 0
8470 1
8471 2
8472 0
8473 1
8474 0
8475 1
8476 0
8477 1
8478 2
8479 0
8480 1
8481 0
8482 1
8483 0
8484 1
8485 0
8486 1
8487 2
8488 0
8489 1
8490 2
8491 0
8492 1
8493 0
8494 1
8495 2
8496 1
8497 0
8498 1
8499 0
8500 1
8501 0
8502 2
8503 1
8504 0
8505 1
8506 0
8507 1
8508 0
8509 1
8510 0
8511 1
8512 0
8513 2
8514 1
8515 2
8516 1
8517 0
8518 2
8519 1
8520 0
8521 1
8522 0
8523 2
8524 1
8525 0
8526 1
8527 0
8528 1
8529 0
8530 2
8531 0
8532 1
8533 0
8534 2
8535 1
8536 2
8537 0
8538 1
8539 0
8540 2
8541 1
8542 0
8543 1
8544 0
8545 2
8546 1
8547 2
8548 0
8549 2
8550 1
8551 0
8552 1
8553 0
8554 1
8555 2
8556 0
8557 1
8558 0
8559 2
8560 1
8561 0
8562 1
8563 2
8564 0
8565 1
8566 0
8567 1
8568 0
8569 1
8570 0
8571 1
8572 0
8573 1
8574 0
8575 2
8576 1
8577 0
8578 1
8579 0
8580 1
8581 0
8582 2
8583 1
8584 0
8585 2
8586 1
8587 0
8588 1
8589 0
8590 1
8591 0
8592 1
8593 0
8594 2
8595 1
8596 0
8597 1
8598 0
8599 1
8600 0
8601 1
8602 0
8603 1
8604 0
8605 1
8606 2
8607 0
8608 2
8609 1
8610 0
8611 1
8612 2
8613 0
8614 1
8615 2
8616 0
8617 2
8618 1
8619 0
8620 1
8621 0
8622 2
8623 0
8624 2
8625 1
8626 0
8627 1
8628 0
8629 1
8630 0
8631 1
8632 2
8633 0
8634 1
8635 0
8636 1
8637 2
8638 0
8639 1
8640 0
8641 1
8642 0
8643 1
8644 0
8645 1
8646 0
8647 1
8648 0
8649 2
8650 3
8651 0
8652 1
8653 2
8654 0
8655 1
8656 2
8657 0
8658 1
8659 0
8660 1
8661 0
8662 1
8663 0
8664 1
8665 0
8666 2
8667 1
8668 0
8669 2
8670 1
8671 0
8672 1
8673 0
8674 1
8675 2
8676 1
8677 2
8678 0
8679 1
8680 0
8681 2
8682 1
8683 0
8684 1
8685 0
8686 1
8687 0
8688 1
8689 0
8690 1
8691 0
8692 1
8693 0
8694 1
8695 2
8696 0
8697 1
8698 0
8699 1
8700 2
8701 0
8702 1
8703 0
8704 1
8705 0
8706 1
8707 0
8708 2
8709 1
8710 0
8711 1
8712 0
8713 1
8714 0
8715 1
8716 0
8717 1
8718 0
8719 1
8720 0
8721 1
8722 0
8723 2
8724 0
8725 1
8726 0
8727 1
8728 0
8729 1
8730 0
8731 2
8732 1
8733 0
8734 2
8735 0
8736 1
8737 2
8738 0
8739 1
8740 2
8741 0
8742 1
8743 2
8744 1
8745 0
8746 1
8747 0
8748 2
8749 1
8750 0
8751 2
8752 1
8753 2
8754 0
8755 1
8756 0
8757 1
8758 0
8759 1
8760 0
8761 2
8762 0
8763 2
8764 1
8765 2
8766 3
8767 0
8768 1
8769 2
8770 0
8771 1
8772 0
8773 1
8774 0
8775 2
8776 1
8777 0
8778 1
8779 2
8780 0
8781 1
8782 0
8783 1
8784 2
8785 0
8786 1
8787 3
8788 0
8789 1
8790 0
8791 2
8792 0
8793 1
8794 0
8795 2
8796 1
8797 0
8798 1
8799 2
8800 0
8801 1
8802 0
8803 1
8804 2
8805 0
8806 1
8807 0
8808 2
8809 0
8810 1
8811 0
8812 2
8813 1
8814 2
8815 0
8816 1
8817 0
8818 1
8819 0
8820 2
8821 1
8822 2
8823 1
8824 0
8825 1
8826 0
8827 1
8828 0
8829 1
8830 0
8831 2
8832 1
8833 2
8834 1
8835 2
8836 1
8837 0
8838 1
8839 2
8840 0
8841 1
8842 0
8843 1
8844 0
8845 1
8846 2
8847 0
8848 2
8849 1
8850 2
8851 1
8852 2
8853 0
8854 2
8855 1
8856 2
8857 1
8858 0
8859 1
8860 2
8861 0
8862 2
8863 1
8864 0
8865 2
8866 0
8867 1
8868 0
8869 1
8870 0
8871 1
8872 2
8873 0
8874 1
8875 0
8876 1
8877 0
8878 2
8879 0
8880 1
8881 0
8882 1
8883 0
8884 2
8885 1
8886 2
8887 1
8888 0
8889 1
8890 2
8891 0
8892 1
8893 2
8894 0
8895 1
8896 0
8897 1
8898 0
8899 1
8900 0
8901 2
8902 1
8903 2
8904 0
8905 1
8906 2
8907 0
8908 1
8909 0
8910 1
8911 0
8912 2
8913 1
8914 0
8915 1
8916 0
8917 1
8918 0
8919 2
8920 1
8921 0
8922 2
8923 1
8924 0
8925 2
8926 1
8927 2
8928 1
8929 0
8930 1
8931 0
8932 2
8933 1
8934 2
8935 1
8936 0
8937 2
8938 1
8939 2
8940 1
8941 0
8942 2
8943 1
8944 2
8945 0
8946 1
8947 0
8948 2
8949 1
8950 0
8951 2
8952 0
8953 2
8954 1
8955 0
8956 1
8957 0
8958 1
8959 0
8960 1
8961 0
8962 1
8963 0
8964 2
8965 1
8966 0
8967 1
8968 2
8969 0
8970 1
8971 2
8972 0
8973 1
8974 0
8975 1
8976 2
8977 0
8978 2
8979 1
8980 0
8981 1
8982 0
8983 2
8984 1
8985 2
8986 1
8987 0
8988 1
8989 0
8990 1
8991 2
8992 0
8993 1
8994 0
8995 1
8996 2
8997 0
8998 1
8999 0
9000 2
9001 0
9002 1
9003 0
9004 1
9005 2
9006 0
9007 1
9008 0
9009 2
9010 1
9011 0
9012 2
9013 1
9014 2
9015 0
9016 1
9017 0
9018 2
9019 1
9020 0
9021 1
9022 0
9023 1
9024 2
9025 0
9026 1
9027 2
9028 0
9029 1
9030 0
9031 1
9032 0
9033 2
9034 0
9035 1
9036 0
9037 2
9038 1
9039 0
9040 1
9041 2
9042 0
9043 2
9044 1
9045 0
9046 1
9047 2
9048 0
9049 1
9050 2
9051 0
9052 1
9053 2
9054 0
9055 1
9056 0
9057 1
9058 0
9059 1
9060 2
9061 0
9062 1
9063 0
9064 1
9065 0
9066 1
9067 2
9068 0
9069 1
9070 2
9071 0
9072 1
9073 0
9074 2
9075 1
9076 2
9077 0
9078 1
9079 0
9080 1
9081 0
9082 2
9083 1
9084 0
9085 1
9086 0
9087 1
9088 2
9089 0
9090 1
9091 2
9092 1
9093 0
9094 1
9095 0
9096 2
9097 0
9098 1
9099 2
9100 0
9101 1
9102 0
9103 1
9104 0
9105 1
9106 0
9107 1
9108 0
9109 1
9110 0
9111 1
9112 0
9113 1
9114 0
9115 1
9116 0
9117 1
9118 0
9119 1
9120 0
9121 2
9122 1
9123 2
9124 0
9125 1
9126 0
9127 1
9128 0
9129 1
9130 0
9131 2
9132 1
9133 0
9134 2
9135 0
9136 1
9137 0
9138 1
9139 0
9140 1
9141 0
9142 1
9143 2
9144 0
9145 1
9146 0
9147 1
9148 0
9149 2
9150 0
9151 1
9152 0
9153 2
9154 1
9155 0
9156 1
9157 0
9158 1
9159 0
9160 1
9161 2
9162 0
9163 1
9164 0
9165 1
9166 2
9167 1
9168 0
9169 1
9170 2
9171 0
9172 1
9173 0
9174 2
9175 1
9176 0
9177 2
9178 1
9179 2
9180 0
9181 2
9182 1
9183 2
9184 0
9185 2
9186 1
9187 0
9188 2
9189 1
9190 2
9191 1
9192 0
9193 1
9194 2
9195 0
9196 1
9197 0
9198 1
9199 0
9200 1
9201 0
9202 1
9203 0
9204 1
9205 2
9206 0
9207 1
9208 0
9209 1
9210 0
9211 1
9212 2
9213 0
9214 1
9215 0
9216 1
9217 2
9218 0
9219 1
9220 0
9221 1
9222 0
9223 2
9224 1
9225 0
9226 1
9227 2
9228 0
9229 1
9230 0
9231 2
9232 0
9233 2
9234 1
9235 0
9236 1
9237 0
9238 2
9239 0
9240 1
9241 0
9242 2
9243 1
9244 0
9245 1
9246 0
9247 1
9248 0
9249 1
9250 2
9251 0
9252 2
9253 1
9254 2
9255 0
9256 1
9257 0
9258 1
9259 0
9260 1
9261 2
9262 1
9263 0
9264 2
9265 1
9266 0
9267 1
9268 0
9269 1
9270 0
9271 2
9272 1
9273 2
9274 0
9275 2
9276 1
9277 2
9278 0
9279 1
9280 0
9281 2
9282 0
9283 1
9284 0
9285 1
9286 2
9287 0
9288 1
9289 2
9290 0
9291 1
9292 0
9293 1
9294 0
9295 1
9296 2
9297 0
9298 1
9299 2
9300 0
9301 2
9302 1
9303 0
9304 1
9305 2
9306 0
9307 1
9308 0
9309 1
9310 0
9311 1
9312 0
9313 1
9314 0
9315 1
9316 2
9317 0
9318 2
9319 0
9320 1
9321 0
9322 1
9323 0
9324 2
9325 0
9326 1
9327 0
9328 1
9329 0
9330 1
9331 2
9332 0
9333 1
9334 0
9335 1
9336 2
9337 0
9338 1
9339 2
9340 0
9341 2
9342 1
9343 2
9344 3
9345 0
9346 1
9347 0
9348 1
9349 0
9350 1
9351 0
9352 1
9353 0
9354 2
9355 1
9356 0
9357 2
9358 1
9359 0
9360 1
9361 0
9362 1
9363 2
9364 0
9365 1
9366 0
9367 2
9368 1
9369 0
9370 1
9371 2
9372 0
9373 1
9374 2
9375 0
9376 1
9377 0
9378 1
9379 2
9380 0
9381 1
9382 0
9383 2
9384 1
9385 2
9386 0
9387 1
9388 0
9389 1
9390 0
9391 1
9392 2
9393 0
9394 1
9395 0
9396 2
9397 1
9398 0
9399 1
9400 0
9401 1
9402 0
9403 1
9404 0
9405 1
9406 0
9407 1
9408 2
9409 0
9410 2
9411 1
9412 0
9413 1
9414 0
9415 1
9416 2
9417 1
9418 0
9419 1
9420 0
9421 1
9422 2
9423 0
9424 1
9425 2
9426 1
9427 2
9428 3
9429 1
9430 0
9431 1
9432 2
9433 0
9434 1
9435 0
9436 1
9437 0
9438 1
9439 0
9440 1
9441 0
9442 2
9443 1
9444 2
9445 0
9446 1
9447 0
9448 1
9449 2
9450 0
9451 1
9452 2
9453 0
9454 2
9455 3
9456 1
9457 2
9458 0
9459 1
9460 0
9461 1
9462 0
9463 1
9464 0
9465 1
9466 0
9467 1
9468 2
9469 0
9470 1
9471 2
9472 0
9473 2
9474 0
9475 1
9476 0
9477 2
9478 1
9479 0
9480 1
9481 0
9482 1
9483 2
9484 0
9485 1
9486 0
9487 2
9488 1
9489 0
9490 1
9491 0
9492 1
9493 0
9494 1
9495 0
9496 1
9497 0
9498 1
9499 0
9500 1
9501 0
9502 1
9503 0
9504 1
9505 0
9506 2
9507 1
9508 0
9509 1
9510 0
9511 1
9512 2
9513 0
9514 2
9515 0
9516 1
9517 0
9518 1
9519 2
9520 0
9521 1
9522 2
9523 0
9524 1
9525 0
9526 1
9527 0
9528 2
9529 0
9530 1
9531 0
9532 2
9533 1
9534 2
9535 0
9536 1
9537 0
9538 1
9539 0
9540 1
9541 0
9542 1
9543 0
9544 1
9545 0
9546 1
9547 0
9548 2
9549 1
9550 2
9551 1
9552 0
9553 1
9554 2
9555 0
9556 1
9557 0
9558 1
9559 0
9560 1
9561 2
9562 0
9563 1
9564 0
9565 1
9566 0
9567 1
9568 0
9569 1
9570 0
9571 1
9572 0
9573 1
9574 0
9575 1
9576 0
9577 1
9578 0
9579 2
9580 0
9581 1
9582 2
9583 0
9584 1
9585 0
9586 2
9587 1
9588 0
9589 1
9590 0
9591 1
9592 0
9593 1
9594 0
9595 1
9596 2
9597 0
9598 1
9599 0
9600 1
9601 0
9602 1
9603 0
9604 1
9605 2
9606 0
9607 1
9608 0
9609 2
9610 0
9611 1
9612 2
9613 0
9614 1
9615 0
9616 1
9617 0
9618 1
9619 0
9620 1
9621 2
9622 1
9623 0
9624 2
9625 1
9626 0
9627 1
9628 2
9629 1
9630 0
9631 1
9632 2
9633 1
9634 0
9635 1
9636 2
9637 0
9638 1
9639 2
9640 0
9641 1
9642 0
9643 1
9644 2
9645 0
9646 1
9647 0
9648 2
9649 1
9650 0
9651 1
9652 2
9653 0
9654 2
9655 1
9656 0
9657 1
9658 2
9659 0
9660 1
9661 0
9662 1
9663 0
9664 2
9665 1
9666 0
9667 1
9668 2
9669 0
9670 1
9671 0
9672 1
9673 0
9674 2
9675 0
9676 2
9677 1
9678 0
9679 1
9680 0
9681 1
9682 2
9683 0
9684 1
9685 0
9686 1
9687 0
9688 1
9689 2
9690 0
9691 1
9692 0
9693 1
9694 0
9695 1
9696 2
9697 0
9698 2
9699 1
9700 0
9701 1
9702 2
9703 0
9704 1
9705 0
9706 1
9707 2
9708 0
9709 1
9710 0
9711 2
9712 1
9713 0
9714 1
9715 0
9716 1
9717 0
9718 2
9719 0
9720 1
9721 0
9722 1
9723 0
9724 1
9725 0
9726 1
9727 0
9728 1
9729 0
9730 1
9731 0
9732 1
9733 2
9734 0
9735 1
9736 2
9737 0
9738 1
9739 2
9740 1
9741 2
9742 0
9743 1
9744 0
9745 1
9746 0
9747 1
9748 0
9749 1
9750 2
9751 1
9752 0
9753 2
9754 1
9755 3
9756 2
9757 1
9758 0
9759 2
9760 1
9761 0
9762 1
9763 0
9764 1
9765 0
9766 1
9767 2
9768 0
9769 1
9770 0
9771 1
9772 0
9773 1
9774 0
9775 1
9776 0
9777 2
9778 1
9779 2
9780 0
9781 1
9782 0
9783 2
9784 0
9785 2
9786 1
9787 2
9788 0
9789 1
9790 0
9791 1
9792 0
9793 1
9794 0
9795 1
9796 0
9797 1
9798 0
9799 1
9800 2
9801 1
9802 0
9803 1
9804 0
9805 1
9806 0
9807 1
9808 0
9809 1
9810 0
9811 1
9812 0
9813 2
9814 1
9815 2
9816 1
9817 2
9818 0
9819 1
9820 0
9821 2
9822 1
9823 0
9824 1
9825 0
9826 1
9827 0
9828 1
9829 0
9830 1
9831 0
9832 1
9833 0
9834 1
9835 0
9836 1
9837 2
9838 0
9839 2
9840 1
9841 0
9842 1
9843 0
9844 1
9845 0
9846 1
9847 0
9848 1
9849 0
9850 1
9851 0
9852 1
9853 0
9854 2
9855 1
9856 0
9857 1
9858 0
9859 1
9860 2
9861 0
9862 1
9863 0
9864 1
9865 0
9866 2
9867 1
9868 0
9869 1
9870 0
9871 1
9872 0
9873 1
9874 0
9875 1
9876 0
9877 2
9878 1
9879 2
9880 0
9881 1
9882 2
9883 0
9884 1
9885 0
9886 1
9887 0
9888 1
9889 0
9890 1
9891 0
9892 1
9893 0
9894 1
9895 0
9896 1
9897 0
9898 1
9899 0
9900 1
9901 0
9902 2
9903 0
9904 1
9905 0
9906 2
9907 1
9908 0
9909 1
9910 2
9911 0
9912 1
9913 0
9914 1
9915 0
9916 1
9917 0
9918 1
9919 0
9920 1
9921 0
9922 2
9923 1
9924 0
9925 1
9926 0
9927 1
9928 2
9929 0
9930 1
9931 2
9932 1
9933 2
9934 0
9935 1
9936 0
9937 1
9938 0
9939 1
9940 2
9941 0
9942 2
9943 1
9944 2
9945 1
9946 2
9947 0
9948 1
9949 0
9950 1
9951 0
9952 2
9953 1
9954 0
9955 1
9956 0
9957 1
9958 2
9959 0
9960 1
9961 2
9962 1
9963 0
9964 2
9965 1
9966 2
9967 0
9968 2
9969 1
9970 0
9971 1
9972 0
9973 1
9974 0
9975 1
9976 0
9977 2
9978 1
9979 0
9980 1
9981 3
9982 0
9983 1
9984 0
9985 1
9986 0
9987 1
9988 0
9989 1
9990 0
9991 1
9992 0
9993 2
9994 1
9995 0
9996 1
9997 2
9998 0
9999 2
10000 1
10001 0
10002 1
10003 0
10004 1
10005 0
10006 1
10007 0
10008 2
10009 1
10010 0
10011 2
10012 1
10013 0
10014 1
10015 2
10016 0
10017 1
10018 0
10019 1
10020 2
10021 0
10022 2
10023 1
10024 2
10025 1
10026 0
10027 1
10028 0
10029 1
10030 0
10031 1
10032 0
10033 2
10034 1
10035 0
10036 2
10037 1
10038 0
10039 1
10040 2
10041 0
10042 1
10043 0
10044 1
10045 0
10046 2
10047 1
10048 0
10049 1
10050 0
10051 1
10052 0
10053 1
10054 0
10055 1
10056 0
10057 1
10058 0
10059 1
10060 0
10061 1
10062 0
10063 1
10064 0
10065 1
10066 0
10067 1
10068 2
10069 0
10070 1
10071 0
10072 1
10073 0
10074 1
10075 0
10076 1
10077 0
10078 1
10079 0
10080 2
10081 1
10082 0
10083 2
10084 0
10085 1
10086 0
10087 2
10088 1
10089 2
10090 0
10091 2
10092 0
10093 1
10094 0
10095 2
10096 1
10097 0
10098 1
10099 0
10100 1
10101 2
10102 0
10103 1
10104 0
10105 1
10106 0
10107 1
10108 0
10109 1
10110 2
10111 1
10112 2
10113 0
10114 1
10115 0
10116 1
10117 0
10118 1
10119 0
10120 1
10121 2
10122 1
10123 0
10124 1
10125 0
10126 2
10127 1
10128 0
10129 1
10130 0
10131 1
10132 0
10133 1
10134 0
10135 1
10136 0
10137 2
10138 1
10139 0
10140 1
10141 0
10142 2
10143 1
10144 0
10145 2
10146 0
10147 1
10148 0
10149 2
10150 1
10151 0
10152 1
10153 0
10154 1
10155 2
10156 1
10157 0
10158 2
10159 1
10160 0
10161 1
10162 0
10163 1
10164 0
10165 1
10166 0
10167 2
10168 1
10169 0
10170 1
10171 0
10172 1
10173 2
10174 0
10175 2
10176 1
10177 0
10178 1
10179 0
10180 1
10181 0
10182 1
10183 0
10184 1
10185 0
10186 1
10187 0
10188 1
10189 0
10190 1
10191 0
10192 2
10193 1
10194 2
10195 0
10196 2
10197 0
10198 1
10199 0
10200 2
10201 1
10202 2
10203 0
10204 1
10205 0
10206 2
10207 1
10208 0
10209 1
10210 0
10211 1
10212 2
10213 0
10214 1
10215 0
10216 1
10217 0
10218 1
10219 0
10220 1
10221 0
10222 1
10223 2
10224 0
10225 1
10226 0
10227 2
10228 3
10229 1
10230 0
10231 1
10232 0
10233 1
10234 0
10235 1
10236 0
10237 2
10238 1
10239 2
10240 0
10241 1
10242 0
10243 1
10244 0
10245 1
10246 2
10247 0
10248 1
10249 2
10250 0
10251 1
10252 2
10253 0
10254 1
10255 0
10256 2
10257 1
10258 0
10259 1
10260 0
10261 2
10262 1
10263 2
10264 0
10265 1
10266 2
10267 0
10268 2
10269 1
10270 0
10271 1
10272 0
10273 1
10274 0
10275 1
10276 0
10277 1
10278 0
10279 1
10280 0
10281 1
10282 2
10283 1
10284 0
10285 1
10286 0
10287 2
10288 1
10289 2
10290 0
10291 1
10292 0
10293 2
10294 0
10295 1
10296 0
10297 1
10298 0
10299 1
10300 0
10301 1
10302 0
10303 1
10304 0
10305 1
10306 0
10307 2
10308 1
10309 0
10310 2
10311 0
10312 1
10313 0
10314 1
10315 2
10316 1
10317 0
10318 1
10319 2
10320 0
10321 2
10322 1
10323 0
10324 1
10325 2
10326 0
10327 2
10328 1
10329 0
10330 1
10331 0
10332 1
10333 0
10334 1
10335 0
10336 2
10337 1
10338 0
10339 1
10340 0
10341 1
10342 0
10343 1
10344 2
10345 3
10346 1
10347 0
10348 1
10349 0
10350 1
10351 0
10352 1
10353 2
10354 0
10355 1
10356 0
10357 2
10358 1
10359 2
10360 0
10361 1
10362 0
10363 2
10364 1
10365 2
10366 0
10367 1
10368 0
10369 1
10370 0
10371 1
10372 0
10373 1
10374 2
10375 0
10376 1
10377 2
10378 0
10379 1
10380 0
10381 1
10382 0
10383 2
10384 1
10385 2
10386 0
10387 1
10388 0
10389 1
10390 0
10391 2
10392 1
10393 2
10394 0
10395 1
10396 0
10397 2
10398 1
10399 2
10400 1
10401 0
10402 2
10403 1
10404 0
10405 2
10406 0
10407 1
10408 2
10409 0
10410 1
10411 0
10412 1
10413 0
10414 1
10415 0
10416 1
10417 0
10418 2
10419 1
10420 0
10421 1
10422 0
10423 1
10424 0
10425 1
10426 2
10427 0
10428 1
10429 2
10430 1
10431 0
10432 1
10433 2
10434 0
10435 1
10436 0
10437 1
10438 0
10439 2
10440 1
10441 0
10442 1
10443 0
10444 2
10445 1
10446 2
10447 0
10448 2
10449 0
10450 1
10451 0
10452 2
10453 1
10454 0
10455 1
10456 0
10457 1
10458 0
10459 1
10460 0
10461 1
10462 0
10463 1
10464 0
10465 2
10466 1
10467 2
10468 0
10469 1
10470 0
10471 1
10472 2
10473 0
10474 1
10475 0
10476 1
10477 0
10478 1
10479 0
10480 1
10481 0
10482 1
10483 0
10484 1
10485 0
10486 1
10487 0
10488 2
10489 1
10490 0
10491 2
10492 0
10493 2
10494 1
10495 0
10496 2
10497 1
10498 2
10499 0
10500 1
10501 2
10502 1
10503 0
10504 1
10505 0
10506 2
10507 1
10508 2
10509 0
10510 1
10511 2
10512 0
10513 1
10514 0
10515 1
10516 0
10517 2
10518 1
10519 0
10520 1
10521 2
10522 1
10523 2
10524 0
10525 1
10526 0
10527 1
10528 2
10529 0
10530 2
10531 1
10532 0
10533 2
10534 1
10535 0
10536 1
10537 0
10538 1
10539 2
10540 0
10541 1
10542 0
10543 1
10544 0
10545 1
10546 0
10547 1
10548 0
10549 1
10550 2
10551 0
10552 2
10553 1
10554 0
10555 1
10556 0
10557 1
10558 2
10559 0
10560 2
10561 1
10562 0
10563 1
10564 0
10565 2
10566 1
10567 0
10568 1
10569 0
10570 1
10571 0
10572 1
10573 0
10574 1
10575 0
10576 1
10577 0
10578 1
10579 0
10580 2
10581 0
10582 1
10583 0
10584 1
10585 0
10586 2
10587 0
10588 1
10589 0
10590 1
10591 0
10592 1
10593 0
10594 1
10595 0
10596 1
10597 0
10598 2
10599 1
10600 0
10601 2
10602 1
10603 0
10604 1
10605 2
10606 0
10607 2
10608 0
10609 1
10610 0
10611 1
10612 0
10613 2
10614 1
10615 2
10616 0
10617 1
10618 0
10619 1
10620 0
10621 1
10622 2
10623 0
10624 1
10625 0
10626 2
10627 1
10628 0
10629 2
10630 1
10631 0
10632 1
10633 0
10634 1
10635 2
10636 0
10637 1
10638 0
10639 1
10640 0
10641 2
10642 1
10643 0
10644 1
10645 0
10646 2
10647 0
10648 1
10649 0
10650 1
10651 0
10652 2
10653 0
10654 2
10655 1
10656 2
10657 0
10658 1
10659 2
10660 0
10661 2
10662 1
10663 0
10664 1
10665 0
10666 1
10667 0
10668 1
10669 0
10670 1
10671 0
10672 1
10673 0
10674 2
10675 1
10676 0
10677 1
10678 0
10679 1
10680 0
10681 1
10682 0
10683 1
10684 2
10685 0
10686 1
10687 0
10688 1
10689 2
10690 1
10691 0
10692 1
10693 2
10694 0
10695 2
10696 1
10697 2
10698 0
10699 1
10700 2
10701 1
10702 2
10703 0
10704 1
10705 0
10706 1
10707 2
10708 0
10709 2
10710 0
10711 1
10712 2
10713 0
10714 2
10715 1
10716 0
10717 2
10718 0
10719 1
10720 0
10721 1
10722 0
10723 1
10724 2
10725 0
10726 2
10727 0
10728 2
10729 1
10730 2
10731 0
10732 2
10733 0
10734 1
10735 2
10736 0
10737 1
10738 0
10739 1
10740 2
10741 1
10742 2
10743 0
10744 1
10745 0
10746 1
10747 0
10748 1
10749 0
10750 1
10751 0
10752 2
10753 1
10754 2
10755 0
10756 1
10757 2
10758 3
10759 0
10760 2
10761 3
10762 1
10763 0
10764 1
10765 0
10766 1
10767 0
10768 1
10769 0
10770 1
10771 2
10772 0
10773 1
10774 0
10775 1
10776 2
10777 0
10778 1
10779 0
10780 1
10781 2
10782 0
10783 1
10784 0
10785 1
10786 0
10787 1
10788 2
10789 0
10790 2
10791 1
10792 0
10793 1
10794 0
10795 1
10796 0
10797 1
10798 2
10799 0
10800 2
10801 1
10802 2
10803 0
10804 1
10805 0
10806 1
10807 0
10808 1
10809 0
10810 2
10811 1
10812 0
10813 2
10814 1
10815 0
10816 1
10817 2
10818 0
10819 1
10820 0
10821 1
10822 0
10823 1
10824 2
10825 0
10826 1
10827 0
10828 1
10829 0
10830 1
10831 2
10832 0
10833 1
10834 0
10835 1
10836 2
10837 1
10838 0
10839 1
10840 0
10841 1
10842 0
10843 1
10844 2
10845 1
10846 0
10847 2
10848 0
10849 2
10850 1
10851 2
10852 0
10853 1
10854 0
10855 1
10856 0
10857 1
10858 0
10859 1
10860 2
10861 0
10862 1
10863 2
10864 0
10865 2
10866 1
10867 2
10868 1
10869 2
10870 1
10871 0
10872 1
10873 0
10874 2
10875 1
10876 0
10877 1
10878 2
10879 1
10880 0
10881 1
10882 0
10883 2
10884 1
10885 0
10886 1
10887 0
10888 1
10889 2
10890 0
10891 1
10892 0
10893 1
10894 2
10895 0
10896 1
10897 0
10898 1
10899 2
10900 0
10901 1
10902 0
10903 1
10904 0
10905 2
10906 1
10907 0
10908 1
10909 0
10910 1
10911 0
10912 2
10913 1
10914 0
10915 1
10916 0
10917 1
10918 0
10919 1
10920 2
10921 0
10922 1
10923 0
10924 1
10925 0
10926 2
10927 1
10928 2
10929 1
10930 0
10931 2
10932 1
10933 0
10934 2
10935 0
10936 1
10937 0
10938 2
10939 1
10940 0
10941 2
10942 1
10943 2
10944 0
10945 2
10946 0
10947 1
10948 0
10949 2
10950 1
10951 2
10952 0
10953 1
10954 0
10955 1
10956 2
10957 0
10958 1
10959 0
10960 1
10961 0
10962 2
10963 1
10964 2
10965 0
10966 1
10967 0
10968 1
10969 0
10970 1
10971 0
10972 1
10973 0
10974 1
10975 0
10976 1
10977 2
10978 0
10979 1
10980 0
10981 1
10982 0
10983 1
10984 0
10985 1
10986 2
10987 0
10988 1
10989 0
10990 2
10991 1
10992 0
10993 1
10994 0
10995 1
10996 0
10997 2
10998 1
10999 0
11000 2
11001 1
11002 0
11003 1
11004 0
11005 1
11006 0
11007 1
11008 0
11009 2
11010 1
11011 0
11012 1
11013 0
11014 1
11015 0
11016 1
11017 0
11018 1
11019 2
11020 0
11021 1
11022 0
11023 2
11024 1
11025 0
11026 2
11027 1
11028 0
11029 1
11030 2
11031 0
11032 1
11033 0
11034 1
11035 0
11036 1
11037 2
11038 0
11039 1
11040 0
11041 1
11042 0
11043 1
11044 2
11045 1
11046 0
11047 1
11048 0
11049 2
11050 1
11051 0
11052 1
11053 0
11054 1
11055 2
11056 1
11057 2
11058 0
11059 1
11060 2
11061 0
11062 2
11063 1
11064 0
11065 2
11066 1
11067 0
11068 1
11069 2
11070 0
11071 1
11072 0
11073 2
11074 1
11075 2
11076 0
11077 1
11078 0
11079 2
11080 1
11081 2
11082 0
11083 1
11084 2
11085 0
11086 1
11087 0
11088 1
11089 0
11090 1
11091 2
11092 0
11093 1
11094 0
11095 1
11096 2
11097 0
11098 1
11099 0
11100 1
11101 0
11102 1
11103 0
11104 1
11105 0
11106 1
11107 2
11108 0
11109 2
11110 1
11111 2
11112 0
11113 2
11114 0
11115 1
11116 2
11117 0
11118 1
11119 0
11120 2
11121 0
11122 1
11123 0
11124 1
11125 0
11126 1
11127 2
11128 0
11129 2
11130 0
11131 1
11132 2
11133 0
11134 1
11135 0
11136 1
11137 2
11138 0
11139 1
11140 2
11141 0
11142 1
11143 2
11144 0
11145 2
11146 1
11147 0
11148 1
11149 0
11150 1
11151 0
11152 1
11153 2
11154 1
11155 2
11156 0
11157 2
11158 1
11159 0
11160 1
11161 0
11162 1
11163 0
11164 1
11165 0
11166 1
11167 2
11168 0
11169 2
11170 1
11171 0
11172 1
11173 0
11174 1
11175 0
11176 2
11177 1
11178 0
11179 2
11180 1
11181 2
11182 0
11183 1
11184 0
11185 1
11186 2
11187 0
11188 2
11189 1
11190 0
11191 1
11192 0
11193 2
11194 1
11195 2
11196 0
11197 1
11198 0
11199 1
11200 2
11201 0
11202 2
11203 1
11204 2
11205 0
11206 1
11207 0
11208 1
11209 2
11210 0
11211 2
11212 1
11213 0
11214 1
11215 0
11216 1
11217 0
11218 1
11219 0
11220 1
11221 2
11222 0
11223 1
11224 0
11225 2
11226 1
11227 0
11228 2
11229 1
11230 0
11231 1
11232 0
11233 1
11234 0
11235 2
11236 1
11237 0
11238 2
11239 1
11240 0
11241 2
11242 1
11243 2
11244 0
11245 1
11246 0
11247 1
11248 0
11249 2
11250 1
11251 0
11252 1
11253 2
11254 0
11255 1
11256 2
11257 1
11258 0
11259 1
11260 2
11261 0
11262 1
11263 0
11264 1
11265 0
11266 1
11267 2
11268 0
11269 2
11270 0
11271 1
11272 0
11273 1
11274 2
11275 0
11276 1
11277 0
11278 1
11279 0
11280 1
11281 0
11282 1
11283 0
11284 1
11285 0
11286 2
11287 1
11288 0
11289 1
11290 2
11291 0
11292 1
11293 0
11294 2
11295 1
11296 0
11297 1
11298 0
11299 1
11300 0
11301 1
11302 0
11303 2
11304 1
11305 0
11306 1
11307 0
11308 1
11309 0
11310 1
11311 2
11312 0
11313 1
11314 2
11315 0
11316 2
11317 1
11318 0
11319 1
11320 2
11321 0
11322 2
11323 1
11324 0
11325 1
11326 0
11327 1
11328 0
11329 1
11330 0
11331 1
11332 0
11333 1
11334 0
11335 1
11336 2
11337 1
11338 0
11339 2
11340 1
11341 0
11342 1
11343 0
11344 1
11345 0
11346 1
11347 2
11348 0
11349 1
11350 2
11351 1
11352 0
11353 2
11354 1
11355 0
11356 1
11357 2
11358 0
11359 1
11360 0
11361 1
11362 0
11363 1
11364 0
11365 2
11366 1
11367 0
11368 1
11369 0
11370 1
11371 2
11372 0
11373 2
11374 1
11375 2
11376 0
11377 1
11378 0
11379 1
11380 0
11381 1
11382 2
11383 0
11384 2
11385 0
11386 2
11387 1
11388 2
11389 1
11390 2
11391 0
11392 1
11393 0
11394 2
11395 1
11396 0
11397 1
11398 0
11399 1
11400 2
11401 0
11402 1
11403 0
11404 1
11405 0
11406 1
11407 2
11408 0
11409 1
11410 0
11411 1
11412 2
11413 0
11414 1
11415 0
11416 2
11417 0
11418 2
11419 0
11420 1
11421 2
11422 0
11423 2
11424 1
11425 2
11426 0
11427 1
11428 2
11429 1
11430 0
11431 1
11432 2
11433 0
11434 1
11435 0
11436 2
11437 1
11438 0
11439 1
11440 2
11441 1
11442 0
11443 1
11444 0
11445 1
11446 2
11447 0
11448 1
11449 2
11450 0
11451 1
11452 0
11453 1
11454 0
11455 1
11456 0
11457 1
11458 3
11459 2
11460 1
11461 0
11462 2
11463 1
11464 0
11465 2
11466 0
11467 1
11468 2
11469 0
11470 1
11471 0
11472 1
11473 0
11474 1
11475 2
11476 0
11477 1
11478 0
11479 1
11480 0
11481 1
11482 0
11483 1
11484 2
11485 1
11486 0
11487 2
11488 1
11489 2
11490 1
11491 2
11492 1
11493 0
11494 2
11495 0
11496 1
11497 0
11498 2
11499 0
11500 2
11501 1
11502 0
11503 1
11504 0
11505 2
11506 0
11507 1
11508 0
11509 2
11510 1
11511 2
11512 1
11513 0
11514 1
11515 0
11516 1
11517 0
11518 1
11519 0
11520 1
11521 0
11522 1
11523 2
11524 0
11525 1
11526 0
11527 1
11528 0
11529 1
11530 0
11531 1
11532 2
11533 0
11534 1
11535 0
11536 1
11537 0
11538 1
11539 0
11540 1
11541 2
11542 0
11543 1
11544 0
11545 1
11546 0
11547 2
11548 1
11549 2
11550 0
11551 2
11552 1
11553 0
11554 1
11555 0
11556 1
11557 0
11558 2
11559 1
11560 2
11561 0
11562 1
11563 0
11564 1
11565 2
11566 0
11567 1
11568 0
11569 1
11570 0
11571 1
11572 0
11573 1
11574 2
11575 0
11576 1
11577 2
11578 0
11579 2
11580 1
11581 0
11582 1
11583 0
11584 1
11585 0
11586 1
11587 2
11588 1
11589 0
11590 1
11591 0
11592 1
11593 2
11594 0
11595 1
11596 0
11597 1
11598 2
11599 0
11600 1
11601 0
11602 1
11603 0
11604 1
11605 0
11606 2
11607 1
11608 0
11609 1
11610 0
11611 1
11612 2
11613 0
11614 1
11615 0
11616 1
11617 2
11618 0
11619 2
11620 1
11621 2
11622 1
11623 2
11624 0
11625 1
11626 0
11627 1
11628 0
11629 1
11630 0
11631 1
11632 0
11633 1
11634 0
11635 1
11636 0
11637 1
11638 0
11639 1
11640 2
11641 0
11642 2
11643 1
11644 0
11645 2
11646 1
11647 0
11648 1
11649 0
11650 1
11651 0
11652 1
11653 0
11654 1
11655 2
11656 0
11657 1
11658 0
11659 1
11660 0
11661 1
11662 0
11663 2
11664 1
11665 0
11666 1
11667 0
11668 1
11669 2
11670 0
11671 1
11672 2
11673 0
11674 1
11675 0
11676 1
11677 2
11678 1
11679 0
11680 2
11681 1
11682 0
11683 2
11684 1
11685 2
11686 0
11687 1
11688 0
11689 1
11690 0
11691 1
11692 2
11693 0
11694 1
11695 0
11696 1
11697 0
11698 1
11699 0
11700 1
11701 2
11702 0
11703 1
11704 0
11705 2
11706 1
11707 2
11708 0
11709 1
11710 0
11711 1
11712 0
11713 1
11714 0
11715 1
11716 0
11717 2
11718 1
11719 0
11720 2
11721 1
11722 2
11723 0
11724 1
11725 0
11726 2
11727 1
11728 0
11729 1
11730 0
11731 1
11732 0
11733 1
11734 2
11735 0
11736 1
11737 0
11738 1
11739 0
11740 2
11741 1
11742 0
11743 2
11744 1
11745 2
11746 0
11747 1
11748 0
11749 1
11750 0
11751 1
11752 0
11753 1
11754 0
11755 1
11756 2
11757 0
11758 2
11759 0
11760 1
11761 2
11762 0
11763 1
11764 0
11765 1
11766 0
11767 1
11768 0
11769 1
11770 0
11771 1
11772 0
11773 2
11774 0
11775 1
11776 0
11777 1
11778 0
11779 2
11780 1
11781 2
11782 1
11783 2
11784 0
11785 1
11786 0
11787 1
11788 0
11789 1
11790 2
11791 1
11792 0
11793 1
11794 0
11795 2
11796 1
11797 2
11798 0
11799 1
11800 0
11801 1
11802 0
11803 2
11804 0
11805 1
11806 0
11807 1
11808 2
11809 0
11810 1
11811 2
11812 0
11813 2
11814 1
11815 2
11816 1
11817 0
11818 2
11819 1
11820 0
11821 1
11822 0
11823 2
11824 1
11825 2
11826 0
11827 1
11828 0
11829 1
11830 2
11831 0
11832 1
11833 2
11834 1
11835 0
11836 1
11837 0
11838 1
11839 0
11840 1
11841 2
11842 0
11843 1
11844 0
11845 1
11846 2
11847 0
11848 2
11849 1
11850 0
11851 1
11852 0
11853 1
11854 0
11855 1
11856 2
11857 0
11858 2
11859 0
11860 2
11861 1
11862 2
11863 1
11864 0
11865 1
11866 0
11867 1
11868 0
11869 1
11870 2
11871 0
11872 1
11873 0
11874 2
11875 1
11876 0
11877 1
11878 0
11879 2
11880 1
11881 0
11882 1
11883 0
11884 1
11885 0
11886 1
11887 0
11888 2
11889 1
11890 2
11891 0
11892 1
11893 0
11894 1
11895 0
11896 2
11897 0
11898 2
11899 1
11900 0
11901 2
11902 0
11903 2
11904 1
11905 0
11906 1
11907 0
11908 1
11909 0
11910 1
11911 0
11912 2
11913 1
11914 2
11915 0
11916 1
11917 0
11918 2
11919 1
11920 0
11921 1
11922 0
11923 1
11924 0
11925 1
11926 0
11927 1
11928 0
11929 2
11930 1
11931 0
11932 1
11933 2
11934 1
11935 0
11936 1
11937 0
11938 1
11939 2
11940 0
11941 2
11942 1
11943 0
11944 1
11945 0
11946 1
11947 0
11948 1
11949 0
11950 1
11951 0
11952 1
11953 0
11954 2
11955 1
11956 0
11957 1
11958 0
11959 1
11960 2
11961 0
11962 1
11963 0
11964 1
11965 0
11966 1
11967 0
11968 1
11969 0
11970 1
11971 0
11972 2
11973 1
11974 0
11975 1
11976 0
11977 2
11978 1
11979 0
11980 1
11981 2
11982 0
11983 1
11984 0
11985 1
11986 2
11987 1
11988 0
11989 2
11990 1
11991 2
11992 1
11993 0
11994 1
11995 0
11996 1
11997 0
11998 1
11999 0
12000 1
12001 0
12002 1
12003 0
12004 1
12005 0
12006 1
12007 0
12008 1
12009 2
12010 0
12011 1
12012 2
12013 0
12014 1
12015 0
12016 2
12017 1
12018 0
12019 1
12020 0
12021 1
12022 2
12023 0
12024 1
12025 0
12026 2
12027 1
12028 0
12029 1
12030 2
12031 0
12032 1
12033 0
12034 2
12035 0
12036 1
12037 2
12038 0
12039 2
12040 1
12041 0
12042 1
12043 0
12044 1
12045 0
12046 1
12047 2
12048 0
12049 1
12050 0
12051 1
12052 0
12053 1
12054 0
12055 2
12056 0
12057 1
12058 0
12059 2
12060 1
12061 0
12062 2
12063 1
12064 2
12065 1
12066 0
12067 1
12068 0
12069 1
12070 0
12071 1
12072 0
12073 1
12074 0
12075 1
12076 0
12077 2
12078 1
12079 0
12080 1
12081 0
12082 2
12083 1
12084 2
12085 1
12086 0
12087 1
12088 2
12089 0
12090 1
12091 0
12092 2
12093 0
12094 1
12095 0
12096 1
12097 0
12098 1
12099 0
12100 1
12101 0
12102 1
12103 0
12104 1
12105 0
12106 1
12107 0
12108 1
12109 2
12110 0
12111 2
12112 1
12113 2
12114 1
12115 2
12116 0
12117 1
12118 2
12119 0
12120 1
12121 0
12122 1
12123 0
12124 1
12125 0
12126 1
12127 2
12128 0
12129 2
12130 1
12131 0
12132 2
12133 1
12134 0
12135 1
12136 2
12137 0
12138 1
12139 0
12140 1
12141 2
12142 0
12143 1
12144 0
12145 2
12146 1
12147 0
12148 2
12149 1
12150 2
12151 0
12152 1
12153 0
12154 2
12155 1
12156 2
12157 1
12158 2
12159 0
12160 1
12161 2
12162 0
12163 1
12164 0
12165 2
12166 1
12167 0
12168 1
12169 2
12170 0
12171 1
12172 0
12173 2
12174 1
12175 2
12176 0
12177 1
12178 0
12179 2
12180 0
12181 2
12182 0
12183 1
12184 0
12185 1
12186 0
12187 1
12188 2
12189 0
12190 2
12191 1
12192 0
12193 1
12194 0
12195 1
12196 2
12197 0
12198 1
12199 2
12200 1
12201 2
12202 0
12203 1
12204 0
12205 2
12206 1
12207 2
12208 0
12209 1
12210 0
12211 1
12212 0
12213 1
12214 2
12215 0
12216 1
12217 0
12218 1
12219 0
12220 1
12221 0
12222 1
12223 2
12224 0
12225 1
12226 0
12227 1
12228 2
12229 0
12230 1
12231 0
12232 2
12233 0
12234 2
12235 1
12236 0
12237 1
12238 0
12239 1
12240 0
12241 1
12242 2
12243 0
12244 2
12245 1
12246 0
12247 1
12248 0
12249 1
12250 0
12251 1
12252 0
12253 1
12254 0
12255 1
12256 0
12257 1
12258 2
12259 0
12260 2
12261 0
12262 1
12263 2
12264 0
12265 2
12266 0
12267 1
12268 0
12269 1
12270 0
12271 1
12272 0
12273 1
12274 0
12275 1
12276 2
12277 0
12278 1
12279 2
12280 0
12281 1
12282 0
12283 2
12284 0
12285 1
12286 0
12287 1
12288 0
12289 1
12290 2
12291 0
12292 1
12293 2
12294 1
12295 0
12296 1
12297 2
12298 0
12299 2
12300 1
12301 0
12302 1
12303 0
12304 1
12305 2
12306 0
12307 2
12308 0
12309 2
12310 0
12311 1
12312 2
12313 0
12314 1
12315 2
12316 0
12317 2
12318 1
12319 0
12320 1
12321 0
12322 2
12323 1
12324 0
12325 2
12326 0
12327 1
12328 2
12329 1
12330 0
12331 2
12332 1
12333 0
12334 1
12335 0
12336 1
12337 0
12338 1
12339 2
12340 1
12341 0
12342 1
12343 0
12344 2
12345 0
12346 1
12347 2
12348 0
12349 1
12350 0
12351 1
12352 0
12353 1
12354 0
12355 2
12356 1
12357 0
12358 2
12359 1
12360 0
12361 1
12362 2
12363 0
12364 2
12365 1
12366 2
12367 0
12368 1
12369 0
12370 1
12371 2
12372 0
12373 1
12374 0
12375 1
12376 0
12377 2
12378 1
12379 0
12380 1
12381 2
12382 0
12383 1
12384 0
12385 2
12386 1
12387 0
12388 1
12389 0
12390 1
12391 0
12392 1
12393 0
12394 1
12395 0
12396 1
12397 0
12398 1
12399 0
12400 2
12401 0
12402 1
12403 0
12404 1
12405 2
12406 1
12407 2
12408 0
12409 1
12410 2
12411 1
12412 0
12413 1
12414 2
12415 0
12416 1
12417 0
12418 2
12419 1
12420 0
12421 1
12422 0
12423 1
12424 0
12425 1
12426 0
12427 1
12428 0
12429 1
12430 0
12431 1
12432 0
12433 1
12434 2
12435 0
12436 2
12437 1
12438 0
12439 1
12440 2
12441 0
12442 1
12443 0
12444 2
12445 1
12446 2
12447 0
12448 1
12449 0
12450 1
12451 0
12452 1
12453 0
12454 1
12455 2
12456 0
12457 1
12458 2
12459 0
12460 1
12461 2
12462 0
12463 1
12464 2
12465 0
12466 1
12467 0
12468 1
12469 0
12470 2
12471 1
12472 2
12473 0
12474 1
12475 0
12476 1
12477 0
12478 1
12479 2
12480 1
12481 2
12482 0
12483 1
12484 0
12485 1
12486 2
12487 0
12488 1
12489 2
12490 0
12491 1
12492 2
12493 0
12494 2
12495 1
12496 0
12497 1
12498 2
12499 0
12500 1
12501 0
12502 1
12503 0
12504 1
12505 0
12506 1
12507 0
12508 1
12509 0
12510 1
12511 0
12512 1
12513 0
12514 1
12515 2
12516 0
12517 2
12518 0
12519 1
12520 0
12521 1
12522 0
12523 1
12524 0
12525 1
12526 0
12527 1
12528 0
12529 1
12530 0
12531 1
12532 0
12533 1
12534 2
12535 1
12536 0
12537 1
12538 0
12539 2
12540 1
12541 0
12542 1
12543 0
12544 2
12545 1
12546 0
12547 2
12548 1
12549 0
12550 2
12551 1
12552 2
12553 0
12554 1
12555 0
12556 1
12557 2
12558 0
12559 2
12560 0
12561 1
12562 0
12563 2
12564 0
12565 1
12566 2
12567 0
12568 2
12569 1
12570 0
12571 1
12572 0
12573 1
12574 2
12575 0
12576 1
12577 0
12578 1
12579 2
12580 1
12581 0
12582 1
12583 0
12584 1
12585 2
12586 0
12587 1
12588 2
12589 0
12590 1
12591 2
12592 0
12593 1
12594 0
12595 1
12596 0
12597 1
12598 2
12599 0
12600 1
12601 0
12602 1
12603 0
12604 1
12605 2
12606 0
12607 1
12608 2
12609 0
12610 1
12611 0
12612 2
12613 0
12614 1
12615 0
12616 1
12617 0
12618 1
12619 2
12620 0
12621 1
12622 0
12623 1
12624 2
12625 0
12626 1
12627 2
12628 0
12629 1
12630 0
12631 1
12632 0
12633 2
12634 1
12635 0
12636 1
12637 2
12638 0
12639 1
12640 0
12641 1
12642 0
12643 1
12644 0
12645 1
12646 0
12647 1
12648 2
12649 0
12650 1
12651 0
12652 1
12653 2
12654 0
12655 2
12656 1
12657 2
12658 1
12659 0
12660 1
12661 0
12662 1
12663 0
12664 1
12665 2
12666 0
12667 1
12668 0
12669 2
12670 0
12671 2
12672 1
12673 2
12674 1
12675 2
12676 0
12677 1
12678 2
12679 0
12680 1
12681 2
12682 0
12683 2
12684 0
12685 2
12686 1
12687 0
12688 2
12689 1
12690 0
12691 1
12692 2
12693 0
12694 1
12695 2
12696 0
12697 1
12698 2
12699 0
12700 1
12701 2
12702 0
12703 2
12704 1
12705 2
12706 0
12707 1
12708 0
12709 1
12710 0
12711 1
12712 2
12713 0
12714 1
12715 0
12716 1
12717 0
12718 1
12719 0
12720 2
12721 1
12722 0
12723 1
12724 0
12725 1
12726 0
12727 2
12728 1
12729 2
12730 1
12731 0
12732 1
12733 2
12734 0
12735 1
12736 0
12737 1
12738 0
12739 2
12740 0
12741 1
12742 0
12743 1
12744 2
12745 0
12746 1
12747 0
12748 2
12749 1
12750 2
12751 0
12752 1
12753 0
12754 2
12755 1
12756 0
12757 1
12758 0
12759 1
12760 2
12761 0
12762 1
12763 2
12764 0
12765 1
12766 2
12767 0
12768 1
12769 0
12770 1
12771 0
12772 2
12773 0
12774 2
12775 1
12776 0
12777 1
12778 0
12779 1
12780 0
12781 2
12782 0
12783 2
12784 1
12785 2
12786 1
12787 0
12788 1
12789 0
12790 1
12791 2
12792 1
12793 0
12794 2
12795 1
12796 0
12797 1
12798 0
12799 1
12800 0
12801 2
12802 1
12803 2
12804 1
12805 0
12806 2
12807 0
12808 1
12809 2
12810 0
12811 1
12812 0
12813 1
12814 0
12815 1
12816 0
12817 1
12818 0
12819 1
12820 2
12821 0
12822 1
12823 0
12824 1
12825 0
12826 2
12827 1
12828 2
12829 0
12830 2
12831 0
12832 1
12833 2
12834 1
12835 0
12836 1
12837 0
12838 1
12839 2
12840 0
12841 1
12842 2
12843 0
12844 2
12845 1
12846 0
12847 2
12848 1
12849 0
12850 1
12851 0
12852 1
12853 0
12854 1
12855 0
12856 1
12857 0
12858 1
12859 2
12860 0
12861 1
12862 0
12863 1
12864 0
12865 1
12866 0
12867 1
12868 0
12869 1
12870 0
12871 1
12872 2
12873 1
12874 0
12875 2
12876 1
12877 0
12878 1
12879 0
12880 1
12881 2
12882 0
12883 1
12884 0
12885 1
12886 0
12887 1
12888 2
12889 0
12890 1
12891 0
12892 1
12893 2
12894 0
12895 2
12896 0
12897 1
12898 2
12899 0
12900 1
12901 2
12902 1
12903 2
12904 1
12905 0
12906 1
12907 0
12908 1
12909 0
12910 1
12911 2
12912 0
12913 1
12914 2
12915 0
12916 1
12917 2
12918 0
12919 1
12920 0
12921 1
12922 0
12923 2
12924 1
12925 0
12926 1
12927 0
12928 2
12929 1
12930 0
12931 1
12932 2
12933 0
12934 1
12935 0
12936 2
12937 1
12938 0
12939 1
12940 0
12941 1
12942 0
12943 1
12944 2
12945 0
12946 1
12947 0
12948 1
12949 2
12950 0
12951 2
12952 0
12953 1
12954 0
12955 1
12956 0
12957 1
12958 2
12959 0
12960 2
12961 0
12962 1
12963 0
12964 1
12965 0
12966 1
12967 2
12968 0
12969 1
12970 0
12971 1
12972 2
12973 0
12974 2
12975 1
12976 0
12977 2
12978 1
12979 0
12980 1
12981 0
12982 1
12983 2
12984 1
12985 0
12986 1
12987 0
12988 1
12989 2
12990 0
12991 2
12992 1
12993 0
12994 1
12995 0
12996 1
12997 0
12998 1
12999 0
13000 1
13001 2
13002 0
13003 1
13004 0
13005 1
13006 0
13007 1
13008 0
13009 1
13010 0
13011 1
13012 2
13013 0
13014 1
13015 0
13016 1
13017 2
13018 0
13019 1
13020 2
13021 0
13022 2
13023 1
13024 0
13025 1
13026 0
13027 2
13028 0
13029 1
13030 0
13031 2
13032 1
13033 0
13034 2
13035 1
13036 0
13037 1
13038 2
13039 0
13040 1
13041 0
13042 1
13043 0
13044 1
13045 2
13046 1
13047 0
13048 1
13049 0
13050 1
13051 0
13052 1
13053 0
13054 1
13055 0
13056 1
13057 0
13058 1
13059 2
13060 1
13061 0
13062 1
13063 0
13064 1
13065 0
13066 1
13067 0
13068 1
13069 0
13070 2
13071 0
13072 1
13073 0
13074 2
13075 1
13076 0
13077 1
13078 0
13079 1
13080 2
13081 0
13082 1
13083 0
13084 1
13085 0
13086 1
13087 0
13088 1
13089 2
13090 0
13091 1
13092 0
13093 1
13094 0
13095 1
13096 0
13097 2
13098 1
13099 0
13100 1
13101 2
13102 0
13103 1
13104 0
13105 2
13106 1
13107 2
13108 0
13109 1
13110 0
13111 1
13112 2
13113 0
13114 1
13115 2
13116 0
13117 1
13118 2
13119 0
13120 1
13121 0
13122 1
13123 0
13124 1
13125 0
13126 1
13127 0
13128 1
13129 0
13130 1
13131 0
13132 1
13133 0
13134 2
13135 1
13136 2
13137 0
13138 1
13139 2
13140 1
13141 2
13142 1
13143 0
13144 1
13145 0
13146 1
13147 0
13148 1
13149 0
13150 1
13151 2
13152 0
13153 1
13154 2
13155 0
13156 1
13157 0
13158 1
13159 0
13160 1
13161 2
13162 0
13163 2
13164 0
13165 1
13166 0
13167 1
13168 0
13169 1
13170 0
13171 1
13172 0
13173 1
13174 2
13175 0
13176 1
13177 2
13178 1
13179 0
13180 1
13181 2
13182 1
13183 0
13184 2
13185 0
13186 1
13187 0
13188 1
13189 0
13190 1
13191 2
13192 0
13193 2
13194 1
13195 0
13196 1
13197 0
13198 1
13199 2
13200 0
13201 1
13202 2
13203 0
13204 1
13205 0
13206 1
13207 2
13208 1
13209 0
13210 1
13211 0
13212 2
13213 1
13214 0
13215 1
13216 0
13217 1
13218 0
13219 1
13220 0
13221 1
13222 2
13223 0
13224 1
13225 0
13226 1
13227 0
13228 1
13229 0
13230 1
13231 2
13232 0
13233 1
13234 2
13235 0
13236 1
13237 0
13238 1
13239 0
13240 1
13241 2
13242 0
13243 1
13244 0
13245 1
13246 0
13247 2
13248 1
13249 0
13250 1
13251 0
13252 1
13253 0
13254 1
13255 0
13256 1
13257 2
13258 0
13259 1
13260 2
13261 0
13262 1
13263 2
13264 0
13265 1
13266 2
13267 0
13268 1
13269 0
13270 1
13271 0
13272 1
13273 0
13274 1
13275 0
13276 1
13277 0
13278 1
13279 0
13280 2
13281 1
13282 0
13283 2
13284 0
13285 1
13286 0
13287 1
13288 2
13289 0
13290 1
13291 0
13292 1
13293 0
13294 1
13295 2
13296 0
13297 1
13298 0
13299 1
13300 0
13301 1
13302 0
13303 1
13304 0
13305 2
13306 0
13307 1
13308 0
13309 1
13310 0
13311 1
13312 0
13313 1
13314 2
13315 1
13316 0
13317 1
13318 2
13319 0
13320 1
13321 2
13322 0
13323 1
13324 0
13325 1
13326 0
13327 1
13328 2
13329 0
13330 1
13331 0
13332 1
13333 0
13334 1
13335 2
13336 0
13337 1
13338 2
13339 0
13340 1
13341 2
13342 0
13343 2
13344 1
13345 2
13346 0
13347 2
13348 1
13349 2
13350 0
13351 1
13352 0
13353 1
13354 0
13355 1
13356 2
13357 1
13358 2
13359 0
13360 2
13361 1
13362 2
13363 0
13364 1
13365 0
13366 1
13367 0
13368 1
13369 2
13370 0
13371 1
13372 0
13373 2
13374 1
13375 0
13376 1
13377 0
13378 1
13379 0
13380 1
13381 0
13382 2
13383 1
13384 0
13385 1
13386 0
13387 1
13388 2
13389 0
13390 1
13391 0
13392 2
13393 1
13394 0
13395 1
13396 0
13397 1
13398 0
13399 1
13400 0
13401 1
13402 0
13403 1
13404 0
13405 2
13406 1
13407 0
13408 1
13409 0
13410 1
13411 2
13412 0
13413 1
13414 2
13415 0
13416 2
13417 1
13418 0
13419 1
13420 2
13421 1
13422 0
13423 2
13424 1
13425 0
13426 1
13427 0
13428 2
13429 1
13430 0
13431 1
13432 0
13433 1
13434 0
13435 1
13436 0
13437 2
13438 1
13439 2
13440 0
13441 1
13442 2
13443 0
13444 1
13445 0
13446 1
13447 0
13448 2
13449 1
13450 2
13451 1
13452 0
13453 1
13454 0
13455 1
13456 0
13457 1
13458 0
13459 2
13460 1
13461 0
13462 1
13463 0
13464 1
13465 0
13466 2
13467 1
13468 0
13469 1
13470 0
13471 1
13472 0
13473 1
13474 0
13475 2
13476 1
13477 0
13478 1
13479 0
13480 2
13481 0
13482 1
13483 0
13484 1
13485 0
13486 1
13487 2
13488 0
13489 1
13490 0
13491 1
13492 0
13493 1
13494 0
13495 1
13496 0
13497 1
13498 0
13499 2
13500 1
13501 0
13502 1
13503 0
13504 1
13505 0
13506 1
13507 2
13508 1
13509 0
13510 1
13511 0
13512 2
13513 1
13514 2
13515 0
13516 1
13517 0
13518 2
13519 1
13520 0
13521 1
13522 2
13523 0
13524 1
13525 0
13526 1
13527 2
13528 1
13529 0
13530 1
13531 2
13532 0
13533 1
13534 0
13535 1
13536 2
13537 0
13538 2
13539 1
13540 0
13541 2
13542 1
13543 2
13544 0
13545 1
13546 0
13547 1
13548 0
13549 2
13550 1
13551 0
13552 1
13553 0
13554 2
13555 1
13556 0
13557 1
13558 2
13559 0
13560 1
13561 0
13562 1
13563 2
13564 1
13565 0
13566 1
13567 0
13568 1
13569 0
13570 1
13571 0
13572 1
13573 0
13574 1
13575 0
13576 1
13577 0
13578 1
13579 0
13580 1
13581 0
13582 1
13583 0
13584 1
13585 0
13586 1
13587 2
13588 0
13589 1
13590 0
13591 1
13592 2
13593 0
13594 1
13595 2
13596 1
13597 0
13598 1
13599 2
13600 0
13601 1
13602 2
13603 0
13604 1
13605 0
13606 1
13607 0
13608 1
13609 2
13610 0
13611 1
13612 0
13613 2
13614 1
13615 0
13616 1
13617 2
13618 0
13619 1
13620 0
13621 2
13622 0
13623 1
13624 2
13625 0
13626 1
13627 2
13628 0
13629 1
13630 2
13631 0
13632 1
13633 0
13634 2
13635 1
13636 0
13637 1
13638 0
13639 1
13640 0
13641 1
13642 2
13643 1
13644 0
13645 2
13646 1
13647 0
13648 2
13649 1
13650 2
13651 1
13652 2
13653 0
13654 1
13655 2
13656 0
13657 1
13658 0
13659 1
13660 0
13661 1
13662 0
13663 1
13664 2
13665 0
13666 1
13667 2
13668 0
13669 2
13670 1
13671 2
13672 1
13673 2
13674 0
13675 2
13676 1
13677 0
13678 2
13679 1
13680 0
13681 1
13682 0
13683 1
13684 0
13685 1
13686 2
13687 1
13688 0
13689 2
13690 1
13691 0
13692 1
13693 0
13694 2
13695 1
13696 0
13697 1
13698 0
13699 2
13700 1
13701 2
13702 0
13703 1
13704 0
13705 1
13706 3
13707 2
13708 0
13709 1
13710 0
13711 1
13712 0
13713 1
13714 0
13715 1
13716 2
13717 0
13718 1
13719 0
13720 2
13721 0
13722 1
13723 0
13724 1
13725 0
13726 2
13727 1
13728 2
13729 1
13730 0
13731 1
13732 0
13733 1
13734 0
13735 1
13736 0
13737 1
13738 0
13739 1
13740 0
13741 1
13742 0
13743 1
13744 0
13745 2
13746 0
13747 1
13748 0
13749 1
13750 0
13751 1
13752 0
13753 1
13754 0
13755 1
13756 2
13757 0
13758 1
13759 2
13760 0
13761 1
13762 2
13763 0
13764 2
13765 1
13766 0
13767 1
13768 0
13769 1
13770 0
13771 1
13772 2
13773 0
13774 1
13775 2
13776 0
13777 1
13778 2
13779 0
13780 2
13781 1
13782 0
13783 1
13784 0
13785 2
13786 1
13787 2
13788 1
13789 0
13790 1
13791 2
13792 0
13793 1
13794 2
13795 1
13796 0
13797 1
13798 0
13799 1
13800 2
13801 0
13802 1
13803 0
13804 2
13805 0
13806 2
13807 1
13808 0
13809 1
13810 2
13811 0
13812 1
13813 2
13814 0
13815 1
13816 0
13817 1
13818 0
13819 1
13820 2
13821 1
13822 0
13823 1
13824 2
13825 0
13826 2
13827 1
13828 0
13829 2
13830 0
13831 1
13832 2
13833 0
13834 1
13835 2
13836 0
13837 1
13838 0
13839 1
13840 0
13841 2
13842 1
13843 2
13844 0
13845 1
13846 0
13847 1
13848 0
13849 1
13850 2
13851 1
13852 2
13853 0
13854 1
13855 0
13856 1
13857 0
13858 1
13859 2
13860 0
13861 1
13862 2
13863 0
13864 1
13865 2
13866 0
13867 2
13868 1
13869 0
13870 2
13871 1
13872 0
13873 1
13874 0
13875 2
13876 1
13877 0
13878 2
13879 0
13880 2
13881 1
13882 2
13883 0
13884 1
13885 0
13886 1
13887 0
13888 1
13889 0
13890 1
13891 0
13892 1
13893 0
13894 1
13895 2
13896 0
13897 2
13898 0
13899 1
13900 0
13901 1
13902 0
13903 1
13904 0
13905 2
13906 1
13907 0
13908 1
13909 0
13910 1
13911 0
13912 1
13913 0
13914 1
13915 2
13916 0
13917 2
13918 1
13919 0
13920 2
13921 1
13922 2
13923 1
13924 0
13925 1
13926 0
13927 1
13928 0
13929 1
13930 0
13931 1
13932 0
13933 2
13934 0
13935 1
13936 2
13937 0
13938 1
13939 0
13940 2
13941 1
13942 2
13943 3
13944 1
13945 0
13946 1
13947 0
13948 1
13949 2
13950 0
13951 1
13952 2
13953 0
13954 1
13955 0
13956 1
13957 0
13958 1
13959 0
13960 1
13961 0
13962 1
13963 2
13964 0
13965 1
13966 0
13967 1
13968 0
13969 1
13970 0
13971 2
13972 1
13973 0
13974 2
13975 1
13976 0
13977 2
13978 0
13979 1
13980 0
13981 1
13982 0
13983 1
13984 2
13985 0
13986 1
13987 0
13988 2
13989 0
13990 1
13991 0
13992 1
13993 0
13994 2
13995 0
13996 1
13997 0
13998 1
13999 0
14000 2
14001 0
14002 2
14003 0
14004 1
14005 2
14006 0
14007 1
14008 0
14009 1
14010 2
14011 0
14012 1
14013 0
14014 1
14015 0
14016 1
14017 2
14018 1
14019 0
14020 1
14021 2
14022 0
14023 1
14024 0
14025 1
14026 2
14027 1
14028 0
14029 1
14030 0
14031 1
14032 0
14033 1
14034 0
14035 1
14036 0
14037 1
14038 0
14039 1
14040 0
14041 2
14042 1
14043 2
14044 1
14045 0
14046 1
14047 0
14048 1
14049 0
14050 2
14051 1
14052 2
14053 0
14054 1
14055 2
14056 0
14057 1
14058 2
14059 0
14060 2
14061 1
14062 2
14063 0
14064 1
14065 0
14066 2
14067 1
14068 0
14069 1
14070 2
14071 0
14072 1
14073 0
14074 1
14075 0
14076 1
14077 0
14078 1
14079 0
14080 1
14081 0
14082 1
14083 2
14084 0
14085 1
14086 0
14087 1
14088 0
14089 1
14090 2
14091 0
14092 2
14093 0
14094 1
14095 2
14096 0
14097 2
14098 1
14099 0
14100 1
14101 2
14102 0
14103 1
14104 0
14105 2
14106 0
14107 1
14108 0
14109 2
14110 1
14111 0
14112 1
14113 2
14114 0
14115 2
14116 0
14117 2
14118 0
14119 1
14120 0
14121 1
14122 0
14123 1
14124 0
14125 1
14126 2
14127 0
14128 1
14129 2
14130 0
14131 1
14132 0
14133 1
14134 2
14135 0
14136 2
14137 1
14138 2
14139 1
14140 0
14141 1
14142 2
14143 0
14144 1
14145 2
14146 1
14147 0
14148 1
14149 0
14150 1
14151 0
14152 1
14153 0
14154 1
14155 0
14156 1
14157 0
14158 1
14159 0
14160 1
14161 0
14162 2
14163 1
14164 2
14165 0
14166 1
14167 0
14168 1
14169 0
14170 1
14171 0
14172 1
14173 2
14174 0
14175 1
14176 0
14177 1
14178 0
14179 1
14180 0
14181 1
14182 2
14183 0
14184 2
14185 1
14186 0
14187 2
14188 1
14189 0
14190 1
14191 0
14192 1
14193 2
14194 0
14195 1
14196 0
14197 1
14198 2
14199 1
14200 0
14201 1
14202 0
14203 1
14204 0
14205 1
14206 0
14207 1
14208 0
14209 1
14210 0
14211 2
14212 1
14213 2
14214 0
14215 2
14216 1
14217 2
14218 0
14219 1
14220 2
14221 0
14222 1
14223 0
14224 1
14225 0
14226 2
14227 1
14228 2
14229 0
14230 2
14231 1
14232 0
14233 1
14234 0
14235 1
14236 2
14237 0
14238 1
14239 0
14240 2
14241 1
14242 0
14243 1
14244 0
14245 1
14246 0
14247 1
14248 0
14249 1
14250 0
14251 1
14252 2
14253 0
14254 1
14255 2
14256 0
14257 1
14258 0
14259 1
14260 0
14261 1
14262 0
14263 1
14264 0
14265 1
14266 2
14267 0
14268 2
14269 1
14270 0
14271 1
14272 0
14273 1
14274 0
14275 1
14276 0
14277 1
14278 0
14279 1
14280 2
14281 0
14282 1
14283 0
14284 1
14285 0
14286 2
14287 1
14288 0
14289 2
14290 0
14291 1
14292 0
14293 1
14294 2
14295 0
14296 1
14297 0
14298 1
14299 0
14300 1
14301 0
14302 2
14303 0
14304 1
14305 0
14306 2
14307 0
14308 1
14309 0
14310 1
14311 2
14312 0
14313 1
14314 0
14315 1
14316 0
14317 2
14318 1
14319 2
14320 3
14321 0
14322 1
14323 0
14324 2
14325 1
14326 0
14327 2
14328 0
14329 1
14330 0
14331 1
14332 0
14333 2
14334 1
14335 2
14336 1
14337 0
14338 1
14339 2
14340 0
14341 1
14342 0
14343 2
14344 1
14345 2
14346 1
14347 0
14348 1
14349 0
14350 1
14351 0
14352 2
14353 1
14354 0
14355 1
14356 2
14357 0
14358 1
14359 0
14360 2
14361 1
14362 0
14363 2
14364 1
14365 2
14366 3
14367 0
14368 2
14369 1
14370 2
14371 0
14372 1
14373 0
14374 1
14375 0
14376 1
14377 2
14378 0
14379 2
14380 1
14381 2
14382 1
14383 0
14384 2
14385 1
14386 2
14387 0
14388 1
14389 0
14390 1
14391 0
14392 2
14393 1
14394 2
14395 0
14396 1
14397 0
14398 1
14399 0
14400 2
14401 0
14402 1
14403 0
14404 1
14405 2
14406 0
14407 2
14408 1
14409 2
14410 0
14411 1
14412 2
14413 0
14414 1
14415 2
14416 0
14417 1
14418 0
14419 1
14420 0
14421 2
14422 1
14423 2
14424 0
14425 1
14426 2
14427 0
14428 1
14429 0
14430 1
14431 0
14432 1
14433 0
14434 2
14435 1
14436 0
14437 1
14438 0
14439 1
14440 0
14441 1
14442 2
14443 0
14444 1
14445 2
14446 0
14447 1
14448 0
14449 2
14450 1
14451 2
14452 0
14453 1
14454 0
14455 1
14456 0
14457 2
14458 1
14459 0
14460 2
14461 1
14462 0
14463 1
14464 0
14465 1
14466 0
14467 2
14468 1
14469 2
14470 1
14471 0
14472 1
14473 0
14474 1
14475 2
14476 0
14477 1
14478 2
14479 0
14480 1
14481 0
14482 2
14483 1
14484 2
14485 0
14486 1
14487 0
14488 2
14489 1
14490 0
14491 2
14492 0
14493 1
14494 0
14495 1
14496 2
14497 0
14498 1
14499 0
14500 2
14501 1
14502 0
14503 1
14504 2
14505 1
14506 2
14507 0
14508 2
14509 1
14510 0
14511 2
14512 0
14513 2
14514 1
14515 2
14516 0
14517 1
14518 0
14519 1
14520 0
14521 1
14522 0
14523 1
14524 2
14525 3
14526 0
14527 1
14528 0
14529 1
14530 0
14531 1
14532 2
14533 0
14534 1
14535 0
14536 2
14537 1
14538 2
14539 0
14540 1
14541 0
14542 1
14543 0
14544 1
14545 2
14546 0
14547 1
14548 0
14549 1
14550 0
14551 2
14552 1
14553 2
14554 0
14555 2
14556 1
14557 2
14558 1
14559 0
14560 1
14561 0
14562 1
14563 0
14564 2
14565 1
14566 0
14567 1
14568 2
14569 0
14570 1
14571 2
14572 0
14573 1
14574 0
14575 2
14576 1
14577 2
14578 1
14579 2
14580 0
14581 2
14582 1
14583 2
14584 1
14585 2
14586 0
14587 1
14588 2
14589 1
14590 0
14591 1
14592 0
14593 1
14594 0
14595 2
14596 0
14597 1
14598 0
14599 1
14600 0
14601 1
14602 2
14603 1
14604 2
14605 0
14606 1
14607 2
14608 0
14609 1
14610 2
14611 0
14612 1
14613 0
14614 1
14615 0
14616 1
14617 0
14618 1
14619 0
14620 1
14621 0
14622 2
14623 1
14624 0
14625 1
14626 0
14627 2
14628 1
14629 2
14630 0
14631 1
14632 0
14633 1
14634 0
14635 2
14636 0
14637 1
14638 0
14639 1
14640 0
14641 1
14642 2
14643 1
14644 0
14645 1
14646 0
14647 2
14648 1
14649 0
14650 1
14651 2
14652 0
14653 1
14654 0
14655 1
14656 2
14657 0
14658 1
14659 0
14660 1
14661 2
14662 0
14663 2
14664 1
14665 0
14666 2
14667 1
14668 0
14669 2
14670 1
14671 0
14672 1
14673 0
14674 1
14675 2
14676 0
14677 1
14678 0
14679 2
14680 1
14681 0
14682 1
14683 0
14684 1
14685 0
14686 1
14687 0
14688 1
14689 0
14690 2
14691 0
14692 1
14693 0
14694 1
14695 0
14696 1
14697 2
14698 1
14699 2
14700 1
14701 2
14702 0
14703 2
14704 1
14705 0
14706 1
14707 2
14708 0
14709 1
14710 2
14711 1
14712 2
14713 0
14714 1
14715 2
14716 0
14717 1
14718 0
14719 1
14720 0
14721 1
14722 0
14723 1
14724 2
14725 1
14726 0
14727 2
14728 0
14729 1
14730 0
14731 2
14732 1
14733 2
14734 1
14735 0
14736 1
14737 2
14738 0
14739 1
14740 0
14741 1
14742 0
14743 1
14744 2
14745 1
14746 0
14747 1
14748 0
14749 1
14750 0
14751 2
14752 1
14753 2
14754 1
14755 0
14756 2
14757 1
14758 0
14759 1
14760 2
14761 0
14762 1
14763 2
14764 0
14765 1
14766 2
14767 0
14768 1
14769 2
14770 0
14771 2
14772 1
14773 0
14774 1
14775 2
14776 1
14777 2
14778 1
14779 0
14780 1
14781 2
14782 1
14783 0
14784 1
14785 0
14786 1
14787 0
14788 1
14789 0
14790 1
14791 0
14792 1
14793 0
14794 2
14795 1
14796 2
14797 0
14798 1
14799 2
14800 0
14801 1
14802 2
14803 1
14804 2
14805 0
14806 2
14807 1
14808 0
14809 2
14810 1
14811 0
14812 1
14813 2
14814 0
14815 2
14816 1
14817 0
14818 1
14819 2
14820 3
14821 1
14822 0
14823 1
14824 0
14825 1
14826 0
14827 1
14828 2
14829 0
14830 2
14831 1
14832 0
14833 2
14834 1
14835 0
14836 1
14837 2
14838 0
14839 1
14840 0
14841 1
14842 2
14843 0
14844 1
14845 0
14846 1
14847 0
14848 1
14849 0
14850 2
14851 1
14852 2
14853 0
14854 2
14855 1
14856 0
14857 1
14858 0
14859 1
14860 0
14861 2
14862 1
14863 0
14864 1
14865 0
14866 1
14867 0
14868 2
14869 1
14870 0
14871 2
14872 0
14873 1
14874 2
14875 1
14876 2
14877 0
14878 1
14879 2
14880 1
14881 0
14882 1
14883 0
14884 1
14885 0
14886 2
14887 1
14888 0
14889 1
14890 2
14891 0
14892 1
14893 0
14894 2
14895 1
14896 2
14897 0
14898 1
14899 2
14900 0
14901 2
14902 0
14903 1
14904 0
14905 1
14906 0
14907 2
14908 0
14909 2
14910 0
14911 1
14912 2
14913 1
14914 0
14915 1
14916 0
14917 1
14918 0
14919 2
14920 1
14921 0
14922 1
14923 0
14924 1
14925 0
14926 1
14927 0
14928 2
14929 1
14930 2
14931 0
14932 1
14933 2
14934 0
14935 1
14936 0
14937 1
14938 0
14939 1
14940 0
14941 1
14942 0
14943 1
14944 2
14945 1
14946 0
14947 1
14948 0
14949 1
14950 0
14951 1
14952 0
14953 2
14954 1
14955 0
14956 2
14957 1
14958 2
14959 0
14960 1
14961 0
14962 2
14963 1
14964 0
14965 1
14966 0
14967 1
14968 0
14969 2
14970 1
14971 0
14972 2
14973 1
14974 0
14975 2
14976 1
14977 0
14978 1
14979 2
14980 1
14981 0
14982 2
14983 1
14984 0
14985 1
14986 0
14987 2
14988 1
14989 2
14990 0
14991 2
14992 1
14993 2
14994 1
14995 0
14996 1
14997 2
14998 0
14999 1
15000 0
15001 2
15002 0
15003 1
15004 0
15005 2
15006 1
15007 0
15008 2
15009 1
15010 0
15011 1
15012 2
15013 0
15014 1
15015 0
15016 2
15017 1
15018 2
15019 0
15020 2
15021 1
15022 0
15023 1
15024 2
15025 0
15026 1
15027 2
15028 0
15029 2
15030 1
15031 0
15032 1
15033 0
15034 1
15035 2
15036 0
15037 2
15038 1
15039 0
15040 1
15041 2
15042 0
15043 1
15044 2
15045 0
15046 1
15047 0
15048 1
15049 2
15050 0
15051 1
15052 0
15053 2
15054 1
15055 0
15056 1
15057 0
15058 1
15059 0
15060 1
15061 2
15062 0
15063 1
15064 2
15065 0
15066 1
15067 2
15068 0
15069 1
15070 0
15071 1
15072 0
15073 1
15074 2
15075 0
15076 1
15077 0
15078 1
15079 0
15080 1
15081 0
15082 1
15083 0
15084 2
15085 1
15086 0
15087 1
15088 0
15089 1
15090 2
15091 0
15092 1
15093 2
15094 1
15095 0
15096 1
15097 2
15098 1
15099 0
15100 2
15101 1
15102 0
15103 1
15104 0
15105 2
15106 1
15107 0
15108 1
15109 0
15110 1
15111 0
15112 2
15113 1
15114 0
15115 1
15116 2
15117 1
15118 0
15119 2
15120 1
15121 0
15122 1
15123 0
15124 1
15125 0
15126 1
15127 0
15128 1
15129 0
15130 1
15131 0
15132 1
15133 2
15134 0
15135 1
15136 0
15137 1
15138 0
15139 1
15140 2
15141 1
15142 0
15143 2
15144 1
15145 0
15146 2
15147 3
15148 0
15149 2
15150 1
15151 0
15152 1
15153 0
15154 1
15155 0
15156 1
15157 2
15158 1
15159 0
15160 1
15161 2
15162 1
15163 0
15164 1
15165 2
15166 1
15167 0
15168 2
15169 1
15170 2
15171 0
15172 2
15173 1
15174 2
15175 0
15176 1
15177 2
15178 0
15179 1
15180 0
15181 1
15182 2
15183 0
15184 1
15185 0
15186 1
15187 0
15188 2
15189 1
15190 2
15191 0
15192 1
15193 2
15194 0
15195 2
15196 1
15197 0
15198 1
15199 0
15200 1
15201 2
15202 0
15203 1
15204 0
15205 1
15206 0
15207 1
15208 0
15209 1
15210 0
15211 1
15212 2
15213 0
15214 1
15215 0
15216 1
15217 0
15218 1
15219 0
15220 1
15221 2
15222 1
15223 2
15224 0
15225 1
15226 0
15227 1
15228 0
15229 1
15230 2
15231 0
15232 2
15233 1
15234 2
15235 0
15236 1
15237 0
15238 2
15239 1
15240 0
15241 1
15242 2
15243 0
15244 2
15245 1
15246 0
15247 1
15248 2
15249 1
15250 2
15251 0
15252 1
15253 0
15254 1
15255 0
15256 1
15257 0
15258 2
15259 1
15260 2
15261 0
15262 1
15263 0
15264 1
15265 2
15266 0
15267 2
15268 1
15269 0
15270 1
15271 2
15272 1
15273 0
15274 1
15275 0
15276 1
15277 0
15278 2
15279 1
15280 2
15281 0
15282 1
15283 2
15284 0
15285 1
15286 0
15287 2
15288 1
15289 0
15290 1
15291 2
15292 0
15293 1
15294 2
15295 0
15296 1
15297 0
15298 1
15299 0
15300 1
15301 2
15302 0
15303 1
15304 0
15305 2
15306 1
15307 0
15308 1
15309 2
15310 0
15311 1
15312 0
15313 2
15314 1
15315 0
15316 1
15317 0
15318 1
15319 0
15320 1
15321 2
15322 0
15323 1
15324 0
15325 1
15326 0
15327 1
15328 0
15329 1
15330 2
15331 0
15332 1
15333 0
15334 1
15335 0
15336 1
15337 2
15338 0
15339 1
15340 0
15341 1
15342 0
15343 1
15344 0
15345 2
15346 1
15347 2
15348 0
15349 1
15350 0
15351 2
15352 1
15353 0
15354 2
15355 1
15356 0
15357 1
15358 2
15359 0
15360 2
15361 1
15362 0
15363 1
15364 0
15365 2
15366 1
15367 2
15368 0
15369 1
15370 2
15371 0
15372 1
15373 0
15374 1
15375 0
15376 1
15377 0
15378 1
15379 2
15380 1
15381 0
15382 2
15383 1
15384 0
15385 1
15386 0
15387 1
15388 2
15389 0
15390 1
15391 0
15392 1
15393 2
15394 0
15395 1
15396 0
15397 1
15398 0
15399 1
15400 2
15401 1
15402 0
15403 1
15404 0
15405 2
15406 0
15407 1
15408 0
15409 2
15410 1
15411 0
15412 2
15413 1
15414 0
15415 2
15416 1
15417 0
15418 1
15419 0
15420 1
15421 0
15422 1
15423 0
15424 1
15425 2
15426 0
15427 1
15428 0
15429 1
15430 0
15431 1
15432 0
15433 1
15434 0
15435 2
15436 1
15437 2
15438 1
15439 0
15440 1
15441 0
15442 1
15443 0
15444 1
15445 2
15446 1
15447 2
15448 0
15449 2
15450 0
15451 2
15452 0
15453 1
15454 0
15455 2
15456 1
15457 0
15458 1
15459 0
15460 1
15461 0
15462 1
15463 0
15464 1
15465 0
15466 1
15467 0
15468 1
15469 0
15470 1
15471 0
15472 1
15473 0
15474 1
15475 0
15476 1
15477 0
15478 1
15479 2
15480 1
15481 2
15482 0
15483 1
15484 0
15485 1
15486 0
15487 2
15488 1
15489 0
15490 2
15491 0
15492 1
15493 2
15494 1
15495 0
15496 1
15497 2
15498 0
15499 1
15500 2
15501 0
15502 1
15503 0
15504 1
15505 0
15506 2
15507 1
15508 0
15509 1
15510 0
15511 1
15512 0
15513 1
15514 0
15515 1
15516 0
15517 1
15518 0
15519 1
15520 2
15521 0
15522 2
15523 1
15524 0
15525 1
15526 2
15527 0
15528 1
15529 2
15530 0
15531 1
15532 0
15533 1
15534 0
15535 1
15536 0
15537 1
15538 0
15539 1
15540 2
15541 1
15542 2
15543 1
15544 0
15545 1
15546 2
15547 0
15548 1
15549 0
15550 1
15551 0
15552 2
15553 3
15554 0
15555 1
15556 0
15557 1
15558 0
15559 1
15560 0
15561 2
15562 1
15563 0
15564 1
15565 0
15566 1
15567 2
15568 0
15569 1
15570 0
15571 1
15572 2
15573 0
15574 1
15575 0
15576 1
15577 2
15578 0
15579 1
15580 0
15581 1
15582 2
15583 0
15584 1
15585 0
15586 1
15587 2
15588 0
15589 2
15590 1
15591 0
15592 1
15593 2
15594 0
15595 1
15596 0
15597 1
15598 0
15599 1
15600 0
15601 1
15602 0
15603 1
15604 0
15605 1
15606 2
15607 0
15608 1
15609 0
15610 1
15611 0
15612 2
15613 1
15614 0
15615 1
15616 0
15617 1
15618 2
15619 0
15620 2
15621 1
15622 0
15623 1
15624 0
15625 2
15626 0
15627 2
15628 1
15629 0
15630 1
15631 2
15632 0
15633 1
15634 0
15635 1
15636 2
15637 0
15638 2
15639 1
15640 0
15641 2
15642 1
15643 0
15644 1
15645 0
15646 2
15647 1
15648 0
15649 1
15650 0
15651 1
15652 0
15653 1
15654 2
15655 0
15656 1
15657 2
15658 0
15659 1
15660 2
15661 0
15662 2
15663 1
15664 0
15665 1
15666 0
15667 2
15668 1
15669 0
15670 1
15671 2
15672 0
15673 1
15674 0
15675 1
15676 0
15677 1
15678 2
15679 0
15680 1
15681 0
15682 2
15683 1
15684 0
15685 1
15686 2
15687 0
15688 1
15689 2
15690 0
15691 2
15692 0
15693 1
15694 0
15695 1
15696 2
15697 0
15698 2
15699 1
15700 2
15701 0
15702 1
15703 0
15704 1
15705 0
15706 1
15707 0
15708 1
15709 0
15710 1
15711 2
15712 0
15713 2
15714 0
15715 1
15716 2
15717 0
15718 1
15719 0
15720 1
15721 2
15722 0
15723 1
15724 0
15725 2
15726 1
15727 0
15728 1
15729 0
15730 1
15731 2
15732 0
15733 1
15734 0
15735 1
15736 2
15737 1
15738 0
15739 2
15740 1
15741 2
15742 1
15743 2
15744 0
15745 2
15746 1
15747 0
15748 1
15749 0
15750 1
15751 2
15752 0
15753 1
15754 2
15755 0
15756 1
15757 0
15758 1
15759 0
15760 1
15761 0
15762 1
15763 0
15764 1
15765 0
15766 1
15767 0
15768 1
15769 0
15770 1
15771 0
15772 1
15773 2
15774 1
15775 0
15776 1
15777 2
15778 0
15779 1
15780 0
15781 1
15782 0
15783 1
15784 2
15785 1
15786 0
15787 1
15788 0
15789 1
15790 2
15791 0
15792 1
15793 0
15794 1
15795 0
15796 1
15797 2
15798 0
15799 1
15800 0
15801 2
15802 0
15803 1
15804 0
15805 1
15806 0
15807 1
15808 0
15809 1
15810 0
15811 1
15812 0
15813 1
15814 0
15815 1
15816 2
15817 0
15818 1
15819 2
15820 1
15821 0
15822 1
15823 2
15824 0
15825 1
15826 0
15827 1
15828 0
15829 1
15830 2
15831 0
15832 1
15833 0
15834 1
15835 0
15836 1
15837 0
15838 1
15839 2
15840 0
15841 1
15842 0
15843 1
15844 0
15845 1
15846 2
15847 0
15848 1
15849 0
15850 2
15851 1
15852 0
15853 1
15854 0
15855 1
15856 0
15857 1
15858 0
15859 1
15860 0
15861 1
15862 0
15863 1
15864 0
15865 1
15866 2
15867 0
15868 1
15869 0
15870 2
15871 0
15872 2
15873 0
15874 1
15875 0
15876 2
15877 0
15878 1
15879 2
15880 0
15881 1
15882 2
15883 0
15884 1
15885 0
15886 2
15887 0
15888 2
15889 1
15890 0
15891 1
15892 0
15893 1
15894 2
15895 1
15896 0
15897 1
15898 0
15899 1
15900 2
15901 0
15902 1
15903 2
15904 1
15905 0
15906 1
15907 2
15908 0
15909 1
15910 0
15911 1
15912 0
15913 1
15914 2
15915 1
15916 0
15917 1
15918 0
15919 1
15920 2
15921 0
15922 1
15923 0
15924 2
15925 0
15926 1
15927 0
15928 1
15929 2
15930 0
15931 1
15932 0
15933 1
15934 0
15935 1
15936 2
15937 0
15938 1
15939 0
15940 1
15941 2
15942 0
15943 1
15944 2
15945 1
15946 2
15947 0
15948 1
15949 0
15950 2
15951 1
15952 2
15953 0
15954 1
15955 2
15956 0
15957 2
15958 1
15959 0
15960 1
15961 2
15962 1
15963 0
15964 1
15965 0
15966 1
15967 0
15968 2
15969 1
15970 0
15971 1
15972 0
15973 1
15974 0
15975 1
15976 0
15977 1
15978 2
15979 0
15980 1
15981 0
15982 1
15983 0
15984 1
15985 0
15986 1
15987 0
15988 1
15989 0
15990 1
15991 0
15992 1
15993 0
15994 1
15995 2
15996 1
15997 0
15998 1
15999 0
16000 1
16001 0
16002 2
16003 1
16004 0
16005 1
16006 2
16007 0
16008 1
16009 0
16010 1
16011 0
16012 1
16013 2
16014 0
16015 1
16016 0
16017 1
16018 0
16019 1
16020 0
16021 1
16022 2
16023 0
16024 1
16025 2
16026 0
16027 1
16028 0
16029 1
16030 0
16031 1
16032 0
16033 1
16034 0
16035 2
16036 0
16037 1
16038 0
16039 1
16040 0
16041 1
16042 0
16043 2
16044 0
16045 2
16046 0
16047 1
16048 0
16049 1
16050 0
16051 2
16052 1
16053 0
16054 1
16055 0
16056 2
16057 0
16058 1
16059 0
16060 1
16061 0
16062 1
16063 0
16064 2
16065 1
16066 2
16067 0
16068 1
16069 0
16070 1
16071 2
16072 1
16073 0
16074 2
16075 1
16076 0
16077 1
16078 0
16079 1
16080 0
16081 1
16082 0
16083 1
16084 2
16085 0
16086 2
16087 1
16088 0
16089 1
16090 2
16091 1
16092 2
16093 1
16094 0
16095 1
16096 0
16097 1
16098 0
16099 1
16100 2
16101 0
16102 1
16103 0
16104 1
16105 0
16106 2
16107 0
16108 1
16109 0
16110 1
16111 0
16112 1
16113 0
16114 1
16115 0
16116 1
16117 0
16118 1
16119 0
16120 1
16121 0
16122 1
16123 0
16124 1
16125 0
16126 1
16127 0
16128 1
16129 0
16130 1
16131 2
16132 0
16133 1
16134 0
16135 1
16136 0
16137 2
16138 1
16139 0
16140 1
16141 0
16142 1
16143 2
16144 0
16145 2
16146 1
16147 0
16148 1
16149 2
16150 0
16151 1
16152 0
16153 1
16154 0
16155 1
16156 2
16157 0
16158 1
16159 2
16160 1
16161 0
16162 1
16163 0
16164 1
16165 0
16166 1
16167 2
16168 1
16169 0
16170 1
16171 0
16172 2
16173 0
16174 2
16175 1
16176 0
16177 1
16178 0
16179 1
16180 2
16181 1
16182 0
16183 2
16184 1
16185 2
16186 0
16187 1
16188 0
16189 2
16190 1
16191 0
16192 1
16193 0
16194 1
16195 0
16196 1
16197 0
16198 2
16199 1
16200 0
16201 1
16202 2
16203 0
16204 2
16205 1
16206 2
16207 0
16208 1
16209 0
16210 1
16211 2
16212 0
16213 2
16214 1
16215 2
16216 0
16217 1
16218 2
16219 0
16220 1
16221 0
16222 1
16223 0
16224 1
16225 0
16226 1
16227 0
16228 1
16229 0
16230 2
16231 1
16232 2
16233 1
16234 2
16235 0
16236 1
16237 2
16238 0
16239 1
16240 0
16241 1
16242 2
16243 0
16244 1
16245 2
16246 0
16247 1
16248 0
16249 1
16250 0
16251 2
16252 1
16253 0
16254 1
16255 0
16256 2
16257 1
16258 2
16259 0
16260 1
16261 0
16262 2
16263 1
16264 0
16265 1
16266 0
16267 1
16268 2
16269 0
16270 2
16271 0
16272 1
16273 0
16274 1
16275 0
16276 1
16277 0
16278 1
16279 2
16280 1
16281 0
16282 1
16283 2
16284 0
16285 2
16286 1
16287 2
16288 0
16289 2
16290 1
16291 2
16292 0
16293 1
16294 0
16295 2
16296 1
16297 0
16298 1
16299 0
16300 1
16301 2
16302 0
16303 2
16304 1
16305 0
16306 1
16307 0
16308 1
16309 2
16310 1
16311 0
16312 1
16313 0
16314 1
16315 0
16316 2
16317 0
16318 1
16319 0
16320 1
16321 0
16322 1
16323 0
16324 1
16325 2
16326 0
16327 2
16328 1
16329 0
16330 2
16331 0
16332 2
16333 0
16334 1
16335 0
16336 2
16337 0
16338 2
16339 0
16340 1
16341 0
16342 1
16343 0
16344 1
16345 0
16346 1
16347 0
16348 2
16349 0
16350 1
16351 0
16352 1
16353 2
16354 0
16355 1
16356 0
16357 1
16358 2
16359 0
16360 1
16361 0
16362 2
16363 1
16364 0
16365 1
16366 0
16367 1
16368 0
16369 1
16370 0
16371 1
16372 0
16373 1
16374 2
16375 0
16376 1
16377 0
16378 1
16379 2
16380 0
16381 1
16382 0
16383 1
16384 0
16385 2
16386 1
16387 0
16388 1
16389 0
16390 1
16391 0
16392 1
16393 0
16394 1
16395 0
16396 2
16397 1
16398 0
16399 2
16400 1
16401 2
16402 0
16403 1
16404 0
16405 2
16406 1
16407 0
16408 1
16409 0
16410 1
16411 0
16412 1
16413 0
16414 1
16415 0
16416 1
16417 0
16418 1
16419 0
16420 1
16421 0
16422 1
16423 2
16424 0
16425 2
16426 1
16427 2
16428 0
16429 1
16430 0
16431 1
16432 0
16433 1
16434 0
16435 1
16436 2
16437 0
16438 1
16439 0
16440 1
16441 0
16442 2
16443 1
16444 0
16445 1
16446 0
16447 1
16448 0
16449 2
16450 1
16451 0
16452 2
16453 3
16454 1
16455 0
16456 1
16457 0
16458 1
16459 0
16460 1
16461 0
16462 1
16463 0
16464 1
16465 0
16466 1
16467 0
16468 1
16469 0
16470 1
16471 0
16472 1
16473 0
16474 1
16475 2
16476 1
16477 2
16478 1
16479 0
16480 1
16481 0
16482 2
16483 1
16484 2
16485 0
16486 1
16487 2
16488 1
16489 0
16490 1
16491 0
16492 1
16493 0
16494 2
16495 1
16496 0
16497 2
16498 1
16499 0
16500 1
16501 0
16502 1
16503 2
16504 0
16505 1
16506 0
16507 2
16508 1
16509 2
16510 0
16511 2
16512 1
16513 2
16514 0
16515 1
16516 2
16517 1
16518 2
16519 1
16520 0
16521 1
16522 0
16523 1
16524 0
16525 1
16526 0
16527 1
16528 0
16529 1
16530 2
16531 1
16532 2
16533 0
16534 1
16535 0
16536 1
16537 0
16538 2
16539 1
16540 0
16541 1
16542 0
16543 1
16544 2
16545 0
16546 1
16547 2
16548 0
16549 1
16550 0
16551 1
16552 0
16553 1
16554 0
16555 1
16556 2
16557 0
16558 1
16559 0
16560 1
16561 0
16562 1
16563 2
16564 0
16565 1
16566 0
16567 2
16568 1
16569 0
16570 1
16571 0
16572 1
16573 2
16574 0
16575 1
16576 2
16577 0
16578 1
16579 2
16580 1
16581 2
16582 0
16583 1
16584 0
16585 1
16586 0
16587 2
16588 1
16589 2
16590 0
16591 2
16592 1
16593 2
16594 0
16595 1
16596 0
16597 2
16598 1
16599 0
16600 2
16601 0
16602 1
16603 0
16604 1
16605 0
16606 1
16607 0
16608 1
16609 0
16610 1
16611 0
16612 2
16613 1
16614 0
16615 1
16616 2
16617 1
16618 0
16619 1
16620 0
16621 1
16622 0
16623 1
16624 0
16625 1
16626 0
16627 1
16628 2
16629 0
16630 1
16631 0
16632 1
16633 0
16634 1
16635 0
16636 1
16637 0
16638 2
16639 1
16640 0
16641 1
16642 0
16643 1
16644 0
16645 1
16646 2
16647 0
16648 2
16649 1
16650 0
16651 1
16652 0
16653 1
16654 0
16655 2
16656 1
16657 2
16658 0
16659 1
16660 2
16661 0
16662 1
16663 0
16664 1
16665 0
16666 2
16667 0
16668 1
16669 0
16670 2
16671 0
16672 2
16673 1
16674 0
16675 1
16676 0
16677 2
16678 0
16679 1
16680 0
16681 1
16682 0
16683 1
16684 0
16685 2
16686 1
16687 2
16688 0
16689 1
16690 0
16691 1
16692 0
16693 1
16694 0
16695 1
16696 0
16697 1
16698 0
16699 1
16700 0
16701 1
16702 2
16703 0
16704 1
16705 0
16706 2
16707 1
16708 0
16709 2
16710 0
16711 1
16712 0
16713 1
16714 0
16715 1
16716 0
16717 1
16718 0
16719 1
16720 0
16721 1
16722 2
16723 0
16724 1
16725 0
16726 1
16727 0
16728 1
16729 2
16730 0
16731 2
16732 1
16733 0
16734 2
16735 0
16736 1
16737 2
16738 1
16739 0
16740 2
16741 0
16742 1
16743 2
16744 0
16745 1
16746 2
16747 0
16748 1
16749 2
16750 0
16751 1
16752 0
16753 1
16754 2
16755 0
16756 2
16757 1
16758 0
16759 1
16760 0
16761 1
16762 2
16763 0
16764 2
16765 1
16766 2
16767 0
16768 1
16769 2
16770 0
16771 1
16772 2
16773 0
16774 1
16775 2
16776 0
16777 1
16778 0
16779 1
16780 2
16781 0
16782 1
16783 0
16784 1
16785 0
16786 2
16787 1
16788 2
16789 0
16790 1
16791 0
16792 1
16793 0
16794 1
16795 0
16796 1
16797 2
16798 0
16799 1
16800 0
16801 1
16802 2
16803 0
16804 1
16805 0
16806 1
16807 2
16808 0
16809 1
16810 2
16811 1
16812 0
16813 1
16814 0
16815 2
16816 1
16817 0
16818 1
16819 2
16820 0
16821 1
16822 0
16823 2
16824 1
16825 2
16826 0
16827 1
16828 0
16829 2
16830 1
16831 0
16832 1
16833 0
16834 1
16835 0
16836 1
16837 0
16838 1
16839 0
16840 1
16841 2
16842 0
16843 1
16844 0
16845 1
16846 0
16847 1
16848 0
16849 2
16850 0
16851 2
16852 1
16853 2
16854 0
16855 1
16856 0
16857 2
16858 1
16859 0
16860 1
16861 0
16862 1
16863 2
16864 0
16865 1
16866 0
16867 2
16868 1
16869 2
16870 1
16871 2
16872 0
16873 1
16874 0
16875 1
16876 0
16877 1
16878 2
16879 1
16880 0
16881 1
16882 0
16883 1
16884 0
16885 2
16886 1
16887 2
16888 0
16889 1
16890 2
16891 0
16892 1
16893 0
16894 1
16895 2
16896 1
16897 0
16898 2
16899 1
16900 0
16901 1
16902 2
16903 0
16904 1
16905 0
16906 1
16907 0
16908 1
16909 0
16910 2
16911 1
16912 0
16913 2
16914 1
16915 0
16916 1
16917 2
16918 0
16919 1
16920 0
16921 1
16922 0
16923 1
16924 0
16925 1
16926 0
16927 1
16928 0
16929 1
16930 0
16931 2
16932 1
16933 0
16934 2
16935 1
16936 2
16937 0
16938 2
16939 1
16940 2
16941 0
16942 1
16943 2
16944 0
16945 1
16946 2
16947 0
16948 2
16949 1
16950 2
16951 3
16952 1
16953 0
16954 1
16955 0
16956 1
16957 0
16958 1
16959 2
16960 1
16961 2
16962 0
16963 1
16964 0
16965 2
16966 1
16967 0
16968 1
16969 0
16970 1
16971 0
16972 2
16973 1
16974 2
16975 1
16976 0
16977 1
16978 0
16979 1
16980 2
16981 1
16982 0
16983 1
16984 0
16985 2
16986 0
16987 2
16988 1
16989 2
16990 0
16991 1
16992 0
16993 1
16994 0
16995 1
16996 0
16997 2
16998 1
16999 0
17000 2
17001 1
17002 0
17003 1
17004 0
17005 1
17006 2
17007 1
17008 0
17009 1
17010 2
17011 0
17012 1
17013 2
17014 0
17015 1
17016 0
17017 2
17018 1
17019 0
17020 2
17021 1
17022 2
17023 0
17024 1
17025 2
17026 1
17027 0
17028 1
17029 0
17030 1
17031 0
17032 1
17033 0
17034 1
17035 2
17036 0
17037 1
17038 0
17039 1
17040 0
17041 1
17042 0
17043 2
17044 1
17045 2
17046 0
17047 1
17048 0
17049 1
17050 0
17051 1
17052 0
17053 1
17054 2
17055 0
17056 1
17057 0
17058 1
17059 0
17060 1
17061 0
17062 1
17063 2
17064 1
17065 0
17066 1
17067 0
17068 1
17069 2
17070 1
17071 0
17072 1
17073 2
17074 1
17075 0
17076 1
17077 0
17078 2
17079 1
17080 0
17081 1
17082 0
17083 1
17084 0
17085 2
17086 1
17087 0
17088 1
17089 0
17090 1
17091 2
17092 0
17093 1
17094 0
17095 1
17096 0
17097 1
17098 0
17099 1
17100 2
17101 1
17102 2
17103 0
17104 2
17105 1
17106 0
17107 1
17108 2
17109 1
17110 0
17111 1
17112 2
17113 0
17114 1
17115 0
17116 2
17117 1
17118 0
17119 2
17120 0
17121 1
17122 0
17123 1
17124 0
17125 1
17126 0
17127 1
17128 0
17129 1
17130 2
17131 0
17132 1
17133 2
17134 0
17135 2
17136 1
17137 0
17138 1
17139 2
17140 0
17141 2
17142 3
17143 0
17144 1
17145 0
17146 1
17147 0
17148 2
17149 1
17150 2
17151 0
17152 2
17153 0
17154 2
17155 0
17156 1
17157 0
17158 1
17159 2
17160 1
17161 0
17162 1
17163 0
17164 2
17165 1
17166 2
17167 1
17168 0
17169 1
17170 0
17171 1
17172 0
17173 1
17174 2
17175 0
17176 1
17177 0
17178 2
17179 0
17180 1
17181 0
17182 1
17183 2
17184 1
17185 2
17186 0
17187 1
17188 2
17189 0
17190 1
17191 2
17192 0
17193 1
17194 0
17195 2
17196 1
17197 2
17198 0
17199 1
17200 0
17201 1
17202 2
17203 0
17204 1
17205 0
17206 1
17207 0
17208 1
17209 2
17210 0
17211 1
17212 0
17213 1
17214 0
17215 2
17216 0
17217 2
17218 1
17219 0
17220 2
17221 1
17222 0
17223 1
17224 0
17225 1
17226 2
17227 0
17228 2
17229 1
17230 0
17231 2
17232 1
17233 0
17234 1
17235 0
17236 1
17237 0
17238 1
17239 0
17240 1
17241 0
17242 1
17243 0
17244 1
17245 0
17246 2
17247 1
17248 0
17249 1
17250 0
17251 1
17252 0
17253 1
17254 2
17255 1
17256 0
17257 2
17258 0
17259 1
17260 0
17261 1
17262 0
17263 2
17264 1
17265 2
17266 0
17267 1
17268 0
17269 1
17270 2
17271 0
17272 1
17273 0
17274 1
17275 0
17276 1
17277 0
17278 1
17279 2
17280 1
17281 2
17282 0
17283 1
17284 2
17285 0
17286 1
17287 0
17288 1
17289 0
17290 1
17291 0
17292 1
17293 0
17294 2
17295 1
17296 0
17297 1
17298 2
17299 0
17300 1
17301 0
17302 1
17303 2
17304 0
17305 1
17306 0
17307 1
17308 2
17309 0
17310 1
17311 0
17312 2
17313 1
17314 0
17315 1
17316 0
17317 1
17318 0
17319 1
17320 0
17321 1
17322 0
17323 1
17324 0
17325 1
17326 2
17327 1
17328 0
17329 1
17330 0
17331 1
17332 0
17333 2
17334 1
17335 2
17336 1
17337 0
17338 1
17339 0
17340 1
17341 0
17342 1
17343 0
17344 1
17345 0
17346 1
17347 0
17348 1
17349 0
17350 1
17351 0
17352 1
17353 0
17354 1
17355 0
17356 1
17357 0
17358 1
17359 0
17360 1
17361 2
17362 0
17363 2
17364 1
17365 0
17366 2
17367 1
17368 2
17369 0
17370 1
17371 0
17372 1
17373 2
17374 0
17375 1
17376 0
17377 2
17378 1
17379 2
17380 0
17381 1
17382 0
17383 2
17384 1
17385 0
17386 1
17387 0
17388 1
17389 0
17390 1
17391 0
17392 1
17393 0
17394 2
17395 1
17396 0
17397 1
17398 2
17399 1
17400 2
17401 0
17402 1
17403 0
17404 2
17405 1
17406 0
17407 1
17408 2
17409 0
17410 1
17411 2
17412 0
17413 1
17414 2
17415 1
17416 2
17417 1
17418 0
17419 1
17420 0
17421 1
17422 0
17423 1
17424 2
17425 0
17426 1
17427 0
17428 1
17429 0
17430 1
17431 0
17432 2
17433 1
17434 0
17435 2
17436 1
17437 0
17438 2
17439 1
17440 2
17441 0
17442 2
17443 1
17444 0
17445 2
17446 1
17447 0
17448 1
17449 0
17450 1
17451 0
17452 1
17453 0
17454 1
17455 2
17456 1
17457 2
17458 0
17459 1
17460 0
17461 1
17462 0
17463 1
17464 0
17465 2
17466 1
17467 2
17468 0
17469 1
17470 0
17471 1
17472 0
17473 1
17474 0
17475 1
17476 0
17477 1
17478 0
17479 1
17480 0
17481 1
17482 2
17483 1
17484 0
17485 1
17486 0
17487 1
17488 2
17489 0
17490 1
17491 0
17492 1
17493 2
17494 1
17495 0
17496 1
17497 0
17498 2
17499 1
17500 0
17501 1
17502 0
17503 1
17504 0
17505 2
17506 0
17507 1
17508 2
17509 0
17510 2
17511 1
17512 2
17513 1
17514 2
17515 1
17516 0
17517 1
17518 2
17519 0
17520 1
17521 2
17522 0
17523 2
17524 1
17525 0
17526 2
17527 1
17528 0
17529 1
17530 0
17531 1
17532 0
17533 1
17534 0
17535 1
17536 2
17537 0
17538 1
17539 0
17540 1
17541 0
17542 1
17543 0
17544 1
17545 0
17546 1
17547 0
17548 2
17549 1
17550 0
17551 1
17552 0
17553 1
17554 0
17555 1
17556 0
17557 1
17558 0
17559 1
17560 0
17561 1
17562 0
17563 1
17564 2
17565 0
17566 1
17567 0
17568 1
17569 0
17570 1
17571 2
17572 1
17573 2
17574 0
17575 1
17576 0
17577 1
17578 0
17579 1
17580 0
17581 1
17582 2
17583 1
17584 0
17585 1
17586 2
17587 1
17588 0
17589 1
17590 0
17591 2
17592 1
17593 0
17594 1
17595 2
17596 0
17597 1
17598 0
17599 1
17600 2
17601 0
17602 1
17603 0
17604 1
17605 0
17606 1
17607 0
17608 1
17609 0
17610 1
17611 0
17612 1
17613 0
17614 1
17615 0
17616 1
17617 2
17618 0
17619 2
17620 3
17621 0
17622 2
17623 1
17624 0
17625 1
17626 0
17627 1
17628 0
17629 2
17630 1
17631 0
17632 1
17633 2
17634 0
17635 1
17636 2
17637 0
17638 1
17639 0
17640 1
17641 0
17642 1
17643 0
17644 1
17645 0
17646 1
17647 0
17648 1
17649 2
17650 1
17651 0
17652 1
17653 0
17654 1
17655 2
17656 1
17657 0
17658 2
17659 1
17660 0
17661 1
17662 2
17663 0
17664 1
17665 0
17666 1
17667 2
17668 1
17669 0
17670 1
17671 2
17672 0
17673 1
17674 0
17675 2
17676 0
17677 1
17678 0
17679 1
17680 0
17681 2
17682 1
17683 2
17684 0
17685 1
17686 0
17687 1
17688 2
17689 0
17690 1
17691 0
17692 1
17693 0
17694 2
17695 1
17696 0
17697 1
17698 0
17699 2
17700 1
17701 0
17702 1
17703 0
17704 2
17705 1
17706 0
17707 1
17708 0
17709 1
17710 0
17711 1
17712 0
17713 1
17714 0
17715 2
17716 0
17717 1
17718 2
17719 0
17720 1
17721 0
17722 1
17723 0
17724 1
17725 2
17726 0
17727 1
17728 0
17729 2
17730 1
17731 0
17732 1
17733 0
17734 1
17735 0
17736 2
17737 1
17738 2
17739 0
17740 1
17741 2
17742 1
17743 2
17744 0
17745 1
17746 0
17747 1
17748 0
17749 1
17750 2
17751 0
17752 1
17753 2
17754 0
17755 1
17756 2
17757 0
17758 1
17759 2
17760 0
17761 1
17762 2
17763 0
17764 1
17765 2
17766 0
17767 1
17768 0
17769 1
17770 0
17771 1
17772 0
17773 1
17774 0
17775 1
17776 2
17777 3
17778 1
17779 0
17780 1
17781 2
17782 1
17783 0
17784 1
17785 0
17786 1
17787 0
17788 1
17789 0
17790 2
17791 1
17792 0
17793 1
17794 0
17795 2
17796 1
17797 0
17798 2
17799 1
17800 0
17801 1
17802 0
17803 1
17804 0
17805 2
17806 1
17807 0
17808 1
17809 2
17810 0
17811 1
17812 2
17813 0
17814 2
17815 0
17816 2
17817 1
17818 2
17819 0
17820 2
17821 1
17822 2
17823 0
17824 1
17825 2
17826 1
17827 0
17828 2
17829 1
17830 0
17831 1
17832 0
17833 1
17834 0
17835 1
17836 2
17837 0
17838 1
17839 0
17840 1
17841 0
17842 1
17843 2
17844 0
17845 1
17846 0
17847 1
17848 2
17849 1
17850 0
17851 2
17852 1
17853 2
17854 1
17855 0
17856 1
17857 0
17858 1
17859 0
17860 1
17861 0
17862 1
17863 0
17864 1
17865 0
17866 2
17867 1
17868 2
17869 0
17870 1
17871 0
17872 1
17873 0
17874 1
17875 0
17876 1
17877 0
17878 1
17879 0
17880 2
17881 1
17882 0
17883 1
17884 0
17885 2
17886 1
17887 0
17888 1
17889 0
17890 1
17891 0
17892 1
17893 0
17894 1
17895 0
17896 1
17897 0
17898 1
17899 0
17900 2
17901 1
17902 2
17903 0
17904 1
17905 0
17906 1
17907 2
17908 0
17909 1
17910 2
17911 0
17912 1
17913 0
17914 1
17915 0
17916 1
17917 0
17918 1
17919 2
17920 0
17921 1
17922 0
17923 1
17924 0
17925 1
17926 0
17927 2
17928 1
17929 0
17930 1
17931 0
17932 1
17933 2
17934 1
17935 0
17936 1
17937 0
17938 1
17939 0
17940 1
17941 2
17942 0
17943 1
17944 0
17945 1
17946 2
17947 0
17948 1
17949 2
17950 0
17951 1
17952 0
17953 1
17954 0
17955 1
17956 0
17957 1
17958 2
17959 0
17960 2
17961 1
17962 0
17963 2
17964 1
17965 0
17966 1
17967 0
17968 1
17969 0
17970 2
17971 0
17972 2
17973 1
17974 2
17975 0
17976 1
17977 0
17978 1
17979 0
17980 2
17981 1
17982 0
17983 1
17984 0
17985 1
17986 0
17987 1
17988 2
17989 0
17990 1
17991 0
17992 1
17993 0
17994 2
17995 1
17996 0
17997 1
17998 0
17999 2
18000 1
18001 2
18002 0
18003 1
18004 2
18005 1
18006 0
18007 1
18008 0
18009 1
18010 2
18011 0
18012 1
18013 0
18014 1
18015 0
18016 2
18017 1
18018 0
18019 1
18020 2
18021 0
18022 2
18023 1
18024 2
18025 1
18026 0
18027 2
18028 1
18029 0
18030 1
18031 0
18032 1
18033 0
18034 1
18035 0
18036 2
18037 0
18038 1
18039 2
18040 0
18041 1
18042 0
18043 2
18044 1
18045 0
18046 2
18047 0
18048 1
18049 0
18050 1
18051 2
18052 1
18053 2
18054 0
18055 1
18056 0
18057 1
18058 0
18059 1
18060 2
18061 0
18062 2
18063 0
18064 1
18065 2
18066 0
18067 1
18068 0
18069 1
18070 0
18071 2
18072 1
18073 2
18074 0
18075 2
18076 1
18077 2
18078 0
18079 2
18080 1
18081 0
18082 2
18083 1
18084 2
18085 0
18086 1
18087 0
18088 1
18089 0
18090 1
18091 0
18092 1
18093 2
18094 0
18095 1
18096 0
18097 1
18098 0
18099 2
18100 1
18101 2
18102 1
18103 0
18104 1
18105 0
18106 1
18107 2
18108 0
18109 1
18110 2
18111 1
18112 2
18113 0
18114 1
18115 0
18116 1
18117 0
18118 1
18119 0
18120 1
18121 0
18122 1
18123 0
18124 1
18125 0
18126 1
18127 0
18128 1
18129 0
18130 1
18131 2
18132 0
18133 2
18134 1
18135 0
18136 1
18137 0
18138 1
18139 0
18140 2
18141 0
18142 2
18143 0
18144 1
18145 0
18146 1
18147 2
18148 0
18149 1
18150 0
18151 1
18152 2
18153 1
18154 0
18155 1
18156 2
18157 0
18158 1
18159 0
18160 1
18161 2
18162 0
18163 1
18164 0
18165 1
18166 2
18167 1
18168 0
18169 1
18170 0
18171 1
18172 2
18173 0
18174 2
18175 1
18176 0
18177 2
18178 1
18179 0
18180 1
18181 2
18182 0
18183 1
18184 2
18185 0
18186 1
18187 2
18188 0
18189 1
18190 0
18191 1
18192 0
18193 1
18194 0
18195 2
18196 1
18197 0
18198 1
18199 0
18200 1
18201 2
18202 0
18203 1
18204 0
18205 1
18206 0
18207 1
18208 0
18209 1
18210 0
18211 1
18212 0
18213 2
18214 1
18215 0
18216 1
18217 0
18218 1
18219 0
18220 2
18221 0
18222 1
18223 2
18224 0
18225 1
18226 0
18227 1
18228 0
18229 1
18230 0
18231 1
18232 2
18233 0
18234 1
18235 2
18236 0
18237 1
18238 2
18239 0
18240 2
18241 1
18242 0
18243 1
18244 0
18245 1
18246 0
18247 1
18248 2
18249 0
18250 2
18251 1
18252 0
18253 1
18254 0
18255 1
18256 2
18257 0
18258 1
18259 2
18260 0
18261 1
18262 0
18263 2
18264 1
18265 0
18266 1
18267 0
18268 2
18269 0
18270 1
18271 2
18272 1
18273 0
18274 1
18275 0
18276 1
18277 0
18278 1
18279 0
18280 1
18281 0
18282 1
18283 2
18284 0
18285 2
18286 1
18287 0
18288 2
18289 1
18290 0
18291 1
18292 0
18293 1
18294 2
18295 0
18296 1
18297 0
18298 1
18299 2
18300 1
18301 0
18302 2
18303 1
18304 2
18305 0
18306 2
18307 1
18308 0
18309 1
18310 2
18311 0
18312 2
18313 0
18314 1
18315 0
18316 1
18317 0
18318 1
18319 0
18320 1
18321 0
18322 1
18323 0
18324 2
18325 1
18326 2
18327 0
18328 1
18329 0
18330 1
18331 0
18332 1
18333 0
18334 1
18335 0
18336 1
18337 0
18338 1
18339 0
18340 2
18341 0
18342 2
18343 1
18344 0
18345 1
18346 0
18347 1
18348 0
18349 1
18350 0
18351 2
18352 1
18353 2
18354 0
18355 2
18356 1
18357 0
18358 1
18359 0
18360 2
18361 1
18362 0
18363 1
18364 0
18365 1
18366 0
18367 1
18368 0
18369 1
18370 2
18371 0
18372 1
18373 2
18374 0
18375 1
18376 2
18377 0
18378 2
18379 0
18380 2
18381 1
18382 0
18383 1
18384 2
18385 0
18386 1
18387 0
18388 1
18389 0
18390 2
18391 1
18392 2
18393 0
18394 1
18395 0
18396 1
18397 0
18398 1
18399 0
18400 1
18401 0
18402 1
18403 2
18404 0
18405 1
18406 0
18407 2
18408 0
18409 1
18410 0
18411 1
18412 2
18413 0
18414 1
18415 0
18416 1
18417 0
18418 2
18419 0
18420 1
18421 0
18422 1
18423 0
18424 1
18425 2
18426 1
18427 0
18428 1
18429 0
18430 1
18431 0
18432 1
18433 0
18434 1
18435 0
18436 1
18437 0
18438 1
18439 2
18440 0
18441 2
18442 1
18443 0
18444 2
18445 1
18446 0
18447 1
18448 0
18449 1
18450 0
18451 1
18452 0
18453 1
18454 0
18455 2
18456 1
18457 2
18458 0
18459 2
18460 1
18461 0
18462 1
18463 0
18464 1
18465 3
18466 2
18467 1
18468 3
18469 2
18470 1
18471 0
18472 1
18473 0
18474 1
18475 0
18476 1
18477 0
18478 2
18479 0
18480 1
18481 0
18482 1
18483 0
18484 1
18485 0
18486 2
18487 1
18488 2
18489 1
18490 0
18491 2
18492 1
18493 0
18494 2
18495 1
18496 0
18497 2
18498 1
18499 2
18500 0
18501 2
18502 1
18503 2
18504 0
18505 2
18506 1
18507 0
18508 1
18509 2
18510 1
18511 0
18512 1
18513 0
18514 2
18515 1
18516 0
18517 1
18518 0
18519 1
18520 2
18521 1
18522 0
18523 1
18524 0
18525 1
18526 0
18527 1
18528 0
18529 1
18530 0
18531 1
18532 0
18533 1
18534 0
18535 1
18536 0
18537 1
18538 0
18539 1
18540 0
18541 2
18542 1
18543 2
18544 0
18545 1
18546 2
18547 0
18548 1
18549 2
18550 0
18551 2
18552 1
18553 0
18554 1
18555 2
18556 0
18557 1
18558 2
18559 0
18560 2
18561 1
18562 0
18563 2
18564 1
18565 2
18566 0
18567 1
18568 2
18569 0
18570 2
18571 1
18572 0
18573 2
18574 1
18575 2
18576 1
18577 2
18578 0
18579 2
18580 1
18581 0
18582 1
18583 0
18584 2
18585 0
18586 1
18587 0
18588 1
18589 0
18590 1
18591 2
18592 0
18593 2
18594 1
18595 2
18596 0
18597 1
18598 0
18599 1
18600 0
18601 1
18602 0
18603 1
18604 0
18605 1
18606 0
18607 1
18608 0
18609 1
18610 0
18611 1
18612 0
18613 1
18614 0
18615 1
18616 0
18617 2
18618 1
18619 2
18620 0
18621 2
18622 1
18623 0
18624 2
18625 1
18626 2
18627 0
18628 1
18629 2
18630 0
18631 1
18632 0
18633 1
18634 0
18635 1
18636 0
18637 2
18638 1
18639 0
18640 1
18641 2
18642 0
18643 1
18644 2
18645 1
18646 2
18647 0
18648 2
18649 0
18650 1
18651 2
18652 0
18653 1
18654 2
18655 0
18656 1
18657 2
18658 1
18659 0
18660 2
18661 1
18662 0
18663 1
18664 0
18665 1
18666 2
18667 0
18668 2
18669 1
18670 0
18671 1
18672 0
18673 1
18674 2
18675 0
18676 1
18677 0
18678 2
18679 1
18680 2
18681 1
18682 0
18683 2
18684 1
18685 0
18686 1
18687 2
18688 0
18689 1
18690 0
18691 1
18692 0
18693 1
18694 2
18695 0
18696 1
18697 2
18698 0
18699 1
18700 0
18701 2
18702 1
18703 2
18704 0
18705 1
18706 2
18707 0
18708 1
18709 0
18710 1
18711 2
18712 0
18713 1
18714 0
18715 1
18716 2
18717 0
18718 1
18719 0
18720 1
18721 2
18722 1
18723 0
18724 1
18725 0
18726 1
18727 2
18728 0
18729 2
18730 0
18731 1
18732 0
18733 1
18734 2
18735 0
18736 1
18737 2
18738 0
18739 2
18740 0
18741 2
18742 0
18743 1
18744 2
18745 0
18746 2
18747 1
18748 2
18749 0
18750 1
18751 0
18752 1
18753 0
18754 2
18755 1
18756 0
18757 1
18758 2
18759 0
18760 2
18761 1
18762 2
18763 0
18764 2
18765 1
18766 2
18767 0
18768 2
18769 0
18770 1
18771 0
18772 1
18773 0
18774 2
18775 3
18776 1
18777 0
18778 2
18779 1
18780 0
18781 1
18782 0
18783 1
18784 0
18785 1
18786 0
18787 1
18788 0
18789 1
18790 0
18791 1
18792 2
18793 0
18794 1
18795 2
18796 1
18797 0
18798 1
18799 0
18800 1
18801 2
18802 1
18803 0
18804 1
18805 0
18806 1
18807 0
18808 1
18809 0
18810 1
18811 0
18812 1
18813 0
18814 1
18815 0
18816 1
18817 0
18818 1
18819 0
18820 2
18821 1
18822 0
18823 1
18824 2
18825 1
18826 0
18827 1
18828 0
18829 2
18830 1
18831 0
18832 1
18833 0
18834 1
18835 0
18836 1
18837 0
18838 1
18839 0
18840 1
18841 0
18842 1
18843 0
18844 1
18845 0
18846 2
18847 1
18848 2
18849 0
18850 2
18851 0
18852 1
18853 0
18854 1
18855 0
18856 1
18857 0
18858 1
18859 2
18860 0
18861 1
18862 2
18863 0
18864 1
18865 0
18866 2
18867 1
18868 0
18869 2
18870 1
18871 0
18872 1
18873 0
18874 1
18875 0
18876 2
18877 1
18878 0
18879 2
18880 1
18881 0
18882 2
18883 1
18884 2
18885 0
18886 2
18887 1
18888 2
18889 0
18890 1
18891 2
18892 0
18893 1
18894 0
18895 2
18896 1
18897 0
18898 1
18899 0
18900 2
18901 1
18902 2
18903 0
18904 2
18905 1
18906 0
18907 1
18908 0
18909 1
18910 0
18911 1
18912 0
18913 1
18914 0
18915 1
18916 0
18917 1
18918 0
18919 1
18920 0
18921 1
18922 0
18923 1
18924 2
18925 0
18926 2
18927 1
18928 0
18929 1
18930 0
18931 1
18932 2
18933 0
18934 1
18935 2
18936 0
18937 1
18938 0
18939 2
18940 1
18941 2
18942 0
18943 1
18944 0
18945 1
18946 0
18947 1
18948 0
18949 2
18950 1
18951 0
18952 1
18953 2
18954 0
18955 1
18956 2
18957 0
18958 1
18959 0
18960 1
18961 2
18962 0
18963 2
18964 1
18965 2
18966 1
18967 0
18968 1
18969 2
18970 0
18971 1
18972 0
18973 2
18974 1
18975 0
18976 2
18977 0
18978 1
18979 2
18980 0
18981 1
18982 0
18983 2
18984 1
18985 2
18986 0
18987 1
18988 0
18989 1
18990 0
18991 2
18992 1
18993 0
18994 1
18995 0
18996 1
18997 0
18998 1
18999 0
19000 2
19001 1
19002 2
19003 1
19004 2
19005 0
19006 2
19007 0
19008 2
19009 1
19010 2
19011 0
19012 2
19013 1
19014 0
19015 1
19016 0
19017 1
19018 0
19019 2
19020 1
19021 2
19022 0
19023 1
19024 0
19025 1
19026 0
19027 1
19028 2
19029 0
19030 1
19031 0
19032 1
19033 0
19034 2
19035 1
19036 0
19037 1
19038 0
19039 1
19040 0
19041 1
19042 2
19043 1
19044 2
19045 0
19046 1
19047 0
19048 1
19049 0
19050 1
19051 0
19052 1
19053 0
19054 1
19055 0
19056 1
19057 2
19058 0
19059 1
19060 0
19061 1
19062 0
19063 1
19064 0
19065 1
19066 2
19067 0
19068 1
19069 0
19070 1
19071 0
19072 1
19073 0
19074 1
19075 2
19076 1
19077 0
19078 2
19079 1
19080 0
19081 1
19082 0
19083 1
19084 0
19085 1
19086 2
19087 0
19088 2
19089 1
19090 0
19091 1
19092 0
19093 2
19094 1
19095 0
19096 2
19097 1
19098 2
19099 1
19100 0
19101 1
19102 2
19103 1
19104 0
19105 1
19106 2
19107 0
19108 1
19109 0
19110 1
19111 0
19112 1
19113 2
19114 0
19115 1
19116 2
19117 1
19118 0
19119 1
19120 0
19121 1
19122 0
19123 1
19124 0
19125 1
19126 2
19127 0
19128 2
19129 1
19130 0
19131 1
19132 2
19133 0
19134 1
19135 0
19136 1
19137 0
19138 1
19139 0
19140 1
19141 0
19142 1
19143 0
19144 1
19145 0
19146 1
19147 0
19148 1
19149 2
19150 0
19151 1
19152 2
19153 0
19154 2
19155 0
19156 2
19157 1
19158 0
19159 1
19160 0
19161 2
19162 1
19163 2
19164 0
19165 2
19166 0
19167 2
19168 0
19169 1
19170 2
19171 0
19172 1
19173 2
19174 0
19175 1
19176 0
19177 1
19178 0
19179 1
19180 0
19181 1
19182 2
19183 0
19184 1
19185 0
19186 1
19187 0
19188 1
19189 0
19190 2
19191 1
19192 0
19193 1
19194 2
19195 0
19196 1
19197 2
19198 0
19199 1
19200 2
19201 0
19202 1
19203 0
19204 1
19205 0
19206 1
19207 2
19208 0
19209 1
19210 0
19211 1
19212 2
19213 0
19214 1
19215 0
19216 2
19217 1
19218 0
19219 1
19220 0
19221 1
19222 0
19223 1
19224 0
19225 1
19226 0
19227 1
19228 0
19229 1
19230 0
19231 1
19232 2
19233 0
19234 1
19235 0
19236 1
19237 0
19238 1
19239 0
19240 1
19241 0
19242 1
19243 2
19244 0
19245 2
19246 1
19247 0
19248 1
19249 0
19250 2
19251 1
19252 2
19253 0
19254 2
19255 3
19256 1
19257 0
19258 1
19259 0
19260 1
19261 0
19262 1
19263 0
19264 1
19265 0
19266 2
19267 1
19268 0
19269 1
19270 0
19271 1
19272 0
19273 1
19274 0
19275 1
19276 0
19277 2
19278 1
19279 0
19280 1
19281 2
19282 0
19283 2
19284 1
19285 0
19286 1
19287 0
19288 2
19289 1
19290 0
19291 2
19292 1
19293 2
19294 1
19295 0
19296 1
19297 0
19298 2
19299 0
19300 2
19301 0
19302 1
19303 2
19304 0
19305 1
19306 0
19307 2
19308 1
19309 0
19310 1
19311 0
19312 2
19313 1
19314 2
19315 0
19316 1
19317 0
19318 1
19319 2
19320 0
19321 2
19322 1
19323 0
19324 1
19325 2
19326 0
19327 1
19328 0
19329 1
19330 0
19331 1
19332 0
19333 1
19334 2
19335 0
19336 1
19337 0
19338 1
19339 2
19340 0
19341 2
19342 0
19343 1
19344 0
19345 1
19346 0
19347 1
19348 0
19349 2
19350 1
19351 2
19352 0
19353 1
19354 2
19355 0
19356 1
19357 2
19358 1
19359 0
19360 2
19361 1
19362 2
19363 0
19364 1
19365 2
19366 0
19367 1
19368 0
19369 1
19370 2
19371 0
19372 1
19373 2
19374 0
19375 1
19376 0
19377 1
19378 0
19379 1
19380 2
19381 0
19382 1
19383 2
19384 0
19385 1
19386 2
19387 0
19388 1
19389 0
19390 1
19391 0
19392 1
19393 0
19394 2
19395 1
19396 0
19397 1
19398 2
19399 0
19400 1
19401 2
19402 0
19403 1
19404 2
19405 0
19406 2
19407 1
19408 0
19409 1
19410 0
19411 1
19412 0
19413 2
19414 1
19415 0
19416 2
19417 1
19418 0
19419 1
19420 0
19421 1
19422 2
19423 0
19424 1
19425 0
19426 1
19427 2
19428 0
19429 1
19430 2
19431 0
19432 1
19433 2
19434 0
19435 1
19436 2
19437 0
19438 1
19439 2
19440 0
19441 1
19442 0
19443 1
19444 0
19445 2
19446 0
19447 1
19448 2
19449 0
19450 2
19451 1
19452 0
19453 1
19454 0
19455 2
19456 0
19457 1
19458 2
19459 0
19460 1
19461 0
19462 1
19463 2
19464 0
19465 1
19466 0
19467 1
19468 2
19469 0
19470 2
19471 1
19472 0
19473 1
19474 0
19475 1
19476 0
19477 1
19478 0
19479 1
19480 0
19481 2
19482 0
19483 1
19484 2
19485 1
19486 2
19487 1
19488 0
19489 1
19490 0
19491 2
19492 1
19493 0
19494 1
19495 2
19496 0
19497 1
19498 0
19499 1
19500 2
19501 0
19502 1
19503 0
19504 1
19505 0
19506 1
19507 0
19508 1
19509 2
19510 0
19511 1
19512 0
19513 1
19514 0
19515 2
19516 1
19517 0
19518 1
19519 0
19520 1
19521 0
19522 1
19523 0
19524 1
19525 0
19526 1
19527 2
19528 0
19529 1
19530 0
19531 2
19532 1
19533 2
19534 0
19535 2
19536 1
19537 0
19538 1
19539 0
19540 1
19541 2
19542 0
19543 1
19544 0
19545 2
19546 1
19547 0
19548 2
19549 1
19550 0
19551 1
19552 2
19553 0
19554 1
19555 2
19556 0
19557 1
19558 0
19559 2
19560 1
19561 0
19562 1
19563 0
19564 2
19565 1
19566 2
19567 0
19568 1
19569 0
19570 1
19571 2
19572 0
19573 1
19574 0
19575 1
19576 0
19577 2
19578 1
19579 0
19580 1
19581 0
19582 1
19583 2
19584 0
19585 1
19586 2
19587 1
19588 2
19589 0
19590 2
19591 1
19592 2
19593 0
19594 1
19595 0
19596 2
19597 0
19598 1
19599 0
19600 1
19601 2
19602 1
19603 2
19604 0
19605 1
19606 0
19607 2
19608 3
19609 1
19610 2
19611 0
19612 2
19613 1
19614 0
19615 1
19616 2
19617 0
19618 1
19619 0
19620 1
19621 0
19622 2
19623 1
19624 0
19625 1
19626 0
19627 2
19628 1
19629 2
19630 0
19631 2
19632 1
19633 2
19634 0
19635 1
19636 2
19637 0
19638 1
19639 2
19640 0
19641 1
19642 0
19643 1
19644 0
19645 2
19646 1
19647 0
19648 2
19649 1
19650 0
19651 1
19652 0
19653 1
19654 2
19655 0
19656 1
19657 0
19658 1
19659 2
19660 0
19661 1
19662 2
19663 0
19664 1
19665 0
19666 1
19667 0
19668 1
19669 2
19670 1
19671 0
19672 2
19673 1
19674 2
19675 0
19676 1
19677 2
19678 0
19679 1
19680 0
19681 1
19682 0
19683 1
19684 0
19685 1
19686 0
19687 2
19688 0
19689 1
19690 2
19691 0
19692 1
19693 0
19694 1
19695 2
19696 0
19697 2
19698 0
19699 2
19700 3
19701 0
19702 2
19703 1
19704 2
19705 0
19706 1
19707 0
19708 1
19709 2
19710 1
19711 2
19712 0
19713 1
19714 0
19715 2
19716 1
19717 0
19718 1
19719 0
19720 1
19721 0
19722 1
19723 2
19724 0
19725 1
19726 2
19727 0
19728 2
19729 0
19730 1
19731 2
19732 1
19733 0
19734 1
19735 0
19736 1
19737 0
19738 1
19739 0
19740 1
19741 2
19742 0
19743 1
19744 0
19745 1
19746 2
19747 0
19748 1
19749 0
19750 1
19751 0
19752 1
19753 0
19754 1
19755 0
19756 2
19757 1
19758 0
19759 1
19760 0
19761 1
19762 0
19763 1
19764 0
19765 1
19766 2
19767 0
19768 1
19769 2
19770 0
19771 1
19772 0
19773 1
19774 0
19775 1
19776 0
19777 1
19778 0
19779 1
19780 2
19781 1
19782 0
19783 1
19784 2
19785 0
19786 2
19787 1
19788 0
19789 1
19790 0
19791 2
19792 1
19793 0
19794 1
19795 0
19796 1
19797 0
19798 1
19799 0
19800 1
19801 0
19802 1
19803 0
19804 1
19805 0
19806 2
19807 1
19808 0
19809 2
19810 1
19811 0
19812 1
19813 0
19814 1
19815 0
19816 1
19817 2
19818 0
19819 2
19820 1
19821 0
19822 1
19823 2
19824 0
19825 1
19826 2
19827 0
19828 1
19829 2
19830 0
19831 1
19832 0
19833 1
19834 2
19835 0
19836 2
19837 3
19838 1
19839 0
19840 1
19841 0
19842 1
19843 0
19844 1
19845 2
19846 1
19847 0
19848 1
19849 2
19850 0
19851 1
19852 0
19853 1
19854 0
19855 1
19856 0
19857 1
19858 0
19859 1
19860 0
19861 1
19862 0
19863 1
19864 2
19865 0
19866 2
19867 1
19868 2
19869 1
19870 0
19871 1
19872 2
19873 0
19874 1
19875 0
19876 1
19877 0
19878 1
19879 0
19880 1
19881 0
19882 2
19883 1
19884 0
19885 1
19886 0
19887 2
19888 1
19889 2
19890 0
19891 2
19892 1
19893 0
19894 1
19895 2
19896 0
19897 1
19898 2
19899 0
19900 1
19901 2
19902 1
19903 0
19904 1
19905 0
19906 1
19907 2
19908 0
19909 1
19910 0
19911 1
19912 0
19913 1
19914 0
19915 2
19916 0
19917 1
19918 2
19919 1
19920 2
19921 0
19922 1
19923 2
19924 0
19925 1
19926 0
19927 1
19928 0
19929 1
19930 0
19931 1
19932 0
19933 1
19934 0
19935 1
19936 0
19937 2
19938 0
19939 2
19940 0
19941 2
19942 0
19943 2
19944 1
19945 0
19946 1
19947 0
19948 1
19949 0
19950 1
19951 0
19952 1
19953 2
19954 0
19955 1
19956 0
19957 1
19958 0
19959 1
19960 0
19961 1
19962 0
19963 1
19964 0
19965 1
19966 2
19967 0
19968 1
19969 2
19970 0
19971 1
19972 2
19973 0
19974 1
19975 0
19976 2
19977 1
19978 0
19979 2
19980 1
19981 0
19982 2
19983 1
19984 0
19985 1
19986 0
19987 2
19988 1
19989 0
19990 1
19991 2
19992 0
19993 1
19994 0
19995 1
19996 2
19997 0
19998 1
19999 0
20000 1
20001 0
20002 1
20003 0
20004 1
20005 0
20006 2
20007 1
20008 0
20009 1
20010 0
20011 1
20012 2
20013 0
20014 1
20015 2
20016 0
20017 1
20018 2
20019 0
20020 1
20021 0
20022 1
20023 2
20024 0
20025 1
20026 0
20027 1
20028 0
20029 1
20030 2
20031 0
20032 1
20033 2
20034 0
20035 1
20036 0
20037 1
20038 0
20039 2
20040 0
20041 1
20042 0
20043 1
20044 0
20045 1
20046 2
20047 0
20048 1
20049 0
20050 2
20051 1
20052 0
20053 1
20054 0
20055 1
20056 0
20057 1
20058 0
20059 1
20060 0
20061 1
20062 0
20063 2
20064 1
20065 0
20066 1
20067 0
20068 1
20069 0
20070 1
20071 2
20072 0
20073 1
20074 0
20075 1
20076 2
20077 0
20078 1
20079 2
20080 1
20081 2
20082 1
20083 0
20084 2
20085 1
20086 0
20087 1
20088 2
20089 0
20090 1
20091 2
20092 0
20093 1
20094 0
20095 2
20096 1
20097 0
20098 1
20099 0
20100 1
20101 0
20102 1
20103 0
20104 1
20105 0
20106 1
20107 0
20108 2
20109 3
20110 1
20111 0
20112 1
20113 0
20114 2
20115 1
20116 2
20117 0
20118 1
20119 0
20120 1
20121 2
20122 1
20123 0
20124 2
20125 1
20126 0
20127 1
20128 2
20129 0
20130 1
20131 0
20132 1
20133 0
20134 1
20135 0
20136 1
20137 0
20138 1
20139 2
20140 1
20141 2
20142 0
20143 2
20144 1
20145 2
20146 0
20147 1
20148 2
20149 0
20150 1
20151 0
20152 2
20153 1
20154 0
20155 1
20156 2
20157 0
20158 1
20159 0
20160 1
20161 0
20162 2
20163 1
20164 0
20165 2
20166 1
20167 0
20168 1
20169 0
20170 1
20171 0
20172 1
20173 0
20174 1
20175 0
20176 2
20177 1
20178 0
20179 2
20180 1
20181 0
20182 1
20183 0
20184 2
20185 1
20186 0
20187 1
20188 2
20189 0
20190 1
20191 0
20192 1
20193 0
20194 1
20195 2
20196 0
20197 1
20198 0
20199 1
20200 0
20201 2
20202 1
20203 0
20204 1
20205 0
20206 2
20207 1
20208 0
20209 1
20210 0
20211 2
20212 0
20213 1
20214 0
20215 1
20216 0
20217 1
20218 0
20219 2
20220 1
20221 0
20222 1
20223 0
20224 1
20225 2
20226 0
20227 2
20228 1
20229 0
20230 1
20231 2
20232 0
20233 1
20234 0
20235 1
20236 0
20237 1
20238 0
20239 1
20240 0
20241 1
20242 0
20243 1
20244 0
20245 1
20246 0
20247 1
20248 0
20249 1
20250 0
20251 1
20252 0
20253 1
20254 2
20255 0
20256 2
20257 1
20258 2
20259 0
20260 1
20261 0
20262 1
20263 0
20264 2
20265 1
20266 2
20267 1
20268 0
20269 1
20270 0
20271 1
20272 0
20273 2
20274 1
20275 2
20276 1
20277 0
20278 1
20279 0
20280 1
20281 0
20282 2
20283 1
20284 2
20285 0
20286 1
20287 2
20288 0
20289 1
20290 0
20291 1
20292 0
20293 1
20294 2
20295 0
20296 1
20297 2
20298 0
20299 1
20300 2
20301 0
20302 1
20303 0
20304 1
20305 0
20306 1
20307 2
20308 0
20309 1
20310 2
20311 1
20312 0
20313 2
20314 1
20315 0
20316 2
20317 1
20318 2
20319 0
20320 2
20321 1
20322 0
20323 1
20324 0
20325 2
20326 1
20327 0
20328 1
20329 0
20330 1
20331 2
20332 0
20333 1
20334 0
20335 1
20336 0
20337 1
20338 2
20339 0
20340 1
20341 0
20342 1
20343 2
20344 0
20345 1
20346 0
20347 1
20348 2
20349 0
20350 1
20351 2
20352 1
20353 0
20354 1
20355 0
20356 1
20357 2
20358 0
20359 1
20360 0
20361 1
20362 0
20363 1
20364 2
20365 0
20366 1
20367 0
20368 1
20369 0
20370 1
20371 2
20372 0
20373 1
20374 0
20375 2
20376 1
20377 2
20378 0
20379 1
20380 2
20381 1
20382 2
20383 0
20384 1
20385 2
20386 1
20387 2
20388 0
20389 1
20390 0
20391 1
20392 2
20393 0
20394 2
20395 1
20396 2
20397 1
20398 0
20399 1
20400 0
20401 1
20402 0
20403 1
20404 0
20405 1
20406 0
20407 2
20408 0
20409 1
20410 0
20411 1
20412 0
20413 1
20414 2
20415 0
20416 2
20417 0
20418 1
20419 0
20420 1
20421 0
20422 1
20423 2
20424 0
20425 1
20426 2
20427 1
20428 0
20429 1
20430 0
20431 1
20432 0
20433 1
20434 0
20435 1
20436 0
20437 1
20438 0
20439 2
20440 0
20441 1
20442 0
20443 1
20444 2
20445 0
20446 2
20447 1
20448 2
20449 0
20450 1
20451 0
20452 1
20453 0
20454 1
20455 0
20456 1
20457 0
20458 1
20459 0
20460 1
20461 0
20462 2
20463 1
20464 2
20465 0
20466 1
20467 2
20468 0
20469 2
20470 0
20471 1
20472 0
20473 1
20474 2
20475 1
20476 0
20477 2
20478 1
20479 2
20480 0
20481 2
20482 0
20483 2
20484 1
20485 2
20486 0
20487 1
20488 0
20489 2
20490 1
20491 0
20492 1
20493 0
20494 2
20495 0
20496 1
20497 0
20498 1
20499 2
20500 0
20501 2
20502 1
20503 0
20504 1
20505 2
20506 0
20507 1
20508 2
20509 0
20510 1
20511 0
20512 1
20513 0
20514 1
20515 2
20516 3
20517 1
20518 0
20519 1
20520 0
20521 2
20522 0
20523 1
20524 2
20525 0
20526 1
20527 0
20528 1
20529 0
20530 1
20531 0
20532 1
20533 0
20534 1
20535 2
20536 0
20537 1
20538 0
20539 1
20540 2
20541 0
20542 1
20543 0
20544 1
20545 2
20546 0
20547 2
20548 1
20549 0
20550 1
20551 0
20552 1
20553 0
20554 1
20555 0
20556 2
20557 1
20558 2
20559 0
20560 2
20561 1
20562 0
20563 1
20564 2
20565 0
20566 1
20567 2
20568 0
20569 1
20570 2
20571 0
20572 1
20573 0
20574 1
20575 2
20576 1
20577 0
20578 1
20579 0
20580 1
20581 0
20582 1
20583 0
20584 2
20585 0
20586 1
20587 0
20588 1
20589 0
20590 1
20591 2
20592 0
20593 1
20594 0
20595 1
20596 2
20597 1
20598 0
20599 1
20600 0
20601 2
20602 1
20603 0
20604 1
20605 0
20606 1
20607 0
20608 1
20609 0
20610 2
20611 0
20612 1
20613 0
20614 1
20615 0
20616 1
20617 2
20618 0
20619 1
20620 2
20621 0
20622 1
20623 2
20624 0
20625 1
20626 0
20627 1
20628 0
20629 1
20630 0
20631 1
20632 2
20633 0
20634 1
20635 2
20636 0
20637 2
20638 1
20639 0
20640 1
20641 0
20642 1
20643 0
20644 1
20645 0
20646 1
20647 0
20648 1
20649 2
20650 0
20651 1
20652 2
20653 0
20654 2
20655 0
20656 1
20657 0
20658 1
20659 0
20660 1
20661 2
20662 1
20663 0
20664 1
20665 0
20666 2
20667 1
20668 0
20669 1
20670 0
20671 1
20672 2
20673 0
20674 1
20675 2
20676 0
20677 2
20678 1
20679 0
20680 2
20681 1
20682 0
20683 2
20684 1
20685 0
20686 1
20687 0
20688 2
20689 1
20690 0
20691 1
20692 0
20693 2
20694 1
20695 2
20696 0
20697 1
20698 0
20699 2
20700 1
20701 0
20702 1
20703 0
20704 2
20705 1
20706 0
20707 1
20708 2
20709 1
20710 0
20711 1
20712 0
20713 1
20714 0
20715 1
20716 0
20717 1
20718 2
20719 0
20720 1
20721 0
20722 1
20723 0
20724 1
20725 2
20726 0
20727 1
20728 0
20729 1
20730 0
20731 1
20732 0
20733 2
20734 1
20735 0
20736 1
20737 0
20738 1
20739 2
20740 0
20741 1
20742 2
20743 0
20744 1
20745 0
20746 2
20747 1
20748 0
20749 1
20750 0
20751 1
20752 0
20753 1
20754 2
20755 0
20756 1
20757 0
20758 1
20759 0
20760 1
20761 0
20762 1
20763 0
20764 1
20765 2
20766 0
20767 2
20768 1
20769 0
20770 1
20771 0
20772 1
20773 0
20774 1
20775 0
20776 1
20777 0
20778 1
20779 2
20780 0
20781 1
20782 0
20783 1
20784 0
20785 1
20786 2
20787 0
20788 2
20789 1
20790 0
20791 1
20792 0
20793 1
20794 0
20795 1
20796 2
20797 0
20798 1
20799 0
20800 1
20801 2
20802 1
20803 0
20804 2
20805 1
20806 2
20807 0
20808 1
20809 0
20810 1
20811 0
20812 1
20813 0
20814 1
20815 0
20816 1
20817 0
20818 1
20819 0
20820 1
20821 0
20822 1
20823 0
20824 1
20825 0
20826 1
20827 0
20828 1
20829 0
20830 2
20831 0
20832 1
20833 0
20834 1
20835 0
20836 2
20837 0
20838 2
20839 1
20840 2
20841 0
20842 1
20843 0
20844 1
20845 0
20846 1
20847 0
20848 1
20849 0
20850 2
20851 1
20852 2
20853 0
20854 1
20855 0
20856 1
20857 2
20858 0
20859 2
20860 1
20861 2
20862 0
20863 1
20864 2
20865 0
20866 1
20867 0
20868 2
20869 1
20870 2
20871 1
20872 0
20873 2
20874 1
20875 2
20876 1
20877 0
20878 1
20879 2
20880 0
20881 2
20882 1
20883 2
20884 0
20885 2
20886 1
20887 2
20888 0
20889 1
20890 0
20891 1
20892 2
20893 0
20894 1
20895 0
20896 1
20897 0
20898 1
20899 0
20900 1
20901 0
20902 1
20903 0
20904 1
20905 0
20906 1
20907 2
20908 0
20909 1
20910 0
20911 2
20912 1
20913 2
20914 0
20915 1
20916 0
20917 1
20918 0
20919 1
20920 2
20921 1
20922 0
20923 1
20924 0
20925 1
20926 0
20927 1
20928 2
20929 0
20930 1
20931 0
20932 1
20933 0
20934 1
20935 0
20936 1
20937 2
20938 0
20939 1
20940 2
20941 0
20942 1
20943 0
20944 2
20945 1
20946 2
20947 0
20948 1
20949 0
20950 1
20951 0
20952 2
20953 1
20954 0
20955 1
20956 0
20957 1
20958 0
20959 1
20960 0
20961 2
20962 1
20963 0
20964 1
20965 0
20966 1
20967 2
20968 0
20969 1
20970 2
20971 0
20972 1
20973 0
20974 2
20975 1
20976 0
20977 1
20978 0
20979 1
20980 0
20981 2
20982 1
20983 0
20984 1
20985 2
20986 1
20987 0
20988 1
20989 2
20990 3
20991 1
20992 2
20993 1
20994 0
20995 1
20996 0
20997 1
20998 0
20999 1
21000 0
21001 1
21002 0
21003 1
21004 2
21005 0
21006 2
21007 0
21008 1
21009 0
21010 1
21011 0
21012 1
21013 0
21014 1
21015 2
21016 1
21017 0
21018 1
21019 0
21020 1
21021 0
21022 1
21023 0
21024 2
21025 1
21026 2
21027 0
21028 1
21029 0
21030 2
21031 1
21032 2
21033 1
21034 0
21035 2
21036 1
21037 0
21038 1
21039 0
21040 1
21041 0
21042 2
21043 1
21044 2
21045 0
21046 1
21047 0
21048 2
21049 1
21050 0
21051 1
21052 0
21053 1
21054 2
21055 0
21056 2
21057 0
21058 1
21059 0
21060 1
21061 2
21062 0
21063 1
21064 2
21065 0
21066 2
21067 1
21068 0
21069 2
21070 0
21071 1
21072 0
21073 2
21074 1
21075 0
21076 1
21077 0
21078 1
21079 0
21080 2
21081 0
21082 1
21083 2
21084 1
21085 2
21086 0
21087 1
21088 0
21089 1
21090 2
21091 0
21092 1
21093 2
21094 0
21095 1
21096 0
21097 1
21098 0
21099 1
21100 2
21101 0
21102 2
21103 1
21104 2
21105 0
21106 1
21107 2
21108 1
21109 0
21110 1
21111 0
21112 1
21113 0
21114 1
21115 0
21116 1
21117 0
21118 1
21119 2
21120 0
21121 1
21122 0
21123 1
21124 0
21125 2
21126 1
21127 2
21128 1
21129 0
21130 1
21131 0
21132 2
21133 0
21134 1
21135 0
21136 1
21137 0
21138 1
21139 2
21140 0
21141 2
21142 0
21143 1
21144 0
21145 1
21146 0
21147 1
21148 0
21149 1
21150 0
21151 1
21152 0
21153 1
21154 0
21155 1
21156 2
21157 0
21158 1
21159 0
21160 1
21161 0
21162 1
21163 2
21164 0
21165 1
21166 0
21167 1
21168 0
21169 1
21170 0
21171 1
21172 2
21173 0
21174 1
21175 0
21176 1
21177 0
21178 1
21179 2
21180 0
21181 1
21182 0
21183 1
21184 2
21185 0
21186 2
21187 0
21188 1
21189 0
21190 1
21191 0
21192 2
21193 1
21194 0
21195 1
21196 0
21197 1
21198 2
21199 0
21200 1
21201 0
21202 1
21203 0
21204 1
21205 2
21206 0
21207 1
21208 0
21209 1
21210 0
21211 1
21212 0
21213 1
21214 0
21215 1
21216 0
21217 2
21218 1
21219 2
21220 1
21221 2
21222 0
21223 2
21224 1
21225 2
21226 0
21227 2
21228 0
21229 1
21230 0
21231 1
21232 0
21233 1
21234 2
21235 1
21236 2
21237 0
21238 1
21239 0
21240 1
21241 0
21242 1
21243 0
21244 1
21245 0
21246 2
21247 0
21248 1
21249 0
21250 1
21251 2
21252 0
21253 1
21254 2
21255 0
21256 2
21257 0
21258 2
21259 1
21260 2
21261 0
21262 2
21263 1
21264 2
21265 0
21266 1
21267 0
21268 2
21269 1
21270 0
21271 1
21272 0
21273 1
21274 0
21275 1
21276 0
21277 1
21278 2
21279 0
21280 1
21281 0
21282 1
21283 0
21284 1
21285 0
21286 2
21287 1
21288 0
21289 1
21290 0
21291 1
21292 0
21293 1
21294 0
21295 1
21296 0
21297 1
21298 2
21299 0
21300 1
21301 0
21302 2
21303 1
21304 2
21305 1
21306 0
21307 2
21308 1
21309 0
21310 2
21311 0
21312 1
21313 2
21314 0
21315 1
21316 0
21317 2
21318 1
21319 0
21320 1
21321 0
21322 1
21323 2
21324 0
21325 1
21326 0
21327 1
21328 0
21329 1
21330 0
21331 1
21332 2
21333 0
21334 1
21335 0
21336 1
21337 0
21338 1
21339 0
21340 1
21341 0
21342 1
21343 2
21344 0
21345 2
21346 1
21347 0
21348 1
21349 2
21350 0
21351 1
21352 0
21353 2
21354 1
21355 0
21356 1
21357 0
21358 1
21359 2
21360 0
21361 1
21362 0
21363 1
21364 2
21365 0
21366 1
21367 0
21368 1
21369 0
21370 1
21371 2
21372 0
21373 1
21374 0
21375 1
21376 0
21377 2
21378 1
21379 0
21380 1
21381 2
21382 0
21383 2
21384 1
21385 0
21386 1
21387 0
21388 2
21389 1
21390 2
21391 0
21392 1
21393 0
21394 1
21395 0
21396 1
21397 0
21398 1
21399 0
21400 1
21401 0
21402 1
21403 0
21404 2
21405 1
21406 2
21407 0
21408 1
21409 0
21410 2
21411 1
21412 0
21413 1
21414 2
21415 0
21416 1
21417 2
21418 0
21419 2
21420 1
21421 2
21422 1
21423 0
21424 3
21425 1
21426 0
21427 1
21428 0
21429 1
21430 0
21431 1
21432 0
21433 1
21434 0
21435 1
21436 0
21437 1
21438 0
21439 1
21440 2
21441 1
21442 2
21443 0
21444 1
21445 2
21446 1
21447 0
21448 1
21449 2
21450 0
21451 1
21452 0
21453 1
21454 0
21455 1
21456 0
21457 1
21458 2
21459 0
21460 1
21461 0
21462 1
21463 2
21464 0
21465 2
21466 1
21467 0
21468 1
21469 0
21470 1
21471 0
21472 1
21473 0
21474 1
21475 2
21476 0
21477 1
21478 0
21479 1
21480 0
21481 1
21482 2
21483 0
21484 1
21485 0
21486 1
21487 2
21488 3
21489 0
21490 2
21491 0
21492 1
21493 2
21494 0
21495 1
21496 0
21497 1
21498 0
21499 2
21500 1
21501 0
21502 2
21503 1
21504 2
21505 1
21506 0
21507 2
21508 1
21509 2
21510 1
21511 0
21512 1
21513 0
21514 1
21515 2
21516 1
21517 0
21518 1
21519 0
21520 2
21521 1
21522 0
21523 2
21524 1
21525 2
21526 0
21527 1
21528 0
21529 1
21530 0
21531 2
21532 1
21533 0
21534 3
21535 2
21536 1
21537 2
21538 0
21539 1
21540 0
21541 1
21542 2
21543 0
21544 1
21545 0
21546 1
21547 2
21548 0
21549 1
21550 2
21551 0
21552 1
21553 0
21554 1
21555 2
21556 0
21557 1
21558 0
21559 1
21560 0
21561 1
21562 0
21563 2
21564 1
21565 0
21566 1
21567 0
21568 1
21569 0
21570 1
21571 0
21572 1
21573 0
21574 1
21575 0
21576 1
21577 0
21578 1
21579 2
21580 0
21581 2
21582 0
21583 1
21584 0
21585 1
21586 2
21587 0
21588 1
21589 0
21590 2
21591 1
21592 0
21593 1
21594 0
21595 1
21596 0
21597 1
21598 0
21599 1
21600 0
21601 2
21602 1
21603 0
21604 1
21605 0
21606 1
21607 0
21608 1
21609 2
21610 0
21611 1
21612 2
21613 1
21614 0
21615 2
21616 1
21617 0
21618 2
21619 1
21620 2
21621 0
21622 1
21623 2
21624 0
21625 1
21626 2
21627 0
21628 1
21629 0
21630 1
21631 0
21632 2
21633 1
21634 2
21635 0
21636 2
21637 1
21638 0
21639 1
21640 0
21641 1
21642 2
21643 0
21644 1
21645 0
21646 1
21647 0
21648 1
21649 0
21650 1
21651 2
21652 0
21653 2
21654 0
21655 2
21656 1
21657 0
21658 1
21659 0
21660 1
21661 0
21662 2
21663 1
21664 0
21665 1
21666 0
21667 2
21668 0
21669 1
21670 2
21671 0
21672 1
21673 0
21674 1
21675 0
21676 2
21677 1
21678 0
21679 2
21680 0
21681 1
21682 2
21683 0
21684 1
21685 2
21686 0
21687 2
21688 1
21689 0
21690 1
21691 2
21692 0
21693 2
21694 1
21695 0
21696 1
21697 0
21698 1
21699 0
21700 2
21701 0
21702 1
21703 0
21704 1
21705 0
21706 1
21707 0
21708 1
21709 0
21710 2
21711 1
21712 0
21713 2
21714 0
21715 1
21716 2
21717 0
21718 1
21719 2
21720 0
21721 1
21722 2
21723 0
21724 2
21725 1
21726 0
21727 1
21728 0
21729 1
21730 0
21731 2
21732 0
21733 1
21734 0
21735 1
21736 0
21737 1
21738 2
21739 0
21740 1
21741 0
21742 1
21743 0
21744 1
21745 0
21746 2
21747 1
21748 0
21749 2
21750 1
21751 0
21752 2
21753 1
21754 2
21755 0
21756 1
21757 2
21758 1
21759 0
21760 1
21761 0
21762 1
21763 0
21764 1
21765 0
21766 2
21767 1
21768 2
21769 0
21770 1
21771 0
21772 1
21773 0
21774 1
21775 0
21776 2
21777 0
21778 1
21779 0
21780 1
21781 0
21782 2
21783 1
21784 0
21785 2
21786 1
21787 0
21788 1
21789 0
21790 1
21791 2
21792 0
21793 1
21794 0
21795 1
21796 2
21797 0
21798 1
21799 2
21800 0
21801 2
21802 1
21803 0
21804 1
21805 0
21806 2
21807 1
21808 2
21809 1
21810 2
21811 0
21812 1
21813 2
21814 0
21815 1
21816 2
21817 1
21818 0
21819 1
21820 0
21821 1
21822 0
21823 1
21824 0
21825 2
21826 0
21827 1
21828 0
21829 1
21830 2
21831 0
21832 1
21833 2
21834 1
21835 0
21836 2
21837 0
21838 1
21839 2
21840 0
21841 1
21842 0
21843 2
21844 1
21845 2
21846 3
21847 0
21848 1
21849 0
21850 1
21851 2
21852 0
21853 2
21854 0
21855 1
21856 0
21857 1
21858 0
21859 2
21860 1
21861 2
21862 0
21863 1
21864 0
21865 1
21866 0
21867 2
21868 1
21869 0
21870 1
21871 0
21872 1
21873 0
21874 1
21875 0
21876 2
21877 1
21878 2
21879 0
21880 1
21881 0
21882 2
21883 1
21884 0
21885 1
21886 0
21887 1
21888 0
21889 1
21890 0
21891 1
21892 0
21893 1
21894 2
21895 0
21896 2
21897 1
21898 2
21899 1
21900 0
21901 1
21902 0
21903 1
21904 0
21905 2
21906 1
21907 0
21908 1
21909 0
21910 2
21911 1
21912 0
21913 2
21914 1
21915 0
21916 2
21917 0
21918 1
21919 2
21920 0
21921 1
21922 0
21923 1
21924 2
21925 0
21926 2
21927 1
21928 2
21929 0
21930 2
21931 3
21932 0
21933 1
21934 2
21935 0
21936 1
21937 2
21938 0
21939 2
21940 1
21941 0
21942 2
21943 1
21944 0
21945 1
21946 0
21947 1
21948 0
21949 2
21950 1
21951 2
21952 0
21953 1
21954 0
21955 1
21956 0
21957 1
21958 2
21959 1
21960 0
21961 1
21962 2
21963 0
21964 1
21965 0
21966 1
21967 0
21968 1
21969 0
21970 1
21971 0
21972 1
21973 2
21974 0
21975 2
21976 1
21977 0
21978 1
21979 0
21980 1
21981 0
21982 1
21983 2
21984 0
21985 1
21986 0
21987 1
21988 2
21989 0
21990 1
21991 2
21992 0
21993 2
21994 1
21995 2
21996 0
21997 1
21998 2
21999 1
22000 0
22001 2
22002 0
22003 1
22004 0
22005 2
22006 1
22007 2
22008 0
22009 1
22010 0
22011 1
22012 0
22013 1
22014 2
22015 1
22016 0
22017 1
22018 2
22019 0
22020 2
22021 1
22022 0
22023 2
22024 1
22025 0
22026 1
22027 0
22028 1
22029 0
22030 1
22031 0
22032 1
22033 0
22034 1
22035 0
22036 1
22037 2
22038 0
22039 1
22040 0
22041 2
22042 1
22043 0
22044 1
22045 0
22046 1
22047 2
22048 0
22049 2
22050 1
22051 2
22052 0
22053 1
22054 0
22055 1
22056 0
22057 2
22058 1
22059 0
22060 1
22061 2
22062 0
22063 1
22064 0
22065 1
22066 0
22067 1
22068 0
22069 1
22070 0
22071 1
22072 0
22073 1
22074 0
22075 1
22076 0
22077 1
22078 0
22079 1
22080 2
22081 1
22082 0
22083 2
22084 1
22085 2
22086 1
22087 0
22088 2
22089 1
22090 0
22091 2
22092 1
22093 0
22094 1
22095 0
22096 1
22097 0
22098 1
22099 0
22100 1
22101 0
22102 1
22103 0
22104 1
22105 2
22106 0
22107 1
22108 0
22109 1
22110 0
22111 1
22112 0
22113 1
22114 0
22115 1
22116 2
22117 1
22118 2
22119 1
22120 0
22121 1
22122 0
22123 1
22124 0
22125 2
22126 1
22127 0
22128 2
22129 0
22130 2
22131 1
22132 2
22133 0
22134 1
22135 0
22136 1
22137 0
22138 1
22139 0
22140 1
22141 0
22142 2
22143 1
22144 0
22145 1
22146 0
22147 2
22148 1
22149 0
22150 1
22151 0
22152 1
22153 0
22154 1
22155 0
22156 1
22157 0
22158 1
22159 0
22160 2
22161 1
22162 0
22163 1
22164 2
22165 0
22166 2
22167 0
22168 1
22169 2
22170 0
22171 1
22172 0
22173 1
22174 2
22175 0
22176 2
22177 1
22178 0
22179 2
22180 1
22181 2
22182 0
22183 1
22184 0
22185 2
22186 1
22187 0
22188 2
22189 0
22190 1
22191 2
22192 0
22193 1
22194 0
22195 1
22196 0
22197 1
22198 0
22199 1
22200 0
22201 1
22202 0
22203 1
22204 0
22205 1
22206 2
22207 1
22208 0
22209 1
22210 0
22211 1
22212 2
22213 0
22214 1
22215 0
22216 1
22217 0
22218 1
22219 2
22220 1
22221 0
22222 1
22223 0
22224 1
22225 0
22226 1
22227 0
22228 1
22229 0
22230 1
22231 0
22232 1
22233 0
22234 1
22235 0
22236 1
22237 0
22238 2
22239 1
22240 2
22241 0
22242 2
22243 1
22244 2
22245 0
22246 2
22247 0
22248 1
22249 2
22250 0
22251 1
22252 2
22253 0
22254 1
22255 0
22256 1
22257 0
22258 1
22259 0
22260 2
22261 1
22262 2
22263 1
22264 0
22265 1
22266 2
22267 1
22268 0
22269 1
22270 0
22271 1
22272 2
22273 0
22274 1
22275 0
22276 1
22277 0
22278 1
22279 2
22280 0
22281 1
22282 0
22283 1
22284 0
22285 1
22286 2
22287 0
22288 1
22289 2
22290 1
22291 2
22292 0
22293 1
22294 0
22295 1
22296 0
22297 1
22298 2
22299 0
22300 2
22301 1
22302 0
22303 1
22304 0
22305 2
22306 0
22307 2
22308 0
22309 1
22310 0
22311 2
22312 1
22313 0
22314 1
22315 0
22316 1
22317 0
22318 1
22319 0
22320 1
22321 0
22322 1
22323 0
22324 2
22325 1
22326 0
22327 1
22328 0
22329 1
22330 2
22331 0
22332 1
22333 0
22334 2
22335 1
22336 0
22337 1
22338 0
22339 1
22340 2
22341 1
22342 0
22343 1
22344 0
22345 1
22346 0
22347 1
22348 0
22349 1
22350 0
22351 2
22352 0
22353 1
22354 2
22355 1
22356 0
22357 1
22358 0
22359 1
22360 0
22361 1
22362 0
22363 2
22364 1
22365 2
22366 0
22367 2
22368 1
22369 0
22370 1
22371 0
22372 2
22373 1
22374 0
22375 2
22376 1
22377 0
22378 1
22379 0
22380 1
22381 2
22382 0
22383 2
22384 1
22385 0
22386 1
22387 0
22388 1
22389 0
22390 1
22391 0
22392 1
22393 2
22394 0
22395 1
22396 2
22397 0
22398 1
22399 2
22400 0
22401 1
22402 2
22403 0
22404 2
22405 1
22406 0
22407 1
22408 0
22409 1
22410 0
22411 1
22412 0
22413 1
22414 0
22415 2
22416 0
22417 2
22418 1
22419 0
22420 2
22421 1
22422 2
22423 0
22424 2
22425 1
22426 0
22427 1
22428 2
22429 1
22430 0
22431 1
22432 2
22433 0
22434 1
22435 2
22436 0
22437 1
22438 0
22439 1
22440 2
22441 0
22442 1
22443 0
22444 1
22445 0
22446 2
22447 1
22448 2
22449 0
22450 1
22451 2
22452 0
22453 1
22454 0
22455 1
22456 0
22457 2
22458 1
22459 0
22460 2
22461 0
22462 1
22463 0
22464 2
22465 1
22466 0
22467 1
22468 0
22469 1
22470 2
22471 0
22472 2
22473 1
22474 0
22475 1
22476 0
22477 1
22478 0
22479 1
22480 0
22481 1
22482 0
22483 1
22484 0
22485 1
22486 0
22487 2
22488 0
22489 1
22490 0
22491 1
22492 0
22493 1
22494 2
22495 0
22496 1
22497 0
22498 1
22499 0
22500 1
22501 0
22502 1
22503 0
22504 2
22505 1
22506 0
22507 1
22508 2
22509 1
22510 2
22511 0
22512 1
22513 0
22514 3
22515 1
22516 2
22517 0
22518 2
22519 0
22520 1
22521 2
22522 0
22523 1
22524 0
22525 1
22526 2
22527 0
22528 2
22529 1
22530 0
22531 3
22532 1
22533 0
22534 1
22535 0
22536 1
22537 2
22538 0
22539 2
22540 1
22541 0
22542 2
22543 1
22544 0
22545 2
22546 1
22547 0
22548 1
22549 0
22550 1
22551 0
22552 1
22553 0
22554 1
22555 0
22556 1
22557 0
22558 1
22559 2
22560 1
22561 2
22562 0
22563 2
22564 1
22565 2
22566 0
22567 1
22568 0
22569 2
22570 0
22571 1
22572 0
22573 1
22574 0
22575 1
22576 2
22577 0
22578 1
22579 0
22580 1
22581 2
22582 0
22583 1
22584 0
22585 1
22586 0
22587 1
22588 0
22589 1
22590 2
22591 0
22592 1
22593 0
22594 1
22595 0
22596 1
22597 2
22598 0
22599 1
22600 0
22601 1
22602 0
22603 2
22604 1
22605 2
22606 0
22607 2
22608 1
22609 0
22610 1
22611 2
22612 0
22613 1
22614 0
22615 1
22616 2
22617 0
22618 2
22619 1
22620 0
22621 1
22622 2
22623 1
22624 0
22625 1
22626 0
22627 1
22628 0
22629 1
22630 0
22631 1
22632 0
22633 1
22634 2
22635 1
22636 0
22637 1
22638 2
22639 0
22640 1
22641 0
22642 2
22643 1
22644 2
22645 1
22646 0
22647 3
22648 1
22649 0
22650 1
22651 2
22652 1
22653 0
22654 1
22655 2
22656 0
22657 1
22658 0
22659 1
22660 0
22661 2
22662 1
22663 2
22664 0
22665 1
22666 0
22667 1
22668 0
22669 1
22670 0
22671 1
22672 2
22673 1
22674 0
22675 2
22676 1
22677 0
22678 1
22679 0
22680 1
22681 2
22682 0
22683 1
22684 0
22685 1
22686 0
22687 1
22688 0
22689 1
22690 0
22691 1
22692 0
22693 1
22694 0
22695 1
22696 0
22697 1
22698 0
22699 1
22700 0
22701 1
22702 0
22703 1
22704 2
22705 0
22706 1
22707 0
22708 1
22709 2
22710 0
22711 2
22712 1
22713 0
22714 1
22715 0
22716 1
22717 0
22718 1
22719 0
22720 1
22721 2
22722 0
22723 1
22724 0
22725 1
22726 0
22727 2
22728 1
22729 0
22730 1
22731 2
22732 0
22733 1
22734 0
22735 2
22736 1
22737 2
22738 0
22739 1
22740 2
22741 0
22742 2
22743 1
22744 0
22745 2
22746 1
22747 0
22748 1
22749 0
22750 1
22751 0
22752 1
22753 2
22754 0
22755 1
22756 2
22757 0
22758 1
22759 2
22760 0
22761 1
22762 0
22763 1
22764 2
22765 0
22766 1
22767 0
22768 1
22769 2
22770 0
22771 2
22772 0
22773 2
22774 1
22775 0
22776 2
22777 1
22778 0
22779 1
22780 0
22781 1
22782 0
22783 1
22784 0
22785 1
22786 2
22787 0
22788 1
22789 2
22790 1
22791 2
22792 0
22793 1
22794 2
22795 1
22796 0
22797 2
22798 1
22799 0
22800 1
22801 0
22802 1
22803 0
22804 1
22805 0
22806 1
22807 2
22808 1
22809 0
22810 1
22811 0
22812 2
22813 1
22814 2
22815 0
22816 1
22817 0
22818 1
22819 0
22820 1
22821 0
22822 1
22823 0
22824 1
22825 0
22826 1
22827 0
22828 1
22829 2
22830 0
22831 1
22832 2
22833 0
22834 1
22835 2
22836 0
22837 1
22838 0
22839 1
22840 0
22841 1
22842 2
22843 1
22844 0
22845 1
22846 2
22847 0
22848 1
22849 2
22850 0
22851 1
22852 2
22853 0
22854 2
22855 1
22856 0
22857 1
22858 0
22859 1
22860 0
22861 1
22862 2
22863 0
22864 2
22865 1
22866 0
22867 1
22868 0
22869 1
22870 2
22871 0
22872 2
22873 0
22874 1
22875 0
22876 1
22877 0
22878 1
22879 0
22880 1
22881 2
22882 0
22883 1
22884 0
22885 1
22886 0
22887 1
22888 0
22889 1
22890 0
22891 1
22892 2
22893 0
22894 2
22895 1
22896 0
22897 1
22898 2
22899 0
22900 1
22901 0
22902 2
22903 1
22904 0
22905 1
22906 0
22907 2
22908 1
22909 0
22910 1
22911 2
22912 0
22913 1
22914 2
22915 0
22916 1
22917 0
22918 1
22919 0
22920 1
22921 0
22922 2
22923 1
22924 0
22925 1
22926 2
22927 3
22928 1
22929 2
22930 0
22931 1
22932 0
22933 2
22934 1
22935 0
22936 1
22937 0
22938 1
22939 2
22940 0
22941 1
22942 2
22943 0
22944 1
22945 2
22946 0
22947 1
22948 0
22949 2
22950 1
22951 2
22952 0
22953 1
22954 2
22955 0
22956 1
22957 0
22958 1
22959 0
22960 1
22961 0
22962 1
22963 0
22964 1
22965 0
22966 2
22967 1
22968 0
22969 2
22970 1
22971 0
22972 1
22973 2
22974 0
22975 1
22976 2
22977 0
22978 1
22979 0
22980 1
22981 0
22982 1
22983 0
22984 1
22985 0
22986 1
22987 0
22988 1
22989 0
22990 1
22991 3
22992 0
22993 1
22994 0
22995 1
22996 0
22997 1
22998 0
22999 1
23000 0
23001 1
23002 2
23003 0
23004 1
23005 2
23006 1
23007 0
23008 1
23009 0
23010 1
23011 0
23012 2
23013 0
23014 1
23015 0
23016 1
23017 0
23018 1
23019 2
23020 0
23021 1
23022 0
23023 1
23024 0
23025 1
23026 0
23027 1
23028 0
23029 2
23030 1
23031 2
23032 0
23033 1
23034 0
23035 2
23036 0
23037 1
23038 0
23039 1
23040 0
23041 1
23042 0
23043 1
23044 0
23045 1
23046 2
23047 0
23048 1
23049 0
23050 1
23051 2
23052 0
23053 2
23054 1
23055 2
23056 0
23057 1
23058 2
23059 0
23060 2
23061 0
23062 1
23063 0
23064 1
23065 2
23066 0
23067 1
23068 2
23069 1
23070 2
23071 1
23072 0
23073 2
23074 1
23075 2
23076 0
23077 1
23078 0
23079 1
23080 0
23081 1
23082 0
23083 1
23084 0
23085 1
23086 0
23087 1
23088 0
23089 1
23090 0
23091 2
23092 1
23093 2
23094 1
23095 0
23096 1
23097 0
23098 1
23099 2
23100 0
23101 2
23102 1
23103 0
23104 2
23105 1
23106 2
23107 0
23108 2
23109 0
23110 1
23111 2
23112 0
23113 1
23114 0
23115 1
23116 0
23117 1
23118 2
23119 0
23120 1
23121 0
23122 1
23123 0
23124 1
23125 0
23126 2
23127 0
23128 1
23129 0
23130 1
23131 2
23132 1
23133 0
23134 2
23135 1
23136 2
23137 0
23138 1
23139 0
23140 1
23141 0
23142 1
23143 0
23144 1
23145 0
23146 1
23147 0
23148 1
23149 0
23150 1
23151 0
23152 1
23153 2
23154 0
23155 1
23156 2
23157 0
23158 1
23159 0
23160 1
23161 2
23162 0
23163 1
23164 0
23165 1
23166 2
23167 0
23168 1
23169 0
23170 2
23171 1
23172 2
23173 1
23174 0
23175 1
23176 2
23177 1
23178 0
23179 1
23180 2
23181 0
23182 2
23183 1
23184 2
23185 0
23186 1
23187 0
23188 1
23189 0
23190 2
23191 1
23192 0
23193 1
23194 2
23195 0
23196 1
23197 0
23198 2
23199 1
23200 2
23201 0
23202 2
23203 1
23204 0
23205 1
23206 0
23207 1
23208 0
23209 1
23210 2
23211 1
23212 0
23213 1
23214 2
23215 1
23216 0
23217 1
23218 0
23219 1
23220 2
23221 0
23222 1
23223 0
23224 2
23225 0
23226 1
23227 2
23228 0
23229 1
23230 0
23231 2
23232 1
23233 0
23234 1
23235 0
23236 1
23237 2
23238 0
23239 1
23240 2
23241 0
23242 1
23243 2
23244 0
23245 2
23246 0
23247 1
23248 0
23249 1
23250 0
23251 1
23252 2
23253 0
23254 1
23255 0
23256 2
23257 1
23258 0
23259 1
23260 2
23261 0
23262 1
23263 0
23264 1
23265 2
23266 0
23267 1
23268 2
23269 0
23270 1
23271 0
23272 1
23273 0
23274 1
23275 0
23276 1
23277 2
23278 0
23279 1
23280 0
23281 1
23282 0
23283 1
23284 0
23285 2
23286 1
23287 0
23288 1
23289 0
23290 1
23291 0
23292 1
23293 0
23294 1
23295 2
23296 0
23297 1
23298 2
23299 0
23300 2
23301 0
23302 1
23303 0
23304 1
23305 0
23306 1
23307 0
23308 1
23309 0
23310 2
23311 1
23312 0
23313 1
23314 0
23315 1
23316 0
23317 2
23318 0
23319 1
23320 0
23321 1
23322 0
23323 1
23324 2
23325 0
23326 1
23327 0
23328 1
23329 2
23330 0
23331 1
23332 2
23333 0
23334 1
23335 0
23336 1
23337 2
23338 0
23339 1
23340 0
23341 1
23342 2
23343 0
23344 1
23345 2
23346 0
23347 1
23348 0
23349 1
23350 2
23351 0
23352 1
23353 0
23354 2
23355 1
23356 0
23357 2
23358 1
23359 0
23360 1
23361 0
23362 2
23363 1
23364 0
23365 2
23366 1
23367 0
23368 2
23369 1
23370 2
23371 1
23372 0
23373 2
23374 1
23375 2
23376 1
23377 0
23378 1
23379 0
23380 1
23381 0
23382 1
23383 0
23384 2
23385 1
23386 0
23387 1
23388 0
23389 2
23390 1
23391 2
23392 0
23393 2
23394 1
23395 2
23396 0
23397 1
23398 2
23399 1
23400 0
23401 1
23402 0
23403 1
23404 2
23405 0
23406 1
23407 2
23408 0
23409 1
23410 2
23411 1
23412 0
23413 1
23414 0
23415 1
23416 0
23417 1
23418 2
23419 0
23420 2
23421 1
23422 0
23423 1
23424 0
23425 1
23426 0
23427 1
23428 0
23429 1
23430 2
23431 0
23432 2
23433 1
23434 2
23435 0
23436 1
23437 0
23438 2
23439 1
23440 2
23441 0
23442 1
23443 0
23444 1
23445 0
23446 1
23447 0
23448 1
23449 2
23450 0
23451 1
23452 0
23453 2
23454 1
23455 0
23456 1
23457 2
23458 0
23459 1
23460 0
23461 1
23462 2
23463 0
23464 1
23465 0
23466 1
23467 0
23468 1
23469 2
23470 1
23471 2
23472 0
23473 2
23474 1
23475 2
23476 0
23477 2
23478 0
23479 2
23480 1
23481 0
23482 1
23483 0
23484 2
23485 1
23486 2
23487 0
23488 1
23489 0
23490 1
23491 0
23492 1
23493 0
23494 1
23495 2
23496 0
23497 1
23498 0
23499 1
23500 0
23501 1
23502 0
23503 1
23504 2
23505 0
23506 1
23507 0
23508 2
23509 1
23510 0
23511 1
23512 2
23513 0
23514 1
23515 2
23516 0
23517 1
23518 2
23519 3
23520 1
23521 2
23522 0
23523 1
23524 2
23525 1
23526 2
23527 1
23528 2
23529 0
23530 1
23531 2
23532 0
23533 2
23534 0
23535 1
23536 0
23537 2
23538 1
23539 2
23540 0
23541 2
23542 1
23543 0
23544 1
23545 2
23546 0
23547 1
23548 0
23549 1
23550 0
23551 2
23552 1
23553 2
23554 0
23555 1
23556 0
23557 1
23558 2
23559 0
23560 2
23561 1
23562 2
23563 1
23564 2
23565 1
23566 0
23567 1
23568 0
23569 1
23570 2
23571 0
23572 1
23573 0
23574 1
23575 0
23576 1
23577 2
23578 0
23579 1
23580 2
23581 1
23582 0
23583 1
23584 0
23585 2
23586 1
23587 0
23588 1
23589 0
23590 1
23591 0
23592 2
23593 1
23594 2
23595 0
23596 1
23597 0
23598 1
23599 0
23600 1
23601 3
23602 0
23603 1
23604 0
23605 2
23606 1
23607 0
23608 1
23609 0
23610 1
23611 2
23612 0
23613 1
23614 0
23615 1
23616 0
23617 1
23618 2
23619 0
23620 2
23621 0
23622 1
23623 0
23624 1
23625 0
23626 1
23627 2
23628 1
23629 0
23630 1
23631 0
23632 1
23633 0
23634 1
23635 0
23636 1
23637 2
23638 0
23639 1
23640 0
23641 1
23642 2
23643 0
23644 2
23645 1
23646 0
23647 1
23648 0
23649 1
23650 0
23651 2
23652 0
23653 1
23654 2
23655 1
23656 2
23657 0
23658 1
23659 0
23660 1
23661 2
23662 0
23663 2
23664 1
23665 0
23666 2
23667 1
23668 0
23669 1
23670 2
23671 0
23672 1
23673 2
23674 3
23675 0
23676 1
23677 2
23678 0
23679 1
23680 2
23681 0
23682 2
23683 1
23684 2
23685 0
23686 1
23687 0
23688 1
23689 0
23690 1
23691 0
23692 2
23693 1
23694 2
23695 0
23696 2
23697 1
23698 0
23699 1
23700 2
23701 1
23702 0
23703 2
23704 0
23705 1
23706 2
23707 0
23708 2
23709 0
23710 2
23711 1
23712 2
23713 0
23714 1
23715 2
23716 0
23717 1
23718 2
23719 0
23720 2
23721 1
23722 0
23723 2
23724 1
23725 0
23726 1
23727 0
23728 2
23729 1
23730 0
23731 2
23732 0
23733 1
23734 0
23735 1
23736 0
23737 1
23738 0
23739 2
23740 1
23741 2
23742 3
23743 1
23744 0
23745 2
23746 1
23747 0
23748 1
23749 2
23750 0
23751 1
23752 0
23753 1
23754 0
23755 1
23756 0
23757 1
23758 0
23759 1
23760 2
23761 0
23762 1
23763 2
23764 0
23765 1
23766 2
23767 1
23768 0
23769 1
23770 2
23771 0
23772 1
23773 0
23774 2
23775 0
23776 2
23777 1
23778 0
23779 1
23780 2
23781 0
23782 2
23783 1
23784 0
23785 2
23786 1
23787 0
23788 1
23789 0
23790 1
23791 0
23792 1
23793 0
23794 1
23795 2
23796 0
23797 1
23798 0
23799 2
23800 1
23801 0
23802 1
23803 2
23804 1
23805 0
23806 1
23807 0
23808 1
23809 2
23810 0
23811 1
23812 2
23813 0
23814 1
23815 0
23816 1
23817 0
23818 1
23819 0
23820 1
23821 0
23822 1
23823 2
23824 0
23825 2
23826 1
23827 0
23828 1
23829 0
23830 2
23831 0
23832 1
23833 2
23834 0
23835 1
23836 0
23837 1
23838 2
23839 0
23840 1
23841 0
23842 1
23843 2
23844 0
23845 1
23846 2
23847 1
23848 2
23849 0
23850 1
23851 0
23852 1
23853 0
23854 1
23855 2
23856 0
23857 1
23858 0
23859 1
23860 0
23861 2
23862 1
23863 0
23864 1
23865 0
23866 1
23867 0
23868 1
23869 0
23870 1
23871 0
23872 2
23873 1
23874 0
23875 1
23876 0
23877 1
23878 2
23879 0
23880 1
23881 0
23882 1
23883 2
23884 0
23885 1
23886 0
23887 2
23888 1
23889 2
23890 1
23891 0
23892 1
23893 2
23894 1
23895 0
23896 2
23897 1
23898 0
23899 2
23900 1
23901 0
23902 3
23903 2
23904 1
23905 0
23906 1
23907 2
23908 0
23909 1
23910 0
23911 2
23912 1
23913 0
23914 2
23915 0
23916 1
23917 0
23918 2
23919 0
23920 1
23921 0
23922 1
23923 0
23924 1
23925 2
23926 0
23927 1
23928 0
23929 1
23930 2
23931 1
23932 2
23933 0
23934 1
23935 0
23936 2
23937 0
23938 1
23939 2
23940 1
23941 0
23942 1
23943 0
23944 1
23945 0
23946 2
23947 1
23948 2
23949 1
23950 2
23951 0
23952 2
23953 0
23954 1
23955 0
23956 1
23957 0
23958 1
23959 0
23960 2
23961 1
23962 2
23963 0
23964 1
23965 2
23966 0
23967 2
23968 1
23969 0
23970 1
23971 0
23972 1
23973 2
23974 0
23975 1
23976 0
23977 1
23978 2
23979 1
23980 0
23981 2
23982 1
23983 0
23984 1
23985 0
23986 1
23987 0
23988 1
23989 2
23990 0
23991 2
23992 1
23993 0
23994 1
23995 2
23996 0
23997 2
23998 1
23999 0
24000 2
24001 1
24002 0
24003 1
24004 0
24005 2
24006 1
24007 0
24008 2
24009 1
24010 0
24011 2
24012 1
24013 0
24014 2
24015 0
24016 1
24017 0
24018 1
24019 0
24020 1
24021 2
24022 0
24023 2
24024 1
24025 0
24026 1
24027 2
24028 0
24029 1
24030 0
24031 1
24032 0
24033 1
24034 0
24035 1
24036 2
24037 0
24038 1
24039 0
24040 1
24041 0
24042 1
24043 0
24044 1
24045 2
24046 0
24047 1
24048 0
24049 1
24050 0
24051 1
24052 2
24053 0
24054 2
24055 1
24056 0
24057 1
24058 0
24059 1
24060 2
24061 0
24062 1
24063 2
24064 0
24065 1
24066 2
24067 0
24068 1
24069 0
24070 1
24071 0
24072 1
24073 2
24074 0
24075 1
24076 2
24077 0
24078 1
24079 2
24080 0
24081 1
24082 2
24083 1
24084 0
24085 2
24086 1
24087 2
24088 0
24089 2
24090 1
24091 0
24092 1
24093 2
24094 0
24095 1
24096 2
24097 0
24098 1
24099 0
24100 1
24101 0
24102 2
24103 1
24104 0
24105 1
24106 2
24107 0
24108 2
24109 1
24110 0
24111 2
24112 1
24113 0
24114 1
24115 0
24116 1
24117 0
24118 2
24119 0
24120 1
24121 2
24122 0
24123 1
24124 0
24125 1
24126 0
24127 1
24128 2
24129 0
24130 1
24131 0
24132 2
24133 0
24134 1
24135 0
24136 1
24137 2
24138 0
24139 1
24140 0
24141 1
24142 0
24143 1
24144 2
24145 0
24146 1
24147 0
24148 1
24149 0
24150 2
24151 1
24152 0
24153 1
24154 0
24155 1
24156 0
24157 1
24158 0
24159 1
24160 0
24161 1
24162 2
24163 1
24164 2
24165 0
24166 1
24167 0
24168 1
24169 0
24170 1
24171 0
24172 1
24173 2
24174 0
24175 1
24176 0
24177 1
24178 0
24179 1
24180 2
24181 0
24182 1
24183 2
24184 0
24185 1
24186 0
24187 1
24188 0
24189 1
24190 0
24191 1
24192 0
24193 1
24194 0
24195 1
24196 0
24197 1
24198 0
24199 2
24200 1
24201 0
24202 1
24203 0
24204 2
24205 0
24206 2
24207 1
24208 2
24209 0
24210 1
24211 0
24212 1
24213 0
24214 2
24215 1
24216 0
24217 2
24218 1
24219 0
24220 1
24221 0
24222 1
24223 0
24224 1
24225 0
24226 2
24227 0
24228 1
24229 0
24230 1
24231 0
24232 1
24233 2
24234 1
24235 0
24236 1
24237 0
24238 2
24239 0
24240 1
24241 0
24242 1
24243 0
24244 2
24245 1
24246 2
24247 0
24248 1
24249 0
24250 2
24251 1
24252 0
24253 1
24254 0
24255 1
24256 0
24257 1
24258 0
24259 2
24260 1
24261 0
24262 2
24263 1
24264 2
24265 0
24266 1
24267 2
24268 0
24269 1
24270 0
24271 2
24272 1
24273 0
24274 1
24275 0
24276 2
24277 1
24278 2
24279 3
24280 1
24281 0
24282 1
24283 0
24284 2
24285 1
24286 0
24287 1
24288 0
24289 1
24290 0
24291 1
24292 0
24293 2
24294 1
24295 0
24296 2
24297 0
24298 2
24299 1
24300 2
24301 0
24302 1
24303 0
24304 2
24305 1
24306 2
24307 0
24308 1
24309 0
24310 1
24311 0
24312 1
24313 0
24314 1
24315 0
24316 1
24317 0
24318 2
24319 1
24320 0
24321 2
24322 1
24323 0
24324 2
24325 1
24326 0
24327 1
24328 0
24329 1
24330 0
24331 1
24332 2
24333 0
24334 2
24335 1
24336 2
24337 0
24338 1
24339 0
24340 1
24341 0
24342 1
24343 0
24344 2
24345 0
24346 1
24347 2
24348 0
24349 1
24350 2
24351 0
24352 1
24353 0
24354 1
24355 2
24356 1
24357 0
24358 1
24359 0
24360 1
24361 0
24362 1
24363 0
24364 1
24365 2
24366 0
24367 1
24368 0
24369 2
24370 1
24371 0
24372 1
24373 0
24374 2
24375 0
24376 1
24377 0
24378 1
24379 0
24380 1
24381 0
24382 1
24383 0
24384 1
24385 2
24386 1
24387 0
24388 1
24389 0
24390 1
24391 0
24392 2
24393 1
24394 0
24395 1
24396 0
24397 1
24398 2
24399 0
24400 1
24401 2
24402 1
24403 0
24404 1
24405 0
24406 1
24407 2
24408 1
24409 0
24410 1
24411 0
24412 1
24413 0
24414 1
24415 0
24416 2
24417 1
24418 2
24419 1
24420 0
24421 1
24422 2
24423 0
24424 1
24425 2
24426 0
24427 1
24428 0
24429 1
24430 2
24431 0
24432 2
24433 1
24434 0
24435 1
24436 0
24437 2
24438 1
24439 0
24440 2
24441 1
24442 0
24443 1
24444 2
24445 0
24446 1
24447 2
24448 0
24449 1
24450 2
24451 0
24452 1
24453 0
24454 1
24455 2
24456 0
24457 1
24458 0
24459 1
24460 2
24461 0
24462 2
24463 1
24464 0
24465 1
24466 0
24467 1
24468 2
24469 0
24470 1
24471 0
24472 2
24473 1
24474 2
24475 0
24476 2
24477 1
24478 3
24479 0
24480 1
24481 2
24482 0
24483 1
24484 0
24485 1
24486 2
24487 0
24488 2
24489 1
24490 0
24491 2
24492 1
24493 0
24494 2
24495 1
24496 2
24497 1
24498 2
24499 0
24500 1
24501 0
24502 1
24503 0
24504 1
24505 0
24506 1
24507 0
24508 1
24509 0
24510 2
24511 1
24512 0
24513 1
24514 2
24515 1
24516 0
24517 1
24518 0
24519 1
24520 0
24521 2
24522 1
24523 0
24524 2
24525 1
24526 0
24527 2
24528 1
24529 0
24530 1
24531 0
24532 1
24533 0
24534 1
24535 2
24536 1
24537 0
24538 1
24539 2
24540 0
24541 1
24542 0
24543 1
24544 0
24545 1
24546 2
24547 0
24548 1
24549 0
24550 1
24551 0
24552 2
24553 1
24554 2
24555 0
24556 1
24557 0
24558 1
24559 2
24560 0
24561 1
24562 2
24563 1
24564 0
24565 1
24566 0
24567 2
24568 1
24569 0
24570 2
24571 1
24572 2
24573 0
24574 1
24575 0
24576 1
24577 2
24578 0
24579 1
24580 0
24581 1
24582 0
24583 1
24584 0
24585 1
24586 2
24587 0
24588 1
24589 0
24590 2
24591 1
24592 0
24593 1
24594 2
24595 0
24596 1
24597 0
24598 1
24599 2
24600 0
24601 1
24602 0
24603 1
24604 0
24605 2
24606 1
24607 0
24608 1
24609 0
24610 1
24611 0
24612 2
24613 1
24614 0
24615 1
24616 0
24617 1
24618 2
24619 0
24620 2
24621 0
24622 1
24623 0
24624 1
24625 0
24626 1
24627 0
24628 2
24629 1
24630 0
24631 1
24632 0
24633 1
24634 2
24635 0
24636 1
24637 0
24638 1
24639 0
24640 1
24641 0
24642 1
24643 2
24644 0
24645 2
24646 1
24647 0
24648 1
24649 0
24650 2
24651 1
24652 0
24653 1
24654 2
24655 1
24656 0
24657 1
24658 0
24659 1
24660 0
24661 1
24662 0
24663 1
24664 0
24665 2
24666 1
24667 0
24668 1
24669 0
24670 1
24671 0
24672 1
24673 2
24674 1
24675 0
24676 1
24677 0
24678 1
24679 2
24680 0
24681 1
24682 0
24683 1
24684 0
24685 1
24686 0
24687 1
24688 0
24689 2
24690 1
24691 0
24692 1
24693 0
24694 1
24695 2
24696 0
24697 1
24698 0
24699 2
24700 1
24701 0
24702 1
24703 2
24704 1
24705 2
24706 1
24707 0
24708 1
24709 2
24710 0
24711 1
24712 0
24713 1
24714 0
24715 1
24716 0
24717 1
24718 0
24719 2
24720 1
24721 2
24722 1
24723 0
24724 1
24725 0
24726 1
24727 0
24728 2
24729 1
24730 0
24731 2
24732 1
24733 2
24734 0
24735 1
24736 0
24737 1
24738 0
24739 1
24740 0
24741 1
24742 2
24743 0
24744 1
24745 2
24746 0
24747 1
24748 0
24749 1
24750 0
24751 1
24752 0
24753 1
24754 2
24755 0
24756 2
24757 1
24758 0
24759 1
24760 0
24761 1
24762 0
24763 1
24764 0
24765 2
24766 0
24767 2
24768 1
24769 0
24770 1
24771 0
24772 2
24773 1
24774 2
24775 0
24776 1
24777 0
24778 2
24779 1
24780 2
24781 0
24782 1
24783 2
24784 0
24785 3
24786 2
24787 1
24788 0
24789 1
24790 0
24791 1
24792 0
24793 1
24794 0
24795 1
24796 2
24797 0
24798 1
24799 2
24800 0
24801 1
24802 2
24803 0
24804 2
24805 1
24806 0
24807 1
24808 0
24809 1
24810 0
24811 1
24812 0
24813 1
24814 0
24815 1
24816 0
24817 1
24818 2
24819 0
24820 2
24821 1
24822 0
24823 1
24824 2
24825 0
24826 1
24827 0
24828 1
24829 2
24830 0
24831 3
24832 1
24833 2
24834 1
24835 0
24836 1
24837 0
24838 1
24839 2
24840 0
24841 2
24842 1
24843 0
24844 2
24845 0
24846 1
24847 0
24848 3
24849 1
24850 2
24851 0
24852 1
24853 3
24854 2
24855 0
24856 1
24857 0
24858 2
24859 1
24860 0
24861 1
24862 2
24863 0
24864 1
24865 0
24866 1
24867 0
24868 1
24869 2
24870 0
24871 1
24872 2
24873 0
24874 2
24875 0
24876 2
24877 0
24878 1
24879 0
24880 1
24881 0
24882 1
24883 2
24884 0
24885 1
24886 2
24887 0
24888 1
24889 0
24890 2
24891 1
24892 0
24893 1
24894 2
24895 0
24896 1
24897 0
24898 1
24899 2
24900 0
24901 1
24902 0
24903 1
24904 2
24905 1
24906 0
24907 2
24908 0
24909 2
24910 0
24911 1
24912 2
24913 1
24914 0
24915 1
24916 0
24917 2
24918 1
24919 2
24920 0
24921 1
24922 0
24923 1
24924 0
24925 1
24926 0
24927 2
24928 0
24929 1
24930 2
24931 0
24932 1
24933 0
24934 1
24935 0
24936 2
24937 1
24938 0
24939 1
24940 0
24941 1
24942 0
24943 1
24944 2
24945 0
24946 2
24947 1
24948 0
24949 2
24950 1
24951 0
24952 2
24953 3
24954 0
24955 2
24956 1
24957 0
24958 1
24959 0
24960 2
24961 0
24962 2
24963 0
24964 1
24965 2
24966 0
24967 1
24968 0
24969 2
24970 1
24971 2
24972 1
24973 0
24974 1
24975 0
24976 1
24977 0
24978 1
24979 2
24980 0
24981 1
24982 0
24983 1
24984 0
24985 2
24986 1
24987 0
24988 1
24989 0
24990 2
24991 1
24992 2
24993 1
24994 0
24995 1
24996 0
24997 2
24998 1
24999 0
25000 1
25001 0
25002 1
25003 2
25004 0
25005 1
25006 2
25007 0
25008 1
25009 0
25010 2
25011 0
25012 1
25013 2
25014 0
25015 1
25016 0
25017 1
25018 2
25019 0
25020 1
25021 2
25022 1
25023 0
25024 1
25025 2
25026 0
25027 1
25028 0
25029 1
25030 0
25031 2
25032 1
25033 0
25034 1
25035 2
25036 0
25037 2
25038 1
25039 0
25040 1
25041 0
25042 2
25043 1
25044 0
25045 1
25046 0
25047 2
25048 1
25049 2
25050 0
25051 1
25052 2
25053 0
25054 1
25055 2
25056 0
25057 1
25058 0
25059 1
25060 2
25061 0
25062 2
25063 1
25064 0
25065 1
25066 2
25067 0
25068 1
25069 0
25070 1
25071 0
25072 1
25073 0
25074 1
25075 2
25076 0
25077 2
25078 1
25079 0
25080 2
25081 1
25082 0
25083 2
25084 0
25085 1
25086 0
25087 1
25088 0
25089 1
25090 0
25091 1
25092 0
25093 1
25094 0
25095 2
25096 0
25097 1
25098 0
25099 1
25100 2
25101 0
25102 1
25103 0
25104 1
25105 2
25106 0
25107 1
25108 0
25109 1
25110 0
25111 2
25112 0
25113 1
25114 2
25115 0
25116 1
25117 0
25118 1
25119 0
25120 2
25121 1
25122 0
25123 1
25124 0
25125 1
25126 2
25127 0
25128 1
25129 2
25130 0
25131 1
25132 0
25133 1
25134 0
25135 1
25136 0
25137 1
25138 0
25139 1
25140 0
25141 1
25142 0
25143 2
25144 1
25145 2
25146 0
25147 2
25148 1
25149 2
25150 1
25151 0
25152 2
25153 0
25154 1
25155 2
25156 0
25157 1
25158 0
25159 2
25160 1
25161 2
25162 0
25163 1
25164 2
25165 0
25166 1
25167 0
25168 1
25169 0
25170 1
25171 0
25172 1
25173 0
25174 1
25175 0
25176 1
25177 0
25178 1
25179 0
25180 2
25181 0
25182 2
25183 1
25184 0
25185 1
25186 0
25187 1
25188 0
25189 1
25190 0
25191 1
25192 2
25193 0
25194 2
25195 1
25196 0
25197 1
25198 2
25199 0
25200 1
25201 2
25202 0
25203 1
25204 2
25205 0
25206 1
25207 0
25208 1
25209 0
25210 1
25211 0
25212 1
25213 0
25214 2
25215 1
25216 0
25217 1
25218 0
25219 1
25220 0
25221 1
25222 0
25223 1
25224 2
25225 0
25226 1
25227 2
25228 0
25229 1
25230 2
25231 1
25232 0
25233 1
25234 0
25235 1
25236 0
25237 2
25238 1
25239 2
25240 1
25241 0
25242 1
25243 0
25244 1
25245 0
25246 1
25247 0
25248 1
25249 0
25250 1
25251 0
25252 1
25253 2
25254 0
25255 1
25256 2
25257 0
25258 2
25259 1
25260 0
25261 1
25262 0
25263 1
25264 0
25265 1
25266 2
25267 1
25268 0
25269 1
25270 2
25271 0
25272 1
25273 0
25274 1
25275 2
25276 0
25277 1
25278 2
25279 0
25280 1
25281 0
25282 1
25283 2
25284 0
25285 1
25286 0
25287 2
25288 1
25289 0
25290 2
25291 0
25292 1
25293 0
25294 1
25295 2
25296 1
25297 0
25298 1
25299 0
25300 1
25301 0
25302 2
25303 1
25304 0
25305 1
25306 0
25307 2
25308 1
25309 2
25310 0
25311 1
25312 0
25313 1
25314 2
25315 0
25316 1
25317 2
25318 0
25319 1
25320 0
25321 1
25322 2
25323 0
25324 1
25325 0
25326 1
25327 2
25328 0
25329 2
25330 1
25331 0
25332 1
25333 0
25334 1
25335 2
25336 0
25337 2
25338 1
25339 0
25340 1
25341 0
25342 1
25343 0
25344 1
25345 2
25346 1
25347 2
25348 0
25349 2
25350 1
25351 0
25352 1
25353 0
25354 1
25355 0
25356 2
25357 1
25358 0
25359 1
25360 0
25361 1
25362 2
25363 0
25364 2
25365 0
25366 2
25367 0
25368 1
25369 0
25370 1
25371 2
25372 0
25373 1
25374 2
25375 0
25376 1
25377 0
25378 1
25379 0
25380 1
25381 2
25382 0
25383 1
25384 0
25385 1
25386 2
25387 1
25388 0
25389 1
25390 0
25391 1
25392 2
25393 0
25394 2
25395 1
25396 0
25397 2
25398 1
25399 0
25400 1
25401 0
25402 1
25403 2
25404 0
25405 1
25406 2
25407 1
25408 0
25409 2
25410 0
25411 1
25412 0
25413 1
25414 0
25415 1
25416 2
25417 0
25418 1
25419 0
25420 1
25421 0
25422 1
25423 2
25424 0
25425 1
25426 2
25427 1
25428 0
25429 1
25430 2
25431 0
25432 1
25433 0
25434 1
25435 2
25436 0
25437 1
25438 2
25439 0
25440 1
25441 2
25442 1
25443 0
25444 1
25445 2
25446 1
25447 0
25448 1
25449 0
25450 1
25451 2
25452 1
25453 2
25454 0
25455 2
25456 1
25457 2
25458 0
25459 1
25460 0
25461 1
25462 2
25463 0
25464 1
25465 0
25466 1
25467 0
25468 2
25469 1
25470 0
25471 1
25472 0
25473 2
25474 1
25475 0
25476 1
25477 2
25478 0
25479 1
25480 0
25481 1
25482 0
25483 1
25484 2
25485 0
25486 2
25487 1
25488 0
25489 1
25490 0
25491 1
25492 0
25493 1
25494 0
25495 1
25496 0
25497 1
25498 0
25499 2
25500 1
25501 0
25502 1
25503 0
25504 1
25505 0
25506 1
25507 0
25508 1
25509 0
25510 2
25511 1
25512 2
25513 0
25514 1
25515 2
25516 0
25517 2
25518 1
25519 0
25520 1
25521 2
25522 0
25523 2
25524 1
25525 0
25526 1
25527 0
25528 1
25529 0
25530 1
25531 0
25532 1
25533 2
25534 0
25535 1
25536 0
25537 1
25538 2
25539 0
25540 2
25541 0
25542 1
25543 0
25544 1
25545 0
25546 1
25547 0
25548 1
25549 0
25550 1
25551 0
25552 2
25553 1
25554 2
25555 0
25556 1
25557 0
25558 1
25559 0
25560 1
25561 0
25562 2
25563 0
25564 1
25565 0
25566 1
25567 0
25568 1
25569 0
25570 1
25571 0
25572 1
25573 0
25574 1
25575 2
25576 0
25577 2
25578 1
25579 2
25580 0
25581 1
25582 2
25583 0
25584 1
25585 0
25586 2
25587 1
25588 0
25589 1
25590 2
25591 0
25592 1
25593 2
25594 0
25595 2
25596 1
25597 2
25598 0
25599 1
25600 0
25601 1
25602 0
25603 1
25604 0
25605 1
25606 0
25607 1
25608 0
25609 1
25610 2
25611 1
25612 2
25613 0
25614 1
25615 0
25616 2
25617 1
25618 2
25619 0
25620 1
25621 0
25622 1
25623 0
25624 1
25625 0
25626 2
25627 1
25628 0
25629 1
25630 0
25631 2
25632 0
25633 1
25634 0
25635 1
25636 0
25637 1
25638 3
25639 0
25640 1
25641 0
25642 1
25643 0
25644 2
25645 1
25646 0
25647 1
25648 0
25649 1
25650 2
25651 0
25652 1
25653 0
25654 1
25655 0
25656 2
25657 1
25658 0
25659 2
25660 1
25661 0
25662 1
25663 0
25664 2
25665 1
25666 2
25667 1
25668 0
25669 1
25670 2
25671 0
25672 2
25673 1
25674 2
25675 0
25676 1
25677 0
25678 2
25679 0
25680 2
25681 1
25682 0
25683 2
25684 1
25685 2
25686 0
25687 1
25688 0
25689 2
25690 1
25691 2
25692 0
25693 2
25694 1
25695 2
25696 0
25697 2
25698 1
25699 0
25700 1
25701 0
25702 1
25703 0
25704 2
25705 1
25706 0
25707 1
25708 0
25709 1
25710 0
25711 1
25712 0
25713 1
25714 0
25715 1
25716 2
25717 0
25718 1
25719 0
25720 1
25721 2
25722 0
25723 2
25724 1
25725 0
25726 1
25727 2
25728 0
25729 1
25730 0
25731 1
25732 0
25733 1
25734 0
25735 1
25736 0
25737 1
25738 2
25739 0
25740 1
25741 2
25742 0
25743 1
25744 0
25745 2
25746 1
25747 2
25748 0
25749 1
25750 2
25751 0
25752 2
25753 1
25754 0
25755 1
25756 0
25757 2
25758 1
25759 2
25760 0
25761 2
25762 1
25763 2
25764 0
25765 1
25766 2
25767 1
25768 0
25769 1
25770 0
25771 1
25772 2
25773 0
25774 1
25775 0
25776 1
25777 0
25778 1
25779 2
25780 1
25781 0
25782 2
25783 0
25784 1
25785 0
25786 1
25787 2
25788 0
25789 1
25790 0
25791 1
25792 0
25793 1
25794 2
25795 0
25796 1
25797 0
25798 1
25799 0
25800 2
25801 1
25802 0
25803 1
25804 0
25805 1
25806 0
25807 1
25808 2
25809 0
25810 1
25811 0
25812 1
25813 0
25814 1
25815 0
25816 1
25817 0
25818 1
25819 0
25820 1
25821 0
25822 1
25823 0
25824 2
25825 1
25826 2
25827 0
25828 2
25829 1
25830 2
25831 0
25832 1
25833 2
25834 1
25835 2
25836 1
25837 0
25838 2
25839 1
25840 0
25841 1
25842 0
25843 1
25844 0
25845 1
25846 0
25847 2
25848 1
25849 2
25850 0
25851 1
25852 0
25853 2
25854 1
25855 0
25856 1
25857 0
25858 1
25859 2
25860 0
25861 1
25862 0
25863 1
25864 2
25865 1
25866 0
25867 1
25868 0
25869 2
25870 1
25871 0
25872 2
25873 0
25874 1
25875 0
25876 1
25877 0
25878 1
25879 0
25880 2
25881 1
25882 2
25883 0
25884 2
25885 0
25886 1
25887 0
25888 1
25889 2
25890 1
25891 2
25892 0
25893 1
25894 0
25895 2
25896 1
25897 0
25898 1
25899 0
25900 1
25901 0
25902 1
25903 2
25904 0
25905 1
25906 2
25907 0
25908 1
25909 2
25910 0
25911 1
25912 0
25913 1
25914 2
25915 1
25916 0
25917 2
25918 1
25919 0
25920 1
25921 0
25922 1
25923 2
25924 1
25925 2
25926 1
25927 2
25928 0
25929 2
25930 3
25931 0
25932 1
25933 0
25934 1
25935 0
25936 1
25937 0
25938 1
25939 0
25940 2
25941 1
25942 0
25943 2
25944 3
25945 1
25946 2
25947 0
25948 1
25949 0
25950 1
25951 0
25952 1
25953 0
25954 2
25955 1
25956 0
25957 1
25958 0
25959 2
25960 1
25961 0
25962 1
25963 0
25964 2
25965 1
25966 0
25967 1
25968 0
25969 1
25970 0
25971 1
25972 2
25973 0
25974 1
25975 0
25976 1
25977 0
25978 1
25979 0
25980 2
25981 3
25982 0
25983 1
25984 0
25985 2
25986 0
25987 2
25988 0
25989 1
25990 0
25991 1
25992 0
25993 1
25994 0
25995 1
25996 2
25997 0
25998 1
25999 0
26000 1
26001 0
26002 1
26003 0
26004 1
26005 0
26006 1
26007 0
26008 1
26009 0
26010 2
26011 1
26012 0
26013 1
26014 0
26015 2
26016 1
26017 2
26018 1
26019 0
26020 1
26021 0
26022 1
26023 0
26024 1
26025 0
26026 2
26027 1
26028 0
26029 1
26030 0
26031 2
26032 0
26033 1
26034 0
26035 1
26036 2
26037 0
26038 1
26039 2
26040 0
26041 2
26042 0
26043 1
26044 0
26045 1
26046 2
26047 0
26048 2
26049 1
26050 0
26051 1
26052 0
26053 1
26054 0
26055 1
26056 0
26057 2
26058 1
26059 0
26060 1
26061 2
26062 1
26063 0
26064 1
26065 0
26066 2
26067 0
26068 1
26069 2
26070 0
26071 1
26072 0
26073 1
26074 0
26075 1
26076 0
26077 1
26078 0
26079 1
26080 2
26081 0
26082 1
26083 2
26084 0
26085 1
26086 2
26087 0
26088 1
26089 0
26090 1
26091 2
26092 0
26093 2
26094 0
26095 2
26096 1
26097 0
26098 1
26099 0
26100 1
26101 2
26102 1
26103 0
26104 1
26105 2
26106 0
26107 1
26108 2
26109 0
26110 1
26111 2
26112 1
26113 0
26114 1
26115 2
26116 0
26117 1
26118 0
26119 1
26120 2
26121 0
26122 1
26123 0
26124 2
26125 3
26126 0
26127 1
26128 0
26129 1
26130 0
26131 1
26132 0
26133 1
26134 0
26135 1
26136 0
26137 1
26138 0
26139 1
26140 2
26141 0
26142 1
26143 0
26144 2
26145 1
26146 0
26147 1
26148 0
26149 2
26150 1
26151 0
26152 1
26153 0
26154 1
26155 0
26156 1
26157 0
26158 1
26159 0
26160 1
26161 2
26162 0
26163 2
26164 1
26165 2
26166 0
26167 1
26168 0
26169 1
26170 0
26171 1
26172 0
26173 1
26174 0
26175 2
26176 0
26177 2
26178 1
26179 2
26180 0
26181 1
26182 0
26183 2
26184 0
26185 1
26186 0
26187 1
26188 2
26189 0
26190 1
26191 3
26192 2
26193 1
26194 2
26195 0
26196 2
26197 1
26198 0
26199 1
26200 0
26201 2
26202 0
26203 1
26204 0
26205 1
26206 0
26207 1
26208 0
26209 1
26210 0
26211 2
26212 1
26213 2
26214 0
26215 1
26216 0
26217 2
26218 1
26219 0
26220 1
26221 0
26222 2
26223 0
26224 1
26225 2
26226 0
26227 1
26228 2
26229 0
26230 2
26231 1
26232 0
26233 1
26234 2
26235 0
26236 1
26237 2
26238 3
26239 1
26240 2
26241 0
26242 1
26243 0
26244 1
26245 2
26246 1
26247 0
26248 1
26249 0
26250 1
26251 0
26252 1
26253 0
26254 2
26255 0
26256 1
26257 0
26258 1
26259 0
26260 2
26261 1
26262 0
26263 1
26264 0
26265 2
26266 1
26267 0
26268 1
26269 0
26270 2
26271 1
26272 0
26273 2
26274 1
26275 0
26276 2
26277 0
26278 1
26279 2
26280 0
26281 2
26282 1
26283 2
26284 0
26285 1
26286 0
26287 1
26288 2
26289 0
26290 1
26291 2
26292 0
26293 1
26294 0
26295 1
26296 2
26297 1
26298 0
26299 2
26300 0
26301 1
26302 2
26303 0
26304 1
26305 0
26306 2
26307 1
26308 0
26309 1
26310 0
26311 1
26312 0
26313 1
26314 0
26315 1
26316 0
26317 2
26318 1
26319 0
26320 1
26321 0
26322 1
26323 2
26324 0
26325 2
26326 1
26327 0
26328 1
26329 2
26330 0
26331 1
26332 2
26333 1
26334 0
26335 1
26336 0
26337 2
26338 0
26339 1
26340 2
26341 1
26342 2
26343 1
26344 0
26345 1
26346 2
26347 0
26348 1
26349 2
26350 0
26351 1
26352 2
26353 1
26354 0
26355 1
26356 2
26357 0
26358 1
26359 3
26360 2
26361 1
26362 0
26363 2
26364 1
26365 3
26366 2
26367 0
26368 1
26369 2
26370 0
26371 1
26372 2
26373 0
26374 1
26375 0
26376 1
26377 0
26378 1
26379 0
26380 1
26381 0
26382 1
26383 0
26384 2
26385 1
26386 0
26387 1
26388 0
26389 1
26390 0
26391 2
26392 1
26393 2
26394 1
26395 0
26396 1
26397 2
26398 1
26399 2
26400 0
26401 2
26402 1
26403 0
26404 1
26405 0
26406 1
26407 0
26408 1
26409 0
26410 1
26411 0
26412 1
26413 2
26414 0
26415 1
26416 0
26417 1
26418 2
26419 0
26420 1
26421 0
26422 1
26423 0
26424 2
26425 0
26426 1
26427 0
26428 2
26429 0
26430 1
26431 0
26432 1
26433 0
26434 1
26435 2
26436 1
26437 0
26438 1
26439 2
26440 1
26441 2
26442 1
26443 0
26444 1
26445 0
26446 1
26447 0
26448 1
26449 0
26450 1
26451 0
26452 1
26453 2
26454 0
26455 1
26456 2
26457 1
26458 0
26459 1
26460 0
26461 1
26462 0
26463 1
26464 0
26465 1
26466 0
26467 1
26468 0
26469 2
26470 1
26471 0
26472 1
26473 2
26474 3
26475 0
26476 1
26477 0
26478 1
26479 2
26480 0
26481 1
26482 0
26483 2
26484 1
26485 0
26486 1
26487 0
26488 1
26489 0
26490 2
26491 1
26492 2
26493 0
26494 2
26495 1
26496 0
26497 1
26498 0
26499 1
26500 2
26501 0
26502 1
26503 0
26504 1
26505 0
26506 2
26507 1
26508 2
26509 1
26510 0
26511 1
26512 0
26513 1
26514 2
26515 0
26516 2
26517 1
26518 0
26519 1
26520 0
26521 1
26522 0
26523 1
26524 0
26525 2
26526 1
26527 0
26528 1
26529 0
26530 1
26531 0
26532 1
26533 2
26534 1
26535 0
26536 2
26537 1
26538 2
26539 0
26540 1
26541 0
26542 2
26543 1
26544 2
26545 0
26546 1
26547 0
26548 2
26549 1
26550 0
26551 2
26552 1
26553 0
26554 1
26555 0
26556 1
26557 2
26558 0
26559 1
26560 0
26561 1
26562 0
26563 1
26564 0
26565 1
26566 0
26567 1
26568 0
26569 1
26570 0
26571 1
26572 0
26573 2
26574 1
26575 2
26576 0
26577 1
26578 2
26579 0
26580 1
26581 0
26582 1
26583 2
26584 0
26585 1
26586 2
26587 0
26588 1
26589 2
26590 0
26591 1
26592 0
26593 1
26594 0
26595 1
26596 0
26597 1
26598 0
26599 1
26600 0
26601 1
26602 0
26603 1
26604 0
26605 1
26606 0
26607 1
26608 0
26609 1
26610 0
26611 1
26612 0
26613 1
26614 0
26615 1
26616 0
26617 1
26618 2
26619 0
26620 1
26621 2
26622 0
26623 1
26624 0
26625 1
26626 2
26627 0
26628 1
26629 2
26630 0
26631 1
26632 0
26633 1
26634 0
26635 1
26636 2
26637 0
26638 1
26639 0
26640 1
26641 0
26642 1
26643 0
26644 1
26645 0
26646 1
26647 0
26648 1
26649 0
26650 1
26651 0
26652 1
26653 0
26654 1
26655 2
26656 0
26657 1
26658 2
26659 0
26660 1
26661 2
26662 0
26663 1
26664 2
26665 0
26666 2
26667 0
26668 1
26669 0
26670 2
26671 0
26672 1
26673 0
26674 1
26675 0
26676 1
26677 0
26678 1
26679 0
26680 2
26681 1
26682 0
26683 1
26684 0
26685 2
26686 1
26687 0
26688 1
26689 0
26690 1
26691 2
26692 1
26693 0
26694 1
26695 0
26696 1
26697 2
26698 0
26699 2
26700 1
26701 0
26702 2
26703 0
26704 1
26705 2
26706 1
26707 2
26708 0
26709 1
26710 0
26711 1
26712 0
26713 1
26714 0
26715 1
26716 0
26717 1
26718 0
26719 2
26720 1
26721 2
26722 0
26723 1
26724 0
26725 2
26726 1
26727 0
26728 2
26729 1
26730 0
26731 1
26732 0
26733 1
26734 0
26735 1
26736 0
26737 1
26738 0
26739 1
26740 0
26741 1
26742 2
26743 0
26744 1
26745 0
26746 1
26747 0
26748 1
26749 0
26750 1
26751 0
26752 2
26753 0
26754 1
26755 0
26756 1
26757 0
26758 1
26759 2
26760 0
26761 1
26762 0
26763 2
26764 1
26765 0
26766 1
26767 0
26768 1
26769 2
26770 0
26771 1
26772 0
26773 1
26774 0
26775 1
26776 2
26777 0
26778 1
26779 2
26780 1
26781 2
26782 0
26783 1
26784 0
26785 2
26786 1
26787 0
26788 1
26789 0
26790 2
26791 1
26792 0
26793 1
26794 0
26795 1
26796 2
26797 0
26798 1
26799 0
26800 2
26801 0
26802 1
26803 2
26804 0
26805 1
26806 0
26807 1
26808 2
26809 0
26810 2
26811 1
26812 0
26813 2
26814 1
26815 0
26816 1
26817 2
26818 1
26819 2
26820 0
26821 1
26822 0
26823 2
26824 0
26825 1
26826 0
26827 2
26828 1
26829 0
26830 2
26831 1
26832 0
26833 1
26834 0
26835 1
26836 0
26837 1
26838 0
26839 1
26840 2
26841 0
26842 2
26843 0
26844 1
26845 0
26846 1
26847 0
26848 1
26849 0
26850 2
26851 0
26852 1
26853 0
26854 1
26855 0
26856 2
26857 1
26858 2
26859 0
26860 2
26861 1
26862 0
26863 2
26864 1
26865 0
26866 2
26867 1
26868 0
26869 1
26870 2
26871 0
26872 2
26873 1
26874 0
26875 1
26876 0
26877 1
26878 0
26879 1
26880 2
26881 0
26882 1
26883 0
26884 2
26885 0
26886 2
26887 1
26888 0
26889 1
26890 2
26891 0
26892 1
26893 0
26894 1
26895 2
26896 0
26897 1
26898 0
26899 1
26900 2
26901 1
26902 0
26903 1
26904 0
26905 1
26906 0
26907 1
26908 2
26909 0
26910 2
26911 1
26912 0
26913 1
26914 0
26915 1
26916 0
26917 2
26918 1
26919 2
26920 0
26921 1
26922 0
26923 2
26924 1
26925 2
26926 0
26927 1
26928 0
26929 2
26930 1
26931 0
26932 1
26933 0
26934 1
26935 0
26936 1
26937 0
26938 1
26939 0
26940 1
26941 2
26942 0
26943 2
26944 1
26945 0
26946 1
26947 2
26948 0
26949 1
26950 0
26951 1
26952 0
26953 1
26954 0
26955 1
26956 0
26957 1
26958 0
26959 2
26960 1
26961 0
26962 2
26963 0
26964 1
26965 0
26966 1
26967 0
26968 1
26969 2
26970 1
26971 0
26972 1
26973 0
26974 2
26975 0
26976 1
26977 0
26978 1
26979 0
26980 1
26981 0
26982 2
26983 1
26984 0
26985 1
26986 0
26987 2
26988 1
26989 0
26990 1
26991 2
26992 0
26993 2
26994 1
26995 2
26996 0
26997 1
26998 0
26999 1
27000 2
27001 0
27002 2
27003 0
27004 2
27005 1
27006 2
27007 1
27008 2
27009 0
27010 1
27011 2
27012 0
27013 1
27014 0
27015 1
27016 2
27017 1
27018 2
27019 0
27020 2
27021 0
27022 1
27023 0
27024 1
27025 0
27026 1
27027 0
27028 1
27029 0
27030 2
27031 0
27032 1
27033 2
27034 0
27035 2
27036 1
27037 0
27038 1
27039 2
27040 1
27041 0
27042 1
27043 0
27044 1
27045 0
27046 1
27047 0
27048 1
27049 0
27050 1
27051 0
27052 1
27053 0
27054 1
27055 2
27056 0
27057 1
27058 2
27059 1
27060 0
27061 1
27062 2
27063 0
27064 1
27065 0
27066 1
27067 0
27068 1
27069 0
27070 1
27071 0
27072 1
27073 0
27074 1
27075 2
27076 0
27077 1
27078 2
27079 1
27080 0
27081 2
27082 0
27083 2
27084 1
27085 2
27086 0
27087 1
27088 0
27089 1
27090 2
27091 1
27092 0
27093 1
27094 0
27095 2
27096 1
27097 0
27098 1
27099 2
27100 0
27101 1
27102 2
27103 0
27104 1
27105 0
27106 1
27107 2
27108 0
27109 1
27110 2
27111 0
27112 1
27113 0
27114 1
27115 2
27116 0
27117 1
27118 2
27119 0
27120 1
27121 0
27122 1
27123 0
27124 1
27125 2
27126 0
27127 1
27128 2
27129 0
27130 1
27131 0
27132 1
27133 2
27134 0
27135 1
27136 0
27137 1
27138 0
27139 2
27140 1
27141 0
27142 2
27143 1
27144 0
27145 1
27146 0
27147 2
27148 1
27149 2
27150 0
27151 1
27152 2
27153 1
27154 2
27155 0
27156 1
27157 0
27158 1
27159 0
27160 1
27161 0
27162 1
27163 0
27164 2
27165 1
27166 2
27167 0
27168 1
27169 0
27170 1
27171 0
27172 1
27173 0
27174 1
27175 0
27176 2
27177 1
27178 0
27179 1
27180 0
27181 2
27182 1
27183 2
27184 1
27185 0
27186 1
27187 0
27188 1
27189 0
27190 1
27191 0
27192 1
27193 0
27194 1
27195 0
27196 2
27197 0
27198 1
27199 0
27200 1
27201 0
27202 2
27203 1
27204 2
27205 0
27206 1
27207 2
27208 0
27209 1
27210 0
27211 1
27212 0
27213 1
27214 0
27215 1
27216 0
27217 2
27218 1
27219 0
27220 2
27221 1
27222 0
27223 2
27224 0
27225 2
27226 1
27227 2
27228 0
27229 1
27230 2
27231 1
27232 2
27233 1
27234 2
27235 1
27236 0
27237 1
27238 0
27239 1
27240 0
27241 1
27242 0
27243 2
27244 1
27245 0
27246 1
27247 0
27248 1
27249 0
27250 1
27251 2
27252 1
27253 0
27254 1
27255 2
27256 1
27257 2
27258 0
27259 1
27260 0
27261 1
27262 2
27263 0
27264 1
27265 0
27266 1
27267 0
27268 2
27269 0
27270 1
27271 2
27272 0
27273 1
27274 0
27275 2
27276 1
27277 2
27278 0
27279 1
27280 2
27281 1
27282 0
27283 1
27284 2
27285 0
27286 2
27287 1
27288 0
27289 1
27290 2
27291 0
27292 2
27293 1
27294 0
27295 1
27296 2
27297 0
27298 1
27299 0
27300 1
27301 0
27302 1
27303 0
27304 1
27305 0
27306 1
27307 2
27308 0
27309 2
27310 1
27311 0
27312 1
27313 2
27314 0
27315 1
27316 2
27317 0
27318 1
27319 0
27320 1
27321 2
27322 0
27323 2
27324 0
27325 2
27326 1
27327 0
27328 1
27329 0
27330 2
27331 1
27332 0
27333 1
27334 0
27335 2
27336 0
27337 1
27338 0
27339 1
27340 2
27341 0
27342 2
27343 1
27344 2
27345 0
27346 1
27347 0
27348 1
27349 0
27350 1
27351 0
27352 1
27353 0
27354 1
27355 2
27356 0
27357 2
27358 1
27359 0
27360 1
27361 2
27362 1
27363 0
27364 1
27365 2
27366 0
27367 1
27368 2
27369 0
27370 1
27371 0
27372 1
27373 2
27374 0
27375 1
27376 0
27377 1
27378 0
27379 2
27380 0
27381 1
27382 0
27383 1
27384 0
27385 2
27386 1
27387 0
27388 2
27389 1
27390 0
27391 2
27392 0
27393 2
27394 0
27395 1
27396 0
27397 2
27398 1
27399 0
27400 3
27401 1
27402 0
27403 2
27404 1
27405 2
27406 1
27407 0
27408 1
27409 0
27410 1
27411 0
27412 2
27413 1
27414 0
27415 2
27416 1
27417 0
27418 1
27419 0
27420 1
27421 2
27422 0
27423 1
27424 2
27425 0
27426 1
27427 0
27428 2
27429 0
27430 1
27431 0
27432 1
27433 0
27434 1
27435 0
27436 2
27437 1
27438 0
27439 1
27440 0
27441 1
27442 0
27443 1
27444 2
27445 1
27446 0
27447 1
27448 0
27449 1
27450 0
27451 1
27452 0
27453 1
27454 0
27455 1
27456 2
27457 0
27458 1
27459 0
27460 2
27461 1
27462 0
27463 1
27464 0
27465 1
27466 0
27467 1
27468 0
27469 1
27470 0
27471 1
27472 0
27473 1
27474 0
27475 1
27476 2
27477 0
27478 2
27479 1
27480 0
27481 1
27482 2
27483 0
27484 1
27485 0
27486 1
27487 2
27488 3
27489 0
27490 2
27491 1
27492 2
27493 0
27494 1
27495 0
27496 1
27497 2
27498 1
27499 2
27500 0
27501 2
27502 0
27503 1
27504 0
27505 1
27506 2
27507 0
27508 1
27509 0
27510 2
27511 1
27512 2
27513 0
27514 2
27515 1
27516 2
27517 0
27518 1
27519 0
27520 2
27521 0
27522 1
27523 0
27524 1
27525 0
27526 1
27527 0
27528 2
27529 1
27530 0
27531 1
27532 0
27533 1
27534 0
27535 1
27536 0
27537 1
27538 0
27539 1
27540 2
27541 0
27542 1
27543 0
27544 1
27545 0
27546 1
27547 2
27548 0
27549 1
27550 0
27551 2
27552 1
27553 0
27554 1
27555 0
27556 1
27557 0
27558 1
27559 0
27560 1
27561 0
27562 1
27563 2
27564 0
27565 1
27566 2
27567 1
27568 2
27569 0
27570 1
27571 0
27572 1
27573 0
27574 1
27575 0
27576 1
27577 0
27578 1
27579 0
27580 2
27581 1
27582 0
27583 2
27584 1
27585 2
27586 0
27587 1
27588 2
27589 0
27590 2
27591 1
27592 0
27593 1
27594 2
27595 0
27596 1
27597 2
27598 0
27599 1
27600 0
27601 1
27602 0
27603 1
27604 0
27605 1
27606 0
27607 1
27608 2
27609 1
27610 0
27611 2
27612 1
27613 0
27614 1
27615 2
27616 1
27617 0
27618 2
27619 0
27620 1
27621 0
27622 1
27623 0
27624 2
27625 1
27626 0
27627 1
27628 0
27629 1
27630 2
27631 0
27632 1
27633 0
27634 1
27635 0
27636 2
27637 1
27638 0
27639 1
27640 0
27641 1
27642 0
27643 1
27644 0
27645 1
27646 2
27647 0
27648 1
27649 0
27650 1
27651 0
27652 1
27653 0
27654 2
27655 1
27656 0
27657 1
27658 2
27659 0
27660 1
27661 2
27662 0
27663 1
27664 0
27665 1
27666 0
27667 1
27668 0
27669 1
27670 0
27671 1
27672 2
27673 0
27674 1
27675 0
27676 1
27677 2
27678 1
27679 0
27680 1
27681 2
27682 1
27683 0
27684 1
27685 0
27686 1
27687 0
27688 1
27689 0
27690 2
27691 1
27692 0
27693 2
27694 1
27695 2
27696 0
27697 1
27698 2
27699 0
27700 1
27701 2
27702 0
27703 1
27704 0
27705 2
27706 0
27707 1
27708 0
27709 1
27710 0
27711 1
27712 0
27713 1
27714 0
27715 1
27716 0
27717 1
27718 2
27719 1
27720 0
27721 1
27722 0
27723 1
27724 0
27725 1
27726 0
27727 1
27728 0
27729 1
27730 2
27731 0
27732 1
27733 0
27734 1
27735 2
27736 0
27737 1
27738 2
27739 0
27740 1
27741 0
27742 2
27743 1
27744 2
27745 0
27746 1
27747 0
27748 1
27749 0
27750 1
27751 0
27752 2
27753 0
27754 2
27755 1
27756 0
27757 1
27758 0
27759 1
27760 0
27761 2
27762 1
27763 2
27764 0
27765 2
27766 1
27767 0
27768 2
27769 1
27770 0
27771 2
27772 1
27773 0
27774 1
27775 0
27776 2
27777 1
27778 2
27779 0
27780 2
27781 0
27782 1
27783 2
27784 0
27785 1
27786 0
27787 1
27788 0
27789 1
27790 0
27791 2
27792 1
27793 0
27794 2
27795 1
27796 0
27797 1
27798 2
27799 0
27800 1
27801 0
27802 2
27803 1
27804 0
27805 1
27806 0
27807 1
27808 2
27809 0
27810 1
27811 0
27812 1
27813 0
27814 2
27815 1
27816 3
27817 1
27818 0
27819 1
27820 0
27821 2
27822 0
27823 2
27824 1
27825 0
27826 1
27827 0
27828 1
27829 0
27830 1
27831 2
27832 0
27833 1
27834 2
27835 0
27836 1
27837 0
27838 1
27839 2
27840 0
27841 1
27842 2
27843 0
27844 1
27845 0
27846 1
27847 0
27848 1
27849 0
27850 1
27851 2
27852 1
27853 0
27854 1
27855 0
27856 1
27857 2
27858 3
27859 0
27860 1
27861 2
27862 0
27863 1
27864 2
27865 0
27866 1
27867 0
27868 1
27869 0
27870 1
27871 0
27872 1
27873 2
27874 0
27875 2
27876 1
27877 0
27878 1
27879 0
27880 1
27881 2
27882 0
27883 2
27884 1
27885 2
27886 0
27887 1
27888 0
27889 2
27890 1
27891 0
27892 1
27893 0
27894 1
27895 0
27896 1
27897 0
27898 1
27899 0
27900 1
27901 0
27902 1
27903 0
27904 2
27905 1
27906 0
27907 1
27908 0
27909 1
27910 0
27911 1
27912 0
27913 1
27914 0
27915 2
27916 1
27917 0
27918 1
27919 0
27920 1
27921 0
27922 2
27923 1
27924 0
27925 1
27926 0
27927 1
27928 2
27929 0
27930 2
27931 1
27932 2
27933 0
27934 1
27935 0
27936 1
27937 0
27938 1
27939 0
27940 1
27941 2
27942 0
27943 1
27944 0
27945 1
27946 0
27947 2
27948 0
27949 2
27950 1
27951 0
27952 1
27953 2
27954 0
27955 2
27956 1
27957 0
27958 1
27959 2
27960 0
27961 2
27962 1
27963 0
27964 2
27965 1
27966 0
27967 1
27968 0
27969 1
27970 2
27971 0
27972 1
27973 0
27974 2
27975 0
27976 1
27977 0
27978 2
27979 1
27980 0
27981 1
27982 0
27983 2
27984 0
27985 1
27986 2
27987 0
27988 2
27989 1
27990 2
27991 0
27992 1
27993 0
27994 1
27995 0
27996 1
27997 0
27998 1
27999 2
28000 0
28001 1
28002 0
28003 2
28004 0
28005 2
28006 1
28007 0
28008 2
28009 1
28010 0
28011 2
28012 1
28013 0
28014 2
28015 1
28016 0
28017 2
28018 1
28019 0
28020 1
28021 2
28022 0
28023 1
28024 2
28025 0
28026 2
28027 1
28028 0
28029 1
28030 0
28031 2
28032 1
28033 0
28034 2
28035 1
28036 0
28037 2
28038 0
28039 1
28040 2
28041 0
28042 1
28043 2
28044 0
28045 2
28046 1
28047 0
28048 2
28049 1
28050 0
28051 1
28052 0
28053 1
28054 0
28055 1
28056 0
28057 1
28058 0
28059 2
28060 1
28061 0
28062 2
28063 1
28064 0
28065 1
28066 0
28067 1
28068 0
28069 1
28070 0
28071 1
28072 2
28073 1
28074 0
28075 1
28076 0
28077 2
28078 1
28079 0
28080 1
28081 0
28082 2
28083 1
28084 2
28085 0
28086 1
28087 0
28088 1
28089 0
28090 1
28091 0
28092 1
28093 0
28094 1
28095 0
28096 2
28097 0
28098 1
28099 0
28100 2
28101 1
28102 2
28103 1
28104 2
28105 0
28106 1
28107 0
28108 1
28109 0
28110 1
28111 0
28112 2
28113 0
28114 1
28115 0
28116 1
28117 0
28118 2
28119 1
28120 0
28121 2
28122 1
28123 0
28124 1
28125 0
28126 1
28127 0
28128 1
28129 0
28130 3
28131 0
28132 1
28133 0
28134 1
28135 0
28136 1
28137 0
28138 1
28139 0
28140 1
28141 2
28142 0
28143 1
28144 0
28145 2
28146 1
28147 2
28148 0
28149 1
28150 2
28151 0
28152 1
28153 0
28154 1
28155 0
28156 2
28157 1
28158 0
28159 1
28160 2
28161 0
28162 2
28163 0
28164 1
28165 0
28166 1
28167 2
28168 1
28169 0
28170 1
28171 2
28172 0
28173 1
28174 0
28175 1
28176 0
28177 1
28178 0
28179 1
28180 0
28181 1
28182 0
28183 2
28184 1
28185 0
28186 2
28187 0
28188 1
28189 0
28190 1
28191 2
28192 0
28193 1
28194 2
28195 0
28196 1
28197 0
28198 1
28199 0
28200 2
28201 1
28202 2
28203 0
28204 1
28205 0
28206 1
28207 2
28208 0
28209 1
28210 0
28211 1
28212 0
28213 1
28214 2
28215 1
28216 0
28217 2
28218 1
28219 0
28220 1
28221 0
28222 1
28223 0
28224 1
28225 2
28226 1
28227 0
28228 2
28229 1
28230 0
28231 1
28232 0
28233 1
28234 0
28235 1
28236 0
28237 2
28238 1
28239 0
28240 2
28241 1
28242 0
28243 1
28244 0
28245 1
28246 0
28247 1
28248 0
28249 1
28250 0
28251 2
28252 1
28253 0
28254 2
28255 1
28256 2
28257 1
28258 2
28259 0
28260 2
28261 3
28262 0
28263 1
28264 2
28265 1
28266 2
28267 0
28268 1
28269 0
28270 1
28271 0
28272 1
28273 0
28274 2
28275 1
28276 2
28277 0
28278 1
28279 2
28280 0
28281 1
28282 0
28283 2
28284 1
28285 0
28286 1
28287 0
28288 1
28289 0
28290 2
28291 1
28292 0
28293 1
28294 0
28295 1
28296 2
28297 0
28298 1
28299 0
28300 1
28301 0
28302 2
28303 1
28304 0
28305 1
28306 0
28307 1
28308 2
28309 1
28310 2
28311 0
28312 1
28313 0
28314 1
28315 0
28316 1
28317 0
28318 2
28319 0
28320 1
28321 0
28322 1
28323 0
28324 2
28325 1
28326 2
28327 1
28328 0
28329 1
28330 0
28331 1
28332 0
28333 1
28334 0
28335 2
28336 1
28337 2
28338 0
28339 1
28340 0
28341 2
28342 1
28343 0
28344 1
28345 2
28346 0
28347 1
28348 2
28349 0
28350 1
28351 2
28352 0
28353 2
28354 1
28355 2
28356 0
28357 2
28358 1
28359 0
28360 2
28361 1
28362 2
28363 1
28364 0
28365 2
28366 0
28367 1
28368 0
28369 1
28370 2
28371 0
28372 1
28373 0
28374 1
28375 0
28376 1
28377 0
28378 1
28379 0
28380 2
28381 1
28382 0
28383 1
28384 0
28385 1
28386 0
28387 1
28388 2
28389 0
28390 2
28391 1
28392 2
28393 0
28394 1
28395 0
28396 2
28397 1
28398 2
28399 0
28400 1
28401 0
28402 1
28403 0
28404 2
28405 1
28406 0
28407 1
28408 0
28409 1
28410 0
28411 1
28412 0
28413 2
28414 1
28415 0
28416 2
28417 1
28418 2
28419 0
28420 2
28421 1
28422 2
28423 0
28424 2
28425 1
28426 0
28427 1
28428 0
28429 1
28430 0
28431 2
28432 1
28433 0
28434 2
28435 1
28436 2
28437 0
28438 1
28439 2
28440 0
28441 1
28442 2
28443 1
28444 0
28445 2
28446 1
28447 2
28448 1
28449 0
28450 2
28451 1
28452 2
28453 0
28454 1
28455 0
28456 2
28457 0
28458 2
28459 1
28460 2
28461 0
28462 1
28463 0
28464 2
28465 1
28466 0
28467 1
28468 0
28469 1
28470 0
28471 2
28472 1
28473 2
28474 0
28475 1
28476 2
28477 0
28478 1
28479 2
28480 0
28481 1
28482 2
28483 0
28484 2
28485 1
28486 2
28487 1
28488 0
28489 1
28490 0
28491 1
28492 0
28493 1
28494 0
28495 2
28496 0
28497 1
28498 2
28499 0
28500 2
28501 0
28502 2
28503 1
28504 2
28505 0
28506 1
28507 2
28508 0
28509 2
28510 0
28511 1
28512 0
28513 1
28514 0
28515 2
28516 1
28517 0
28518 2
28519 1
28520 2
28521 0
28522 1
28523 2
28524 1
28525 0
28526 1
28527 0
28528 1
28529 0
28530 1
28531 2
28532 1
28533 0
28534 1
28535 0
28536 1
28537 2
28538 1
28539 0
28540 1
28541 0
28542 2
28543 1
28544 0
28545 2
28546 1
28547 0
28548 1
28549 0
28550 2
28551 1
28552 0
28553 1
28554 0
28555 1
28556 0
28557 1
28558 0
28559 1
28560 0
28561 1
28562 0
28563 1
28564 0
28565 2
28566 1
28567 2
28568 0
28569 2
28570 0
28571 2
28572 1
28573 2
28574 0
28575 1
28576 0
28577 1
28578 0
28579 1
28580 0
28581 1
28582 2
28583 0
28584 1
28585 2
28586 1
28587 0
28588 1
28589 0
28590 1
28591 0
28592 1
28593 0
28594 2
28595 1
28596 0
28597 1
28598 2
28599 0
28600 1
28601 2
28602 1
28603 0
28604 1
28605 2
28606 1
28607 0
28608 2
28609 1
28610 0
28611 1
28612 0
28613 1
28614 2
28615 1
28616 2
28617 0
28618 2
28619 1
28620 0
28621 1
28622 2
28623 0
28624 1
28625 0
28626 1
28627 0
28628 1
28629 0
28630 2
28631 1
28632 0
28633 1
28634 0
28635 2
28636 1
28637 0
28638 1
28639 0
28640 1
28641 2
28642 0
28643 1
28644 2
28645 1
28646 0
28647 1
28648 0
28649 1
28650 0
28651 1
28652 2
28653 0
28654 1
28655 0
28656 2
28657 1
28658 0
28659 2
28660 0
28661 1
28662 0
28663 1
28664 0
28665 1
28666 0
28667 1
28668 2
28669 0
28670 1
28671 2
28672 0
28673 1
28674 0
28675 1
28676 2
28677 0
28678 1
28679 2
28680 0
28681 1
28682 0
28683 1
28684 0
28685 1
28686 0
28687 1
28688 2
28689 0
28690 2
28691 1
28692 0
28693 2
28694 0
28695 3
28696 1
28697 0
28698 1
28699 2
28700 1
28701 2
28702 0
28703 1
28704 0
28705 2
28706 1
28707 0
28708 1
28709 2
28710 1
28711 2
28712 0
28713 1
28714 2
28715 1
28716 0
28717 2
28718 1
28719 2
28720 1
28721 0
28722 2
28723 1
28724 2
28725 0
28726 1
28727 0
28728 1
28729 2
28730 0
28731 1
28732 0
28733 1
28734 0
28735 1
28736 0
28737 1
28738 0
28739 1
28740 0
28741 1
28742 0
28743 1
28744 0
28745 2
28746 0
28747 1
28748 0
28749 1
28750 0
28751 1
28752 0
28753 1
28754 2
28755 0
28756 1
28757 0
28758 1
28759 0
28760 1
28761 0
28762 1
28763 2
28764 0
28765 1
28766 0
28767 2
28768 1
28769 2
28770 0
28771 1
28772 0
28773 1
28774 0
28775 1
28776 0
28777 1
28778 0
28779 1
28780 0
28781 1
28782 2
28783 3
28784 1
28785 0
28786 1
28787 0
28788 1
28789 0
28790 1
28791 0
28792 1
28793 0
28794 2
28795 1
28796 0
28797 1
28798 0
28799 1
28800 2
28801 1
28802 0
28803 1
28804 0
28805 2
28806 1
28807 2
28808 1
28809 0
28810 1
28811 0
28812 1
28813 0
28814 1
28815 2
28816 0
28817 1
28818 0
28819 2
28820 1
28821 0
28822 1
28823 0
28824 1
28825 0
28826 2
28827 1
28828 2
28829 0
28830 1
28831 0
28832 1
28833 0
28834 1
28835 0
28836 1
28837 0
28838 2
28839 1
28840 2
28841 0
28842 1
28843 2
28844 0
28845 1
28846 0
28847 1
28848 2
28849 1
28850 0
28851 1
28852 0
28853 1
28854 2
28855 0
28856 1
28857 0
28858 1
28859 2
28860 1
28861 0
28862 1
28863 2
28864 0
28865 1
28866 0
28867 1
28868 0
28869 1
28870 0
28871 1
28872 0
28873 1
28874 0
28875 1
28876 0
28877 2
28878 1
28879 0
28880 1
28881 2
28882 0
28883 2
28884 0
28885 1
28886 0
28887 1
28888 0
28889 2
28890 1
28891 0
28892 1
28893 0
28894 1
28895 0
28896 1
28897 0
28898 1
28899 0
28900 1
28901 0
28902 2
28903 1
28904 2
28905 0
28906 1
28907 2
28908 0
28909 1
28910 2
28911 1
28912 2
28913 0
28914 2
28915 0
28916 1
28917 0
28918 1
28919 2
28920 0
28921 1
28922 0
28923 1
28924 0
28925 2
28926 0
28927 1
28928 2
28929 1
28930 0
28931 1
28932 0
28933 2
28934 1
28935 0
28936 1
28937 0
28938 1
28939 0
28940 1
28941 0
28942 2
28943 0
28944 1
28945 2
28946 0
28947 1
28948 0
28949 2
28950 1
28951 2
28952 0
28953 1
28954 0
28955 1
28956 0
28957 2
28958 1
28959 0
28960 1
28961 0
28962 1
28963 0
28964 1
28965 0
28966 2
28967 1
28968 0
28969 1
28970 0
28971 1
28972 2
28973 0
28974 3
28975 1
28976 2
28977 0
28978 1
28979 2
28980 0
28981 1
28982 2
28983 0
28984 1
28985 0
28986 2
28987 1
28988 0
28989 1
28990 0
28991 1
28992 0
28993 1
28994 3
28995 0
28996 1
28997 0
28998 1
28999 0
29000 1
29001 0
29002 1
29003 0
29004 1
29005 0
29006 2
29007 1
29008 0
29009 1
29010 0
29011 1
29012 0
29013 2
29014 0
29015 1
29016 0
29017 2
29018 0
29019 2
29020 0
29021 1
29022 0
29023 2
29024 0
29025 1
29026 0
29027 1
29028 0
29029 1
29030 2
29031 1
29032 2
29033 0
29034 2
29035 1
29036 0
29037 2
29038 1
29039 0
29040 1
29041 2
29042 0
29043 1
29044 2
29045 0
29046 1
29047 2
29048 0
29049 1
29050 0
29051 1
29052 2
29053 0
29054 1
29055 0
29056 1
29057 0
29058 1
29059 2
29060 0
29061 1
29062 0
29063 1
29064 0
29065 1
29066 0
29067 1
29068 0
29069 1
29070 0
29071 1
29072 0
29073 1
29074 0
29075 1
29076 0
29077 1
29078 0
29079 1
29080 2
29081 3
29082 1
29083 0
29084 2
29085 1
29086 0
29087 1
29088 0
29089 1
29090 0
29091 1
29092 2
29093 0
29094 3
29095 1
29096 0
29097 1
29098 2
29099 0
29100 1
29101 2
29102 1
29103 0
29104 1
29105 0
29106 2
29107 1
29108 2
29109 0
29110 1
29111 0
29112 2
29113 1
29114 0
29115 2
29116 0
29117 2
29118 1
29119 0
29120 1
29121 0
29122 1
29123 0
29124 1
29125 0
29126 1
29127 2
29128 0
29129 2
29130 1
29131 0
29132 2
29133 1
29134 0
29135 1
29136 0
29137 1
29138 0
29139 2
29140 0
29141 1
29142 0
29143 2
29144 1
29145 2
29146 0
29147 1
29148 0
29149 1
29150 0
29151 1
29152 0
29153 1
29154 0
29155 1
29156 0
29157 1
29158 0
29159 2
29160 1
29161 2
29162 0
29163 1
29164 0
29165 2
29166 1
29167 2
29168 1
29169 0
29170 1
29171 0
29172 1
29173 0
29174 1
29175 0
29176 1
29177 0
29178 1
29179 2
29180 0
29181 1
29182 0
29183 1
29184 2
29185 0
29186 1
29187 0
29188 3
29189 2
29190 0
29191 1
29192 0
29193 1
29194 2
29195 0
29196 1
29197 0
29198 1
29199 2
29200 0
29201 2
29202 0
29203 2
29204 1
29205 2
29206 1
29207 0
29208 1
29209 0
29210 1
29211 2
29212 0
29213 1
29214 0
29215 1
29216 2
29217 0
29218 2
29219 0
29220 1
29221 0
29222 1
29223 0
29224 1
29225 0
29226 1
29227 0
29228 1
29229 2
29230 1
29231 0
29232 2
29233 1
29234 0
29235 1
29236 2
29237 0
29238 2
29239 1
29240 0
29241 2
29242 1
29243 0
29244 1
29245 0
29246 1
29247 2
29248 0
29249 2
29250 1
29251 2
29252 0
29253 1
29254 0
29255 1
29256 0
29257 1
29258 0
29259 1
29260 0
29261 1
29262 2
29263 0
29264 1
29265 2
29266 1
29267 0
29268 1
29269 2
29270 0
29271 1
29272 0
29273 1
29274 0
29275 1
29276 0
29277 1
29278 2
29279 0
29280 1
29281 0
29282 2
29283 1
29284 0
29285 1
29286 0
29287 2
29288 1
29289 0
29290 2
29291 1
29292 2
29293 0
29294 1
29295 2
29296 0
29297 2
29298 1
29299 0
29300 1
29301 0
29302 1
29303 0
29304 1
29305 0
29306 1
29307 0
29308 1
29309 0
29310 2
29311 0
29312 1
29313 2
29314 0
29315 2
29316 1
29317 0
29318 1
29319 0
29320 1
29321 0
29322 1
29323 2
29324 0
29325 1
29326 2
29327 0
29328 1
29329 0
29330 3
29331 2
29332 0
29333 2
29334 1
29335 0
29336 2
29337 1
29338 0
29339 2
29340 0
29341 1
29342 0
29343 2
29344 0
29345 1
29346 0
29347 1
29348 0
29349 1
29350 0
29351 1
29352 0
29353 2
29354 1
29355 2
29356 0
29357 1
29358 2
29359 0
29360 1
29361 0
29362 1
29363 0
29364 1
29365 0
29366 2
29367 1
29368 0
29369 1
29370 0
29371 1
29372 2
29373 1
29374 0
29375 1
29376 0
29377 1
29378 0
29379 1
29380 2
29381 0
29382 1
29383 0
29384 1
29385 0
29386 1
29387 0
29388 1
29389 0
29390 1
29391 0
29392 1
29393 0
29394 2
29395 0
29396 1
29397 0
29398 1
29399 2
29400 0
29401 1
29402 0
29403 1
29404 0
29405 1
29406 0
29407 1
29408 0
29409 1
29410 0
29411 1
29412 0
29413 1
29414 2
29415 0
29416 1
29417 0
29418 1
29419 0
29420 1
29421 2
29422 1
29423 0
29424 2
29425 1
29426 0
29427 1
29428 0
29429 1
29430 0
29431 2
29432 1
29433 0
29434 1
29435 2
29436 0
29437 2
29438 1
29439 0
29440 1
29441 0
29442 1
29443 2
29444 1
29445 0
29446 1
29447 2
29448 0
29449 2
29450 1
29451 0
29452 1
29453 2
29454 0
29455 1
29456 0
29457 1
29458 0
29459 2
29460 0
29461 2
29462 1
29463 2
29464 0
29465 2
29466 0
29467 1
29468 0
29469 2
29470 1
29471 0
29472 1
29473 0
29474 1
29475 2
29476 0
29477 2
29478 1
29479 0
29480 1
29481 2
29482 0
29483 2
29484 1
29485 0
29486 2
29487 1
29488 2
29489 1
29490 0
29491 1
29492 0
29493 1
29494 0
29495 2
29496 1
29497 0
29498 1
29499 0
29500 1
29501 0
29502 1
29503 0
29504 1
29505 0
29506 1
29507 0
29508 1
29509 2
29510 1
29511 0
29512 1
29513 0
29514 1
29515 0
29516 1
29517 0
29518 1
29519 2
29520 1
29521 0
29522 1
29523 0
29524 1
29525 0
29526 2
29527 1
29528 2
29529 0
29530 1
29531 2
29532 1
29533 2
29534 0
29535 1
29536 0
29537 1
29538 2
29539 0
29540 1
29541 0
29542 1
29543 0
29544 2
29545 1
29546 2
29547 0
29548 1
29549 0
29550 2
29551 0
29552 1
29553 0
29554 2
29555 1
29556 2
29557 1
29558 0
29559 1
29560 0
29561 1
29562 0
29563 1
29564 0
29565 1
29566 0
29567 1
29568 0
29569 1
29570 2
29571 0
29572 1
29573 0
29574 1
29575 0
29576 1
29577 0
29578 1
29579 0
29580 1
29581 0
29582 1
29583 0
29584 1
29585 0
29586 1
29587 2
29588 0
29589 1
29590 0
29591 1
29592 0
29593 2
29594 1
29595 2
29596 1
29597 0
29598 1
29599 0
29600 2
29601 1
29602 0
29603 1
29604 0
29605 2
29606 1
29607 0
29608 2
29609 1
29610 0
29611 1
29612 0
29613 1
29614 0
29615 1
29616 0
29617 1
29618 0
29619 2
29620 1
29621 0
29622 2
29623 3
29624 0
29625 1
29626 0
29627 1
29628 2
29629 0
29630 2
29631 1
29632 2
29633 1
29634 0
29635 1
29636 2
29637 0
29638 1
29639 0
29640 1
29641 2
29642 1
29643 0
29644 1
29645 2
29646 0
29647 1
29648 0
29649 2
29650 1
29651 0
29652 1
29653 0
29654 1
29655 0
29656 2
29657 1
29658 0
29659 2
29660 0
29661 1
29662 2
29663 0
29664 1
29665 0
29666 1
29667 0
29668 1
29669 0
29670 1
29671 0
29672 2
29673 1
29674 0
29675 1
29676 2
29677 0
29678 1
29679 0
29680 1
29681 2
29682 0
29683 2
29684 1
29685 0
29686 1
29687 0
29688 1
29689 2
29690 0
29691 1
29692 0
29693 1
29694 0
29695 1
29696 0
29697 1
29698 0
29699 1
29700 2
29701 1
29702 0
29703 1
29704 0
29705 1
29706 0
29707 1
29708 0
29709 1
29710 2
29711 1
29712 2
29713 0
29714 1
29715 2
29716 0
29717 2
29718 1
29719 0
29720 1
29721 2
29722 1
29723 0
29724 1
29725 0
29726 2
29727 0
29728 1
29729 2
29730 0
29731 2
29732 0
29733 1
29734 0
29735 1
29736 2
29737 0
29738 1
29739 2
29740 0
29741 2
29742 0
29743 1
29744 0
29745 1
29746 0
29747 1
29748 0
29749 1
29750 0
29751 1
29752 0
29753 1
29754 2
29755 1
29756 0
29757 1
29758 2
29759 0
29760 1
29761 0
29762 2
29763 1
29764 0
29765 1
29766 0
29767 1
29768 0
29769 1
29770 2
29771 0
29772 1
29773 0
29774 1
29775 0
29776 2
29777 1
29778 0
29779 1
29780 0
29781 1
29782 2
29783 0
29784 1
29785 0
29786 1
29787 2
29788 1
29789 2
29790 0
29791 1
29792 0
29793 2
29794 0
29795 1
29796 2
29797 0
29798 1
29799 0
29800 1
29801 0
29802 2
29803 0
29804 2
29805 1
29806 2
29807 0
29808 1
29809 0
29810 1
29811 0
29812 1
29813 0
29814 1
29815 0
29816 1
29817 2
29818 0
29819 1
29820 0
29821 1
29822 0
29823 1
29824 0
29825 1
29826 2
29827 0
29828 2
29829 1
29830 2
29831 0
29832 1
29833 0
29834 2
29835 1
29836 2
29837 0
29838 1
29839 0
29840 1
29841 2
29842 0
29843 1
29844 0
29845 1
29846 2
29847 0
29848 1
29849 2
29850 0
29851 1
29852 2
29853 0
29854 3
29855 2
29856 1
29857 2
29858 0
29859 2
29860 1
29861 0
29862 1
29863 0
29864 3
29865 2
29866 0
29867 2
29868 1
29869 2
29870 1
29871 0
29872 2
29873 1
29874 0
29875 2
29876 1
29877 0
29878 1
29879 2
29880 0
29881 2
29882 1
29883 0
29884 1
29885 2
29886 0
29887 1
29888 0
29889 1
29890 2
29891 0
29892 1
29893 0
29894 1
29895 0
29896 2
29897 1
29898 0
29899 1
29900 2
29901 1
29902 2
29903 0
29904 1
29905 2
29906 0
29907 2
29908 1
29909 2
29910 0
29911 2
29912 0
29913 1
29914 0
29915 2
29916 1
29917 0
29918 2
29919 1
29920 0
29921 1
29922 0
29923 1
29924 2
29925 0
29926 1
29927 0
29928 1
29929 2
29930 0
29931 1
29932 2
29933 1
29934 2
29935 0
29936 1
29937 0
29938 2
29939 1
29940 0
29941 1
29942 0
29943 1
29944 2
29945 0
29946 2
29947 1
29948 2
29949 0
29950 1
29951 0
29952 1
29953 0
29954 2
29955 1
29956 2
29957 0
29958 1
29959 2
29960 0
29961 1
29962 2
29963 0
29964 1
29965 0
29966 2
29967 1
29968 0
29969 2
29970 1
29971 0
29972 1
29973 0
29974 1
29975 0
29976 1
29977 0
29978 1
29979 0
29980 2
29981 0
29982 1
29983 0
29984 1
29985 0
29986 1
29987 0
29988 1
29989 0
29990 2
29991 1
29992 0
29993 1
29994 2
29995 1
29996 0
29997 1
29998 0
29999 1
30000 0
30001 1
30002 2
30003 1
30004 2
30005 0
30006 1
30007 0
30008 1
30009 0
30010 1
30011 0
30012 1
30013 2
30014 0
30015 1
30016 0
30017 1
30018 2
30019 0
30020 1
30021 2
30022 0
30023 1
30024 0
30025 1
30026 0
30027 2
30028 1
30029 2
30030 0
30031 1
30032 2
30033 0
30034 1
30035 0
30036 1
30037 0
30038 2
30039 1
30040 2
30041 0
30042 2
30043 1
30044 2
30045 1
30046 0
30047 1
30048 0
30049 1
30050 2
30051 1
30052 0
30053 2
30054 1
30055 0
30056 1
30057 2
30058 0
30059 2
30060 1
30061 0
30062 1
30063 2
30064 0
30065 1
30066 2
30067 0
30068 2
30069 1
30070 0
30071 1
30072 2
30073 0
30074 2
30075 1
30076 0
30077 2
30078 0
30079 1
30080 0
30081 1
30082 0
30083 1
30084 0
30085 1
30086 0
30087 1
30088 0
30089 1
30090 2
30091 1
30092 2
30093 0
30094 1
30095 0
30096 1
30097 0
30098 1
30099 0
30100 1
30101 0
30102 1
30103 0
30104 1
30105 2
30106 0
30107 1
30108 2
30109 0
30110 2
30111 1
30112 0
30113 2
30114 1
30115 2
30116 1
30117 0
30118 2
30119 1
30120 0
30121 1
30122 0
30123 2
30124 1
30125 0
30126 2
30127 1
30128 0
30129 1
30130 0
30131 1
30132 0
30133 1
30134 0
30135 1
30136 0
30137 1
30138 0
30139 2
30140 1
30141 2
30142 0
30143 2
30144 1
30145 0
30146 2
30147 1
30148 0
30149 1
30150 0
30151 1
30152 2
30153 1
30154 0
30155 1
30156 0
30157 1
30158 2
30159 0
30160 2
30161 1
30162 2
30163 1
30164 0
30165 1
30166 2
30167 0
30168 1
30169 0
30170 1
30171 2
30172 1
30173 2
30174 0
30175 1
30176 2
30177 0
30178 2
30179 1
30180 0
30181 1
30182 0
30183 1
30184 0
30185 1
30186 2
30187 0
30188 1
30189 0
30190 1
30191 0
30192 1
30193 0
30194 1
30195 0
30196 1
30197 0
30198 1
30199 0
30200 1
30201 0
30202 2
30203 1
30204 2
30205 0
30206 2
30207 1
30208 0
30209 1
30210 0
30211 1
30212 0
30213 1
30214 0
30215 1
30216 0
30217 1
30218 0
30219 1
30220 2
30221 3
30222 1
30223 2
30224 0
30225 1
30226 0
30227 2
30228 1
30229 0
30230 1
30231 0
30232 2
30233 1
30234 2
30235 0
30236 1
30237 2
30238 0
30239 1
30240 2
30241 1
30242 0
30243 1
30244 2
30245 0
30246 2
30247 1
30248 0
30249 1
30250 2
30251 1
30252 2
30253 0
30254 1
30255 0
30256 1
30257 0
30258 1
30259 0
30260 2
30261 1
30262 2
30263 0
30264 1
30265 0
30266 1
30267 0
30268 1
30269 2
30270 1
30271 0
30272 1
30273 0
30274 1
30275 0
30276 1
30277 2
30278 0
30279 1
30280 0
30281 1
30282 0
30283 1
30284 2
30285 0
30286 1
30287 0
30288 1
30289 0
30290 1
30291 0
30292 1
30293 0
30294 1
30295 0
30296 1
30297 0
30298 1
30299 2
30300 0
30301 1
30302 2
30303 0
30304 1
30305 0
30306 1
30307 2
30308 0
30309 1
30310 0
30311 1
30312 0
30313 1
30314 2
30315 0
30316 1
30317 0
30318 1
30319 2
30320 0
30321 1
30322 0
30323 1
30324 0
30325 1
30326 2
30327 0
30328 1
30329 2
30330 0
30331 1
30332 2
30333 0
30334 2
30335 0
30336 1
30337 2
30338 1
30339 0
30340 1
30341 2
30342 0
30343 1
30344 2
30345 0
30346 1
30347 0
30348 1
30349 2
30350 0
30351 1
30352 0
30353 2
30354 0
30355 1
30356 0
30357 1
30358 0
30359 1
30360 0
30361 1
30362 0
30363 2
30364 1
30365 2
30366 0
30367 2
30368 1
30369 0
30370 2
30371 1
30372 0
30373 1
30374 2
30375 1
30376 0
30377 1
30378 0
30379 2
30380 0
30381 2
30382 1
30383 0
30384 2
30385 1
30386 0
30387 2
30388 1
30389 0
30390 1
30391 0
30392 2
30393 0
30394 1
30395 2
30396 0
30397 1
30398 2
30399 0
30400 2
30401 1
30402 0
30403 1
30404 0
30405 1
30406 0
30407 1
30408 2
30409 0
30410 2
30411 1
30412 0
30413 1
30414 2
30415 0
30416 1
30417 2
30418 1
30419 0
30420 1
30421 2
30422 0
30423 1
30424 0
30425 1
30426 2
30427 0
30428 1
30429 0
30430 1
30431 0
30432 1
30433 2
30434 0
30435 1
30436 2
30437 1
30438 0
30439 1
30440 0
30441 1
30442 0
30443 1
30444 2
30445 0
30446 1
30447 2
30448 0
30449 1
30450 2
30451 0
30452 2
30453 0
30454 1
30455 0
30456 1
30457 0
30458 2
30459 1
30460 0
30461 1
30462 0
30463 1
30464 2
30465 0
30466 1
30467 2
30468 0
30469 2
30470 1
30471 0
30472 1
30473 0
30474 1
30475 0
30476 1
30477 0
30478 1
30479 0
30480 2
30481 1
30482 2
30483 0
30484 1
30485 0
30486 1
30487 0
30488 1
30489 0
30490 1
30491 2
30492 0
30493 2
30494 1
30495 0
30496 1
30497 2
30498 0
30499 1
30500 0
30501 2
30502 1
30503 2
30504 0
30505 2
30506 1
30507 0
30508 1
30509 2
30510 0
30511 1
30512 0
30513 1
30514 0
30515 1
30516 0
30517 1
30518 0
30519 1
30520 0
30521 1
30522 0
30523 1
30524 0
30525 1
30526 0
30527 1
30528 0
30529 2
30530 1
30531 2
30532 1
30533 0
30534 1
30535 0
30536 2
30537 3
30538 1
30539 2
30540 0
30541 1
30542 2
30543 0
30544 1
30545 0
30546 1
30547 2
30548 0
30549 1
30550 0
30551 1
30552 0
30553 1
30554 0
30555 2
30556 1
30557 0
30558 1
30559 2
30560 0
30561 2
30562 1
30563 0
30564 1
30565 0
30566 2
30567 1
30568 2
30569 1
30570 0
30571 1
30572 2
30573 0
30574 1
30575 2
30576 0
30577 1
30578 2
30579 0
30580 1
30581 0
30582 1
30583 2
30584 0
30585 1
30586 2
30587 1
30588 2
30589 0
30590 1
30591 0
30592 2
30593 1
30594 0
30595 1
30596 0
30597 1
30598 0
30599 1
30600 2
30601 0
30602 1
30603 0
30604 1
30605 0
30606 1
30607 0
30608 1
30609 0
30610 1
30611 2
30612 1
30613 0
30614 2
30615 1
30616 0
30617 1
30618 2
30619 0
30620 1
30621 0
30622 1
30623 0
30624 1
30625 0
30626 1
30627 2
30628 0
30629 1
30630 2
30631 0
30632 1
30633 0
30634 1
30635 2
30636 0
30637 1
30638 0
30639 1
30640 0
30641 1
30642 0
30643 1
30644 0
30645 1
30646 0
30647 1
30648 2
30649 0
30650 1
30651 0
30652 1
30653 0
30654 1
30655 0
30656 1
30657 2
30658 0
30659 1
30660 0
30661 1
30662 0
30663 1
30664 2
30665 0
30666 1
30667 0
30668 1
30669 0
30670 1
30671 0
30672 1
30673 0
30674 1
30675 0
30676 1
30677 0
30678 1
30679 2
30680 0
30681 1
30682 2
30683 1
30684 0
30685 2
30686 3
30687 1
30688 0
30689 2
30690 1
30691 0
30692 1
30693 0
30694 1
30695 0
30696 1
30697 2
30698 0
30699 1
30700 0
30701 2
30702 1
30703 0
30704 1
30705 0
30706 1
30707 0
30708 1
30709 0
30710 2
30711 1
30712 0
30713 2
30714 1
30715 0
30716 1
30717 0
30718 1
30719 0
30720 2
30721 1
30722 0
30723 1
30724 0
30725 1
30726 0
30727 2
30728 0
30729 1
30730 2
30731 0
30732 1
30733 0
30734 2
30735 1
30736 0
30737 1
30738 2
30739 0
30740 1
30741 0
30742 1
30743 0
30744 1
30745 0
30746 1
30747 2
30748 0
30749 1
30750 0
30751 1
30752 2
30753 0
30754 1
30755 0
30756 1
30757 2
30758 1
30759 0
30760 1
30761 2
30762 0
30763 1
30764 0
30765 1
30766 0
30767 1
30768 0
30769 1
30770 0
30771 1
30772 0
30773 1
30774 2
30775 0
30776 1
30777 0
30778 1
30779 2
30780 0
30781 1
30782 2
30783 1
30784 2
30785 1
30786 2
30787 0
30788 1
30789 2
30790 1
30791 2
30792 0
30793 1
30794 0
30795 1
30796 0
30797 2
30798 1
30799 2
30800 1
30801 0
30802 1
30803 0
30804 1
30805 0
30806 2
30807 0
30808 1
30809 2
30810 1
30811 0
30812 2
30813 0
30814 1
30815 0
30816 2
30817 1
30818 0
30819 2
30820 1
30821 2
30822 0
30823 1
30824 0
30825 1
30826 0
30827 1
30828 2
30829 0
30830 1
30831 2
30832 1
30833 0
30834 1
30835 0
30836 2
30837 1
30838 0
30839 1
30840 0
30841 2
30842 1
30843 2
30844 1
30845 2
30846 0
30847 1
30848 2
30849 0
30850 2
30851 1
30852 0
30853 1
30854 2
30855 0
30856 2
30857 0
30858 2
30859 1
30860 2
30861 0
30862 1
30863 0
30864 1
30865 2
30866 0
30867 1
30868 0
30869 1
30870 0
30871 1
30872 0
30873 1
30874 0
30875 1
30876 0
30877 2
30878 0
30879 1
30880 2
30881 0
30882 2
30883 1
30884 0
30885 2
30886 1
30887 0
30888 1
30889 0
30890 1
30891 2
30892 1
30893 0
30894 1
30895 0
30896 1
30897 0
30898 1
30899 0
30900 1
30901 0
30902 1
30903 0
30904 1
30905 2
30906 0
30907 1
30908 2
30909 0
30910 1
30911 0
30912 1
30913 2
30914 0
30915 1
30916 0
30917 1
30918 2
30919 1
30920 2
30921 0
30922 2
30923 1
30924 0
30925 1
30926 2
30927 1
30928 0
30929 1
30930 0
30931 1
30932 2
30933 0
30934 2
30935 0
30936 2
30937 1
30938 0
30939 1
30940 2
30941 1
30942 2
30943 0
30944 2
30945 1
30946 2
30947 0
30948 1
30949 2
30950 1
30951 0
30952 1
30953 2
30954 1
30955 2
30956 0
30957 1
30958 0
30959 1
30960 0
30961 1
30962 0
30963 1
30964 0
30965 1
30966 0
30967 1
30968 0
30969 1
30970 0
30971 1
30972 2
30973 0
30974 2
30975 1
30976 2
30977 1
30978 0
30979 1
30980 2
30981 0
30982 2
30983 1
30984 0
30985 1
30986 0
30987 1
30988 0
30989 1
30990 2
30991 0
30992 1
30993 0
30994 1
30995 0
30996 1
30997 0
30998 1
30999 0
31000 1
31001 2
31002 0
31003 1
31004 2
31005 0
31006 1
31007 2
31008 0
31009 2
31010 0
31011 1
31012 0
31013 1
31014 0
31015 1
31016 2
31017 1
31018 0
31019 1
31020 0
31021 1
31022 2
31023 0
31024 1
31025 0
31026 1
31027 0
31028 1
31029 0
31030 1
31031 0
31032 1
31033 2
31034 0
31035 1
31036 2
31037 0
31038 1
31039 2
31040 0
31041 1
31042 2
31043 0
31044 2
31045 1
31046 0
31047 1
31048 0
31049 2
31050 1
31051 2
31052 0
31053 1
31054 0
31055 2
31056 0
31057 1
31058 2
31059 0
31060 2
31061 1
31062 0
31063 1
31064 0
31065 1
31066 2
31067 1
31068 0
31069 1
31070 0
31071 1
31072 0
31073 2
31074 1
31075 2
31076 0
31077 1
31078 2
31079 0
31080 1
31081 0
31082 1
31083 0
31084 2
31085 1
31086 2
31087 0
31088 2
31089 0
31090 1
31091 0
31092 1
31093 0
31094 1
31095 2
31096 0
31097 1
31098 0
31099 1
31100 0
31101 1
31102 0
31103 1
31104 2
31105 0
31106 1
31107 0
31108 1
31109 0
31110 1
31111 0
31112 1
31113 0
31114 2
31115 1
31116 0
31117 2
31118 1
31119 0
31120 1
31121 0
31122 1
31123 0
31124 1
31125 0
31126 1
31127 0
31128 2
31129 1
31130 2
31131 0
31132 1
31133 2
31134 0
31135 2
31136 1
31137 2
31138 0
31139 2
31140 1
31141 0
31142 1
31143 2
31144 1
31145 0
31146 1
31147 2
31148 0
31149 1
31150 2
31151 0
31152 1
31153 0
31154 1
31155 0
31156 1
31157 0
31158 2
31159 0
31160 1
31161 0
31162 1
31163 0
31164 1
31165 0
31166 1
31167 2
31168 1
31169 0
31170 1
31171 0
31172 2
31173 1
31174 0
31175 1
31176 2
31177 1
31178 0
31179 1
31180 0
31181 1
31182 2
31183 0
31184 1
31185 2
31186 1
31187 0
31188 2
31189 1
31190 0
31191 1
31192 0
31193 1
31194 0
31195 1
31196 0
31197 1
31198 2
31199 0
31200 1
31201 0
31202 2
31203 1
31204 0
31205 1
31206 0
31207 1
31208 0
31209 1
31210 2
31211 1
31212 0
31213 1
31214 0
31215 1
31216 0
31217 1
31218 2
31219 0
31220 1
31221 2
31222 0
31223 1
31224 2
31225 1
31226 0
31227 2
31228 1
31229 2
31230 0
31231 2
31232 1
31233 0
31234 2
31235 1
31236 0
31237 1
31238 0
31239 1
31240 2
31241 0
31242 1
31243 0
31244 1
31245 0
31246 2
31247 1
31248 0
31249 1
31250 0
31251 1
31252 0
31253 1
31254 0
31255 1
31256 0
31257 1
31258 0
31259 1
31260 2
31261 0
31262 2
31263 1
31264 0
31265 1
31266 0
31267 1
31268 0
31269 1
31270 0
31271 1
31272 2
31273 0
31274 1
31275 2
31276 0
31277 2
31278 1
31279 0
31280 2
31281 1
31282 2
31283 1
31284 2
31285 1
31286 2
31287 0
31288 1
31289 0
31290 2
31291 1
31292 2
31293 0
31294 2
31295 0
31296 1
31297 2
31298 0
31299 1
31300 0
31301 1
31302 0
31303 1
31304 0
31305 1
31306 2
31307 1
31308 2
31309 0
31310 1
31311 0
31312 1
31313 0
31314 1
31315 0
31316 1
31317 0
31318 1
31319 0
31320 1
31321 0
31322 1
31323 2
31324 0
31325 1
31326 0
31327 1
31328 2
31329 0
31330 1
31331 2
31332 0
31333 1
31334 0
31335 1
31336 0
31337 1
31338 2
31339 0
31340 2
31341 1
31342 3
31343 0
31344 1
31345 2
31346 0
31347 1
31348 2
31349 0
31350 1
31351 0
31352 1
31353 0
31354 1
31355 0
31356 1
31357 0
31358 1
31359 0
31360 2
31361 1
31362 0
31363 1
31364 2
31365 0
31366 1
31367 0
31368 1
31369 0
31370 2
31371 1
31372 0
31373 1
31374 0
31375 1
31376 0
31377 2
31378 1
31379 0
31380 1
31381 0
31382 1
31383 2
31384 0
31385 2
31386 0
31387 1
31388 0
31389 2
31390 1
31391 0
31392 1
31393 0
31394 2
31395 1
31396 2
31397 1
31398 2
31399 1
31400 0
31401 2
31402 1
31403 2
31404 0
31405 1
31406 2
31407 0
31408 1
31409 2
31410 0
31411 1
31412 0
31413 1
31414 0
31415 1
31416 2
31417 0
31418 2
31419 1
31420 2
31421 1
31422 0
31423 1
31424 2
31425 0
31426 2
31427 1
31428 2
31429 0
31430 1
31431 0
31432 2
31433 1
31434 2
31435 0
31436 1
31437 0
31438 2
31439 1
31440 0
31441 1
31442 0
31443 1
31444 0
31445 1
31446 2
31447 1
31448 0
31449 1
31450 0
31451 2
31452 0
31453 1
31454 0
31455 1
31456 0
31457 1
31458 0
31459 1
31460 0
31461 1
31462 0
31463 2
31464 1
31465 2
31466 0
31467 1
31468 0
31469 1
31470 0
31471 1
31472 0
31473 1
31474 2
31475 0
31476 1
31477 0
31478 1
31479 2
31480 0
31481 1
31482 0
31483 1
31484 0
31485 2
31486 1
31487 0
31488 1
31489 0
31490 2
31491 0
31492 1
31493 0
31494 1
31495 0
31496 2
31497 0
31498 2
31499 1
31500 2
31501 0
31502 1
31503 0
31504 1
31505 2
31506 0
31507 1
31508 2
31509 0
31510 1
31511 0
31512 1
31513 2
31514 0
31515 1
31516 0
31517 1
31518 0
31519 1
31520 0
31521 1
31522 2
31523 0
31524 1
31525 2
31526 0
31527 2
31528 1
31529 0
31530 1
31531 2
31532 0
31533 1
31534 0
31535 2
31536 3
31537 0
31538 2
31539 1
31540 2
31541 1
31542 0
31543 1
31544 0
31545 1
31546 2
31547 0
31548 1
31549 0
31550 1
31551 2
31552 0
31553 1
31554 0
31555 1
31556 0
31557 2
31558 1
31559 0
31560 1
31561 2
31562 0
31563 1
31564 0
31565 2
31566 1
31567 2
31568 0
31569 1
31570 0
31571 2
31572 1
31573 0
31574 1
31575 0
31576 1
31577 0
31578 1
31579 0
31580 1
31581 0
31582 1
31583 0
31584 1
31585 2
31586 0
31587 2
31588 0
31589 1
31590 0
31591 1
31592 0
31593 1
31594 0
31595 1
31596 2
31597 0
31598 2
31599 1
31600 2
31601 0
31602 2
31603 0
31604 2
31605 1
31606 0
31607 2
31608 1
31609 0
31610 1
31611 0
31612 1
31613 0
31614 1
31615 0
31616 1
31617 0
31618 1
31619 2
31620 0
31621 1
31622 0
31623 2
31624 0
31625 1
31626 0
31627 3
31628 2
31629 0
31630 1
31631 0
31632 1
31633 2
31634 0
31635 1
31636 0
31637 1
31638 0
31639 1
31640 0
31641 1
31642 0
31643 1
31644 2
31645 0
31646 2
31647 1
31648 0
31649 1
31650 0
31651 1
31652 0
31653 1
31654 0
31655 1
31656 0
31657 1
31658 0
31659 1
31660 2
31661 0
31662 1
31663 0
31664 1
31665 2
31666 0
31667 1
31668 2
31669 0
31670 1
31671 0
31672 2
31673 1
31674 0
31675 2
31676 1
31677 0
31678 1
31679 0
31680 1
31681 0
31682 1
31683 0
31684 2
31685 1
31686 0
31687 2
31688 1
31689 0
31690 2
31691 1
31692 0
31693 1
31694 0
31695 1
31696 0
31697 2
31698 1
31699 0
31700 1
31701 2
31702 0
31703 1
31704 0
31705 2
31706 1
31707 0
31708 1
31709 2
31710 0
31711 1
31712 0
31713 1
31714 2
31715 1
31716 0
31717 1
31718 0
31719 2
31720 1
31721 2
31722 0
31723 1
31724 2
31725 0
31726 1
31727 2
31728 1
31729 0
31730 1
31731 0
31732 1
31733 0
31734 1
31735 0
31736 1
31737 2
31738 1
31739 0
31740 1
31741 2
31742 0
31743 2
31744 1
31745 2
31746 0
31747 1
31748 2
31749 1
31750 0
31751 1
31752 0
31753 1
31754 0
31755 2
31756 1
31757 2
31758 0
31759 2
31760 0
31761 2
31762 0
31763 1
31764 2
31765 0
31766 1
31767 0
31768 2
31769 1
31770 0
31771 1
31772 0
31773 2
31774 1
31775 2
31776 0
31777 2
31778 1
31779 0
31780 1
31781 2
31782 0
31783 1
31784 0
31785 1
31786 2
31787 0
31788 2
31789 0
31790 1
31791 0
31792 1
31793 2
31794 0
31795 1
31796 0
31797 1
31798 0
31799 2
31800 1
31801 0
31802 2
31803 0
31804 1
31805 0
31806 1
31807 0
31808 1
31809 0
31810 1
31811 0
31812 2
31813 0
31814 2
31815 1
31816 0
31817 2
31818 1
31819 0
31820 1
31821 2
31822 0
31823 1
31824 0
31825 1
31826 0
31827 1
31828 0
31829 1
31830 0
31831 1
31832 0
31833 1
31834 0
31835 1
31836 0
31837 1
31838 2
31839 0
31840 2
31841 0
31842 1
31843 0
31844 2
31845 1
31846 2
31847 0
31848 2
31849 0
31850 1
31851 0
31852 1
31853 2
31854 0
31855 1
31856 0
31857 1
31858 0
31859 2
31860 1
31861 0
31862 1
31863 0
31864 1
31865 0
31866 2
31867 1
31868 0
31869 1
31870 2
31871 0
31872 2
31873 0
31874 1
31875 0
31876 1
31877 2
31878 1
31879 0
31880 1
31881 0
31882 2
31883 1
31884 0
31885 1
31886 0
31887 2
31888 1
31889 0
31890 2
31891 1
31892 0
31893 1
31894 0
31895 1
31896 0
31897 2
31898 1
31899 0
31900 1
31901 0
31902 2
31903 1
31904 2
31905 0
31906 1
31907 0
31908 1
31909 0
31910 1
31911 0
31912 1
31913 2
31914 0
31915 2
31916 1
31917 0
31918 1
31919 0
31920 1
31921 2
31922 0
31923 1
31924 0
31925 1
31926 0
31927 1
31928 2
31929 0
31930 2
31931 1
31932 2
31933 0
31934 1
31935 0
31936 1
31937 2
31938 1
31939 2
31940 0
31941 1
31942 0
31943 1
31944 0
31945 1
31946 0
31947 1
31948 2
31949 0
31950 1
31951 0
31952 1
31953 0
31954 2
31955 0
31956 2
31957 1
31958 0
31959 2
31960 0
31961 2
31962 1
31963 2
31964 1
31965 0
31966 1
31967 0
31968 1
31969 0
31970 1
31971 0
31972 1
31973 0
31974 1
31975 0
31976 2
31977 1
31978 0
31979 1
31980 0
31981 2
31982 1
31983 0
31984 1
31985 0
31986 1
31987 2
31988 0
31989 2
31990 1
31991 0
31992 1
31993 2
31994 0
31995 2
31996 1
31997 2
31998 1
31999 0
32000 1
32001 0
32002 1
32003 0
32004 1
32005 0
32006 1
32007 0
32008 1
32009 2
32010 1
32011 0
32012 2
32013 1
32014 2
32015 0
32016 1
32017 0
32018 1
32019 2
32020 0
32021 2
32022 1
32023 2
32024 0
32025 1
32026 2
32027 0
32028 1
32029 0
32030 2
32031 1
32032 0
32033 1
32034 0
32035 2
32036 0
32037 1
32038 0
32039 1
32040 0
32041 1
32042 0
32043 2
32044 1
32045 2
32046 1
32047 0
32048 1
32049 0
32050 1
32051 2
32052 0
32053 2
32054 1
32055 0
32056 1
32057 0
32058 2
32059 1
32060 2
32061 0
32062 1
32063 2
32064 0
32065 1
32066 0
32067 1
32068 0
32069 1
32070 0
32071 2
32072 1
32073 0
32074 2
32075 1
32076 2
32077 0
32078 1
32079 0
32080 2
32081 1
32082 2
32083 0
32084 2
32085 0
32086 1
32087 0
32088 2
32089 1
32090 0
32091 1
32092 0
32093 2
32094 1
32095 2
32096 0
32097 1
32098 2
32099 0
32100 1
32101 0
32102 1
32103 0
32104 1
32105 0
32106 1
32107 0
32108 1
32109 2
32110 0
32111 1
32112 0
32113 1
32114 0
32115 1
32116 0
32117 2
32118 1
32119 0
32120 1
32121 2
32122 0
32123 1
32124 0
32125 1
32126 2
32127 0
32128 1
32129 2
32130 0
32131 1
32132 0
32133 2
32134 1
32135 0
32136 1
32137 0
32138 1
32139 0
32140 1
32141 0
32142 1
32143 0
32144 1
32145 0
32146 1
32147 0
32148 1
32149 2
32150 0
32151 2
32152 1
32153 0
32154 2
32155 1
32156 0
32157 1
32158 0
32159 1
32160 0
32161 1
32162 0
32163 1
32164 0
32165 1
32166 0
32167 2
32168 1
32169 2
32170 1
32171 0
32172 1
32173 0
32174 2
32175 1
32176 0
32177 2
32178 1
32179 0
32180 1
32181 0
32182 1
32183 0
32184 1
32185 0
32186 2
32187 1
32188 0
32189 1
32190 0
32191 2
32192 1
32193 0
32194 2
32195 1
32196 2
32197 0
32198 1
32199 0
32200 1
32201 2
32202 0
32203 1
32204 0
32205 1
32206 0
32207 1
32208 0
32209 1
32210 2
32211 0
32212 2
32213 1
32214 0
32215 1
32216 0
32217 1
32218 2
32219 0
32220 1
32221 0
32222 1
32223 0
32224 1
32225 0
32226 1
32227 2
32228 0
32229 1
32230 2
32231 0
32232 1
32233 2
32234 0
32235 2
32236 1
32237 0
32238 1
32239 0
32240 1
32241 2
32242 1
32243 0
32244 1
32245 0
32246 1
32247 2
32248 0
32249 1
32250 0
32251 1
32252 0
32253 1
32254 0
32255 1
32256 0
32257 2
32258 1
32259 0
32260 1
32261 2
32262 0
32263 2
32264 1
32265 2
32266 0
32267 1
32268 0
32269 1
32270 0
32271 1
32272 2
32273 0
32274 1
32275 0
32276 1
32277 0
32278 2
32279 1
32280 2
32281 0
32282 1
32283 0
32284 1
32285 0
32286 2
32287 0
32288 1
32289 0
32290 1
32291 0
32292 1
32293 0
32294 1
32295 2
32296 0
32297 1
32298 0
32299 1
32300 0
32301 2
32302 1
32303 0
32304 1
32305 0
32306 1
32307 0
32308 1
32309 0
32310 1
32311 2
32312 1
32313 2
32314 1
32315 0
32316 1
32317 0
32318 1
32319 0
32320 1
32321 2
32322 1
32323 0
32324 1
32325 0
32326 1
32327 2
32328 0
32329 1
32330 0
32331 1
32332 0
32333 1
32334 0
32335 1
32336 0
32337 2
32338 1
32339 0
32340 2
32341 0
32342 1
32343 0
32344 1
32345 0
32346 1
32347 0
32348 1
32349 0
32350 1
32351 0
32352 2
32353 1
32354 2
32355 0
32356 2
32357 1
32358 2
32359 1
32360 0
32361 1
32362 2
32363 1
32364 0
32365 1
32366 0
32367 2
32368 1
32369 0
32370 1
32371 0
32372 1
32373 2
32374 0
32375 2
32376 1
32377 0
32378 1
32379 0
32380 1
32381 0
32382 1
32383 0
32384 1
32385 2
32386 0
32387 2
32388 0
32389 2
32390 1
32391 2
32392 0
32393 1
32394 0
32395 1
32396 0
32397 1
32398 0
32399 2
32400 1
32401 0
32402 1
32403 0
32404 2
32405 1
32406 2
32407 0
32408 1
32409 0
32410 1
32411 0
32412 1
32413 2
32414 0
32415 2
32416 1
32417 0
32418 2
32419 1
32420 0
32421 1
32422 0
32423 1
32424 0
32425 1
32426 2
32427 1
32428 0
32429 1
32430 0
32431 1
32432 2
32433 0
32434 1
32435 0
32436 1
32437 0
32438 1
32439 0
32440 1
32441 0
32442 1
32443 0
32444 1
32445 0
32446 1
32447 0
32448 2
32449 1
32450 0
32451 1
32452 0
32453 1
32454 0
32455 2
32456 1
32457 0
32458 1
32459 0
32460 1
32461 0
32462 1
32463 0
32464 1
32465 0
32466 1
32467 0
32468 2
32469 0
32470 1
32471 2
32472 0
32473 1
32474 0
32475 1
32476 0
32477 1
32478 2
32479 0
32480 2
32481 0
32482 2
32483 1
32484 0
32485 1
32486 0
32487 1
32488 0
32489 1
32490 0
32491 1
32492 0
32493 2
32494 1
32495 0
32496 2
32497 1
32498 0
32499 1
32500 0
32501 1
32502 2
32503 0
32504 1
32505 2
32506 0
32507 1
32508 0
32509 2
32510 1
32511 0
32512 1
32513 0
32514 1
32515 0
32516 2
32517 0
32518 1
32519 0
32520 1
32521 0
32522 1
32523 2
32524 0
32525 1
32526 0
32527 1
32528 0
32529 1
32530 2
32531 1
32532 0
32533 1
32534 0
32535 1
32536 2
32537 0
32538 1
32539 0
32540 2
32541 1
32542 0
32543 1
32544 0
32545 1
32546 0
32547 1
32548 2
32549 0
32550 2
32551 0
32552 2
32553 1
32554 0
32555 1
32556 0
32557 1
32558 0
32559 1
32560 0
32561 1
32562 0
32563 2
32564 0
32565 1
32566 0
32567 1
32568 2
32569 0
32570 1
32571 0
32572 1
32573 0
32574 1
32575 0
32576 2
32577 0
32578 1
32579 0
32580 2
32581 1
32582 2
32583 1
32584 0
32585 1
32586 0
32587 1
32588 0
32589 2
32590 1
32591 0
32592 2
32593 1
32594 2
32595 1
32596 0
32597 1
32598 0
32599 1
32600 0
32601 1
32602 0
32603 1
32604 0
32605 1
32606 0
32607 1
32608 0
32609 1
32610 2
32611 0
32612 2
32613 1
32614 0
32615 1
32616 2
32617 0
32618 1
32619 0
32620 1
32621 0
32622 2
32623 1
32624 0
32625 1
32626 0
32627 1
32628 0
32629 1
32630 2
32631 1
32632 0
32633 2
32634 1
32635 2
32636 0
32637 1
32638 0
32639 1
32640 0
32641 2
32642 1
32643 2
32644 0
32645 1
32646 0
32647 1
32648 0
32649 2
32650 1
32651 0
32652 2
32653 1
32654 2
32655 0
32656 1
32657 0
32658 1
32659 0
32660 1
32661 2
32662 0
32663 1
32664 2
32665 0
32666 1
32667 0
32668 1
32669 0
32670 1
32671 2
32672 1
32673 0
32674 1
32675 0
32676 1
32677 0
32678 1
32679 2
32680 0
32681 2
32682 1
32683 0
32684 2
32685 0
32686 1
32687 0
32688 2
32689 1
32690 2
32691 0
32692 1
32693 0
32694 1
32695 0
32696 1
32697 0
32698 1
32699 0
32700 1
32701 0
32702 1
32703 2
32704 0
32705 1
32706 0
32707 1
32708 0
32709 1
32710 2
32711 1
32712 0
32713 1
32714 0
32715 1
32716 0
32717 1
32718 2
32719 1
32720 0
32721 1
32722 2
32723 0
32724 2
32725 1
32726 0
32727 1
32728 0
32729 1
32730 2
32731 0
32732 1
32733 0
32734 1
32735 0
32736 1
32737 2
32738 0
32739 2
32740 1
32741 2
32742 0
32743 2
32744 1
32745 0
32746 1
32747 0
32748 1
32749 2
32750 0
32751 2
32752 1
32753 0
32754 1
32755 0
32756 1
32757 0
32758 1
32759 2
32760 1
32761 0
32762 2
32763 0
32764 1
32765 0
32766 2
32767 1
32768 0
32769 1
32770 0
32771 2
32772 1
32773 0
32774 2
32775 0
32776 1
32777 0
32778 1
32779 0
32780 1
32781 0
32782 2
32783 1
32784 0
32785 2
32786 1
32787 0
32788 2
32789 0
32790 1
32791 2
32792 0
32793 1
32794 0
32795 1
32796 0
32797 1
32798 0
32799 1
32800 0
32801 1
32802 0
32803 1
32804 2
32805 0
32806 1
32807 2
32808 0
32809 1
32810 0
32811 1
32812 0
32813 1
32814 0
32815 1
32816 0
32817 1
32818 0
32819 2
32820 1
32821 0
32822 1
32823 0
32824 1
32825 2
32826 0
32827 2
32828 1
32829 0
32830 1
32831 0
32832 1
32833 0
32834 1
32835 0
32836 1
32837 2
32838 0
32839 1
32840 0
32841 1
32842 2
32843 0
32844 1
32845 0
32846 1
32847 0
32848 1
32849 2
32850 0
32851 1
32852 0
32853 1
32854 0
32855 1
32856 0
32857 2
32858 1
32859 2
32860 0
32861 1
32862 0
32863 1
32864 2
32865 0
32866 1
32867 0
32868 1
32869 0
32870 2
32871 1
32872 2
32873 0
32874 1
32875 2
32876 0
32877 1
32878 0
32879 2
32880 1
32881 2
32882 0
32883 1
32884 2
32885 0
32886 2
32887 0
32888 1
32889 0
32890 1
32891 2
32892 0
32893 1
32894 0
32895 1
32896 0
32897 1
32898 0
32899 1
32900 0
32901 1
32902 0
32903 2
32904 1
32905 2
32906 0
32907 2
32908 0
32909 1
32910 0
32911 2
32912 0
32913 1
32914 2
32915 3
32916 1
32917 0
32918 1
32919 2
32920 0
32921 1
32922 0
32923 2
32924 1
32925 2
32926 0
32927 1
32928 0
32929 1
32930 0
32931 1
32932 2
32933 0
32934 2
32935 1
32936 0
32937 2
32938 0
32939 1
32940 0
32941 1
32942 0
32943 1
32944 0
32945 1
32946 0
32947 1
32948 0
32949 1
32950 0
32951 2
32952 1
32953 2
32954 1
32955 0
32956 1
32957 0
32958 1
32959 2
32960 0
32961 1
32962 0
32963 1
32964 2
32965 0
32966 1
32967 0
32968 1
32969 2
32970 0
32971 1
32972 0
32973 1
32974 0
32975 2
32976 1
32977 0
32978 1
32979 2
32980 0
32981 1
32982 0
32983 1
32984 0
32985 1
32986 0
32987 2
32988 1
32989 0
32990 1
32991 0
32992 1
32993 0
32994 1
32995 0
32996 1
32997 0
32998 2
32999 0
33000 1
33001 2
33002 0
33003 1
33004 0
33005 2
33006 1
33007 0
33008 1
33009 0
33010 1
33011 2
33012 0
33013 2
33014 0
33015 1
33016 0
33017 1
33018 2
33019 3
33020 1
33021 2
33022 0
33023 1
33024 0
33025 1
33026 0
33027 1
33028 2
33029 0
33030 1
33031 0
33032 1
33033 0
33034 1
33035 0
33036 2
33037 1
33038 2
33039 0
33040 2
33041 1
33042 2
33043 0
33044 2
33045 1
33046 2
33047 1
33048 2
33049 0
33050 1
33051 2
33052 0
33053 1
33054 2
33055 0
33056 1
33057 2
33058 0
33059 2
33060 1
33061 0
33062 1
33063 0
33064 2
33065 1
33066 0
33067 1
33068 0
33069 2
33070 1
33071 0
33072 1
33073 0
33074 1
33075 2
33076 0
33077 1
33078 0
33079 2
33080 0
33081 1
33082 2
33083 0
33084 1
33085 0
33086 1
33087 2
33088 1
33089 0
33090 1
33091 0
33092 2
33093 1
33094 2
33095 0
33096 1
33097 2
33098 3
33099 1
33100 2
33101 1
33102 2
33103 1
33104 0
33105 2
33106 1
33107 2
33108 0
33109 2
33110 0
33111 2
33112 0
33113 1
33114 0
33115 1
33116 0
33117 1
33118 2
33119 0
33120 1
33121 0
33122 1
33123 0
33124 1
33125 0
33126 1
33127 2
33128 0
33129 1
33130 0
33131 1
33132 0
33133 1
33134 2
33135 0
33136 1
33137 0
33138 1
33139 2
33140 0
33141 1
33142 2
33143 1
33144 0
33145 1
33146 2
33147 0
33148 1
33149 0
33150 1
33151 0
33152 2
33153 1
33154 0
33155 1
33156 0
33157 1
33158 2
33159 0
33160 1
33161 0
33162 2
33163 1
33164 2
33165 0
33166 2
33167 1
33168 0
33169 1
33170 0
33171 2
33172 1
33173 0
33174 2
33175 1
33176 0
33177 1
33178 0
33179 1
33180 0
33181 2
33182 0
33183 1
33184 0
33185 2
33186 1
33187 0
33188 1
33189 2
33190 0
33191 2
33192 0
33193 2
33194 0
33195 1
33196 0
33197 2
33198 1
33199 2
33200 0
33201 1
33202 0
33203 1
33204 0
33205 1
33206 0
33207 1
33208 0
33209 1
33210 0
33211 1
33212 2
33213 0
33214 1
33215 0
33216 1
33217 0
33218 1
33219 0
33220 1
33221 2
33222 1
33223 2
33224 1
33225 0
33226 1
33227 0
33228 1
33229 0
33230 1
33231 0
33232 2
33233 1
33234 2
33235 0
33236 1
33237 0
33238 2
33239 1
33240 0
33241 1
33242 0
33243 1
33244 2
33245 0
33246 2
33247 1
33248 0
33249 1
33250 0
33251 1
33252 0
33253 2
33254 1
33255 0
33256 2
33257 1
33258 0
33259 1
33260 2
33261 1
33262 2
33263 1
33264 0
33265 1
33266 2
33267 0
33268 2
33269 1
33270 0
33271 2
33272 1
33273 0
33274 1
33275 2
33276 0
33277 2
33278 1
33279 0
33280 1
33281 0
33282 2
33283 1
33284 0
33285 1
33286 2
33287 0
33288 1
33289 0
33290 1
33291 0
33292 1
33293 0
33294 1
33295 0
33296 1
33297 0
33298 1
33299 0
33300 1
33301 0
33302 1
33303 0
33304 1
33305 2
33306 1
33307 0
33308 1
33309 2
33310 1
33311 2
33312 0
33313 1
33314 0
33315 1
33316 0
33317 1
33318 0
33319 1
33320 0
33321 1
33322 2
33323 0
33324 1
33325 2
33326 3
33327 0
33328 1
33329 0
33330 1
33331 0
33332 2
33333 1
33334 0
33335 1
33336 0
33337 1
33338 2
33339 0
33340 1
33341 0
33342 2
33343 1
33344 0
33345 1
33346 0
33347 1
33348 2
33349 0
33350 2
33351 1
33352 0
33353 1
33354 0
33355 1
33356 0
33357 1
33358 0
33359 1
33360 0
33361 1
33362 0
33363 1
33364 0
33365 1
33366 0
33367 2
33368 1
33369 2
33370 0
33371 2
33372 1
33373 2
33374 0
33375 1
33376 0
33377 1
33378 2
33379 0
33380 2
33381 0
33382 2
33383 1
33384 0
33385 1
33386 0
33387 1
33388 2
33389 1
33390 0
33391 1
33392 0
33393 1
33394 2
33395 0
33396 2
33397 1
33398 2
33399 0
33400 1
33401 0
33402 1
33403 0
33404 1
33405 0
33406 1
33407 0
33408 1
33409 0
33410 1
33411 0
33412 1
33413 2
33414 0
33415 1
33416 0
33417 1
33418 0
33419 1
33420 2
33421 0
33422 1
33423 0
33424 1
33425 2
33426 0
33427 1
33428 2
33429 0
33430 1
33431 2
33432 0
33433 1
33434 0
33435 1
33436 0
33437 1
33438 2
33439 0
33440 1
33441 2
33442 1
33443 0
33444 1
33445 2
33446 0
33447 1
33448 0
33449 2
33450 1
33451 0
33452 2
33453 1
33454 0
33455 1
33456 2
33457 1
33458 0
33459 1
33460 2
33461 1
33462 0
33463 1
33464 2
33465 1
33466 0
33467 2
33468 0
33469 1
33470 0
33471 1
33472 0
33473 1
33474 2
33475 0
33476 2
33477 0
33478 1
33479 0
33480 1
33481 2
33482 0
33483 1
33484 0
33485 1
33486 0
33487 1
33488 0
33489 1
33490 0
33491 1
33492 2
33493 1
33494 2
33495 0
33496 1
33497 2
33498 0
33499 1
33500 2
33501 0
33502 2
33503 1
33504 0
33505 2
33506 1
33507 2
33508 0
33509 2
33510 0
33511 2
33512 0
33513 2
33514 0
33515 1
33516 0
33517 1
33518 2
33519 0
33520 1
33521 0
33522 1
33523 0
33524 2
33525 1
33526 0
33527 1
33528 0
33529 1
33530 0
33531 1
33532 0
33533 1
33534 0
33535 1
33536 2
33537 0
33538 1
33539 0
33540 2
33541 1
33542 0
33543 1
33544 2
33545 1
33546 0
33547 2
33548 1
33549 0
33550 1
33551 0
33552 1
33553 0
33554 2
33555 1
33556 0
33557 1
33558 0
33559 1
33560 0
33561 1
33562 0
33563 2
33564 1
33565 0
33566 1
33567 0
33568 2
33569 1
33570 0
33571 2
33572 1
33573 0
33574 1
33575 0
33576 1
33577 0
33578 2
33579 1
33580 2
33581 0
33582 1
33583 0
33584 1
33585 0
33586 1
33587 0
33588 2
33589 1
33590 0
33591 2
33592 1
33593 2
33594 0
33595 1
33596 0
33597 1
33598 0
33599 1
33600 2
33601 0
33602 2
33603 1
33604 2
33605 1
33606 0
33607 1
33608 0
33609 2
33610 1
33611 0
33612 2
33613 1
33614 2
33615 0
33616 1
33617 0
33618 1
33619 0
33620 1
33621 0
33622 1
33623 2
33624 0
33625 2
33626 1
33627 0
33628 1
33629 2
33630 0
33631 1
33632 2
33633 0
33634 1
33635 0
33636 1
33637 0
33638 1
33639 0
33640 2
33641 1
33642 0
33643 2
33644 1
33645 0
33646 1
33647 0
33648 1
33649 0
33650 1
33651 0
33652 1
33653 2
33654 0
33655 1
33656 3
33657 2
33658 0
33659 2
33660 1
33661 0
33662 2
33663 1
33664 2
33665 0
33666 1
33667 0
33668 1
33669 0
33670 2
33671 1
33672 2
33673 1
33674 2
33675 0
33676 1
33677 2
33678 1
33679 0
33680 1
33681 0
33682 1
33683 0
33684 1
33685 0
33686 1
33687 2
33688 1
33689 0
33690 2
33691 1
33692 0
33693 2
33694 0
33695 2
33696 1
33697 0
33698 2
33699 1
33700 2
33701 0
33702 1
33703 2
33704 0
33705 2
33706 1
33707 2
33708 1
33709 0
33710 1
33711 0
33712 1
33713 0
33714 1
33715 0
33716 1
33717 2
33718 3
33719 1
33720 0
33721 1
33722 2
33723 0
33724 2
33725 1
33726 0
33727 1
33728 2
33729 0
33730 1
33731 2
33732 0
33733 1
33734 2
33735 1
33736 0
33737 1
33738 0
33739 1
33740 0
33741 1
33742 0
33743 1
33744 0
33745 1
33746 0
33747 1
33748 0
33749 2
33750 1
33751 0
33752 1
33753 0
33754 1
33755 0
33756 2
33757 0
33758 1
33759 2
33760 0
33761 2
33762 1
33763 2
33764 0
33765 1
33766 2
33767 1
33768 0
33769 1
33770 2
33771 0
33772 1
33773 2
33774 1
33775 0
33776 1
33777 0
33778 1
33779 0
33780 1
33781 0
33782 2
33783 1
33784 0
33785 1
33786 0
33787 2
33788 3
33789 1
33790 2
33791 0
33792 2
33793 1
33794 0
33795 1
33796 0
33797 1
33798 0
33799 1
33800 2
33801 1
33802 2
33803 0
33804 1
33805 0
33806 1
33807 0
33808 2
33809 1
33810 0
33811 1
33812 2
33813 0
33814 1
33815 0
33816 1
33817 2
33818 0
33819 2
33820 1
33821 0
33822 1
33823 0
33824 1
33825 0
33826 2
33827 1
33828 0
33829 1
33830 0
33831 1
33832 0
33833 3
33834 2
33835 3
33836 1
33837 2
33838 1
33839 0
33840 1
33841 0
33842 1
33843 0
33844 1
33845 2
33846 0
33847 1
33848 0
33849 1
33850 0
33851 2
33852 1
33853 0
33854 1
33855 0
33856 1
33857 2
33858 0
33859 2
33860 1
33861 2
33862 0
33863 1
33864 2
33865 0
33866 1
33867 0
33868 1
33869 2
33870 0
33871 1
33872 0
33873 2
33874 1
33875 2
33876 1
33877 0
33878 1
33879 2
33880 0
33881 1
33882 0
33883 2
33884 1
33885 0
33886 1
33887 0
33888 1
33889 0
33890 2
33891 0
33892 1
33893 2
33894 0
33895 1
33896 0
33897 1
33898 2
33899 1
33900 2
33901 1
33902 0
33903 1
33904 0
33905 1
33906 0
33907 1
33908 0
33909 1
33910 0
33911 1
33912 2
33913 0
33914 1
33915 0
33916 2
33917 1
33918 0
33919 1
33920 0
33921 1
33922 0
33923 1
33924 0
33925 1
33926 0
33927 1
33928 0
33929 1
33930 0
33931 1
33932 0
33933 1
33934 0
33935 2
33936 0
33937 1
33938 0
33939 2
33940 1
33941 2
33942 0
33943 1
33944 2
33945 0
33946 1
33947 2
33948 0
33949 1
33950 0
33951 1
33952 0
33953 1
33954 2
33955 0
33956 2
33957 1
33958 0
33959 2
33960 0
33961 1
33962 0
33963 1
33964 0
33965 1
33966 0
33967 1
33968 2
33969 0
33970 2
33971 1
33972 2
33973 1
33974 0
33975 2
33976 0
33977 1
33978 2
33979 0
33980 2
33981 1
33982 0
33983 1
33984 0
33985 1
33986 0
33987 1
33988 0
33989 1
33990 0
33991 1
33992 2
33993 3
33994 0
33995 2
33996 1
33997 0
33998 1
33999 0
34000 2
34001 1
34002 0
34003 1
34004 2
34005 0
34006 1
34007 0
34008 1
34009 0
34010 2
34011 1
34012 0
34013 1
34014 0
34015 1
34016 0
34017 2
34018 0
34019 2
34020 1
34021 0
34022 2
34023 0
34024 1
34025 0
34026 1
34027 0
34028 1
34029 0
34030 1
34031 2
34032 0
34033 1
34034 0
34035 1
34036 0
34037 1
34038 2
34039 0
34040 2
34041 0
34042 1
34043 0
34044 1
34045 2
34046 0
34047 1
34048 2
34049 0
34050 2
34051 0
34052 1
34053 2
34054 0
34055 1
34056 2
34057 1
34058 0
34059 1
34060 2
34061 1
34062 0
34063 1
34064 0
34065 1
34066 2
34067 1
34068 0
34069 2
34070 1
34071 2
34072 0
34073 1
34074 3
34075 0
34076 1
34077 0
34078 1
34079 0
34080 1
34081 2
34082 0
34083 2
34084 1
34085 0
34086 2
34087 0
34088 1
34089 0
34090 1
34091 0
34092 1
34093 0
34094 1
34095 2
34096 0
34097 1
34098 0
34099 1
34100 0
34101 2
34102 0
34103 2
34104 1
34105 0
34106 2
34107 1
34108 2
34109 0
34110 1
34111 0
34112 1
34113 2
34114 0
34115 1
34116 2
34117 0
34118 1
34119 2
34120 0
34121 1
34122 0
34123 2
34124 1
34125 0
34126 1
34127 2
34128 0
34129 1
34130 0
34131 1
34132 0
34133 1
34134 0
34135 1
34136 0
34137 1
34138 2
34139 0
34140 1
34141 0
34142 1
34143 0
34144 1
34145 2
34146 0
34147 1
34148 0
34149 2
34150 0
34151 2
34152 1
34153 2
34154 0
34155 1
34156 0
34157 1
34158 2
34159 0
34160 1
34161 0
34162 1
34163 2
34164 0
34165 1
34166 0
34167 1
34168 0
34169 1
34170 0
34171 1
34172 0
34173 1
34174 2
34175 0
34176 1
34177 0
34178 1
34179 0
34180 1
34181 0
34182 1
34183 0
34184 2
34185 1
34186 2
34187 0
34188 2
34189 0
34190 1
34191 0
34192 1
34193 0
34194 1
34195 0
34196 2
34197 0
34198 1
34199 0
34200 1
34201 0
34202 1
34203 0
34204 2
34205 1
34206 2
34207 0
34208 2
34209 0
34210 1
34211 0
34212 1
34213 0
34214 1
34215 0
34216 2
34217 1
34218 2
34219 0
34220 1
34221 2
34222 0
34223 1
34224 0
34225 1
34226 0
34227 1
34228 0
34229 1
34230 2
34231 1
34232 0
34233 1
34234 0
34235 1
34236 0
34237 1
34238 2
34239 0
34240 2
34241 1
34242 0
34243 1
34244 0
34245 1
34246 0
34247 1
34248 0
34249 1
34250 0
34251 1
34252 2
34253 0
34254 2
34255 1
34256 0
34257 1
34258 0
34259 1
34260 0
34261 1
34262 0
34263 1
34264 0
34265 1
34266 2
34267 0
34268 2
34269 1
34270 2
34271 0
34272 1
34273 0
34274 1
34275 0
34276 2
34277 0
34278 2
34279 0
34280 1
34281 0
34282 1
34283 0
34284 1
34285 0
34286 1
34287 2
34288 1
34289 0
34290 1
34291 0
34292 1
34293 0
34294 1
34295 2
34296 0
34297 1
34298 0
34299 1
34300 0
34301 1
34302 0
34303 1
34304 0
34305 1
34306 2
34307 0
34308 1
34309 0
34310 1
34311 2
34312 1
34313 0
34314 1
34315 2
34316 0
34317 2
34318 1
34319 0
34320 1
34321 0
34322 1
34323 0
34324 1
34325 0
34326 2
34327 0
34328 1
34329 0
34330 1
34331 0
34332 1
34333 0
34334 1
34335 0
34336 1
34337 0
34338 1
34339 0
34340 1
34341 2
34342 0
34343 1
34344 0
34345 1
34346 2
34347 0
34348 2
34349 0
34350 1
34351 2
34352 0
34353 1
34354 0
34355 1
34356 2
34357 1
34358 0
34359 1
34360 2
34361 0
34362 1
34363 2
34364 0
34365 1
34366 0
34367 1
34368 0
34369 1
34370 0
34371 2
34372 1
34373 0
34374 1
34375 0
34376 1
34377 0
34378 2
34379 1
34380 0
34381 1
34382 0
34383 1
34384 0
34385 2
34386 1
34387 2
34388 1
34389 0
34390 1
34391 0
34392 1
34393 2
34394 0
34395 2
34396 0
34397 1
34398 0
34399 1
34400 0
34401 1
34402 2
34403 0
34404 2
34405 1
34406 0
34407 1
34408 0
34409 1
34410 2
34411 1
34412 0
34413 1
34414 0
34415 1
34416 2
34417 0
34418 1
34419 0
34420 2
34421 1
34422 0
34423 1
34424 2
34425 0
34426 2
34427 0
34428 1
34429 0
34430 2
34431 1
34432 0
34433 2
34434 1
34435 0
34436 1
34437 2
34438 0
34439 1
34440 0
34441 2
34442 1
34443 0
34444 1
34445 0
34446 2
34447 0
34448 1
34449 0
34450 1
34451 0
34452 2
34453 1
34454 0
34455 1
34456 0
34457 1
34458 2
34459 1
34460 0
34461 2
34462 1
34463 0
34464 1
34465 0
34466 1
34467 0
34468 1
34469 0
34470 1
34471 2
34472 0
34473 1
34474 0
34475 2
34476 1
34477 0
34478 1
34479 2
34480 0
34481 1
34482 2
34483 0
34484 2
34485 1
34486 0
34487 1
34488 0
34489 2
34490 1
34491 0
34492 1
34493 0
34494 2
34495 1
34496 2
34497 0
34498 1
34499 0
34500 1
34501 0
34502 2
34503 1
34504 2
34505 0
34506 1
34507 0
34508 1
34509 2
34510 0
34511 1
34512 0
34513 2
34514 1
34515 2
34516 0
34517 2
34518 0
34519 1
34520 0
34521 1
34522 0
34523 1
34524 0
34525 1
34526 2
34527 0
34528 1
34529 2
34530 0
34531 1
34532 0
34533 2
34534 0
34535 1
34536 0
34537 2
34538 1
34539 2
34540 0
34541 1
34542 0
34543 2
34544 1
34545 0
34546 1
34547 0
34548 1
34549 0
34550 1
34551 0
34552 2
34553 1
34554 0
34555 2
34556 1
34557 2
34558 0
34559 1
34560 0
34561 1
34562 2
34563 0
34564 1
34565 0
34566 1
34567 0
34568 1
34569 2
34570 0
34571 1
34572 0
34573 1
34574 0
34575 1
34576 0
34577 1
34578 0
34579 1
34580 0
34581 1
34582 0
34583 1
34584 0
34585 1
34586 2
34587 0
34588 1
34589 0
34590 1
34591 0
34592 1
34593 2
34594 1
34595 0
34596 2
34597 1
34598 2
34599 1
34600 0
34601 1
34602 0
34603 1
34604 0
34605 2
34606 1
34607 0
34608 1
34609 0
34610 2
34611 1
34612 2
34613 0
34614 2
34615 0
34616 1
34617 0
34618 1
34619 2
34620 1
34621 0
34622 2
34623 0
34624 2
34625 1
34626 0
34627 1
34628 2
34629 0
34630 1
34631 0
34632 2
34633 1
34634 2
34635 1
34636 0
34637 2
34638 1
34639 2
34640 0
34641 1
34642 0
34643 2
34644 0
34645 2
34646 1
34647 0
34648 1
34649 2
34650 0
34651 2
34652 1
34653 0
34654 2
34655 0
34656 1
34657 0
34658 1
34659 0
34660 1
34661 2
34662 0
34663 1
34664 0
34665 1
34666 0
34667 1
34668 2
34669 0
34670 2
34671 0
34672 1
34673 0
34674 1
34675 0
34676 1
34677 2
34678 0
34679 1
34680 2
34681 0
34682 1
34683 0
34684 2
34685 1
34686 0
34687 1
34688 0
34689 1
34690 0
34691 2
34692 1
34693 0
34694 1
34695 0
34696 1
34697 0
34698 1
34699 0
34700 1
34701 0
34702 1
34703 0
34704 1
34705 0
34706 1
34707 2
34708 0
34709 1
34710 0
34711 1
34712 0
34713 2
34714 0
34715 1
34716 0
34717 2
34718 1
34719 2
34720 3
34721 1
34722 0
34723 2
34724 1
34725 2
34726 0
34727 1
34728 0
34729 1
34730 2
34731 0
34732 2
34733 1
34734 0
34735 1
34736 0
34737 1
34738 0
34739 1
34740 0
34741 2
34742 1
34743 2
34744 0
34745 1
34746 2
34747 0
34748 1
34749 2
34750 0
34751 1
34752 0
34753 1
34754 0
34755 1
34756 0
34757 1
34758 0
34759 1
34760 0
34761 1
34762 2
34763 1
34764 2
34765 3
34766 0
34767 1
34768 0
34769 2
34770 1
34771 2
34772 0
34773 1
34774 0
34775 1
34776 3
34777 2
34778 1
34779 0
34780 1
34781 0
34782 2
34783 1
34784 0
34785 1
34786 0
34787 1
34788 0
34789 1
34790 0
34791 2
34792 1
34793 0
34794 2
34795 0
34796 1
34797 2
34798 0
34799 1
34800 0
34801 1
34802 0
34803 2
34804 1
34805 0
34806 2
34807 0
34808 2
34809 0
34810 2
34811 1
34812 0
34813 1
34814 2
34815 0
34816 1
34817 2
34818 1
34819 0
34820 2
34821 1
34822 0
34823 1
34824 0
34825 1
34826 2
34827 0
34828 1
34829 0
34830 2
34831 1
34832 0
34833 2
34834 1
34835 0
34836 1
34837 0
34838 1
34839 0
34840 1
34841 2
34842 1
34843 0
34844 1
34845 0
34846 1
34847 0
34848 1
34849 2
34850 1
34851 0
34852 2
34853 1
34854 0
34855 1
34856 0
34857 1
34858 2
34859 3
34860 0
34861 1
34862 0
34863 1
34864 2
34865 0
34866 1
34867 2
34868 0
34869 1
34870 2
34871 1
34872 0
34873 1
34874 0
34875 1
34876 0
34877 2
34878 1
34879 0
34880 2
34881 1
34882 0
34883 1
34884 0
34885 1
34886 0
34887 1
34888 2
34889 0
34890 1
34891 2
34892 0
34893 1
34894 0
34895 1
34896 0
34897 1
34898 2
34899 1
34900 2
34901 0
34902 1
34903 2
34904 0
34905 1
34906 2
34907 0
34908 2
34909 1
34910 2
34911 0
34912 1
34913 0
34914 1
34915 2
34916 1
34917 0
34918 2
34919 1
34920 0
34921 1
34922 0
34923 1
34924 2
34925 1
34926 2
34927 0
34928 2
34929 0
34930 1
34931 2
34932 0
34933 1
34934 2
34935 0
34936 1
34937 0
34938 1
34939 0
34940 1
34941 0
34942 1
34943 2
34944 0
34945 2
34946 1
34947 2
34948 1
34949 2
34950 0
34951 2
34952 0
34953 1
34954 0
34955 1
34956 0
34957 2
34958 1
34959 0
34960 2
34961 0
34962 2
34963 0
34964 2
34965 0
34966 2
34967 1
34968 2
34969 0
34970 1
34971 2
34972 0
34973 1
34974 0
34975 1
34976 0
34977 1
34978 2
34979 0
34980 1
34981 0
34982 1
34983 2
34984 0
34985 1
34986 2
34987 3
34988 1
34989 2
34990 0
34991 1
34992 0
34993 1
34994 0
34995 2
34996 1
34997 0
34998 1
34999 0
35000 1
35001 0
35002 1
35003 2
35004 0
35005 1
35006 0
35007 1
35008 2
35009 0
35010 2
35011 1
35012 0
35013 1
35014 0
35015 1
35016 0
35017 1
35018 2
35019 0
35020 1
35021 0
35022 1
35023 0
35024 1
35025 0
35026 2
35027 1
35028 0
35029 1
35030 2
35031 1
35032 0
35033 1
35034 0
35035 2
35036 1
35037 2
35038 1
35039 0
35040 1
35041 2
35042 0
35043 2
35044 1
35045 0
35046 1
35047 0
35048 2
35049 1
35050 0
35051 1
35052 0
35053 1
35054 0
35055 1
35056 0
35057 2
35058 1
35059 2
35060 0
35061 2
35062 1
35063 0
35064 2
35065 1
35066 2
35067 0
35068 1
35069 2
35070 0
35071 1
35072 0
35073 1
35074 0
35075 1
35076 0
35077 1
35078 2
35079 1
35080 2
35081 1
35082 2
35083 0
35084 1
35085 0
35086 1
35087 2
35088 0
35089 1
35090 2
35091 0
35092 1
35093 0
35094 1
35095 2
35096 0
35097 2
35098 0
35099 1
35100 0
35101 2
35102 1
35103 0
35104 1
35105 0
35106 1
35107 0
35108 1
35109 0
35110 1
35111 0
35112 1
35113 0
35114 1
35115 0
35116 1
35117 0
35118 1
35119 2
35120 0
35121 1
35122 0
35123 1
35124 0
35125 1
35126 0
35127 1
35128 0
35129 1
35130 0
35131 1
35132 0
35133 1
35134 0
35135 2
35136 0
35137 2
35138 1
35139 0
35140 2
35141 1
35142 0
35143 2
35144 1
35145 2
35146 0
35147 2
35148 1
35149 2
35150 1
35151 0
35152 2
35153 0
35154 1
35155 2
35156 0
35157 2
35158 1
35159 0
35160 1
35161 0
35162 1
35163 0
35164 1
35165 0
35166 1
35167 0
35168 1
35169 0
35170 1
35171 0
35172 1
35173 2
35174 0
35175 2
35176 1
35177 0
35178 1
35179 2
35180 0
35181 1
35182 2
35183 0
35184 1
35185 0
35186 1
35187 2
35188 0
35189 1
35190 0
35191 1
35192 0
35193 1
35194 2
35195 0
35196 2
35197 0
35198 2
35199 0
35200 1
35201 2
35202 0
35203 2
35204 0
35205 1
35206 2
35207 0
35208 2
35209 1
35210 0
35211 1
35212 0
35213 2
35214 1
35215 0
35216 2
35217 0
35218 1
35219 2
35220 1
35221 0
35222 2
35223 1
35224 0
35225 2
35226 1
35227 0
35228 1
35229 0
35230 1
35231 0
35232 1
35233 0
35234 2
35235 1
35236 2
35237 1
35238 0
35239 2
35240 1
35241 0
35242 2
35243 0
35244 2
35245 0
35246 1
35247 2
35248 3
35249 1
35250 2
35251 0
35252 2
35253 0
35254 1
35255 0
35256 2
35257 0
35258 1
35259 0
35260 1
35261 2
35262 0
35263 1
35264 0
35265 1
35266 2
35267 0
35268 1
35269 0
35270 1
35271 0
35272 1
35273 2
35274 1
35275 0
35276 1
35277 0
35278 2
35279 1
35280 2
35281 0
35282 2
35283 0
35284 2
35285 1
35286 2
35287 0
35288 2
35289 1
35290 0
35291 1
35292 0
35293 1
35294 0
35295 1
35296 0
35297 1
35298 0
35299 1
35300 0
35301 1
35302 2
35303 0
35304 1
35305 0
35306 1
35307 0
35308 2
35309 1
35310 0
35311 1
35312 2
35313 0
35314 1
35315 0
35316 2
35317 0
35318 1
35319 0
35320 2
35321 0
35322 2
35323 1
35324 0
35325 2
35326 0
35327 1
35328 0
35329 1
35330 0
35331 3
35332 2
35333 0
35334 1
35335 2
35336 0
35337 2
35338 0
35339 1
35340 2
35341 0
35342 1
35343 0
35344 2
35345 1
35346 0
35347 1
35348 0
35349 1
35350 0
35351 1
35352 0
35353 1
35354 0
35355 1
35356 0
35357 1
35358 2
35359 0
35360 1
35361 0
35362 1
35363 2
35364 1
35365 0
35366 1
35367 0
35368 1
35369 0
35370 1
35371 0
35372 1
35373 2
35374 0
35375 2
35376 1
35377 0
35378 1
35379 0
35380 1
35381 2
35382 0
35383 2
35384 1
35385 0
35386 1
35387 0
35388 1
35389 0
35390 1
35391 0
35392 1
35393 0
35394 1
35395 2
35396 0
35397 1
35398 0
35399 2
35400 1
35401 0
35402 2
35403 1
35404 0
35405 1
35406 0
35407 1
35408 0
35409 1
35410 2
35411 0
35412 2
35413 1
35414 0
35415 1
35416 2
35417 0
35418 1
35419 0
35420 1
35421 0
35422 1
35423 2
35424 0
35425 1
35426 0
35427 1
35428 0
35429 1
35430 0
35431 1
35432 0
35433 1
35434 2
35435 0
35436 1
35437 0
35438 2
35439 1
35440 2
35441 1
35442 0
35443 1
35444 0
35445 1
35446 0
35447 2
35448 0
35449 1
35450 2
35451 1
35452 2
35453 0
35454 2
35455 1
35456 0
35457 2
35458 1
35459 0
35460 1
35461 0
35462 1
35463 0
35464 2
35465 1
35466 2
35467 1
35468 2
35469 0
35470 1
35471 2
35472 0
35473 1
35474 2
35475 0
35476 1
35477 0
35478 1
35479 0
35480 2
35481 0
35482 1
35483 0
35484 2
35485 1
35486 2
35487 0
35488 1
35489 0
35490 1
35491 0
35492 1
35493 0
35494 1
35495 0
35496 1
35497 2
35498 0
35499 1
35500 0
35501 1
35502 0
35503 1
35504 2
35505 0
35506 2
35507 1
35508 0
35509 1
35510 0
35511 1
35512 2
35513 0
35514 1
35515 0
35516 1
35517 0
35518 1
35519 2
35520 0
35521 2
35522 1
35523 0
35524 1
35525 2
35526 0
35527 2
35528 1
35529 2
35530 1
35531 0
35532 1
35533 0
35534 2
35535 1
35536 0
35537 1
35538 0
35539 1
35540 0
35541 1
35542 0
35543 1
35544 0
35545 1
35546 0
35547 1
35548 0
35549 1
35550 2
35551 0
35552 2
35553 0
35554 1
35555 0
35556 2
35557 1
35558 0
35559 2
35560 1
35561 0
35562 2
35563 0
35564 1
35565 2
35566 0
35567 2
35568 1
35569 2
35570 0
35571 1
35572 0
35573 1
35574 0
35575 1
35576 2
35577 0
35578 1
35579 0
35580 1
35581 2
35582 0
35583 1
35584 0
35585 1
35586 0
35587 1
35588 0
35589 1
35590 2
35591 1
35592 0
35593 1
35594 0
35595 1
35596 0
35597 2
35598 0
35599 2
35600 1
35601 0
35602 1
35603 2
35604 0
35605 1
35606 0
35607 1
35608 0
35609 2
35610 0
35611 1
35612 0
35613 2
35614 1
35615 0
35616 2
35617 1
35618 0
35619 2
35620 1
35621 0
35622 1
35623 2
35624 0
35625 1
35626 2
35627 0
35628 1
35629 0
35630 1
35631 0
35632 1
35633 2
35634 0
35635 1
35636 0
35637 1
35638 0
35639 1
35640 0
35641 1
35642 0
35643 2
35644 1
35645 0
35646 1
35647 0
35648 1
35649 0
35650 1
35651 2
35652 0
35653 1
35654 0
35655 1
35656 0
35657 1
35658 0
35659 1
35660 0
35661 1
35662 2
35663 0
35664 1
35665 2
35666 0
35667 1
35668 2
35669 0
35670 1
35671 2
35672 1
35673 0
35674 2
35675 0
35676 1
35677 0
35678 1
35679 0
35680 2
35681 1
35682 0
35683 1
35684 2
35685 0
35686 1
35687 0
35688 2
35689 1
35690 0
35691 2
35692 1
35693 0
35694 1
35695 2
35696 0
35697 1
35698 2
35699 0
35700 2
35701 0
35702 1
35703 0
35704 2
35705 1
35706 0
35707 2
35708 1
35709 0
35710 1
35711 2
35712 0
35713 1
35714 2
35715 0
35716 1
35717 2
35718 0
35719 1
35720 2
35721 0
35722 1
35723 0
35724 2
35725 1
35726 2
35727 1
35728 2
35729 0
35730 1
35731 0
35732 1
35733 0
35734 1
35735 0
35736 2
35737 1
35738 0
35739 2
35740 1
35741 0
35742 1
35743 0
35744 1
35745 0
35746 1
35747 0
35748 1
35749 2
35750 0
35751 1
35752 0
35753 1
35754 0
35755 1
35756 2
35757 0
35758 1
35759 0
35760 2
35761 1
35762 0
35763 1
35764 2
35765 0
35766 1
35767 2
35768 0
35769 1
35770 2
35771 1
35772 0
35773 1
35774 2
35775 0
35776 1
35777 2
35778 0
35779 1
35780 2
35781 0
35782 1
35783 0
35784 1
35785 0
35786 2
35787 1
35788 0
35789 1
35790 0
35791 1
35792 0
35793 2
35794 1
35795 0
35796 2
35797 1
35798 0
35799 1
35800 0
35801 1
35802 0
35803 2
35804 0
35805 1
35806 0
35807 1
35808 2
35809 0
35810 1
35811 2
35812 0
35813 2
35814 0
35815 1
35816 2
35817 0
35818 1
35819 0
35820 1
35821 0
35822 1
35823 0
35824 2
35825 1
35826 2
35827 0
35828 1
35829 0
35830 1
35831 0
35832 1
35833 2
35834 0
35835 2
35836 1
35837 2
35838 0
35839 2
35840 1
35841 0
35842 1
35843 0
35844 1
35845 0
35846 1
35847 0
35848 1
35849 0
35850 1
35851 0
35852 1
35853 0
35854 2
35855 1
35856 0
35857 1
35858 0
35859 1
35860 0
35861 2
35862 0
35863 1
35864 0
35865 1
35866 0
35867 2
35868 1
35869 0
35870 2
35871 1
35872 2
35873 1
35874 2
35875 0
35876 2
35877 1
35878 0
35879 2
35880 0
35881 1
35882 0
35883 1
35884 0
35885 1
35886 0
35887 1
35888 0
35889 1
35890 2
35891 1
35892 0
35893 1
35894 2
35895 0
35896 1
35897 2
35898 1
35899 0
35900 1
35901 0
35902 1
35903 0
35904 2
35905 1
35906 2
35907 0
35908 1
35909 2
35910 0
35911 1
35912 0
35913 1
35914 0
35915 2
35916 1
35917 0
35918 1
35919 2
35920 0
35921 1
35922 0
35923 1
35924 0
35925 1
35926 2
35927 1
35928 0
35929 1
35930 2
35931 1
35932 2
35933 0
35934 1
35935 0
35936 1
35937 0
35938 1
35939 0
35940 1
35941 2
35942 0
35943 1
35944 2
35945 0
35946 1
35947 0
35948 1
35949 2
35950 0
35951 2
35952 1
35953 0
35954 1
35955 0
35956 1
35957 2
35958 0
35959 1
35960 0
35961 1
35962 2
35963 0
35964 1
35965 0
35966 2
35967 0
35968 1
35969 0
35970 1
35971 0
35972 1
35973 0
35974 1
35975 0
35976 1
35977 0
35978 1
35979 2
35980 0
35981 1
35982 0
35983 1
35984 0
35985 1
35986 2
35987 0
35988 1
35989 2
35990 0
35991 1
35992 0
35993 1
35994 2
35995 0
35996 1
35997 0
35998 1
35999 0
36000 1
36001 0
36002 1
36003 0
36004 1
36005 2
36006 1
36007 2
36008 0
36009 1
36010 0
36011 2
36012 1
36013 2
36014 0
36015 2
36016 1
36017 2
36018 0
36019 1
36020 2
36021 0
36022 2
36023 1
36024 0
36025 1
36026 0
36027 2
36028 1
36029 2
36030 0
36031 1
36032 0
36033 2
36034 1
36035 2
36036 0
36037 1
36038 2
36039 0
36040 1
36041 0
36042 2
36043 1
36044 0
36045 1
36046 0
36047 1
36048 0
36049 1
36050 2
36051 0
36052 1
36053 2
36054 0
36055 1
36056 0
36057 1
36058 0
36059 2
36060 1
36061 0
36062 1
36063 2
36064 0
36065 2
36066 1
36067 2
36068 0
36069 1
36070 0
36071 1
36072 2
36073 1
36074 0
36075 1
36076 0
36077 2
36078 1
36079 0
36080 1
36081 0
36082 1
36083 0
36084 1
36085 2
36086 0
36087 1
36088 2
36089 0
36090 1
36091 0
36092 1
36093 0
36094 1
36095 0
36096 1
36097 2
36098 0
36099 1
36100 2
36101 0
36102 1
36103 2
36104 0
36105 2
36106 1
36107 0
36108 1
36109 0
36110 2
36111 0
36112 1
36113 0
36114 2
36115 0
36116 1
36117 0
36118 1
36119 0
36120 1
36121 2
36122 0
36123 1
36124 2
36125 0
36126 1
36127 2
36128 0
36129 1
36130 2
36131 0
36132 1
36133 2
36134 0
36135 1
36136 0
36137 1
36138 0
36139 1
36140 2
36141 0
36142 1
36143 0
36144 2
36145 1
36146 0
36147 1
36148 2
36149 0
36150 1
36151 0
36152 1
36153 0
36154 2
36155 1
36156 0
36157 1
36158 2
36159 0
36160 1
36161 0
36162 1
36163 0
36164 1
36165 0
36166 1
36167 2
36168 0
36169 1
36170 2
36171 0
36172 1
36173 0
36174 1
36175 0
36176 1
36177 0
36178 1
36179 0
36180 1
36181 0
36182 2
36183 0
36184 2
36185 1
36186 2
36187 0
36188 1
36189 0
36190 2
36191 1
36192 2
36193 0
36194 2
36195 1
36196 0
36197 1
36198 0
36199 1
36200 2
36201 0
36202 2
36203 1
36204 0
36205 2
36206 0
36207 1
36208 0
36209 1
36210 2
36211 0
36212 1
36213 0
36214 1
36215 0
36216 1
36217 0
36218 1
36219 0
36220 1
36221 0
36222 1
36223 0
36224 1
36225 0
36226 1
36227 0
36228 1
36229 0
36230 1
36231 2
36232 0
36233 1
36234 0
36235 2
36236 1
36237 0
36238 1
36239 0
36240 2
36241 1
36242 0
36243 2
36244 1
36245 0
36246 1
36247 0
36248 1
36249 2
36250 0
36251 2
36252 0
36253 1
36254 0
36255 2
36256 1
36257 2
36258 1
36259 2
36260 0
36261 1
36262 0
36263 1
36264 0
36265 2
36266 1
36267 0
36268 1
36269 2
36270 0
36271 1
36272 0
36273 1
36274 2
36275 0
36276 1
36277 0
36278 2
36279 1
36280 0
36281 1
36282 2
36283 0
36284 1
36285 0
36286 1
36287 0
36288 1
36289 2
36290 0
36291 1
36292 0
36293 1
36294 0
36295 1
36296 0
36297 1
36298 0
36299 1
36300 2
36301 1
36302 0
36303 1
36304 2
36305 0
36306 2
36307 0
36308 1
36309 0
36310 1
36311 2
36312 0
36313 1
36314 0
36315 2
36316 1
36317 2
36318 0
36319 1
36320 0
36321 1
36322 2
36323 0
36324 1
36325 0
36326 1
36327 0
36328 1
36329 2
36330 0
36331 1
36332 0
36333 2
36334 1
36335 0
36336 1
36337 0
36338 2
36339 1
36340 2
36341 0
36342 1
36343 2
36344 0
36345 1
36346 2
36347 0
36348 1
36349 0
36350 1
36351 0
36352 1
36353 0
36354 1
36355 0
36356 1
36357 0
36358 2
36359 1
36360 0
36361 2
36362 1
36363 0
36364 1
36365 2
36366 0
36367 1
36368 0
36369 1
36370 0
36371 1
36372 0
36373 1
36374 2
36375 0
36376 1
36377 0
36378 1
36379 2
36380 0
36381 1
36382 2
36383 0
36384 1
36385 0
36386 1
36387 2
36388 0
36389 1
36390 2
36391 0
36392 2
36393 0
36394 1
36395 0
36396 1
36397 0
36398 2
36399 1
36400 0
36401 1
36402 2
36403 0
36404 1
36405 2
36406 0
36407 1
36408 0
36409 1
36410 0
36411 2
36412 1
36413 0
36414 2
36415 1
36416 0
36417 1
36418 0
36419 2
36420 1
36421 0
36422 1
36423 0
36424 1
36425 2
36426 0
36427 1
36428 0
36429 1
36430 0
36431 2
36432 1
36433 0
36434 1
36435 2
36436 1
36437 0
36438 2
36439 0
36440 1
36441 2
36442 0
36443 2
36444 0
36445 1
36446 0
36447 1
36448 2
36449 0
36450 1
36451 2
36452 1
36453 0
36454 1
36455 2
36456 0
36457 2
36458 1
36459 0
36460 1
36461 2
36462 1
36463 0
36464 2
36465 1
36466 0
36467 1
36468 2
36469 0
36470 1
36471 0
36472 1
36473 0
36474 1
36475 2
36476 0
36477 2
36478 0
36479 2
36480 1
36481 0
36482 1
36483 0
36484 1
36485 0
36486 1
36487 0
36488 2
36489 1
36490 2
36491 0
36492 1
36493 2
36494 0
36495 1
36496 2
36497 0
36498 1
36499 0
36500 1
36501 0
36502 1
36503 0
36504 1
36505 0
36506 2
36507 0
36508 1
36509 0
36510 1
36511 0
36512 1
36513 0
36514 1
36515 0
36516 1
36517 0
36518 1
36519 2
36520 0
36521 1
36522 0
36523 1
36524 0
36525 1
36526 2
36527 0
36528 2
36529 0
36530 1
36531 0
36532 2
36533 0
36534 2
36535 1
36536 2
36537 0
36538 2
36539 1
36540 0
36541 1
36542 2
36543 0
36544 1
36545 0
36546 1
36547 0
36548 1
36549 2
36550 0
36551 1
36552 0
36553 2
36554 1
36555 0
36556 1
36557 2
36558 0
36559 1
36560 2
36561 0
36562 1
36563 0
36564 2
36565 1
36566 0
36567 1
36568 0
36569 1
36570 0
36571 2
36572 0
36573 1
36574 0
36575 1
36576 2
36577 0
36578 1
36579 0
36580 2
36581 1
36582 2
36583 0
36584 1
36585 2
36586 0
36587 1
36588 0
36589 1
36590 0
36591 2
36592 1
36593 0
36594 1
36595 0
36596 1
36597 0
36598 2
36599 1
36600 2
36601 0
36602 1
36603 0
36604 1
36605 0
36606 1
36607 2
36608 1
36609 0
36610 1
36611 2
36612 0
36613 1
36614 0
36615 1
36616 0
36617 1
36618 0
36619 1
36620 0
36621 1
36622 2
36623 0
36624 1
36625 0
36626 2
36627 1
36628 2
36629 1
36630 2
36631 0
36632 1
36633 2
36634 0
36635 2
36636 0
36637 1
36638 0
36639 1
36640 0
36641 2
36642 1
36643 0
36644 1
36645 0
36646 1
36647 2
36648 1
36649 0
36650 1
36651 0
36652 1
36653 0
36654 1
36655 0
36656 1
36657 2
36658 1
36659 0
36660 1
36661 0
36662 2
36663 1
36664 2
36665 1
36666 0
36667 1
36668 0
36669 1
36670 2
36671 0
36672 1
36673 0
36674 1
36675 2
36676 0
36677 1
36678 2
36679 1
36680 0
36681 1
36682 0
36683 1
36684 0
36685 1
36686 2
36687 0
36688 2
36689 3
36690 0
36691 1
36692 0
36693 1
36694 0
36695 2
36696 0
36697 2
36698 0
36699 1
36700 0
36701 1
36702 0
36703 2
36704 0
36705 2
36706 1
36707 2
36708 0
36709 1
36710 0
36711 1
36712 0
36713 1
36714 0
36715 1
36716 0
36717 2
36718 1
36719 0
36720 1
36721 2
36722 1
36723 2
36724 1
36725 0
36726 1
36727 2
36728 1
36729 0
36730 1
36731 0
36732 2
36733 1
36734 0
36735 1
36736 2
36737 1
36738 0
36739 2
36740 1
36741 0
36742 1
36743 0
36744 1
36745 2
36746 0
36747 2
36748 1
36749 2
36750 0
36751 1
36752 0
36753 1
36754 0
36755 1
36756 0
36757 1
36758 0
36759 1
36760 0
36761 1
36762 0
36763 2
36764 1
36765 0
36766 3
36767 2
36768 1
36769 0
36770 1
36771 2
36772 0
36773 1
36774 0
36775 1
36776 0
36777 1
36778 0
36779 1
36780 0
36781 1
36782 0
36783 1
36784 0
36785 1
36786 0
36787 1
36788 0
36789 1
36790 2
36791 0
36792 1
36793 2
36794 1
36795 0
36796 1
36797 0
36798 1
36799 0
36800 1
36801 0
36802 1
36803 0
36804 1
36805 0
36806 1
36807 0
36808 2
36809 1
36810 0
36811 2
36812 1
36813 2
36814 0
36815 2
36816 1
36817 0
36818 1
36819 0
36820 1
36821 0
36822 1
36823 0
36824 1
36825 0
36826 2
36827 1
36828 0
36829 1
36830 0
36831 2
36832 1
36833 2
36834 0
36835 1
36836 0
36837 1
36838 2
36839 1
36840 0
36841 1
36842 2
36843 0
36844 1
36845 0
36846 1
36847 0
36848 1
36849 2
36850 1
36851 2
36852 0
36853 1
36854 0
36855 2
36856 1
36857 2
36858 0
36859 1
36860 2
36861 0
36862 1
36863 2
36864 0
36865 1
36866 0
36867 1
36868 0
36869 1
36870 2
36871 0
36872 2
36873 1
36874 0
36875 1
36876 2
36877 0
36878 1
36879 2
36880 0
36881 1
36882 0
36883 2
36884 1
36885 2
36886 0
36887 2
36888 1
36889 2
36890 0
36891 1
36892 2
36893 0
36894 2
36895 1
36896 0
36897 1
36898 0
36899 1
36900 0
36901 1
36902 0
36903 1
36904 2
36905 1
36906 0
36907 1
36908 0
36909 1
36910 2
36911 0
36912 1
36913 0
36914 1
36915 0
36916 1
36917 2
36918 1
36919 0
36920 2
36921 1
36922 2
36923 0
36924 1
36925 0
36926 1
36927 0
36928 1
36929 0
36930 1
36931 0
36932 1
36933 0
36934 1
36935 0
36936 2
36937 1
36938 2
36939 0
36940 1
36941 2
36942 0
36943 1
36944 0
36945 1
36946 0
36947 1
36948 0
36949 2
36950 1
36951 2
36952 0
36953 1
36954 0
36955 1
36956 2
36957 0
36958 2
36959 1
36960 0
36961 1
36962 2
36963 0
36964 1
36965 0
36966 2
36967 1
36968 0
36969 2
36970 1
36971 0
36972 1
36973 2
36974 1
36975 0
36976 1
36977 0
36978 1
36979 2
36980 0
36981 2
36982 1
36983 0
36984 1
36985 0
36986 1
36987 2
36988 0
36989 2
36990 1
36991 0
36992 1
36993 0
36994 2
36995 0
36996 1
36997 2
36998 3
36999 1
37000 0
37001 2
37002 3
37003 0
37004 1
37005 2
37006 0
37007 1
37008 0
37009 2
37010 1
37011 0
37012 1
37013 0
37014 1
37015 0
37016 2
37017 1
37018 0
37019 1
37020 2
37021 0
37022 2
37023 0
37024 1
37025 0
37026 1
37027 0
37028 2
37029 1
37030 0
37031 1
37032 0
37033 2
37034 1
37035 2
37036 0
37037 1
37038 0
37039 2
37040 1
37041 2
37042 0
37043 1
37044 0
37045 1
37046 2
37047 0
37048 1
37049 0
37050 1
37051 0
37052 1
37053 0
37054 1
37055 0
37056 1
37057 0
37058 1
37059 0
37060 1
37061 0
37062 1
37063 0
37064 2
37065 1
37066 0
37067 1
37068 0
37069 1
37070 0
37071 2
37072 0
37073 1
37074 2
37075 0
37076 1
37077 0
37078 2
37079 0
37080 1
37081 0
37082 1
37083 2
37084 1
37085 0
37086 1
37087 0
37088 1
37089 2
37090 0
37091 1
37092 0
37093 1
37094 0
37095 2
37096 1
37097 0
37098 1
37099 0
37100 2
37101 1
37102 2
37103 0
37104 1
37105 0
37106 1
37107 2
37108 1
37109 2
37110 0
37111 2
37112 1
37113 2
37114 0
37115 1
37116 2
37117 0
37118 1
37119 0
37120 2
37121 1
37122 2
37123 0
37124 2
37125 1
37126 0
37127 1
37128 0
37129 1
37130 0
37131 1
37132 0
37133 2
37134 1
37135 2
37136 0
37137 1
37138 2
37139 3
37140 0
37141 1
37142 2
37143 0
37144 1
37145 0
37146 1
37147 0
37148 1
37149 2
37150 0
37151 1
37152 2
37153 0
37154 2
37155 1
37156 0
37157 1
37158 0
37159 1
37160 0
37161 1
37162 0
37163 1
37164 0
37165 2
37166 1
37167 2
37168 0
37169 1
37170 2
37171 0
37172 1
37173 0
37174 1
37175 0
37176 1
37177 0
37178 1
37179 0
37180 1
37181 2
37182 0
37183 2
37184 1
37185 0
37186 1
37187 2
37188 0
37189 1
37190 0
37191 1
37192 2
37193 0
37194 2
37195 0
37196 1
37197 0
37198 1
37199 2
37200 1
37201 2
37202 0
37203 1
37204 0
37205 1
37206 0
37207 1
37208 0
37209 2
37210 1
37211 2
37212 0
37213 3
37214 2
37215 1
37216 0
37217 1
37218 0
37219 1
37220 0
37221 1
37222 0
37223 1
37224 0
37225 1
37226 0
37227 1
37228 0
37229 1
37230 2
37231 0
37232 1
37233 0
37234 1
37235 0
37236 2
37237 1
37238 2
37239 0
37240 1
37241 2
37242 0
37243 1
37244 0
37245 2
37246 1
37247 2
37248 1
37249 0
37250 2
37251 1
37252 0
37253 1
37254 0
37255 1
37256 0
37257 2
37258 0
37259 1
37260 2
37261 1
37262 0
37263 1
37264 2
37265 0
37266 1
37267 0
37268 1
37269 2
37270 0
37271 1
37272 0
37273 2
37274 0
37275 1
37276 2
37277 0
37278 1
37279 2
37280 0
37281 1
37282 0
37283 2
37284 1
37285 2
37286 1
37287 0
37288 1
37289 0
37290 1
37291 0
37292 2
37293 1
37294 2
37295 0
37296 1
37297 0
37298 1
37299 2
37300 0
37301 1
37302 2
37303 0
37304 2
37305 1
37306 0
37307 2
37308 1
37309 0
37310 2
37311 0
37312 1
37313 2
37314 0
37315 2
37316 1
37317 0
37318 1
37319 0
37320 2
37321 1
37322 0
37323 2
37324 1
37325 0
37326 1
37327 2
37328 0
37329 1
37330 0
37331 1
37332 2
37333 1
37334 0
37335 2
37336 1
37337 0
37338 1
37339 2
37340 1
37341 2
37342 1
37343 2
37344 1
37345 0
37346 1
37347 0
37348 2
37349 1
37350 0
37351 1
37352 0
37353 2
37354 1
37355 0
37356 2
37357 1
37358 2
37359 0
37360 1
37361 0
37362 1
37363 0
37364 1
37365 0
37366 1
37367 0
37368 1
37369 0
37370 1
37371 0
37372 2
37373 0
37374 1
37375 0
37376 1
37377 2
37378 0
37379 1
37380 0
37381 1
37382 0
37383 1
37384 2
37385 0
37386 1
37387 0
37388 1
37389 2
37390 0
37391 1
37392 0
37393 1
37394 2
37395 0
37396 2
37397 1
37398 2
37399 0
37400 1
37401 2
37402 0
37403 2
37404 1
37405 0
37406 2
37407 1
37408 2
37409 0
37410 1
37411 0
37412 2
37413 0
37414 2
37415 1
37416 2
37417 0
37418 1
37419 0
37420 1
37421 0
37422 1
37423 0
37424 1
37425 0
37426 1
37427 0
37428 2
37429 1
37430 2
37431 0
37432 2
37433 1
37434 2
37435 0
37436 1
37437 2
37438 1
37439 0
37440 1
37441 0
37442 1
37443 0
37444 1
37445 0
37446 1
37447 0
37448 1
37449 0
37450 1
37451 2
37452 1
37453 0
37454 1
37455 2
37456 0
37457 1
37458 0
37459 1
37460 0
37461 1
37462 2
37463 0
37464 2
37465 1
37466 0
37467 2
37468 1
37469 0
37470 1
37471 2
37472 1
37473 0
37474 2
37475 0
37476 1
37477 0
37478 1
37479 2
37480 0
37481 2
37482 1
37483 2
37484 0
37485 2
37486 3
37487 1
37488 0
37489 1
37490 0
37491 1
37492 0
37493 1
37494 2
37495 1
37496 0
37497 1
37498 0
37499 2
37500 1
37501 0
37502 1
37503 2
37504 0
37505 2
37506 1
37507 2
37508 0
37509 1
37510 0
37511 1
37512 0
37513 1
37514 0
37515 2
37516 1
37517 2
37518 0
37519 1
37520 0
37521 1
37522 0
37523 1
37524 0
37525 2
37526 1
37527 2
37528 1
37529 0
37530 1
37531 0
37532 1
37533 0
37534 2
37535 1
37536 0
37537 2
37538 1
37539 0
37540 1
37541 0
37542 1
37543 0
37544 1
37545 0
37546 2
37547 1
37548 0
37549 1
37550 0
37551 1
37552 2
37553 0
37554 1
37555 0
37556 1
37557 2
37558 3
37559 1
37560 2
37561 0
37562 1
37563 0
37564 1
37565 0
37566 1
37567 0
37568 2
37569 1
37570 0
37571 2
37572 1
37573 2
37574 0
37575 1
37576 0
37577 1
37578 2
37579 1
37580 0
37581 1
37582 0
37583 1
37584 0
37585 1
37586 0
37587 2
37588 0
37589 1
37590 2
37591 0
37592 1
37593 2
37594 0
37595 1
37596 0
37597 1
37598 0
37599 2
37600 1
37601 0
37602 1
37603 0
37604 2
37605 0
37606 1
37607 0
37608 1
37609 0
37610 2
37611 1
37612 0
37613 1
37614 2
37615 0
37616 1
37617 0
37618 1
37619 0
37620 1
37621 2
37622 0
37623 1
37624 0
37625 1
37626 0
37627 1
37628 0
37629 1
37630 0
37631 2
37632 0
37633 1
37634 0
37635 2
37636 1
37637 0
37638 2
37639 1
37640 3
37641 2
37642 0
37643 1
37644 0
37645 1
37646 0
37647 2
37648 1
37649 0
37650 1
37651 2
37652 0
37653 2
37654 1
37655 0
37656 1
37657 0
37658 1
37659 0
37660 1
37661 0
37662 2
37663 0
37664 1
37665 0
37666 2
37667 0
37668 1
37669 2
37670 0
37671 1
37672 0
37673 1
37674 0
37675 1
37676 0
37677 1
37678 2
37679 0
37680 1
37681 0
37682 1
37683 0
37684 1
37685 0
37686 1
37687 0
37688 1
37689 0
37690 1
37691 2
37692 0
37693 2
37694 1
37695 0
37696 1
37697 0
37698 1
37699 0
37700 2
37701 0
37702 1
37703 0
37704 2
37705 1
37706 0
37707 1
37708 0
37709 1
37710 2
37711 0
37712 2
37713 1
37714 0
37715 2
37716 1
37717 0
37718 2
37719 1
37720 0
37721 1
37722 0
37723 1
37724 2
37725 1
37726 3
37727 0
37728 1
37729 0
37730 1
37731 2
37732 0
37733 2
37734 0
37735 2
37736 1
37737 0
37738 1
37739 0
37740 2
37741 1
37742 0
37743 1
37744 0
37745 1
37746 2
37747 1
37748 0
37749 1
37750 2
37751 0
37752 2
37753 1
37754 0
37755 2
37756 1
37757 0
37758 1
37759 0
37760 1
37761 2
37762 0
37763 1
37764 2
37765 0
37766 1
37767 2
37768 1
37769 0
37770 2
37771 1
37772 0
37773 1
37774 0
37775 1
37776 0
37777 2
37778 1
37779 0
37780 1
37781 0
37782 1
37783 0
37784 2
37785 1
37786 0
37787 1
37788 0
37789 1
37790 0
37791 2
37792 1
37793 2
37794 0
37795 1
37796 0
37797 1
37798 0
37799 2
37800 1
37801 2
37802 0
37803 2
37804 1
37805 0
37806 2
37807 1
37808 2
37809 1
37810 0
37811 1
37812 2
37813 0
37814 2
37815 1
37816 2
37817 0
37818 1
37819 2
37820 1
37821 2
37822 1
37823 0
37824 2
37825 1
37826 2
37827 0
37828 1
37829 2
37830 0
37831 1
37832 0
37833 2
37834 1
37835 0
37836 2
37837 1
37838 2
37839 1
37840 0
37841 1
37842 2
37843 1
37844 2
37845 0
37846 1
37847 0
37848 2
37849 1
37850 2
37851 1
37852 0
37853 2
37854 1
37855 0
37856 1
37857 0
37858 2
37859 1
37860 0
37861 1
37862 2
37863 0
37864 1
37865 2
37866 0
37867 1
37868 0
37869 1
37870 0
37871 1
37872 2
37873 0
37874 2
37875 1
37876 0
37877 1
37878 0
37879 1
37880 0
37881 2
37882 0
37883 2
37884 1
37885 0
37886 1
37887 2
37888 1
37889 0
37890 1
37891 0
37892 1
37893 2
37894 1
37895 0
37896 2
37897 0
37898 1
37899 0
37900 1
37901 0
37902 1
37903 2
37904 0
37905 2
37906 1
37907 0
37908 1
37909 2
37910 0
37911 1
37912 2
37913 0
37914 1
37915 2
37916 0
37917 1
37918 2
37919 0
37920 1
37921 0
37922 2
37923 0
37924 1
37925 2
37926 0
37927 2
37928 1
37929 0
37930 2
37931 3
37932 1
37933 0
37934 2
37935 1
37936 0
37937 1
37938 2
37939 0
37940 2
37941 1
37942 0
37943 1
37944 2
37945 0
37946 1
37947 2
37948 0
37949 2
37950 1
37951 2
37952 0
37953 1
37954 2
37955 0
37956 2
37957 1
37958 2
37959 0
37960 1
37961 0
37962 1
37963 2
37964 0
37965 2
37966 1
37967 2
37968 1
37969 0
37970 1
37971 0
37972 1
37973 0
37974 1
37975 2
37976 0
37977 1
37978 0
37979 2
37980 1
37981 0
37982 1
37983 0
37984 1
37985 0
37986 1
37987 0
37988 1
37989 0
37990 1
37991 0
37992 1
37993 0
37994 2
37995 1
37996 0
37997 1
37998 0
37999 1
38000 0
38001 1
38002 0
38003 1
38004 2
38005 0
38006 2
38007 0
38008 1
38009 0
38010 1
38011 0
38012 1
38013 2
38014 0
38015 2
38016 1
38017 0
38018 1
38019 0
38020 1
38021 2
38022 0
38023 1
38024 0
38025 2
38026 0
38027 1
38028 0
38029 2
38030 1
38031 2
38032 0
38033 1
38034 0
38035 2
38036 1
38037 2
38038 0
38039 1
38040 0
38041 1
38042 2
38043 1
38044 0
38045 1
38046 0
38047 2
38048 1
38049 0
38050 2
38051 1
38052 0
38053 1
38054 0
38055 1
38056 2
38057 1
38058 2
38059 1
38060 0
38061 1
38062 0
38063 2
38064 1
38065 2
38066 1
38067 2
38068 1
38069 2
38070 0
38071 2
38072 1
38073 0
38074 2
38075 1
38076 0
38077 2
38078 1
38079 2
38080 0
38081 1
38082 0
38083 1
38084 2
38085 0
38086 1
38087 2
38088 0
38089 1
38090 0
38091 1
38092 0
38093 1
38094 0
38095 1
38096 0
38097 1
38098 0
38099 1
38100 0
38101 2
38102 1
38103 0
38104 2
38105 1
38106 0
38107 2
38108 1
38109 2
38110 0
38111 2
38112 0
38113 1
38114 0
38115 1
38116 0
38117 1
38118 2
38119 0
38120 2
38121 1
38122 2
38123 0
38124 1
38125 0
38126 1
38127 0
38128 1
38129 0
38130 1
38131 2
38132 1
38133 2
38134 0
38135 1
38136 0
38137 1
38138 2
38139 0
38140 1
38141 0
38142 1
38143 0
38144 2
38145 1
38146 2
38147 0
38148 1
38149 0
38150 1
38151 0
38152 1
38153 2
38154 0
38155 1
38156 2
38157 0
38158 1
38159 0
38160 1
38161 0
38162 1
38163 0
38164 1
38165 0
38166 2
38167 0
38168 1
38169 0
38170 2
38171 0
38172 1
38173 0
38174 1
38175 2
38176 0
38177 1
38178 0
38179 1
38180 0
38181 1
38182 0
38183 1
38184 0
38185 1
38186 2
38187 0
38188 1
38189 2
38190 0
38191 1
38192 0
38193 1
38194 0
38195 2
38196 1
38197 0
38198 2
38199 1
38200 0
38201 2
38202 1
38203 2
38204 0
38205 1
38206 2
38207 0
38208 2
38209 1
38210 0
38211 1
38212 0
38213 1
38214 0
38215 1
38216 2
38217 0
38218 2
38219 1
38220 0
38221 1
38222 0
38223 1
38224 2
38225 1
38226 0
38227 1
38228 2
38229 0
38230 1
38231 0
38232 1
38233 0
38234 2
38235 1
38236 2
38237 0
38238 2
38239 0
38240 1
38241 3
38242 2
38243 1
38244 0
38245 2
38246 1
38247 2
38248 0
38249 1
38250 0
38251 1
38252 2
38253 0
38254 1
38255 2
38256 0
38257 1
38258 2
38259 0
38260 2
38261 0
38262 1
38263 2
38264 0
38265 2
38266 0
38267 1
38268 0
38269 2
38270 1
38271 0
38272 1
38273 0
38274 1
38275 0
38276 1
38277 2
38278 0
38279 2
38280 0
38281 2
38282 1
38283 0
38284 2
38285 1
38286 0
38287 2
38288 1
38289 0
38290 1
38291 0
38292 1
38293 0
38294 1
38295 0
38296 1
38297 0
38298 1
38299 2
38300 0
38301 1
38302 2
38303 1
38304 2
38305 1
38306 0
38307 1
38308 2
38309 1
38310 2
38311 1
38312 0
38313 1
38314 0
38315 1
38316 0
38317 2
38318 1
38319 0
38320 1
38321 2
38322 0
38323 1
38324 2
38325 0
38326 1
38327 2
38328 0
38329 2
38330 1
38331 0
38332 1
38333 0
38334 1
38335 0
38336 1
38337 2
38338 0
38339 2
38340 1
38341 0
38342 1
38343 2
38344 1
38345 2
38346 1
38347 0
38348 1
38349 0
38350 1
38351 2
38352 0
38353 1
38354 0
38355 1
38356 0
38357 1
38358 0
38359 2
38360 1
38361 0
38362 1
38363 2
38364 1
38365 0
38366 1
38367 0
38368 1
38369 0
38370 1
38371 0
38372 1
38373 0
38374 1
38375 0
38376 1
38377 0
38378 1
38379 0
38380 1
38381 0
38382 1
38383 0
38384 1
38385 0
38386 1
38387 0
38388 1
38389 2
38390 3
38391 0
38392 2
38393 0
38394 1
38395 0
38396 1
38397 0
38398 1
38399 2
38400 0
38401 1
38402 0
38403 2
38404 3
38405 0
38406 2
38407 1
38408 0
38409 1
38410 0
38411 2
38412 1
38413 0
38414 2
38415 0
38416 1
38417 2
38418 0
38419 2
38420 1
38421 0
38422 1
38423 0
38424 1
38425 0
38426 1
38427 0
38428 1
38429 0
38430 1
38431 0
38432 1
38433 0
38434 2
38435 0
38436 1
38437 2
38438 1
38439 0
38440 1
38441 2
38442 0
38443 2
38444 1
38445 2
38446 0
38447 1
38448 0
38449 1
38450 0
38451 2
38452 1
38453 2
38454 1
38455 2
38456 1
38457 0
38458 2
38459 0
38460 1
38461 0
38462 1
38463 2
38464 0
38465 1
38466 0
38467 1
38468 0
38469 1
38470 0
38471 1
38472 0
38473 1
38474 0
38475 2
38476 1
38477 0
38478 1
38479 0
38480 1
38481 0
38482 1
38483 0
38484 2
38485 1
38486 2
38487 0
38488 1
38489 0
38490 1
38491 2
38492 0
38493 1
38494 0
38495 2
38496 1
38497 0
38498 2
38499 1
38500 2
38501 0
38502 1
38503 0
38504 2
38505 1
38506 2
38507 1
38508 0
38509 1
38510 0
38511 2
38512 1
38513 0
38514 2
38515 0
38516 1
38517 2
38518 0
38519 2
38520 0
38521 1
38522 0
38523 2
38524 1
38525 0
38526 1
38527 2
38528 0
38529 1
38530 0
38531 1
38532 2
38533 1
38534 2
38535 0
38536 1
38537 0
38538 1
38539 0
38540 1
38541 0
38542 1
38543 0
38544 1
38545 0
38546 1
38547 2
38548 0
38549 1
38550 0
38551 1
38552 2
38553 0
38554 2
38555 1
38556 0
38557 1
38558 2
38559 0
38560 2
38561 1
38562 2
38563 0
38564 1
38565 0
38566 2
38567 1
38568 0
38569 2
38570 1
38571 2
38572 0
38573 2
38574 0
38575 1
38576 0
38577 2
38578 0
38579 1
38580 0
38581 1
38582 2
38583 0
38584 1
38585 0
38586 2
38587 1
38588 2
38589 0
38590 1
38591 0
38592 1
38593 2
38594 1
38595 2
38596 1
38597 0
38598 2
38599 1
38600 0
38601 1
38602 2
38603 0
38604 1
38605 2
38606 1
38607 0
38608 1
38609 2
38610 0
38611 2
38612 1
38613 2
38614 1
38615 0
38616 2
38617 0
38618 1
38619 2
38620 1
38621 0
38622 1
38623 0
38624 1
38625 2
38626 0
38627 1
38628 0
38629 1
38630 2
38631 0
38632 1
38633 2
38634 1
38635 0
38636 1
38637 0
38638 1
38639 0
38640 2
38641 1
38642 0
38643 1
38644 0
38645 1
38646 2
38647 0
38648 1
38649 0
38650 1
38651 0
38652 2
38653 1
38654 2
38655 1
38656 0
38657 2
38658 0
38659 2
38660 1
38661 2
38662 1
38663 0
38664 1
38665 0
38666 1
38667 0
38668 1
38669 0
38670 1
38671 0
38672 2
38673 1
38674 0
38675 2
38676 0
38677 1
38678 0
38679 1
38680 0
38681 1
38682 2
38683 0
38684 1
38685 2
38686 0
38687 2
38688 1
38689 0
38690 1
38691 0
38692 1
38693 0
38694 2
38695 0
38696 1
38697 0
38698 1
38699 0
38700 2
38701 1
38702 0
38703 1
38704 0
38705 1
38706 0
38707 1
38708 0
38709 2
38710 0
38711 1
38712 0
38713 2
38714 0
38715 1
38716 0
38717 2
38718 1
38719 0
38720 1
38721 2
38722 0
38723 1
38724 0
38725 1
38726 0
38727 2
38728 1
38729 0
38730 1
38731 2
38732 0
38733 1
38734 0
38735 2
38736 1
38737 0
38738 1
38739 2
38740 1
38741 0
38742 1
38743 0
38744 1
38745 0
38746 1
38747 0
38748 1
38749 0
38750 1
38751 0
38752 1
38753 2
38754 0
38755 1
38756 0
38757 2
38758 1
38759 0
38760 1
38761 2
38762 1
38763 2
38764 0
38765 1
38766 0
38767 1
38768 0
38769 1
38770 2
38771 0
38772 2
38773 1
38774 0
38775 1
38776 2
38777 0
38778 1
38779 0
38780 1
38781 0
38782 2
38783 1
38784 0
38785 1
38786 0
38787 2
38788 1
38789 2
38790 0
38791 1
38792 0
38793 2
38794 1
38795 2
38796 0
38797 1
38798 2
38799 0
38800 1
38801 0
38802 1
38803 0
38804 1
38805 0
38806 2
38807 1
38808 0
38809 2
38810 1
38811 2
38812 0
38813 2
38814 0
38815 1
38816 0
38817 1
38818 2
38819 0
38820 1
38821 0
38822 1
38823 0
38824 2
38825 1
38826 0
38827 1
38828 2
38829 0
38830 2
38831 1
38832 2
38833 0
38834 1
38835 2
38836 0
38837 1
38838 0
38839 2
38840 1
38841 0
38842 1
38843 0
38844 1
38845 0
38846 2
38847 1
38848 2
38849 1
38850 0
38851 1
38852 2
38853 0
38854 1
38855 0
38856 1
38857 0
38858 1
38859 0
38860 1
38861 0
38862 1
38863 0
38864 1
38865 0
38866 1
38867 2
38868 1
38869 0
38870 2
38871 1
38872 2
38873 0
38874 2
38875 1
38876 2
38877 0
38878 1
38879 0
38880 3
38881 2
38882 0
38883 1
38884 2
38885 1
38886 0
38887 1
38888 0
38889 1
38890 2
38891 1
38892 2
38893 1
38894 0
38895 2
38896 0
38897 1
38898 0
38899 1
38900 0
38901 1
38902 0
38903 1
38904 0
38905 1
38906 0
38907 1
38908 2
38909 1
38910 0
38911 1
38912 0
38913 1
38914 0
38915 1
38916 2
38917 0
38918 1
38919 0
38920 1
38921 0
38922 1
38923 0
38924 1
38925 0
38926 2
38927 1
38928 0
38929 1
38930 2
38931 1
38932 2
38933 0
38934 1
38935 0
38936 1
38937 0
38938 1
38939 0
38940 2
38941 1
38942 0
38943 1
38944 0
38945 2
38946 1
38947 2
38948 0
38949 2
38950 0
38951 2
38952 1
38953 0
38954 1
38955 0
38956 1
38957 2
38958 0
38959 1
38960 0
38961 1
38962 2
38963 0
38964 1
38965 2
38966 3
38967 0
38968 1
38969 0
38970 1
38971 0
38972 1
38973 0
38974 1
38975 0
38976 1
38977 0
38978 1
38979 0
38980 1
38981 2
38982 0
38983 1
38984 0
38985 1
38986 2
38987 1
38988 0
38989 1
38990 0
38991 1
38992 0
38993 3
38994 2
38995 0
38996 1
38997 2
38998 0
38999 2
39000 1
39001 0
39002 1
39003 0
39004 1
39005 0
39006 1
39007 0
39008 1
39009 0
39010 1
39011 2
39012 0
39013 2
39014 1
39015 0
39016 1
39017 2
39018 0
39019 1
39020 0
39021 1
39022 0
39023 1
39024 2
39025 0
39026 1
39027 0
39028 1
39029 0
39030 1
39031 0
39032 1
39033 0
39034 2
39035 1
39036 2
39037 0
39038 1
39039 2
39040 0
39041 1
39042 0
39043 2
39044 0
39045 1
39046 0
39047 1
39048 0
39049 1
39050 2
39051 0
39052 1
39053 0
39054 1
39055 2
39056 1
39057 0
39058 1
39059 0
39060 1
39061 0
39062 1
39063 0
39064 1
39065 0
39066 1
39067 2
39068 0
39069 2
39070 1
39071 2
39072 0
39073 1
39074 2
39075 0
39076 1
39077 0
39078 1
39079 0
39080 2
39081 1
39082 0
39083 2
39084 1
39085 0
39086 1
39087 2
39088 0
39089 1
39090 0
39091 2
39092 1
39093 0
39094 2
39095 0
39096 1
39097 0
39098 1
39099 0
39100 1
39101 0
39102 1
39103 0
39104 2
39105 1
39106 0
39107 1
39108 0
39109 2
39110 1
39111 0
39112 1
39113 0
39114 2
39115 3
39116 1
39117 2
39118 0
39119 1
39120 0
39121 2
39122 0
39123 2
39124 0
39125 1
39126 2
39127 1
39128 2
39129 0
39130 2
39131 1
39132 2
39133 0
39134 1
39135 0
39136 1
39137 0
39138 1
39139 0
39140 2
39141 1
39142 0
39143 1
39144 2
39145 0
39146 1
39147 2
39148 0
39149 1
39150 0
39151 2
39152 1
39153 2
39154 0
39155 1
39156 0
39157 1
39158 0
39159 2
39160 0
39161 1
39162 0
39163 2
39164 1
39165 0
39166 1
39167 0
39168 1
39169 2
39170 1
39171 2
39172 0
39173 1
39174 0
39175 1
39176 0
39177 1
39178 0
39179 1
39180 2
39181 0
39182 2
39183 0
39184 1
39185 0
39186 1
39187 0
39188 1
39189 0
39190 1
39191 2
39192 0
39193 1
39194 0
39195 1
39196 0
39197 1
39198 0
39199 1
39200 0
39201 2
39202 1
39203 0
39204 2
39205 1
39206 0
39207 2
39208 1
39209 0
39210 1
39211 0
39212 2
39213 1
39214 2
39215 0
39216 2
39217 0
39218 2
39219 1
39220 0
39221 2
39222 1
39223 0
39224 2
39225 1
39226 2
39227 1
39228 2
39229 0
39230 1
39231 0
39232 1
39233 2
39234 0
39235 1
39236 2
39237 0
39238 1
39239 2
39240 1
39241 2
39242 0
39243 1
39244 0
39245 1
39246 0
39247 1
39248 2
39249 0
39250 1
39251 2
39252 0
39253 1
39254 0
39255 1
39256 2
39257 0
39258 2
39259 1
39260 0
39261 1
39262 2
39263 0
39264 1
39265 2
39266 0
39267 1
39268 0
39269 1
39270 2
39271 0
39272 1
39273 0
39274 1
39275 0
39276 1
39277 2
39278 1
39279 2
39280 0
39281 1
39282 0
39283 2
39284 1
39285 0
39286 1
39287 0
39288 1
39289 2
39290 1
39291 2
39292 0
39293 1
39294 2
39295 0
39296 1
39297 0
39298 1
39299 0
39300 1
39301 0
39302 1
39303 0
39304 2
39305 1
39306 0
39307 1
39308 2
39309 0
39310 1
39311 0
39312 1
39313 2
39314 0
39315 2
39316 0
39317 1
39318 0
39319 1
39320 2
39321 0
39322 1
39323 2
39324 0
39325 1
39326 2
39327 0
39328 1
39329 0
39330 1
39331 2
39332 1
39333 0
39334 2
39335 1
39336 0
39337 2
39338 1
39339 2
39340 0
39341 1
39342 2
39343 0
39344 1
39345 0
39346 1
39347 2
39348 0
39349 1
39350 0
39351 2
39352 1
39353 0
39354 1
39355 0
39356 1
39357 0
39358 1
39359 2
39360 0
39361 1
39362 2
39363 0
39364 1
39365 0
39366 1
39367 2
39368 1
39369 2
39370 0
39371 1
39372 0
39373 1
39374 0
39375 1
39376 0
39377 1
39378 2
39379 0
39380 2
39381 1
39382 0
39383 1
39384 0
39385 1
39386 0
39387 2
39388 1
39389 0
39390 1
39391 2
39392 0
39393 1
39394 0
39395 1
39396 0
39397 1
39398 2
39399 0
39400 1
39401 0
39402 2
39403 1
39404 0
39405 1
39406 2
39407 1
39408 0
39409 1
39410 2
39411 0
39412 2
39413 1
39414 0
39415 1
39416 0
39417 1
39418 2
39419 1
39420 0
39421 1
39422 0
39423 1
39424 2
39425 0
39426 1
39427 0
39428 1
39429 0
39430 1
39431 0
39432 1
39433 0
39434 1
39435 0
39436 2
39437 1
39438 0
39439 1
39440 2
39441 1
39442 0
39443 2
39444 1
39445 2
39446 0
39447 2
39448 1
39449 0
39450 1
39451 0
39452 1
39453 0
39454 1
39455 0
39456 1
39457 0
39458 2
39459 0
39460 2
39461 0
39462 1
39463 0
39464 1
39465 2
39466 1
39467 0
39468 1
39469 2
39470 0
39471 1
39472 2
39473 0
39474 1
39475 0
39476 2
39477 1
39478 2
39479 0
39480 2
39481 1
39482 2
39483 1
39484 0
39485 1
39486 0
39487 1
39488 2
39489 0
39490 3
39491 2
39492 1
39493 0
39494 1
39495 0
39496 1
39497 2
39498 0
39499 1
39500 2
39501 0
39502 2
39503 0
39504 1
39505 0
39506 1
39507 0
39508 1
39509 0
39510 1
39511 0
39512 1
39513 0
39514 2
39515 0
39516 1
39517 0
39518 1
39519 0
39520 1
39521 2
39522 0
39523 1
39524 0
39525 1
39526 0
39527 1
39528 0
39529 1
39530 2
39531 0
39532 2
39533 1
39534 2
39535 0
39536 1
39537 0
39538 1
39539 2
39540 0
39541 2
39542 1
39543 0
39544 1
39545 0
39546 1
39547 0
39548 1
39549 0
39550 2
39551 1
39552 2
39553 0
39554 1
39555 0
39556 1
39557 0
39558 1
39559 0
39560 2
39561 1
39562 2
39563 0
39564 1
39565 2
39566 0
39567 1
39568 0
39569 1
39570 0
39571 2
39572 1
39573 2
39574 0
39575 1
39576 0
39577 1
39578 0
39579 2
39580 1
39581 0
39582 1
39583 0
39584 1
39585 2
39586 0
39587 2
39588 1
39589 0
39590 1
39591 0
39592 2
39593 0
39594 1
39595 0
39596 2
39597 1
39598 0
39599 1
39600 0
39601 1
39602 2
39603 0
39604 1
39605 0
39606 1
39607 0
39608 1
39609 0
39610 2
39611 1
39612 0
39613 1
39614 2
39615 1
39616 2
39617 0
39618 2
39619 1
39620 2
39621 0
39622 1
39623 2
39624 0
39625 2
39626 1
39627 0
39628 2
39629 1
39630 2
39631 0
39632 1
39633 0
39634 1
39635 0
39636 1
39637 0
39638 1
39639 2
39640 0
39641 1
39642 0
39643 1
39644 0
39645 1
39646 0
39647 1
39648 0
39649 2
39650 1
39651 0
39652 1
39653 0
39654 1
39655 0
39656 1
39657 2
39658 0
39659 2
39660 0
39661 1
39662 0
39663 2
39664 0
39665 2
39666 1
39667 2
39668 0
39669 1
39670 0
39671 1
39672 0
39673 2
39674 1
39675 0
39676 1
39677 0
39678 1
39679 0
39680 1
39681 0
39682 1
39683 2
39684 0
39685 1
39686 0
39687 1
39688 0
39689 1
39690 0
39691 1
39692 0
39693 2
39694 1
39695 2
39696 1
39697 0
39698 1
39699 2
39700 3
39701 0
39702 1
39703 0
39704 1
39705 0
39706 2
39707 1
39708 0
39709 1
39710 0
39711 1
39712 0
39713 1
39714 2
39715 0
39716 1
39717 2
39718 0
39719 1
39720 2
39721 0
39722 2
39723 1
39724 0
39725 1
39726 0
39727 1
39728 2
39729 0
39730 1
39731 0
39732 1
39733 0
39734 1
39735 0
39736 1
39737 0
39738 1
39739 0
39740 1
39741 2
39742 0
39743 1
39744 0
39745 1
39746 0
39747 2
39748 1
39749 0
39750 1
39751 0
39752 2
39753 0
39754 2
39755 0
39756 1
39757 0
39758 1
39759 0
39760 1
39761 0
39762 1
39763 2
39764 0
39765 1
39766 0
39767 2
39768 1
39769 0
39770 1
39771 0
39772 1
39773 0
39774 1
39775 0
39776 1
39777 0
39778 1
39779 0
39780 1
39781 0
39782 1
39783 0
39784 1
39785 0
39786 1
39787 0
39788 2
39789 0
39790 1
39791 0
39792 1
39793 0
39794 1
39795 0
39796 1
39797 0
39798 1
39799 0
39800 2
39801 0
39802 1
39803 2
39804 1
39805 0
39806 1
39807 0
39808 1
39809 0
39810 1
39811 0
39812 1
39813 0
39814 2
39815 0
39816 2
39817 1
39818 2
39819 0
39820 1
39821 0
39822 1
39823 0
39824 1
39825 2
39826 1
39827 0
39828 1
39829 2
39830 0
39831 2
39832 0
39833 1
39834 0
39835 1
39836 0
39837 1
39838 0
39839 1
39840 0
39841 1
39842 2
39843 1
39844 0
39845 1
39846 3
39847 0
39848 1
39849 2
39850 1
39851 0
39852 2
39853 1
39854 0
39855 2
39856 1
39857 0
39858 1
39859 0
39860 1
39861 0
39862 1
39863 0
39864 1
39865 0
39866 1
39867 0
39868 2
39869 1
39870 0
39871 1
39872 2
39873 0
39874 1
39875 0
39876 2
39877 1
39878 2
39879 1
39880 0
39881 1
39882 2
39883 0
39884 1
39885 0
39886 1
39887 0
39888 1
39889 0
39890 1
39891 0
39892 1
39893 0
39894 1
39895 0
39896 1
39897 0
39898 2
39899 1
39900 0
39901 1
39902 0
39903 2
39904 0
39905 1
39906 0
39907 2
39908 1
39909 2
39910 1
39911 0
39912 1
39913 0
39914 1
39915 2
39916 1
39917 2
39918 1
39919 0
39920 2
39921 0
39922 2
39923 1
39924 0
39925 2
39926 1
39927 0
39928 2
39929 1
39930 0
39931 1
39932 2
39933 0
39934 1
39935 0
39936 2
39937 1
39938 0
39939 1
39940 2
39941 1
39942 0
39943 1
39944 2
39945 1
39946 0
39947 2
39948 1
39949 0
39950 1
39951 0
39952 1
39953 2
39954 0
39955 1
39956 0
39957 2
39958 1
39959 0
39960 1
39961 2
39962 0
39963 1
39964 0
39965 2
39966 0
39967 1
39968 0
39969 1
39970 0
39971 1
39972 2
39973 0
39974 1
39975 2
39976 0
39977 1
39978 0
39979 1
39980 0
39981 1
39982 2
39983 0
39984 2
39985 1
39986 0
39987 1
39988 0
39989 1
39990 0
39991 1
39992 2
39993 0
39994 2
39995 1
39996 2
39997 0
39998 1
39999 0
40000 2
40001 0
40002 2
40003 1
40004 2
40005 0
40006 2
40007 1
40008 2
40009 0
40010 1
40011 0
40012 1
40013 0
40014 1
40015 0
40016 2
40017 1
40018 2
40019 0
40020 2
40021 0
40022 1
40023 2
40024 0
40025 1
40026 0
40027 2
40028 1
40029 0
40030 1
40031 2
40032 0
40033 2
40034 1
40035 0
40036 1
40037 0
40038 1
40039 0
40040 1
40041 0
40042 1
40043 0
40044 1
40045 0
40046 1
40047 2
40048 0
40049 1
40050 0
40051 1
40052 2
40053 1
40054 0
40055 1
40056 0
40057 1
40058 0
40059 1
40060 0
40061 1
40062 0
40063 1
40064 0
40065 1
40066 0
40067 1
40068 0
40069 2
40070 1
40071 0
40072 1
40073 0
40074 2
40075 0
40076 1
40077 0
40078 1
40079 2
40080 1
40081 2
40082 0
40083 1
40084 2
40085 0
40086 1
40087 0
40088 1
40089 0
40090 1
40091 2
40092 0
40093 1
40094 2
40095 0
40096 1
40097 0
40098 1
40099 2
40100 0
40101 1
40102 0
40103 1
40104 2
40105 0
40106 1
40107 0
40108 1
40109 0
40110 1
40111 0
40112 1
40113 0
40114 1
40115 2
40116 0
40117 2
40118 0
40119 2
40120 1
40121 0
40122 2
40123 1
40124 0
40125 1
40126 2
40127 0
40128 1
40129 0
40130 1
40131 3
40132 0
40133 1
40134 0
40135 1
40136 0
40137 2
40138 0
40139 1
40140 0
40141 1
40142 0
40143 1
40144 2
40145 0
40146 2
40147 1
40148 0
40149 1
40150 2
40151 0
40152 1
40153 0
40154 1
40155 0
40156 1
40157 2
40158 0
40159 1
40160 2
40161 0
40162 2
40163 1
40164 2
40165 0
40166 1
40167 2
40168 0
40169 1
40170 0
40171 1
40172 0
40173 2
40174 0
40175 1
40176 0
40177 1
40178 0
40179 1
40180 0
40181 1
40182 2
40183 1
40184 0
40185 1
40186 2
40187 0
40188 1
40189 2
40190 0
40191 2
40192 0
40193 1
40194 0
40195 1
40196 0
40197 1
40198 0
40199 1
40200 0
40201 1
40202 0
40203 2
40204 1
40205 0
40206 2
40207 1
40208 0
40209 2
40210 1
40211 2
40212 0
40213 1
40214 0
40215 1
40216 0
40217 1
40218 0
40219 1
40220 0
40221 1
40222 0
40223 1
40224 0
40225 1
40226 0
40227 1
40228 2
40229 0
40230 2
40231 0
40232 1
40233 2
40234 1
40235 0
40236 1
40237 0
40238 1
40239 0
40240 1
40241 0
40242 1
40243 2
40244 1
40245 2
40246 0
40247 1
40248 0
40249 2
40250 1
40251 2
40252 0
40253 1
40254 2
40255 1
40256 2
40257 0
40258 1
40259 2
40260 1
40261 0
40262 1
40263 0
40264 2
40265 0
40266 1
40267 2
40268 0
40269 1
40270 0
40271 1
40272 0
40273 1
40274 2
40275 0
40276 2
40277 1
40278 0
40279 1
40280 0
40281 1
40282 2
40283 1
40284 0
40285 1
40286 0
40287 1
40288 0
40289 2
40290 0
40291 1
40292 0
40293 2
40294 0
40295 2
40296 1
40297 0
40298 1
40299 0
40300 1
40301 0
40302 1
40303 0
40304 1
40305 2
40306 0
40307 1
40308 0
40309 1
40310 0
40311 1
40312 2
40313 0
40314 1
40315 0
40316 2
40317 1
40318 0
40319 1
40320 0
40321 1
40322 0
40323 1
40324 0
40325 1
40326 0
40327 1
40328 0
40329 1
40330 2
40331 0
40332 1
40333 2
40334 0
40335 1
40336 0
40337 2
40338 1
40339 0
40340 1
40341 0
40342 1
40343 0
40344 1
40345 0
40346 1
40347 0
40348 1
40349 2
40350 0
40351 2
40352 0
40353 2
40354 1
40355 2
40356 3
40357 1
40358 2
40359 0
40360 2
40361 1
40362 0
40363 1
40364 0
40365 2
40366 1
40367 0
40368 2
40369 0
40370 2
40371 1
40372 0
40373 1
40374 0
40375 1
40376 2
40377 0
40378 1
40379 2
40380 0
40381 2
40382 1
40383 0
40384 1
40385 0
40386 1
40387 0
40388 1
40389 2
40390 0
40391 2
40392 1
40393 0
40394 2
40395 1
40396 0
40397 2
40398 0
40399 1
40400 2
40401 0
40402 1
40403 0
40404 2
40405 1
40406 0
40407 1
40408 0
40409 2
40410 1
40411 0
40412 1
40413 2
40414 0
40415 1
40416 0
40417 1
40418 2
40419 0
40420 1
40421 0
40422 2
40423 1
40424 0
40425 1
40426 0
40427 2
40428 1
40429 0
40430 2
40431 1
40432 0
40433 2
40434 0
40435 1
40436 0
40437 1
40438 2
40439 0
40440 1
40441 0
40442 1
40443 0
40444 1
40445 0
40446 1
40447 0
40448 1
40449 0
40450 2
40451 1
40452 0
40453 1
40454 0
40455 1
40456 2
40457 0
40458 1
40459 0
40460 1
40461 0
40462 1
40463 2
40464 0
40465 2
40466 1
40467 2
40468 1
40469 0
40470 2
40471 1
40472 0
40473 2
40474 1
40475 0
40476 2
40477 1
40478 2
40479 0
40480 1
40481 0
40482 1
40483 2
40484 1
40485 2
40486 0
40487 1
40488 0
40489 1
40490 0
40491 1
40492 0
40493 1
40494 0
40495 1
40496 0
40497 1
40498 2
40499 0
40500 2
40501 1
40502 0
40503 1
40504 0
40505 1
40506 2
40507 0
40508 1
40509 0
40510 1
40511 0
40512 1
40513 0
40514 2
40515 1
40516 2
40517 1
40518 0
40519 1
40520 0
40521 1
40522 0
40523 2
40524 1
40525 2
40526 0
40527 1
40528 2
40529 0
40530 1
40531 2
40532 0
40533 2
40534 1
40535 2
40536 0
40537 2
40538 0
40539 1
40540 2
40541 0
40542 1
40543 0
40544 1
40545 2
40546 0
40547 2
40548 1
40549 2
40550 0
40551 1
40552 0
40553 1
40554 2
40555 1
40556 0
40557 1
40558 0
40559 1
40560 2
40561 0
40562 2
40563 1
40564 0
40565 1
40566 2
40567 1
40568 2
40569 0
40570 1
40571 2
40572 0
40573 1
40574 0
40575 1
40576 0
40577 1
40578 2
40579 0
40580 1
40581 0
40582 1
40583 0
40584 1
40585 0
40586 2
40587 1
40588 0
40589 1
40590 0
40591 1
40592 0
40593 1
40594 0
40595 1
40596 0
40597 1
40598 0
40599 2
40600 1
40601 0
40602 1
40603 0
40604 1
40605 0
40606 1
40607 0
40608 1
40609 0
40610 1
40611 0
40612 1
40613 0
40614 1
40615 2
40616 0
40617 1
40618 2
40619 1
40620 2
40621 0
40622 1
40623 2
40624 1
40625 2
40626 0
40627 2
40628 1
40629 2
40630 0
40631 1
40632 0
40633 1
40634 0
40635 1
40636 2
40637 0
40638 2
40639 0
40640 1
40641 0
40642 2
40643 0
40644 2
40645 0
40646 2
40647 0
40648 1
40649 2
40650 0
40651 1
40652 0
40653 1
40654 2
40655 0
40656 1
40657 0
40658 1
40659 0
40660 2
40661 0
40662 1
40663 0
40664 1
40665 0
40666 2
40667 1
40668 2
40669 0
40670 1
40671 0
40672 1
40673 2
40674 0
40675 1
40676 0
40677 1
40678 0
40679 1
40680 0
40681 1
40682 0
40683 1
40684 0
40685 1
40686 0
40687 1
40688 0
40689 1
40690 0
40691 1
40692 0
40693 1
40694 0
40695 1
40696 2
40697 1
40698 0
40699 2
40700 1
40701 0
40702 1
40703 0
40704 1
40705 0
40706 3
40707 2
40708 1
40709 2
40710 0
40711 2
40712 1
40713 0
40714 1
40715 2
40716 0
40717 1
40718 0
40719 1
40720 0
40721 1
40722 0
40723 2
40724 1
40725 0
40726 2
40727 0
40728 1
40729 0
40730 1
40731 2
40732 0
40733 1
40734 0
40735 1
40736 0
40737 1
40738 0
40739 1
40740 0
40741 1
40742 0
40743 1
40744 2
40745 0
40746 2
40747 1
40748 0
40749 2
40750 1
40751 0
40752 1
40753 0
40754 1
40755 0
40756 1
40757 0
40758 1
40759 0
40760 1
40761 0
40762 1
40763 0
40764 1
40765 2
40766 0
40767 1
40768 0
40769 1
40770 0
40771 1
40772 0
40773 1
40774 0
40775 2
40776 1
40777 0
40778 1
40779 0
40780 1
40781 0
40782 2
40783 1
40784 2
40785 0
40786 2
40787 1
40788 0
40789 1
40790 2
40791 0
40792 2
40793 1
40794 0
40795 2
40796 1
40797 2
40798 0
40799 1
40800 0
40801 1
40802 0
40803 2
40804 1
40805 2
40806 0
40807 2
40808 0
40809 2
40810 1
40811 0
40812 1
40813 2
40814 0
40815 2
40816 1
40817 0
40818 1
40819 0
40820 1
40821 0
40822 2
40823 1
40824 2
40825 0
40826 1
40827 2
40828 0
40829 1
40830 0
40831 1
40832 0
40833 1
40834 2
40835 0
40836 1
40837 0
40838 1
40839 0
40840 1
40841 0
40842 1
40843 2
40844 1
40845 0
40846 1
40847 0
40848 2
40849 1
40850 0
40851 2
40852 1
40853 0
40854 1
40855 0
40856 1
40857 0
40858 2
40859 1
40860 3
40861 0
40862 2
40863 0
40864 1
40865 0
40866 1
40867 0
40868 1
40869 0
40870 1
40871 0
40872 1
40873 0
40874 1
40875 0
40876 2
40877 0
40878 1
40879 3
40880 2
40881 0
40882 1
40883 0
40884 2
40885 1
40886 2
40887 0
40888 1
40889 0
40890 2
40891 1
40892 2
40893 0
40894 2
40895 1
40896 2
40897 3
40898 1
40899 0
40900 2
40901 0
40902 1
40903 2
40904 1
40905 0
40906 2
40907 1
40908 2
40909 0
40910 1
40911 2
40912 0
40913 1
40914 0
40915 2
40916 1
40917 2
40918 0
40919 1
40920 2
40921 0
40922 1
40923 0
40924 2
40925 0
40926 1
40927 2
40928 0
40929 1
40930 2
40931 0
40932 1
40933 0
40934 1
40935 0
40936 1
40937 0
40938 2
40939 1
40940 2
40941 0
40942 1
40943 0
40944 2
40945 1
40946 2
40947 0
40948 2
40949 1
40950 0
40951 1
40952 0
40953 2
40954 1
40955 0
40956 2
40957 1
40958 0
40959 1
40960 2
40961 0
40962 1
40963 0
40964 1
40965 0
40966 1
40967 0
40968 1
40969 2
40970 0
40971 2
40972 1
40973 0
40974 1
40975 2
40976 0
40977 1
40978 0
40979 1
40980 0
40981 2
40982 1
40983 2
40984 0
40985 2
40986 0
40987 2
40988 1
40989 2
40990 1
40991 2
40992 0
40993 1
40994 2
40995 0
40996 1
40997 2
40998 0
40999 1
41000 0
41001 1
41002 0
41003 2
41004 1
41005 0
41006 1
41007 0
41008 1
41009 2
41010 0
41011 1
41012 0
41013 2
41014 1
41015 0
41016 1
41017 0
41018 1
41019 2
41020 0
41021 1
41022 0
41023 1
41024 0
41025 1
41026 0
41027 2
41028 0
41029 1
41030 0
41031 1
41032 0
41033 2
41034 1
41035 0
41036 1
41037 2
41038 0
41039 1
41040 0
41041 2
41042 1
41043 2
41044 0
41045 2
41046 1
41047 0
41048 1
41049 2
41050 1
41051 0
41052 2
41053 1
41054 0
41055 2
41056 1
41057 0
41058 2
41059 1
41060 0
41061 1
41062 2
41063 0
41064 1
41065 0
41066 1
41067 0
41068 2
41069 1
41070 0
41071 1
41072 0
41073 1
41074 0
41075 1
41076 3
41077 0
41078 1
41079 0
41080 1
41081 2
41082 0
41083 1
41084 0
41085 1
41086 2
41087 0
41088 1
41089 2
41090 0
41091 1
41092 2
41093 0
41094 2
41095 1
41096 2
41097 3
41098 0
41099 1
41100 0
41101 1
41102 0
41103 1
41104 0
41105 1
41106 0
41107 1
41108 0
41109 1
41110 0
41111 1
41112 2
41113 0
41114 1
41115 0
41116 3
41117 1
41118 0
41119 1
41120 0
41121 1
41122 0
41123 1
41124 2
41125 1
41126 0
41127 2
41128 1
41129 0
41130 1
41131 0
41132 1
41133 0
41134 1
41135 0
41136 1
41137 0
41138 2
41139 1
41140 0
41141 2
41142 1
41143 0
41144 1
41145 0
41146 1
41147 0
41148 1
41149 2
41150 0
41151 1
41152 2
41153 0
41154 1
41155 0
41156 2
41157 1
41158 0
41159 1
41160 0
41161 1
41162 2
41163 1
41164 0
41165 1
41166 0
41167 2
41168 1
41169 0
41170 1
41171 0
41172 1
41173 0
41174 2
41175 1
41176 0
41177 1
41178 2
41179 0
41180 2
41181 0
41182 1
41183 2
41184 0
41185 1
41186 2
41187 0
41188 1
41189 0
41190 1
41191 2
41192 0
41193 1
41194 0
41195 1
41196 0
41197 1
41198 2
41199 0
41200 1
41201 2
41202 1
41203 0
41204 1
41205 0
41206 2
41207 0
41208 1
41209 0
41210 1
41211 2
41212 0
41213 2
41214 1
41215 2
41216 0
41217 2
41218 1
41219 2
41220 0
41221 1
41222 2
41223 1
41224 2
41225 0
41226 1
41227 0
41228 1
41229 2
41230 0
41231 1
41232 0
41233 2
41234 1
41235 2
41236 0
41237 1
41238 2
41239 1
41240 0
41241 2
41242 1
41243 0
41244 1
41245 2
41246 1
41247 0
41248 1
41249 0
41250 1
41251 0
41252 1
41253 0
41254 2
41255 0
41256 2
41257 1
41258 2
41259 0
41260 2
41261 1
41262 0
41263 1
41264 0
41265 1
41266 0
41267 1
41268 0
41269 1
41270 0
41271 1
41272 0
41273 1
41274 0
41275 2
41276 1
41277 0
41278 1
41279 2
41280 1
41281 0
41282 1
41283 0
41284 1
41285 0
41286 1
41287 0
41288 1
41289 2
41290 0
41291 1
41292 0
41293 1
41294 2
41295 0
41296 1
41297 0
41298 1
41299 2
41300 0
41301 1
41302 2
41303 1
41304 0
41305 1
41306 0
41307 2
41308 1
41309 2
41310 0
41311 2
41312 1
41313 0
41314 1
41315 0
41316 1
41317 0
41318 1
41319 0
41320 1
41321 3
41322 2
41323 0
41324 1
41325 0
41326 3
41327 1
41328 0
41329 1
41330 0
41331 1
41332 0
41333 1
41334 2
41335 0
41336 1
41337 0
41338 1
41339 0
41340 1
41341 2
41342 0
41343 1
41344 2
41345 0
41346 1
41347 0
41348 1
41349 0
41350 1
41351 0
41352 1
41353 2
41354 0
41355 1
41356 0
41357 1
41358 0
41359 2
41360 1
41361 0
41362 1
41363 2
41364 0
41365 2
41366 1
41367 2
41368 0
41369 1
41370 2
41371 0
41372 1
41373 0
41374 2
41375 1
41376 2
41377 1
41378 0
41379 1
41380 0
41381 1
41382 2
41383 0
41384 1
41385 0
41386 1
41387 2
41388 0
41389 1
41390 2
41391 1
41392 2
41393 0
41394 1
41395 2
41396 0
41397 1
41398 0
41399 2
41400 1
41401 0
41402 1
41403 2
41404 0
41405 1
41406 0
41407 1
41408 0
41409 1
41410 2
41411 0
41412 1
41413 2
41414 0
41415 1
41416 2
41417 0
41418 2
41419 1
41420 0
41421 2
41422 1
41423 0
41424 2
41425 1
41426 2
41427 0
41428 1
41429 2
41430 0
41431 1
41432 0
41433 2
41434 1
41435 2
41436 0
41437 2
41438 0
41439 1
41440 0
41441 2
41442 1
41443 2
41444 0
41445 2
41446 1
41447 0
41448 1
41449 0
41450 1
41451 0
41452 1
41453 0
41454 1
41455 0
41456 2
41457 1
41458 2
41459 1
41460 0
41461 1
41462 2
41463 0
41464 1
41465 0
41466 1
41467 0
41468 1
41469 0
41470 1
41471 2
41472 0
41473 1
41474 0
41475 1
41476 0
41477 1
41478 2
41479 0
41480 2
41481 1
41482 2
41483 1
41484 2
41485 1
41486 0
41487 2
41488 0
41489 2
41490 1
41491 0
41492 1
41493 2
41494 1
41495 2
41496 0
41497 1
41498 2
41499 0
41500 2
41501 1
41502 2
41503 0
41504 1
41505 2
41506 0
41507 1
41508 0
41509 1
41510 0
41511 1
41512 0
41513 2
41514 1
41515 0
41516 2
41517 1
41518 0
41519 1
41520 0
41521 1
41522 0
41523 2
41524 1
41525 2
41526 0
41527 1
41528 2
41529 1
41530 0
41531 1
41532 2
41533 0
41534 2
41535 1
41536 0
41537 1
41538 0
41539 1
41540 0
41541 2
41542 0
41543 1
41544 0
41545 1
41546 0
41547 1
41548 0
41549 1
41550 0
41551 1
41552 0
41553 2
41554 0
41555 1
41556 0
41557 2
41558 3
41559 1
41560 2
41561 0
41562 2
41563 0
41564 1
41565 0
41566 1
41567 0
41568 1
41569 2
41570 0
41571 1
41572 0
41573 1
41574 2
41575 0
41576 2
41577 1
41578 2
41579 1
41580 0
41581 1
41582 2
41583 0
41584 1
41585 0
41586 1
41587 0
41588 1
41589 0
41590 1
41591 0
41592 1
41593 0
41594 1
41595 2
41596 0
41597 1
41598 2
41599 0
41600 2
41601 1
41602 0
41603 2
41604 0
41605 2
41606 1
41607 2
41608 0
41609 1
41610 0
41611 1
41612 2
41613 0
41614 1
41615 2
41616 0
41617 2
41618 0
41619 1
41620 0
41621 1
41622 0
41623 1
41624 0
41625 2
41626 0
41627 1
41628 2
41629 0
41630 1
41631 2
41632 1
41633 0
41634 1
41635 2
41636 0
41637 1
41638 2
41639 0
41640 1
41641 0
41642 1
41643 2
41644 0
41645 1
41646 0
41647 1
41648 0
41649 2
41650 1
41651 0
41652 1
41653 0
41654 2
41655 0
41656 1
41657 2
41658 0
41659 1
41660 0
41661 2
41662 0
41663 1
41664 0
41665 2
41666 1
41667 2
41668 0
41669 1
41670 0
41671 1
41672 2
41673 0
41674 1
41675 2
41676 0
41677 1
41678 0
41679 1
41680 2
41681 0
41682 1
41683 0
41684 2
41685 1
41686 0
41687 1
41688 2
41689 0
41690 1
41691 0
41692 2
41693 1
41694 0
41695 1
41696 0
41697 1
41698 0
41699 1
41700 0
41701 1
41702 2
41703 0
41704 1
41705 2
41706 0
41707 1
41708 2
41709 1
41710 0
41711 2
41712 1
41713 2
41714 1
41715 0
41716 2
41717 0
41718 1
41719 2
41720 0
41721 1
41722 0
41723 2
41724 0
41725 1
41726 2
41727 0
41728 2
41729 0
41730 1
41731 0
41732 2
41733 1
41734 2
41735 0
41736 1
41737 0
41738 1
41739 0
41740 1
41741 0
41742 1
41743 0
41744 1
41745 0
41746 1
41747 0
41748 2
41749 1
41750 0
41751 1
41752 0
41753 1
41754 0
41755 1
41756 0
41757 1
41758 2
41759 0
41760 2
41761 1
41762 2
41763 0
41764 1
41765 0
41766 1
41767 0
41768 1
41769 2
41770 1
41771 2
41772 0
41773 1
41774 2
41775 0
41776 1
41777 0
41778 1
41779 0
41780 1
41781 0
41782 2
41783 1
41784 2
41785 0
41786 1
41787 2
41788 0
41789 1
41790 0
41791 1
41792 0
41793 1
41794 2
41795 0
41796 1
41797 0
41798 1
41799 2
41800 1
41801 0
41802 1
41803 0
41804 1
41805 0
41806 2
41807 1
41808 2
41809 0
41810 2
41811 1
41812 0
41813 2
41814 1
41815 2
41816 0
41817 1
41818 0
41819 2
41820 1
41821 2
41822 0
41823 1
41824 0
41825 2
41826 1
41827 0
41828 1
41829 0
41830 1
41831 2
41832 0
41833 1
41834 2
41835 1
41836 2
41837 1
41838 0
41839 1
41840 0
41841 1
41842 0
41843 2
41844 3
41845 0
41846 1
41847 0
41848 1
41849 2
41850 1
41851 2
41852 0
41853 1
41854 0
41855 1
41856 0
41857 2
41858 0
41859 2
41860 1
41861 0
41862 1
41863 2
41864 0
41865 1
41866 0
41867 2
41868 1
41869 0
41870 1
41871 2
41872 0
41873 1
41874 2
41875 0
41876 1
41877 0
41878 1
41879 0
41880 1
41881 0
41882 1
41883 2
41884 0
41885 1
41886 0
41887 1
41888 2
41889 0
41890 1
41891 0
41892 1
41893 0
41894 2
41895 1
41896 0
41897 1
41898 2
41899 0
41900 2
41901 3
41902 1
41903 2
41904 0
41905 1
41906 2
41907 0
41908 1
41909 0
41910 1
41911 2
41912 0
41913 1
41914 0
41915 2
41916 1
41917 0
41918 2
41919 1
41920 2
41921 0
41922 1
41923 2
41924 0
41925 2
41926 0
41927 1
41928 0
41929 2
41930 0
41931 2
41932 1
41933 0
41934 1
41935 0
41936 2
41937 1
41938 0
41939 1
41940 2
41941 0
41942 1
41943 2
41944 0
41945 1
41946 2
41947 0
41948 1
41949 2
41950 1
41951 0
41952 1
41953 0
41954 1
41955 0
41956 2
41957 1
41958 0
41959 2
41960 1
41961 0
41962 1
41963 2
41964 0
41965 1
41966 0
41967 1
41968 2
41969 0
41970 2
41971 1
41972 0
41973 1
41974 2
41975 1
41976 2
41977 0
41978 1
41979 0
41980 1
41981 0
41982 1
41983 0
41984 1
41985 0
41986 1
41987 3
41988 0
41989 1
41990 0
41991 1
41992 2
41993 0
41994 2
41995 1
41996 2
41997 0
41998 1
41999 2
42000 0
42001 1
42002 2
42003 0
42004 2
42005 1
42006 2
42007 0
42008 1
42009 0
42010 1
42011 2
42012 1
42013 0
42014 2
42015 1
42016 0
42017 1
42018 0
42019 2
42020 1
42021 0
42022 1
42023 0
42024 2
42025 1
42026 0
42027 1
42028 2
42029 0
42030 1
42031 0
42032 2
42033 1
42034 2
42035 1
42036 0
42037 1
42038 2
42039 0
42040 1
42041 2
42042 3
42043 1
42044 2
42045 1
42046 0
42047 2
42048 0
42049 2
42050 0
42051 1
42052 0
42053 2
42054 1
42055 0
42056 1
42057 2
42058 0
42059 1
42060 0
42061 1
42062 0
42063 1
42064 0
42065 1
42066 0
42067 1
42068 0
42069 1
42070 2
42071 1
42072 0
42073 1
42074 0
42075 1
42076 0
42077 2
42078 1
42079 0
42080 1
42081 0
42082 1
42083 2
42084 0
42085 1
42086 2
42087 0
42088 1
42089 2
42090 3
42091 1
42092 0
42093 1
42094 0
42095 1
42096 0
42097 1
42098 0
42099 1
42100 0
42101 1
42102 0
42103 1
42104 2
42105 0
42106 1
42107 2
42108 1
42109 0
42110 1
42111 2
42112 0
42113 1
42114 0
42115 1
42116 0
42117 1
42118 0
42119 1
42120 0
42121 1
42122 0
42123 1
42124 0
42125 2
42126 1
42127 0
42128 1
42129 0
42130 1
42131 2
42132 0
42133 1
42134 0
42135 1
42136 0
42137 1
42138 0
42139 1
42140 0
42141 1
42142 0
42143 2
42144 1
42145 2
42146 0
42147 1
42148 0
42149 1
42150 0
42151 1
42152 0
42153 1
42154 0
42155 1
42156 2
42157 1
42158 2
42159 1
42160 2
42161 0
42162 1
42163 2
42164 0
42165 1
42166 0
42167 1
42168 0
42169 1
42170 0
42171 1
42172 0
42173 1
42174 0
42175 1
42176 0
42177 2
42178 1
42179 2
42180 0
42181 1
42182 0
42183 1
42184 0
42185 1
42186 0
42187 1
42188 2
42189 1
42190 0
42191 1
42192 2
42193 0
42194 1
42195 0
42196 2
42197 0
42198 1
42199 2
42200 0
42201 1
42202 0
42203 1
42204 0
42205 1
42206 2
42207 0
42208 1
42209 0
42210 2
42211 0
42212 2
42213 1
42214 0
42215 1
42216 0
42217 1
42218 2
42219 0
42220 1
42221 0
42222 1
42223 2
42224 0
42225 1
42226 2
42227 0
42228 1
42229 2
42230 0
42231 1
42232 0
42233 1
42234 0
42235 1
42236 0
42237 1
42238 2
42239 0
42240 2
42241 1
42242 0
42243 2
42244 1
42245 0
42246 2
42247 0
42248 1
42249 0
42250 1
42251 0
42252 2
42253 1
42254 2
42255 0
42256 1
42257 0
42258 1
42259 0
42260 2
42261 1
42262 0
42263 2
42264 1
42265 0
42266 2
42267 1
42268 0
42269 1
42270 0
42271 1
42272 0
42273 1
42274 0
42275 2
42276 0
42277 1
42278 2
42279 0
42280 1
42281 2
42282 1
42283 2
42284 0
42285 2
42286 0
42287 1
42288 2
42289 1
42290 0
42291 1
42292 0
42293 2
42294 1
42295 2
42296 0
42297 1
42298 2
42299 0
42300 2
42301 1
42302 2
42303 0
42304 1
42305 0
42306 1
42307 2
42308 0
42309 2
42310 1
42311 0
42312 1
42313 2
42314 1
42315 0
42316 2
42317 0
42318 2
42319 1
42320 0
42321 1
42322 2
42323 0
42324 1
42325 2
42326 0
42327 1
42328 0
42329 1
42330 0
42331 1
42332 2
42333 0
42334 1
42335 0
42336 1
42337 0
42338 1
42339 0
42340 2
42341 1
42342 2
42343 0
42344 1
42345 2
42346 0
42347 2
42348 1
42349 2
42350 1
42351 2
42352 3
42353 0
42354 1
42355 0
42356 1
42357 0
42358 2
42359 1
42360 0
42361 1
42362 0
42363 1
42364 0
42365 1
42366 2
42367 0
42368 1
42369 2
42370 1
42371 0
42372 1
42373 0
42374 2
42375 1
42376 0
42377 1
42378 2
42379 1
42380 0
42381 1
42382 0
42383 1
42384 0
42385 1
42386 0
42387 1
42388 0
42389 1
42390 2
42391 0
42392 1
42393 0
42394 2
42395 0
42396 2
42397 0
42398 1
42399 0
42400 1
42401 2
42402 0
42403 2
42404 1
42405 0
42406 2
42407 3
42408 1
42409 0
42410 1
42411 0
42412 1
42413 2
42414 0
42415 1
42416 0
42417 1
42418 0
42419 1
42420 2
42421 0
42422 1
42423 2
42424 0
42425 1
42426 0
42427 2
42428 1
42429 0
42430 1
42431 0
42432 1
42433 0
42434 1
42435 0
42436 2
42437 1
42438 0
42439 1
42440 0
42441 1
42442 2
42443 0
42444 1
42445 0
42446 2
42447 1
42448 0
42449 1
42450 0
42451 2
42452 1
42453 0
42454 1
42455 2
42456 0
42457 2
42458 1
42459 0
42460 1
42461 0
42462 2
42463 0
42464 1
42465 0
42466 1
42467 0
42468 1
42469 2
42470 0
42471 1
42472 2
42473 0
42474 2
42475 0
42476 1
42477 2
42478 0
42479 1
42480 2
42481 1
42482 0
42483 1
42484 2
42485 0
42486 1
42487 2
42488 0
42489 1
42490 0
42491 1
42492 0
42493 1
42494 2
42495 1
42496 0
42497 1
42498 0
42499 2
42500 1
42501 2
42502 0
42503 1
42504 0
42505 2
42506 1
42507 0
42508 1
42509 0
42510 1
42511 0
42512 1
42513 2
42514 0
42515 1
42516 0
42517 1
42518 0
42519 1
42520 0
42521 1
42522 0
42523 1
42524 2
42525 1
42526 0
42527 2
42528 1
42529 2
42530 0
42531 1
42532 0
42533 1
42534 2
42535 1
42536 0
42537 1
42538 2
42539 0
42540 1
42541 0
42542 2
42543 0
42544 1
42545 0
42546 1
42547 0
42548 1
42549 0
42550 1
42551 2
42552 1
42553 2
42554 0
42555 2
42556 1
42557 2
42558 0
42559 1
42560 2
42561 0
42562 2
42563 1
42564 2
42565 1
42566 0
42567 1
42568 0
42569 2
42570 1
42571 0
42572 1
42573 0
42574 1
42575 2
42576 0
42577 1
42578 2
42579 0
42580 1
42581 0
42582 1
42583 2
42584 0
42585 2
42586 0
42587 1
42588 0
42589 1
42590 2
42591 0
42592 1
42593 0
42594 1
42595 2
42596 0
42597 1
42598 0
42599 1
42600 0
42601 1
42602 0
42603 1
42604 0
42605 1
42606 0
42607 1
42608 0
42609 1
42610 0
42611 1
42612 0
42613 1
42614 2
42615 0
42616 1
42617 0
42618 1
42619 0
42620 1
42621 2
42622 1
42623 2
42624 1
42625 0
42626 1
42627 2
42628 0
42629 2
42630 1
42631 2
42632 0
42633 1
42634 0
42635 1
42636 0
42637 2
42638 1
42639 0
42640 1
42641 0
42642 2
42643 1
42644 0
42645 2
42646 1
42647 0
42648 1
42649 0
42650 1
42651 0
42652 1
42653 0
42654 1
42655 0
42656 1
42657 0
42658 1
42659 0
42660 1
42661 0
42662 2
42663 1
42664 0
42665 1
42666 0
42667 2
42668 1
42669 0
42670 2
42671 1
42672 0
42673 1
42674 0
42675 1
42676 2
42677 1
42678 0
42679 1
42680 0
42681 1
42682 0
42683 2
42684 1
42685 0
42686 1
42687 0
42688 1
42689 2
42690 1
42691 0
42692 2
42693 1
42694 0
42695 1
42696 0
42697 2
42698 1
42699 2
42700 0
42701 1
42702 0
42703 1
42704 0
42705 1
42706 2
42707 0
42708 1
42709 2
42710 1
42711 0
42712 1
42713 0
42714 1
42715 0
42716 1
42717 0
42718 2
42719 1
42720 0
42721 2
42722 1
42723 0
42724 1
42725 2
42726 0
42727 2
42728 1
42729 2
42730 1
42731 2
42732 0
42733 1
42734 0
42735 2
42736 1
42737 0
42738 1
42739 0
42740 1
42741 0
42742 2
42743 1
42744 2
42745 0
42746 1
42747 0
42748 1
42749 0
42750 1
42751 0
42752 1
42753 2
42754 0
42755 2
42756 1
42757 0
42758 1
42759 0
42760 1
42761 0
42762 1
42763 2
42764 0
42765 1
42766 0
42767 1
42768 2
42769 1
42770 0
42771 2
42772 0
42773 2
42774 1
42775 2
42776 0
42777 2
42778 1
42779 2
42780 0
42781 1
42782 0
42783 1
42784 0
42785 1
42786 0
42787 1
42788 0
42789 1
42790 0
42791 1
42792 0
42793 1
42794 0
42795 1
42796 0
42797 1
42798 0
42799 2
42800 1
42801 0
42802 2
42803 1
42804 2
42805 1
42806 0
42807 1
42808 0
42809 1
42810 0
42811 2
42812 1
42813 2
42814 1
42815 0
42816 1
42817 0
42818 2
42819 1
42820 0
42821 1
42822 0
42823 2
42824 1
42825 0
42826 1
42827 0
42828 1
42829 2
42830 0
42831 1
42832 0
42833 1
42834 0
42835 2
42836 1
42837 0
42838 1
42839 0
42840 1
42841 2
42842 1
42843 0
42844 1
42845 2
42846 0
42847 1
42848 0
42849 1
42850 0
42851 1
42852 2
42853 0
42854 1
42855 2
42856 0
42857 1
42858 0
42859 1
42860 0
42861 1
42862 0
42863 1
42864 0
42865 1
42866 0
42867 1
42868 0
42869 1
42870 2
42871 1
42872 0
42873 1
42874 0
42875 1
42876 0
42877 1
42878 2
42879 0
42880 2
42881 0
42882 1
42883 0
42884 1
42885 2
42886 0
42887 2
42888 1
42889 2
42890 1
42891 0
42892 1
42893 0
42894 1
42895 0
42896 1
42897 0
42898 1
42899 0
42900 2
42901 0
42902 1
42903 0
42904 3
42905 2
42906 3
42907 0
42908 2
42909 1
42910 2
42911 0
42912 1
42913 0
42914 2
42915 1
42916 0
42917 1
42918 2
42919 0
42920 1
42921 2
42922 0
42923 1
42924 0
42925 1
42926 0
42927 1
42928 2
42929 0
42930 1
42931 0
42932 1
42933 2
42934 0
42935 1
42936 0
42937 1
42938 2
42939 1
42940 0
42941 2
42942 1
42943 0
42944 1
42945 2
42946 1
42947 0
42948 2
42949 1
42950 2
42951 0
42952 1
42953 0
42954 1
42955 0
42956 1
42957 0
42958 1
42959 2
42960 0
42961 1
42962 0
42963 1
42964 2
42965 0
42966 1
42967 2
42968 0
42969 1
42970 2
42971 0
42972 1
42973 2
42974 0
42975 2
42976 1
42977 2
42978 0
42979 1
42980 0
42981 2
42982 1
42983 2
42984 0
42985 1
42986 0
42987 1
42988 0
42989 1
42990 0
42991 1
42992 0
42993 1
42994 0
42995 1
42996 2
42997 0
42998 1
42999 0
43000 1
43001 0
43002 1
43003 0
43004 2
43005 1
43006 0
43007 1
43008 2
43009 0
43010 1
43011 2
43012 0
43013 1
43014 2
43015 1
43016 0
43017 2
43018 0
43019 2
43020 0
43021 1
43022 0
43023 1
43024 0
43025 1
43026 0
43027 2
43028 1
43029 0
43030 1
43031 0
43032 1
43033 0
43034 1
43035 0
43036 1
43037 0
43038 1
43039 0
43040 2
43041 1
43042 2
43043 0
43044 1
43045 2
43046 0
43047 1
43048 0
43049 1
43050 2
43051 0
43052 1
43053 0
43054 1
43055 0
43056 1
43057 0
43058 2
43059 1
43060 2
43061 0
43062 1
43063 2
43064 1
43065 0
43066 1
43067 0
43068 1
43069 2
43070 0
43071 2
43072 1
43073 2
43074 0
43075 1
43076 0
43077 1
43078 0
43079 1
43080 0
43081 1
43082 0
43083 1
43084 0
43085 2
43086 1
43087 2
43088 0
43089 1
43090 0
43091 2
43092 1
43093 0
43094 1
43095 2
43096 0
43097 1
43098 0
43099 2
43100 1
43101 0
43102 2
43103 1
43104 0
43105 1
43106 2
43107 0
43108 2
43109 1
43110 0
43111 1
43112 0
43113 1
43114 0
43115 1
43116 0
43117 1
43118 0
43119 2
43120 1
43121 0
43122 2
43123 1
43124 2
43125 0
43126 2
43127 1
43128 0
43129 1
43130 0
43131 2
43132 0
43133 1
43134 3
43135 0
43136 2
43137 1
43138 0
43139 1
43140 0
43141 1
43142 0
43143 1
43144 0
43145 1
43146 0
43147 2
43148 1
43149 0
43150 1
43151 0
43152 1
43153 2
43154 1
43155 0
43156 1
43157 0
43158 1
43159 0
43160 1
43161 0
43162 1
43163 2
43164 1
43165 0
43166 1
43167 0
43168 2
43169 1
43170 2
43171 1
43172 0
43173 1
43174 0
43175 1
43176 2
43177 0
43178 1
43179 0
43180 1
43181 0
43182 1
43183 0
43184 2
43185 1
43186 0
43187 1
43188 0
43189 1
43190 2
43191 0
43192 1
43193 0
43194 1
43195 0
43196 1
43197 0
43198 1
43199 0
43200 1
43201 0
43202 1
43203 0
43204 1
43205 0
43206 1
43207 0
43208 2
43209 1
43210 0
43211 1
43212 0
43213 1
43214 0
43215 1
43216 0
43217 1
43218 0
43219 1
43220 2
43221 1
43222 0
43223 2
43224 1
43225 2
43226 1
43227 0
43228 2
43229 1
43230 0
43231 1
43232 0
43233 2
43234 1
43235 0
43236 1
43237 2
43238 0
43239 2
43240 1
43241 2
43242 0
43243 1
43244 0
43245 1
43246 2
43247 0
43248 1
43249 2
43250 0
43251 2
43252 1
43253 0
43254 1
43255 0
43256 2
43257 0
43258 1
43259 2
43260 0
43261 1
43262 0
43263 1
43264 2
43265 0
43266 1
43267 2
43268 0
43269 1
43270 0
43271 1
43272 2
43273 0
43274 1
43275 0
43276 1
43277 0
43278 1
43279 2
43280 1
43281 0
43282 2
43283 1
43284 0
43285 2
43286 0
43287 1
43288 0
43289 1
43290 2
43291 0
43292 1
43293 2
43294 0
43295 1
43296 2
43297 1
43298 0
43299 1
43300 2
43301 1
43302 0
43303 2
43304 1
43305 2
43306 0
43307 2
43308 1
43309 0
43310 1
43311 2
43312 0
43313 1
43314 0
43315 1
43316 2
43317 3
43318 1
43319 2
43320 1
43321 2
43322 0
43323 2
43324 1
43325 0
43326 1
43327 0
43328 1
43329 0
43330 1
43331 0
43332 1
43333 0
43334 1
43335 2
43336 0
43337 2
43338 1
43339 0
43340 1
43341 2
43342 1
43343 0
43344 2
43345 0
43346 1
43347 0
43348 1
43349 0
43350 2
43351 1
43352 0
43353 1
43354 0
43355 1
43356 0
43357 1
43358 0
43359 1
43360 2
43361 0
43362 2
43363 1
43364 0
43365 1
43366 0
43367 1
43368 0
43369 1
43370 2
43371 0
43372 1
43373 0
43374 1
43375 2
43376 0
43377 1
43378 0
43379 1
43380 0
43381 1
43382 2
43383 0
43384 1
43385 2
43386 0
43387 2
43388 1
43389 2
43390 1
43391 0
43392 1
43393 2
43394 0
43395 1
43396 0
43397 1
43398 0
43399 1
43400 0
43401 2
43402 1
43403 0
43404 1
43405 2
43406 0
43407 1
43408 0
43409 1
43410 2
43411 0
43412 2
43413 0
43414 1
43415 2
43416 0
43417 1
43418 0
43419 2
43420 1
43421 0
43422 1
43423 0
43424 1
43425 2
43426 0
43427 2
43428 1
43429 2
43430 0
43431 1
43432 0
43433 2
43434 1
43435 2
43436 0
43437 1
43438 2
43439 0
43440 1
43441 0
43442 1
43443 0
43444 1
43445 2
43446 0
43447 1
43448 2
43449 1
43450 3
43451 2
43452 1
43453 0
43454 1
43455 2
43456 0
43457 2
43458 0
43459 1
43460 2
43461 0
43462 1
43463 2
43464 0
43465 1
43466 2
43467 1
43468 2
43469 0
43470 1
43471 0
43472 1
43473 2
43474 0
43475 3
43476 0
43477 1
43478 0
43479 1
43480 2
43481 0
43482 2
43483 0
43484 1
43485 0
43486 1
43487 2
43488 0
43489 2
43490 1
43491 0
43492 1
43493 0
43494 1
43495 2
43496 0
43497 1
43498 2
43499 0
43500 1
43501 0
43502 1
43503 0
43504 1
43505 0
43506 1
43507 2
43508 0
43509 1
43510 0
43511 2
43512 0
43513 2
43514 1
43515 2
43516 0
43517 2
43518 1
43519 0
43520 2
43521 1
43522 0
43523 2
43524 0
43525 1
43526 0
43527 1
43528 0
43529 1
43530 0
43531 1
43532 2
43533 0
43534 1
43535 2
43536 0
43537 1
43538 0
43539 2
43540 1
43541 0
43542 1
43543 0
43544 1
43545 2
43546 0
43547 1
43548 0
43549 1
43550 2
43551 0
43552 1
43553 0
43554 1
43555 2
43556 0
43557 1
43558 0
43559 1
43560 2
43561 0
43562 1
43563 0
43564 1
43565 0
43566 1
43567 2
43568 0
43569 1
43570 2
43571 0
43572 1
43573 0
43574 2
43575 0
43576 1
43577 0
43578 1
43579 0
43580 1
43581 0
43582 2
43583 1
43584 0
43585 1
43586 0
43587 2
43588 1
43589 0
43590 1
43591 0
43592 1
43593 2
43594 1
43595 0
43596 1
43597 2
43598 1
43599 0
43600 1
43601 0
43602 2
43603 0
43604 1
43605 0
43606 2
43607 0
43608 1
43609 0
43610 1
43611 0
43612 1
43613 2
43614 1
43615 0
43616 2
43617 1
43618 0
43619 1
43620 0
43621 1
43622 0
43623 1
43624 0
43625 1
43626 0
43627 2
43628 1
43629 0
43630 2
43631 1
43632 0
43633 2
43634 1
43635 0
43636 2
43637 1
43638 2
43639 0
43640 1
43641 0
43642 2
43643 0
43644 1
43645 0
43646 2
43647 1
43648 0
43649 2
43650 0
43651 2
43652 1
43653 0
43654 2
43655 1
43656 0
43657 1
43658 2
43659 0
43660 1
43661 0
43662 1
43663 0
43664 1
43665 2
43666 1
43667 0
43668 1
43669 0
43670 1
43671 0
43672 1
43673 2
43674 0
43675 2
43676 1
43677 0
43678 2
43679 1
43680 3
43681 2
43682 1
43683 0
43684 1
43685 0
43686 1
43687 0
43688 2
43689 1
43690 2
43691 1
43692 0
43693 1
43694 0
43695 2
43696 0
43697 1
43698 0
43699 1
43700 2
43701 1
43702 0
43703 1
43704 2
43705 1
43706 0
43707 1
43708 0
43709 1
43710 2
43711 0
43712 1
43713 0
43714 2
43715 1
43716 0
43717 1
43718 0
43719 2
43720 0
43721 1
43722 0
43723 1
43724 0
43725 1
43726 0
43727 1
43728 0
43729 1
43730 2
43731 1
43732 0
43733 1
43734 0
43735 1
43736 0
43737 1
43738 0
43739 1
43740 0
43741 1
43742 0
43743 1
43744 2
43745 1
43746 0
43747 1
43748 2
43749 0
43750 1
43751 0
43752 1
43753 0
43754 1
43755 3
43756 2
43757 0
43758 1
43759 0
43760 1
43761 0
43762 1
43763 0
43764 1
43765 2
43766 0
43767 1
43768 0
43769 1
43770 2
43771 0
43772 1
43773 2
43774 0
43775 2
43776 1
43777 2
43778 0
43779 2
43780 1
43781 2
43782 1
43783 2
43784 0
43785 2
43786 1
43787 3
43788 0
43789 1
43790 0
43791 1
43792 2
43793 0
43794 1
43795 0
43796 1
43797 2
43798 0
43799 1
43800 0
43801 1
43802 0
43803 1
43804 0
43805 1
43806 0
43807 2
43808 1
43809 2
43810 1
43811 0
43812 1
43813 0
43814 1
43815 2
43816 1
43817 0
43818 1
43819 0
43820 2
43821 1
43822 2
43823 0
43824 2
43825 0
43826 1
43827 0
43828 1
43829 0
43830 2
43831 1
43832 0
43833 1
43834 0
43835 1
43836 0
43837 2
43838 1
43839 0
43840 2
43841 1
43842 0
43843 1
43844 2
43845 0
43846 1
43847 0
43848 1
43849 0
43850 1
43851 0
43852 1
43853 0
43854 2
43855 1
43856 0
43857 1
43858 2
43859 1
43860 0
43861 1
43862 0
43863 1
43864 2
43865 1
43866 0
43867 2
43868 1
43869 0
43870 1
43871 0
43872 1
43873 0
43874 1
43875 0
43876 1
43877 0
43878 1
43879 0
43880 1
43881 0
43882 2
43883 1
43884 0
43885 1
43886 0
43887 1
43888 0
43889 1
43890 2
43891 1
43892 0
43893 2
43894 1
43895 0
43896 1
43897 2
43898 0
43899 2
43900 1
43901 0
43902 2
43903 1
43904 2
43905 1
43906 2
43907 0
43908 1
43909 2
43910 0
43911 1
43912 0
43913 1
43914 2
43915 0
43916 1
43917 2
43918 0
43919 1
43920 0
43921 1
43922 0
43923 1
43924 2
43925 1
43926 2
43927 3
43928 0
43929 2
43930 1
43931 0
43932 1
43933 2
43934 0
43935 1
43936 2
43937 0
43938 2
43939 1
43940 0
43941 1
43942 2
43943 0
43944 2
43945 3
43946 0
43947 1
43948 0
43949 1
43950 0
43951 1
43952 0
43953 1
43954 0
43955 1
43956 2
43957 0
43958 1
43959 0
43960 1
43961 0
43962 2
43963 1
43964 0
43965 2
43966 1
43967 2
43968 1
43969 0
43970 1
43971 2
43972 0
43973 1
43974 0
43975 1
43976 2
43977 0
43978 1
43979 0
43980 1
43981 0
43982 2
43983 1
43984 2
43985 1
43986 0
43987 2
43988 0
43989 1
43990 0
43991 1
43992 0
43993 1
43994 0
43995 1
43996 0
43997 1
43998 0
43999 1
44000 2
44001 0
44002 1
44003 0
44004 1
44005 0
44006 1
44007 0
44008 2
44009 1
44010 2
44011 0
44012 2
44013 1
44014 2
44015 1
44016 0
44017 1
44018 0
44019 1
44020 2
44021 0
44022 1
44023 0
44024 1
44025 0
44026 1
44027 0
44028 2
44029 0
44030 1
44031 0
44032 2
44033 1
44034 0
44035 1
44036 0
44037 1
44038 0
44039 1
44040 2
44041 0
44042 2
44043 1
44044 2
44045 0
44046 1
44047 0
44048 1
44049 2
44050 1
44051 2
44052 1
44053 2
44054 0
44055 1
44056 0
44057 1
44058 0
44059 2
44060 1
44061 0
44062 1
44063 0
44064 1
44065 0
44066 2
44067 1
44068 0
44069 1
44070 2
44071 0
44072 1
44073 2
44074 1
44075 0
44076 1
44077 0
44078 1
44079 0
44080 1
44081 0
44082 1
44083 2
44084 0
44085 1
44086 2
44087 1
44088 0
44089 1
44090 2
44091 0
44092 2
44093 1
44094 0
44095 2
44096 0
44097 1
44098 0
44099 1
44100 0
44101 2
44102 1
44103 0
44104 1
44105 0
44106 1
44107 2
44108 1
44109 0
44110 1
44111 0
44112 1
44113 0
44114 1
44115 0
44116 1
44117 0
44118 1
44119 2
44120 0
44121 2
44122 1
44123 0
44124 1
44125 2
44126 0
44127 1
44128 0
44129 1
44130 0
44131 2
44132 1
44133 0
44134 1
44135 2
44136 0
44137 2
44138 1
44139 2
44140 0
44141 1
44142 2
44143 0
44144 1
44145 0
44146 1
44147 0
44148 1
44149 0
44150 1
44151 0
44152 1
44153 0
44154 2
44155 1
44156 2
44157 1
44158 0
44159 1
44160 2
44161 0
44162 1
44163 0
44164 1
44165 0
44166 2
44167 1
44168 0
44169 2
44170 1
44171 2
44172 1
44173 2
44174 0
44175 1
44176 0
44177 1
44178 2
44179 0
44180 1
44181 2
44182 0
44183 1
44184 2
44185 0
44186 1
44187 0
44188 1
44189 2
44190 3
44191 0
44192 1
44193 0
44194 1
44195 0
44196 2
44197 0
44198 1
44199 0
44200 1
44201 0
44202 2
44203 1
44204 2
44205 0
44206 1
44207 2
44208 0
44209 1
44210 0
44211 1
44212 0
44213 2
44214 1
44215 2
44216 0
44217 1
44218 0
44219 1
44220 2
44221 0
44222 1
44223 0
44224 1
44225 2
44226 0
44227 1
44228 0
44229 1
44230 2
44231 0
44232 1
44233 0
44234 2
44235 1
44236 0
44237 1
44238 0
44239 1
44240 0
44241 2
44242 1
44243 2
44244 1
44245 0
44246 1
44247 0
44248 1
44249 2
44250 0
44251 1
44252 2
44253 0
44254 1
44255 0
44256 1
44257 2
44258 0
44259 1
44260 0
44261 2
44262 1
44263 0
44264 1
44265 2
44266 0
44267 1
44268 0
44269 1
44270 0
44271 1
44272 0
44273 1
44274 0
44275 1
44276 0
44277 1
44278 0
44279 1
44280 2
44281 1
44282 0
44283 1
44284 0
44285 1
44286 0
44287 1
44288 0
44289 2
44290 1
44291 0
44292 1
44293 0
44294 1
44295 0
44296 1
44297 0
44298 1
44299 0
44300 2
44301 1
44302 0
44303 1
44304 0
44305 1
44306 0
44307 1
44308 0
44309 1
44310 0
44311 1
44312 2
44313 1
44314 0
44315 1
44316 2
44317 1
44318 0
44319 1
44320 0
44321 1
44322 0
44323 1
44324 0
44325 1
44326 0
44327 1
44328 2
44329 0
44330 1
44331 0
44332 1
44333 0
44334 1
44335 0
44336 1
44337 0
44338 3
44339 2
44340 0
44341 1
44342 2
44343 0
44344 1
44345 0
44346 2
44347 0
44348 1
44349 0
44350 2
44351 1
44352 0
44353 1
44354 2
44355 0
44356 1
44357 0
44358 1
44359 0
44360 1
44361 0
44362 1
44363 0
44364 1
44365 2
44366 0
44367 2
44368 1
44369 0
44370 1
44371 0
44372 1
44373 0
44374 1
44375 0
44376 1
44377 2
44378 0
44379 2
44380 1
44381 2
44382 0
44383 1
44384 0
44385 2
44386 1
44387 0
44388 2
44389 1
44390 2
44391 0
44392 1
44393 0
44394 1
44395 0
44396 1
44397 2
44398 0
44399 1
44400 0
44401 1
44402 2
44403 3
44404 0
44405 2
44406 0
44407 2
44408 1
44409 2
44410 0
44411 1
44412 0
44413 1
44414 2
44415 0
44416 1
44417 2
44418 0
44419 1
44420 0
44421 2
44422 1
44423 0
44424 1
44425 0
44426 2
44427 1
44428 2
44429 0
44430 1
44431 2
44432 0
44433 2
44434 0
44435 1
44436 2
44437 1
44438 0
44439 2
44440 1
44441 2
44442 0
44443 1
44444 0
44445 2
44446 0
44447 1
44448 0
44449 1
44450 2
44451 0
44452 1
44453 0
44454 1
44455 2
44456 0
44457 1
44458 0
44459 1
44460 0
44461 2
44462 1
44463 2
44464 3
44465 0
44466 2
44467 0
44468 1
44469 0
44470 2
44471 1
44472 2
44473 1
44474 0
44475 1
44476 0
44477 1
44478 0
44479 1
44480 0
44481 1
44482 0
44483 2
44484 1
44485 2
44486 1
44487 0
44488 2
44489 0
44490 1
44491 2
44492 1
44493 0
44494 2
44495 1
44496 0
44497 1
44498 0
44499 1
44500 0
44501 1
44502 0
44503 1
44504 0
44505 1
44506 2
44507 0
44508 2
44509 0
44510 1
44511 0
44512 2
44513 1
44514 2
44515 0
44516 1
44517 2
44518 0
44519 2
44520 1
44521 0
44522 1
44523 0
44524 2
44525 1
44526 2
44527 0
44528 1
44529 0
44530 1
44531 2
44532 0
44533 2
44534 0
44535 1
44536 0
44537 1
44538 2
44539 1
44540 0
44541 1
44542 2
44543 0
44544 1
44545 0
44546 1
44547 0
44548 1
44549 2
44550 0
44551 1
44552 0
44553 1
44554 0
44555 1
44556 2
44557 1
44558 0
44559 1
44560 0
44561 1
44562 0
44563 2
44564 1
44565 0
44566 1
44567 0
44568 1
44569 0
44570 2
44571 1
44572 0
44573 2
44574 0
44575 1
44576 0
44577 2
44578 1
44579 0
44580 1
44581 0
44582 2
44583 0
44584 1
44585 0
44586 1
44587 2
44588 0
44589 2
44590 1
44591 2
44592 1
44593 2
44594 1
44595 0
44596 1
44597 0
44598 1
44599 0
44600 1
44601 0
44602 2
44603 1
44604 0
44605 1
44606 0
44607 1
44608 0
44609 1
44610 0
44611 1
44612 2
44613 1
44614 2
44615 0
44616 2
44617 1
44618 2
44619 0
44620 1
44621 2
44622 0
44623 1
44624 0
44625 1
44626 2
44627 0
44628 2
44629 0
44630 2
44631 1
44632 0
44633 1
44634 0
44635 2
44636 1
44637 0
44638 2
44639 0
44640 1
44641 0
44642 1
44643 2
44644 1
44645 0
44646 1
44647 0
44648 1
44649 0
44650 2
44651 0
44652 1
44653 0
44654 2
44655 1
44656 2
44657 1
44658 0
44659 1
44660 0
44661 1
44662 0
44663 1
44664 2
44665 0
44666 1
44667 0
44668 1
44669 0
44670 1
44671 0
44672 1
44673 0
44674 1
44675 2
44676 0
44677 1
44678 0
44679 1
44680 0
44681 1
44682 0
44683 1
44684 0
44685 1
44686 0
44687 1
44688 2
44689 0
44690 1
44691 2
44692 0
44693 2
44694 0
44695 1
44696 2
44697 1
44698 2
44699 0
44700 1
44701 2
44702 0
44703 1
44704 2
44705 0
44706 2
44707 1
44708 0
44709 1
44710 2
44711 0
44712 1
44713 0
44714 1
44715 0
44716 1
44717 0
44718 1
44719 2
44720 0
44721 2
44722 1
44723 0
44724 1
44725 0
44726 1
44727 0
44728 1
44729 0
44730 2
44731 0
44732 1
44733 2
44734 1
44735 0
44736 1
44737 0
44738 1
44739 2
44740 0
44741 1
44742 2
44743 0
44744 1
44745 2
44746 0
44747 1
44748 0
44749 1
44750 0
44751 1
44752 2
44753 0
44754 1
44755 0
44756 2
44757 0
44758 1
44759 0
44760 1
44761 2
44762 0
44763 2
44764 1
44765 0
44766 1
44767 0
44768 1
44769 0
44770 1
44771 0
44772 1
44773 0
44774 2
44775 1
44776 0
44777 2
44778 1
44779 0
44780 1
44781 2
44782 0
44783 2
44784 0
44785 2
44786 1
44787 0
44788 1
44789 2
44790 0
44791 1
44792 0
44793 1
44794 0
44795 1
44796 2
44797 0
44798 2
44799 0
44800 1
44801 2
44802 0
44803 1
44804 0
44805 1
44806 2
44807 0
44808 1
44809 0
44810 1
44811 0
44812 1
44813 0
44814 2
44815 1
44816 0
44817 1
44818 0
44819 2
44820 1
44821 2
44822 0
44823 1
44824 0
44825 1
44826 2
44827 0
44828 2
44829 1
44830 0
44831 1
44832 0
44833 1
44834 2
44835 0
44836 2
44837 0
44838 1
44839 0
44840 1
44841 0
44842 1
44843 0
44844 1
44845 0
44846 1
44847 0
44848 2
44849 1
44850 0
44851 1
44852 0
44853 2
44854 1
44855 2
44856 0
44857 1
44858 0
44859 1
44860 2
44861 0
44862 2
44863 1
44864 0
44865 2
44866 1
44867 0
44868 1
44869 0
44870 1
44871 0
44872 2
44873 1
44874 2
44875 0
44876 1
44877 0
44878 1
44879 0
44880 1
44881 0
44882 1
44883 2
44884 1
44885 2
44886 0
44887 1
44888 0
44889 1
44890 2
44891 0
44892 1
44893 0
44894 2
44895 0
44896 1
44897 0
44898 1
44899 0
44900 1
44901 2
44902 0
44903 1
44904 2
44905 0
44906 1
44907 0
44908 1
44909 0
44910 1
44911 0
44912 1
44913 0
44914 2
44915 1
44916 0
44917 1
44918 0
44919 1
44920 0
44921 2
44922 0
44923 1
44924 2
44925 1
44926 0
44927 2
44928 1
44929 0
44930 2
44931 0
44932 1
44933 0
44934 1
44935 0
44936 2
44937 1
44938 0
44939 1
44940 0
44941 1
44942 0
44943 1
44944 0
44945 1
44946 0
44947 2
44948 1
44949 2
44950 0
44951 1
44952 0
44953 2
44954 0
44955 2
44956 1
44957 0
44958 1
44959 0
44960 1
44961 2
44962 0
44963 2
44964 1
44965 0
44966 1
44967 0
44968 1
44969 0
44970 1
44971 0
44972 2
44973 1
44974 0
44975 1
44976 2
44977 0
44978 1
44979 0
44980 2
44981 1
44982 2
44983 0
44984 1
44985 2
44986 1
44987 2
44988 0
44989 1
44990 2
44991 1
44992 0
44993 2
44994 0
44995 1
44996 0
44997 2
44998 0
44999 1
45000 0
45001 1
45002 0
45003 1
45004 2
45005 0
45006 2
45007 0
45008 1
45009 0
45010 2
45011 0
45012 1
45013 2
45014 0
45015 1
45016 2
45017 0
45018 1
45019 0
45020 1
45021 0
45022 1
45023 0
45024 1
45025 2
45026 0
45027 1
45028 0
45029 1
45030 0
45031 1
45032 2
45033 0
45034 1
45035 0
45036 1
45037 0
45038 2
45039 1
45040 0
45041 1
45042 2
45043 1
45044 0
45045 1
45046 0
45047 1
45048 0
45049 1
45050 0
45051 1
45052 0
45053 1
45054 0
45055 1
45056 0
45057 2
45058 1
45059 2
45060 0
45061 2
45062 1
45063 0
45064 1
45065 0
45066 1
45067 2
45068 0
45069 1
45070 0
45071 1
45072 0
45073 1
45074 0
45075 1
45076 2
45077 0
45078 1
45079 0
45080 1
45081 0
45082 1
45083 2
45084 0
45085 2
45086 3
45087 0
45088 1
45089 0
45090 1
45091 0
45092 1
45093 0
45094 1
45095 0
45096 1
45097 0
45098 1
45099 2
45100 0
45101 1
45102 0
45103 1
45104 2
45105 0
45106 1
45107 0
45108 2
45109 1
45110 2
45111 0
45112 1
45113 0
45114 1
45115 0
45116 1
45117 0
45118 2
45119 1
45120 2
45121 0
45122 1
45123 0
45124 1
45125 0
45126 1
45127 0
45128 1
45129 0
45130 1
45131 2
45132 0
45133 2
45134 1
45135 0
45136 2
45137 1
45138 2
45139 0
45140 1
45141 0
45142 1
45143 2
45144 0
45145 2
45146 3
45147 1
45148 0
45149 2
45150 1
45151 2
45152 0
45153 1
45154 2
45155 0
45156 1
45157 0
45158 1
45159 2
45160 0
45161 1
45162 2
45163 0
45164 2
45165 1
45166 0
45167 1
45168 0
45169 1
45170 0
45171 1
45172 0
45173 2
45174 1
45175 2
45176 0
45177 2
45178 1
45179 0
45180 1
45181 0
45182 1
45183 2
45184 0
45185 1
45186 0
45187 1
45188 0
45189 1
45190 2
45191 0
45192 1
45193 0
45194 1
45195 2
45196 1
45197 0
45198 2
45199 1
45200 0
45201 1
45202 0
45203 1
45204 0
45205 2
45206 1
45207 2
45208 1
45209 0
45210 1
45211 0
45212 1
45213 0
45214 1
45215 0
45216 1
45217 0
45218 1
45219 0
45220 2
45221 0
45222 1
45223 2
45224 0
45225 1
45226 0
45227 1
45228 0
45229 1
45230 2
45231 0
45232 1
45233 0
45234 1
45235 2
45236 0
45237 1
45238 0
45239 1
45240 0
45241 1
45242 0
45243 1
45244 2
45245 1
45246 0
45247 2
45248 0
45249 1
45250 0
45251 1
45252 2
45253 0
45254 2
45255 0
45256 1
45257 0
45258 1
45259 0
45260 1
45261 0
45262 1
45263 2
45264 0
45265 1
45266 0
45267 1
45268 0
45269 2
45270 1
45271 0
45272 1
45273 0
45274 1
45275 0
45276 1
45277 2
45278 0
45279 2
45280 1
45281 2
45282 0
45283 2
45284 1
45285 2
45286 1
45287 0
45288 2
45289 1
45290 0
45291 1
45292 0
45293 1
45294 2
45295 0
45296 1
45297 0
45298 1
45299 0
45300 1
45301 2
45302 0
45303 1
45304 0
45305 1
45306 0
45307 1
45308 0
45309 1
45310 0
45311 1
45312 0
45313 2
45314 1
45315 0
45316 1
45317 0
45318 1
45319 0
45320 1
45321 0
45322 2
45323 1
45324 0
45325 1
45326 2
45327 0
45328 2
45329 0
45330 2
45331 1
45332 2
45333 3
45334 1
45335 0
45336 2
45337 0
45338 1
45339 0
45340 1
45341 0
45342 1
45343 2
45344 0
45345 2
45346 1
45347 2
45348 0
45349 2
45350 1
45351 0
45352 1
45353 0
45354 1
45355 0
45356 1
45357 0
45358 1
45359 0
45360 1
45361 2
45362 1
45363 0
45364 2
45365 1
45366 2
45367 0
45368 1
45369 0
45370 2
45371 1
45372 2
45373 0
45374 1
45375 2
45376 0
45377 2
45378 1
45379 2
45380 1
45381 0
45382 2
45383 1
45384 0
45385 1
45386 2
45387 0
45388 2
45389 1
45390 0
45391 2
45392 1
45393 2
45394 0
45395 1
45396 0
45397 1
45398 2
45399 0
45400 1
45401 2
45402 0
45403 2
45404 1
45405 2
45406 0
45407 1
45408 0
45409 1
45410 2
45411 0
45412 1
45413 0
45414 1
45415 0
45416 1
45417 0
45418 1
45419 0
45420 1
45421 2
45422 0
45423 1
45424 2
45425 0
45426 1
45427 2
45428 0
45429 1
45430 0
45431 1
45432 2
45433 0
45434 1
45435 2
45436 0
45437 2
45438 1
45439 0
45440 1
45441 0
45442 1
45443 0
45444 1
45445 0
45446 1
45447 0
45448 1
45449 2
45450 0
45451 1
45452 0
45453 1
45454 2
45455 0
45456 2
45457 1
45458 2
45459 3
45460 1
45461 2
45462 0
45463 1
45464 0
45465 1
45466 0
45467 1
45468 0
45469 1
45470 2
45471 1
45472 0
45473 2
45474 1
45475 2
45476 1
45477 0
45478 1
45479 0
45480 1
45481 0
45482 1
45483 2
45484 1
45485 0
45486 2
45487 0
45488 2
45489 0
45490 1
45491 2
45492 1
45493 2
45494 0
45495 2
45496 1
45497 2
45498 0
45499 1
45500 0
45501 3
45502 1
45503 0
45504 1
45505 2
45506 0
45507 2
45508 1
45509 0
45510 1
45511 2
45512 0
45513 1
45514 0
45515 1
45516 0
45517 1
45518 0
45519 1
45520 0
45521 1
45522 0
45523 1
45524 0
45525 2
45526 1
45527 0
45528 2
45529 1
45530 0
45531 1
45532 0
45533 1
45534 2
45535 1
45536 0
45537 1
45538 2
45539 0
45540 1
45541 0
45542 2
45543 1
45544 0
45545 2
45546 1
45547 0
45548 1
45549 0
45550 2
45551 1
45552 0
45553 1
45554 2
45555 1
45556 0
45557 1
45558 0
45559 1
45560 0
45561 1
45562 2
45563 0
45564 2
45565 1
45566 0
45567 1
45568 0
45569 1
45570 0
45571 2
45572 1
45573 0
45574 1
45575 0
45576 1
45577 0
45578 1
45579 0
45580 2
45581 1
45582 2
45583 0
45584 1
45585 2
45586 1
45587 2
45588 1
45589 0
45590 1
45591 0
45592 1
45593 2
45594 0
45595 1
45596 2
45597 0
45598 1
45599 0
45600 1
45601 0
45602 1
45603 2
45604 0
45605 1
45606 2
45607 1
45608 0
45609 2
45610 1
45611 0
45612 1
45613 0
45614 1
45615 0
45616 1
45617 2
45618 0
45619 2
45620 1
45621 2
45622 0
45623 1
45624 2
45625 0
45626 1
45627 0
45628 1
45629 0
45630 1
45631 0
45632 1
45633 0
45634 2
45635 1
45636 0
45637 2
45638 1
45639 2
45640 0
45641 1
45642 2
45643 0
45644 1
45645 2
45646 0
45647 1
45648 2
45649 0
45650 1
45651 0
45652 1
45653 0
45654 1
45655 0
45656 1
45657 0
45658 1
45659 0
45660 1
45661 0
45662 1
45663 2
45664 0
45665 1
45666 2
45667 0
45668 1
45669 3
45670 2
45671 0
45672 2
45673 0
45674 2
45675 1
45676 0
45677 1
45678 2
45679 1
45680 2
45681 0
45682 1
45683 0
45684 1
45685 0
45686 1
45687 0
45688 1
45689 0
45690 1
45691 0
45692 1
45693 0
45694 1
45695 2
45696 0
45697 1
45698 2
45699 0
45700 1
45701 2
45702 0
45703 1
45704 0
45705 2
45706 1
45707 0
45708 2
45709 1
45710 0
45711 1
45712 0
45713 1
45714 2
45715 0
45716 2
45717 3
45718 0
45719 1
45720 0
45721 1
45722 0
45723 1
45724 0
45725 1
45726 2
45727 0
45728 1
45729 0
45730 2
45731 1
45732 0
45733 1
45734 0
45735 2
45736 1
45737 0
45738 1
45739 2
45740 0
45741 1
45742 0
45743 1
45744 2
45745 0
45746 2
45747 1
45748 2
45749 0
45750 2
45751 0
45752 1
45753 0
45754 1
45755 2
45756 1
45757 2
45758 0
45759 1
45760 2
45761 0
45762 1
45763 0
45764 1
45765 0
45766 1
45767 0
45768 1
45769 0
45770 1
45771 0
45772 1
45773 0
45774 1
45775 2
45776 0
45777 1
45778 2
45779 0
45780 1
45781 0
45782 1
45783 0
45784 1
45785 0
45786 1
45787 3
45788 0
45789 1
45790 0
45791 1
45792 0
45793 2
45794 1
45795 2
45796 1
45797 0
45798 2
45799 1
45800 0
45801 1
45802 2
45803 1
45804 0
45805 1
45806 0
45807 2
45808 1
45809 2
45810 3
45811 0
45812 2
45813 1
45814 0
45815 1
45816 0
45817 1
45818 2
45819 0
45820 1
45821 0
45822 2
45823 1
45824 0
45825 1
45826 0
45827 1
45828 0
45829 2
45830 1
45831 0
45832 1
45833 2
45834 1
45835 0
45836 1
45837 0
45838 2
45839 0
45840 1
45841 0
45842 2
45843 1
45844 0
45845 1
45846 0
45847 1
45848 0
45849 1
45850 0
45851 1
45852 0
45853 1
45854 0
45855 1
45856 0
45857 1
45858 0
45859 2
45860 1
45861 0
45862 1
45863 2
45864 1
45865 2
45866 0
45867 1
45868 2
45869 0
45870 1
45871 0
45872 1
45873 0
45874 1
45875 0
45876 1
45877 2
45878 0
45879 1
45880 0
45881 2
45882 1
45883 2
45884 0
45885 1
45886 0
45887 2
45888 0
45889 2
45890 1
45891 2
45892 0
45893 2
45894 0
45895 1
45896 0
45897 1
45898 0
45899 1
45900 0
45901 2
45902 0
45903 2
45904 1
45905 0
45906 2
45907 1
45908 0
45909 1
45910 0
45911 1
45912 0
45913 1
45914 0
45915 1
45916 0
45917 1
45918 2
45919 1
45920 2
45921 0
45922 2
45923 1
45924 0
45925 1
45926 0
45927 1
45928 0
45929 2
45930 1
45931 2
45932 0
45933 1
45934 2
45935 0
45936 2
45937 1
45938 0
45939 1
45940 0
45941 1
45942 2
45943 0
45944 1
45945 2
45946 0
45947 1
45948 0
45949 2
45950 1
45951 0
45952 1
45953 2
45954 0
45955 1
45956 2
45957 0
45958 1
45959 0
45960 1
45961 0
45962 1
45963 2
45964 0
45965 1
45966 0
45967 2
45968 0
45969 1
45970 0
45971 1
45972 0
45973 1
45974 0
45975 2
45976 1
45977 0
45978 2
45979 1
45980 2
45981 0
45982 1
45983 0
45984 1
45985 0
45986 1
45987 2
45988 1
45989 0
45990 1
45991 0
45992 2
45993 1
45994 2
45995 1
45996 0
45997 1
45998 2
45999 0
46000 2
46001 0
46002 1
46003 0
46004 1
46005 2
46006 1
46007 2
46008 1
46009 0
46010 1
46011 2
46012 0
46013 2
46014 0
46015 2
46016 0
46017 1
46018 0
46019 1
46020 0
46021 1
46022 0
46023 1
46024 2
46025 0
46026 2
46027 1
46028 2
46029 1
46030 2
46031 0
46032 1
46033 0
46034 1
46035 0
46036 2
46037 1
46038 2
46039 0
46040 1
46041 2
46042 0
46043 1
46044 0
46045 1
46046 0
46047 1
46048 2
46049 0
46050 2
46051 1
46052 0
46053 1
46054 0
46055 2
46056 1
46057 0
46058 2
46059 0
46060 2
46061 1
46062 0
46063 1
46064 2
46065 1
46066 0
46067 1
46068 2
46069 0
46070 2
46071 1
46072 0
46073 2
46074 1
46075 2
46076 0
46077 1
46078 0
46079 2
46080 1
46081 0
46082 1
46083 0
46084 2
46085 1
46086 2
46087 1
46088 0
46089 1
46090 0
46091 1
46092 0
46093 1
46094 0
46095 1
46096 2
46097 0
46098 1
46099 0
46100 2
46101 1
46102 0
46103 1
46104 0
46105 1
46106 0
46107 1
46108 0
46109 1
46110 0
46111 1
46112 0
46113 1
46114 0
46115 2
46116 0
46117 1
46118 0
46119 2
46120 1
46121 0
46122 2
46123 1
46124 0
46125 2
46126 0
46127 1
46128 0
46129 2
46130 1
46131 0
46132 1
46133 0
46134 1
46135 2
46136 0
46137 1
46138 0
46139 1
46140 0
46141 1
46142 0
46143 1
46144 0
46145 1
46146 0
46147 1
46148 0
46149 1
46150 2
46151 1
46152 0
46153 1
46154 0
46155 1
46156 2
46157 0
46158 1
46159 0
46160 1
46161 0
46162 2
46163 0
46164 1
46165 2
46166 0
46167 1
46168 0
46169 1
46170 0
46171 1
46172 0
46173 1
46174 0
46175 1
46176 0
46177 1
46178 0
46179 1
46180 0
46181 1
46182 2
46183 0
46184 2
46185 1
46186 0
46187 1
46188 0
46189 1
46190 2
46191 1
46192 0
46193 1
46194 2
46195 0
46196 1
46197 0
46198 1
46199 0
46200 1
46201 0
46202 1
46203 0
46204 1
46205 0
46206 1
46207 0
46208 1
46209 0
46210 2
46211 1
46212 0
46213 1
46214 2
46215 0
46216 1
46217 2
46218 0
46219 1
46220 0
46221 1
46222 0
46223 1
46224 0
46225 1
46226 2
46227 0
46228 2
46229 1
46230 0
46231 1
46232 0
46233 1
46234 2
46235 1
46236 0
46237 1
46238 0
46239 1
46240 0
46241 1
46242 0
46243 1
46244 0
46245 1
46246 0
46247 1
46248 0
46249 1
46250 0
46251 1
46252 0
46253 1
46254 0
46255 1
46256 0
46257 1
46258 0
46259 2
46260 1
46261 2
46262 0
46263 2
46264 1
46265 2
46266 1
46267 0
46268 2
46269 1
46270 0
46271 1
46272 0
46273 1
46274 0
46275 1
46276 0
46277 2
46278 1
46279 2
46280 0
46281 1
46282 0
46283 1
46284 0
46285 1
46286 0
46287 1
46288 0
46289 1
46290 0
46291 2
46292 0
46293 2
46294 0
46295 1
46296 2
46297 0
46298 1
46299 0
46300 1
46301 0
46302 1
46303 2
46304 1
46305 0
46306 1
46307 0
46308 1
46309 0
46310 2
46311 1
46312 0
46313 1
46314 0
46315 1
46316 0
46317 1
46318 0
46319 2
46320 1
46321 0
46322 1
46323 2
46324 1
46325 0
46326 1
46327 0
46328 2
46329 1
46330 0
46331 1
46332 2
46333 1
46334 0
46335 1
46336 0
46337 1
46338 0
46339 1
46340 0
46341 1
46342 2
46343 1
46344 0
46345 1
46346 2
46347 0
46348 1
46349 0
46350 1
46351 0
46352 1
46353 0
46354 1
46355 0
46356 2
46357 0
46358 1
46359 0
46360 1
46361 0
46362 1
46363 2
46364 0
46365 2
46366 1
46367 0
46368 1
46369 2
46370 1
46371 3
46372 0
46373 1
46374 2
46375 0
46376 1
46377 2
46378 0
46379 1
46380 0
46381 1
46382 0
46383 1
46384 2
46385 1
46386 2
46387 1
46388 0
46389 1
46390 2
46391 0
46392 1
46393 0
46394 2
46395 0
46396 1
46397 0
46398 1
46399 2
46400 0
46401 2
46402 1
46403 2
46404 0
46405 2
46406 1
46407 0
46408 1
46409 0
46410 1
46411 2
46412 0
46413 1
46414 0
46415 2
46416 1
46417 0
46418 2
46419 1
46420 0
46421 1
46422 0
46423 1
46424 0
46425 1
46426 0
46427 2
46428 1
46429 0
46430 1
46431 0
46432 1
46433 2
46434 0
46435 1
46436 2
46437 3
46438 1
46439 2
46440 0
46441 1
46442 2
46443 0
46444 1
46445 0
46446 1
46447 2
46448 1
46449 0
46450 1
46451 0
46452 1
46453 0
46454 1
46455 2
46456 0
46457 1
46458 0
46459 1
46460 0
46461 2
46462 1
46463 0
46464 1
46465 2
46466 1
46467 0
46468 1
46469 0
46470 2
46471 0
46472 1
46473 0
46474 1
46475 0
46476 1
46477 0
46478 1
46479 2
46480 1
46481 0
46482 2
46483 1
46484 0
46485 1
46486 2
46487 0
46488 2
46489 1
46490 0
46491 1
46492 2
46493 0
46494 2
46495 1
46496 2
46497 1
46498 0
46499 2
46500 1
46501 2
46502 0
46503 1
46504 2
46505 0
46506 1
46507 0
46508 2
46509 0
46510 1
46511 0
46512 1
46513 2
46514 0
46515 2
46516 1
46517 2
46518 0
46519 1
46520 0
46521 2
46522 0
46523 2
46524 1
46525 2
46526 0
46527 1
46528 0
46529 1
46530 0
46531 2
46532 0
46533 1
46534 0
46535 2
46536 1
46537 2
46538 0
46539 1
46540 0
46541 1
46542 2
46543 0
46544 1
46545 0
46546 2
46547 1
46548 2
46549 0
46550 1
46551 2
46552 0
46553 1
46554 0
46555 1
46556 0
46557 2
46558 0
46559 1
46560 0
46561 1
46562 0
46563 1
46564 0
46565 1
46566 2
46567 0
46568 1
46569 2
46570 0
46571 1
46572 0
46573 1
46574 2
46575 0
46576 2
46577 1
46578 0
46579 2
46580 1
46581 0
46582 1
46583 0
46584 1
46585 0
46586 1
46587 0
46588 1
46589 0
46590 1
46591 0
46592 1
46593 0
46594 1
46595 0
46596 2
46597 1
46598 0
46599 1
46600 0
46601 1
46602 0
46603 1
46604 0
46605 2
46606 0
46607 2
46608 1
46609 0
46610 2
46611 0
46612 1
46613 0
46614 1
46615 0
46616 2
46617 1
46618 0
46619 2
46620 1
46621 2
46622 0
46623 1
46624 2
46625 1
46626 0
46627 1
46628 0
46629 2
46630 1
46631 0
46632 1
46633 0
46634 1
46635 0
46636 2
46637 1
46638 0
46639 1
46640 0
46641 2
46642 1
46643 0
46644 1
46645 2
46646 0
46647 2
46648 1
46649 0
46650 1
46651 2
46652 0
46653 1
46654 2
46655 0
46656 2
46657 1
46658 0
46659 1
46660 0
46661 1
46662 0
46663 1
46664 0
46665 2
46666 0
46667 1
46668 2
46669 0
46670 1
46671 2
46672 0
46673 2
46674 1
46675 0
46676 1
46677 0
46678 1
46679 0
46680 1
46681 0
46682 2
46683 1
46684 2
46685 0
46686 1
46687 2
46688 0
46689 1
46690 0
46691 1
46692 0
46693 1
46694 0
46695 1
46696 2
46697 0
46698 1
46699 0
46700 1
46701 0
46702 1
46703 0
46704 1
46705 2
46706 0
46707 1
46708 0
46709 1
46710 2
46711 0
46712 2
46713 1
46714 2
46715 0
46716 1
46717 0
46718 1
46719 0
46720 1
46721 2
46722 0
46723 1
46724 0
46725 2
46726 1
46727 0
46728 1
46729 2
46730 0
46731 1
46732 0
46733 1
46734 2
46735 0
46736 1
46737 0
46738 1
46739 0
46740 1
46741 0
46742 1
46743 0
46744 1
46745 0
46746 1
46747 2
46748 1
46749 0
46750 1
46751 2
46752 0
46753 1
46754 0
46755 1
46756 0
46757 1
46758 0
46759 1
46760 0
46761 2
46762 1
46763 0
46764 2
46765 1
46766 0
46767 1
46768 0
46769 1
46770 2
46771 0
46772 1
46773 0
46774 1
46775 0
46776 2
46777 1
46778 0
46779 1
46780 0
46781 2
46782 0
46783 2
46784 1
46785 2
46786 0
46787 1
46788 2
46789 0
46790 1
46791 2
46792 0
46793 1
46794 0
46795 1
46796 0
46797 1
46798 2
46799 1
46800 0
46801 2
46802 1
46803 0
46804 2
46805 1
46806 0
46807 1
46808 0
46809 2
46810 1
46811 2
46812 0
46813 2
46814 1
46815 2
46816 0
46817 2
46818 1
46819 0
46820 1
46821 0
46822 2
46823 1
46824 0
46825 1
46826 0
46827 2
46828 1
46829 0
46830 1
46831 0
46832 2
46833 1
46834 2
46835 1
46836 0
46837 1
46838 2
46839 3
46840 1
46841 0
46842 1
46843 0
46844 1
46845 0
46846 2
46847 1
46848 0
46849 2
46850 1
46851 2
46852 0
46853 2
46854 1
46855 0
46856 1
46857 0
46858 2
46859 1
46860 0
46861 2
46862 1
46863 2
46864 0
46865 1
46866 0
46867 2
46868 0
46869 1
46870 2
46871 1
46872 2
46873 0
46874 1
46875 0
46876 1
46877 2
46878 0
46879 1
46880 2
46881 1
46882 0
46883 1
46884 2
46885 0
46886 1
46887 0
46888 1
46889 0
46890 1
46891 0
46892 2
46893 1
46894 0
46895 1
46896 0
46897 2
46898 1
46899 0
46900 1
46901 0
46902 1
46903 2
46904 0
46905 1
46906 2
46907 0
46908 1
46909 0
46910 1
46911 0
46912 2
46913 1
46914 2
46915 0
46916 1
46917 3
46918 0
46919 2
46920 1
46921 0
46922 1
46923 2
46924 1
46925 0
46926 1
46927 0
46928 1
46929 2
46930 0
46931 1
46932 0
46933 1
46934 0
46935 2
46936 1
46937 0
46938 1
46939 0
46940 1
46941 0
46942 3
46943 1
46944 0
46945 1
46946 2
46947 0
46948 1
46949 2
46950 0
46951 1
46952 0
46953 1
46954 0
46955 1
46956 0
46957 2
46958 1
46959 2
46960 1
46961 2
46962 0
46963 2
46964 1
46965 0
46966 1
46967 0
46968 2
46969 1
46970 0
46971 1
46972 0
46973 1
46974 0
46975 1
46976 0
46977 2
46978 1
46979 2
46980 0
46981 1
46982 0
46983 1
46984 0
46985 2
46986 1
46987 2
46988 1
46989 0
46990 1
46991 0
46992 1
46993 2
46994 0
46995 1
46996 0
46997 1
46998 0
46999 1
47000 0
47001 2
47002 0
47003 1
47004 2
47005 0
47006 2
47007 1
47008 0
47009 1
47010 0
47011 1
47012 2
47013 1
47014 0
47015 1
47016 2
47017 0
47018 1
47019 0
47020 1
47021 2
47022 0
47023 1
47024 2
47025 0
47026 1
47027 2
47028 0
47029 2
47030 1
47031 0
47032 1
47033 0
47034 2
47035 1
47036 0
47037 1
47038 2
47039 0
47040 1
47041 2
47042 0
47043 2
47044 1
47045 2
47046 1
47047 0
47048 2
47049 1
47050 0
47051 1
47052 2
47053 0
47054 1
47055 2
47056 1
47057 2
47058 1
47059 0
47060 1
47061 0
47062 2
47063 1
47064 0
47065 1
47066 2
47067 3
47068 1
47069 0
47070 1
47071 2
47072 0
47073 1
47074 2
47075 1
47076 0
47077 1
47078 2
47079 0
47080 1
47081 0
47082 1
47083 0
47084 1
47085 0
47086 1
47087 0
47088 1
47089 0
47090 1
47091 0
47092 1
47093 0
47094 1
47095 0
47096 2
47097 0
47098 1
47099 0
47100 1
47101 0
47102 1
47103 2
47104 0
47105 1
47106 2
47107 1
47108 0
47109 1
47110 2
47111 1
47112 0
47113 1
47114 0
47115 2
47116 1
47117 2
47118 0
47119 2
47120 1
47121 0
47122 2
47123 1
47124 0
47125 1
47126 2
47127 0
47128 1
47129 0
47130 1
47131 0
47132 1
47133 0
47134 1
47135 0
47136 1
47137 0
47138 1
47139 2
47140 0
47141 1
47142 0
47143 1
47144 2
47145 0
47146 1
47147 0
47148 1
47149 0
47150 1
47151 0
47152 1
47153 0
47154 1
47155 0
47156 1
47157 2
47158 0
47159 2
47160 1
47161 0
47162 2
47163 1
47164 0
47165 1
47166 0
47167 1
47168 0
47169 1
47170 0
47171 1
47172 0
47173 3
47174 1
47175 0
47176 2
47177 1
47178 2
47179 0
47180 1
47181 0
47182 1
47183 0
47184 2
47185 0
47186 1
47187 0
47188 1
47189 2
47190 1
47191 0
47192 1
47193 2
47194 0
47195 1
47196 0
47197 1
47198 0
47199 1
47200 0
47201 1
47202 0
47203 2
47204 1
47205 2
47206 0
47207 1
47208 2
47209 0
47210 1
47211 0
47212 2
47213 1
47214 2
47215 0
47216 1
47217 2
47218 0
47219 1
47220 2
47221 0
47222 2
47223 0
47224 1
47225 2
47226 0
47227 1
47228 0
47229 1
47230 0
47231 2
47232 1
47233 2
47234 0
47235 1
47236 2
47237 1
47238 0
47239 2
47240 1
47241 0
47242 1
47243 0
47244 1
47245 0
47246 1
47247 2
47248 0
47249 2
47250 1
47251 0
47252 1
47253 0
47254 1
47255 0
47256 1
47257 2
47258 0
47259 1
47260 0
47261 1
47262 2
47263 0
47264 1
47265 0
47266 2
47267 0
47268 1
47269 2
47270 0
47271 1
47272 0
47273 1
47274 2
47275 0
47276 1
47277 2
47278 0
47279 3
47280 1
47281 2
47282 0
47283 2
47284 0
47285 1
47286 0
47287 2
47288 0
47289 2
47290 1
47291 2
47292 0
47293 2
47294 1
47295 2
47296 0
47297 2
47298 1
47299 0
47300 1
47301 0
47302 1
47303 0
47304 2
47305 1
47306 2
47307 0
47308 1
47309 2
47310 0
47311 1
47312 2
47313 0
47314 1
47315 0
47316 1
47317 0
47318 2
47319 1
47320 0
47321 1
47322 0
47323 1
47324 0
47325 1
47326 0
47327 1
47328 0
47329 1
47330 2
47331 3
47332 1
47333 0
47334 1
47335 0
47336 2
47337 1
47338 0
47339 2
47340 1
47341 0
47342 1
47343 0
47344 2
47345 0
47346 1
47347 0
47348 2
47349 1
47350 2
47351 0
47352 1
47353 0
47354 1
47355 0
47356 2
47357 1
47358 2
47359 0
47360 2
47361 1
47362 0
47363 2
47364 1
47365 0
47366 1
47367 0
47368 2
47369 1
47370 0
47371 1
47372 2
47373 0
47374 2
47375 1
47376 0
47377 1
47378 0
47379 1
47380 0
47381 1
47382 0
47383 2
47384 1
47385 0
47386 1
47387 2
47388 0
47389 1
47390 0
47391 1
47392 2
47393 0
47394 2
47395 1
47396 0
47397 1
47398 0
47399 1
47400 2
47401 1
47402 0
47403 1
47404 0
47405 1
47406 0
47407 1
47408 0
47409 1
47410 2
47411 0
47412 1
47413 2
47414 1
47415 2
47416 0
47417 1
47418 2
47419 0
47420 1
47421 2
47422 0
47423 2
47424 1
47425 2
47426 0
47427 1
47428 0
47429 1
47430 0
47431 1
47432 2
47433 0
47434 2
47435 0
47436 1
47437 2
47438 0
47439 1
47440 0
47441 1
47442 0
47443 1
47444 0
47445 1
47446 0
47447 2
47448 1
47449 0
47450 1
47451 2
47452 0
47453 1
47454 0
47455 1
47456 2
47457 0
47458 2
47459 1
47460 0
47461 1
47462 0
47463 1
47464 2
47465 0
47466 1
47467 0
47468 2
47469 1
47470 2
47471 1
47472 0
47473 1
47474 0
47475 1
47476 2
47477 0
47478 1
47479 2
47480 0
47481 2
47482 1
47483 2
47484 0
47485 1
47486 0
47487 1
47488 0
47489 1
47490 0
47491 1
47492 0
47493 1
47494 2
47495 0
47496 1
47497 0
47498 1
47499 2
47500 0
47501 1
47502 0
47503 2
47504 1
47505 0
47506 2
47507 1
47508 2
47509 0
47510 1
47511 0
47512 2
47513 1
47514 3
47515 2
47516 0
47517 1
47518 0
47519 1
47520 0
47521 1
47522 2
47523 0
47524 1
47525 2
47526 0
47527 2
47528 1
47529 0
47530 2
47531 1
47532 2
47533 1
47534 2
47535 0
47536 2
47537 0
47538 1
47539 0
47540 1
47541 2
47542 0
47543 1
47544 0
47545 2
47546 1
47547 2
47548 0
47549 1
47550 3
47551 2
47552 1
47553 2
47554 1
47555 2
47556 1
47557 0
47558 1
47559 2
47560 0
47561 2
47562 1
47563 0
47564 1
47565 0
47566 2
47567 0
47568 1
47569 0
47570 1
47571 2
47572 0
47573 1
47574 0
47575 2
47576 1
47577 0
47578 1
47579 0
47580 1
47581 0
47582 2
47583 1
47584 0
47585 1
47586 0
47587 2
47588 1
47589 0
47590 2
47591 0
47592 1
47593 0
47594 2
47595 1
47596 2
47597 0
47598 1
47599 0
47600 1
47601 2
47602 0
47603 1
47604 0
47605 2
47606 1
47607 0
47608 1
47609 2
47610 1
47611 0
47612 1
47613 2
47614 0
47615 2
47616 0
47617 1
47618 0
47619 1
47620 2
47621 1
47622 2
47623 1
47624 2
47625 0
47626 1
47627 2
47628 0
47629 1
47630 2
47631 1
47632 2
47633 0
47634 2
47635 1
47636 2
47637 0
47638 1
47639 2
47640 0
47641 1
47642 0
47643 1
47644 0
47645 1
47646 0
47647 2
47648 1
47649 0
47650 1
47651 0
47652 1
47653 2
47654 0
47655 2
47656 1
47657 0
47658 1
47659 0
47660 2
47661 0
47662 2
47663 1
47664 2
47665 0
47666 1
47667 0
47668 1
47669 0
47670 1
47671 0
47672 2
47673 1
47674 2
47675 0
47676 1
47677 2
47678 1
47679 0
47680 1
47681 0
47682 1
47683 2
47684 0
47685 2
47686 3
47687 1
47688 2
47689 1
47690 0
47691 2
47692 1
47693 2
47694 0
47695 1
47696 2
47697 0
47698 1
47699 0
47700 1
47701 0
47702 2
47703 1
47704 0
47705 2
47706 1
47707 2
47708 0
47709 1
47710 0
47711 2
47712 1
47713 2
47714 0
47715 2
47716 1
47717 0
47718 2
47719 1
47720 0
47721 1
47722 2
47723 0
47724 1
47725 0
47726 1
47727 2
47728 0
47729 2
47730 1
47731 0
47732 2
47733 1
47734 2
47735 1
47736 2
47737 1
47738 0
47739 1
47740 0
47741 1
47742 0
47743 1
47744 0
47745 1
47746 2
47747 0
47748 1
47749 2
47750 0
47751 2
47752 1
47753 0
47754 1
47755 0
47756 1
47757 2
47758 0
47759 1
47760 0
47761 1
47762 2
47763 0
47764 1
47765 0
47766 1
47767 2
47768 0
47769 2
47770 3
47771 1
47772 0
47773 1
47774 0
47775 1
47776 0
47777 2
47778 0
47779 1
47780 0
47781 1
47782 0
47783 2
47784 1
47785 2
47786 1
47787 0
47788 1
47789 0
47790 1
47791 2
47792 0
47793 1
47794 3
47795 2
47796 1
47797 2
47798 1
47799 2
47800 0
47801 1
47802 0
47803 2
47804 0
47805 1
47806 2
47807 1
47808 0
47809 2
47810 1
47811 0
47812 2
47813 1
47814 2
47815 0
47816 2
47817 1
47818 0
47819 1
47820 0
47821 1
47822 0
47823 1
47824 2
47825 0
47826 1
47827 0
47828 1
47829 2
47830 0
47831 1
47832 0
47833 1
47834 0
47835 2
47836 1
47837 0
47838 1
47839 0
47840 1
47841 0
47842 1
47843 0
47844 1
47845 0
47846 2
47847 1
47848 2
47849 1
47850 2
47851 0
47852 1
47853 0
47854 2
47855 1
47856 0
47857 2
47858 1
47859 0
47860 1
47861 0
47862 1
47863 2
47864 1
47865 0
47866 1
47867 0
47868 1
47869 0
47870 1
47871 0
47872 1
47873 0
47874 2
47875 1
47876 0
47877 1
47878 0
47879 1
47880 0
47881 2
47882 1
47883 0
47884 2
47885 1
47886 0
47887 2
47888 0
47889 1
47890 0
47891 1
47892 0
47893 1
47894 2
47895 0
47896 2
47897 0
47898 1
47899 2
47900 0
47901 2
47902 0
47903 1
47904 0
47905 1
47906 0
47907 1
47908 2
47909 0
47910 1
47911 0
47912 1
47913 0
47914 1
47915 2
47916 0
47917 2
47918 1
47919 2
47920 1
47921 0
47922 1
47923 0
47924 1
47925 0
47926 1
47927 0
47928 1
47929 0
47930 1
47931 2
47932 1
47933 2
47934 0
47935 2
47936 1
47937 0
47938 2
47939 1
47940 0
47941 2
47942 0
47943 1
47944 0
47945 1
47946 0
47947 1
47948 0
47949 1
47950 2
47951 0
47952 1
47953 0
47954 1
47955 0
47956 1
47957 0
47958 1
47959 2
47960 0
47961 1
47962 0
47963 1
47964 0
47965 2
47966 0
47967 1
47968 0
47969 1
47970 2
47971 1
47972 0
47973 1
47974 2
47975 0
47976 1
47977 0
47978 2
47979 0
47980 1
47981 2
47982 0
47983 2
47984 1
47985 0
47986 1
47987 0
47988 2
47989 0
47990 1
47991 0
47992 1
47993 2
47994 1
47995 0
47996 1
47997 2
47998 0
47999 1
48000 0
48001 1
48002 2
48003 0
48004 1
48005 0
48006 1
48007 0
48008 1
48009 0
48010 1
48011 0
48012 1
48013 0
48014 1
48015 0
48016 1
48017 0
48018 2
48019 1
48020 0
48021 1
48022 2
48023 0
48024 2
48025 1
48026 0
48027 1
48028 0
48029 1
48030 0
48031 1
48032 0
48033 2
48034 1
48035 0
48036 1
48037 0
48038 1
48039 2
48040 0
48041 1
48042 0
48043 1
48044 0
48045 1
48046 0
48047 1
48048 0
48049 1
48050 0
48051 1
48052 2
48053 1
48054 0
48055 2
48056 0
48057 1
48058 0
48059 1
48060 2
48061 3
48062 1
48063 0
48064 1
48065 2
48066 0
48067 1
48068 0
48069 1
48070 0
48071 1
48072 0
48073 1
48074 2
48075 0
48076 1
48077 0
48078 1
48079 0
48080 1
48081 0
48082 1
48083 2
48084 0
48085 1
48086 0
48087 2
48088 1
48089 0
48090 1
48091 2
48092 0
48093 1
48094 0
48095 1
48096 2
48097 0
48098 1
48099 2
48100 0
48101 1
48102 0
48103 1
48104 2
48105 0
48106 1
48107 2
48108 1
48109 0
48110 1
48111 0
48112 1
48113 2
48114 0
48115 1
48116 0
48117 1
48118 0
48119 2
48120 1
48121 2
48122 0
48123 2
48124 1
48125 0
48126 1
48127 0
48128 1
48129 2
48130 0
48131 1
48132 0
48133 1
48134 0
48135 1
48136 0
48137 1
48138 2
48139 0
48140 1
48141 2
48142 0
48143 1
48144 2
48145 0
48146 2
48147 1
48148 2
48149 0
48150 1
48151 0
48152 1
48153 0
48154 2
48155 0
48156 1
48157 0
48158 1
48159 0
48160 2
48161 1
48162 0
48163 2
48164 0
48165 1
48166 0
48167 2
48168 1
48169 0
48170 1
48171 0
48172 1
48173 0
48174 2
48175 1
48176 0
48177 2
48178 1
48179 0
48180 1
48181 2
48182 0
48183 1
48184 2
48185 0
48186 1
48187 2
48188 0
48189 1
48190 0
48191 2
48192 1
48193 2
48194 0
48195 1
48196 2
48197 0
48198 1
48199 0
48200 2
48201 3
48202 0
48203 1
48204 2
48205 0
48206 1
48207 0
48208 1
48209 2
48210 0
48211 1
48212 0
48213 2
48214 1
48215 0
48216 1
48217 0
48218 1
48219 0
48220 1
48221 0
48222 2
48223 1
48224 0
48225 1
48226 0
48227 1
48228 0
48229 1
48230 2
48231 0
48232 1
48233 0
48234 1
48235 2
48236 0
48237 1
48238 2
48239 0
48240 1
48241 2
48242 0
48243 1
48244 2
48245 0
48246 2
48247 1
48248 0
48249 1
48250 2
48251 0
48252 2
48253 1
48254 0
48255 1
48256 0
48257 2
48258 1
48259 0
48260 1
48261 0
48262 1
48263 0
48264 1
48265 0
48266 2
48267 1
48268 0
48269 1
48270 0
48271 1
48272 0
48273 1
48274 0
48275 1
48276 0
48277 2
48278 0
48279 2
48280 1
48281 2
48282 1
48283 0
48284 2
48285 0
48286 1
48287 0
48288 1
48289 0
48290 1
48291 0
48292 1
48293 0
48294 1
48295 0
48296 1
48297 0
48298 1
48299 0
48300 1
48301 2
48302 1
48303 0
48304 1
48305 2
48306 0
48307 1
48308 0
48309 2
48310 1
48311 0
48312 1
48313 0
48314 2
48315 1
48316 0
48317 1
48318 0
48319 1
48320 0
48321 1
48322 2
48323 0
48324 2
48325 1
48326 0
48327 1
48328 2
48329 0
48330 1
48331 0
48332 1
48333 2
48334 0
48335 1
48336 2
48337 0
48338 2
48339 1
48340 0
48341 1
48342 0
48343 1
48344 2
48345 1
48346 0
48347 1
48348 0
48349 1
48350 0
48351 2
48352 0
48353 1
48354 0
48355 1
48356 2
48357 1
48358 0
48359 2
48360 1
48361 2
48362 0
48363 2
48364 0
48365 1
48366 0
48367 1
48368 0
48369 1
48370 0
48371 1
48372 0
48373 1
48374 0
48375 1
48376 0
48377 2
48378 1
48379 0
48380 1
48381 0
48382 1
48383 2
48384 0
48385 1
48386 2
48387 0
48388 1
48389 2
48390 0
48391 1
48392 0
48393 2
48394 1
48395 0
48396 1
48397 0
48398 1
48399 0
48400 1
48401 2
48402 0
48403 1
48404 0
48405 1
48406 2
48407 0
48408 1
48409 0
48410 2
48411 1
48412 2
48413 1
48414 0
48415 1
48416 0
48417 2
48418 1
48419 2
48420 3
48421 1
48422 2
48423 0
48424 2
48425 0
48426 2
48427 1
48428 0
48429 1
48430 2
48431 0
48432 1
48433 2
48434 0
48435 1
48436 0
48437 1
48438 0
48439 2
48440 1
48441 2
48442 0
48443 1
48444 0
48445 1
48446 2
48447 0
48448 1
48449 2
48450 1
48451 0
48452 1
48453 2
48454 1
48455 2
48456 0
48457 2
48458 1
48459 0
48460 1
48461 2
48462 0
48463 1
48464 0
48465 1
48466 2
48467 0
48468 1
48469 2
48470 1
48471 0
48472 2
48473 1
48474 0
48475 1
48476 2
48477 1
48478 2
48479 1
48480 2
48481 0
48482 1
48483 0
48484 1
48485 0
48486 1
48487 0
48488 2
48489 1
48490 0
48491 1
48492 0
48493 1
48494 0
48495 1
48496 0
48497 1
48498 0
48499 2
48500 1
48501 0
48502 2
48503 1
48504 2
48505 1
48506 0
48507 1
48508 0
48509 1
48510 0
48511 2
48512 1
48513 0
48514 2
48515 1
48516 2
48517 0
48518 1
48519 0
48520 1
48521 2
48522 0
48523 1
48524 2
48525 1
48526 2
48527 0
48528 1
48529 0
48530 1
48531 0
48532 1
48533 0
48534 1
48535 0
48536 1
48537 2
48538 1
48539 0
48540 1
48541 0
48542 1
48543 2
48544 0
48545 1
48546 0
48547 1
48548 0
48549 1
48550 2
48551 0
48552 2
48553 1
48554 0
48555 2
48556 1
48557 0
48558 1
48559 0
48560 1
48561 2
48562 1
48563 0
48564 1
48565 2
48566 3
48567 1
48568 0
48569 2
48570 1
48571 0
48572 2
48573 1
48574 2
48575 0
48576 1
48577 2
48578 1
48579 2
48580 0
48581 1
48582 0
48583 1
48584 0
48585 2
48586 1
48587 0
48588 1
48589 0
48590 1
48591 2
48592 1
48593 0
48594 1
48595 2
48596 0
48597 1
48598 2
48599 1
48600 0
48601 1
48602 0
48603 2
48604 1
48605 0
48606 1
48607 0
48608 1
48609 0
48610 1
48611 0
48612 1
48613 2
48614 0
48615 2
48616 1
48617 0
48618 1
48619 0
48620 1
48621 0
48622 1
48623 2
48624 1
48625 2
48626 1
48627 0
48628 1
48629 2
48630 0
48631 1
48632 2
48633 0
48634 2
48635 0
48636 1
48637 0
48638 2
48639 0
48640 2
48641 1
48642 2
48643 0
48644 1
48645 2
48646 0
48647 2
48648 1
48649 2
48650 0
48651 1
48652 2
48653 0
48654 1
48655 0
48656 2
48657 1
48658 0
48659 1
48660 2
48661 1
48662 0
48663 1
48664 0
48665 1
48666 0
48667 1
48668 2
48669 0
48670 1
48671 0
48672 2
48673 1
48674 0
48675 1
48676 0
48677 1
48678 0
48679 1
48680 0
48681 2
48682 1
48683 0
48684 1
48685 3
48686 0
48687 1
48688 0
48689 1
48690 0
48691 1
48692 2
48693 0
48694 1
48695 0
48696 1
48697 0
48698 2
48699 1
48700 0
48701 1
48702 0
48703 1
48704 0
48705 1
48706 0
48707 1
48708 2
48709 1
48710 0
48711 1
48712 2
48713 1
48714 2
48715 0
48716 1
48717 0
48718 2
48719 1
48720 0
48721 1
48722 0
48723 1
48724 0
48725 1
48726 2
48727 0
48728 2
48729 1
48730 2
48731 1
48732 2
48733 1
48734 2
48735 0
48736 1
48737 2
48738 0
48739 1
48740 2
48741 0
48742 2
48743 1
48744 0
48745 1
48746 0
48747 2
48748 1
48749 0
48750 2
48751 1
48752 2
48753 0
48754 1
48755 0
48756 2
48757 1
48758 0
48759 1
48760 2
48761 3
48762 1
48763 2
48764 0
48765 2
48766 1
48767 2
48768 0
48769 1
48770 0
48771 1
48772 0
48773 2
48774 1
48775 0
48776 2
48777 1
48778 0
48779 1
48780 0
48781 2
48782 1
48783 0
48784 1
48785 2
48786 0
48787 1
48788 0
48789 2
48790 1
48791 2
48792 0
48793 2
48794 1
48795 0
48796 1
48797 2
48798 0
48799 2
48800 1
48801 2
48802 0
48803 2
48804 1
48805 0
48806 1
48807 0
48808 1
48809 0
48810 1
48811 2
48812 0
48813 1
48814 0
48815 1
48816 2
48817 0
48818 1
48819 0
48820 1
48821 0
48822 1
48823 0
48824 1
48825 2
48826 0
48827 2
48828 1
48829 0
48830 2
48831 0
48832 1
48833 2
48834 1
48835 0
48836 2
48837 1
48838 0
48839 1
48840 0
48841 2
48842 1
48843 0
48844 1
48845 0
48846 1
48847 2
48848 0
48849 1
48850 2
48851 0
48852 1
48853 0
48854 1
48855 0
48856 2
48857 1
48858 0
48859 1
48860 0
48861 1
48862 0
48863 1
48864 0
48865 1
48866 2
48867 0
48868 1
48869 0
48870 1
48871 2
48872 1
48873 0
48874 1
48875 0
48876 2
48877 1
48878 0
48879 1
48880 0
48881 1
48882 0
48883 1
48884 0
48885 1
48886 2
48887 0
48888 1
48889 2
48890 1
48891 2
48892 0
48893 2
48894 1
48895 0
48896 1
48897 0
48898 1
48899 0
48900 1
48901 0
48902 1
48903 2
48904 1
48905 2
48906 1
48907 2
48908 1
48909 2
48910 0
48911 1
48912 0
48913 1
48914 0
48915 1
48916 2
48917 0
48918 1
48919 0
48920 1
48921 0
48922 1
48923 0
48924 1
48925 2
48926 0
48927 1
48928 2
48929 0
48930 1
48931 0
48932 1
48933 0
48934 1
48935 0
48936 1
48937 0
48938 1
48939 0
48940 2
48941 0
48942 2
48943 1
48944 2
48945 1
48946 0
48947 1
48948 0
48949 2
48950 0
48951 1
48952 0
48953 2
48954 1
48955 0
48956 1
48957 0
48958 1
48959 2
48960 0
48961 1
48962 0
48963 2
48964 1
48965 0
48966 2
48967 1
48968 2
48969 0
48970 1
48971 2
48972 3
48973 0
48974 1
48975 2
48976 0
48977 1
48978 0
48979 1
48980 2
48981 0
48982 1
48983 2
48984 1
48985 0
48986 2
48987 0
48988 2
48989 1
48990 0
48991 1
48992 0
48993 1
48994 0
48995 1
48996 0
48997 1
48998 2
48999 0
49000 1
49001 0
49002 1
49003 0
49004 2
49005 1
49006 0
49007 1
49008 0
49009 1
49010 0
49011 2
49012 1
49013 0
49014 1
49015 0
49016 1
49017 0
49018 2
49019 1
49020 0
49021 1
49022 0
49023 1
49024 2
49025 0
49026 1
49027 0
49028 1
49029 0
49030 1
49031 0
49032 1
49033 0
49034 1
49035 0
49036 2
49037 1
49038 2
49039 0
49040 2
49041 1
49042 2
49043 0
49044 1
49045 0
49046 1
49047 0
49048 1
49049 0
49050 1
49051 2
49052 0
49053 1
49054 0
49055 1
49056 0
49057 1
49058 0
49059 1
49060 0
49061 2
49062 1
49063 0
49064 1
49065 2
49066 0
49067 2
49068 1
49069 0
49070 2
49071 1
49072 2
49073 0
49074 1
49075 0
49076 1
49077 0
49078 2
49079 1
49080 2
49081 0
49082 1
49083 0
49084 1
49085 0
49086 1
49087 0
49088 2
49089 1
49090 0
49091 2
49092 1
49093 0
49094 1
49095 0
49096 1
49097 2
49098 1
49099 0
49100 1
49101 0
49102 2
49103 1
49104 0
49105 1
49106 0
49107 2
49108 1
49109 0
49110 1
49111 0
49112 2
49113 1
49114 0
49115 2
49116 1
49117 0
49118 1
49119 0
49120 1
49121 2
49122 0
49123 1
49124 2
49125 0
49126 2
49127 1
49128 0
49129 1
49130 0
49131 1
49132 2
49133 0
49134 1
49135 0
49136 1
49137 0
49138 1
49139 0
49140 1
49141 0
49142 1
49143 0
49144 2
49145 1
49146 2
49147 0
49148 1
49149 0
49150 1
49151 2
49152 1
49153 0
49154 1
49155 2
49156 0
49157 1
49158 0
49159 2
49160 1
49161 0
49162 1
49163 0
49164 1
49165 0
49166 1
49167 0
49168 1
49169 0
49170 2
49171 0
49172 1
49173 0
49174 1
49175 0
49176 2
49177 1
49178 0
49179 1
49180 0
49181 1
49182 0
49183 1
49184 2
49185 0
49186 2
49187 1
49188 2
49189 0
49190 1
49191 0
49192 1
49193 0
49194 1
49195 2
49196 0
49197 1
49198 2
49199 0
49200 1
49201 0
49202 1
49203 2
49204 1
49205 2
49206 1
49207 0
49208 1
49209 2
49210 0
49211 1
49212 2
49213 0
49214 1
49215 0
49216 1
49217 0
49218 2
49219 0
49220 1
49221 2
49222 0
49223 1
49224 0
49225 2
49226 1
49227 0
49228 1
49229 0
49230 1
49231 0
49232 1
49233 2
49234 1
49235 0
49236 1
49237 0
49238 1
49239 0
49240 1
49241 2
49242 0
49243 1
49244 0
49245 1
49246 0
49247 1
49248 2
49249 0
49250 2
49251 1
49252 0
49253 1
49254 2
49255 0
49256 1
49257 2
49258 0
49259 2
49260 3
49261 1
49262 2
49263 3
49264 0
49265 1
49266 0
49267 1
49268 2
49269 0
49270 1
49271 2
49272 1
49273 0
49274 2
49275 1
49276 0
49277 2
49278 1
49279 2
49280 0
49281 1
49282 0
49283 1
49284 0
49285 2
49286 1
49287 0
49288 1
49289 2
49290 0
49291 1
49292 0
49293 1
49294 0
49295 1
49296 0
49297 2
49298 1
49299 0
49300 2
49301 1
49302 0
49303 2
49304 0
49305 2
49306 1
49307 0
49308 2
49309 1
49310 0
49311 1
49312 2
49313 0
49314 2
49315 1
49316 0
49317 2
49318 1
49319 0
49320 2
49321 1
49322 2
49323 0
49324 1
49325 0
49326 1
49327 0
49328 1
49329 0
49330 2
49331 1
49332 2
49333 0
49334 1
49335 0
49336 1
49337 0
49338 1
49339 0
49340 1
49341 0
49342 2
49343 1
49344 0
49345 1
49346 0
49347 1
49348 0
49349 1
49350 0
49351 1
49352 0
49353 1
49354 2
49355 0
49356 2
49357 1
49358 0
49359 1
49360 2
49361 3
49362 0
49363 1
49364 2
49365 0
49366 1
49367 0
49368 1
49369 2
49370 3
49371 1
49372 0
49373 1
49374 2
49375 0
49376 1
49377 2
49378 1
49379 0
49380 1
49381 2
49382 0
49383 1
49384 2
49385 0
49386 1
49387 2
49388 0
49389 2
49390 1
49391 0
49392 2
49393 0
49394 1
49395 0
49396 1
49397 0
49398 1
49399 2
49400 3
49401 0
49402 1
49403 0
49404 1
49405 0
49406 1
49407 2
49408 0
49409 2
49410 1
49411 2
49412 1
49413 0
49414 1
49415 0
49416 1
49417 0
49418 1
49419 0
49420 1
49421 0
49422 1
49423 0
49424 2
49425 1
49426 2
49427 0
49428 1
49429 0
49430 1
49431 0
49432 2
49433 1
49434 2
49435 0
49436 1
49437 2
49438 0
49439 1
49440 0
49441 1
49442 0
49443 1
49444 0
49445 1
49446 0
49447 1
49448 2
49449 1
49450 0
49451 1
49452 0
49453 1
49454 2
49455 0
49456 1
49457 0
49458 1
49459 2
49460 0
49461 1
49462 0
49463 2
49464 1
49465 2
49466 0
49467 1
49468 0
49469 2
49470 1
49471 2
49472 0
49473 1
49474 2
49475 0
49476 2
49477 1
49478 0
49479 1
49480 0
49481 1
49482 0
49483 1
49484 0
49485 1
49486 0
49487 2
49488 0
49489 1
49490 0
49491 1
49492 2
49493 1
49494 0
49495 2
49496 1
49497 2
49498 1
49499 0
49500 1
49501 0
49502 1
49503 0
49504 1
49505 2
49506 1
49507 0
49508 2
49509 1
49510 2
49511 0
49512 2
49513 1
49514 0
49515 1
49516 2
49517 1
49518 0
49519 1
49520 0
49521 1
49522 0
49523 1
49524 0
49525 1
49526 2
49527 0
49528 2
49529 1
49530 0
49531 1
49532 0
49533 2
49534 0
49535 1
49536 0
49537 1
49538 0
49539 1
49540 0
49541 1
49542 0
49543 1
49544 0
49545 2
49546 0
49547 1
49548 2
49549 1
49550 0
49551 2
49552 1
49553 2
49554 0
49555 1
49556 0
49557 1
49558 0
49559 1
49560 0
49561 1
49562 0
49563 1
49564 0
49565 2
49566 1
49567 2
49568 0
49569 1
49570 0
49571 2
49572 1
49573 2
49574 0
49575 2
49576 1
49577 0
49578 1
49579 2
49580 0
49581 1
49582 0
49583 1
49584 0
49585 1
49586 0
49587 1
49588 2
49589 0
49590 1
49591 0
49592 1
49593 0
49594 1
49595 0
49596 1
49597 0
49598 1
49599 0
49600 3
49601 2
49602 0
49603 1
49604 2
49605 0
49606 2
49607 0
49608 2
49609 1
49610 0
49611 1
49612 0
49613 2
49614 1
49615 0
49616 1
49617 0
49618 2
49619 1
49620 0
49621 1
49622 0
49623 1
49624 2
49625 0
49626 1
49627 2
49628 0
49629 1
49630 0
49631 2
49632 1
49633 0
49634 2
49635 1
49636 0
49637 1
49638 0
49639 1
49640 2
49641 0
49642 2
49643 1
49644 3
49645 0
49646 1
49647 0
49648 1
49649 2
49650 0
49651 1
49652 0
49653 1
49654 0
49655 1
49656 0
49657 1
49658 2
49659 0
49660 1
49661 0
49662 1
49663 2
49664 0
49665 1
49666 0
49667 2
49668 0
49669 1
49670 0
49671 1
49672 2
49673 0
49674 1
49675 0
49676 2
49677 1
49678 0
49679 1
49680 2
49681 0
49682 1
49683 2
49684 1
49685 0
49686 2
49687 0
49688 1
49689 0
49690 2
49691 1
49692 2
49693 0
49694 2
49695 1
49696 0
49697 1
49698 0
49699 1
49700 0
49701 1
49702 2
49703 0
49704 1
49705 2
49706 0
49707 1
49708 0
49709 1
49710 0
49711 2
49712 1
49713 2
49714 1
49715 0
49716 1
49717 0
49718 1
49719 2
49720 0
49721 1
49722 2
49723 1
49724 0
49725 2
49726 1
49727 0
49728 1
49729 0
49730 1
49731 0
49732 1
49733 0
49734 1
49735 0
49736 1
49737 0
49738 1
49739 0
49740 2
49741 1
49742 0
49743 1
49744 0
49745 1
49746 0
49747 1
49748 0
49749 1
49750 0
49751 1
49752 0
49753 1
49754 2
49755 1
49756 0
49757 1
49758 0
49759 1
49760 0
49761 2
49762 1
49763 0
49764 2
49765 1
49766 2
49767 0
49768 1
49769 0
49770 1
49771 0
49772 2
49773 1
49774 0
49775 2
49776 3
49777 0
49778 1
49779 2
49780 0
49781 1
49782 2
49783 0
49784 1
49785 0
49786 1
49787 2
49788 0
49789 2
49790 1
49791 0
49792 1
49793 2
49794 0
49795 1
49796 0
49797 1
49798 2
49799 0
49800 1
49801 0
49802 1
49803 2
49804 0
49805 2
49806 0
49807 1
49808 0
49809 1
49810 0
49811 2
49812 1
49813 2
49814 0
49815 1
49816 2
49817 0
49818 2
49819 0
49820 1
49821 0
49822 1
49823 2
49824 1
49825 2
49826 0
49827 1
49828 0
49829 1
49830 2
49831 0
49832 1
49833 2
49834 0
49835 2
49836 1
49837 2
49838 1
49839 0
49840 1
49841 0
49842 1
49843 0
49844 1
49845 0
49846 1
49847 2
49848 0
49849 1
49850 0
49851 1
49852 2
49853 1
49854 0
49855 1
49856 0
49857 1
49858 0
49859 2
49860 1
49861 0
49862 1
49863 0
49864 1
49865 2
49866 1
49867 2
49868 0
49869 1
49870 0
49871 1
49872 2
49873 0
49874 1
49875 2
49876 0
49877 1
49878 0
49879 1
49880 2
49881 1
49882 0
49883 2
49884 0
49885 1
49886 0
49887 2
49888 0
49889 1
49890 0
49891 1
49892 0
49893 2
49894 1
49895 0
49896 1
49897 0
49898 2
49899 1
49900 2
49901 1
49902 0
49903 1
49904 0
49905 1
49906 0
49907 2
49908 0
49909 1
49910 0
49911 1
49912 2
49913 0
49914 2
49915 1
49916 0
49917 1
49918 0
49919 1
49920 0
49921 2
49922 1
49923 2
49924 0
49925 1
49926 0
49927 1
49928 0
49929 1
49930 0
49931 1
49932 0
49933 1
49934 0
49935 2
49936 1
49937 2
49938 0
49939 1
49940 0
49941 1
49942 0
49943 1
49944 2
49945 0
49946 1
49947 2
49948 1
49949 0
49950 1
49951 0
49952 2
49953 1
49954 0
49955 2
49956 1
49957 0
49958 1
49959 0
49960 1
49961 2
49962 0
49963 1
49964 0
49965 1
49966 0
49967 1
49968 0
49969 1
49970 0
49971 2
49972 0
49973 1
49974 0
49975 2
49976 1
49977 0
49978 1
49979 0
49980 1
49981 0
49982 2
49983 1
49984 2
49985 0
49986 1
49987 0
49988 1
49989 2
49990 0
49991 1
49992 0
49993 1
49994 0
49995 1
49996 2
49997 0
49998 1
49999 0
50000 1
50001 0
50002 2
50003 1
50004 0
50005 2
50006 1
50007 2
50008 0
50009 2
50010 1
50011 2
50012 0
50013 2
50014 0
50015 1
50016 0
50017 1
50018 0
50019 1
50020 0
50021 1
50022 0
50023 1
50024 2
50025 0
50026 1
50027 0
50028 1
50029 2
50030 0
50031 1
50032 0
50033 1
50034 0
50035 1
50036 0
50037 2
50038 1
50039 2
50040 0
50041 1
50042 0
50043 1
50044 0
50045 2
50046 1
50047 2
50048 0
50049 1
50050 2
50051 1
50052 0
50053 1
50054 0
50055 2
50056 1
50057 0
50058 1
50059 2
50060 0
50061 2
50062 1
50063 2
50064 3
50065 0
50066 1
50067 0
50068 1
50069 2
50070 1
50071 0
50072 1
50073 2
50074 1
50075 2
50076 1
50077 0
50078 2
50079 1
50080 0
50081 1
50082 2
50083 0
50084 1
50085 2
50086 0
50087 2
50088 1
50089 0
50090 1
50091 2
50092 0
50093 2
50094 1
50095 0
50096 1
50097 0
50098 1
50099 0
50100 1
50101 0
50102 1
50103 2
50104 0
50105 2
50106 1
50107 0
50108 1
50109 0
50110 1
50111 2
50112 0
50113 1
50114 2
50115 0
50116 1
50117 0
50118 1
50119 0
50120 2
50121 1
50122 0
50123 1
50124 2
50125 0
50126 1
50127 0
50128 1
50129 0
50130 1
50131 0
50132 2
50133 1
50134 0
50135 1
50136 0
50137 1
50138 2
50139 0
50140 1
50141 0
50142 1
50143 0
50144 1
50145 0
50146 1
50147 0
50148 1
50149 0
50150 1
50151 2
50152 0
50153 1
50154 0
50155 1
50156 0
50157 2
50158 0
50159 2
50160 1
50161 0
50162 2
50163 1
50164 0
50165 1
50166 0
50167 1
50168 0
50169 2
50170 1
50171 0
50172 1
50173 0
50174 1
50175 2
50176 1
50177 2
50178 0
50179 1
50180 0
50181 2
50182 1
50183 2
50184 0
50185 1
50186 0
50187 1
50188 0
50189 1
50190 2
50191 0
50192 1
50193 0
50194 1
50195 2
50196 0
50197 1
50198 2
50199 0
50200 1
50201 0
50202 2
50203 1
50204 0
50205 1
50206 0
50207 2
50208 1
50209 0
50210 1
50211 0
50212 1
50213 0
50214 1
50215 2
50216 0
50217 2
50218 0
50219 2
50220 1
50221 0
50222 1
50223 0
50224 1
50225 0
50226 1
50227 2
50228 0
50229 1
50230 0
50231 1
50232 2
50233 0
50234 1
50235 0
50236 2
50237 1
50238 0
50239 1
50240 0
50241 1
50242 0
50243 1
50244 0
50245 2
50246 1
50247 2
50248 1
50249 0
50250 1
50251 0
50252 2
50253 1
50254 2
50255 1
50256 0
50257 1
50258 2
50259 0
50260 1
50261 0
50262 1
50263 0
50264 1
50265 0
50266 2
50267 0
50268 1
50269 2
50270 0
50271 1
50272 0
50273 1
50274 0
50275 1
50276 2
50277 0
50278 1
50279 0
50280 1
50281 0
50282 1
50283 2
50284 0
50285 2
50286 1
50287 0
50288 1
50289 2
50290 0
50291 1
50292 0
50293 2
50294 0
50295 1
50296 0
50297 1
50298 0
50299 1
50300 2
50301 1
50302 0
50303 1
50304 0
50305 1
50306 0
50307 1
50308 0
50309 2
50310 1
50311 0
50312 1
50313 0
50314 2
50315 1
50316 0
50317 1
50318 0
50319 2
50320 1
50321 0
50322 1
50323 0
50324 1
50325 0
50326 1
50327 2
50328 0
50329 2
50330 1
50331 0
50332 1
50333 2
50334 0
50335 1
50336 0
50337 1
50338 0
50339 1
50340 0
50341 1
50342 0
50343 1
50344 2
50345 1
50346 0
50347 1
50348 0
50349 1
50350 0
50351 1
50352 0
50353 1
50354 0
50355 1
50356 0
50357 2
50358 1
50359 2
50360 0
50361 1
50362 0
50363 1
50364 0
50365 1
50366 0
50367 1
50368 2
50369 0
50370 2
50371 0
50372 1
50373 2
50374 1
50375 2
50376 1
50377 0
50378 1
50379 0
50380 1
50381 0
50382 1
50383 0
50384 2
50385 0
50386 1
50387 0
50388 2
50389 1
50390 2
50391 0
50392 1
50393 0
50394 2
50395 0
50396 2
50397 1
50398 2
50399 0
50400 1
50401 0
50402 1
50403 2
50404 0
50405 1
50406 0
50407 1
50408 0
50409 1
50410 0
50411 2
50412 1
50413 0
50414 1
50415 0
50416 1
50417 0
50418 2
50419 1
50420 2
50421 0
50422 1
50423 0
50424 1
50425 0
50426 1
50427 0
50428 2
50429 1
50430 2
50431 0
50432 1
50433 0
50434 2
50435 1
50436 0
50437 2
50438 1
50439 2
50440 0
50441 1
50442 0
50443 2
50444 1
50445 2
50446 1
50447 0
50448 2
50449 1
50450 0
50451 1
50452 2
50453 0
50454 2
50455 1
50456 0
50457 2
50458 1
50459 0
50460 1
50461 0
50462 1
50463 0
50464 2
50465 1
50466 2
50467 1
50468 0
50469 1
50470 0
50471 1
50472 0
50473 1
50474 0
50475 2
50476 1
50477 0
50478 1
50479 0
50480 1
50481 0
50482 1
50483 2
50484 0
50485 2
50486 1
50487 0
50488 2
50489 1
50490 0
50491 1
50492 0
50493 1
50494 2
50495 0
50496 2
50497 1
50498 0
50499 1
50500 0
50501 1
50502 2
50503 1
50504 0
50505 1
50506 0
50507 1
50508 0
50509 2
50510 1
50511 0
50512 1
50513 2
50514 0
50515 2
50516 1
50517 0
50518 1
50519 0
50520 1
50521 0
50522 2
50523 1
50524 0
50525 2
50526 1
50527 0
50528 1
50529 0
50530 1
50531 0
50532 2
50533 1
50534 2
50535 0
50536 2
50537 1
50538 2
50539 0
50540 1
50541 2
50542 0
50543 1
50544 0
50545 1
50546 3
50547 2
50548 1
50549 0
50550 1
50551 2
50552 3
50553 1
50554 2
50555 0
50556 1
50557 0
50558 2
50559 1
50560 0
50561 1
50562 2
50563 0
50564 1
50565 0
50566 1
50567 0
50568 1
50569 0
50570 2
50571 1
50572 0
50573 2
50574 1
50575 2
50576 1
50577 0
50578 1
50579 0
50580 2
50581 1
50582 0
50583 1
50584 0
50585 1
50586 2
50587 0
50588 2
50589 1
50590 0
50591 1
50592 2
50593 0
50594 1
50595 0
50596 1
50597 2
50598 0
50599 1
50600 0
50601 1
50602 2
50603 0
50604 2
50605 0
50606 1
50607 0
50608 1
50609 0
50610 1
50611 2
50612 0
50613 1
50614 0
50615 1
50616 0
50617 1
50618 2
50619 0
50620 1
50621 0
50622 1
50623 2
50624 0
50625 1
50626 0
50627 1
50628 2
50629 0
50630 1
50631 0
50632 1
50633 0
50634 1
50635 2
50636 1
50637 0
50638 1
50639 0
50640 2
50641 0
50642 1
50643 2
50644 1
50645 0
50646 1
50647 2
50648 0
50649 1
50650 0
50651 1
50652 0
50653 1
50654 2
50655 0
50656 1
50657 0
50658 1
50659 2
50660 0
50661 1
50662 0
50663 2
50664 1
50665 0
50666 1
50667 2
50668 0
50669 2
50670 1
50671 0
50672 2
50673 1
50674 2
50675 1
50676 2
50677 0
50678 1
50679 0
50680 1
50681 0
50682 2
50683 1
50684 0
50685 1
50686 0
50687 2
50688 1
50689 2
50690 3
50691 0
50692 1
50693 2
50694 0
50695 1
50696 0
50697 2
50698 1
50699 0
50700 1
50701 0
50702 1
50703 2
50704 0
50705 2
50706 1
50707 2
50708 1
50709 0
50710 1
50711 0
50712 1
50713 0
50714 1
50715 0
50716 1
50717 0
50718 1
50719 2
50720 0
50721 1
50722 0
50723 2
50724 1
50725 2
50726 0
50727 1
50728 0
50729 1
50730 0
50731 1
50732 2
50733 0
50734 2
50735 0
50736 2
50737 1
50738 0
50739 2
50740 1
50741 2
50742 1
50743 0
50744 1
50745 2
50746 0
50747 2
50748 1
50749 0
50750 2
50751 0
50752 1
50753 0
50754 1
50755 0
50756 1
50757 0
50758 1
50759 0
50760 2
50761 1
50762 0
50763 2
50764 1
50765 0
50766 2
50767 3
50768 0
50769 1
50770 0
50771 1
50772 0
50773 2
50774 1
50775 3
50776 0
50777 1
50778 0
50779 1
50780 0
50781 1
50782 0
50783 2
50784 1
50785 0
50786 1
50787 0
50788 1
50789 0
50790 2
50791 1
50792 2
50793 0
50794 1
50795 0
50796 2
50797 1
50798 2
50799 0
50800 1
50801 0
50802 2
50803 1
50804 0
50805 1
50806 0
50807 2
50808 1
50809 2
50810 0
50811 1
50812 2
50813 0
50814 2
50815 1
50816 2
50817 0
50818 2
50819 1
50820 2
50821 0
50822 1
50823 2
50824 0
50825 1
50826 0
50827 1
50828 2
50829 1
50830 0
50831 1
50832 2
50833 0
50834 1
50835 0
50836 1
50837 2
50838 0
50839 1
50840 0
50841 1
50842 2
50843 1
50844 2
50845 1
50846 0
50847 1
50848 2
50849 1
50850 0
50851 1
50852 0
50853 1
50854 2
50855 0
50856 1
50857 0
50858 1
50859 2
50860 0
50861 2
50862 1
50863 2
50864 0
50865 1
50866 0
50867 1
50868 2
50869 1
50870 0
50871 1
50872 2
50873 1
50874 0
50875 1
50876 0
50877 1
50878 0
50879 1
50880 0
50881 1
50882 0
50883 1
50884 0
50885 1
50886 2
50887 1
50888 2
50889 0
50890 2
50891 1
50892 0
50893 1
50894 2
50895 0
50896 1
50897 0
50898 1
50899 2
50900 1
50901 0
50902 1
50903 2
50904 3
50905 0
50906 2
50907 1
50908 0
50909 2
50910 0
50911 1
50912 0
50913 1
50914 0
50915 2
50916 1
50917 0
50918 1
50919 0
50920 1
50921 0
50922 1
50923 0
50924 1
50925 0
50926 2
50927 1
50928 0
50929 1
50930 2
50931 0
50932 1
50933 0
50934 2
50935 1
50936 0
50937 1
50938 0
50939 1
50940 0
50941 1
50942 0
50943 1
50944 0
50945 1
50946 2
50947 0
50948 1
50949 0
50950 1
50951 0
50952 1
50953 0
50954 2
50955 1
50956 0
50957 2
50958 0
50959 1
50960 0
50961 1
50962 0
50963 2
50964 1
50965 3
50966 0
50967 1
50968 0
50969 1
50970 2
50971 1
50972 0
50973 1
50974 0
50975 2
50976 1
50977 0
50978 1
50979 0
50980 1
50981 0
50982 1
50983 0
50984 2
50985 1
50986 0
50987 1
50988 0
50989 1
50990 0
50991 1
50992 0
50993 2
50994 0
50995 1
50996 2
50997 0
50998 1
50999 0
51000 1
51001 2
51002 1
51003 2
51004 0
51005 1
51006 2
51007 0
51008 1
51009 0
51010 1
51011 0
51012 1
51013 0
51014 1
51015 0
51016 1
51017 2
51018 0
51019 2
51020 1
51021 2
51022 0
51023 1
51024 0
51025 1
51026 2
51027 0
51028 1
51029 2
51030 1
51031 0
51032 2
51033 1
51034 0
51035 1
51036 0
51037 1
51038 2
51039 0
51040 1
51041 0
51042 1
51043 0
51044 1
51045 0
51046 2
51047 1
51048 0
51049 1
51050 0
51051 1
51052 0
51053 1
51054 2
51055 0
51056 1
51057 0
51058 1
51059 2
51060 0
51061 2
51062 1
51063 2
51064 0
51065 1
51066 0
51067 1
51068 2
51069 0
51070 1
51071 0
51072 2
51073 0
51074 1
51075 0
51076 1
51077 0
51078 2
51079 1
51080 0
51081 1
51082 0
51083 2
51084 1
51085 2
51086 1
51087 2
51088 1
51089 0
51090 2
51091 0
51092 1
51093 0
51094 2
51095 1
51096 2
51097 0
51098 1
51099 2
51100 1
51101 0
51102 1
51103 0
51104 1
51105 0
51106 1
51107 0
51108 1
51109 0
51110 1
51111 0
51112 1
51113 0
51114 1
51115 2
51116 0
51117 2
51118 0
51119 1
51120 0
51121 2
51122 1
51123 2
51124 1
51125 0
51126 1
51127 0
51128 1
51129 0
51130 1
51131 0
51132 2
51133 1
51134 2
51135 0
51136 1
51137 0
51138 1
51139 2
51140 0
51141 1
51142 2
51143 0
51144 1
51145 2
51146 0
51147 1
51148 2
51149 0
51150 2
51151 0
51152 1
51153 2
51154 0
51155 1
51156 0
51157 1
51158 0
51159 2
51160 1
51161 2
51162 0
51163 1
51164 2
51165 0
51166 2
51167 1
51168 0
51169 2
51170 0
51171 1
51172 2
51173 1
51174 0
51175 1
51176 0
51177 1
51178 0
51179 2
51180 1
51181 0
51182 1
51183 0
51184 1
51185 0
51186 1
51187 0
51188 1
51189 2
51190 1
51191 2
51192 0
51193 1
51194 2
51195 0
51196 1
51197 2
51198 0
51199 1
51200 0
51201 1
51202 0
51203 1
51204 0
51205 1
51206 2
51207 0
51208 1
51209 2
51210 0
51211 2
51212 0
51213 1
51214 0
51215 1
51216 0
51217 1
51218 0
51219 1
51220 2
51221 0
51222 1
51223 2
51224 0
51225 2
51226 1
51227 2
51228 1
51229 0
51230 2
51231 1
51232 2
51233 0
51234 1
51235 0
51236 1
51237 2
51238 0
51239 2
51240 1
51241 2
51242 0
51243 2
51244 0
51245 2
51246 0
51247 1
51248 2
51249 0
51250 3
51251 2
51252 0
51253 2
51254 1
51255 0
51256 1
51257 2
51258 1
51259 0
51260 1
51261 2
51262 1
51263 0
51264 2
51265 1
51266 0
51267 1
51268 0
51269 1
51270 0
51271 1
51272 0
51273 1
51274 0
51275 2
51276 1
51277 0
51278 1
51279 2
51280 0
51281 1
51282 0
51283 2
51284 1
51285 2
51286 0
51287 1
51288 2
51289 0
51290 1
51291 0
51292 1
51293 0
51294 2
51295 3
51296 1
51297 2
51298 1
51299 0
51300 1
51301 0
51302 1
51303 0
51304 2
51305 0
51306 1
51307 2
51308 0
51309 1
51310 0
51311 1
51312 0
51313 1
51314 2
51315 1
51316 2
51317 0
51318 1
51319 0
51320 1
51321 0
51322 1
51323 0
51324 1
51325 0
51326 1
51327 0
51328 1
51329 2
51330 1
51331 2
51332 0
51333 1
51334 0
51335 1
51336 0
51337 1
51338 0
51339 1
51340 2
51341 0
51342 1
51343 2
51344 0
51345 1
51346 2
51347 0
51348 1
51349 0
51350 1
51351 0
51352 1
51353 0
51354 2
51355 1
51356 2
51357 0
51358 1
51359 2
51360 0
51361 2
51362 1
51363 0
51364 1
51365 2
51366 0
51367 1
51368 0
51369 1
51370 0
51371 1
51372 2
51373 1
51374 0
51375 1
51376 2
51377 0
51378 2
51379 1
51380 0
51381 2
51382 1
51383 0
51384 1
51385 0
51386 1
51387 2
51388 3
51389 1
51390 2
51391 1
51392 0
51393 1
51394 0
51395 1
51396 0
51397 1
51398 0
51399 1
51400 0
51401 1
51402 0
51403 1
51404 0
51405 1
51406 0
51407 1
51408 0
51409 1
51410 2
51411 1
51412 0
51413 1
51414 0
51415 2
51416 1
51417 0
51418 1
51419 0
51420 1
51421 2
51422 3
51423 1
51424 0
51425 1
51426 0
51427 2
51428 0
51429 1
51430 0
51431 1
51432 0
51433 1
51434 2
51435 0
51436 1
51437 0
51438 2
51439 1
51440 0
51441 1
51442 0
51443 1
51444 2
51445 0
51446 1
51447 0
51448 1
51449 0
51450 1
51451 0
51452 1
51453 0
51454 1
51455 2
51456 0
51457 2
51458 1
51459 0
51460 1
51461 0
51462 2
51463 1
51464 2
51465 0
51466 1
51467 0
51468 1
51469 0
51470 1
51471 2
51472 0
51473 1
51474 0
51475 2
51476 1
51477 0
51478 2
51479 1
51480 2
51481 1
51482 0
51483 2
51484 1
51485 0
51486 1
51487 2
51488 0
51489 1
51490 0
51491 1
51492 0
51493 2
51494 1
51495 0
51496 2
51497 0
51498 2
51499 1
51500 0
51501 1
51502 0
51503 1
51504 0
51505 1
51506 0
51507 1
51508 2
51509 1
51510 0
51511 1
51512 0
51513 1
51514 2
51515 1
51516 0
51517 2
51518 0
51519 1
51520 0
51521 1
51522 2
51523 0
51524 1
51525 0
51526 1
51527 2
51528 1
51529 2
51530 0
51531 2
51532 1
51533 0
51534 1
51535 2
51536 0
51537 1
51538 0
51539 2
51540 1
51541 0
51542 2
51543 0
51544 1
51545 0
51546 1
51547 2
51548 0
51549 2
51550 0
51551 1
51552 2
51553 1
51554 2
51555 0
51556 1
51557 0
51558 1
51559 0
51560 1
51561 2
51562 1
51563 2
51564 0
51565 1
51566 2
51567 0
51568 1
51569 2
51570 0
51571 1
51572 0
51573 1
51574 0
51575 1
51576 0
51577 1
51578 2
51579 0
51580 1
51581 2
51582 0
51583 1
51584 0
51585 1
51586 2
51587 0
51588 1
51589 0
51590 1
51591 2
51592 0
51593 1
51594 0
51595 1
51596 0
51597 1
51598 0
51599 1
51600 0
51601 1
51602 0
51603 1
51604 0
51605 2
51606 0
51607 1
51608 2
51609 1
51610 0
51611 1
51612 2
51613 0
51614 1
51615 0
51616 2
51617 1
51618 0
51619 1
51620 0
51621 1
51622 2
51623 0
51624 1
51625 0
51626 1
51627 0
51628 1
51629 0
51630 2
51631 1
51632 2
51633 0
51634 1
51635 0
51636 1
51637 0
51638 2
51639 1
51640 0
51641 1
51642 0
51643 1
51644 0
51645 1
51646 0
51647 1
51648 0
51649 1
51650 0
51651 1
51652 2
51653 1
51654 0
51655 1
51656 0
51657 1
51658 2
51659 0
51660 2
51661 0
51662 1
51663 2
51664 0
51665 1
51666 0
51667 1
51668 0
51669 1
51670 0
51671 1
51672 0
51673 1
51674 0
51675 1
51676 2
51677 0
51678 1
51679 2
51680 0
51681 2
51682 1
51683 0
51684 2
51685 1
51686 0
51687 2
51688 1
51689 2
51690 0
51691 2
51692 0
51693 1
51694 2
51695 0
51696 2
51697 1
51698 0
51699 1
51700 0
51701 2
51702 1
51703 0
51704 1
51705 0
51706 1
51707 2
51708 0
51709 1
51710 2
51711 0
51712 1
51713 0
51714 1
51715 0
51716 1
51717 0
51718 1
51719 2
51720 0
51721 1
51722 0
51723 1
51724 0
51725 1
51726 0
51727 1
51728 0
51729 2
51730 1
51731 0
51732 1
51733 0
51734 2
51735 1
51736 0
51737 1
51738 0
51739 2
51740 1
51741 0
51742 1
51743 0
51744 2
51745 1
51746 0
51747 1
51748 0
51749 1
51750 0
51751 1
51752 0
51753 1
51754 0
51755 1
51756 0
51757 1
51758 0
51759 2
51760 1
51761 2
51762 0
51763 1
51764 2
51765 1
51766 0
51767 1
51768 0
51769 1
51770 0
51771 1
51772 2
51773 0
51774 1
51775 0
51776 1
51777 0
51778 1
51779 0
51780 1
51781 2
51782 0
51783 1
51784 0
51785 2
51786 0
51787 1
51788 0
51789 1
51790 0
51791 1
51792 0
51793 1
51794 0
51795 1
51796 0
51797 1
51798 2
51799 0
51800 1
51801 0
51802 1
51803 0
51804 2
51805 0
51806 1
51807 0
51808 2
51809 0
51810 2
51811 0
51812 1
51813 2
51814 0
51815 1
51816 0
51817 1
51818 0
51819 1
51820 0
51821 1
51822 0
51823 1
51824 0
51825 1
51826 0
51827 1
51828 2
51829 1
51830 0
51831 2
51832 1
51833 0
51834 1
51835 2
51836 0
51837 1
51838 0
51839 1
51840 2
51841 0
51842 1
51843 2
51844 1
51845 2
51846 1
51847 2
51848 1
51849 0
51850 2
51851 1
51852 0
51853 1
51854 0
51855 1
51856 0
51857 1
51858 0
51859 1
51860 0
51861 1
51862 0
51863 1
51864 0
51865 2
51866 1
51867 2
51868 0
51869 1
51870 0
51871 1
51872 2
51873 0
51874 1
51875 2
51876 0
51877 1
51878 2
51879 0
51880 2
51881 0
51882 1
51883 0
51884 1
51885 0
51886 2
51887 1
51888 0
51889 2
51890 1
51891 2
51892 0
51893 2
51894 1
51895 2
51896 0
51897 1
51898 0
51899 2
51900 1
51901 0
51902 2
51903 1
51904 0
51905 2
51906 1
51907 0
51908 1
51909 0
51910 2
51911 1
51912 2
51913 0
51914 1
51915 0
51916 1
51917 0
51918 2
51919 1
51920 2
51921 0
51922 1
51923 0
51924 1
51925 0
51926 2
51927 1
51928 0
51929 1
51930 0
51931 1
51932 0
51933 1
51934 0
51935 1
51936 0
51937 1
51938 0
51939 2
51940 1
51941 2
51942 0
51943 1
51944 2
51945 1
51946 2
51947 1
51948 0
51949 1
51950 2
51951 1
51952 0
51953 1
51954 2
51955 1
51956 0
51957 1
51958 2
51959 0
51960 2
51961 1
51962 2
51963 0
51964 2
51965 1
51966 2
51967 0
51968 1
51969 3
51970 0
51971 2
51972 1
51973 0
51974 1
51975 2
51976 0
51977 2
51978 1
51979 0
51980 1
51981 0
51982 1
51983 0
51984 1
51985 0
51986 1
51987 2
51988 0
51989 2
51990 0
51991 1
51992 0
51993 1
51994 0
51995 1
51996 0
51997 1
51998 0
51999 1
52000 2
52001 0
52002 1
52003 0
52004 1
52005 0
52006 1
52007 2
52008 0
52009 2
52010 1
52011 2
52012 0
52013 1
52014 2
52015 0
52016 1
52017 2
52018 0
52019 2
52020 1
52021 0
52022 1
52023 0
52024 1
52025 2
52026 0
52027 1
52028 0
52029 2
52030 1
52031 2
52032 0
52033 1
52034 0
52035 1
52036 2
52037 1
52038 2
52039 0
52040 2
52041 1
52042 0
52043 1
52044 2
52045 1
52046 2
52047 0
52048 2
52049 1
52050 0
52051 1
52052 0
52053 1
52054 2
52055 0
52056 1
52057 2
52058 0
52059 1
52060 0
52061 1
52062 0
52063 2
52064 0
52065 2
52066 1
52067 0
52068 1
52069 0
52070 1
52071 0
52072 2
52073 1
52074 0
52075 1
52076 2
52077 0
52078 2
52079 1
52080 2
52081 0
52082 2
52083 1
52084 3
52085 0
52086 1
52087 2
52088 0
52089 1
52090 0
52091 1
52092 0
52093 1
52094 2
52095 0
52096 1
52097 0
52098 1
52099 0
52100 1
52101 0
52102 1
52103 0
52104 1
52105 0
52106 1
52107 0
52108 2
52109 1
52110 0
52111 1
52112 2
52113 1
52114 0
52115 2
52116 1
52117 2
52118 0
52119 2
52120 1
52121 0
52122 1
52123 0
52124 2
52125 1
52126 0
52127 1
52128 0
52129 1
52130 0
52131 2
52132 1
52133 0
52134 2
52135 1
52136 0
52137 2
52138 1
52139 0
52140 2
52141 1
52142 0
52143 1
52144 2
52145 1
52146 0
52147 1
52148 0
52149 1
52150 2
52151 0
52152 1
52153 0
52154 1
52155 0
52156 1
52157 0
52158 1
52159 2
52160 1
52161 0
52162 2
52163 1
52164 2
52165 0
52166 1
52167 2
52168 0
52169 1
52170 2
52171 0
52172 1
52173 0
52174 1
52175 2
52176 0
52177 1
52178 0
52179 2
52180 1
52181 0
52182 2
52183 1
52184 2
52185 0
52186 1
52187 0
52188 1
52189 0
52190 1
52191 0
52192 1
52193 2
52194 0
52195 1
52196 2
52197 1
52198 2
52199 1
52200 0
52201 1
52202 2
52203 0
52204 2
52205 1
52206 2
52207 0
52208 1
52209 2
52210 1
52211 0
52212 1
52213 0
52214 1
52215 2
52216 0
52217 2
52218 1
52219 0
52220 1
52221 0
52222 1
52223 0
52224 1
52225 0
52226 1
52227 0
52228 1
52229 2
52230 1
52231 0
52232 2
52233 1
52234 0
52235 1
52236 0
52237 1
52238 0
52239 1
52240 0
52241 1
52242 0
52243 1
52244 2
52245 0
52246 1
52247 2
52248 0
52249 2
52250 1
52251 2
52252 0
52253 1
52254 2
52255 0
52256 1
52257 0
52258 1
52259 0
52260 1
52261 2
52262 1
52263 0
52264 1
52265 2
52266 0
52267 1
52268 2
52269 0
52270 1
52271 0
52272 1
52273 2
52274 0
52275 2
52276 1
52277 0
52278 1
52279 0
52280 1
52281 0
52282 1
52283 2
52284 0
52285 1
52286 2
52287 0
52288 1
52289 2
52290 0
52291 1
52292 0
52293 1
52294 2
52295 0
52296 1
52297 2
52298 0
52299 1
52300 0
52301 1
52302 0
52303 1
52304 2
52305 0
52306 2
52307 0
52308 2
52309 0
52310 2
52311 1
52312 0
52313 1
52314 0
52315 2
52316 1
52317 2
52318 0
52319 1
52320 0
52321 2
52322 1
52323 0
52324 1
52325 0
52326 1
52327 0
52328 2
52329 1
52330 0
52331 2
52332 1
52333 0
52334 1
52335 2
52336 0
52337 1
52338 0
52339 1
52340 0
52341 1
52342 0
52343 1
52344 2
52345 0
52346 1
52347 2
52348 0
52349 2
52350 1
52351 0
52352 1
52353 2
52354 0
52355 1
52356 2
52357 0
52358 1
52359 0
52360 1
52361 0
52362 2
52363 0
52364 1
52365 2
52366 0
52367 1
52368 2
52369 0
52370 1
52371 0
52372 1
52373 0
52374 2
52375 0
52376 1
52377 0
52378 1
52379 0
52380 2
52381 1
52382 3
52383 2
52384 1
52385 0
52386 1
52387 2
52388 0
52389 1
52390 0
52391 1
52392 0
52393 1
52394 2
52395 0
52396 1
52397 0
52398 2
52399 1
52400 2
52401 0
52402 1
52403 2
52404 0
52405 2
52406 1
52407 2
52408 0
52409 1
52410 0
52411 2
52412 1
52413 0
52414 1
52415 0
52416 2
52417 1
52418 0
52419 2
52420 1
52421 0
52422 1
52423 2
52424 0
52425 1
52426 2
52427 1
52428 2
52429 1
52430 0
52431 1
52432 2
52433 0
52434 1
52435 0
52436 1
52437 2
52438 0
52439 1
52440 2
52441 0
52442 1
52443 0
52444 1
52445 0
52446 1
52447 0
52448 2
52449 1
52450 0
52451 2
52452 1
52453 0
52454 1
52455 0
52456 1
52457 0
52458 2
52459 1
52460 0
52461 1
52462 2
52463 0
52464 1
52465 0
52466 1
52467 0
52468 1
52469 0
52470 2
52471 1
52472 2
52473 1
52474 0
52475 1
52476 0
52477 2
52478 1
52479 0
52480 2
52481 0
52482 2
52483 1
52484 0
52485 1
52486 0
52487 2
52488 1
52489 0
52490 2
52491 1
52492 0
52493 1
52494 0
52495 2
52496 0
52497 1
52498 0
52499 2
52500 0
52501 2
52502 1
52503 2
52504 0
52505 2
52506 1
52507 0
52508 1
52509 2
52510 0
52511 1
52512 0
52513 2
52514 1
52515 2
52516 0
52517 1
52518 0
52519 1
52520 0
52521 1
52522 2
52523 0
52524 2
52525 1
52526 0
52527 2
52528 1
52529 0
52530 1
52531 0
52532 1
52533 2
52534 0
52535 1
52536 0
52537 2
52538 1
52539 0
52540 2
52541 1
52542 2
52543 0
52544 1
52545 2
52546 0
52547 1
52548 2
52549 0
52550 1
52551 0
52552 1
52553 0
52554 1
52555 0
52556 2
52557 1
52558 0
52559 1
52560 0
52561 1
52562 0
52563 1
52564 0
52565 1
52566 0
52567 2
52568 0
52569 1
52570 0
52571 1
52572 0
52573 2
52574 1
52575 2
52576 0
52577 1
52578 0
52579 1
52580 0
52581 1
52582 0
52583 1
52584 2
52585 0
52586 2
52587 1
52588 0
52589 1
52590 0
52591 1
52592 2
52593 0
52594 2
52595 1
52596 2
52597 1
52598 0
52599 1
52600 0
52601 2
52602 1
52603 2
52604 0
52605 1
52606 0
52607 2
52608 1
52609 0
52610 1
52611 2
52612 0
52613 1
52614 2
52615 0
52616 1
52617 2
52618 0
52619 2
52620 1
52621 0
52622 1
52623 2
52624 1
52625 0
52626 1
52627 0
52628 1
52629 0
52630 1
52631 2
52632 0
52633 1
52634 0
52635 1
52636 0
52637 1
52638 0
52639 2
52640 1
52641 2
52642 0
52643 1
52644 0
52645 1
52646 2
52647 1
52648 0
52649 1
52650 0
52651 1
52652 0
52653 1
52654 2
52655 0
52656 1
52657 0
52658 1
52659 2
52660 1
52661 0
52662 1
52663 0
52664 1
52665 0
52666 2
52667 1
52668 0
52669 1
52670 0
52671 1
52672 2
52673 0
52674 1
52675 0
52676 1
52677 2
52678 1
52679 2
52680 1
52681 2
52682 0
52683 1
52684 0
52685 1
52686 2
52687 0
52688 2
52689 1
52690 2
52691 0
52692 1
52693 0
52694 1
52695 2
52696 0
52697 1
52698 2
52699 0
52700 1
52701 0
52702 1
52703 2
52704 1
52705 2
52706 0
52707 1
52708 2
52709 0
52710 1
52711 0
52712 1
52713 2
52714 0
52715 1
52716 0
52717 1
52718 0
52719 2
52720 0
52721 1
52722 0
52723 1
52724 0
52725 1
52726 0
52727 1
52728 0
52729 1
52730 0
52731 2
52732 1
52733 0
52734 2
52735 1
52736 2
52737 0
52738 1
52739 0
52740 1
52741 2
52742 0
52743 1
52744 2
52745 1
52746 2
52747 0
52748 1
52749 2
52750 1
52751 0
52752 1
52753 0
52754 1
52755 0
52756 1
52757 2
52758 0
52759 2
52760 1
52761 0
52762 1
52763 0
52764 1
52765 0
52766 1
52767 2
52768 1
52769 0
52770 2
52771 1
52772 2
52773 0
52774 1
52775 2
52776 0
52777 1
52778 0
52779 1
52780 2
52781 0
52782 1
52783 0
52784 2
52785 1
52786 0
52787 1
52788 0
52789 2
52790 1
52791 2
52792 0
52793 1
52794 0
52795 1
52796 2
52797 0
52798 2
52799 1
52800 0
52801 1
52802 0
52803 1
52804 2
52805 0
52806 2
52807 1
52808 2
52809 0
52810 1
52811 2
52812 1
52813 2
52814 0
52815 1
52816 0
52817 1
52818 2
52819 0
52820 2
52821 0
52822 1
52823 0
52824 1
52825 0
52826 2
52827 0
52828 1
52829 0
52830 1
52831 0
52832 1
52833 2
52834 0
52835 2
52836 1
52837 2
52838 1
52839 0
52840 1
52841 0
52842 2
52843 1
52844 0
52845 1
52846 0
52847 2
52848 1
52849 2
52850 0
52851 1
52852 0
52853 1
52854 0
52855 2
52856 0
52857 1
52858 0
52859 1
52860 0
52861 1
52862 0
52863 1
52864 2
52865 0
52866 1
52867 0
52868 1
52869 0
52870 2
52871 1
52872 0
52873 1
52874 0
52875 1
52876 0
52877 2
52878 1
52879 0
52880 1
52881 0
52882 1
52883 0
52884 1
52885 0
52886 1
52887 0
52888 1
52889 0
52890 1
52891 0
52892 1
52893 0
52894 1
52895 2
52896 0
52897 2
52898 1
52899 0
52900 1
52901 0
52902 1
52903 2
52904 0
52905 1
52906 0
52907 1
52908 2
52909 0
52910 1
52911 0
52912 1
52913 2
52914 1
52915 2
52916 0
52917 1
52918 0
52919 1
52920 2
52921 1
52922 2
52923 0
52924 1
52925 2
52926 1
52927 2
52928 0
52929 1
52930 0
52931 1
52932 2
52933 1
52934 2
52935 0
52936 2
52937 1
52938 0
52939 1
52940 2
52941 1
52942 2
52943 0
52944 2
52945 1
52946 0
52947 1
52948 0
52949 1
52950 2
52951 0
52952 1
52953 2
52954 0
52955 1
52956 0
52957 1
52958 0
52959 2
52960 0
52961 2
52962 1
52963 0
52964 1
52965 0
52966 1
52967 2
52968 1
52969 2
52970 1
52971 2
52972 1
52973 0
52974 1
52975 2
52976 0
52977 2
52978 0
52979 1
52980 0
52981 1
52982 0
52983 1
52984 0
52985 2
52986 1
52987 0
52988 1
52989 2
52990 0
52991 1
52992 0
52993 1
52994 0
52995 2
52996 1
52997 0
52998 1
52999 2
53000 0
53001 1
53002 0
53003 1
53004 2
53005 0
53006 1
53007 0
53008 1
53009 0
53010 1
53011 2
53012 0
53013 1
53014 0
53015 1
53016 2
53017 1
53018 0
53019 2
53020 1
53021 0
53022 1
53023 2
53024 0
53025 1
53026 0
53027 1
53028 2
53029 0
53030 1
53031 2
53032 0
53033 1
53034 2
53035 1
53036 2
53037 0
53038 2
53039 1
53040 0
53041 2
53042 1
53043 0
53044 1
53045 0
53046 2
53047 1
53048 0
53049 2
53050 1
53051 2
53052 1
53053 0
53054 1
53055 0
53056 1
53057 2
53058 0
53059 2
53060 1
53061 2
53062 0
53063 2
53064 1
53065 2
53066 0
53067 1
53068 0
53069 1
53070 0
53071 2
53072 1
53073 2
53074 0
53075 2
53076 0
53077 1
53078 0
53079 1
53080 0
53081 1
53082 0
53083 1
53084 0
53085 1
53086 2
53087 1
53088 0
53089 1
53090 2
53091 0
53092 1
53093 2
53094 1
53095 2
53096 0
53097 2
53098 1
53099 0
53100 2
53101 0
53102 1
53103 0
53104 2
53105 1
53106 2
53107 0
53108 1
53109 0
53110 1
53111 0
53112 1
53113 2
53114 0
53115 2
53116 1
53117 2
53118 1
53119 0
53120 1
53121 0
53122 1
53123 2
53124 0
53125 2
53126 1
53127 0
53128 2
53129 1
53130 0
53131 1
53132 2
53133 0
53134 2
53135 0
53136 1
53137 0
53138 1
53139 0
53140 2
53141 3
53142 0
53143 2
53144 1
53145 0
53146 1
53147 2
53148 0
53149 2
53150 1
53151 2
53152 3
53153 1
53154 0
53155 1
53156 0
53157 1
53158 0
53159 2
53160 1
53161 2
53162 0
53163 1
53164 0
53165 1
53166 0
53167 1
53168 0
53169 1
53170 2
53171 0
53172 2
53173 1
53174 0
53175 1
53176 0
53177 2
53178 1
53179 0
53180 2
53181 1
53182 2
53183 0
53184 2
53185 0
53186 1
53187 2
53188 1
53189 2
53190 1
53191 2
53192 0
53193 1
53194 0
53195 1
53196 0
53197 2
53198 1
53199 0
53200 1
53201 0
53202 1
53203 0
53204 1
53205 2
53206 1
53207 0
53208 1
53209 0
53210 1
53211 0
53212 2
53213 1
53214 2
53215 3
53216 1
53217 2
53218 0
53219 1
53220 0
53221 2
53222 1
53223 0
53224 1
53225 0
53226 1
53227 2
53228 0
53229 2
53230 1
53231 0
53232 1
53233 0
53234 1
53235 0
53236 1
53237 0
53238 1
53239 0
53240 2
53241 1
53242 2
53243 0
53244 1
53245 0
53246 2
53247 1
53248 0
53249 2
53250 1
53251 2
53252 0
53253 1
53254 0
53255 1
53256 0
53257 1
53258 0
53259 1
53260 2
53261 0
53262 1
53263 2
53264 0
53265 2
53266 0
53267 1
53268 0
53269 1
53270 0
53271 1
53272 2
53273 1
53274 2
53275 1
53276 0
53277 1
53278 2
53279 0
53280 1
53281 0
53282 1
53283 0
53284 2
53285 1
53286 0
53287 1
53288 0
53289 2
53290 0
53291 1
53292 2
53293 1
53294 0
53295 1
53296 0
53297 1
53298 2
53299 0
53300 1
53301 2
53302 1
53303 2
53304 1
53305 0
53306 1
53307 0
53308 1
53309 0
53310 1
53311 0
53312 1
53313 0
53314 1
53315 0
53316 1
53317 2
53318 0
53319 2
53320 0
53321 1
53322 0
53323 1
53324 0
53325 1
53326 0
53327 1
53328 0
53329 1
53330 0
53331 1
53332 0
53333 1
53334 0
53335 1
53336 0
53337 1
53338 2
53339 0
53340 1
53341 2
53342 1
53343 0
53344 2
53345 1
53346 2
53347 1
53348 0
53349 2
53350 1
53351 2
53352 0
53353 2
53354 1
53355 2
53356 0
53357 1
53358 0
53359 1
53360 0
53361 1
53362 2
53363 0
53364 1
53365 0
53366 1
53367 0
53368 1
53369 0
53370 1
53371 0
53372 1
53373 0
53374 1
53375 0
53376 1
53377 2
53378 0
53379 1
53380 0
53381 1
53382 0
53383 2
53384 1
53385 0
53386 1
53387 0
53388 2
53389 1
53390 0
53391 2
53392 1
53393 0
53394 1
53395 2
53396 1
53397 0
53398 1
53399 2
53400 0
53401 1
53402 0
53403 1
53404 0
53405 2
53406 1
53407 2
53408 0
53409 1
53410 0
53411 2
53412 1
53413 2
53414 0
53415 2
53416 1
53417 0
53418 1
53419 2
53420 1
53421 2
53422 0
53423 2
53424 0
53425 1
53426 2
53427 1
53428 0
53429 2
53430 0
53431 1
53432 0
53433 2
53434 1
53435 0
53436 1
53437 3
53438 2
53439 0
53440 1
53441 0
53442 2
53443 1
53444 0
53445 1
53446 0
53447 2
53448 1
53449 2
53450 1
53451 2
53452 1
53453 0
53454 1
53455 2
53456 0
53457 2
53458 1
53459 0
53460 2
53461 1
53462 2
53463 0
53464 1
53465 2
53466 0
53467 1
53468 0
53469 1
53470 2
53471 0
53472 1
53473 2
53474 1
53475 0
53476 1
53477 0
53478 2
53479 1
53480 0
53481 1
53482 0
53483 1
53484 0
53485 2
53486 3
53487 1
53488 0
53489 1
53490 0
53491 1
53492 0
53493 1
53494 0
53495 1
53496 0
53497 1
53498 2
53499 1
53500 2
53501 0
53502 1
53503 2
53504 0
53505 2
53506 1
53507 0
53508 1
53509 2
53510 1
53511 2
53512 0
53513 1
53514 2
53515 1
53516 2
53517 0
53518 1
53519 0
53520 1
53521 0
53522 1
53523 2
53524 0
53525 1
53526 2
53527 0
53528 1
53529 0
53530 1
53531 0
53532 2
53533 0
53534 1
53535 0
53536 1
53537 0
53538 2
53539 1
53540 2
53541 0
53542 2
53543 1
53544 2
53545 1
53546 0
53547 2
53548 1
53549 0
53550 1
53551 2
53552 1
53553 0
53554 1
53555 0
53556 1
53557 2
53558 0
53559 2
53560 1
53561 0
53562 2
53563 0
53564 1
53565 0
53566 1
53567 0
53568 1
53569 0
53570 1
53571 2
53572 1
53573 0
53574 2
53575 1
53576 2
53577 1
53578 2
53579 1
53580 0
53581 2
53582 1
53583 0
53584 1
53585 0
53586 1
53587 2
53588 0
53589 1
53590 0
53591 2
53592 1
53593 0
53594 2
53595 0
53596 1
53597 0
53598 1
53599 2
53600 0
53601 1
53602 0
53603 2
53604 1
53605 0
53606 2
53607 1
53608 2
53609 0
53610 1
53611 0
53612 1
53613 0
53614 1
53615 2
53616 0
53617 1
53618 0
53619 1
53620 0
53621 2
53622 0
53623 1
53624 0
53625 1
53626 2
53627 0
53628 1
53629 0
53630 1
53631 2
53632 0
53633 1
53634 0
53635 2
53636 1
53637 0
53638 2
53639 1
53640 2
53641 1
53642 0
53643 1
53644 0
53645 1
53646 0
53647 1
53648 0
53649 1
53650 0
53651 1
53652 0
53653 2
53654 0
53655 1
53656 0
53657 1
53658 2
53659 0
53660 2
53661 0
53662 1
53663 2
53664 0
53665 2
53666 0
53667 1
53668 0
53669 1
53670 0
53671 1
53672 2
53673 0
53674 1
53675 0
53676 2
53677 0
53678 1
53679 0
53680 1
53681 2
53682 0
53683 1
53684 2
53685 0
53686 1
53687 2
53688 1
53689 0
53690 2
53691 1
53692 0
53693 2
53694 1
53695 2
53696 1
53697 0
53698 1
53699 0
53700 2
53701 1
53702 2
53703 0
53704 1
53705 2
53706 3
53707 0
53708 2
53709 0
53710 1
53711 0
53712 1
53713 2
53714 0
53715 1
53716 0
53717 1
53718 2
53719 0
53720 1
53721 0
53722 2
53723 0
53724 1
53725 0
53726 1
53727 0
53728 1
53729 2
53730 0
53731 2
53732 1
53733 0
53734 1
53735 0
53736 2
53737 0
53738 1
53739 0
53740 1
53741 0
53742 1
53743 0
53744 2
53745 1
53746 0
53747 1
53748 2
53749 0
53750 1
53751 2
53752 0
53753 1
53754 2
53755 0
53756 1
53757 0
53758 1
53759 2
53760 0
53761 1
53762 2
53763 0
53764 2
53765 1
53766 0
53767 2
53768 0
53769 1
53770 0
53771 1
53772 0
53773 1
53774 0
53775 2
53776 1
53777 2
53778 1
53779 0
53780 2
53781 1
53782 0
53783 1
53784 2
53785 1
53786 0
53787 1
53788 0
53789 1
53790 0
53791 1
53792 0
53793 2
53794 1
53795 2
53796 0
53797 2
53798 3
53799 1
53800 0
53801 1
53802 2
53803 1
53804 0
53805 1
53806 0
53807 2
53808 1
53809 0
53810 2
53811 1
53812 0
53813 1
53814 0
53815 1
53816 0
53817 2
53818 1
53819 0
53820 1
53821 2
53822 0
53823 1
53824 0
53825 1
53826 0
53827 2
53828 0
53829 1
53830 0
53831 1
53832 2
53833 0
53834 1
53835 2
53836 0
53837 1
53838 2
53839 0
53840 2
53841 1
53842 0
53843 1
53844 2
53845 0
53846 1
53847 2
53848 0
53849 1
53850 0
53851 1
53852 2
53853 0
53854 1
53855 0
53856 1
53857 0
53858 1
53859 2
53860 0
53861 2
53862 1
53863 0
53864 1
53865 0
53866 1
53867 0
53868 1
53869 2
53870 0
53871 1
53872 0
53873 1
53874 2
53875 0
53876 1
53877 0
53878 1
53879 0
53880 1
53881 0
53882 1
53883 0
53884 1
53885 0
53886 1
53887 0
53888 1
53889 0
53890 1
53891 0
53892 1
53893 0
53894 2
53895 1
53896 0
53897 3
53898 2
53899 1
53900 0
53901 1
53902 0
53903 2
53904 1
53905 2
53906 0
53907 1
53908 0
53909 1
53910 0
53911 1
53912 2
53913 1
53914 2
53915 0
53916 1
53917 0
53918 2
53919 1
53920 2
53921 0
53922 1
53923 0
53924 1
53925 2
53926 0
53927 1
53928 0
53929 1
53930 0
53931 1
53932 0
53933 1
53934 0
53935 1
53936 0
53937 1
53938 0
53939 1
53940 0
53941 1
53942 0
53943 1
53944 0
53945 1
53946 2
53947 3
53948 0
53949 1
53950 0
53951 2
53952 1
53953 0
53954 1
53955 2
53956 0
53957 2
53958 0
53959 1
53960 0
53961 1
53962 0
53963 1
53964 2
53965 0
53966 1
53967 0
53968 1
53969 2
53970 0
53971 1
53972 0
53973 1
53974 0
53975 1
53976 0
53977 1
53978 0
53979 2
53980 1
53981 0
53982 1
53983 0
53984 1
53985 2
53986 0
53987 1
53988 0
53989 1
53990 2
53991 0
53992 1
53993 0
53994 1
53995 2
53996 1
53997 0
53998 2
53999 1
54000 0
54001 1
54002 2
54003 0
54004 1
54005 0
54006 2
54007 1
54008 0
54009 2
54010 1
54011 2
54012 0
54013 2
54014 1
54015 0
54016 2
54017 1
54018 0
54019 1
54020 0
54021 1
54022 0
54023 1
54024 0
54025 2
54026 1
54027 0
54028 1
54029 2
54030 0
54031 1
54032 2
54033 0
54034 1
54035 2
54036 0
54037 1
54038 0
54039 1
54040 0
54041 1
54042 0
54043 1
54044 0
54045 1
54046 0
54047 2
54048 1
54049 2
54050 0
54051 1
54052 0
54053 2
54054 1
54055 0
54056 1
54057 0
54058 1
54059 0
54060 1
54061 0
54062 2
54063 0
54064 1
54065 0
54066 2
54067 1
54068 2
54069 0
54070 1
54071 2
54072 0
54073 1
54074 2
54075 0
54076 1
54077 0
54078 1
54079 2
54080 0
54081 1
54082 2
54083 0
54084 1
54085 0
54086 1
54087 0
54088 1
54089 0
54090 1
54091 0
54092 1
54093 0
54094 1
54095 0
54096 2
54097 1
54098 0
54099 1
54100 2
54101 0
54102 2
54103 1
54104 0
54105 2
54106 1
54107 2
54108 0
54109 1
54110 2
54111 0
54112 2
54113 1
54114 0
54115 1
54116 0
54117 1
54118 0
54119 2
54120 1
54121 2
54122 1
54123 0
54124 1
54125 0
54126 1
54127 0
54128 1
54129 2
54130 0
54131 1
54132 2
54133 0
54134 1
54135 0
54136 1
54137 2
54138 0
54139 1
54140 2
54141 0
54142 1
54143 0
54144 2
54145 1
54146 0
54147 1
54148 2
54149 0
54150 1
54151 2
54152 0
54153 1
54154 0
54155 1
54156 0
54157 2
54158 0
54159 2
54160 1
54161 2
54162 1
54163 0
54164 1
54165 0
54166 1
54167 2
54168 0
54169 1
54170 0
54171 1
54172 0
54173 2
54174 1
54175 2
54176 0
54177 1
54178 0
54179 1
54180 2
54181 0
54182 1
54183 2
54184 0
54185 1
54186 0
54187 1
54188 0
54189 1
54190 0
54191 1
54192 0
54193 1
54194 0
54195 1
54196 0
54197 1
54198 0
54199 2
54200 1
54201 0
54202 1
54203 0
54204 1
54205 0
54206 1
54207 0
54208 1
54209 2
54210 0
54211 1
54212 0
54213 1
54214 0
54215 2
54216 1
54217 0
54218 1
54219 0
54220 1
54221 2
54222 0
54223 1
54224 0
54225 1
54226 2
54227 0
54228 1
54229 0
54230 2
54231 1
54232 2
54233 1
54234 0
54235 1
54236 0
54237 1
54238 0
54239 2
54240 1
54241 2
54242 0
54243 2
54244 1
54245 0
54246 1
54247 2
54248 0
54249 1
54250 0
54251 1
54252 0
54253 1
54254 0
54255 1
54256 0
54257 2
54258 1
54259 0
54260 1
54261 2
54262 0
54263 1
54264 0
54265 1
54266 0
54267 1
54268 2
54269 1
54270 0
54271 1
54272 0
54273 1
54274 0
54275 1
54276 2
54277 0
54278 2
54279 0
54280 2
54281 1
54282 0
54283 1
54284 2
54285 0
54286 2
54287 1
54288 0
54289 1
54290 2
54291 0
54292 2
54293 1
54294 2
54295 0
54296 1
54297 0
54298 1
54299 0
54300 1
54301 2
54302 0
54303 1
54304 2
54305 0
54306 1
54307 0
54308 2
54309 1
54310 2
54311 0
54312 2
54313 1
54314 0
54315 1
54316 2
54317 0
54318 2
54319 1
54320 0
54321 1
54322 0
54323 1
54324 0
54325 1
54326 0
54327 2
54328 1
54329 0
54330 1
54331 2
54332 0
54333 1
54334 0
54335 2
54336 1
54337 2
54338 1
54339 0
54340 1
54341 0
54342 1
54343 0
54344 1
54345 0
54346 2
54347 1
54348 0
54349 1
54350 2
54351 0
54352 1
54353 2
54354 0
54355 1
54356 0
54357 2
54358 0
54359 1
54360 2
54361 0
54362 1
54363 0
54364 1
54365 0
54366 1
54367 2
54368 1
54369 0
54370 2
54371 1
54372 0
54373 1
54374 0
54375 1
54376 0
54377 1
54378 0
54379 1
54380 0
54381 1
54382 2
54383 0
54384 1
54385 0
54386 1
54387 0
54388 1
54389 0
54390 1
54391 2
54392 1
54393 0
54394 1
54395 2
54396 0
54397 2
54398 1
54399 0
54400 1
54401 0
54402 2
54403 1
54404 2
54405 0
54406 1
54407 0
54408 1
54409 0
54410 1
54411 0
54412 1
54413 0
54414 2
54415 1
54416 0
54417 1
54418 2
54419 0
54420 1
54421 2
54422 1
54423 0
54424 1
54425 0
54426 1
54427 0
54428 1
54429 0
54430 2
54431 1
54432 2
54433 0
54434 1
54435 0
54436 2
54437 0
54438 1
54439 0
54440 2
54441 1
54442 2
54443 1
54444 0
54445 1
54446 0
54447 1
54448 0
54449 1
54450 0
54451 2
54452 1
54453 2
54454 0
54455 1
54456 0
54457 2
54458 0
54459 1
54460 0
54461 1
54462 0
54463 1
54464 0
54465 2
54466 1
54467 2
54468 0
54469 1
54470 2
54471 0
54472 1
54473 2
54474 0
54475 1
54476 0
54477 1
54478 2
54479 1
54480 0
54481 1
54482 2
54483 0
54484 1
54485 2
54486 1
54487 2
54488 0
54489 1
54490 0
54491 2
54492 1
54493 0
54494 1
54495 2
54496 1
54497 0
54498 1
54499 2
54500 0
54501 1
54502 0
54503 1
54504 0
54505 1
54506 0
54507 2
54508 1
54509 0
54510 1
54511 2
54512 1
54513 2
54514 0
54515 1
54516 2
54517 0
54518 1
54519 0
54520 1
54521 0
54522 2
54523 1
54524 2
54525 0
54526 1
54527 2
54528 0
54529 1
54530 0
54531 1
54532 2
54533 1
54534 2
54535 0
54536 1
54537 2
54538 0
54539 2
54540 0
54541 1
54542 0
54543 1
54544 2
54545 0
54546 1
54547 0
54548 1
54549 2
54550 0
54551 2
54552 1
54553 0
54554 1
54555 0
54556 2
54557 1
54558 0
54559 1
54560 2
54561 0
54562 2
54563 1
54564 0
54565 1
54566 2
54567 1
54568 2
54569 0
54570 1
54571 2
54572 0
54573 1
54574 0
54575 1
54576 0
54577 1
54578 2
54579 1
54580 2
54581 1
54582 2
54583 0
54584 2
54585 1
54586 2
54587 0
54588 2
54589 1
54590 0
54591 1
54592 0
54593 1
54594 0
54595 1
54596 2
54597 0
54598 2
54599 0
54600 1
54601 0
54602 1
54603 2
54604 0
54605 1
54606 0
54607 1
54608 0
54609 2
54610 1
54611 0
54612 1
54613 3
54614 0
54615 2
54616 1
54617 2
54618 0
54619 1
54620 0
54621 1
54622 0
54623 1
54624 0
54625 1
54626 0
54627 2
54628 1
54629 0
54630 1
54631 2
54632 0
54633 2
54634 1
54635 2
54636 0
54637 2
54638 1
54639 2
54640 1
54641 0
54642 1
54643 0
54644 1
54645 2
54646 0
54647 1
54648 0
54649 1
54650 0
54651 1
54652 0
54653 2
54654 1
54655 0
54656 1
54657 0
54658 1
54659 0
54660 1
54661 0
54662 1
54663 2
54664 0
54665 1
54666 2
54667 0
54668 1
54669 0
54670 1
54671 0
54672 1
54673 0
54674 1
54675 2
54676 0
54677 1
54678 2
54679 0
54680 1
54681 0
54682 1
54683 0
54684 2
54685 1
54686 0
54687 2
54688 1
54689 0
54690 2
54691 1
54692 0
54693 1
54694 2
54695 0
54696 1
54697 2
54698 0
54699 1
54700 0
54701 1
54702 2
54703 1
54704 2
54705 0
54706 1
54707 0
54708 1
54709 0
54710 1
54711 0
54712 1
54713 2
54714 1
54715 0
54716 2
54717 1
54718 2
54719 0
54720 1
54721 0
54722 1
54723 3
54724 2
54725 3
54726 1
54727 0
54728 1
54729 0
54730 2
54731 1
54732 2
54733 0
54734 2
54735 1
54736 0
54737 1
54738 0
54739 1
54740 2
54741 0
54742 2
54743 1
54744 0
54745 2
54746 0
54747 1
54748 2
54749 0
54750 1
54751 0
54752 2
54753 3
54754 1
54755 2
54756 0
54757 2
54758 1
54759 2
54760 0
54761 1
54762 0
54763 1
54764 2
54765 0
54766 1
54767 0
54768 1
54769 0
54770 1
54771 0
54772 1
54773 0
54774 1
54775 0
54776 2
54777 0
54778 1
54779 2
54780 0
54781 2
54782 1
54783 0
54784 1
54785 0
54786 2
54787 1
54788 0
54789 1
54790 0
54791 1
54792 0
54793 2
54794 1
54795 0
54796 2
54797 1
54798 2
54799 0
54800 1
54801 2
54802 0
54803 1
54804 2
54805 0
54806 1
54807 0
54808 1
54809 0
54810 1
54811 0
54812 1
54813 0
54814 1
54815 2
54816 0
54817 1
54818 0
54819 1
54820 0
54821 1
54822 0
54823 1
54824 2
54825 1
54826 0
54827 1
54828 0
54829 1
54830 0
54831 1
54832 2
54833 0
54834 1
54835 0
54836 1
54837 0
54838 2
54839 1
54840 0
54841 1
54842 2
54843 0
54844 1
54845 2
54846 1
54847 0
54848 1
54849 0
54850 2
54851 1
54852 2
54853 0
54854 1
54855 0
54856 1
54857 0
54858 1
54859 2
54860 0
54861 1
54862 0
54863 1
54864 0
54865 1
54866 2
54867 0
54868 1
54869 0
54870 1
54871 2
54872 1
54873 0
54874 1
54875 0
54876 1
54877 0
54878 2
54879 0
54880 2
54881 1
54882 0
54883 1
54884 2
54885 1
54886 2
54887 1
54888 0
54889 1
54890 0
54891 1
54892 0
54893 1
54894 0
54895 2
54896 1
54897 0
54898 1
54899 0
54900 1
54901 0
54902 1
54903 0
54904 2
54905 3
54906 1
54907 0
54908 1
54909 0
54910 1
54911 0
54912 1
54913 2
54914 3
54915 1
54916 0
54917 1
54918 2
54919 1
54920 2
54921 0
54922 2
54923 1
54924 2
54925 0
54926 1
54927 0
54928 1
54929 0
54930 1
54931 0
54932 1
54933 0
54934 1
54935 0
54936 1
54937 2
54938 0
54939 1
54940 0
54941 1
54942 0
54943 2
54944 0
54945 1
54946 0
54947 2
54948 0
54949 1
54950 0
54951 1
54952 0
54953 2
54954 1
54955 0
54956 1
54957 0
54958 2
54959 1
54960 0
54961 2
54962 0
54963 1
54964 2
54965 0
54966 1
54967 0
54968 1
54969 0
54970 1
54971 2
54972 0
54973 1
54974 0
54975 1
54976 0
54977 1
54978 0
54979 1
54980 0
54981 1
54982 0
54983 1
54984 0
54985 1
54986 2
54987 1
54988 2
54989 0
54990 2
54991 1
54992 0
54993 1
54994 0
54995 1
54996 0
54997 2
54998 1
54999 2
55000 0
55001 1
55002 0
55003 2
55004 1
55005 0
55006 2
55007 1
55008 2
55009 0
55010 1
55011 0
55012 1
55013 0
55014 1
55015 2
55016 0
55017 1
55018 0
55019 1
55020 0
55021 2
55022 1
55023 0
55024 1
55025 0
55026 2
55027 1
55028 0
55029 2
55030 1
55031 0
55032 1
55033 0
55034 1
55035 2
55036 0
55037 2
55038 1
55039 2
55040 0
55041 2
55042 1
55043 0
55044 1
55045 2
55046 1
55047 2
55048 0
55049 2
55050 1
55051 0
55052 1
55053 0
55054 1
55055 0
55056 1
55057 0
55058 2
55059 1
55060 0
55061 1
55062 0
55063 1
55064 2
55065 1
55066 0
55067 1
55068 0
55069 1
55070 2
55071 0
55072 1
55073 0
55074 1
55075 0
55076 2
55077 0
55078 1
55079 0
55080 1
55081 2
55082 1
55083 0
55084 1
55085 0
55086 1
55087 0
55088 1
55089 0
55090 1
55091 0
55092 1
55093 0
55094 2
55095 1
55096 0
55097 1
55098 0
55099 1
55100 0
55101 1
55102 0
55103 1
55104 0
55105 2
55106 1
55107 2
55108 1
55109 0
55110 1
55111 0
55112 1
55113 0
55114 1
55115 2
55116 0
55117 1
55118 0
55119 1
55120 0
55121 1
55122 2
55123 0
55124 2
55125 1
55126 2
55127 0
55128 1
55129 2
55130 1
55131 0
55132 1
55133 2
55134 0
55135 1
55136 2
55137 0
55138 1
55139 0
55140 1
55141 0
55142 1
55143 2
55144 0
55145 1
55146 0
55147 1
55148 0
55149 1
55150 0
55151 2
55152 1
55153 0
55154 1
55155 2
55156 0
55157 1
55158 0
55159 1
55160 2
55161 0
55162 1
55163 0
55164 1
55165 0
55166 1
55167 2
55168 0
55169 1
55170 2
55171 0
55172 2
55173 1
55174 0
55175 1
55176 2
55177 0
55178 2
55179 1
55180 2
55181 0
55182 2
55183 1
55184 2
55185 0
55186 2
55187 0
55188 1
55189 2
55190 1
55191 0
55192 1
55193 0
55194 1
55195 0
55196 2
55197 0
55198 2
55199 1
55200 0
55201 1
55202 0
55203 1
55204 0
55205 2
55206 0
55207 2
55208 1
55209 0
55210 1
55211 0
55212 2
55213 1
55214 2
55215 0
55216 1
55217 2
55218 0
55219 1
55220 0
55221 1
55222 0
55223 2
55224 1
55225 0
55226 1
55227 2
55228 3
55229 1
55230 2
55231 0
55232 2
55233 1
55234 2
55235 1
55236 0
55237 1
55238 0
55239 1
55240 0
55241 2
55242 1
55243 2
55244 1
55245 0
55246 1
55247 2
55248 0
55249 1
55250 0
55251 1
55252 2
55253 1
55254 0
55255 2
55256 1
55257 0
55258 2
55259 1
55260 0
55261 1
55262 0
55263 1
55264 0
55265 1
55266 0
55267 2
55268 3
55269 1
55270 2
55271 0
55272 1
55273 2
55274 0
55275 2
55276 0
55277 1
55278 0
55279 1
55280 0
55281 1
55282 0
55283 1
55284 0
55285 1
55286 2
55287 0
55288 1
55289 0
55290 1
55291 0
55292 1
55293 2
55294 0
55295 1
55296 0
55297 2
55298 0
55299 1
55300 2
55301 1
55302 2
55303 1
55304 0
55305 2
55306 1
55307 0
55308 2
55309 0
55310 1
55311 2
55312 1
55313 0
55314 1
55315 0
55316 1
55317 0
55318 1
55319 2
55320 0
55321 2
55322 1
55323 0
55324 2
55325 1
55326 2
55327 0
55328 1
55329 0
55330 1
55331 0
55332 2
55333 1
55334 0
55335 1
55336 0
55337 2
55338 1
55339 0
55340 1
55341 0
55342 1
55343 0
55344 1
55345 0
55346 1
55347 0
55348 2
55349 0
55350 1
55351 0
55352 2
55353 1
55354 0
55355 1
55356 0
55357 1
55358 0
55359 1
55360 0
55361 2
55362 1
55363 0
55364 2
55365 1
55366 0
55367 1
55368 0
55369 1
55370 2
55371 0
55372 1
55373 0
55374 1
55375 2
55376 3
55377 1
55378 0
55379 1
55380 0
55381 1
55382 0
55383 1
55384 0
55385 1
55386 0
55387 2
55388 1
55389 0
55390 1
55391 3
55392 0
55393 1
55394 2
55395 1
55396 0
55397 1
55398 0
55399 2
55400 1
55401 2
55402 1
55403 0
55404 1
55405 2
55406 0
55407 2
55408 0
55409 1
55410 2
55411 1
55412 2
55413 3
55414 0
55415 1
55416 0
55417 1
55418 2
55419 0
55420 2
55421 1
55422 0
55423 1
55424 2
55425 0
55426 1
55427 0
55428 1
55429 0
55430 1
55431 2
55432 0
55433 1
55434 2
55435 0
55436 2
55437 1
55438 2
55439 0
55440 2
55441 1
55442 2
55443 0
55444 1
55445 0
55446 2
55447 0
55448 1
55449 0
55450 1
55451 2
55452 0
55453 1
55454 2
55455 0
55456 1
55457 0
55458 2
55459 0
55460 1
55461 2
55462 1
55463 0
55464 1
55465 0
55466 1
55467 0
55468 2
55469 1
55470 0
55471 1
55472 2
55473 0
55474 1
55475 0
55476 1
55477 0
55478 1
55479 0
55480 2
55481 1
55482 2
55483 0
55484 2
55485 0
55486 2
55487 1
55488 0
55489 2
55490 0
55491 2
55492 1
55493 0
55494 2
55495 1
55496 0
55497 2
55498 1
55499 2
55500 1
55501 2
55502 0
55503 2
55504 0
55505 1
55506 0
55507 1
55508 0
55509 1
55510 2
55511 0
55512 1
55513 0
55514 1
55515 2
55516 1
55517 0
55518 1
55519 0
55520 1
55521 0
55522 2
55523 0
55524 1
55525 0
55526 1
55527 2
55528 0
55529 1
55530 0
55531 2
55532 1
55533 0
55534 1
55535 0
55536 1
55537 0
55538 1
55539 0
55540 1
55541 0
55542 1
55543 0
55544 1
55545 0
55546 2
55547 1
55548 2
55549 1
55550 0
55551 1
55552 0
55553 2
55554 1
55555 2
55556 1
55557 2
55558 0
55559 2
55560 1
55561 0
55562 2
55563 1
55564 0
55565 1
55566 2
55567 0
55568 1
55569 0
55570 1
55571 0
55572 1
55573 2
55574 0
55575 2
55576 1
55577 2
55578 0
55579 2
55580 1
55581 0
55582 2
55583 1
55584 0
55585 1
55586 2
55587 0
55588 1
55589 0
55590 1
55591 0
55592 1
55593 0
55594 1
55595 0
55596 1
55597 0
55598 1
55599 0
55600 1
55601 0
55602 1
55603 2
55604 1
55605 2
55606 1
55607 0
55608 1
55609 0
55610 1
55611 2
55612 0
55613 1
55614 0
55615 1
55616 2
55617 0
55618 2
55619 1
55620 0
55621 1
55622 0
55623 2
55624 1
55625 0
55626 1
55627 0
55628 1
55629 0
55630 1
55631 0
55632 1
55633 0
55634 1
55635 2
55636 1
55637 2
55638 0
55639 1
55640 2
55641 0
55642 1
55643 0
55644 2
55645 1
55646 0
55647 1
55648 0
55649 1
55650 0
55651 1
55652 0
55653 2
55654 0
55655 1
55656 0
55657 1
55658 0
55659 1
55660 0
55661 1
55662 2
55663 1
55664 2
55665 1
55666 0
55667 2
55668 1
55669 0
55670 1
55671 2
55672 0
55673 1
55674 2
55675 0
55676 1
55677 2
55678 0
55679 1
55680 2
55681 0
55682 1
55683 0
55684 1
55685 0
55686 1
55687 0
55688 2
55689 1
55690 2
55691 0
55692 1
55693 2
55694 0
55695 2
55696 1
55697 2
55698 0
55699 1
55700 0
55701 1
55702 0
55703 1
55704 0
55705 2
55706 0
55707 1
55708 0
55709 1
55710 0
55711 1
55712 0
55713 1
55714 0
55715 1
55716 0
55717 1
55718 0
55719 1
55720 0
55721 1
55722 0
55723 2
55724 1
55725 2
55726 1
55727 0
55728 1
55729 0
55730 1
55731 0
55732 1
55733 0
55734 2
55735 1
55736 2
55737 0
55738 1
55739 2
55740 0
55741 1
55742 0
55743 2
55744 0
55745 2
55746 1
55747 2
55748 0
55749 1
55750 0
55751 1
55752 2
55753 0
55754 2
55755 1
55756 0
55757 1
55758 0
55759 1
55760 2
55761 0
55762 1
55763 0
55764 1
55765 0
55766 1
55767 0
55768 1
55769 0
55770 1
55771 0
55772 2
55773 0
55774 2
55775 1
55776 0
55777 1
55778 2
55779 1
55780 0
55781 2
55782 1
55783 0
55784 1
55785 0
55786 1
55787 0
55788 2
55789 0
55790 1
55791 0
55792 1
55793 2
55794 1
55795 0
55796 1
55797 0
55798 1
55799 0
55800 2
55801 1
55802 0
55803 2
55804 0
55805 1
55806 0
55807 2
55808 1
55809 0
55810 1
55811 0
55812 1
55813 0
55814 1
55815 0
55816 2
55817 3
55818 0
55819 1
55820 0
55821 1
55822 2
55823 0
55824 1
55825 2
55826 1
55827 0
55828 1
55829 2
55830 0
55831 1
55832 0
55833 1
55834 0
55835 1
55836 2
55837 1
55838 0
55839 1
55840 0
55841 1
55842 2
55843 0
55844 1
55845 2
55846 0
55847 2
55848 3
55849 0
55850 1
55851 0
55852 2
55853 0
55854 1
55855 0
55856 2
55857 1
55858 0
55859 2
55860 1
55861 0
55862 1
55863 2
55864 0
55865 2
55866 1
55867 2
55868 0
55869 1
55870 2
55871 1
55872 0
55873 1
55874 0
55875 2
55876 1
55877 2
55878 0
55879 2
55880 1
55881 0
55882 1
55883 0
55884 1
55885 2
55886 1
55887 0
55888 2
55889 0
55890 1
55891 0
55892 1
55893 0
55894 1
55895 2
55896 0
55897 2
55898 0
55899 1
55900 0
55901 1
55902 0
55903 1
55904 2
55905 0
55906 2
55907 1
55908 0
55909 1
55910 0
55911 1
55912 0
55913 1
55914 0
55915 1
55916 2
55917 1
55918 2
55919 0
55920 2
55921 1
55922 2
55923 0
55924 1
55925 2
55926 0
55927 1
55928 0
55929 1
55930 2
55931 0
55932 1
55933 0
55934 1
55935 0
55936 1
55937 0
55938 2
55939 1
55940 0
55941 1
55942 0
55943 1
55944 0
55945 1
55946 0
55947 1
55948 0
55949 1
55950 2
55951 0
55952 1
55953 2
55954 0
55955 2
55956 0
55957 2
55958 1
55959 0
55960 1
55961 0
55962 1
55963 0
55964 1
55965 0
55966 1
55967 2
55968 0
55969 1
55970 0
55971 1
55972 2
55973 1
55974 0
55975 1
55976 0
55977 1
55978 2
55979 0
55980 1
55981 2
55982 1
55983 2
55984 0
55985 2
55986 1
55987 0
55988 2
55989 0
55990 2
55991 1
55992 2
55993 0
55994 1
55995 0
55996 1
55997 0
55998 1
55999 0
56000 1
56001 2
56002 0
56003 1
56004 0
56005 1
56006 0
56007 1
56008 2
56009 0
56010 1
56011 3
56012 2
56013 0
56014 1
56015 2
56016 0
56017 1
56018 0
56019 2
56020 1
56021 2
56022 0
56023 1
56024 2
56025 0
56026 1
56027 2
56028 0
56029 1
56030 2
56031 0
56032 2
56033 1
56034 0
56035 1
56036 0
56037 2
56038 0
56039 1
56040 0
56041 2
56042 1
56043 2
56044 0
56045 1
56046 0
56047 2
56048 0
56049 1
56050 0
56051 1
56052 0
56053 1
56054 0
56055 1
56056 0
56057 1
56058 0
56059 1
56060 0
56061 1
56062 0
56063 1
56064 0
56065 1
56066 0
56067 2
56068 1
56069 0
56070 1
56071 0
56072 1
56073 2
56074 1
56075 0
56076 1
56077 2
56078 0
56079 2
56080 1
56081 0
56082 2
56083 0
56084 1
56085 2
56086 1
56087 0
56088 1
56089 2
56090 0
56091 1
56092 0
56093 1
56094 0
56095 1
56096 2
56097 0
56098 2
56099 1
56100 0
56101 1
56102 0
56103 1
56104 2
56105 0
56106 1
56107 0
56108 1
56109 0
56110 1
56111 2
56112 1
56113 0
56114 1
56115 0
56116 1
56117 0
56118 1
56119 0
56120 1
56121 2
56122 1
56123 2
56124 0
56125 1
56126 0
56127 1
56128 0
56129 1
56130 0
56131 1
56132 0
56133 1
56134 0
56135 2
56136 0
56137 1
56138 0
56139 2
56140 1
56141 2
56142 0
56143 1
56144 0
56145 1
56146 0
56147 1
56148 2
56149 0
56150 2
56151 1
56152 0
56153 1
56154 0
56155 1
56156 2
56157 0
56158 1
56159 0
56160 1
56161 0
56162 1
56163 0
56164 1
56165 0
56166 1
56167 0
56168 1
56169 2
56170 1
56171 2
56172 1
56173 2
56174 1
56175 0
56176 1
56177 2
56178 0
56179 1
56180 0
56181 1
56182 0
56183 1
56184 2
56185 0
56186 1
56187 0
56188 2
56189 1
56190 2
56191 0
56192 2
56193 1
56194 2
56195 0
56196 1
56197 0
56198 1
56199 0
56200 1
56201 2
56202 1
56203 2
56204 1
56205 0
56206 1
56207 2
56208 0
56209 1
56210 0
56211 2
56212 1
56213 0
56214 1
56215 2
56216 1
56217 2
56218 0
56219 2
56220 1
56221 0
56222 2
56223 1
56224 2
56225 0
56226 1
56227 2
56228 0
56229 1
56230 2
56231 0
56232 1
56233 2
56234 0
56235 2
56236 0
56237 1
56238 2
56239 0
56240 1
56241 2
56242 1
56243 2
56244 0
56245 1
56246 0
56247 1
56248 2
56249 0
56250 2
56251 0
56252 2
56253 1
56254 0
56255 1
56256 2
56257 0
56258 2
56259 0
56260 1
56261 0
56262 2
56263 1
56264 0
56265 2
56266 1
56267 0
56268 1
56269 0
56270 1
56271 2
56272 0
56273 1
56274 2
56275 1
56276 2
56277 0
56278 2
56279 1
56280 2
56281 0
56282 1
56283 0
56284 1
56285 0
56286 2
56287 0
56288 1
56289 0
56290 1
56291 0
56292 2
56293 1
56294 0
56295 1
56296 0
56297 1
56298 2
56299 0
56300 1
56301 0
56302 2
56303 1
56304 0
56305 2
56306 0
56307 1
56308 2
56309 0
56310 1
56311 0
56312 1
56313 0
56314 1
56315 0
56316 2
56317 1
56318 2
56319 0
56320 2
56321 1
56322 2
56323 0
56324 1
56325 0
56326 2
56327 1
56328 0
56329 1
56330 2
56331 0
56332 1
56333 0
56334 1
56335 3
56336 2
56337 3
56338 0
56339 1
56340 0
56341 1
56342 2
56343 0
56344 1
56345 2
56346 0
56347 1
56348 0
56349 1
56350 0
56351 1
56352 0
56353 1
56354 0
56355 1
56356 2
56357 0
56358 1
56359 0
56360 1
56361 0
56362 1
56363 0
56364 1
56365 0
56366 1
56367 2
56368 0
56369 1
56370 0
56371 1
56372 0
56373 1
56374 0
56375 1
56376 0
56377 1
56378 0
56379 1
56380 0
56381 1
56382 0
56383 1
56384 0
56385 2
56386 1
56387 0
56388 1
56389 0
56390 2
56391 1
56392 2
56393 0
56394 2
56395 1
56396 0
56397 1
56398 0
56399 2
56400 0
56401 1
56402 2
56403 0
56404 1
56405 0
56406 1
56407 0
56408 1
56409 0
56410 1
56411 0
56412 1
56413 0
56414 1
56415 0
56416 1
56417 2
56418 0
56419 1
56420 2
56421 0
56422 1
56423 0
56424 1
56425 0
56426 2
56427 1
56428 2
56429 1
56430 0
56431 2
56432 1
56433 0
56434 2
56435 1
56436 2
56437 0
56438 1
56439 0
56440 1
56441 0
56442 1
56443 0
56444 2
56445 1
56446 0
56447 1
56448 0
56449 2
56450 0
56451 1
56452 0
56453 1
56454 0
56455 1
56456 2
56457 0
56458 1
56459 2
56460 0
56461 1
56462 0
56463 1
56464 0
56465 1
56466 0
56467 2
56468 1
56469 2
56470 0
56471 1
56472 0
56473 1
56474 0
56475 1
56476 2
56477 0
56478 2
56479 1
56480 0
56481 1
56482 0
56483 1
56484 0
56485 1
56486 2
56487 0
56488 1
56489 0
56490 1
56491 0
56492 2
56493 1
56494 0
56495 2
56496 1
56497 0
56498 1
56499 0
56500 1
56501 2
56502 1
56503 2
56504 0
56505 2
56506 1
56507 0
56508 2
56509 0
56510 2
56511 1
56512 0
56513 2
56514 1
56515 0
56516 1
56517 2
56518 0
56519 2
56520 0
56521 2
56522 0
56523 1
56524 0
56525 1
56526 2
56527 0
56528 1
56529 2
56530 0
56531 1
56532 2
56533 0
56534 2
56535 0
56536 1
56537 0
56538 2
56539 1
56540 2
56541 0
56542 2
56543 0
56544 1
56545 2
56546 0
56547 1
56548 0
56549 1
56550 0
56551 1
56552 0
56553 1
56554 2
56555 0
56556 1
56557 0
56558 1
56559 0
56560 2
56561 1
56562 2
56563 0
56564 1
56565 2
56566 1
56567 0
56568 1
56569 0
56570 2
56571 1
56572 0
56573 1
56574 2
56575 0
56576 2
56577 0
56578 2
56579 0
56580 1
56581 0
56582 1
56583 2
56584 0
56585 1
56586 2
56587 0
56588 1
56589 0
56590 1
56591 0
56592 2
56593 1
56594 0
56595 1
56596 0
56597 2
56598 1
56599 0
56600 1
56601 0
56602 2
56603 0
56604 1
56605 2
56606 1
56607 2
56608 0
56609 1
56610 0
56611 1
56612 0
56613 1
56614 0
56615 1
56616 2
56617 0
56618 1
56619 0
56620 1
56621 0
56622 1
56623 0
56624 1
56625 0
56626 1
56627 0
56628 1
56629 2
56630 0
56631 1
56632 2
56633 0
56634 1
56635 2
56636 0
56637 1
56638 2
56639 0
56640 1
56641 0
56642 2
56643 1
56644 0
56645 1
56646 2
56647 0
56648 2
56649 1
56650 0
56651 2
56652 1
56653 0
56654 1
56655 0
56656 2
56657 1
56658 0
56659 1
56660 2
56661 0
56662 1
56663 0
56664 1
56665 0
56666 1
56667 2
56668 0
56669 1
56670 0
56671 2
56672 1
56673 0
56674 1
56675 2
56676 1
56677 2
56678 1
56679 0
56680 1
56681 0
56682 1
56683 0
56684 1
56685 0
56686 1
56687 2
56688 1
56689 2
56690 0
56691 2
56692 0
56693 1
56694 0
56695 1
56696 0
56697 2
56698 1
56699 0
56700 1
56701 2
56702 0
56703 2
56704 1
56705 0
56706 1
56707 0
56708 1
56709 2
56710 0
56711 2
56712 1
56713 2
56714 0
56715 1
56716 2
56717 1
56718 0
56719 2
56720 0
56721 1
56722 0
56723 1
56724 2
56725 0
56726 2
56727 1
56728 0
56729 1
56730 0
56731 2
56732 1
56733 2
56734 0
56735 2
56736 1
56737 0
56738 1
56739 0
56740 1
56741 2
56742 1
56743 0
56744 1
56745 0
56746 1
56747 2
56748 0
56749 1
56750 0
56751 1
56752 0
56753 1
56754 0
56755 1
56756 0
56757 1
56758 0
56759 1
56760 2
56761 0
56762 2
56763 1
56764 2
56765 0
56766 1
56767 0
56768 2
56769 0
56770 1
56771 0
56772 1
56773 0
56774 1
56775 2
56776 1
56777 2
56778 0
56779 1
56780 0
56781 1
56782 0
56783 1
56784 0
56785 1
56786 2
56787 0
56788 2
56789 1
56790 2
56791 0
56792 1
56793 2
56794 1
56795 0
56796 1
56797 0
56798 1
56799 2
56800 0
56801 1
56802 2
56803 0
56804 1
56805 2
56806 1
56807 2
56808 0
56809 2
56810 0
56811 1
56812 2
56813 0
56814 1
56815 0
56816 1
56817 0
56818 1
56819 2
56820 0
56821 1
56822 0
56823 1
56824 0
56825 1
56826 2
56827 0
56828 2
56829 1
56830 2
56831 1
56832 0
56833 1
56834 2
56835 0
56836 1
56837 2
56838 1
56839 2
56840 0
56841 1
56842 2
56843 0
56844 1
56845 2
56846 0
56847 1
56848 2
56849 0
56850 1
56851 2
56852 0
56853 1
56854 0
56855 1
56856 0
56857 1
56858 2
56859 1
56860 2
56861 1
56862 0
56863 2
56864 0
56865 1
56866 0
56867 2
56868 0
56869 1
56870 0
56871 1
56872 0
56873 2
56874 1
56875 0
56876 2
56877 1
56878 2
56879 0
56880 1
56881 0
56882 2
56883 1
56884 0
56885 2
56886 1
56887 0
56888 2
56889 1
56890 0
56891 2
56892 1
56893 0
56894 1
56895 0
56896 1
56897 2
56898 1
56899 0
56900 1
56901 0
56902 2
56903 1
56904 0
56905 2
56906 1
56907 0
56908 1
56909 0
56910 2
56911 1
56912 3
56913 2
56914 1
56915 0
56916 1
56917 0
56918 2
56919 0
56920 2
56921 1
56922 0
56923 1
56924 0
56925 1
56926 2
56927 1
56928 0
56929 2
56930 1
56931 2
56932 1
56933 0
56934 2
56935 1
56936 0
56937 1
56938 0
56939 2
56940 0
56941 2
56942 1
56943 0
56944 2
56945 1
56946 0
56947 2
56948 1
56949 0
56950 1
56951 0
56952 1
56953 2
56954 0
56955 1
56956 0
56957 2
56958 1
56959 0
56960 1
56961 0
56962 1
56963 0
56964 1
56965 2
56966 0
56967 1
56968 0
56969 1
56970 0
56971 1
56972 0
56973 2
56974 0
56975 1
56976 0
56977 1
56978 2
56979 0
56980 1
56981 0
56982 1
56983 2
56984 0
56985 1
56986 0
56987 2
56988 1
56989 2
56990 0
56991 2
56992 1
56993 2
56994 1
56995 0
56996 1
56997 0
56998 2
56999 0
57000 1
57001 0
57002 1
57003 0
57004 1
57005 2
57006 1
57007 0
57008 2
57009 1
57010 0
57011 1
57012 0
57013 1
57014 0
57015 1
57016 0
57017 1
57018 2
57019 0
57020 1
57021 0
57022 1
57023 0
57024 1
57025 0
57026 1
57027 0
57028 1
57029 0
57030 1
57031 2
57032 1
57033 0
57034 1
57035 0
57036 2
57037 3
57038 0
57039 1
57040 0
57041 1
57042 0
57043 1
57044 0
57045 1
57046 0
57047 2
57048 0
57049 1
57050 0
57051 1
57052 0
57053 1
57054 2
57055 0
57056 1
57057 0
57058 1
57059 0
57060 2
57061 1
57062 0
57063 1
57064 0
57065 1
57066 0
57067 1
57068 0
57069 1
57070 0
57071 1
57072 0
57073 2
57074 1
57075 0
57076 1
57077 0
57078 2
57079 1
57080 2
57081 0
57082 2
57083 1
57084 2
57085 0
57086 1
57087 0
57088 2
57089 1
57090 2
57091 1
57092 0
57093 2
57094 0
57095 1
57096 0
57097 1
57098 0
57099 1
57100 2
57101 1
57102 0
57103 1
57104 0
57105 1
57106 0
57107 1
57108 2
57109 0
57110 1
57111 0
57112 1
57113 0
57114 1
57115 2
57116 1
57117 0
57118 1
57119 0
57120 1
57121 2
57122 0
57123 1
57124 2
57125 0
57126 2
57127 0
57128 2
57129 1
57130 0
57131 2
57132 0
57133 1
57134 2
57135 0
57136 1
57137 0
57138 1
57139 2
57140 0
57141 1
57142 0
57143 1
57144 0
57145 1
57146 2
57147 1
57148 2
57149 1
57150 2
57151 1
57152 0
57153 2
57154 1
57155 2
57156 0
57157 1
57158 2
57159 0
57160 1
57161 0
57162 2
57163 1
57164 0
57165 1
57166 0
57167 1
57168 0
57169 1
57170 2
57171 1
57172 0
57173 2
57174 1
57175 2
57176 1
57177 0
57178 1
57179 2
57180 0
57181 1
57182 0
57183 1
57184 0
57185 2
57186 1
57187 2
57188 0
57189 1
57190 2
57191 0
57192 1
57193 2
57194 0
57195 2
57196 0
57197 1
57198 0
57199 1
57200 0
57201 1
57202 0
57203 1
57204 0
57205 1
57206 0
57207 2
57208 1
57209 2
57210 0
57211 1
57212 0
57213 1
57214 0
57215 2
57216 1
57217 2
57218 0
57219 1
57220 2
57221 0
57222 1
57223 0
57224 1
57225 0
57226 1
57227 0
57228 2
57229 1
57230 0
57231 1
57232 2
57233 0
57234 1
57235 0
57236 1
57237 0
57238 1
57239 0
57240 1
57241 0
57242 1
57243 2
57244 1
57245 2
57246 0
57247 1
57248 0
57249 1
57250 0
57251 1
57252 2
57253 0
57254 2
57255 1
57256 0
57257 1
57258 0
57259 1
57260 2
57261 0
57262 2
57263 1
57264 2
57265 1
57266 0
57267 1
57268 0
57269 1
57270 0
57271 1
57272 2
57273 0
57274 1
57275 0
57276 2
57277 0
57278 2
57279 1
57280 0
57281 1
57282 2
57283 0
57284 2
57285 1
57286 0
57287 2
57288 0
57289 2
57290 1
57291 0
57292 2
57293 1
57294 0
57295 2
57296 1
57297 2
57298 0
57299 1
57300 0
57301 1
57302 0
57303 1
57304 0
57305 1
57306 0
57307 1
57308 0
57309 1
57310 2
57311 0
57312 1
57313 0
57314 1
57315 2
57316 1
57317 0
57318 1
57319 0
57320 1
57321 0
57322 2
57323 1
57324 2
57325 0
57326 1
57327 0
57328 1
57329 0
57330 1
57331 2
57332 0
57333 1
57334 0
57335 1
57336 0
57337 2
57338 1
57339 2
57340 0
57341 1
57342 0
57343 1
57344 2
57345 0
57346 1
57347 0
57348 1
57349 0
57350 1
57351 0
57352 2
57353 1
57354 2
57355 0
57356 1
57357 0
57358 1
57359 2
57360 0
57361 1
57362 0
57363 1
57364 0
57365 1
57366 0
57367 1
57368 2
57369 0
57370 1
57371 0
57372 1
57373 2
57374 1
57375 0
57376 1
57377 0
57378 1
57379 0
57380 2
57381 1
57382 0
57383 2
57384 1
57385 0
57386 2
57387 1
57388 0
57389 1
57390 2
57391 0
57392 2
57393 1
57394 2
57395 0
57396 1
57397 0
57398 1
57399 0
57400 1
57401 0
57402 1
57403 0
57404 1
57405 2
57406 0
57407 1
57408 0
57409 1
57410 0
57411 1
57412 2
57413 0
57414 1
57415 0
57416 1
57417 0
57418 2
57419 1
57420 2
57421 0
57422 2
57423 1
57424 0
57425 2
57426 1
57427 0
57428 2
57429 1
57430 0
57431 2
57432 0
57433 1
57434 0
57435 1
57436 0
57437 1
57438 0
57439 2
57440 1
57441 2
57442 0
57443 1
57444 2
57445 0
57446 1
57447 0
57448 1
57449 0
57450 1
57451 2
57452 0
57453 1
57454 0
57455 1
57456 0
57457 1
57458 2
57459 0
57460 1
57461 0
57462 1
57463 0
57464 1
57465 0
57466 1
57467 2
57468 0
57469 1
57470 0
57471 1
57472 2
57473 0
57474 1
57475 0
57476 2
57477 0
57478 1
57479 0
57480 2
57481 1
57482 0
57483 1
57484 0
57485 1
57486 2
57487 0
57488 1
57489 2
57490 1
57491 2
57492 1
57493 2
57494 1
57495 0
57496 1
57497 0
57498 3
57499 1
57500 0
57501 1
57502 0
57503 1
57504 0
57505 1
57506 0
57507 1
57508 0
57509 1
57510 2
57511 0
57512 1
57513 0
57514 1
57515 0
57516 1
57517 0
57518 1
57519 0
57520 1
57521 0
57522 3
57523 1
57524 0
57525 1
57526 0
57527 2
57528 1
57529 0
57530 1
57531 2
57532 0
57533 1
57534 0
57535 2
57536 1
57537 0
57538 1
57539 0
57540 1
57541 2
57542 0
57543 1
57544 2
57545 0
57546 1
57547 0
57548 1
57549 2
57550 0
57551 1
57552 2
57553 0
57554 1
57555 0
57556 1
57557 0
57558 1
57559 0
57560 1
57561 0
57562 2
57563 1
57564 0
57565 1
57566 0
57567 2
57568 1
57569 0
57570 1
57571 0
57572 1
57573 0
57574 2
57575 0
57576 1
57577 2
57578 0
57579 2
57580 0
57581 2
57582 1
57583 0
57584 2
57585 0
57586 2
57587 1
57588 0
57589 1
57590 0
57591 2
57592 0
57593 2
57594 0
57595 1
57596 0
57597 2
57598 1
57599 0
57600 1
57601 0
57602 2
57603 0
57604 2
57605 1
57606 2
57607 0
57608 1
57609 0
57610 2
57611 0
57612 1
57613 0
57614 1
57615 0
57616 1
57617 0
57618 1
57619 0
57620 1
57621 2
57622 1
57623 0
57624 1
57625 2
57626 0
57627 1
57628 0
57629 1
57630 0
57631 1
57632 0
57633 1
57634 2
57635 1
57636 0
57637 1
57638 0
57639 1
57640 0
57641 1
57642 2
57643 0
57644 1
57645 0
57646 1
57647 0
57648 1
57649 0
57650 1
57651 0
57652 1
57653 0
57654 2
57655 0
57656 2
57657 1
57658 2
57659 1
57660 0
57661 2
57662 1
57663 0
57664 1
57665 2
57666 1
57667 2
57668 1
57669 0
57670 2
57671 0
57672 1
57673 0
57674 1
57675 0
57676 1
57677 0
57678 1
57679 0
57680 2
57681 1
57682 2
57683 0
57684 1
57685 2
57686 0
57687 1
57688 2
57689 0
57690 1
57691 2
57692 0
57693 2
57694 0
57695 1
57696 0
57697 1
57698 0
57699 1
57700 0
57701 1
57702 0
57703 1
57704 0
57705 1
57706 0
57707 1
57708 0
57709 1
57710 0
57711 1
57712 0
57713 1
57714 2
57715 1
57716 0
57717 1
57718 0
57719 1
57720 2
57721 0
57722 1
57723 0
57724 1
57725 0
57726 1
57727 0
57728 2
57729 1
57730 0
57731 2
57732 1
57733 0
57734 1
57735 0
57736 1
57737 0
57738 2
57739 1
57740 0
57741 2
57742 0
57743 1
57744 0
57745 1
57746 0
57747 1
57748 2
57749 0
57750 1
57751 0
57752 1
57753 2
57754 0
57755 1
57756 2
57757 1
57758 2
57759 0
57760 1
57761 0
57762 1
57763 0
57764 2
57765 0
57766 1
57767 0
57768 1
57769 0
57770 1
57771 2
57772 0
57773 2
57774 1
57775 0
57776 2
57777 1
57778 0
57779 1
57780 0
57781 1
57782 0
57783 1
57784 2
57785 1
57786 0
57787 1
57788 0
57789 2
57790 1
57791 2
57792 0
57793 2
57794 1
57795 0
57796 1
57797 2
57798 1
57799 2
57800 0
57801 1
57802 0
57803 1
57804 2
57805 0
57806 1
57807 2
57808 0
57809 2
57810 1
57811 2
57812 0
57813 1
57814 0
57815 1
57816 0
57817 2
57818 0
57819 1
57820 2
57821 1
57822 0
57823 1
57824 0
57825 1
57826 2
57827 1
57828 0
57829 2
57830 0
57831 2
57832 1
57833 0
57834 1
57835 0
57836 1
57837 2
57838 0
57839 2
57840 1
57841 2
57842 1
57843 0
57844 1
57845 2
57846 0
57847 1
57848 0
57849 1
57850 0
57851 1
57852 0
57853 1
57854 2
57855 0
57856 2
57857 1
57858 0
57859 1
57860 0
57861 1
57862 0
57863 1
57864 0
57865 2
57866 1
57867 0
57868 1
57869 2
57870 0
57871 1
57872 0
57873 1
57874 2
57875 0
57876 1
57877 0
57878 2
57879 1
57880 0
57881 1
57882 0
57883 1
57884 0
57885 1
57886 0
57887 1
57888 2
57889 0
57890 1
57891 2
57892 0
57893 2
57894 1
57895 0
57896 1
57897 2
57898 1
57899 2
57900 1
57901 2
57902 0
57903 1
57904 0
57905 2
57906 1
57907 0
57908 1
57909 0
57910 1
57911 2
57912 3
57913 1
57914 0
57915 2
57916 1
57917 0
57918 1
57919 2
57920 1
57921 0
57922 2
57923 1
57924 0
57925 1
57926 0
57927 1
57928 2
57929 1
57930 0
57931 1
57932 0
57933 1
57934 0
57935 1
57936 0
57937 2
57938 3
57939 1
57940 0
57941 1
57942 2
57943 1
57944 0
57945 2
57946 1
57947 2
57948 1
57949 0
57950 2
57951 0
57952 1
57953 0
57954 1
57955 2
57956 1
57957 0
57958 1
57959 2
57960 0
57961 1
57962 2
57963 0
57964 1
57965 2
57966 3
57967 0
57968 1
57969 0
57970 1
57971 0
57972 1
57973 0
57974 1
57975 0
57976 2
57977 0
57978 1
57979 2
57980 0
57981 1
57982 2
57983 1
57984 0
57985 2
57986 1
57987 0
57988 2
57989 1
57990 0
57991 2
57992 1
57993 3
57994 1
57995 0
57996 1
57997 0
57998 1
57999 2
58000 0
58001 1
58002 0
58003 1
58004 2
58005 0
58006 1
58007 0
58008 1
58009 2
58010 1
58011 0
58012 2
58013 1
58014 0
58015 2
58016 1
58017 0
58018 1
58019 0
58020 1
58021 0
58022 1
58023 2
58024 0
58025 1
58026 0
58027 1
58028 2
58029 0
58030 1
58031 2
58032 0
58033 2
58034 1
58035 2
58036 0
58037 2
58038 1
58039 0
58040 1
58041 0
58042 1
58043 0
58044 1
58045 0
58046 1
58047 0
58048 1
58049 0
58050 2
58051 1
58052 2
58053 0
58054 1
58055 0
58056 1
58057 2
58058 0
58059 1
58060 2
58061 0
58062 1
58063 3
58064 0
58065 1
58066 2
58067 1
58068 2
58069 0
58070 1
58071 3
58072 2
58073 1
58074 0
58075 1
58076 0
58077 1
58078 2
58079 0
58080 1
58081 0
58082 1
58083 0
58084 1
58085 2
58086 0
58087 1
58088 0
58089 1
58090 2
58091 0
58092 1
58093 0
58094 1
58095 0
58096 1
58097 2
58098 1
58099 0
58100 1
58101 2
58102 1
58103 0
58104 1
58105 0
58106 1
58107 0
58108 1
58109 0
58110 1
58111 0
58112 1
58113 0
58114 1
58115 0
58116 1
58117 0
58118 2
58119 1
58120 2
58121 1
58122 0
58123 1
58124 0
58125 1
58126 0
58127 1
58128 0
58129 2
58130 1
58131 0
58132 1
58133 2
58134 0
58135 1
58136 0
58137 2
58138 1
58139 2
58140 0
58141 1
58142 2
58143 0
58144 1
58145 0
58146 1
58147 2
58148 1
58149 0
58150 1
58151 0
58152 2
58153 1
58154 0
58155 1
58156 2
58157 1
58158 0
58159 1
58160 0
58161 1
58162 0
58163 1
58164 0
58165 2
58166 1
58167 2
58168 0
58169 1
58170 0
58171 1
58172 2
58173 0
58174 1
58175 0
58176 1
58177 2
58178 1
58179 0
58180 1
58181 0
58182 1
58183 0
58184 1
58185 0
58186 1
58187 0
58188 1
58189 0
58190 1
58191 0
58192 1
58193 2
58194 0
58195 2
58196 1
58197 2
58198 0
58199 1
58200 0
58201 1
58202 0
58203 1
58204 0
58205 1
58206 2
58207 0
58208 1
58209 0
58210 1
58211 0
58212 1
58213 0
58214 1
58215 0
58216 1
58217 2
58218 0
58219 1
58220 0
58221 1
58222 2
58223 0
58224 1
58225 2
58226 0
58227 1
58228 0
58229 1
58230 0
58231 1
58232 0
58233 1
58234 0
58235 1
58236 0
58237 1
58238 0
58239 1
58240 0
58241 1
58242 2
58243 0
58244 1
58245 0
58246 2
58247 0
58248 1
58249 0
58250 1
58251 0
58252 2
58253 1
58254 0
58255 1
58256 0
58257 2
58258 1
58259 0
58260 1
58261 0
58262 1
58263 2
58264 0
58265 1
58266 2
58267 0
58268 2
58269 1
58270 2
58271 0
58272 1
58273 0
58274 1
58275 2
58276 1
58277 0
58278 2
58279 1
58280 2
58281 0
58282 1
58283 0
58284 1
58285 0
58286 1
58287 2
58288 0
58289 1
58290 0
58291 1
58292 2
58293 0
58294 1
58295 0
58296 1
58297 2
58298 0
58299 1
58300 0
58301 3
58302 2
58303 1
58304 2
58305 0
58306 1
58307 0
58308 1
58309 0
58310 1
58311 2
58312 1
58313 2
58314 0
58315 2
58316 1
58317 2
58318 1
58319 0
58320 2
58321 1
58322 0
58323 1
58324 0
58325 1
58326 0
58327 2
58328 0
58329 1
58330 0
58331 1
58332 0
58333 2
58334 1
58335 2
58336 0
58337 1
58338 0
58339 1
58340 0
58341 1
58342 0
58343 1
58344 0
58345 1
58346 0
58347 1
58348 2
58349 1
58350 2
58351 0
58352 1
58353 2
58354 0
58355 1
58356 0
58357 1
58358 0
58359 2
58360 1
58361 0
58362 1
58363 0
58364 1
58365 2
58366 0
58367 1
58368 2
58369 0
58370 1
58371 2
58372 1
58373 2
58374 0
58375 1
58376 0
58377 1
58378 0
58379 1
58380 0
58381 2
58382 0
58383 1
58384 0
58385 1
58386 2
58387 0
58388 1
58389 0
58390 1
58391 2
58392 0
58393 1
58394 2
58395 0
58396 2
58397 1
58398 0
58399 2
58400 1
58401 0
58402 1
58403 0
58404 1
58405 0
58406 1
58407 0
58408 1
58409 2
58410 1
58411 0
58412 1
58413 0
58414 2
58415 1
58416 0
58417 1
58418 0
58419 1
58420 0
58421 2
58422 1
58423 0
58424 1
58425 0
58426 1
58427 0
58428 1
58429 0
58430 2
58431 1
58432 2
58433 0
58434 2
58435 1
58436 2
58437 1
58438 0
58439 2
58440 1
58441 0
58442 2
58443 1
58444 0
58445 1
58446 0
58447 1
58448 2
58449 1
58450 0
58451 1
58452 0
58453 2
58454 1
58455 2
58456 0
58457 1
58458 0
58459 1
58460 0
58461 1
58462 0
58463 1
58464 0
58465 1
58466 0
58467 1
58468 0
58469 1
58470 0
58471 2
58472 0
58473 2
58474 1
58475 0
58476 1
58477 2
58478 0
58479 1
58480 0
58481 1
58482 0
58483 1
58484 2
58485 0
58486 2
58487 0
58488 1
58489 0
58490 1
58491 0
58492 1
58493 0
58494 1
58495 0
58496 1
58497 2
58498 0
58499 1
58500 0
58501 1
58502 0
58503 1
58504 0
58505 1
58506 0
58507 2
58508 1
58509 0
58510 2
58511 1
58512 0
58513 1
58514 2
58515 0
58516 2
58517 1
58518 2
58519 0
58520 1
58521 2
58522 0
58523 1
58524 0
58525 1
58526 2
58527 0
58528 1
58529 0
58530 1
58531 2
58532 0
58533 2
58534 1
58535 0
58536 1
58537 2
58538 3
58539 1
58540 0
58541 1
58542 2
58543 0
58544 1
58545 0
58546 1
58547 2
58548 0
58549 2
58550 0
58551 1
58552 0
58553 2
58554 1
58555 2
58556 0
58557 1
58558 0
58559 1
58560 0
58561 2
58562 1
58563 2
58564 1
58565 0
58566 1
58567 0
58568 1
58569 0
58570 1
58571 0
58572 1
58573 0
58574 2
58575 1
58576 0
58577 1
58578 0
58579 2
58580 0
58581 2
58582 1
58583 0
58584 1
58585 0
58586 2
58587 1
58588 0
58589 2
58590 1
58591 0
58592 1
58593 0
58594 1
58595 0
58596 1
58597 0
58598 1
58599 0
58600 1
58601 0
58602 1
58603 0
58604 1
58605 2
58606 0
58607 1
58608 2
58609 0
58610 1
58611 0
58612 1
58613 0
58614 2
58615 0
58616 1
58617 0
58618 1
58619 2
58620 0
58621 1
58622 0
58623 1
58624 0
58625 1
58626 0
58627 2
58628 1
58629 0
58630 1
58631 0
58632 1
58633 0
58634 2
58635 1
58636 0
58637 2
58638 1
58639 0
58640 1
58641 2
58642 1
58643 0
58644 2
58645 1
58646 0
58647 1
58648 2
58649 1
58650 0
58651 1
58652 2
58653 0
58654 2
58655 1
58656 0
58657 2
58658 1
58659 0
58660 1
58661 0
58662 1
58663 2
58664 0
58665 2
58666 1
58667 0
58668 2
58669 1
58670 0
58671 2
58672 1
58673 0
58674 2
58675 1
58676 0
58677 2
58678 1
58679 0
58680 1
58681 0
58682 1
58683 2
58684 0
58685 2
58686 1
58687 0
58688 2
58689 0
58690 1
58691 2
58692 1
58693 0
58694 1
58695 0
58696 1
58697 2
58698 0
58699 1
58700 2
58701 1
58702 0
58703 1
58704 0
58705 1
58706 2
58707 0
58708 1
58709 2
58710 0
58711 1
58712 0
58713 1
58714 0
58715 2
58716 1
58717 2
58718 0
58719 1
58720 2
58721 1
58722 0
58723 1
58724 2
58725 0
58726 1
58727 2
58728 0
58729 1
58730 0
58731 1
58732 0
58733 1
58734 0
58735 1
58736 0
58737 2
58738 1
58739 0
58740 1
58741 2
58742 0
58743 1
58744 0
58745 1
58746 2
58747 0
58748 1
58749 0
58750 2
58751 0
58752 1
58753 0
58754 2
58755 0
58756 1
58757 0
58758 1
58759 0
58760 1
58761 2
58762 0
58763 1
58764 0
58765 1
58766 2
58767 0
58768 1
58769 0
58770 1
58771 0
58772 1
58773 0
58774 1
58775 2
58776 0
58777 1
58778 0
58779 1
58780 0
58781 1
58782 2
58783 1
58784 0
58785 1
58786 2
58787 0
58788 2
58789 1
58790 2
58791 0
58792 1
58793 0
58794 2
58795 1
58796 2
58797 3
58798 1
58799 2
58800 1
58801 0
58802 1
58803 0
58804 1
58805 0
58806 1
58807 0
58808 1
58809 0
58810 1
58811 0
58812 1
58813 0
58814 2
58815 1
58816 2
58817 0
58818 1
58819 2
58820 0
58821 1
58822 0
58823 1
58824 0
58825 2
58826 1
58827 0
58828 2
58829 0
58830 1
58831 0
58832 1
58833 2
58834 0
58835 1
58836 0
58837 1
58838 0
58839 1
58840 0
58841 1
58842 2
58843 0
58844 2
58845 1
58846 0
58847 2
58848 1
58849 0
58850 1
58851 0
58852 1
58853 0
58854 1
58855 0
58856 2
58857 1
58858 2
58859 0
58860 1
58861 0
58862 2
58863 1
58864 0
58865 2
58866 1
58867 0
58868 1
58869 0
58870 1
58871 0
58872 1
58873 0
58874 1
58875 0
58876 1
58877 0
58878 2
58879 1
58880 2
58881 0
58882 1
58883 3
58884 0
58885 2
58886 0
58887 1
58888 0
58889 1
58890 2
58891 1
58892 2
58893 1
58894 2
58895 0
58896 1
58897 0
58898 1
58899 0
58900 1
58901 0
58902 1
58903 0
58904 1
58905 2
58906 0
58907 1
58908 0
58909 2
58910 1
58911 0
58912 1
58913 0
58914 1
58915 2
58916 0
58917 1
58918 0
58919 1
58920 0
58921 1
58922 0
58923 1
58924 0
58925 1
58926 0
58927 2
58928 1
58929 0
58930 2
58931 0
58932 2
58933 0
58934 2
58935 1
58936 0
58937 1
58938 0
58939 2
58940 1
58941 0
58942 2
58943 0
58944 1
58945 0
58946 1
58947 0
58948 1
58949 0
58950 2
58951 1
58952 0
58953 2
58954 1
58955 2
58956 1
58957 2
58958 0
58959 1
58960 0
58961 1
58962 0
58963 1
58964 0
58965 1
58966 0
58967 1
58968 0
58969 2
58970 1
58971 0
58972 1
58973 0
58974 2
58975 1
58976 0
58977 1
58978 0
58979 1
58980 0
58981 1
58982 0
58983 1
58984 0
58985 1
58986 2
58987 0
58988 1
58989 0
58990 1
58991 2
58992 0
58993 1
58994 0
58995 1
58996 0
58997 1
58998 0
58999 1
59000 2
59001 0
59002 1
59003 0
59004 2
59005 1
59006 2
59007 0
59008 2
59009 1
59010 0
59011 1
59012 0
59013 1
59014 0
59015 1
59016 2
59017 0
59018 2
59019 1
59020 0
59021 1
59022 2
59023 0
59024 1
59025 0
59026 1
59027 0
59028 1
59029 0
59030 2
59031 1
59032 2
59033 3
59034 1
59035 0
59036 1
59037 2
59038 0
59039 2
59040 1
59041 2
59042 1
59043 0
59044 2
59045 0
59046 1
59047 0
59048 1
59049 2
59050 0
59051 1
59052 2
59053 0
59054 1
59055 0
59056 2
59057 1
59058 0
59059 1
59060 0
59061 1
59062 2
59063 0
59064 2
59065 1
59066 0
59067 2
59068 1
59069 2
59070 1
59071 0
59072 1
59073 0
59074 1
59075 0
59076 2
59077 1
59078 2
59079 1
59080 2
59081 0
59082 1
59083 0
59084 2
59085 0
59086 1
59087 0
59088 2
59089 1
59090 0
59091 1
59092 0
59093 1
59094 0
59095 1
59096 2
59097 0
59098 2
59099 0
59100 2
59101 0
59102 1
59103 0
59104 2
59105 1
59106 0
59107 2
59108 1
59109 2
59110 0
59111 2
59112 1
59113 2
59114 1
59115 0
59116 1
59117 2
59118 1
59119 0
59120 2
59121 1
59122 2
59123 0
59124 1
59125 0
59126 2
59127 1
59128 2
59129 0
59130 1
59131 2
59132 0
59133 2
59134 1
59135 2
59136 0
59137 1
59138 2
59139 0
59140 1
59141 0
59142 1
59143 2
59144 1
59145 0
59146 1
59147 0
59148 1
59149 2
59150 0
59151 1
59152 0
59153 2
59154 1
59155 2
59156 0
59157 2
59158 1
59159 2
59160 0
59161 1
59162 0
59163 1
59164 0
59165 2
59166 0
59167 1
59168 2
59169 1
59170 0
59171 2
59172 1
59173 0
59174 3
59175 2
59176 0
59177 1
59178 2
59179 0
59180 1
59181 2
59182 0
59183 1
59184 2
59185 0
59186 1
59187 0
59188 2
59189 1
59190 0
59191 2
59192 1
59193 0
59194 1
59195 0
59196 1
59197 0
59198 1
59199 0
59200 1
59201 0
59202 2
59203 1
59204 0
59205 1
59206 0
59207 1
59208 0
59209 1
59210 2
59211 0
59212 1
59213 2
59214 1
59215 0
59216 2
59217 1
59218 0
59219 1
59220 0
59221 1
59222 0
59223 1
59224 0
59225 1
59226 0
59227 1
59228 2
59229 0
59230 2
59231 0
59232 1
59233 0
59234 1
59235 0
59236 2
59237 1
59238 2
59239 0
59240 1
59241 2
59242 0
59243 1
59244 0
59245 1
59246 2
59247 0
59248 1
59249 0
59250 1
59251 2
59252 1
59253 2
59254 0
59255 1
59256 0
59257 2
59258 1
59259 2
59260 0
59261 2
59262 1
59263 0
59264 1
59265 0
59266 1
59267 0
59268 2
59269 1
59270 2
59271 1
59272 0
59273 1
59274 0
59275 2
59276 0
59277 2
59278 1
59279 0
59280 2
59281 1
59282 2
59283 1
59284 0
59285 1
59286 0
59287 1
59288 2
59289 0
59290 1
59291 0
59292 2
59293 1
59294 2
59295 0
59296 1
59297 0
59298 1
59299 2
59300 0
59301 2
59302 0
59303 2
59304 1
59305 2
59306 0
59307 2
59308 1
59309 2
59310 1
59311 0
59312 1
59313 2
59314 0
59315 2
59316 1
59317 2
59318 1
59319 0
59320 1
59321 0
59322 1
59323 2
59324 0
59325 1
59326 0
59327 2
59328 1
59329 0
59330 1
59331 0
59332 2
59333 1
59334 2
59335 0
59336 1
59337 2
59338 0
59339 2
59340 1
59341 0
59342 2
59343 1
59344 2
59345 1
59346 0
59347 2
59348 1
59349 0
59350 1
59351 2
59352 0
59353 2
59354 0
59355 1
59356 2
59357 0
59358 1
59359 2
59360 0
59361 1
59362 2
59363 0
59364 1
59365 0
59366 2
59367 1
59368 0
59369 1
59370 0
59371 1
59372 0
59373 3
59374 2
59375 0
59376 1
59377 2
59378 1
59379 2
59380 0
59381 2
59382 1
59383 0
59384 1
59385 2
59386 0
59387 1
59388 2
59389 0
59390 1
59391 2
59392 0
59393 1
59394 0
59395 1
59396 2
59397 1
59398 0
59399 2
59400 1
59401 0
59402 2
59403 1
59404 0
59405 2
59406 1
59407 2
59408 0
59409 1
59410 0
59411 1
59412 0
59413 1
59414 0
59415 1
59416 0
59417 1
59418 0
59419 1
59420 0
59421 1
59422 0
59423 1
59424 0
59425 1
59426 0
59427 1
59428 0
59429 1
59430 2
59431 0
59432 1
59433 0
59434 1
59435 0
59436 1
59437 0
59438 2
59439 0
59440 2
59441 0
59442 1
59443 2
59444 0
59445 1
59446 2
59447 0
59448 2
59449 1
59450 0
59451 1
59452 0
59453 1
59454 0
59455 2
59456 1
59457 0
59458 1
59459 0
59460 1
59461 0
59462 1
59463 0
59464 2
59465 1
59466 0
59467 2
59468 0
59469 1
59470 0
59471 1
59472 2
59473 0
59474 1
59475 2
59476 0
59477 1
59478 0
59479 1
59480 2
59481 3
59482 0
59483 1
59484 0
59485 1
59486 0
59487 2
59488 1
59489 2
59490 1
59491 0
59492 1
59493 0
59494 1
59495 0
59496 1
59497 0
59498 2
59499 1
59500 0
59501 1
59502 0
59503 1
59504 0
59505 1
59506 0
59507 1
59508 0
59509 1
59510 2
59511 0
59512 1
59513 2
59514 1
59515 0
59516 1
59517 0
59518 1
59519 0
59520 1
59521 2
59522 0
59523 2
59524 1
59525 0
59526 2
59527 0
59528 2
59529 1
59530 0
59531 1
59532 0
59533 2
59534 1
59535 0
59536 1
59537 2
59538 0
59539 1
59540 2
59541 0
59542 1
59543 0
59544 3
59545 2
59546 0
59547 1
59548 0
59549 2
59550 0
59551 1
59552 2
59553 0
59554 2
59555 0
59556 1
59557 0
59558 2
59559 1
59560 2
59561 1
59562 0
59563 1
59564 0
59565 1
59566 0
59567 1
59568 2
59569 0
59570 1
59571 0
59572 1
59573 0
59574 1
59575 0
59576 2
59577 1
59578 2
59579 0
59580 1
59581 0
59582 1
59583 0
59584 1
59585 2
59586 1
59587 2
59588 0
59589 1
59590 0
59591 2
59592 0
59593 1
59594 2
59595 1
59596 2
59597 1
59598 0
59599 1
59600 0
59601 1
59602 0
59603 2
59604 1
59605 0
59606 2
59607 1
59608 0
59609 2
59610 1
59611 0
59612 1
59613 0
59614 1
59615 2
59616 0
59617 2
59618 0
59619 1
59620 0
59621 1
59622 0
59623 1
59624 0
59625 1
59626 2
59627 0
59628 1
59629 2
59630 1
59631 0
59632 1
59633 2
59634 0
59635 2
59636 0
59637 1
59638 0
59639 2
59640 1
59641 0
59642 1
59643 2
59644 1
59645 0
59646 1
59647 0
59648 1
59649 0
59650 1
59651 2
59652 0
59653 1
59654 0
59655 2
59656 1
59657 2
59658 1
59659 0
59660 1
59661 0
59662 2
59663 1
59664 2
59665 0
59666 1
59667 0
59668 1
59669 0
59670 1
59671 2
59672 0
59673 1
59674 2
59675 1
59676 0
59677 1
59678 0
59679 1
59680 0
59681 1
59682 0
59683 1
59684 0
59685 1
59686 0
59687 1
59688 0
59689 1
59690 0
59691 2
59692 1
59693 2
59694 0
59695 1
59696 0
59697 1
59698 2
59699 0
59700 1
59701 0
59702 1
59703 0
59704 1
59705 0
59706 1
59707 2
59708 1
59709 2
59710 0
59711 2
59712 1
59713 2
59714 1
59715 2
59716 1
59717 0
59718 2
59719 0
59720 2
59721 0
59722 1
59723 0
59724 1
59725 0
59726 1
59727 0
59728 1
59729 0
59730 1
59731 2
59732 0
59733 1
59734 0
59735 1
59736 2
59737 0
59738 1
59739 2
59740 1
59741 0
59742 2
59743 1
59744 0
59745 1
59746 0
59747 1
59748 2
59749 0
59750 1
59751 2
59752 0
59753 1
59754 0
59755 1
59756 0
59757 2
59758 1
59759 0
59760 1
59761 2
59762 1
59763 0
59764 1
59765 0
59766 2
59767 1
59768 0
59769 1
59770 0
59771 1
59772 2
59773 0
59774 1
59775 0
59776 2
59777 1
59778 0
59779 1
59780 2
59781 1
59782 0
59783 1
59784 2
59785 0
59786 1
59787 0
59788 1
59789 0
59790 1
59791 0
59792 1
59793 0
59794 2
59795 1
59796 0
59797 2
59798 1
59799 0
59800 1
59801 2
59802 0
59803 1
59804 2
59805 0
59806 1
59807 2
59808 1
59809 2
59810 1
59811 2
59812 0
59813 2
59814 1
59815 0
59816 2
59817 1
59818 0
59819 1
59820 2
59821 1
59822 0
59823 2
59824 1
59825 0
59826 1
59827 0
59828 1
59829 2
59830 0
59831 2
59832 0
59833 2
59834 0
59835 1
59836 0
59837 1
59838 2
59839 1
59840 0
59841 1
59842 2
59843 0
59844 1
59845 0
59846 1
59847 0
59848 1
59849 0
59850 1
59851 0
59852 1
59853 0
59854 1
59855 0
59856 1
59857 2
59858 0
59859 2
59860 1
59861 0
59862 2
59863 1
59864 0
59865 1
59866 0
59867 1
59868 0
59869 1
59870 0
59871 2
59872 0
59873 2
59874 1
59875 2
59876 0
59877 1
59878 2
59879 0
59880 1
59881 0
59882 1
59883 0
59884 1
59885 0
59886 1
59887 0
59888 1
59889 0
59890 1
59891 0
59892 2
59893 1
59894 0
59895 1
59896 2
59897 0
59898 1
59899 0
59900 1
59901 0
59902 1
59903 2
59904 0
59905 1
59906 0
59907 1
59908 0
59909 1
59910 2
59911 0
59912 2
59913 1
59914 2
59915 0
59916 1
59917 0
59918 1
59919 2
59920 0
59921 2
59922 1
59923 2
59924 1
59925 0
59926 1
59927 0
59928 1
59929 0
59930 1
59931 0
59932 1
59933 2
59934 0
59935 2
59936 1
59937 0
59938 2
59939 1
59940 0
59941 1
59942 0
59943 1
59944 2
59945 0
59946 1
59947 0
59948 1
59949 0
59950 2
59951 1
59952 0
59953 2
59954 1
59955 2
59956 0
59957 2
59958 0
59959 1
59960 2
59961 0
59962 1
59963 0
59964 1
59965 0
59966 2
59967 1
59968 0
59969 1
59970 0
59971 1
59972 2
59973 0
59974 1
59975 2
59976 1
59977 0
59978 1
59979 0
59980 1
59981 0
59982 2
59983 1
59984 2
59985 0
59986 2
59987 1
59988 2
59989 0
59990 1
59991 0
59992 1
59993 0
59994 1
59995 0
59996 1
59997 2
59998 1
59999 2
60000 0
60001 2
60002 1
60003 0
60004 1
60005 0
60006 1
60007 2
60008 0
60009 2
60010 0
60011 1
60012 0
60013 1
60014 0
60015 1
60016 2
60017 0
60018 1
60019 0
60020 2
60021 1
60022 2
60023 0
60024 1
60025 0
60026 1
60027 0
60028 1
60029 0
60030 1
60031 0
60032 1
60033 2
60034 1
60035 0
60036 1
60037 0
60038 1
60039 0
60040 2
60041 0
60042 1
60043 2
60044 0
60045 1
60046 2
60047 0
60048 1
60049 0
60050 2
60051 1
60052 0
60053 1
60054 0
60055 1
60056 0
60057 1
60058 0
60059 1
60060 0
60061 1
60062 0
60063 1
60064 0
60065 2
60066 0
60067 1
60068 0
60069 1
60070 0
60071 1
60072 0
60073 1
60074 2
60075 0
60076 1
60077 2
60078 1
60079 2
60080 0
60081 1
60082 2
60083 1
60084 2
60085 0
60086 1
60087 0
60088 1
60089 2
60090 0
60091 1
60092 2
60093 0
60094 1
60095 0
60096 1
60097 2
60098 1
60099 2
60100 0
60101 1
60102 2
60103 1
60104 2
60105 1
60106 0
60107 1
60108 0
60109 2
60110 1
60111 0
60112 1
60113 0
60114 1
60115 0
60116 2
60117 1
60118 2
60119 1
60120 2
60121 3
60122 0
60123 2
60124 1
60125 0
60126 1
60127 0
60128 2
60129 1
60130 0
60131 2
60132 1
60133 2
60134 1
60135 0
60136 1
60137 0
60138 2
60139 1
60140 2
60141 0
60142 1
60143 0
60144 1
60145 0
60146 1
60147 0
60148 1
60149 0
60150 1
60151 2
60152 0
60153 1
60154 0
60155 1
60156 2
60157 0
60158 1
60159 2
60160 0
60161 1
60162 0
60163 1
60164 2
60165 0
60166 2
60167 1
60168 0
60169 1
60170 2
60171 1
60172 0
60173 2
60174 1
60175 2
60176 0
60177 1
60178 0
60179 1
60180 0
60181 2
60182 1
60183 0
60184 1
60185 0
60186 1
60187 0
60188 2
60189 0
60190 2
60191 1
60192 0
60193 1
60194 0
60195 1
60196 0
60197 2
60198 1
60199 0
60200 1
60201 0
60202 1
60203 0
60204 1
60205 2
60206 0
60207 1
60208 0
60209 2
60210 1
60211 0
60212 2
60213 0
60214 1
60215 0
60216 1
60217 2
60218 0
60219 2
60220 1
60221 0
60222 1
60223 0
60224 2
60225 1
60226 0
60227 1
60228 0
60229 2
60230 1
60231 0
60232 1
60233 2
60234 0
60235 1
60236 0
60237 2
60238 1
60239 0
60240 2
60241 1
60242 0
60243 1
60244 0
60245 1
60246 0
60247 1
60248 0
60249 1
60250 0
60251 1
60252 2
60253 0
60254 1
60255 2
60256 1
60257 0
60258 1
60259 0
60260 1
60261 0
60262 1
60263 0
60264 2
60265 0
60266 2
60267 1
60268 0
60269 2
60270 0
60271 1
60272 0
60273 1
60274 0
60275 1
60276 0
60277 1
60278 2
60279 0
60280 1
60281 2
60282 0
60283 1
60284 2
60285 0
60286 1
60287 0
60288 1
60289 2
60290 0
60291 1
60292 0
60293 2
60294 1
60295 2
60296 0
60297 3
60298 1
60299 0
60300 1
60301 0
60302 1
60303 0
60304 1
60305 0
60306 1
60307 2
60308 0
60309 1
60310 2
60311 0
60312 1
60313 0
60314 1
60315 0
60316 1
60317 0
60318 2
60319 1
60320 2
60321 0
60322 2
60323 0
60324 1
60325 0
60326 1
60327 2
60328 0
60329 1
60330 0
60331 1
60332 0
60333 1
60334 0
60335 2
60336 0
60337 1
60338 0
60339 1
60340 0
60341 1
60342 0
60343 2
60344 0
60345 2
60346 0
60347 1
60348 2
60349 3
60350 1
60351 0
60352 1
60353 0
60354 1
60355 0
60356 2
60357 1
60358 0
60359 1
60360 0
60361 1
60362 2
60363 0
60364 1
60365 0
60366 2
60367 1
60368 2
60369 0
60370 1
60371 0
60372 1
60373 2
60374 0
60375 1
60376 0
60377 1
60378 0
60379 1
60380 0
60381 1
60382 0
60383 1
60384 0
60385 1
60386 0
60387 1
60388 0
60389 2
60390 1
60391 2
60392 1
60393 2
60394 0
60395 1
60396 0
60397 2
60398 1
60399 0
60400 1
60401 2
60402 0
60403 1
60404 0
60405 2
60406 0
60407 1
60408 2
60409 1
60410 0
60411 2
60412 1
60413 0
60414 1
60415 2
60416 1
60417 0
60418 2
60419 0
60420 1
60421 0
60422 2
60423 1
60424 0
60425 1
60426 2
60427 0
60428 1
60429 0
60430 1
60431 0
60432 1
60433 0
60434 1
60435 2
60436 0
60437 1
60438 2
60439 1
60440 0
60441 1
60442 0
60443 1
60444 0
60445 2
60446 1
60447 0
60448 1
60449 2
60450 0
60451 1
60452 0
60453 1
60454 2
60455 1
60456 2
60457 0
60458 1
60459 0
60460 1
60461 2
60462 1
60463 0
60464 3
60465 1
60466 2
60467 0
60468 2
60469 1
60470 3
60471 2
60472 1
60473 0
60474 1
60475 0
60476 1
60477 0
60478 1
60479 2
60480 1
60481 0
60482 1
60483 0
60484 2
60485 1
60486 2
60487 0
60488 1
60489 0
60490 1
60491 0
60492 2
60493 1
60494 0
60495 1
60496 0
60497 1
60498 0
60499 1
60500 0
60501 1
60502 0
60503 1
60504 2
60505 0
60506 1
60507 2
60508 0
60509 2
60510 1
60511 0
60512 2
60513 1
60514 0
60515 1
60516 0
60517 1
60518 2
60519 1
60520 0
60521 1
60522 2
60523 0
60524 2
60525 1
60526 0
60527 1
60528 2
60529 0
60530 1
60531 0
60532 1
60533 0
60534 2
60535 1
60536 0
60537 1
60538 2
60539 0
60540 1
60541 0
60542 1
60543 0
60544 2
60545 1
60546 2
60547 1
60548 0
60549 1
60550 0
60551 2
60552 3
60553 0
60554 1
60555 2
60556 0
60557 1
60558 0
60559 1
60560 2
60561 0
60562 1
60563 2
60564 1
60565 0
60566 1
60567 2
60568 0
60569 2
60570 1
60571 2
60572 1
60573 0
60574 1
60575 2
60576 1
60577 0
60578 1
60579 2
60580 0
60581 2
60582 1
60583 2
60584 1
60585 2
60586 0
60587 1
60588 2
60589 0
60590 2
60591 0
60592 1
60593 2
60594 0
60595 1
60596 0
60597 1
60598 0
60599 1
60600 0
60601 1
60602 0
60603 1
60604 0
60605 1
60606 0
60607 1
60608 2
60609 0
60610 2
60611 1
60612 2
60613 0
60614 1
60615 2
60616 0
60617 1
60618 2
60619 0
60620 1
60621 2
60622 3
60623 1
60624 0
60625 2
60626 1
60627 0
60628 1
60629 3
60630 2
60631 1
60632 0
60633 1
60634 0
60635 1
60636 0
60637 1
60638 0
60639 1
60640 0
60641 1
60642 2
60643 0
60644 1
60645 0
60646 1
60647 2
60648 0
60649 1
60650 2
60651 0
60652 2
60653 0
60654 1
60655 2
60656 0
60657 2
60658 1
60659 0
60660 2
60661 1
60662 2
60663 0
60664 1
60665 2
60666 1
60667 2
60668 0
60669 1
60670 0
60671 2
60672 1
60673 0
60674 1
60675 2
60676 0
60677 1
60678 0
60679 1
60680 0
60681 1
60682 0
60683 1
60684 0
60685 1
60686 2
60687 1
60688 2
60689 1
60690 2
60691 0
60692 1
60693 2
60694 1
60695 2
60696 0
60697 2
60698 0
60699 1
60700 0
60701 2
60702 0
60703 1
60704 2
60705 0
60706 1
60707 2
60708 1
60709 0
60710 1
60711 2
60712 0
60713 1
60714 0
60715 1
60716 0
60717 1
60718 0
60719 1
60720 0
60721 2
60722 1
60723 0
60724 1
60725 0
60726 2
60727 1
60728 0
60729 1
60730 0
60731 1
60732 0
60733 2
60734 1
60735 0
60736 1
60737 0
60738 1
60739 0
60740 1
60741 0
60742 2
60743 1
60744 0
60745 1
60746 2
60747 1
60748 0
60749 1
60750 2
60751 0
60752 1
60753 0
60754 1
60755 2
60756 1
60757 0
60758 1
60759 0
60760 1
60761 0
60762 1
60763 2
60764 0
60765 1
60766 0
60767 2
60768 1
60769 0
60770 1
60771 0
60772 1
60773 0
60774 1
60775 0
60776 1
60777 3
60778 2
60779 1
60780 0
60781 1
60782 2
60783 0
60784 1
60785 2
60786 1
60787 0
60788 1
60789 0
60790 1
60791 2
60792 0
60793 1
60794 2
60795 1
60796 2
60797 1
60798 0
60799 1
60800 2
60801 0
60802 2
60803 0
60804 1
60805 0
60806 2
60807 1
60808 0
60809 1
60810 0
60811 2
60812 0
60813 2
60814 1
60815 2
60816 3
60817 1
60818 0
60819 1
60820 2
60821 1
60822 0
60823 1
60824 2
60825 0
60826 2
60827 1
60828 0
60829 1
60830 0
60831 1
60832 2
60833 0
60834 2
60835 1
60836 2
60837 1
60838 0
60839 1
60840 0
60841 1
60842 0
60843 2
60844 1
60845 0
60846 1
60847 2
60848 0
60849 1
60850 0
60851 1
60852 2
60853 0
60854 1
60855 0
60856 2
60857 0
60858 1
60859 2
60860 0
60861 1
60862 2
60863 0
60864 1
60865 2
60866 0
60867 2
60868 1
60869 0
60870 1
60871 0
60872 2
60873 1
60874 2
60875 0
60876 1
60877 2
60878 1
60879 0
60880 1
60881 0
60882 1
60883 0
60884 1
60885 0
60886 2
60887 1
60888 0
60889 2
60890 1
60891 3
60892 2
60893 0
60894 1
60895 0
60896 1
60897 2
60898 0
60899 1
60900 0
60901 2
60902 1
60903 2
60904 0
60905 1
60906 2
60907 0
60908 1
60909 0
60910 2
60911 1
60912 2
60913 0
60914 1
60915 0
60916 1
60917 0
60918 1
60919 0
60920 1
60921 0
60922 2
60923 1
60924 2
60925 0
60926 1
60927 0
60928 1
60929 0
60930 1
60931 0
60932 2
60933 1
60934 0
60935 1
60936 2
60937 0
60938 1
60939 2
60940 0
60941 1
60942 0
60943 1
60944 0
60945 1
60946 0
60947 2
60948 1
60949 2
60950 0
60951 1
60952 0
60953 1
60954 2
60955 0
60956 1
60957 2
60958 1
60959 0
60960 1
60961 2
60962 0
60963 2
60964 0
60965 1
60966 0
60967 2
60968 1
60969 0
60970 1
60971 0
60972 2
60973 0
60974 2
60975 0
60976 1
60977 2
60978 0
60979 2
60980 0
60981 1
60982 2
60983 1
60984 0
60985 1
60986 0
60987 2
60988 1
60989 0
60990 1
60991 0
60992 2
60993 1
60994 3
60995 2
60996 1
60997 0
60998 1
60999 2
61000 1
61001 0
61002 1
61003 0
61004 1
61005 2
61006 1
61007 0
61008 1
61009 0
61010 1
61011 0
61012 1
61013 2
61014 0
61015 2
61016 1
61017 0
61018 1
61019 0
61020 1
61021 0
61022 1
61023 0
61024 1
61025 2
61026 0
61027 1
61028 0
61029 1
61030 2
61031 0
61032 2
61033 0
61034 2
61035 1
61036 2
61037 0
61038 2
61039 1
61040 2
61041 1
61042 2
61043 0
61044 2
61045 1
61046 0
61047 1
61048 2
61049 1
61050 0
61051 1
61052 0
61053 1
61054 0
61055 1
61056 2
61057 0
61058 1
61059 0
61060 1
61061 2
61062 0
61063 1
61064 0
61065 2
61066 1
61067 2
61068 0
61069 2
61070 0
61071 2
61072 1
61073 2
61074 0
61075 1
61076 0
61077 1
61078 0
61079 1
61080 0
61081 2
61082 1
61083 0
61084 1
61085 0
61086 1
61087 0
61088 1
61089 0
61090 2
61091 1
61092 0
61093 1
61094 0
61095 1
61096 0
61097 1
61098 2
61099 0
61100 1
61101 0
61102 2
61103 0
61104 1
61105 0
61106 2
61107 1
61108 0
61109 1
61110 0
61111 2
61112 1
61113 0
61114 1
61115 0
61116 1
61117 0
61118 1
61119 0
61120 1
61121 2
61122 1
61123 0
61124 1
61125 0
61126 2
61127 1
61128 0
61129 1
61130 0
61131 1
61132 2
61133 0
61134 1
61135 2
61136 0
61137 1
61138 0
61139 1
61140 2
61141 1
61142 2
61143 1
61144 0
61145 2
61146 1
61147 2
61148 0
61149 1
61150 0
61151 1
61152 2
61153 0
61154 1
61155 2
61156 1
61157 2
61158 1
61159 2
61160 0
61161 1
61162 2
61163 0
61164 1
61165 0
61166 1
61167 0
61168 1
61169 2
61170 0
61171 1
61172 0
61173 2
61174 1
61175 2
61176 0
61177 1
61178 2
61179 0
61180 1
61181 2
61182 0
61183 2
61184 0
61185 2
61186 3
61187 0
61188 1
61189 0
61190 1
61191 2
61192 0
61193 1
61194 0
61195 2
61196 0
61197 1
61198 0
61199 1
61200 0
61201 1
61202 0
61203 2
61204 1
61205 0
61206 1
61207 2
61208 0
61209 1
61210 0
61211 1
61212 0
61213 1
61214 0
61215 1
61216 2
61217 1
61218 2
61219 0
61220 1
61221 0
61222 1
61223 0
61224 2
61225 0
61226 1
61227 0
61228 1
61229 0
61230 1
61231 2
61232 1
61233 0
61234 2
61235 1
61236 2
61237 0
61238 1
61239 2
61240 1
61241 2
61242 0
61243 1
61244 0
61245 1
61246 2
61247 0
61248 1
61249 0
61250 1
61251 2
61252 0
61253 1
61254 2
61255 0
61256 1
61257 0
61258 1
61259 2
61260 0
61261 1
61262 2
61263 0
61264 1
61265 2
61266 0
61267 2
61268 1
61269 0
61270 1
61271 0
61272 2
61273 1
61274 2
61275 0
61276 2
61277 0
61278 1
61279 0
61280 1
61281 0
61282 1
61283 0
61284 2
61285 0
61286 2
61287 0
61288 2
61289 1
61290 2
61291 1
61292 0
61293 3
61294 2
61295 0
61296 2
61297 1
61298 0
61299 1
61300 0
61301 2
61302 0
61303 1
61304 2
61305 0
61306 2
61307 0
61308 1
61309 0
61310 1
61311 0
61312 1
61313 0
61314 1
61315 0
61316 1
61317 0
61318 1
61319 0
61320 2
61321 1
61322 0
61323 2
61324 0
61325 1
61326 0
61327 2
61328 1
61329 0
61330 1
61331 2
61332 0
61333 2
61334 1
61335 0
61336 1
61337 0
61338 1
61339 0
61340 1
61341 0
61342 1
61343 0
61344 1
61345 2
61346 0
61347 1
61348 0
61349 1
61350 0
61351 1
61352 0
61353 1
61354 0
61355 1
61356 2
61357 0
61358 2
61359 3
61360 0
61361 1
61362 2
61363 0
61364 2
61365 1
61366 2
61367 0
61368 1
61369 2
61370 1
61371 2
61372 1
61373 0
61374 1
61375 2
61376 0
61377 2
61378 0
61379 1
61380 0
61381 1
61382 0
61383 2
61384 0
61385 1
61386 0
61387 1
61388 2
61389 0
61390 1
61391 0
61392 1
61393 2
61394 0
61395 1
61396 0
61397 2
61398 0
61399 1
61400 2
61401 0
61402 2
61403 1
61404 2
61405 0
61406 2
61407 1
61408 2
61409 0
61410 1
61411 2
61412 0
61413 1
61414 0
61415 1
61416 0
61417 1
61418 0
61419 1
61420 2
61421 1
61422 2
61423 0
61424 1
61425 0
61426 1
61427 2
61428 0
61429 1
61430 0
61431 2
61432 0
61433 1
61434 0
61435 1
61436 0
61437 1
61438 2
61439 0
61440 1
61441 2
61442 0
61443 1
61444 2
61445 0
61446 1
61447 0
61448 1
61449 0
61450 2
61451 0
61452 1
61453 2
61454 0
61455 2
61456 1
61457 2
61458 0
61459 1
61460 0
61461 1
61462 0
61463 1
61464 0
61465 1
61466 2
61467 0
61468 2
61469 1
61470 0
61471 1
61472 0
61473 1
61474 0
61475 2
61476 0
61477 1
61478 2
61479 0
61480 1
61481 2
61482 0
61483 1
61484 0
61485 1
61486 0
61487 1
61488 0
61489 1
61490 2
61491 0
61492 1
61493 0
61494 1
61495 0
61496 1
61497 0
61498 1
61499 0
61500 1
61501 0
61502 1
61503 0
61504 1
61505 0
61506 1
61507 0
61508 1
61509 0
61510 2
61511 1
61512 0
61513 1
61514 0
61515 1
61516 0
61517 1
61518 0
61519 1
61520 0
61521 2
61522 1
61523 0
61524 1
61525 0
61526 2
61527 1
61528 0
61529 2
61530 1
61531 2
61532 0
61533 2
61534 1
61535 0
61536 1
61537 2
61538 0
61539 1
61540 0
61541 2
61542 1
61543 0
61544 1
61545 2
61546 0
61547 2
61548 1
61549 0
61550 1
61551 0
61552 1
61553 0
61554 2
61555 1
61556 0
61557 2
61558 0
61559 1
61560 0
61561 2
61562 1
61563 0
61564 1
61565 0
61566 1
61567 0
61568 1
61569 2
61570 0
61571 2
61572 0
61573 2
61574 1
61575 0
61576 1
61577 2
61578 1
61579 0
61580 2
61581 1
61582 2
61583 1
61584 2
61585 1
61586 0
61587 2
61588 1
61589 0
61590 1
61591 0
61592 2
61593 1
61594 2
61595 1
61596 0
61597 1
61598 0
61599 1
61600 0
61601 2
61602 1
61603 0
61604 1
61605 0
61606 1
61607 0
61608 1
61609 0
61610 1
61611 0
61612 1
61613 2
61614 0
61615 2
61616 1
61617 2
61618 0
61619 2
61620 1
61621 2
61622 0
61623 1
61624 2
61625 1
61626 2
61627 1
61628 0
61629 1
61630 2
61631 0
61632 1
61633 0
61634 1
61635 0
61636 2
61637 1
61638 2
61639 0
61640 1
61641 2
61642 1
61643 0
61644 1
61645 0
61646 1
61647 0
61648 1
61649 0
61650 1
61651 2
61652 0
61653 2
61654 1
61655 2
61656 0
61657 1
61658 0
61659 1
61660 0
61661 1
61662 2
61663 0
61664 2
61665 0
61666 2
61667 1
61668 0
61669 1
61670 0
61671 2
61672 1
61673 0
61674 1
61675 2
61676 1
61677 2
61678 0
61679 1
61680 0
61681 1
61682 0
61683 1
61684 2
61685 0
61686 1
61687 0
61688 1
61689 0
61690 1
61691 2
61692 0
61693 1
61694 0
61695 1
61696 2
61697 0
61698 1
61699 0
61700 1
61701 0
61702 2
61703 0
61704 1
61705 0
61706 2
61707 1
61708 0
61709 1
61710 2
61711 1
61712 0
61713 1
61714 2
61715 1
61716 0
61717 1
61718 0
61719 1
61720 2
61721 1
61722 0
61723 2
61724 1
61725 2
61726 0
61727 1
61728 3
61729 2
61730 1
61731 0
61732 2
61733 1
61734 0
61735 2
61736 1
61737 0
61738 1
61739 0
61740 1
61741 0
61742 1
61743 0
61744 1
61745 2
61746 1
61747 0
61748 1
61749 0
61750 1
61751 0
61752 1
61753 0
61754 1
61755 0
61756 2
61757 1
61758 2
61759 0
61760 1
61761 0
61762 2
61763 0
61764 1
61765 2
61766 0
61767 1
61768 0
61769 1
61770 0
61771 2
61772 0
61773 1
61774 0
61775 1
61776 2
61777 0
61778 2
61779 0
61780 2
61781 1
61782 2
61783 1
61784 2
61785 0
61786 1
61787 2
61788 0
61789 1
61790 0
61791 2
61792 1
61793 0
61794 1
61795 0
61796 1
61797 0
61798 2
61799 1
61800 0
61801 1
61802 0
61803 2
61804 1
61805 2
61806 0
61807 1
61808 0
61809 2
61810 1
61811 0
61812 1
61813 0
61814 2
61815 1
61816 0
61817 1
61818 2
61819 1
61820 0
61821 1
61822 0
61823 1
61824 2
61825 0
61826 2
61827 1
61828 0
61829 2
61830 1
61831 0
61832 1
61833 2
61834 1
61835 0
61836 1
61837 2
61838 1
61839 0
61840 1
61841 0
61842 1
61843 0
61844 2
61845 1
61846 0
61847 1
61848 2
61849 0
61850 2
61851 0
61852 1
61853 0
61854 1
61855 0
61856 1
61857 2
61858 0
61859 1
61860 0
61861 1
61862 0
61863 1
61864 0
61865 1
61866 0
61867 1
61868 2
61869 0
61870 1
61871 0
61872 1
61873 0
61874 1
61875 2
61876 0
61877 2
61878 1
61879 0
61880 1
61881 0
61882 1
61883 0
61884 1
61885 0
61886 1
61887 0
61888 1
61889 2
61890 0
61891 2
61892 1
61893 2
61894 1
61895 0
61896 1
61897 2
61898 1
61899 0
61900 2
61901 0
61902 1
61903 0
61904 1
61905 0
61906 2
61907 1
61908 2
61909 0
61910 1
61911 0
61912 2
61913 0
61914 1
61915 2
61916 0
61917 1
61918 2
61919 0
61920 2
61921 1
61922 3
61923 1
61924 0
61925 1
61926 2
61927 0
61928 1
61929 2
61930 1
61931 2
61932 0
61933 1
61934 2
61935 0
61936 2
61937 1
61938 2
61939 0
61940 1
61941 0
61942 1
61943 2
61944 0
61945 1
61946 0
61947 1
61948 0
61949 2
61950 1
61951 2
61952 0
61953 1
61954 0
61955 1
61956 0
61957 1
61958 0
61959 2
61960 0
61961 1
61962 2
61963 0
61964 1
61965 2
61966 0
61967 1
61968 0
61969 2
61970 1
61971 0
61972 1
61973 2
61974 0
61975 1
61976 0
61977 1
61978 0
61979 1
61980 0
61981 1
61982 2
61983 1
61984 0
61985 1
61986 0
61987 1
61988 0
61989 2
61990 1
61991 2
61992 1
61993 0
61994 1
61995 2
61996 0
61997 1
61998 2
61999 0
62000 1
62001 0
62002 1
62003 0
62004 2
62005 0
62006 2
62007 1
62008 0
62009 1
62010 0
62011 2
62012 1
62013 2
62014 1
62015 0
62016 1
62017 0
62018 1
62019 2
62020 0
62021 1
62022 0
62023 2
62024 1
62025 0
62026 2
62027 1
62028 0
62029 1
62030 0
62031 1
62032 0
62033 2
62034 1
62035 0
62036 1
62037 2
62038 0
62039 1
62040 0
62041 2
62042 1
62043 2
62044 1
62045 2
62046 0
62047 1
62048 0
62049 2
62050 1
62051 0
62052 1
62053 0
62054 1
62055 0
62056 1
62057 0
62058 1
62059 2
62060 0
62061 2
62062 1
62063 0
62064 1
62065 0
62066 1
62067 2
62068 1
62069 0
62070 1
62071 0
62072 2
62073 1
62074 2
62075 0
62076 1
62077 2
62078 0
62079 1
62080 0
62081 1
62082 0
62083 1
62084 2
62085 0
62086 2
62087 0
62088 1
62089 0
62090 1
62091 2
62092 0
62093 2
62094 0
62095 2
62096 1
62097 2
62098 0
62099 1
62100 0
62101 2
62102 1
62103 2
62104 0
62105 1
62106 2
62107 1
62108 0
62109 2
62110 1
62111 0
62112 1
62113 0
62114 2
62115 1
62116 0
62117 1
62118 2
62119 0
62120 2
62121 1
62122 0
62123 1
62124 2
62125 0
62126 1
62127 0
62128 2
62129 0
62130 1
62131 0
62132 1
62133 0
62134 2
62135 1
62136 0
62137 2
62138 0
62139 1
62140 0
62141 2
62142 1
62143 0
62144 2
62145 1
62146 0
62147 2
62148 1
62149 0
62150 1
62151 0
62152 1
62153 0
62154 1
62155 0
62156 2
62157 1
62158 2
62159 0
62160 1
62161 0
62162 1
62163 0
62164 1
62165 2
62166 0
62167 1
62168 0
62169 1
62170 0
62171 1
62172 2
62173 1
62174 2
62175 0
62176 1
62177 0
62178 1
62179 2
62180 0
62181 1
62182 2
62183 0
62184 1
62185 0
62186 1
62187 0
62188 1
62189 2
62190 0
62191 1
62192 0
62193 2
62194 1
62195 2
62196 1
62197 0
62198 2
62199 1
62200 0
62201 1
62202 2
62203 0
62204 2
62205 1
62206 0
62207 1
62208 0
62209 1
62210 2
62211 1
62212 0
62213 1
62214 0
62215 1
62216 2
62217 0
62218 1
62219 0
62220 1
62221 2
62222 3
62223 0
62224 1
62225 0
62226 1
62227 0
62228 1
62229 2
62230 1
62231 0
62232 1
62233 0
62234 2
62235 1
62236 0
62237 1
62238 0
62239 1
62240 2
62241 1
62242 0
62243 1
62244 0
62245 1
62246 2
62247 0
62248 1
62249 0
62250 1
62251 2
62252 1
62253 0
62254 1
62255 0
62256 1
62257 2
62258 0
62259 1
62260 0
62261 1
62262 0
62263 2
62264 1
62265 0
62266 1
62267 0
62268 1
62269 0
62270 1
62271 0
62272 1
62273 0
62274 1
62275 2
62276 0
62277 1
62278 2
62279 1
62280 2
62281 0
62282 1
62283 0
62284 1
62285 0
62286 3
62287 2
62288 0
62289 1
62290 0
62291 1
62292 0
62293 2
62294 1
62295 0
62296 1
62297 0
62298 1
62299 0
62300 2
62301 1
62302 2
62303 0
62304 2
62305 1
62306 0
62307 1
62308 0
62309 1
62310 0
62311 1
62312 0
62313 1
62314 0
62315 1
62316 0
62317 2
62318 1
62319 0
62320 1
62321 0
62322 1
62323 0
62324 1
62325 0
62326 1
62327 0
62328 3
62329 2
62330 0
62331 1
62332 0
62333 2
62334 1
62335 0
62336 2
62337 1
62338 0
62339 1
62340 0
62341 1
62342 0
62343 1
62344 2
62345 0
62346 1
62347 0
62348 1
62349 0
62350 1
62351 2
62352 0
62353 1
62354 0
62355 1
62356 0
62357 1
62358 0
62359 1
62360 0
62361 1
62362 0
62363 1
62364 2
62365 0
62366 2
62367 1
62368 0
62369 1
62370 2
62371 0
62372 3
62373 2
62374 0
62375 2
62376 1
62377 0
62378 1
62379 2
62380 0
62381 1
62382 0
62383 1
62384 0
62385 1
62386 0
62387 1
62388 0
62389 1
62390 2
62391 0
62392 1
62393 0
62394 1
62395 2
62396 0
62397 2
62398 1
62399 0
62400 2
62401 1
62402 0
62403 2
62404 1
62405 0
62406 1
62407 0
62408 2
62409 1
62410 0
62411 1
62412 0
62413 1
62414 0
62415 2
62416 1
62417 2
62418 0
62419 2
62420 1
62421 0
62422 1
62423 0
62424 1
62425 0
62426 2
62427 1
62428 2
62429 0
62430 1
62431 2
62432 0
62433 1
62434 0
62435 1
62436 0
62437 1
62438 0
62439 1
62440 0
62441 1
62442 2
62443 0
62444 2
62445 0
62446 1
62447 0
62448 1
62449 0
62450 2
62451 1
62452 2
62453 0
62454 2
62455 1
62456 2
62457 0
62458 1
62459 2
62460 0
62461 1
62462 0
62463 2
62464 1
62465 2
62466 0
62467 1
62468 0
62469 1
62470 0
62471 2
62472 1
62473 0
62474 1
62475 0
62476 2
62477 1
62478 2
62479 0
62480 1
62481 2
62482 0
62483 1
62484 0
62485 2
62486 1
62487 0
62488 1
62489 0
62490 1
62491 0
62492 2
62493 1
62494 0
62495 2
62496 1
62497 0
62498 1
62499 0
62500 1
62501 2
62502 0
62503 1
62504 0
62505 2
62506 1
62507 0
62508 1
62509 0
62510 1
62511 0
62512 2
62513 1
62514 2
62515 1
62516 2
62517 0
62518 2
62519 1
62520 3
62521 2
62522 1
62523 2
62524 0
62525 2
62526 0
62527 2
62528 0
62529 2
62530 0
62531 1
62532 0
62533 1
62534 2
62535 0
62536 1
62537 2
62538 0
62539 1
62540 0
62541 1
62542 0
62543 1
62544 0
62545 1
62546 0
62547 1
62548 0
62549 1
62550 0
62551 1
62552 2
62553 0
62554 2
62555 1
62556 2
62557 0
62558 1
62559 0
62560 1
62561 0
62562 1
62563 0
62564 2
62565 1
62566 3
62567 0
62568 1
62569 0
62570 1
62571 2
62572 0
62573 1
62574 0
62575 1
62576 0
62577 1
62578 2
62579 0
62580 2
62581 1
62582 2
62583 0
62584 1
62585 0
62586 1
62587 0
62588 1
62589 0
62590 1
62591 2
62592 1
62593 0
62594 1
62595 0
62596 1
62597 0
62598 1
62599 0
62600 1
62601 0
62602 1
62603 0
62604 1
62605 0
62606 1
62607 2
62608 1
62609 0
62610 2
62611 1
62612 0
62613 1
62614 2
62615 0
62616 1
62617 2
62618 0
62619 1
62620 0
62621 1
62622 0
62623 2
62624 1
62625 2
62626 0
62627 1
62628 0
62629 1
62630 2
62631 0
62632 1
62633 2
62634 1
62635 2
62636 0
62637 1
62638 0
62639 1
62640 2
62641 0
62642 1
62643 0
62644 1
62645 0
62646 1
62647 0
62648 1
62649 0
62650 1
62651 0
62652 1
62653 2
62654 0
62655 2
62656 1
62657 0
62658 1
62659 0
62660 1
62661 2
62662 0
62663 1
62664 0
62665 2
62666 1
62667 2
62668 1
62669 0
62670 2
62671 1
62672 2
62673 1
62674 2
62675 0
62676 2
62677 1
62678 0
62679 1
62680 0
62681 2
62682 1
62683 2
62684 0
62685 1
62686 2
62687 0
62688 1
62689 0
62690 1
62691 2
62692 0
62693 2
62694 1
62695 0
62696 1
62697 0
62698 1
62699 0
62700 2
62701 1
62702 2
62703 0
62704 2
62705 0
62706 1
62707 2
62708 1
62709 0
62710 2
62711 1
62712 0
62713 1
62714 2
62715 0
62716 1
62717 0
62718 1
62719 2
62720 1
62721 0
62722 1
62723 2
62724 0
62725 1
62726 0
62727 1
62728 0
62729 1
62730 0
62731 1
62732 0
62733 1
62734 0
62735 1
62736 2
62737 1
62738 0
62739 1
62740 2
62741 0
62742 1
62743 0
62744 1
62745 2
62746 0
62747 1
62748 0
62749 1
62750 2
62751 3
62752 0
62753 1
62754 0
62755 1
62756 0
62757 2
62758 1
62759 2
62760 0
62761 1
62762 0
62763 1
62764 2
62765 0
62766 2
62767 1
62768 0
62769 1
62770 2
62771 1
62772 0
62773 2
62774 1
62775 2
62776 0
62777 2
62778 0
62779 1
62780 0
62781 1
62782 0
62783 1
62784 0
62785 1
62786 0
62787 1
62788 0
62789 2
62790 1
62791 2
62792 1
62793 2
62794 1
62795 0
62796 1
62797 0
62798 1
62799 2
62800 1
62801 2
62802 0
62803 1
62804 0
62805 2
62806 1
62807 0
62808 2
62809 1
62810 0
62811 1
62812 2
62813 1
62814 0
62815 1
62816 2
62817 1
62818 0
62819 1
62820 2
62821 1
62822 0
62823 1
62824 2
62825 0
62826 1
62827 0
62828 2
62829 1
62830 2
62831 0
62832 1
62833 0
62834 1
62835 2
62836 0
62837 2
62838 1
62839 0
62840 2
62841 1
62842 0
62843 1
62844 0
62845 1
62846 0
62847 1
62848 2
62849 0
62850 2
62851 1
62852 0
62853 1
62854 2
62855 1
62856 0
62857 1
62858 0
62859 2
62860 1
62861 0
62862 1
62863 0
62864 2
62865 0
62866 1
62867 2
62868 0
62869 1
62870 0
62871 2
62872 1
62873 0
62874 1
62875 2
62876 0
62877 1
62878 2
62879 0
62880 1
62881 2
62882 0
62883 2
62884 1
62885 0
62886 2
62887 1
62888 0
62889 2
62890 0
62891 1
62892 2
62893 1
62894 0
62895 1
62896 0
62897 2
62898 1
62899 2
62900 1
62901 2
62902 0
62903 1
62904 0
62905 1
62906 0
62907 2
62908 1
62909 0
62910 1
62911 0
62912 2
62913 1
62914 2
62915 1
62916 0
62917 1
62918 0
62919 2
62920 1
62921 2
62922 3
62923 1
62924 0
62925 1
62926 0
62927 1
62928 2
62929 0
62930 1
62931 0
62932 1
62933 2
62934 1
62935 0
62936 2
62937 1
62938 0
62939 2
62940 1
62941 0
62942 1
62943 0
62944 1
62945 0
62946 1
62947 0
62948 1
62949 0
62950 2
62951 1
62952 0
62953 1
62954 0
62955 1
62956 0
62957 1
62958 2
62959 0
62960 1
62961 2
62962 0
62963 1
62964 0
62965 2
62966 0
62967 2
62968 1
62969 0
62970 1
62971 0
62972 1
62973 0
62974 1
62975 0
62976 2
62977 1
62978 0
62979 1
62980 2
62981 1
62982 0
62983 2
62984 1
62985 0
62986 1
62987 2
62988 0
62989 2
62990 1
62991 0
62992 1
62993 2
62994 1
62995 0
62996 1
62997 2
62998 0
62999 1
63000 2
63001 0
63002 1
63003 0
63004 1
63005 2
63006 0
63007 2
63008 1
63009 0
63010 2
63011 1
63012 0
63013 1
63014 2
63015 1
63016 2
63017 0
63018 1
63019 2
63020 0
63021 1
63022 0
63023 1
63024 2
63025 0
63026 1
63027 2
63028 1
63029 2
63030 0
63031 2
63032 1
63033 2
63034 1
63035 0
63036 1
63037 0
63038 1
63039 0
63040 1
63041 2
63042 1
63043 2
63044 0
63045 1
63046 0
63047 1
63048 0
63049 2
63050 1
63051 2
63052 0
63053 1
63054 2
63055 0
63056 1
63057 2
63058 0
63059 1
63060 0
63061 1
63062 0
63063 1
63064 0
63065 1
63066 2
63067 0
63068 1
63069 0
63070 1
63071 0
63072 1
63073 0
63074 1
63075 2
63076 0
63077 1
63078 2
63079 0
63080 1
63081 2
63082 0
63083 2
63084 0
63085 1
63086 0
63087 2
63088 1
63089 2
63090 0
63091 2
63092 1
63093 0
63094 2
63095 1
63096 0
63097 1
63098 2
63099 1
63100 2
63101 0
63102 1
63103 2
63104 1
63105 0
63106 1
63107 0
63108 1
63109 2
63110 0
63111 1
63112 0
63113 1
63114 0
63115 1
63116 0
63117 1
63118 2
63119 0
63120 2
63121 1
63122 0
63123 1
63124 2
63125 0
63126 1
63127 0
63128 2
63129 0
63130 1
63131 0
63132 1
63133 0
63134 2
63135 0
63136 1
63137 2
63138 0
63139 1
63140 0
63141 2
63142 1
63143 2
63144 1
63145 0
63146 2
63147 0
63148 1
63149 0
63150 1
63151 0
63152 1
63153 2
63154 0
63155 1
63156 0
63157 2
63158 0
63159 1
63160 2
63161 1
63162 0
63163 2
63164 1
63165 2
63166 0
63167 1
63168 0
63169 1
63170 0
63171 1
63172 0
63173 1
63174 0
63175 1
63176 0
63177 1
63178 0
63179 1
63180 0
63181 1
63182 2
63183 0
63184 1
63185 2
63186 1
63187 0
63188 1
63189 0
63190 1
63191 0
63192 1
63193 2
63194 0
63195 1
63196 0
63197 1
63198 0
63199 1
63200 2
63201 0
63202 1
63203 0
63204 1
63205 0
63206 1
63207 2
63208 1
63209 0
63210 1
63211 0
63212 1
63213 0
63214 1
63215 2
63216 1
63217 2
63218 1
63219 2
63220 0
63221 1
63222 0
63223 1
63224 2
63225 0
63226 2
63227 0
63228 2
63229 1
63230 0
63231 1
63232 0
63233 2
63234 1
63235 0
63236 1
63237 2
63238 0
63239 2
63240 1
63241 2
63242 0
63243 1
63244 0
63245 1
63246 2
63247 0
63248 1
63249 2
63250 0
63251 2
63252 0
63253 1
63254 2
63255 1
63256 0
63257 2
63258 1
63259 0
63260 1
63261 0
63262 1
63263 0
63264 1
63265 2
63266 0
63267 2
63268 1
63269 2
63270 1
63271 0
63272 1
63273 0
63274 2
63275 0
63276 1
63277 3
63278 2
63279 1
63280 0
63281 2
63282 1
63283 0
63284 1
63285 2
63286 0
63287 2
63288 1
63289 2
63290 1
63291 0
63292 2
63293 1
63294 0
63295 1
63296 2
63297 0
63298 2
63299 0
63300 1
63301 0
63302 2
63303 1
63304 2
63305 0
63306 1
63307 0
63308 1
63309 2
63310 1
63311 2
63312 0
63313 1
63314 0
63315 1
63316 0
63317 1
63318 0
63319 2
63320 1
63321 0
63322 1
63323 0
63324 2
63325 0
63326 1
63327 0
63328 1
63329 0
63330 1
63331 0
63332 1
63333 2
63334 0
63335 1
63336 0
63337 2
63338 1
63339 0
63340 1
63341 0
63342 1
63343 2
63344 1
63345 2
63346 0
63347 1
63348 2
63349 0
63350 1
63351 0
63352 1
63353 0
63354 1
63355 0
63356 1
63357 2
63358 0
63359 1
63360 0
63361 1
63362 2
63363 3
63364 0
63365 1
63366 0
63367 1
63368 0
63369 2
63370 1
63371 0
63372 2
63373 1
63374 0
63375 1
63376 2
63377 0
63378 1
63379 0
63380 2
63381 1
63382 0
63383 1
63384 2
63385 1
63386 2
63387 0
63388 2
63389 1
63390 2
63391 1
63392 2
63393 1
63394 0
63395 1
63396 2
63397 0
63398 1
63399 2
63400 0
63401 1
63402 3
63403 0
63404 2
63405 0
63406 1
63407 0
63408 1
63409 2
63410 3
63411 1
63412 2
63413 1
63414 0
63415 2
63416 1
63417 0
63418 1
63419 0
63420 1
63421 0
63422 1
63423 2
63424 0
63425 1
63426 0
63427 1
63428 2
63429 0
63430 1
63431 0
63432 2
63433 1
63434 0
63435 1
63436 0
63437 2
63438 1
63439 0
63440 2
63441 1
63442 0
63443 2
63444 1
63445 0
63446 1
63447 0
63448 1
63449 2
63450 0
63451 1
63452 2
63453 0
63454 1
63455 2
63456 1
63457 0
63458 1
63459 2
63460 0
63461 1
63462 2
63463 0
63464 1
63465 0
63466 2
63467 0
63468 1
63469 0
63470 2
63471 1
63472 0
63473 1
63474 2
63475 3
63476 0
63477 1
63478 0
63479 1
63480 2
63481 0
63482 1
63483 2
63484 0
63485 2
63486 0
63487 1
63488 0
63489 2
63490 1
63491 3
63492 0
63493 1
63494 0
63495 1
63496 0
63497 2
63498 1
63499 0
63500 2
63501 0
63502 1
63503 2
63504 0
63505 1
63506 0
63507 1
63508 0
63509 1
63510 2
63511 0
63512 1
63513 2
63514 3
63515 2
63516 1
63517 2
63518 0
63519 1
63520 0
63521 1
63522 0
63523 1
63524 0
63525 1
63526 0
63527 2
63528 1
63529 2
63530 0
63531 1
63532 2
63533 0
63534 1
63535 0
63536 1
63537 0
63538 1
63539 0
63540 1
63541 0
63542 1
63543 0
63544 1
63545 0
63546 1
63547 2
63548 1
63549 0
63550 1
63551 0
63552 1
63553 0
63554 2
63555 0
63556 1
63557 0
63558 2
63559 1
63560 2
63561 0
63562 1
63563 0
63564 2
63565 1
63566 0
63567 1
63568 0
63569 1
63570 2
63571 1
63572 2
63573 0
63574 1
63575 0
63576 1
63577 0
63578 1
63579 0
63580 1
63581 2
63582 0
63583 1
63584 2
63585 0
63586 1
63587 0
63588 2
63589 1
63590 0
63591 1
63592 0
63593 1
63594 0
63595 1
63596 0
63597 1
63598 0
63599 2
63600 1
63601 2
63602 0
63603 1
63604 0
63605 2
63606 1
63607 2
63608 1
63609 0
63610 1
63611 2
63612 0
63613 1
63614 2
63615 0
63616 1
63617 0
63618 1
63619 2
63620 0
63621 2
63622 0
63623 1
63624 0
63625 1
63626 0
63627 1
63628 2
63629 1
63630 0
63631 1
63632 0
63633 1
63634 0
63635 1
63636 0
63637 1
63638 2
63639 1
63640 0
63641 2
63642 1
63643 2
63644 0
63645 1
63646 0
63647 2
63648 1
63649 0
63650 2
63651 1
63652 0
63653 2
63654 0
63655 1
63656 2
63657 1
63658 2
63659 1
63660 0
63661 1
63662 0
63663 1
63664 2
63665 0
63666 1
63667 0
63668 1
63669 0
63670 1
63671 2
63672 1
63673 0
63674 1
63675 0
63676 1
63677 0
63678 1
63679 0
63680 1
63681 0
63682 1
63683 0
63684 1
63685 0
63686 1
63687 0
63688 1
63689 0
63690 1
63691 0
63692 1
63693 0
63694 1
63695 0
63696 1
63697 0
63698 2
63699 0
63700 1
63701 0
63702 2
63703 1
63704 0
63705 1
63706 0
63707 1
63708 0
63709 1
63710 2
63711 0
63712 1
63713 0
63714 2
63715 0
63716 1
63717 2
63718 0
63719 1
63720 0
63721 2
63722 1
63723 0
63724 1
63725 0
63726 2
63727 0
63728 2
63729 1
63730 2
63731 0
63732 1
63733 0
63734 2
63735 3
63736 1
63737 2
63738 0
63739 1
63740 0
63741 1
63742 0
63743 2
63744 1
63745 0
63746 2
63747 1
63748 0
63749 1
63750 0
63751 1
63752 0
63753 1
63754 0
63755 1
63756 0
63757 1
63758 0
63759 1
63760 0
63761 1
63762 0
63763 1
63764 0
63765 1
63766 2
63767 0
63768 1
63769 0
63770 1
63771 2
63772 1
63773 2
63774 0
63775 1
63776 2
63777 1
63778 0
63779 1
63780 2
63781 0
63782 2
63783 1
63784 0
63785 1
63786 2
63787 1
63788 0
63789 1
63790 0
63791 1
63792 0
63793 1
63794 0
63795 1
63796 0
63797 1
63798 0
63799 1
63800 0
63801 2
63802 1
63803 2
63804 0
63805 1
63806 2
63807 0
63808 2
63809 0
63810 2
63811 0
63812 1
63813 2
63814 0
63815 1
63816 2
63817 0
63818 1
63819 2
63820 1
63821 0
63822 1
63823 2
63824 0
63825 1
63826 2
63827 1
63828 0
63829 1
63830 2
63831 1
63832 0
63833 1
63834 0
63835 1
63836 0
63837 2
63838 1
63839 0
63840 1
63841 0
63842 1
63843 0
63844 1
63845 2
63846 0
63847 2
63848 0
63849 1
63850 0
63851 1
63852 0
63853 2
63854 1
63855 2
63856 0
63857 2
63858 1
63859 0
63860 1
63861 0
63862 1
63863 0
63864 2
63865 0
63866 1
63867 0
63868 1
63869 0
63870 1
63871 0
63872 1
63873 0
63874 1
63875 0
63876 2
63877 1
63878 0
63879 1
63880 0
63881 2
63882 1
63883 0
63884 2
63885 1
63886 2
63887 0
63888 1
63889 0
63890 2
63891 1
63892 0
63893 1
63894 0
63895 1
63896 0
63897 1
63898 0
63899 1
63900 0
63901 2
63902 1
63903 0
63904 1
63905 2
63906 0
63907 1
63908 0
63909 2
63910 1
63911 0
63912 1
63913 2
63914 0
63915 1
63916 0
63917 1
63918 0
63919 1
63920 2
63921 0
63922 1
63923 2
63924 0
63925 1
63926 2
63927 0
63928 1
63929 0
63930 1
63931 2
63932 0
63933 2
63934 0
63935 2
63936 0
63937 1
63938 0
63939 2
63940 3
63941 1
63942 0
63943 1
63944 0
63945 2
63946 1
63947 0
63948 1
63949 0
63950 1
63951 2
63952 0
63953 1
63954 0
63955 2
63956 0
63957 2
63958 1
63959 2
63960 1
63961 0
63962 2
63963 0
63964 1
63965 2
63966 0
63967 2
63968 1
63969 2
63970 0
63971 2
63972 1
63973 0
63974 1
63975 0
63976 1
63977 0
63978 1
63979 0
63980 1
63981 0
63982 1
63983 2
63984 1
63985 0
63986 2
63987 1
63988 0
63989 1
63990 0
63991 1
63992 0
63993 2
63994 1
63995 2
63996 0
63997 2
63998 0
63999 1
64000 0
64001 1
64002 2
64003 1
64004 0
64005 2
64006 1
64007 0
64008 1
64009 0
64010 1
64011 0
64012 1
64013 0
64014 1
64015 0
64016 1
64017 0
64018 1
64019 0
64020 2
64021 1
64022 2
64023 0
64024 1
64025 0
64026 1
64027 0
64028 1
64029 0
64030 1
64031 0
64032 1
64033 0
64034 1
64035 0
64036 1
64037 0
64038 1
64039 2
64040 0
64041 1
64042 0
64043 1
64044 0
64045 1
64046 0
64047 2
64048 1
64049 2
64050 0
64051 1
64052 0
64053 1
64054 0
64055 1
64056 2
64057 0
64058 1
64059 0
64060 2
64061 1
64062 0
64063 2
64064 1
64065 2
64066 0
64067 1
64068 0
64069 1
64070 0
64071 2
64072 0
64073 2
64074 1
64075 0
64076 2
64077 1
64078 0
64079 1
64080 0
64081 2
64082 0
64083 1
64084 0
64085 2
64086 1
64087 0
64088 1
64089 0
64090 1
64091 2
64092 0
64093 1
64094 2
64095 0
64096 1
64097 0
64098 2
64099 1
64100 2
64101 0
64102 1
64103 0
64104 1
64105 0
64106 2
64107 1
64108 0
64109 1
64110 0
64111 1
64112 0
64113 1
64114 2
64115 0
64116 1
64117 0
64118 2
64119 1
64120 0
64121 2
64122 1
64123 2
64124 0
64125 1
64126 0
64127 1
64128 2
64129 0
64130 2
64131 1
64132 2
64133 0
64134 1
64135 0
64136 3
64137 2
64138 0
64139 1
64140 0
64141 1
64142 0
64143 1
64144 2
64145 0
64146 1
64147 0
64148 2
64149 1
64150 2
64151 0
64152 1
64153 2
64154 0
64155 1
64156 2
64157 0
64158 2
64159 1
64160 2
64161 0
64162 1
64163 0
64164 1
64165 2
64166 1
64167 0
64168 2
64169 0
64170 2
64171 1
64172 2
64173 0
64174 1
64175 0
64176 1
64177 0
64178 1
64179 0
64180 1
64181 2
64182 1
64183 0
64184 1
64185 0
64186 2
64187 1
64188 0
64189 1
64190 2
64191 0
64192 1
64193 0
64194 1
64195 2
64196 1
64197 0
64198 2
64199 1
64200 2
64201 0
64202 1
64203 2
64204 0
64205 1
64206 2
64207 0
64208 1
64209 0
64210 1
64211 0
64212 1
64213 2
64214 1
64215 0
64216 2
64217 1
64218 0
64219 2
64220 0
64221 1
64222 0
64223 1
64224 0
64225 1
64226 2
64227 1
64228 2
64229 0
64230 1
64231 0
64232 2
64233 1
64234 2
64235 1
64236 0
64237 1
64238 0
64239 1
64240 2
64241 1
64242 0
64243 2
64244 1
64245 0
64246 1
64247 0
64248 1
64249 0
64250 1
64251 0
64252 1
64253 0
64254 1
64255 0
64256 2
64257 1
64258 0
64259 2
64260 1
64261 2
64262 0
64263 1
64264 2
64265 0
64266 1
64267 0
64268 2
64269 1
64270 0
64271 1
64272 2
64273 0
64274 1
64275 2
64276 0
64277 1
64278 2
64279 0
64280 2
64281 1
64282 0
64283 2
64284 1
64285 2
64286 0
64287 2
64288 1
64289 0
64290 2
64291 0
64292 1
64293 0
64294 2
64295 0
64296 2
64297 1
64298 2
64299 0
64300 2
64301 1
64302 0
64303 1
64304 0
64305 1
64306 0
64307 1
64308 0
64309 1
64310 0
64311 1
64312 2
64313 0
64314 1
64315 0
64316 1
64317 0
64318 1
64319 0
64320 1
64321 0
64322 1
64323 0
64324 1
64325 2
64326 1
64327 2
64328 1
64329 0
64330 1
64331 0
64332 2
64333 0
64334 1
64335 2
64336 0
64337 1
64338 0
64339 2
64340 1
64341 2
64342 0
64343 1
64344 2
64345 1
64346 2
64347 0
64348 1
64349 0
64350 1
64351 0
64352 2
64353 1
64354 0
64355 2
64356 1
64357 0
64358 2
64359 1
64360 2
64361 3
64362 0
64363 1
64364 2
64365 1
64366 2
64367 0
64368 1
64369 2
64370 0
64371 1
64372 0
64373 1
64374 2
64375 1
64376 0
64377 2
64378 0
64379 1
64380 0
64381 2
64382 1
64383 2
64384 0
64385 2
64386 1
64387 0
64388 1
64389 0
64390 1
64391 0
64392 1
64393 2
64394 1
64395 0
64396 2
64397 1
64398 0
64399 1
64400 0
64401 1
64402 2
64403 0
64404 1
64405 2
64406 1
64407 2
64408 1
64409 0
64410 1
64411 0
64412 1
64413 3
64414 2
64415 1
64416 2
64417 0
64418 1
64419 0
64420 1
64421 0
64422 2
64423 1
64424 0
64425 1
64426 2
64427 0
64428 2
64429 1
64430 0
64431 2
64432 1
64433 2
64434 1
64435 2
64436 0
64437 1
64438 2
64439 1
64440 0
64441 1
64442 2
64443 1
64444 0
64445 1
64446 0
64447 1
64448 2
64449 3
64450 1
64451 2
64452 0
64453 1
64454 0
64455 1
64456 2
64457 0
64458 1
64459 0
64460 1
64461 0
64462 1
64463 0
64464 2
64465 1
64466 0
64467 1
64468 0
64469 1
64470 2
64471 0
64472 1
64473 2
64474 0
64475 1
64476 0
64477 1
64478 2
64479 0
64480 2
64481 1
64482 2
64483 0
64484 1
64485 2
64486 1
64487 0
64488 1
64489 0
64490 1
64491 2
64492 0
64493 1
64494 2
64495 0
64496 2
64497 0
64498 1
64499 0
64500 1
64501 2
64502 0
64503 1
64504 0
64505 2
64506 1
64507 0
64508 1
64509 0
64510 1
64511 2
64512 0
64513 2
64514 0
64515 1
64516 0
64517 1
64518 0
64519 1
64520 2
64521 1
64522 2
64523 0
64524 2
64525 1
64526 0
64527 1
64528 0
64529 1
64530 2
64531 1
64532 0
64533 1
64534 0
64535 2
64536 1
64537 2
64538 1
64539 2
64540 1
64541 0
64542 1
64543 0
64544 1
64545 0
64546 1
64547 0
64548 1
64549 0
64550 2
64551 0
64552 1
64553 0
64554 2
64555 1
64556 0
64557 1
64558 0
64559 1
64560 0
64561 1
64562 0
64563 1
64564 0
64565 2
64566 1
64567 0
64568 1
64569 0
64570 1
64571 2
64572 0
64573 2
64574 1
64575 0
64576 1
64577 2
64578 1
64579 0
64580 1
64581 0
64582 1
64583 2
64584 0
64585 1
64586 0
64587 1
64588 0
64589 1
64590 2
64591 0
64592 1
64593 0
64594 1
64595 0
64596 2
64597 1
64598 2
64599 1
64600 2
64601 0
64602 1
64603 2
64604 0
64605 1
64606 0
64607 1
64608 0
64609 1
64610 0
64611 1
64612 2
64613 1
64614 0
64615 1
64616 0
64617 2
64618 0
64619 1
64620 0
64621 1
64622 2
64623 1
64624 0
64625 1
64626 2
64627 1
64628 2
64629 1
64630 0
64631 2
64632 1
64633 0
64634 2
64635 1
64636 0
64637 1
64638 0
64639 1
64640 2
64641 1
64642 0
64643 2
64644 1
64645 2
64646 0
64647 2
64648 1
64649 2
64650 0
64651 1
64652 0
64653 1
64654 2
64655 1
64656 0
64657 1
64658 2
64659 0
64660 1
64661 0
64662 1
64663 2
64664 0
64665 2
64666 1
64667 2
64668 1
64669 0
64670 2
64671 0
64672 1
64673 0
64674 1
64675 0
64676 1
64677 0
64678 1
64679 2
64680 1
64681 0
64682 1
64683 2
64684 1
64685 0
64686 2
64687 0
64688 2
64689 1
64690 0
64691 1
64692 2
64693 0
64694 1
64695 0
64696 1
64697 2
64698 1
64699 0
64700 2
64701 0
64702 1
64703 0
64704 1
64705 0
64706 1
64707 2
64708 0
64709 1
64710 0
64711 1
64712 0
64713 1
64714 2
64715 1
64716 0
64717 1
64718 0
64719 1
64720 0
64721 2
64722 3
64723 0
64724 1
64725 0
64726 1
64727 0
64728 1
64729 2
64730 0
64731 1
64732 0
64733 1
64734 2
64735 0
64736 1
64737 0
64738 1
64739 2
64740 1
64741 2
64742 0
64743 2
64744 1
64745 2
64746 0
64747 1
64748 0
64749 2
64750 1
64751 0
64752 1
64753 2
64754 0
64755 1
64756 0
64757 1
64758 2
64759 0
64760 2
64761 1
64762 0
64763 1
64764 2
64765 1
64766 0
64767 2
64768 1
64769 2
64770 1
64771 2
64772 0
64773 1
64774 2
64775 0
64776 2
64777 1
64778 0
64779 1
64780 2
64781 0
64782 2
64783 0
64784 1
64785 0
64786 1
64787 0
64788 2
64789 1
64790 0
64791 1
64792 2
64793 0
64794 1
64795 0
64796 2
64797 1
64798 0
64799 1
64800 2
64801 0
64802 2
64803 0
64804 2
64805 1
64806 2
64807 0
64808 1
64809 0
64810 2
64811 1
64812 0
64813 1
64814 2
64815 0
64816 1
64817 0
64818 1
64819 0
64820 2
64821 1
64822 0
64823 1
64824 0
64825 1
64826 0
64827 1
64828 0
64829 1
64830 0
64831 2
64832 0
64833 2
64834 1
64835 2
64836 0
64837 1
64838 0
64839 2
64840 1
64841 2
64842 1
64843 0
64844 1
64845 0
64846 2
64847 1
64848 2
64849 1
64850 0
64851 2
64852 0
64853 1
64854 2
64855 0
64856 1
64857 0
64858 2
64859 1
64860 0
64861 1
64862 0
64863 1
64864 2
64865 0
64866 1
64867 2
64868 0
64869 2
64870 0
64871 1
64872 0
64873 2
64874 1
64875 3
64876 2
64877 0
64878 1
64879 0
64880 1
64881 0
64882 1
64883 0
64884 1
64885 2
64886 0
64887 1
64888 0
64889 1
64890 0
64891 1
64892 0
64893 1
64894 0
64895 1
64896 0
64897 1
64898 0
64899 1
64900 2
64901 0
64902 1
64903 0
64904 1
64905 2
64906 0
64907 1
64908 0
64909 1
64910 0
64911 1
64912 0
64913 1
64914 2
64915 1
64916 0
64917 1
64918 0
64919 2
64920 0
64921 1
64922 0
64923 1
64924 2
64925 1
64926 0
64927 1
64928 0
64929 1
64930 0
64931 1
64932 0
64933 1
64934 0
64935 1
64936 0
64937 1
64938 0
64939 1
64940 0
64941 1
64942 2
64943 0
64944 2
64945 1
64946 0
64947 1
64948 2
64949 0
64950 2
64951 1
64952 0
64953 1
64954 2
64955 0
64956 1
64957 0
64958 2
64959 1
64960 0
64961 2
64962 1
64963 0
64964 2
64965 1
64966 0
64967 2
64968 1
64969 0
64970 1
64971 0
64972 1
64973 0
64974 1
64975 2
64976 3
64977 1
64978 2
64979 3
64980 1
64981 0
64982 1
64983 0
64984 1
64985 0
64986 1
64987 0
64988 1
64989 0
64990 1
64991 0
64992 1
64993 0
64994 1
64995 0
64996 1
64997 2
64998 0
64999 1
65000 0
65001 2
65002 1
65003 0
65004 1
65005 0
65006 1
65007 0
65008 2
65009 0
65010 1
65011 0
65012 2
65013 1
65014 0
65015 2
65016 1
65017 0
65018 2
65019 1
65020 0
65021 2
65022 1
65023 0
65024 1
65025 0
65026 1
65027 2
65028 0
65029 1
65030 2
65031 0
65032 2
65033 1
65034 0
65035 2
65036 1
65037 2
65038 0
65039 2
65040 1
65041 0
65042 1
65043 2
65044 0
65045 2
65046 1
65047 2
65048 0
65049 1
65050 2
65051 0
65052 1
65053 2
65054 3
65055 1
65056 2
65057 0
65058 1
65059 0
65060 1
65061 2
65062 0
65063 1
65064 0
65065 1
65066 0
65067 1
65068 0
65069 1
65070 0
65071 1
65072 0
65073 1
65074 0
65075 2
65076 1
65077 2
65078 0
65079 1
65080 0
65081 1
65082 2
65083 0
65084 1
65085 0
65086 1
65087 0
65088 2
65089 1
65090 2
65091 0
65092 2
65093 1
65094 0
65095 1
65096 0
65097 2
65098 1
65099 0
65100 1
65101 0
65102 2
65103 3
65104 0
65105 1
65106 2
65107 0
65108 1
65109 2
65110 0
65111 1
65112 2
65113 0
65114 1
65115 2
65116 1
65117 0
65118 2
65119 1
65120 0
65121 1
65122 0
65123 1
65124 0
65125 1
65126 2
65127 1
65128 2
65129 1
65130 2
65131 0
65132 1
65133 0
65134 1
65135 0
65136 1
65137 0
65138 2
65139 1
65140 2
65141 0
65142 2
65143 1
65144 2
65145 0
65146 1
65147 2
65148 0
65149 1
65150 0
65151 1
65152 0
65153 1
65154 0
65155 2
65156 1
65157 2
65158 1
65159 0
65160 1
65161 0
65162 1
65163 2
65164 0
65165 1
65166 0
65167 1
65168 0
65169 1
65170 0
65171 2
65172 1
65173 2
65174 0
65175 2
65176 0
65177 1
65178 0
65179 1
65180 0
65181 2
65182 1
65183 0
65184 1
65185 0
65186 1
65187 0
65188 2
65189 1
65190 2
65191 0
65192 1
65193 0
65194 1
65195 2
65196 0
65197 1
65198 0
65199 1
65200 2
65201 0
65202 1
65203 0
65204 1
65205 0
65206 1
65207 0
65208 1
65209 2
65210 0
65211 1
65212 0
65213 2
65214 1
65215 0
65216 1
65217 0
65218 2
65219 0
65220 1
65221 0
65222 2
65223 1
65224 2
65225 1
65226 0
65227 1
65228 0
65229 1
65230 0
65231 1
65232 0
65233 1
65234 2
65235 0
65236 1
65237 0
65238 2
65239 0
65240 2
65241 1
65242 2
65243 0
65244 1
65245 0
65246 1
65247 2
65248 0
65249 1
65250 2
65251 1
65252 0
65253 1
65254 0
65255 2
65256 0
65257 2
65258 0
65259 1
65260 0
65261 2
65262 1
65263 0
65264 2
65265 1
65266 2
65267 0
65268 2
65269 1
65270 2
65271 0
65272 2
65273 1
65274 2
65275 0
65276 2
65277 1
65278 0
65279 1
65280 0
65281 2
65282 1
65283 0
65284 1
65285 2
65286 0
65287 1
65288 0
65289 1
65290 2
65291 0
65292 1
65293 2
65294 0
65295 2
65296 1
65297 2
65298 0
65299 1
65300 0
65301 1
65302 0
65303 1
65304 0
65305 1
65306 0
65307 1
65308 0
65309 1
65310 0
65311 2
65312 0
65313 1
65314 0
65315 1
65316 0
65317 1
65318 2
65319 1
65320 0
65321 2
65322 0
65323 2
65324 0
65325 2
65326 1
65327 2
65328 0
65329 1
65330 0
65331 1
65332 2
65333 0
65334 1
65335 0
65336 1
65337 2
65338 0
65339 1
65340 0
65341 1
65342 2
65343 0
65344 2
65345 0
65346 1
65347 0
65348 1
65349 0
65350 1
65351 2
65352 0
65353 1
65354 0
65355 1
65356 2
65357 0
65358 1
65359 2
65360 1
65361 0
65362 2
65363 1
65364 0
65365 1
65366 0
65367 1
65368 0
65369 1
65370 0
65371 2
65372 0
65373 1
65374 0
65375 1
65376 2
65377 3
65378 1
65379 0
65380 1
65381 2
65382 0
65383 1
65384 0
65385 2
65386 1
65387 0
65388 1
65389 0
65390 2
65391 1
65392 0
65393 1
65394 0
65395 1
65396 2
65397 0
65398 1
65399 0
65400 1
65401 0
65402 1
65403 0
65404 1
65405 2
65406 1
65407 0
65408 1
65409 0
65410 1
65411 0
65412 2
65413 1
65414 0
65415 1
65416 0
65417 2
65418 1
65419 0
65420 2
65421 3
65422 1
65423 0
65424 1
65425 0
65426 1
65427 0
65428 1
65429 0
65430 2
65431 1
65432 0
65433 2
65434 1
65435 0
65436 1
65437 2
65438 0
65439 1
65440 2
65441 1
65442 0
65443 1
65444 0
65445 1
65446 2
65447 0
65448 2
65449 0
65450 1
65451 0
65452 1
65453 0
65454 1
65455 2
65456 0
65457 1
65458 2
65459 0
65460 1
65461 2
65462 0
65463 2
65464 1
65465 0
65466 1
65467 2
65468 0
65469 2
65470 0
65471 1
65472 0
65473 1
65474 2
65475 1
65476 0
65477 1
65478 0
65479 1
65480 0
65481 2
65482 1
65483 0
65484 1
65485 2
65486 0
65487 1
65488 2
65489 0
65490 1
65491 2
65492 1
65493 2
65494 0
65495 1
65496 0
65497 1
65498 2
65499 0
65500 1
65501 2
65502 0
65503 1
65504 0
65505 1
65506 2
65507 0
65508 2
65509 1
65510 2
65511 0
65512 1
65513 0
65514 2
65515 1
65516 2
65517 1
65518 0
65519 1
65520 0
65521 1
65522 0
65523 2
65524 1
65525 2
65526 1
65527 0
65528 1
65529 2
65530 0
65531 2
65532 1
65533 0
65534 1
65535 0
65536 2
65537 1
65538 2
65539 0
65540 1
65541 0
65542 2
65543 0
65544 1
65545 0
65546 1
65547 0
65548 1
65549 0
65550 1
65551 0
65552 1
65553 0
65554 1
65555 0
65556 1
65557 2
65558 0
65559 1
65560 0
65561 1
65562 2
65563 0
65564 1
65565 0
65566 1
65567 0
65568 2
65569 0
65570 1
65571 0
65572 2
65573 0
65574 2
65575 0
65576 1
65577 0
65578 2
65579 1
65580 0
65581 1
65582 2
65583 0
65584 2
65585 0
65586 1
65587 0
65588 1
65589 0
65590 1
65591 2
65592 0
65593 1
65594 0
65595 1
65596 0
65597 2
65598 1
65599 0
65600 1
65601 2
65602 0
65603 2
65604 1
65605 0
65606 1
65607 0
65608 1
65609 2
65610 0
65611 1
65612 0
65613 1
65614 0
65615 2
65616 0
65617 2
65618 0
65619 1
65620 0
65621 1
65622 2
65623 0
65624 1
65625 0
65626 1
65627 0
65628 1
65629 0
65630 1
65631 2
65632 0
65633 1
65634 0
65635 1
65636 0
65637 1
65638 0
65639 1
65640 0
65641 2
65642 3
65643 0
65644 1
65645 0
65646 2
65647 1
65648 0
65649 2
65650 1
65651 2
65652 0
65653 2
65654 1
65655 0
65656 1
65657 0
65658 2
65659 1
65660 2
65661 0
65662 1
65663 0
65664 1
65665 2
65666 1
65667 0
65668 1
65669 0
65670 1
65671 0
65672 1
65673 2
65674 0
65675 1
65676 0
65677 1
65678 0
65679 1
65680 0
65681 1
65682 0
65683 1
65684 2
65685 1
65686 0
65687 2
65688 1
65689 0
65690 1
65691 0
65692 1
65693 2
65694 0
65695 1
65696 0
65697 1
65698 0
65699 2
65700 3
65701 1
65702 2
65703 1
65704 0
65705 1
65706 0
65707 1
65708 0
65709 2
65710 0
65711 2
65712 1
65713 0
65714 1
65715 0
65716 1
65717 0
65718 1
65719 2
65720 0
65721 1
65722 2
65723 0
65724 1
65725 0
65726 1
65727 0
65728 1
65729 2
65730 0
65731 1
65732 0
65733 2
65734 1
65735 2
65736 0
65737 1
65738 2
65739 1
65740 0
65741 2
65742 1
65743 0
65744 2
65745 1
65746 2
65747 0
65748 1
65749 0
65750 1
65751 2
65752 1
65753 2
65754 0
65755 1
65756 2
65757 0
65758 2
65759 0
65760 1
65761 0
65762 1
65763 2
65764 1
65765 0
65766 1
65767 0
65768 1
65769 2
65770 0
65771 2
65772 0
65773 1
65774 2
65775 1
65776 0
65777 1
65778 0
65779 1
65780 0
65781 1
65782 0
65783 2
65784 1
65785 2
65786 0
65787 1
65788 0
65789 1
65790 2
65791 0
65792 1
65793 2
65794 0
65795 1
65796 0
65797 1
65798 2
65799 0
65800 1
65801 0
65802 1
65803 0
65804 2
65805 0
65806 2
65807 0
65808 2
65809 1
65810 0
65811 1
65812 2
65813 0
65814 2
65815 1
65816 0
65817 1
65818 2
65819 0
65820 1
65821 2
65822 0
65823 2
65824 1
65825 0
65826 1
65827 2
65828 1
65829 0
65830 1
65831 2
65832 0
65833 1
65834 0
65835 1
65836 2
65837 0
65838 1
65839 0
65840 1
65841 2
65842 0
65843 1
65844 0
65845 1
65846 0
65847 1
65848 0
65849 1
65850 2
65851 0
65852 2
65853 0
65854 2
65855 1
65856 0
65857 1
65858 0
65859 2
65860 1
65861 2
65862 0
65863 2
65864 1
65865 0
65866 1
65867 0
65868 1
65869 2
65870 0
65871 1
65872 0
65873 1
65874 0
65875 1
65876 0
65877 1
65878 2
65879 0
65880 1
65881 2
65882 1
65883 2
65884 0
65885 1
65886 2
65887 0
65888 2
65889 0
65890 1
65891 0
65892 1
65893 0
65894 1
65895 0
65896 1
65897 0
65898 1
65899 0
65900 1
65901 0
65902 1
65903 2
65904 0
65905 1
65906 0
65907 1
65908 2
65909 0
65910 2
65911 1
65912 0
65913 1
65914 0
65915 1
65916 0
65917 2
65918 1
65919 2
65920 0
65921 1
65922 0
65923 2
65924 1
65925 0
65926 1
65927 0
65928 2
65929 1
65930 0
65931 1
65932 0
65933 2
65934 1
65935 0
65936 1
65937 2
65938 1
65939 0
65940 1
65941 2
65942 0
65943 2
65944 1
65945 2
65946 3
65947 0
65948 1
65949 0
65950 1
65951 0
65952 1
65953 0
65954 2
65955 0
65956 1
65957 2
65958 1
65959 2
65960 0
65961 2
65962 0
65963 2
65964 1
65965 2
65966 0
65967 2
65968 1
65969 2
65970 0
65971 1
65972 0
65973 1
65974 0
65975 2
65976 0
65977 1
65978 0
65979 1
65980 2
65981 1
65982 0
65983 1
65984 0
65985 1
65986 2
65987 0
65988 2
65989 0
65990 1
65991 2
65992 0
65993 1
65994 0
65995 1
65996 0
65997 2
65998 1
65999 0
66000 2
66001 1
66002 0
66003 1
66004 0
66005 1
66006 0
66007 1
66008 0
66009 1
66010 0
66011 1
66012 2
66013 0
66014 3
66015 2
66016 1
66017 0
66018 2
66019 1
66020 0
66021 1
66022 2
66023 0
66024 2
66025 3
66026 1
66027 2
66028 0
66029 1
66030 0
66031 1
66032 2
66033 0
66034 1
66035 0
66036 2
66037 1
66038 0
66039 2
66040 1
66041 0
66042 3
66043 1
66044 0
66045 1
66046 2
66047 0
66048 1
66049 0
66050 1
66051 0
66052 2
66053 1
66054 0
66055 1
66056 0
66057 1
66058 2
66059 0
66060 1
66061 2
66062 0
66063 2
66064 1
66065 0
66066 1
66067 0
66068 1
66069 2
66070 0
66071 1
66072 2
66073 0
66074 1
66075 0
66076 1
66077 2
66078 0
66079 1
66080 0
66081 2
66082 1
66083 2
66084 0
66085 1
66086 0
66087 1
66088 0
66089 1
66090 0
66091 1
66092 2
66093 0
66094 1
66095 0
66096 1
66097 0
66098 1
66099 0
66100 2
66101 1
66102 2
66103 0
66104 1
66105 0
66106 2
66107 1
66108 0
66109 1
66110 0
66111 1
66112 0
66113 1
66114 3
66115 2
66116 0
66117 2
66118 0
66119 2
66120 0
66121 1
66122 0
66123 2
66124 1
66125 0
66126 1
66127 0
66128 2
66129 1
66130 0
66131 1
66132 0
66133 1
66134 0
66135 1
66136 2
66137 0
66138 2
66139 1
66140 0
66141 1
66142 0
66143 1
66144 0
66145 2
66146 1
66147 0
66148 2
66149 1
66150 2
66151 1
66152 0
66153 1
66154 0
66155 2
66156 1
66157 0
66158 1
66159 0
66160 1
66161 0
66162 1
66163 0
66164 2
66165 1
66166 0
66167 1
66168 0
66169 1
66170 2
66171 0
66172 1
66173 0
66174 1
66175 0
66176 1
66177 0
66178 1
66179 0
66180 1
66181 2
66182 0
66183 1
66184 0
66185 1
66186 0
66187 1
66188 0
66189 1
66190 3
66191 2
66192 0
66193 2
66194 1
66195 0
66196 1
66197 0
66198 1
66199 2
66200 1
66201 2
66202 0
66203 2
66204 1
66205 2
66206 0
66207 1
66208 0
66209 1
66210 2
66211 0
66212 2
66213 1
66214 2
66215 1
66216 0
66217 1
66218 0
66219 1
66220 2
66221 0
66222 1
66223 0
66224 2
66225 1
66226 0
66227 1
66228 0
66229 1
66230 0
66231 1
66232 2
66233 1
66234 0
66235 1
66236 2
66237 0
66238 2
66239 1
66240 0
66241 2
66242 1
66243 0
66244 1
66245 0
66246 2
66247 1
66248 2
66249 0
66250 1
66251 0
66252 1
66253 0
66254 2
66255 1
66256 0
66257 2
66258 1
66259 2
66260 1
66261 2
66262 0
66263 1
66264 2
66265 0
66266 1
66267 0
66268 1
66269 0
66270 1
66271 0
66272 1
66273 0
66274 3
66275 1
66276 2
66277 0
66278 1
66279 0
66280 2
66281 1
66282 0
66283 1
66284 0
66285 1
66286 0
66287 1
66288 0
66289 1
66290 0
66291 1
66292 0
66293 2
66294 1
66295 2
66296 0
66297 2
66298 1
66299 0
66300 1
66301 0
66302 2
66303 1
66304 0
66305 2
66306 1
66307 2
66308 0
66309 1
66310 0
66311 1
66312 2
66313 0
66314 1
66315 2
66316 0
66317 2
66318 0
66319 2
66320 1
66321 0
66322 2
66323 0
66324 1
66325 0
66326 2
66327 1
66328 0
66329 1
66330 0
66331 1
66332 0
66333 2
66334 1
66335 2
66336 1
66337 0
66338 1
66339 2
66340 0
66341 1
66342 2
66343 0
66344 1
66345 2
66346 0
66347 1
66348 0
66349 2
66350 1
66351 0
66352 2
66353 1
66354 2
66355 1
66356 0
66357 1
66358 0
66359 1
66360 0
66361 2
66362 3
66363 1
66364 2
66365 0
66366 2
66367 1
66368 0
66369 2
66370 1
66371 0
66372 1
66373 0
66374 1
66375 2
66376 1
66377 2
66378 0
66379 2
66380 0
66381 1
66382 0
66383 2
66384 3
66385 0
66386 2
66387 1
66388 2
66389 0
66390 1
66391 0
66392 1
66393 2
66394 0
66395 1
66396 0
66397 1
66398 2
66399 0
66400 2
66401 1
66402 0
66403 2
66404 1
66405 0
66406 2
66407 1
66408 2
66409 0
66410 1
66411 0
66412 2
66413 1
66414 0
66415 1
66416 0
66417 1
66418 0
66419 3
66420 1
66421 0
66422 1
66423 0
66424 2
66425 1
66426 2
66427 0
66428 1
66429 2
66430 0
66431 1
66432 0
66433 1
66434 0
66435 1
66436 0
66437 1
66438 2
66439 0
66440 1
66441 2
66442 1
66443 2
66444 0
66445 1
66446 0
66447 1
66448 3
66449 0
66450 1
66451 2
66452 0
66453 1
66454 2
66455 0
66456 1
66457 0
66458 2
66459 1
66460 0
66461 1
66462 2
66463 0
66464 1
66465 0
66466 1
66467 0
66468 1
66469 0
66470 1
66471 0
66472 2
66473 0
66474 1
66475 0
66476 1
66477 0
66478 2
66479 1
66480 2
66481 0
66482 2
66483 0
66484 1
66485 2
66486 0
66487 1
66488 2
66489 0
66490 1
66491 2
66492 0
66493 1
66494 0
66495 2
66496 0
66497 1
66498 2
66499 0
66500 1
66501 2
66502 0
66503 1
66504 0
66505 1
66506 2
66507 0
66508 1
66509 0
66510 2
66511 1
66512 0
66513 2
66514 1
66515 0
66516 1
66517 0
66518 2
66519 0
66520 1
66521 2
66522 0
66523 2
66524 1
66525 2
66526 0
66527 1
66528 0
66529 1
66530 0
66531 1
66532 0
66533 1
66534 0
66535 1
66536 0
66537 1
66538 0
66539 1
66540 2
66541 0
66542 1
66543 0
66544 2
66545 1
66546 2
66547 3
66548 1
66549 0
66550 1
66551 0
66552 1
66553 0
66554 1
66555 2
66556 0
66557 1
66558 0
66559 2
66560 1
66561 0
66562 1
66563 0
66564 1
66565 2
66566 0
66567 1
66568 2
66569 1
66570 0
66571 1
66572 0
66573 1
66574 2
66575 0
66576 1
66577 2
66578 1
66579 2
66580 0
66581 2
66582 1
66583 0
66584 1
66585 0
66586 1
66587 0
66588 1
66589 0
66590 2
66591 1
66592 2
66593 0
66594 1
66595 2
66596 0
66597 1
66598 0
66599 1
66600 0
66601 2
66602 0
66603 2
66604 1
66605 2
66606 0
66607 1
66608 0
66609 1
66610 0
66611 1
66612 0
66613 1
66614 0
66615 2
66616 1
66617 0
66618 2
66619 1
66620 2
66621 1
66622 0
66623 1
66624 3
66625 0
66626 2
66627 0
66628 2
66629 1
66630 0
66631 1
66632 0
66633 1
66634 0
66635 1
66636 0
66637 1
66638 0
66639 1
66640 2
66641 1
66642 0
66643 2
66644 1
66645 0
66646 2
66647 1
66648 2
66649 1
66650 0
66651 1
66652 0
66653 2
66654 1
66655 0
66656 1
66657 2
66658 1
66659 0
66660 1
66661 0
66662 1
66663 0
66664 2
66665 0
66666 1
66667 0
66668 2
66669 1
66670 2
66671 0
66672 1
66673 0
66674 2
66675 1
66676 0
66677 2
66678 1
66679 2
66680 1
66681 2
66682 1
66683 0
66684 1
66685 0
66686 1
66687 2
66688 1
66689 0
66690 1
66691 0
66692 2
66693 1
66694 2
66695 0
66696 1
66697 2
66698 0
66699 2
66700 1
66701 0
66702 1
66703 0
66704 2
66705 1
66706 2
66707 0
66708 2
66709 0
66710 1
66711 2
66712 0
66713 2
66714 1
66715 0
66716 2
66717 0
66718 2
66719 1
66720 2
66721 1
66722 0
66723 1
66724 2
66725 0
66726 1
66727 0
66728 1
66729 0
66730 1
66731 0
66732 1
66733 0
66734 1
66735 2
66736 0
66737 2
66738 1
66739 2
66740 0
66741 1
66742 0
66743 1
66744 2
66745 0
66746 1
66747 2
66748 1
66749 2
66750 0
66751 1
66752 0
66753 1
66754 0
66755 2
66756 1
66757 2
66758 0
66759 2
66760 0
66761 1
66762 0
66763 2
66764 1
66765 2
66766 0
66767 2
66768 1
66769 0
66770 1
66771 2
66772 0
66773 1
66774 2
66775 1
66776 0
66777 2
66778 1
66779 0
66780 1
66781 0
66782 1
66783 2
66784 3
66785 1
66786 0
66787 1
66788 2
66789 0
66790 1
66791 2
66792 0
66793 2
66794 0
66795 2
66796 1
66797 0
66798 1
66799 0
66800 1
66801 0
66802 2
66803 1
66804 2
66805 1
66806 0
66807 1
66808 2
66809 0
66810 1
66811 2
66812 3
66813 1
66814 2
66815 0
66816 2
66817 0
66818 1
66819 0
66820 1
66821 0
66822 1
66823 0
66824 1
66825 0
66826 2
66827 1
66828 2
66829 0
66830 2
66831 0
66832 1
66833 0
66834 2
66835 0
66836 1
66837 0
66838 1
66839 0
66840 1
66841 0
66842 1
66843 0
66844 1
66845 2
66846 1
66847 0
66848 1
66849 0
66850 1
66851 0
66852 1
66853 2
66854 0
66855 1
66856 2
66857 0
66858 2
66859 0
66860 1
66861 0
66862 1
66863 2
66864 0
66865 1
66866 2
66867 1
66868 0
66869 2
66870 1
66871 0
66872 1
66873 2
66874 1
66875 0
66876 1
66877 0
66878 1
66879 2
66880 1
66881 0
66882 1
66883 0
66884 2
66885 1
66886 2
66887 0
66888 1
66889 2
66890 0
66891 2
66892 1
66893 0
66894 1
66895 2
66896 1
66897 0
66898 1
66899 2
66900 0
66901 1
66902 0
66903 1
66904 2
66905 1
66906 2
66907 0
66908 3
66909 0
66910 1
66911 0
66912 1
66913 0
66914 1
66915 0
66916 2
66917 1
66918 0
66919 2
66920 1
66921 2
66922 0
66923 1
66924 0
66925 2
66926 1
66927 0
66928 1
66929 0
66930 1
66931 0
66932 2
66933 1
66934 2
66935 0
66936 1
66937 2
66938 1
66939 2
66940 0
66941 1
66942 0
66943 1
66944 2
66945 0
66946 1
66947 0
66948 1
66949 0
66950 1
66951 0
66952 1
66953 2
66954 0
66955 1
66956 2
66957 0
66958 1
66959 0
66960 1
66961 0
66962 1
66963 2
66964 1
66965 0
66966 2
66967 1
66968 0
66969 2
66970 1
66971 2
66972 0
66973 1
66974 0
66975 1
66976 0
66977 1
66978 2
66979 1
66980 2
66981 0
66982 1
66983 2
66984 0
66985 1
66986 0
66987 2
66988 1
66989 2
66990 0
66991 1
66992 0
66993 1
66994 0
66995 2
66996 0
66997 2
66998 0
66999 1
67000 2
67001 0
67002 2
67003 1
67004 0
67005 2
67006 1
67007 0
67008 2
67009 3
67010 1
67011 0
67012 2
67013 1
67014 0
67015 1
67016 0
67017 1
67018 0
67019 2
67020 1
67021 0
67022 1
67023 0
67024 1
67025 2
67026 0
67027 1
67028 2
67029 0
67030 1
67031 0
67032 2
67033 3
67034 1
67035 2
67036 0
67037 1
67038 0
67039 1
67040 0
67041 1
67042 0
67043 1
67044 2
67045 0
67046 2
67047 1
67048 2
67049 0
67050 1
67051 2
67052 0
67053 2
67054 0
67055 1
67056 2
67057 0
67058 1
67059 0
67060 1
67061 0
67062 1
67063 0
67064 1
67065 2
67066 0
67067 1
67068 0
67069 1
67070 2
67071 0
67072 1
67073 2
67074 0
67075 1
67076 2
67077 0
67078 1
67079 0
67080 1
67081 0
67082 1
67083 0
67084 1
67085 0
67086 1
67087 0
67088 1
67089 2
67090 0
67091 1
67092 2
67093 1
67094 2
67095 0
67096 2
67097 0
67098 2
67099 0
67100 1
67101 2
67102 1
67103 0
67104 2
67105 0
67106 2
67107 1
67108 0
67109 1
67110 0
67111 2
67112 1
67113 0
67114 1
67115 0
67116 2
67117 1
67118 2
67119 1
67120 0
67121 1
67122 2
67123 0
67124 2
67125 1
67126 0
67127 1
67128 0
67129 2
67130 1
67131 2
67132 1
67133 0
67134 1
67135 0
67136 1
67137 2
67138 3
67139 0
67140 1
67141 0
67142 1
67143 2
67144 0
67145 1
67146 2
67147 0
67148 1
67149 0
67150 1
67151 0
67152 1
67153 2
67154 0
67155 2
67156 1
67157 0
67158 2
67159 0
67160 1
67161 2
67162 0
67163 2
67164 1
67165 2
67166 0
67167 1
67168 2
67169 1
67170 0
67171 1
67172 2
67173 0
67174 2
67175 0
67176 1
67177 2
67178 0
67179 1
67180 2
67181 1
67182 2
67183 0
67184 1
67185 0
67186 1
67187 2
67188 1
67189 2
67190 0
67191 1
67192 0
67193 1
67194 0
67195 1
67196 2
67197 1
67198 2
67199 0
67200 1
67201 0
67202 1
67203 0
67204 1
67205 0
67206 1
67207 2
67208 1
67209 0
67210 1
67211 0
67212 1
67213 0
67214 1
67215 0
67216 1
67217 0
67218 1
67219 2
67220 1
67221 0
67222 1
67223 2
67224 1
67225 0
67226 1
67227 3
67228 0
67229 1
67230 2
67231 1
67232 2
67233 1
67234 0
67235 1
67236 0
67237 1
67238 0
67239 1
67240 0
67241 1
67242 0
67243 2
67244 1
67245 0
67246 1
67247 0
67248 1
67249 0
67250 2
67251 1
67252 0
67253 2
67254 1
67255 0
67256 1
67257 0
67258 1
67259 0
67260 2
67261 1
67262 2
67263 0
67264 1
67265 0
67266 2
67267 0
67268 1
67269 2
67270 1
67271 2
67272 1
67273 2
67274 0
67275 2
67276 1
67277 0
67278 2
67279 1
67280 0
67281 1
67282 2
67283 0
67284 1
67285 2
67286 0
67287 2
67288 1
67289 0
67290 2
67291 1
67292 0
67293 1
67294 0
67295 1
67296 0
67297 2
67298 1
67299 2
67300 0
67301 1
67302 0
67303 1
67304 2
67305 0
67306 1
67307 2
67308 0
67309 1
67310 0
67311 1
67312 2
67313 0
67314 1
67315 0
67316 1
67317 2
67318 1
67319 0
67320 1
67321 2
67322 0
67323 1
67324 2
67325 0
67326 1
67327 2
67328 0
67329 2
67330 0
67331 1
67332 0
67333 1
67334 0
67335 1
67336 2
67337 0
67338 1
67339 0
67340 1
67341 0
67342 1
67343 2
67344 1
67345 0
67346 1
67347 2
67348 1
67349 0
67350 2
67351 0
67352 1
67353 0
67354 1
67355 0
67356 2
67357 1
67358 2
67359 0
67360 1
67361 0
67362 1
67363 0
67364 1
67365 0
67366 1
67367 2
67368 0
67369 1
67370 0
67371 2
67372 1
67373 0
67374 1
67375 2
67376 1
67377 0
67378 1
67379 0
67380 1
67381 0
67382 2
67383 0
67384 1
67385 0
67386 1
67387 0
67388 1
67389 0
67390 2
67391 1
67392 0
67393 1
67394 0
67395 2
67396 0
67397 2
67398 1
67399 2
67400 0
67401 1
67402 0
67403 1
67404 2
67405 0
67406 1
67407 0
67408 2
67409 1
67410 0
67411 1
67412 0
67413 1
67414 2
67415 1
67416 2
67417 0
67418 1
67419 0
67420 1
67421 2
67422 0
67423 1
67424 2
67425 0
67426 1
67427 0
67428 1
67429 0
67430 1
67431 2
67432 1
67433 2
67434 1
67435 0
67436 2
67437 0
67438 2
67439 1
67440 2
67441 0
67442 1
67443 2
67444 1
67445 0
67446 1
67447 0
67448 1
67449 0
67450 1
67451 0
67452 2
67453 1
67454 0
67455 1
67456 2
67457 1
67458 0
67459 2
67460 1
67461 2
67462 3
67463 1
67464 0
67465 1
67466 0
67467 2
67468 1
67469 2
67470 1
67471 2
67472 0
67473 2
67474 0
67475 1
67476 0
67477 1
67478 0
67479 1
67480 0
67481 1
67482 2
67483 0
67484 2
67485 0
67486 1
67487 2
67488 0
67489 1
67490 2
67491 1
67492 2
67493 1
67494 0
67495 1
67496 0
67497 2
67498 1
67499 0
67500 1
67501 0
67502 2
67503 1
67504 0
67505 1
67506 0
67507 1
67508 0
67509 1
67510 0
67511 1
67512 0
67513 1
67514 0
67515 1
67516 0
67517 2
67518 1
67519 0
67520 1
67521 0
67522 1
67523 2
67524 1
67525 2
67526 0
67527 1
67528 0
67529 1
67530 0
67531 1
67532 0
67533 1
67534 2
67535 1
67536 0
67537 1
67538 0
67539 2
67540 0
67541 1
67542 0
67543 1
67544 0
67545 1
67546 2
67547 0
67548 2
67549 3
67550 1
67551 0
67552 1
67553 0
67554 1
67555 2
67556 0
67557 1
67558 2
67559 1
67560 2
67561 1
67562 0
67563 1
67564 0
67565 1
67566 0
67567 2
67568 1
67569 2
67570 0
67571 1
67572 0
67573 1
67574 0
67575 1
67576 0
67577 1
67578 0
67579 2
67580 0
67581 1
67582 0
67583 1
67584 0
67585 1
67586 0
67587 1
67588 0
67589 2
67590 0
67591 2
67592 1
67593 0
67594 1
67595 0
67596 2
67597 1
67598 2
67599 0
67600 2
67601 0
67602 1
67603 0
67604 1
67605 0
67606 1
67607 0
67608 1
67609 0
67610 1
67611 2
67612 0
67613 1
67614 2
67615 0
67616 1
67617 0
67618 1
67619 0
67620 1
67621 2
67622 1
67623 0
67624 1
67625 2
67626 0
67627 1
67628 0
67629 2
67630 1
67631 0
67632 1
67633 0
67634 1
67635 2
67636 0
67637 1
67638 2
67639 0
67640 1
67641 0
67642 1
67643 0
67644 1
67645 2
67646 0
67647 1
67648 2
67649 1
67650 2
67651 0
67652 2
67653 1
67654 0
67655 1
67656 0
67657 1
67658 2
67659 0
67660 1
67661 0
67662 2
67663 0
67664 1
67665 0
67666 1
67667 2
67668 0
67669 2
67670 1
67671 2
67672 0
67673 2
67674 1
67675 2
67676 0
67677 2
67678 1
67679 0
67680 2
67681 1
67682 0
67683 1
67684 0
67685 2
67686 1
67687 2
67688 0
67689 1
67690 2
67691 0
67692 1
67693 0
67694 2
67695 1
67696 2
67697 0
67698 1
67699 0
67700 1
67701 2
67702 0
67703 1
67704 0
67705 2
67706 1
67707 0
67708 2
67709 1
67710 0
67711 1
67712 0
67713 1
67714 0
67715 1
67716 0
67717 1
67718 0
67719 1
67720 0
67721 1
67722 0
67723 1
67724 0
67725 1
67726 2
67727 1
67728 0
67729 1
67730 2
67731 1
67732 0
67733 2
67734 1
67735 0
67736 1
67737 2
67738 0
67739 1
67740 0
67741 2
67742 1
67743 2
67744 0
67745 1
67746 0
67747 1
67748 0
67749 2
67750 0
67751 1
67752 0
67753 1
67754 0
67755 1
67756 0
67757 2
67758 0
67759 1
67760 0
67761 1
67762 2
67763 1
67764 0
67765 1
67766 0
67767 1
67768 0
67769 1
67770 2
67771 1
67772 2
67773 0
67774 1
67775 2
67776 1
67777 0
67778 1
67779 0
67780 1
67781 0
67782 1
67783 0
67784 2
67785 0
67786 1
67787 0
67788 1
67789 0
67790 1
67791 2
67792 0
67793 2
67794 0
67795 2
67796 1
67797 2
67798 0
67799 1
67800 0
67801 2
67802 1
67803 2
67804 0
67805 1
67806 2
67807 0
67808 1
67809 2
67810 0
67811 2
67812 1
67813 0
67814 1
67815 2
67816 0
67817 1
67818 0
67819 3
67820 2
67821 1
67822 0
67823 1
67824 2
67825 1
67826 0
67827 2
67828 1
67829 0
67830 1
67831 0
67832 2
67833 1
67834 0
67835 1
67836 2
67837 0
67838 2
67839 0
67840 1
67841 0
67842 1
67843 2
67844 0
67845 1
67846 0
67847 1
67848 0
67849 1
67850 0
67851 1
67852 0
67853 1
67854 2
67855 0
67856 1
67857 2
67858 1
67859 0
67860 1
67861 0
67862 1
67863 2
67864 0
67865 1
67866 2
67867 1
67868 2
67869 0
67870 2
67871 1
67872 0
67873 1
67874 2
67875 1
67876 2
67877 0
67878 1
67879 0
67880 1
67881 2
67882 0
67883 1
67884 2
67885 0
67886 2
67887 1
67888 0
67889 1
67890 2
67891 1
67892 0
67893 2
67894 1
67895 0
67896 1
67897 0
67898 1
67899 2
67900 0
67901 1
67902 2
67903 1
67904 0
67905 1
67906 0
67907 1
67908 0
67909 1
67910 0
67911 1
67912 0
67913 2
67914 1
67915 0
67916 1
67917 0
67918 2
67919 1
67920 0
67921 1
67922 2
67923 0
67924 1
67925 0
67926 2
67927 1
67928 0
67929 1
67930 0
67931 1
67932 0
67933 1
67934 0
67935 1
67936 2
67937 0
67938 2
67939 0
67940 1
67941 2
67942 0
67943 1
67944 0
67945 2
67946 1
67947 0
67948 2
67949 1
67950 0
67951 1
67952 2
67953 0
67954 2
67955 1
67956 2
67957 0
67958 2
67959 1
67960 0
67961 1
67962 2
67963 1
67964 2
67965 0
67966 1
67967 2
67968 1
67969 0
67970 1
67971 0
67972 1
67973 0
67974 2
67975 1
67976 2
67977 0
67978 1
67979 0
67980 1
67981 2
67982 0
67983 1
67984 0
67985 1
67986 2
67987 0
67988 1
67989 0
67990 2
67991 1
67992 2
67993 0
67994 1
67995 0
67996 1
67997 2
67998 1
67999 2
68000 1
68001 0
68002 2
68003 1
68004 0
68005 2
68006 0
68007 1
68008 2
68009 0
68010 2
68011 3
68012 0
68013 2
68014 1
68015 0
68016 2
68017 0
68018 1
68019 0
68020 1
68021 0
68022 1
68023 0
68024 1
68025 0
68026 2
68027 1
68028 0
68029 1
68030 2
68031 1
68032 0
68033 2
68034 1
68035 2
68036 0
68037 1
68038 0
68039 1
68040 0
68041 1
68042 2
68043 0
68044 1
68045 2
68046 0
68047 1
68048 2
68049 1
68050 0
68051 1
68052 0
68053 2
68054 1
68055 0
68056 1
68057 2
68058 0
68059 2
68060 1
68061 0
68062 1
68063 2
68064 0
68065 1
68066 2
68067 0
68068 1
68069 2
68070 0
68071 1
68072 2
68073 0
68074 2
68075 1
68076 0
68077 2
68078 1
68079 2
68080 0
68081 2
68082 1
68083 2
68084 0
68085 1
68086 2
68087 0
68088 2
68089 1
68090 2
68091 0
68092 1
68093 0
68094 1
68095 2
68096 0
68097 1
68098 2
68099 1
68100 2
68101 0
68102 2
68103 1
68104 0
68105 2
68106 1
68107 0
68108 1
68109 0
68110 1
68111 0
68112 1
68113 0
68114 1
68115 0
68116 1
68117 0
68118 2
68119 1
68120 0
68121 1
68122 0
68123 1
68124 0
68125 2
68126 1
68127 2
68128 0
68129 1
68130 0
68131 1
68132 0
68133 1
68134 0
68135 2
68136 1
68137 0
68138 1
68139 2
68140 1
68141 2
68142 0
68143 1
68144 0
68145 1
68146 2
68147 0
68148 2
68149 0
68150 1
68151 0
68152 1
68153 0
68154 1
68155 0
68156 2
68157 0
68158 1
68159 0
68160 1
68161 0
68162 1
68163 0
68164 1
68165 0
68166 1
68167 0
68168 1
68169 0
68170 1
68171 0
68172 1
68173 0
68174 2
68175 1
68176 0
68177 1
68178 2
68179 1
68180 0
68181 1
68182 2
68183 0
68184 3
68185 1
68186 2
68187 0
68188 1
68189 2
68190 0
68191 2
68192 0
68193 1
68194 0
68195 1
68196 0
68197 1
68198 0
68199 2
68200 1
68201 2
68202 1
68203 0
68204 1
68205 0
68206 2
68207 0
68208 2
68209 3
68210 1
68211 0
68212 1
68213 0
68214 1
68215 0
68216 2
68217 1
68218 0
68219 1
68220 0
68221 1
68222 0
68223 1
68224 0
68225 2
68226 1
68227 2
68228 0
68229 2
68230 0
68231 2
68232 0
68233 1
68234 0
68235 2
68236 1
68237 0
68238 1
68239 0
68240 1
68241 2
68242 0
68243 2
68244 0
68245 1
68246 2
68247 1
68248 2
68249 3
68250 1
68251 0
68252 1
68253 2
68254 1
68255 0
68256 1
68257 2
68258 1
68259 0
68260 1
68261 2
68262 0
68263 1
68264 0
68265 1
68266 0
68267 1
68268 0
68269 1
68270 0
68271 2
68272 1
68273 2
68274 0
68275 1
68276 0
68277 1
68278 2
68279 0
68280 1
68281 0
68282 1
68283 0
68284 2
68285 1
68286 2
68287 3
68288 0
68289 2
68290 0
68291 1
68292 2
68293 0
68294 1
68295 2
68296 0
68297 1
68298 2
68299 1
68300 0
68301 2
68302 1
68303 2
68304 0
68305 1
68306 0
68307 1
68308 2
68309 1
68310 0
68311 1
68312 0
68313 1
68314 2
68315 0
68316 1
68317 0
68318 1
68319 0
68320 1
68321 0
68322 1
68323 0
68324 1
68325 0
68326 1
68327 0
68328 1
68329 0
68330 1
68331 2
68332 1
68333 0
68334 2
68335 0
68336 1
68337 2
68338 1
68339 0
68340 1
68341 2
68342 1
68343 2
68344 0
68345 1
68346 0
68347 1
68348 0
68349 1
68350 0
68351 1
68352 0
68353 1
68354 0
68355 1
68356 0
68357 1
68358 2
68359 0
68360 1
68361 0
68362 1
68363 0
68364 1
68365 0
68366 1
68367 0
68368 2
68369 1
68370 0
68371 1
68372 0
68373 1
68374 2
68375 0
68376 2
68377 0
68378 1
68379 2
68380 1
68381 0
68382 1
68383 0
68384 1
68385 0
68386 1
68387 0
68388 1
68389 2
68390 0
68391 1
68392 2
68393 0
68394 2
68395 1
68396 0
68397 1
68398 0
68399 1
68400 0
68401 1
68402 0
68403 2
68404 1
68405 0
68406 1
68407 2
68408 1
68409 0
68410 2
68411 0
68412 2
68413 1
68414 0
68415 1
68416 0
68417 2
68418 1
68419 2
68420 0
68421 1
68422 2
68423 0
68424 1
68425 0
68426 1
68427 0
68428 2
68429 0
68430 1
68431 0
68432 1
68433 0
68434 2
68435 0
68436 2
68437 1
68438 0
68439 2
68440 0
68441 1
68442 2
68443 1
68444 0
68445 1
68446 0
68447 1
68448 0
68449 2
68450 1
68451 0
68452 1
68453 2
68454 0
68455 1
68456 0
68457 1
68458 0
68459 1
68460 0
68461 1
68462 0
68463 1
68464 2
68465 0
68466 2
68467 1
68468 0
68469 2
68470 1
68471 0
68472 1
68473 0
68474 1
68475 2
68476 0
68477 1
68478 0
68479 1
68480 0
68481 1
68482 0
68483 1
68484 0
68485 2
68486 1
68487 2
68488 0
68489 1
68490 2
68491 0
68492 1
68493 0
68494 1
68495 0
68496 1
68497 0
68498 1
68499 0
68500 1
68501 0
68502 1
68503 0
68504 1
68505 0
68506 1
68507 0
68508 1
68509 0
68510 1
68511 0
68512 2
68513 3
68514 1
68515 0
68516 1
68517 0
68518 1
68519 2
68520 0
68521 1
68522 0
68523 2
68524 1
68525 0
68526 1
68527 0
68528 1
68529 0
68530 2
68531 1
68532 0
68533 1
68534 0
68535 1
68536 2
68537 0
68538 1
68539 2
68540 0
68541 2
68542 0
68543 2
68544 1
68545 0
68546 1
68547 0
68548 1
68549 0
68550 1
68551 2
68552 1
68553 0
68554 1
68555 0
68556 1
68557 0
68558 1
68559 0
68560 2
68561 1
68562 0
68563 1
68564 0
68565 1
68566 0
68567 1
68568 0
68569 1
68570 0
68571 1
68572 0
68573 2
68574 3
68575 0
68576 2
68577 0
68578 1
68579 0
68580 1
68581 0
68582 1
68583 0
68584 1
68585 0
68586 1
68587 2
68588 1
68589 0
68590 1
68591 2
68592 0
68593 1
68594 0
68595 2
68596 1
68597 0
68598 1
68599 0
68600 2
68601 1
68602 0
68603 2
68604 0
68605 1
68606 0
68607 1
68608 0
68609 2
68610 1
68611 2
68612 0
68613 1
68614 0
68615 1
68616 0
68617 1
68618 0
68619 2
68620 0
68621 2
68622 1
68623 2
68624 0
68625 1
68626 0
68627 1
68628 0
68629 1
68630 0
68631 1
68632 0
68633 1
68634 2
68635 0
68636 1
68637 0
68638 1
68639 0
68640 1
68641 0
68642 2
68643 1
68644 0
68645 1
68646 0
68647 1
68648 0
68649 2
68650 1
68651 2
68652 0
68653 1
68654 2
68655 0
68656 1
68657 0
68658 2
68659 1
68660 0
68661 2
68662 0
68663 1
68664 0
68665 2
68666 0
68667 1
68668 2
68669 0
68670 1
68671 0
68672 2
68673 1
68674 0
68675 1
68676 0
68677 1
68678 0
68679 1
68680 2
68681 1
68682 2
68683 0
68684 1
68685 0
68686 1
68687 2
68688 0
68689 1
68690 0
68691 1
68692 0
68693 1
68694 0
68695 1
68696 0
68697 1
68698 0
68699 1
68700 2
68701 0
68702 1
68703 0
68704 1
68705 2
68706 0
68707 1
68708 2
68709 0
68710 1
68711 2
68712 0
68713 1
68714 2
68715 1
68716 0
68717 1
68718 0
68719 1
68720 0
68721 2
68722 1
68723 0
68724 1
68725 2
68726 1
68727 0
68728 1
68729 2
68730 0
68731 2
68732 1
68733 0
68734 1
68735 0
68736 1
68737 0
68738 1
68739 0
68740 2
68741 1
68742 0
68743 1
68744 0
68745 2
68746 0
68747 2
68748 0
68749 1
68750 0
68751 1
68752 0
68753 1
68754 0
68755 1
68756 2
68757 0
68758 1
68759 0
68760 2
68761 1
68762 2
68763 0
68764 1
68765 2
68766 0
68767 1
68768 0
68769 1
68770 0
68771 1
68772 0
68773 2
68774 1
68775 2
68776 0
68777 1
68778 2
68779 0
68780 1
68781 0
68782 1
68783 2
68784 0
68785 1
68786 0
68787 1
68788 0
68789 1
68790 0
68791 1
68792 0
68793 1
68794 2
68795 0
68796 1
68797 2
68798 0
68799 1
68800 2
68801 0
68802 1
68803 0
68804 2
68805 1
68806 0
68807 1
68808 0
68809 1
68810 2
68811 0
68812 1
68813 0
68814 1
68815 0
68816 1
68817 0
68818 1
68819 2
68820 0
68821 1
68822 0
68823 1
68824 2
68825 0
68826 2
68827 0
68828 1
68829 0
68830 1
68831 0
68832 1
68833 0
68834 1
68835 2
68836 0
68837 1
68838 0
68839 1
68840 2
68841 0
68842 1
68843 0
68844 1
68845 2
68846 1
68847 0
68848 1
68849 2
68850 0
68851 1
68852 2
68853 1
68854 0
68855 1
68856 2
68857 0
68858 1
68859 2
68860 1
68861 0
68862 2
68863 0
68864 2
68865 1
68866 2
68867 0
68868 1
68869 2
68870 0
68871 1
68872 2
68873 0
68874 2
68875 0
68876 1
68877 2
68878 1
68879 0
68880 1
68881 0
68882 1
68883 0
68884 2
68885 1
68886 0
68887 1
68888 2
68889 0
68890 1
68891 2
68892 1
68893 2
68894 0
68895 1
68896 0
68897 2
68898 0
68899 1
68900 0
68901 1
68902 2
68903 1
68904 0
68905 2
68906 1
68907 2
68908 0
68909 1
68910 2
68911 0
68912 1
68913 0
68914 1
68915 2
68916 1
68917 2
68918 0
68919 2
68920 0
68921 1
68922 0
68923 1
68924 0
68925 2
68926 0
68927 2
68928 1
68929 0
68930 1
68931 0
68932 1
68933 2
68934 1
68935 0
68936 2
68937 0
68938 1
68939 2
68940 0
68941 1
68942 0
68943 1
68944 0
68945 2
68946 1
68947 2
68948 0
68949 1
68950 0
68951 2
68952 1
68953 0
68954 1
68955 0
68956 1
68957 0
68958 1
68959 2
68960 0
68961 2
68962 1
68963 0
68964 1
68965 0
68966 1
68967 0
68968 2
68969 0
68970 2
68971 0
68972 1
68973 0
68974 1
68975 0
68976 1
68977 0
68978 1
68979 2
68980 0
68981 2
68982 0
68983 1
68984 0
68985 1
68986 0
68987 1
68988 0
68989 1
68990 0
68991 1
68992 2
68993 0
68994 1
68995 0
68996 1
68997 2
68998 0
68999 2
69000 1
69001 2
69002 0
69003 1
69004 0
69005 1
69006 2
69007 0
69008 1
69009 0
69010 1
69011 2
69012 1
69013 0
69014 1
69015 0
69016 1
69017 0
69018 2
69019 0
69020 1
69021 2
69022 0
69023 1
69024 0
69025 1
69026 0
69027 1
69028 2
69029 1
69030 0
69031 2
69032 0
69033 1
69034 0
69035 1
69036 2
69037 0
69038 1
69039 0
69040 2
69041 1
69042 0
69043 1
69044 0
69045 2
69046 1
69047 2
69048 1
69049 0
69050 2
69051 0
69052 1
69053 0
69054 1
69055 0
69056 1
69057 2
69058 0
69059 1
69060 0
69061 1
69062 0
69063 1
69064 0
69065 1
69066 2
69067 0
69068 1
69069 0
69070 1
69071 0
69072 1
69073 0
69074 1
69075 0
69076 2
69077 1
69078 2
69079 1
69080 3
69081 2
69082 0
69083 2
69084 1
69085 0
69086 1
69087 0
69088 1
69089 2
69090 1
69091 2
69092 0
69093 1
69094 0
69095 1
69096 0
69097 1
69098 2
69099 0
69100 2
69101 1
69102 0
69103 1
69104 2
69105 0
69106 1
69107 0
69108 2
69109 1
69110 2
69111 0
69112 1
69113 2
69114 1
69115 0
69116 1
69117 2
69118 0
69119 2
69120 1
69121 2
69122 0
69123 1
69124 2
69125 1
69126 2
69127 0
69128 1
69129 0
69130 1
69131 0
69132 2
69133 1
69134 0
69135 1
69136 0
69137 1
69138 0
69139 1
69140 0
69141 1
69142 2
69143 0
69144 1
69145 0
69146 1
69147 0
69148 1
69149 2
69150 0
69151 2
69152 1
69153 0
69154 1
69155 0
69156 1
69157 0
69158 1
69159 2
69160 0
69161 1
69162 0
69163 1
69164 2
69165 0
69166 2
69167 1
69168 2
69169 0
69170 2
69171 1
69172 0
69173 1
69174 2
69175 1
69176 0
69177 1
69178 0
69179 1
69180 0
69181 1
69182 2
69183 0
69184 1
69185 2
69186 0
69187 1
69188 0
69189 1
69190 2
69191 0
69192 2
69193 1
69194 2
69195 1
69196 0
69197 1
69198 2
69199 0
69200 1
69201 0
69202 1
69203 0
69204 1
69205 2
69206 0
69207 1
69208 0
69209 1
69210 0
69211 1
69212 2
69213 0
69214 1
69215 2
69216 0
69217 1
69218 0
69219 2
69220 0
69221 1
69222 0
69223 1
69224 0
69225 1
69226 0
69227 2
69228 0
69229 1
69230 0
69231 2
69232 1
69233 2
69234 0
69235 1
69236 0
69237 1
69238 3
69239 2
69240 0
69241 1
69242 0
69243 1
69244 0
69245 1
69246 0
69247 1
69248 0
69249 2
69250 0
69251 1
69252 2
69253 1
69254 0
69255 1
69256 0
69257 1
69258 0
69259 1
69260 0
69261 1
69262 0
69263 1
69264 0
69265 1
69266 0
69267 2
69268 0
69269 1
69270 0
69271 1
69272 2
69273 1
69274 0
69275 1
69276 2
69277 0
69278 1
69279 0
69280 1
69281 2
69282 3
69283 0
69284 1
69285 0
69286 1
69287 0
69288 2
69289 1
69290 0
69291 1
69292 0
69293 1
69294 0
69295 1
69296 0
69297 2
69298 1
69299 0
69300 1
69301 2
69302 0
69303 1
69304 2
69305 0
69306 1
69307 0
69308 1
69309 0
69310 1
69311 0
69312 2
69313 0
69314 2
69315 1
69316 2
69317 0
69318 2
69319 1
69320 0
69321 1
69322 2
69323 1
69324 2
69325 0
69326 2
69327 0
69328 2
69329 1
69330 0
69331 1
69332 0
69333 1
69334 0
69335 2
69336 0
69337 1
69338 2
69339 0
69340 1
69341 0
69342 2
69343 1
69344 0
69345 1
69346 0
69347 1
69348 0
69349 1
69350 0
69351 2
69352 0
69353 1
69354 0
69355 1
69356 0
69357 1
69358 2
69359 0
69360 2
69361 1
69362 0
69363 1
69364 0
69365 2
69366 0
69367 1
69368 0
69369 2
69370 1
69371 2
69372 0
69373 1
69374 2
69375 0
69376 1
69377 0
69378 2
69379 0
69380 1
69381 2
69382 0
69383 2
69384 1
69385 2
69386 0
69387 1
69388 2
69389 0
69390 1
69391 2
69392 0
69393 1
69394 0
69395 1
69396 0
69397 1
69398 0
69399 2
69400 1
69401 0
69402 1
69403 0
69404 1
69405 0
69406 1
69407 0
69408 1
69409 2
69410 0
69411 1
69412 0
69413 1
69414 0
69415 1
69416 2
69417 0
69418 1
69419 0
69420 1
69421 0
69422 1
69423 0
69424 1
69425 0
69426 1
69427 0
69428 1
69429 0
69430 1
69431 0
69432 1
69433 0
69434 2
69435 0
69436 1
69437 2
69438 0
69439 2
69440 1
69441 0
69442 1
69443 0
69444 2
69445 1
69446 2
69447 0
69448 2
69449 1
69450 2
69451 0
69452 2
69453 0
69454 1
69455 0
69456 1
69457 2
69458 0
69459 2
69460 1
69461 0
69462 1
69463 2
69464 0
69465 1
69466 2
69467 0
69468 1
69469 2
69470 0
69471 1
69472 2
69473 0
69474 1
69475 2
69476 1
69477 0
69478 1
69479 0
69480 1
69481 2
69482 0
69483 1
69484 2
69485 0
69486 1
69487 0
69488 2
69489 1
69490 2
69491 0
69492 1
69493 0
69494 2
69495 1
69496 0
69497 1
69498 0
69499 2
69500 0
69501 1
69502 2
69503 0
69504 1
69505 0
69506 1
69507 0
69508 1
69509 0
69510 1
69511 0
69512 1
69513 0
69514 1
69515 2
69516 1
69517 0
69518 1
69519 0
69520 1
69521 2
69522 0
69523 1
69524 0
69525 1
69526 0
69527 2
69528 1
69529 2
69530 0
69531 1
69532 0
69533 2
69534 3
69535 1
69536 0
69537 2
69538 1
69539 0
69540 1
69541 0
69542 1
69543 2
69544 0
69545 1
69546 0
69547 1
69548 0
69549 1
69550 0
69551 1
69552 0
69553 2
69554 0
69555 1
69556 0
69557 2
69558 1
69559 2
69560 1
69561 0
69562 1
69563 0
69564 1
69565 2
69566 1
69567 0
69568 1
69569 0
69570 1
69571 2
69572 1
69573 0
69574 1
69575 0
69576 1
69577 0
69578 1
69579 2
69580 0
69581 2
69582 0
69583 1
69584 0
69585 1
69586 0
69587 1
69588 0
69589 2
69590 1
69591 2
69592 0
69593 1
69594 2
69595 0
69596 1
69597 0
69598 2
69599 1
69600 2
69601 0
69602 1
69603 2
69604 1
69605 0
69606 1
69607 2
69608 0
69609 1
69610 0
69611 1
69612 0
69613 1
69614 0
69615 1
69616 0
69617 1
69618 0
69619 1
69620 0
69621 1
69622 2
69623 1
69624 0
69625 2
69626 0
69627 1
69628 2
69629 0
69630 2
69631 1
69632 0
69633 2
69634 1
69635 2
69636 1
69637 0
69638 1
69639 2
69640 1
69641 0
69642 2
69643 0
69644 1
69645 0
69646 2
69647 0
69648 1
69649 0
69650 2
69651 1
69652 0
69653 1
69654 0
69655 1
69656 0
69657 1
69658 0
69659 1
69660 2
69661 0
69662 2
69663 1
69664 0
69665 1
69666 2
69667 0
69668 1
69669 2
69670 0
69671 1
69672 2
69673 0
69674 1
69675 0
69676 2
69677 1
69678 3
69679 0
69680 1
69681 0
69682 1
69683 0
69684 1
69685 0
69686 2
69687 1
69688 0
69689 2
69690 1
69691 0
69692 1
69693 0
69694 1
69695 0
69696 1
69697 0
69698 1
69699 0
69700 2
69701 1
69702 0
69703 2
69704 1
69705 2
69706 0
69707 1
69708 0
69709 1
69710 2
69711 0
69712 1
69713 0
69714 1
69715 2
69716 1
69717 0
69718 1
69719 0
69720 2
69721 1
69722 0
69723 1
69724 2
69725 0
69726 1
69727 2
69728 1
69729 0
69730 1
69731 0
69732 1
69733 0
69734 1
69735 2
69736 0
69737 1
69738 0
69739 1
69740 0
69741 1
69742 0
69743 2
69744 1
69745 2
69746 0
69747 1
69748 0
69749 2
69750 1
69751 0
69752 1
69753 0
69754 1
69755 0
69756 1
69757 2
69758 0
69759 1
69760 2
69761 0
69762 1
69763 2
69764 0
69765 1
69766 0
69767 2
69768 1
69769 0
69770 2
69771 0
69772 1
69773 0
69774 1
69775 2
69776 0
69777 2
69778 0
69779 1
69780 2
69781 0
69782 1
69783 0
69784 1
69785 0
69786 1
69787 2
69788 0
69789 1
69790 2
69791 0
69792 2
69793 1
69794 0
69795 2
69796 1
69797 0
69798 2
69799 1
69800 0
69801 1
69802 2
69803 0
69804 2
69805 1
69806 0
69807 2
69808 1
69809 0
69810 2
69811 1
69812 0
69813 2
69814 1
69815 0
69816 1
69817 0
69818 1
69819 0
69820 1
69821 0
69822 1
69823 0
69824 1
69825 0
69826 1
69827 0
69828 2
69829 1
69830 0
69831 1
69832 2
69833 3
69834 1
69835 0
69836 1
69837 0
69838 1
69839 0
69840 1
69841 2
69842 0
69843 2
69844 0
69845 1
69846 0
69847 2
69848 1
69849 2
69850 0
69851 1
69852 0
69853 2
69854 1
69855 2
69856 0
69857 1
69858 2
69859 0
69860 1
69861 2
69862 0
69863 1
69864 0
69865 2
69866 1
69867 2
69868 0
69869 1
69870 0
69871 1
69872 2
69873 0
69874 1
69875 2
69876 1
69877 2
69878 0
69879 2
69880 1
69881 2
69882 1
69883 0
69884 2
69885 0
69886 1
69887 0
69888 1
69889 0
69890 2
69891 0
69892 1
69893 0
69894 1
69895 2
69896 0
69897 1
69898 0
69899 1
69900 0
69901 1
69902 0
69903 1
69904 0
69905 1
69906 2
69907 0
69908 2
69909 1
69910 2
69911 0
69912 2
69913 1
69914 0
69915 1
69916 2
69917 0
69918 1
69919 2
69920 3
69921 0
69922 1
69923 2
69924 0
69925 1
69926 2
69927 0
69928 2
69929 0
69930 1
69931 0
69932 1
69933 0
69934 1
69935 2
69936 0
69937 1
69938 2
69939 0
69940 1
69941 0
69942 1
69943 0
69944 1
69945 0
69946 1
69947 0
69948 1
69949 0
69950 2
69951 1
69952 0
69953 1
69954 2
69955 1
69956 0
69957 2
69958 1
69959 2
69960 1
69961 2
69962 0
69963 1
69964 2
69965 0
69966 1
69967 0
69968 1
69969 0
69970 1
69971 0
69972 1
69973 2
69974 1
69975 0
69976 2
69977 0
69978 1
69979 0
69980 1
69981 2
69982 0
69983 1
69984 0
69985 1
69986 0
69987 2
69988 1
69989 0
69990 2
69991 1
69992 0
69993 1
69994 2
69995 0
69996 2
69997 1
69998 2
69999 0
70000 1
70001 2
70002 0
70003 1
70004 2
70005 0
70006 1
70007 2
70008 0
70009 2
70010 0
70011 2
70012 1
70013 2
70014 1
70015 0
70016 1
70017 0
70018 1
70019 2
70020 1
70021 0
70022 1
70023 0
70024 2
70025 1
70026 0
70027 1
70028 0
70029 1
70030 0
70031 1
70032 2
70033 0
70034 2
70035 1
70036 0
70037 1
70038 0
70039 1
70040 0
70041 1
70042 2
70043 1
70044 0
70045 2
70046 1
70047 0
70048 2
70049 1
70050 0
70051 1
70052 0
70053 2
70054 0
70055 2
70056 1
70057 0
70058 2
70059 0
70060 1
70061 0
70062 1
70063 0
70064 1
70065 0
70066 1
70067 0
70068 1
70069 0
70070 1
70071 2
70072 1
70073 0
70074 2
70075 1
70076 0
70077 2
70078 1
70079 0
70080 2
70081 1
70082 2
70083 0
70084 1
70085 0
70086 1
70087 2
70088 0
70089 1
70090 2
70091 0
70092 2
70093 1
70094 2
70095 3
70096 0
70097 2
70098 1
70099 0
70100 1
70101 2
70102 1
70103 2
70104 0
70105 1
70106 2
70107 0
70108 1
70109 0
70110 2
70111 1
70112 0
70113 2
70114 1
70115 2
70116 0
70117 3
70118 1
70119 2
70120 0
70121 1
70122 2
70123 0
70124 1
70125 0
70126 1
70127 2
70128 0
70129 1
70130 0
70131 2
70132 1
70133 0
70134 1
70135 2
70136 0
70137 1
70138 0
70139 1
70140 0
70141 2
70142 1
70143 2
70144 1
70145 2
70146 0
70147 2
70148 0
70149 1
70150 0
70151 1
70152 0
70153 1
70154 0
70155 2
70156 1
70157 2
70158 0
70159 1
70160 0
70161 1
70162 0
70163 1
70164 0
70165 2
70166 1
70167 2
70168 0
70169 2
70170 1
70171 2
70172 1
70173 0
70174 1
70175 0
70176 1
70177 0
70178 1
70179 0
70180 1
70181 0
70182 1
70183 2
70184 0
70185 1
70186 2
70187 0
70188 2
70189 1
70190 2
70191 0
70192 1
70193 0
70194 1
70195 0
70196 2
70197 1
70198 0
70199 2
70200 1
70201 2
70202 0
70203 1
70204 0
70205 1
70206 2
70207 0
70208 1
70209 0
70210 1
70211 2
70212 0
70213 1
70214 0
70215 1
70216 0
70217 2
70218 0
70219 1
70220 0
70221 1
70222 0
70223 1
70224 2
70225 0
70226 2
70227 0
70228 1
70229 0
70230 1
70231 2
70232 3
70233 1
70234 0
70235 1
70236 2
70237 1
70238 0
70239 1
70240 0
70241 1
70242 0
70243 1
70244 0
70245 1
70246 0
70247 2
70248 1
70249 0
70250 2
70251 1
70252 2
70253 1
70254 0
70255 1
70256 0
70257 1
70258 2
70259 1
70260 2
70261 0
70262 1
70263 0
70264 1
70265 0
70266 1
70267 0
70268 1
70269 0
70270 1
70271 2
70272 0
70273 1
70274 2
70275 0
70276 1
70277 2
70278 0
70279 1
70280 0
70281 2
70282 1
70283 2
70284 0
70285 1
70286 2
70287 0
70288 1
70289 0
70290 1
70291 0
70292 2
70293 0
70294 2
70295 1
70296 0
70297 1
70298 0
70299 1
70300 0
70301 2
70302 1
70303 2
70304 0
70305 2
70306 1
70307 0
70308 2
70309 1
70310 2
70311 0
70312 2
70313 1
70314 0
70315 2
70316 1
70317 2
70318 0
70319 1
70320 0
70321 1
70322 0
70323 1
70324 2
70325 3
70326 0
70327 1
70328 0
70329 1
70330 0
70331 1
70332 0
70333 1
70334 0
70335 1
70336 0
70337 2
70338 1
70339 0
70340 1
70341 0
70342 1
70343 0
70344 1
70345 0
70346 1
70347 0
70348 1
70349 2
70350 0
70351 1
70352 0
70353 1
70354 0
70355 1
70356 2
70357 3
70358 1
70359 0
70360 1
70361 0
70362 2
70363 1
70364 0
70365 2
70366 1
70367 0
70368 1
70369 0
70370 1
70371 0
70372 1
70373 0
70374 2
70375 0
70376 1
70377 0
70378 1
70379 0
70380 2
70381 1
70382 0
70383 1
70384 0
70385 1
70386 2
70387 0
70388 1
70389 0
70390 1
70391 0
70392 1
70393 0
70394 2
70395 1
70396 0
70397 2
70398 1
70399 0
70400 1
70401 0
70402 1
70403 0
70404 1
70405 0
70406 1
70407 0
70408 2
70409 1
70410 0
70411 1
70412 0
70413 1
70414 0
70415 1
70416 2
70417 0
70418 1
70419 0
70420 1
70421 0
70422 1
70423 0
70424 1
70425 0
70426 1
70427 0
70428 2
70429 1
70430 0
70431 2
70432 1
70433 2
70434 0
70435 1
70436 0
70437 1
70438 2
70439 0
70440 2
70441 1
70442 0
70443 2
70444 0
70445 2
70446 1
70447 0
70448 1
70449 2
70450 1
70451 2
70452 0
70453 2
70454 1
70455 0
70456 1
70457 2
70458 0
70459 1
70460 0
70461 1
70462 2
70463 0
70464 1
70465 0
70466 1
70467 2
70468 0
70469 1
70470 0
70471 1
70472 2
70473 0
70474 1
70475 0
70476 1
70477 0
70478 1
70479 2
70480 0
70481 1
70482 2
70483 0
70484 2
70485 0
70486 1
70487 2
70488 0
70489 1
70490 0
70491 1
70492 0
70493 2
70494 1
70495 2
70496 0
70497 1
70498 0
70499 1
70500 0
70501 1
70502 0
70503 1
70504 0
70505 1
70506 2
70507 0
70508 1
70509 0
70510 1
70511 0
70512 1
70513 0
70514 1
70515 0
70516 2
70517 1
70518 2
70519 0
70520 1
70521 2
70522 0
70523 2
70524 1
70525 2
70526 1
70527 0
70528 2
70529 1
70530 2
70531 0
70532 1
70533 0
70534 2
70535 1
70536 2
70537 0
70538 1
70539 2
70540 0
70541 1
70542 0
70543 1
70544 0
70545 1
70546 2
70547 0
70548 2
70549 1
70550 0
70551 2
70552 1
70553 2
70554 0
70555 2
70556 1
70557 2
70558 0
70559 1
70560 0
70561 1
70562 0
70563 2
70564 1
70565 0
70566 3
70567 1
70568 0
70569 1
70570 0
70571 1
70572 0
70573 1
70574 0
70575 1
70576 2
70577 1
70578 0
70579 1
70580 2
70581 0
70582 2
70583 1
70584 2
70585 1
70586 0
70587 1
70588 0
70589 2
70590 1
70591 0
70592 2
70593 1
70594 0
70595 2
70596 1
70597 0
70598 1
70599 0
70600 1
70601 0
70602 2
70603 1
70604 2
70605 0
70606 1
70607 2
70608 1
70609 0
70610 1
70611 0
70612 1
70613 2
70614 1
70615 0
70616 1
70617 0
70618 1
70619 0
70620 1
70621 0
70622 2
70623 1
70624 2
70625 0
70626 1
70627 0
70628 1
70629 2
70630 3
70631 1
70632 0
70633 2
70634 1
70635 0
70636 2
70637 1
70638 0
70639 1
70640 0
70641 1
70642 0
70643 2
70644 1
70645 0
70646 2
70647 0
70648 1
70649 2
70650 0
70651 1
70652 0
70653 2
70654 1
70655 0
70656 1
70657 2
70658 0
70659 1
70660 0
70661 1
70662 2
70663 0
70664 1
70665 0
70666 1
70667 0
70668 2
70669 1
70670 2
70671 1
70672 0
70673 2
70674 1
70675 0
70676 1
70677 2
70678 1
70679 2
70680 0
70681 1
70682 0
70683 1
70684 0
70685 1
70686 2
70687 0
70688 1
70689 0
70690 1
70691 0
70692 1
70693 2
70694 0
70695 1
70696 0
70697 1
70698 0
70699 2
70700 0
70701 2
70702 1
70703 0
70704 2
70705 0
70706 2
70707 1
70708 2
70709 0
70710 1
70711 0
70712 2
70713 0
70714 1
70715 0
70716 1
70717 0
70718 2
70719 0
70720 1
70721 2
70722 0
70723 1
70724 0
70725 1
70726 0
70727 1
70728 2
70729 0
70730 1
70731 2
70732 1
70733 0
70734 1
70735 0
70736 1
70737 0
70738 1
70739 0
70740 1
70741 2
70742 1
70743 2
70744 0
70745 2
70746 0
70747 1
70748 0
70749 1
70750 2
70751 0
70752 1
70753 0
70754 1
70755 2
70756 0
70757 1
70758 2
70759 1
70760 2
70761 1
70762 2
70763 0
70764 2
70765 0
70766 1
70767 0
70768 2
70769 1
70770 2
70771 0
70772 1
70773 2
70774 0
70775 1
70776 2
70777 1
70778 0
70779 1
70780 0
70781 1
70782 0
70783 2
70784 1
70785 0
70786 2
70787 1
70788 2
70789 0
70790 1
70791 0
70792 2
70793 1
70794 0
70795 1
70796 2
70797 0
70798 1
70799 0
70800 1
70801 0
70802 2
70803 1
70804 0
70805 1
70806 0
70807 1
70808 0
70809 1
70810 0
70811 1
70812 0
70813 1
70814 0
70815 1
70816 2
70817 0
70818 1
70819 2
70820 1
70821 0
70822 1
70823 0
70824 1
70825 0
70826 1
70827 0
70828 2
70829 1
70830 2
70831 0
70832 1
70833 0
70834 2
70835 1
70836 0
70837 1
70838 0
70839 1
70840 0
70841 1
70842 0
70843 1
70844 0
70845 1
70846 2
70847 0
70848 1
70849 0
70850 1
70851 0
70852 1
70853 0
70854 2
70855 3
70856 1
70857 0
70858 1
70859 2
70860 0
70861 2
70862 1
70863 0
70864 1
70865 0
70866 1
70867 0
70868 2
70869 0
70870 1
70871 2
70872 0
70873 2
70874 0
70875 1
70876 2
70877 0
70878 1
70879 0
70880 2
70881 1
70882 2
70883 0
70884 2
70885 0
70886 2
70887 1
70888 2
70889 1
70890 2
70891 1
70892 0
70893 1
70894 0
70895 1
70896 2
70897 0
70898 2
70899 1
70900 0
70901 1
70902 0
70903 2
70904 1
70905 0
70906 1
70907 0
70908 1
70909 0
70910 1
70911 2
70912 0
70913 1
70914 0
70915 2
70916 1
70917 0
70918 1
70919 0
70920 2
70921 0
70922 1
70923 0
70924 1
70925 0
70926 1
70927 2
70928 0
70929 1
70930 0
70931 1
70932 0
70933 2
70934 0
70935 2
70936 1
70937 2
70938 0
70939 2
70940 1
70941 2
70942 0
70943 1
70944 0
70945 1
70946 0
70947 1
70948 2
70949 0
70950 2
70951 1
70952 0
70953 1
70954 0
70955 2
70956 1
70957 2
70958 0
70959 1
70960 2
70961 0
70962 2
70963 1
70964 0
70965 1
70966 0
70967 2
70968 1
70969 2
70970 0
70971 1
70972 2
70973 1
70974 2
70975 0
70976 2
70977 0
70978 1
70979 2
70980 0
70981 2
70982 1
70983 2
70984 0
70985 2
70986 1
70987 0
70988 1
70989 0
70990 2
70991 1
70992 0
70993 1
70994 0
70995 1
70996 0
70997 1
70998 0
70999 1
71000 2
71001 0
71002 2
71003 1
71004 0
71005 1
71006 2
71007 1
71008 2
71009 1
71010 0
71011 1
71012 0
71013 1
71014 0
71015 1
71016 2
71017 0
71018 1
71019 2
71020 1
71021 2
71022 1
71023 0
71024 1
71025 2
71026 0
71027 1
71028 2
71029 0
71030 1
71031 0
71032 1
71033 2
71034 1
71035 0
71036 1
71037 0
71038 1
71039 2
71040 0
71041 1
71042 0
71043 2
71044 1
71045 2
71046 0
71047 1
71048 0
71049 1
71050 0
71051 1
71052 0
71053 1
71054 0
71055 2
71056 1
71057 0
71058 2
71059 1
71060 2
71061 1
71062 2
71063 0
71064 1
71065 0
71066 2
71067 0
71068 1
71069 0
71070 1
71071 2
71072 0
71073 1
71074 0
71075 2
71076 0
71077 1
71078 0
71079 1
71080 2
71081 0
71082 2
71083 1
71084 0
71085 1
71086 2
71087 1
71088 0
71089 1
71090 0
71091 1
71092 0
71093 1
71094 0
71095 1
71096 2
71097 1
71098 2
71099 1
71100 0
71101 1
71102 0
71103 2
71104 1
71105 0
71106 1
71107 0
71108 1
71109 0
71110 1
71111 0
71112 1
71113 0
71114 2
71115 1
71116 2
71117 0
71118 1
71119 0
71120 1
71121 0
71122 1
71123 2
71124 1
71125 2
71126 0
71127 1
71128 0
71129 2
71130 1
71131 2
71132 0
71133 2
71134 1
71135 0
71136 1
71137 0
71138 1
71139 2
71140 0
71141 1
71142 2
71143 1
71144 2
71145 1
71146 2
71147 0
71148 1
71149 0
71150 1
71151 0
71152 1
71153 2
71154 0
71155 1
71156 2
71157 1
71158 0
71159 1
71160 0
71161 1
71162 0
71163 2
71164 1
71165 0
71166 2
71167 1
71168 0
71169 1
71170 0
71171 1
71172 2
71173 0
71174 2
71175 1
71176 2
71177 1
71178 0
71179 1
71180 0
71181 1
71182 0
71183 1
71184 0
71185 1
71186 0
71187 1
71188 2
71189 0
71190 1
71191 0
71192 1
71193 2
71194 0
71195 1
71196 0
71197 1
71198 0
71199 1
71200 0
71201 1
71202 0
71203 1
71204 2
71205 1
71206 2
71207 1
71208 2
71209 1
71210 0
71211 2
71212 1
71213 0
71214 1
71215 2
71216 0
71217 1
71218 0
71219 1
71220 0
71221 2
71222 1
71223 2
71224 0
71225 1
71226 2
71227 1
71228 0
71229 1
71230 2
71231 0
71232 2
71233 1
71234 0
71235 2
71236 1
71237 0
71238 1
71239 0
71240 1
71241 0
71242 1
71243 0
71244 1
71245 2
71246 0
71247 2
71248 0
71249 1
71250 2
71251 0
71252 1
71253 2
71254 0
71255 1
71256 0
71257 1
71258 0
71259 2
71260 1
71261 0
71262 2
71263 1
71264 0
71265 2
71266 1
71267 0
71268 2
71269 1
71270 0
71271 1
71272 2
71273 1
71274 0
71275 1
71276 0
71277 1
71278 0
71279 1
71280 2
71281 0
71282 2
71283 1
71284 0
71285 1
71286 0
71287 2
71288 1
71289 2
71290 0
71291 1
71292 2
71293 0
71294 1
71295 0
71296 1
71297 0
71298 1
71299 0
71300 1
71301 0
71302 2
71303 0
71304 1
71305 0
71306 2
71307 1
71308 2
71309 0
71310 1
71311 0
71312 2
71313 1
71314 0
71315 1
71316 2
71317 0
71318 1
71319 0
71320 2
71321 1
71322 0
71323 1
71324 2
71325 1
71326 2
71327 1
71328 2
71329 0
71330 1
71331 0
71332 2
71333 0
71334 1
71335 0
71336 1
71337 2
71338 1
71339 0
71340 1
71341 2
71342 0
71343 1
71344 0
71345 1
71346 0
71347 2
71348 1
71349 0
71350 2
71351 1
71352 2
71353 0
71354 1
71355 0
71356 2
71357 1
71358 0
71359 1
71360 0
71361 1
71362 0
71363 2
71364 1
71365 2
71366 1
71367 2
71368 1
71369 2
71370 0
71371 2
71372 1
71373 0
71374 1
71375 2
71376 0
71377 1
71378 2
71379 1
71380 0
71381 2
71382 1
71383 2
71384 3
71385 1
71386 0
71387 1
71388 0
71389 1
71390 0
71391 1
71392 0
71393 1
71394 0
71395 1
71396 2
71397 0
71398 2
71399 1
71400 2
71401 0
71402 2
71403 1
71404 2
71405 0
71406 2
71407 1
71408 0
71409 2
71410 0
71411 2
71412 1
71413 0
71414 1
71415 2
71416 0
71417 2
71418 1
71419 2
71420 0
71421 1
71422 0
71423 2
71424 0
71425 2
71426 1
71427 0
71428 1
71429 2
71430 0
71431 1
71432 0
71433 2
71434 1
71435 2
71436 0
71437 2
71438 0
71439 1
71440 0
71441 2
71442 1
71443 2
71444 0
71445 1
71446 2
71447 0
71448 1
71449 0
71450 2
71451 1
71452 0
71453 1
71454 0
71455 2
71456 1
71457 0
71458 1
71459 0
71460 1
71461 0
71462 1
71463 2
71464 1
71465 2
71466 0
71467 1
71468 0
71469 1
71470 2
71471 1
71472 0
71473 1
71474 0
71475 1
71476 2
71477 3
71478 0
71479 1
71480 2
71481 0
71482 1
71483 0
71484 1
71485 2
71486 0
71487 2
71488 1
71489 2
71490 1
71491 2
71492 0
71493 2
71494 0
71495 2
71496 0
71497 1
71498 0
71499 1
71500 0
71501 1
71502 0
71503 1
71504 2
71505 0
71506 1
71507 2
71508 1
71509 2
71510 1
71511 0
71512 2
71513 1
71514 2
71515 0
71516 1
71517 2
71518 0
71519 1
71520 0
71521 1
71522 0
71523 1
71524 2
71525 1
71526 0
71527 2
71528 1
71529 0
71530 1
71531 0
71532 1
71533 0
71534 2
71535 1
71536 0
71537 1
71538 0
71539 1
71540 2
71541 0
71542 1
71543 0
71544 1
71545 0
71546 2
71547 1
71548 2
71549 3
71550 0
71551 2
71552 1
71553 0
71554 2
71555 1
71556 0
71557 2
71558 1
71559 2
71560 0
71561 1
71562 0
71563 2
71564 1
71565 2
71566 1
71567 0
71568 1
71569 0
71570 2
71571 3
71572 1
71573 2
71574 1
71575 2
71576 0
71577 1
71578 2
71579 0
71580 2
71581 1
71582 0
71583 2
71584 1
71585 0
71586 1
71587 0
71588 1
71589 2
71590 0
71591 1
71592 0
71593 1
71594 0
71595 1
71596 0
71597 1
71598 0
71599 1
71600 0
71601 2
71602 1
71603 2
71604 0
71605 1
71606 0
71607 1
71608 0
71609 2
71610 0
71611 1
71612 2
71613 0
71614 1
71615 0
71616 1
71617 0
71618 1
71619 0
71620 1
71621 0
71622 2
71623 1
71624 2
71625 0
71626 1
71627 0
71628 1
71629 0
71630 2
71631 1
71632 2
71633 0
71634 2
71635 1
71636 0
71637 2
71638 1
71639 0
71640 1
71641 0
71642 1
71643 0
71644 1
71645 0
71646 1
71647 2
71648 0
71649 1
71650 2
71651 0
71652 1
71653 0
71654 1
71655 0
71656 1
71657 0
71658 1
71659 0
71660 1
71661 0
71662 2
71663 1
71664 0
71665 1
71666 0
71667 1
71668 2
71669 0
71670 1
71671 0
71672 2
71673 3
71674 0
71675 1
71676 2
71677 0
71678 1
71679 0
71680 2
71681 1
71682 2
71683 0
71684 2
71685 1
71686 0
71687 1
71688 0
71689 2
71690 1
71691 0
71692 2
71693 1
71694 0
71695 1
71696 0
71697 1
71698 0
71699 1
71700 0
71701 1
71702 0
71703 2
71704 1
71705 2
71706 0
71707 1
71708 0
71709 2
71710 1
71711 2
71712 0
71713 1
71714 0
71715 1
71716 2
71717 0
71718 1
71719 0
71720 1
71721 0
71722 1
71723 0
71724 1
71725 0
71726 2
71727 1
71728 2
71729 0
71730 1
71731 0
71732 1
71733 2
71734 0
71735 2
71736 0
71737 1
71738 0
71739 1
71740 0
71741 2
71742 1
71743 0
71744 1
71745 0
71746 1
71747 2
71748 0
71749 1
71750 0
71751 1
71752 2
71753 0
71754 1
71755 0
71756 1
71757 2
71758 0
71759 2
71760 1
71761 0
71762 1
71763 0
71764 1
71765 0
71766 1
71767 0
71768 1
71769 2
71770 0
71771 1
71772 0
71773 2
71774 1
71775 0
71776 1
71777 0
71778 1
71779 0
71780 1
71781 0
71782 2
71783 0
71784 1
71785 0
71786 1
71787 0
71788 2
71789 1
71790 2
71791 0
71792 1
71793 0
71794 1
71795 0
71796 1
71797 0
71798 1
71799 0
71800 2
71801 1
71802 0
71803 1
71804 2
71805 0
71806 1
71807 0
71808 1
71809 0
71810 1
71811 0
71812 1
71813 0
71814 1
71815 2
71816 0
71817 1
71818 2
71819 0
71820 1
71821 0
71822 2
71823 1
71824 3
71825 2
71826 0
71827 2
71828 0
71829 1
71830 2
71831 0
71832 1
71833 0
71834 1
71835 0
71836 1
71837 0
71838 1
71839 2
71840 1
71841 0
71842 2
71843 1
71844 2
71845 0
71846 2
71847 1
71848 0
71849 2
71850 0
71851 1
71852 2
71853 1
71854 0
71855 1
71856 0
71857 2
71858 1
71859 0
71860 1
71861 0
71862 1
71863 0
71864 2
71865 0
71866 1
71867 0
71868 1
71869 2
71870 0
71871 1
71872 0
71873 1
71874 0
71875 1
71876 2
71877 1
71878 0
71879 1
71880 0
71881 1
71882 0
71883 2
71884 0
71885 1
71886 0
71887 2
71888 1
71889 2
71890 0
71891 2
71892 1
71893 0
71894 1
71895 0
71896 1
71897 0
71898 1
71899 2
71900 0
71901 1
71902 2
71903 0
71904 1
71905 0
71906 2
71907 1
71908 0
71909 1
71910 0
71911 2
71912 3
71913 0
71914 1
71915 0
71916 2
71917 1
71918 0
71919 2
71920 1
71921 0
71922 1
71923 2
71924 0
71925 1
71926 0
71927 1
71928 2
71929 1
71930 0
71931 2
71932 1
71933 2
71934 0
71935 1
71936 0
71937 1
71938 0
71939 1
71940 2
71941 1
71942 2
71943 0
71944 1
71945 0
71946 1
71947 2
71948 0
71949 2
71950 1
71951 0
71952 1
71953 2
71954 0
71955 2
71956 1
71957 0
71958 1
71959 0
71960 1
71961 2
71962 0
71963 1
71964 2
71965 1
71966 0
71967 2
71968 1
71969 2
71970 1
71971 0
71972 2
71973 0
71974 1
71975 0
71976 1
71977 0
71978 1
71979 2
71980 1
71981 0
71982 1
71983 0
71984 1
71985 2
71986 0
71987 1
71988 2
71989 1
71990 0
71991 2
71992 1
71993 2
71994 1
71995 0
71996 1
71997 0
71998 1
71999 0
72000 1
72001 0
72002 2
72003 1
72004 0
72005 1
72006 0
72007 1
72008 0
72009 1
72010 2
72011 1
72012 0
72013 2
72014 0
72015 2
72016 1
72017 0
72018 1
72019 0
72020 1
72021 0
72022 1
72023 0
72024 1
72025 0
72026 1
72027 0
72028 2
72029 1
72030 0
72031 1
72032 0
72033 1
72034 0
72035 1
72036 0
72037 2
72038 1
72039 0
72040 1
72041 0
72042 1
72043 2
72044 0
72045 1
72046 0
72047 2
72048 1
72049 2
72050 1
72051 0
72052 1
72053 2
72054 0
72055 1
72056 0
72057 1
72058 0
72059 1
72060 0
72061 1
72062 2
72063 0
72064 2
72065 1
72066 0
72067 2
72068 1
72069 0
72070 2
72071 1
72072 2
72073 0
72074 1
72075 0
72076 2
72077 1
72078 0
72079 1
72080 0
72081 1
72082 0
72083 1
72084 0
72085 1
72086 0
72087 2
72088 1
72089 2
72090 0
72091 1
72092 0
72093 1
72094 0
72095 1
72096 2
72097 1
72098 0
72099 1
72100 2
72101 3
72102 1
72103 0
72104 1
72105 2
72106 1
72107 2
72108 1
72109 0
72110 2
72111 0
72112 1
72113 2
72114 0
72115 1
72116 0
72117 1
72118 0
72119 1
72120 2
72121 0
72122 2
72123 1
72124 0
72125 1
72126 0
72127 1
72128 0
72129 2
72130 0
72131 1
72132 0
72133 1
72134 0
72135 1
72136 0
72137 1
72138 0
72139 2
72140 1
72141 2
72142 1
72143 0
72144 1
72145 0
72146 2
72147 3
72148 1
72149 0
72150 1
72151 0
72152 1
72153 0
72154 1
72155 0
72156 2
72157 0
72158 1
72159 0
72160 1
72161 0
72162 1
72163 0
72164 1
72165 2
72166 0
72167 1
72168 0
72169 1
72170 0
72171 1
72172 0
72173 2
72174 3
72175 1
72176 0
72177 1
72178 0
72179 1
72180 0
72181 2
72182 1
72183 0
72184 2
72185 0
72186 1
72187 0
72188 1
72189 0
72190 2
72191 1
72192 3
72193 2
72194 1
72195 0
72196 1
72197 0
72198 2
72199 0
72200 1
72201 0
72202 1
72203 0
72204 1
72205 0
72206 2
72207 1
72208 2
72209 0
72210 1
72211 0
72212 1
72213 0
72214 1
72215 0
72216 1
72217 2
72218 1
72219 0
72220 1
72221 0
72222 1
72223 0
72224 1
72225 0
72226 1
72227 0
72228 1
72229 0
72230 1
72231 0
72232 2
72233 1
72234 0
72235 1
72236 0
72237 1
72238 0
72239 1
72240 0
72241 1
72242 2
72243 0
72244 1
72245 2
72246 1
72247 0
72248 1
72249 0
72250 2
72251 0
72252 2
72253 1
72254 0
72255 1
72256 0
72257 1
72258 2
72259 0
72260 1
72261 0
72262 1
72263 0
72264 2
72265 1
72266 2
72267 1
72268 0
72269 1
72270 2
72271 0
72272 2
72273 1
72274 0
72275 1
72276 0
72277 2
72278 1
72279 2
72280 1
72281 2
72282 0
72283 2
72284 0
72285 1
72286 0
72287 2
72288 1
72289 0
72290 1
72291 2
72292 1
72293 3
72294 2
72295 1
72296 2
72297 0
72298 1
72299 2
72300 0
72301 1
72302 0
72303 1
72304 0
72305 1
72306 0
72307 1
72308 2
72309 1
72310 2
72311 1
72312 0
72313 2
72314 1
72315 2
72316 0
72317 1
72318 0
72319 1
72320 2
72321 0
72322 2
72323 0
72324 2
72325 1
72326 0
72327 2
72328 3
72329 0
72330 1
72331 0
72332 1
72333 0
72334 1
72335 0
72336 1
72337 2
72338 3
72339 1
72340 0
72341 1
72342 0
72343 1
72344 0
72345 1
72346 0
72347 1
72348 2
72349 1
72350 0
72351 1
72352 0
72353 1
72354 0
72355 1
72356 2
72357 0
72358 2
72359 0
72360 1
72361 2
72362 1
72363 0
72364 2
72365 1
72366 0
72367 1
72368 0
72369 1
72370 2
72371 1
72372 0
72373 1
72374 2
72375 1
72376 0
72377 1
72378 0
72379 1
72380 2
72381 0
72382 1
72383 2
72384 0
72385 1
72386 0
72387 1
72388 3
72389 2
72390 0
72391 2
72392 1
72393 0
72394 1
72395 2
72396 0
72397 1
72398 0
72399 2
72400 1
72401 0
72402 1
72403 0
72404 1
72405 2
72406 0
72407 1
72408 0
72409 1
72410 0
72411 1
72412 0
72413 1
72414 0
72415 1
72416 0
72417 1
72418 0
72419 1
72420 0
72421 1
72422 0
72423 1
72424 2
72425 0
72426 1
72427 0
72428 1
72429 0
72430 1
72431 0
72432 1
72433 2
72434 1
72435 0
72436 1
72437 0
72438 1
72439 0
72440 1
72441 0
72442 1
72443 2
72444 0
72445 1
72446 0
72447 1
72448 0
72449 2
72450 1
72451 0
72452 1
72453 0
72454 2
72455 1
72456 2
72457 1
72458 2
72459 0
72460 1
72461 2
72462 0
72463 1
72464 0
72465 1
72466 0
72467 2
72468 1
72469 2
72470 1
72471 2
72472 0
72473 1
72474 0
72475 2
72476 1
72477 2
72478 0
72479 2
72480 1
72481 2
72482 0
72483 1
72484 2
72485 1
72486 2
72487 1
72488 0
72489 1
72490 2
72491 0
72492 1
72493 2
72494 0
72495 2
72496 1
72497 2
72498 0
72499 1
72500 2
72501 0
72502 1
72503 0
72504 1
72505 0
72506 1
72507 0
72508 1
72509 0
72510 1
72511 0
72512 1
72513 0
72514 1
72515 0
72516 1
72517 0
72518 1
72519 2
72520 0
72521 2
72522 1
72523 2
72524 0
72525 1
72526 2
72527 1
72528 2
72529 0
72530 1
72531 0
72532 2
72533 1
72534 0
72535 1
72536 0
72537 2
72538 1
72539 0
72540 2
72541 1
72542 0
72543 1
72544 2
72545 0
72546 1
72547 0
72548 1
72549 0
72550 2
72551 1
72552 0
72553 1
72554 2
72555 1
72556 0
72557 2
72558 1
72559 0
72560 1
72561 2
72562 0
72563 1
72564 0
72565 1
72566 2
72567 0
72568 1
72569 0
72570 1
72571 2
72572 0
72573 2
72574 1
72575 0
72576 2
72577 0
72578 1
72579 0
72580 1
72581 0
72582 1
72583 2
72584 0
72585 1
72586 2
72587 0
72588 1
72589 0
72590 1
72591 0
72592 2
72593 1
72594 0
72595 1
72596 0
72597 2
72598 1
72599 0
72600 2
72601 0
72602 1
72603 0
72604 1
72605 0
72606 1
72607 0
72608 2
72609 1
72610 0
72611 1
72612 0
72613 1
72614 0
72615 3
72616 2
72617 1
72618 0
72619 1
72620 0
72621 2
72622 1
72623 0
72624 1
72625 0
72626 1
72627 0
72628 2
72629 1
72630 0
72631 2
72632 1
72633 0
72634 2
72635 0
72636 1
72637 0
72638 1
72639 0
72640 1
72641 2
72642 0
72643 2
72644 1
72645 0
72646 1
72647 0
72648 1
72649 2
72650 0
72651 1
72652 0
72653 2
72654 1
72655 2
72656 0
72657 2
72658 1
72659 2
72660 0
72661 1
72662 0
72663 1
72664 0
72665 1
72666 0
72667 1
72668 2
72669 0
72670 2
72671 1
72672 0
72673 1
72674 2
72675 0
72676 2
72677 1
72678 2
72679 0
72680 1
72681 0
72682 1
72683 2
72684 0
72685 1
72686 2
72687 0
72688 1
72689 2
72690 1
72691 0
72692 1
72693 2
72694 0
72695 1
72696 2
72697 0
72698 1
72699 0
72700 1
72701 2
72702 0
72703 2
72704 1
72705 0
72706 1
72707 0
72708 1
72709 0
72710 2
72711 0
72712 1
72713 2
72714 1
72715 2
72716 1
72717 3
72718 2
72719 0
72720 2
72721 0
72722 1
72723 0
72724 1
72725 0
72726 1
72727 0
72728 1
72729 0
72730 1
72731 2
72732 0
72733 1
72734 2
72735 1
72736 0
72737 2
72738 1
72739 0
72740 1
72741 2
72742 0
72743 2
72744 0
72745 1
72746 2
72747 0
72748 1
72749 0
72750 1
72751 2
72752 0
72753 1
72754 0
72755 1
72756 0
72757 1
72758 2
72759 0
72760 1
72761 0
72762 1
72763 0
72764 2
72765 1
72766 2
72767 0
72768 1
72769 0
72770 2
72771 0
72772 1
72773 0
72774 2
72775 1
72776 2
72777 0
72778 2
72779 0
72780 1
72781 0
72782 1
72783 0
72784 1
72785 0
72786 1
72787 0
72788 1
72789 0
72790 1
72791 2
72792 0
72793 2
72794 1
72795 2
72796 0
72797 1
72798 0
72799 2
72800 1
72801 2
72802 1
72803 0
72804 1
72805 0
72806 1
72807 2
72808 0
72809 1
72810 0
72811 1
72812 0
72813 1
72814 2
72815 1
72816 0
72817 2
72818 1
72819 2
72820 0
72821 2
72822 0
72823 1
72824 0
72825 1
72826 0
72827 1
72828 2
72829 0
72830 1
72831 0
72832 1
72833 0
72834 1
72835 2
72836 1
72837 0
72838 2
72839 1
72840 0
72841 1
72842 0
72843 1
72844 0
72845 1
72846 2
72847 0
72848 1
72849 0
72850 1
72851 0
72852 1
72853 0
72854 1
72855 0
72856 1
72857 0
72858 1
72859 0
72860 1
72861 0
72862 1
72863 2
72864 0
72865 1
72866 0
72867 2
72868 1
72869 0
72870 1
72871 0
72872 1
72873 0
72874 1
72875 0
72876 2
72877 1
72878 0
72879 2
72880 1
72881 0
72882 1
72883 0
72884 1
72885 0
72886 2
72887 1
72888 2
72889 0
72890 1
72891 2
72892 1
72893 0
72894 1
72895 2
72896 0
72897 1
72898 0
72899 1
72900 0
72901 1
72902 2
72903 1
72904 0
72905 1
72906 0
72907 1
72908 0
72909 1
72910 2
72911 1
72912 2
72913 1
72914 2
72915 0
72916 2
72917 0
72918 1
72919 2
72920 0
72921 1
72922 0
72923 1
72924 0
72925 1
72926 0
72927 1
72928 0
72929 1
72930 0
72931 2
72932 1
72933 0
72934 2
72935 1
72936 2
72937 0
72938 2
72939 0
72940 2
72941 1
72942 0
72943 1
72944 0
72945 1
72946 0
72947 1
72948 0
72949 1
72950 0
72951 1
72952 2
72953 0
72954 1
72955 0
72956 1
72957 0
72958 1
72959 0
72960 1
72961 2
72962 0
72963 1
72964 0
72965 1
72966 2
72967 1
72968 0
72969 1
72970 0
72971 1
72972 0
72973 1
72974 0
72975 1
72976 0
72977 1
72978 0
72979 2
72980 0
72981 1
72982 0
72983 1
72984 0
72985 1
72986 0
72987 1
72988 0
72989 1
72990 0
72991 2
72992 1
72993 2
72994 0
72995 1
72996 2
72997 0
72998 2
72999 1
73000 2
73001 0
73002 1
73003 0
73004 2
73005 1
73006 0
73007 1
73008 0
73009 1
73010 0
73011 2
73012 1
73013 0
73014 2
73015 1
73016 0
73017 1
73018 0
73019 1
73020 0
73021 1
73022 0
73023 1
73024 0
73025 1
73026 0
73027 2
73028 1
73029 0
73030 1
73031 0
73032 2
73033 0
73034 1
73035 0
73036 1
73037 2
73038 0
73039 2
73040 1
73041 2
73042 0
73043 2
73044 1
73045 2
73046 0
73047 2
73048 1
73049 0
73050 1
73051 0
73052 1
73053 2
73054 0
73055 1
73056 0
73057 1
73058 0
73059 1
73060 0
73061 1
73062 2
73063 0
73064 2
73065 0
73066 1
73067 0
73068 2
73069 1
73070 2
73071 0
73072 2
73073 1
73074 0
73075 1
73076 0
73077 1
73078 0
73079 1
73080 0
73081 1
73082 0
73083 2
73084 1
73085 2
73086 0
73087 1
73088 0
73089 1
73090 0
73091 1
73092 2
73093 0
73094 1
73095 0
73096 2
73097 0
73098 2
73099 1
73100 3
73101 0
73102 2
73103 1
73104 0
73105 2
73106 1
73107 0
73108 1
73109 2
73110 0
73111 1
73112 0
73113 1
73114 0
73115 1
73116 0
73117 2
73118 0
73119 2
73120 1
73121 0
73122 1
73123 0
73124 1
73125 0
73126 2
73127 1
73128 2
73129 0
73130 1
73131 0
73132 2
73133 1
73134 2
73135 0
73136 1
73137 0
73138 1
73139 0
73140 1
73141 0
73142 1
73143 0
73144 1
73145 0
73146 2
73147 1
73148 0
73149 1
73150 0
73151 2
73152 1
73153 0
73154 1
73155 2
73156 1
73157 0
73158 1
73159 2
73160 0
73161 1
73162 2
73163 0
73164 1
73165 0
73166 2
73167 1
73168 0
73169 2
73170 1
73171 2
73172 3
73173 0
73174 1
73175 0
73176 1
73177 0
73178 1
73179 0
73180 2
73181 1
73182 2
73183 1
73184 0
73185 2
73186 1
73187 0
73188 1
73189 2
73190 0
73191 2
73192 1
73193 2
73194 0
73195 1
73196 2
73197 0
73198 1
73199 2
73200 0
73201 1
73202 0
73203 1
73204 2
73205 1
73206 2
73207 1
73208 0
73209 1
73210 2
73211 0
73212 1
73213 0
73214 1
73215 2
73216 1
73217 0
73218 2
73219 1
73220 0
73221 1
73222 0
73223 2
73224 1
73225 2
73226 1
73227 0
73228 1
73229 0
73230 1
73231 0
73232 1
73233 0
73234 1
73235 0
73236 2
73237 1
73238 2
73239 0
73240 2
73241 1
73242 2
73243 0
73244 2
73245 0
73246 1
73247 0
73248 1
73249 0
73250 1
73251 0
73252 2
73253 1
73254 0
73255 2
73256 1
73257 0
73258 1
73259 0
73260 1
73261 0
73262 1
73263 0
73264 1
73265 0
73266 2
73267 1
73268 0
73269 1
73270 2
73271 0
73272 1
73273 2
73274 1
73275 0
73276 1
73277 0
73278 1
73279 2
73280 0
73281 2
73282 0
73283 1
73284 2
73285 1
73286 2
73287 1
73288 2
73289 0
73290 1
73291 0
73292 2
73293 1
73294 2
73295 0
73296 1
73297 0
73298 1
73299 0
73300 2
73301 1
73302 0
73303 1
73304 0
73305 1
73306 0
73307 1
73308 0
73309 2
73310 0
73311 1
73312 0
73313 1
73314 0
73315 1
73316 0
73317 2
73318 1
73319 0
73320 1
73321 0
73322 1
73323 2
73324 0
73325 1
73326 2
73327 0
73328 1
73329 0
73330 1
73331 2
73332 1
73333 0
73334 1
73335 2
73336 0
73337 1
73338 0
73339 1
73340 0
73341 1
73342 0
73343 2
73344 1
73345 2
73346 0
73347 1
73348 2
73349 0
73350 2
73351 1
73352 2
73353 1
73354 0
73355 2
73356 1
73357 2
73358 1
73359 0
73360 1
73361 2
73362 0
73363 1
73364 0
73365 1
73366 0
73367 1
73368 2
73369 0
73370 1
73371 0
73372 2
73373 1
73374 0
73375 1
73376 0
73377 1
73378 0
73379 2
73380 1
73381 2
73382 0
73383 1
73384 2
73385 1
73386 2
73387 0
73388 1
73389 0
73390 1
73391 0
73392 1
73393 2
73394 1
73395 0
73396 1
73397 0
73398 1
73399 2
73400 0
73401 1
73402 2
73403 0
73404 2
73405 1
73406 0
73407 1
73408 2
73409 3
73410 0
73411 1
73412 0
73413 1
73414 0
73415 1
73416 2
73417 1
73418 2
73419 1
73420 0
73421 1
73422 0
73423 2
73424 1
73425 2
73426 1
73427 0
73428 1
73429 0
73430 1
73431 2
73432 0
73433 1
73434 0
73435 1
73436 2
73437 0
73438 1
73439 2
73440 0
73441 1
73442 2
73443 0
73444 1
73445 2
73446 0
73447 1
73448 2
73449 0
73450 1
73451 2
73452 0
73453 1
73454 0
73455 2
73456 0
73457 1
73458 2
73459 0
73460 1
73461 0
73462 1
73463 0
73464 1
73465 2
73466 0
73467 1
73468 0
73469 1
73470 2
73471 0
73472 1
73473 0
73474 2
73475 1
73476 0
73477 1
73478 0
73479 1
73480 0
73481 1
73482 2
73483 0
73484 2
73485 1
73486 0
73487 2
73488 1
73489 2
73490 0
73491 1
73492 0
73493 1
73494 2
73495 1
73496 2
73497 0
73498 1
73499 0
73500 1
73501 0
73502 1
73503 0
73504 1
73505 0
73506 1
73507 2
73508 1
73509 0
73510 2
73511 1
73512 2
73513 0
73514 1
73515 0
73516 1
73517 2
73518 0
73519 2
73520 1
73521 2
73522 0
73523 1
73524 0
73525 1
73526 0
73527 1
73528 0
73529 1
73530 2
73531 0
73532 1
73533 0
73534 2
73535 0
73536 1
73537 0
73538 2
73539 0
73540 1
73541 0
73542 1
73543 0
73544 1
73545 2
73546 0
73547 2
73548 1
73549 0
73550 1
73551 0
73552 1
73553 0
73554 1
73555 0
73556 1
73557 2
73558 0
73559 1
73560 0
73561 2
73562 1
73563 2
73564 0
73565 1
73566 0
73567 1
73568 0
73569 1
73570 0
73571 1
73572 0
73573 1
73574 0
73575 2
73576 1
73577 2
73578 0
73579 1
73580 0
73581 1
73582 2
73583 0
73584 2
73585 1
73586 2
73587 0
73588 1
73589 0
73590 1
73591 0
73592 1
73593 0
73594 2
73595 1
73596 0
73597 1
73598 2
73599 1
73600 0
73601 2
73602 1
73603 2
73604 1
73605 0
73606 1
73607 0
73608 2
73609 1
73610 0
73611 1
73612 2
73613 0
73614 1
73615 0
73616 1
73617 0
73618 2
73619 1
73620 0
73621 1
73622 0
73623 2
73624 1
73625 0
73626 1
73627 0
73628 1
73629 0
73630 1
73631 0
73632 1
73633 2
73634 3
73635 1
73636 2
73637 0
73638 1
73639 2
73640 1
73641 0
73642 2
73643 1
73644 2
73645 0
73646 2
73647 1
73648 0
73649 1
73650 0
73651 2
73652 1
73653 2
73654 0
73655 1
73656 2
73657 1
73658 0
73659 1
73660 0
73661 1
73662 0
73663 1
73664 2
73665 1
73666 0
73667 1
73668 0
73669 1
73670 0
73671 1
73672 2
73673 0
73674 1
73675 2
73676 0
73677 2
73678 1
73679 0
73680 1
73681 0
73682 1
73683 2
73684 1
73685 0
73686 1
73687 0
73688 1
73689 0
73690 2
73691 0
73692 1
73693 0
73694 2
73695 1
73696 2
73697 0
73698 1
73699 0
73700 1
73701 0
73702 2
73703 1
73704 0
73705 1
73706 0
73707 2
73708 1
73709 2
73710 0
73711 2
73712 0
73713 2
73714 1
73715 2
73716 0
73717 2
73718 1
73719 0
73720 1
73721 0
73722 1
73723 2
73724 1
73725 0
73726 1
73727 0
73728 1
73729 2
73730 0
73731 1
73732 0
73733 1
73734 0
73735 2
73736 1
73737 2
73738 0
73739 1
73740 2
73741 1
73742 2
73743 0
73744 2
73745 1
73746 0
73747 1
73748 0
73749 1
73750 0
73751 2
73752 1
73753 2
73754 1
73755 0
73756 1
73757 2
73758 0
73759 1
73760 0
73761 1
73762 0
73763 1
73764 0
73765 2
73766 1
73767 2
73768 1
73769 0
73770 1
73771 0
73772 1
73773 2
73774 0
73775 1
73776 0
73777 2
73778 0
73779 2
73780 0
73781 1
73782 0
73783 2
73784 1
73785 0
73786 1
73787 0
73788 1
73789 0
73790 1
73791 2
73792 0
73793 1
73794 2
73795 1
73796 0
73797 1
73798 0
73799 1
73800 0
73801 1
73802 2
73803 0
73804 2
73805 1
73806 0
73807 1
73808 0
73809 2
73810 1
73811 0
73812 1
73813 2
73814 0
73815 1
73816 0
73817 1
73818 0
73819 1
73820 2
73821 0
73822 1
73823 0
73824 1
73825 2
73826 0
73827 1
73828 0
73829 1
73830 0
73831 1
73832 0
73833 1
73834 0
73835 1
73836 0
73837 1
73838 2
73839 0
73840 2
73841 3
73842 1
73843 0
73844 1
73845 0
73846 1
73847 0
73848 2
73849 1
73850 0
73851 1
73852 0
73853 1
73854 2
73855 0
73856 2
73857 0
73858 2
73859 1
73860 0
73861 1
73862 0
73863 1
73864 2
73865 0
73866 1
73867 0
73868 1
73869 0
73870 2
73871 1
73872 2
73873 1
73874 2
73875 0
73876 1
73877 0
73878 1
73879 2
73880 0
73881 2
73882 1
73883 0
73884 1
73885 2
73886 1
73887 0
73888 1
73889 0
73890 1
73891 2
73892 0
73893 1
73894 2
73895 0
73896 1
73897 0
73898 1
73899 0
73900 1
73901 0
73902 2
73903 1
73904 3
73905 0
73906 1
73907 0
73908 1
73909 0
73910 1
73911 2
73912 1
73913 2
73914 0
73915 2
73916 1
73917 0
73918 1
73919 0
73920 1
73921 0
73922 1
73923 0
73924 2
73925 0
73926 2
73927 1
73928 0
73929 1
73930 0
73931 1
73932 0
73933 2
73934 1
73935 0
73936 2
73937 1
73938 2
73939 1
73940 0
73941 1
73942 0
73943 1
73944 0
73945 1
73946 0
73947 1
73948 0
73949 1
73950 2
73951 0
73952 2
73953 1
73954 0
73955 1
73956 0
73957 2
73958 1
73959 0
73960 1
73961 0
73962 1
73963 2
73964 0
73965 1
73966 0
73967 2
73968 1
73969 2
73970 0
73971 1
73972 0
73973 1
73974 2
73975 0
73976 1
73977 0
73978 1
73979 0
73980 1
73981 0
73982 1
73983 3
73984 0
73985 1
73986 2
73987 3
73988 0
73989 1
73990 0
73991 1
73992 0
73993 1
73994 0
73995 2
73996 1
73997 0
73998 1
73999 0
74000 1
74001 0
74002 1
74003 0
74004 1
74005 0
74006 1
74007 0
74008 1
74009 0
74010 1
74011 0
74012 1
74013 2
74014 0
74015 2
74016 1
74017 0
74018 1
74019 0
74020 1
74021 2
74022 1
74023 2
74024 1
74025 0
74026 1
74027 0
74028 1
74029 0
74030 1
74031 0
74032 1
74033 0
74034 1
74035 2
74036 0
74037 1
74038 0
74039 1
74040 0
74041 1
74042 0
74043 1
74044 2
74045 1
74046 2
74047 1
74048 0
74049 2
74050 1
74051 0
74052 1
74053 0
74054 2
74055 1
74056 0
74057 2
74058 1
74059 0
74060 1
74061 0
74062 1
74063 0
74064 2
74065 1
74066 0
74067 2
74068 1
74069 0
74070 1
74071 0
74072 1
74073 0
74074 1
74075 0
74076 1
74077 0
74078 2
74079 0
74080 1
74081 0
74082 2
74083 1
74084 0
74085 1
74086 0
74087 1
74088 2
74089 0
74090 1
74091 2
74092 0
74093 1
74094 0
74095 1
74096 0
74097 1
74098 0
74099 1
74100 2
74101 0
74102 1
74103 0
74104 2
74105 0
74106 2
74107 0
74108 1
74109 2
74110 0
74111 1
74112 0
74113 1
74114 0
74115 2
74116 1
74117 0
74118 1
74119 0
74120 1
74121 0
74122 2
74123 1
74124 0
74125 2
74126 1
74127 0
74128 1
74129 0
74130 1
74131 0
74132 1
74133 0
74134 1
74135 2
74136 0
74137 1
74138 0
74139 1
74140 0
74141 2
74142 0
74143 2
74144 1
74145 0
74146 1
74147 2
74148 0
74149 1
74150 2
74151 0
74152 2
74153 1
74154 2
74155 0
74156 1
74157 0
74158 2
74159 0
74160 1
74161 0
74162 1
74163 0
74164 2
74165 1
74166 0
74167 2
74168 1
74169 0
74170 1
74171 2
74172 1
74173 2
74174 0
74175 1
74176 2
74177 0
74178 1
74179 2
74180 1
74181 2
74182 3
74183 1
74184 0
74185 1
74186 0
74187 1
74188 0
74189 2
74190 1
74191 0
74192 2
74193 0
74194 2
74195 1
74196 0
74197 2
74198 1
74199 0
74200 1
74201 2
74202 0
74203 1
74204 0
74205 2
74206 0
74207 1
74208 0
74209 1
74210 0
74211 2
74212 3
74213 1
74214 0
74215 1
74216 0
74217 1
74218 0
74219 2
74220 1
74221 0
74222 2
74223 0
74224 1
74225 2
74226 1
74227 2
74228 0
74229 1
74230 0
74231 2
74232 1
74233 2
74234 0
74235 1
74236 0
74237 1
74238 0
74239 2
74240 1
74241 2
74242 1
74243 2
74244 0
74245 1
74246 2
74247 0
74248 1
74249 0
74250 1
74251 0
74252 1
74253 0
74254 1
74255 0
74256 1
74257 0
74258 1
74259 2
74260 0
74261 2
74262 0
74263 1
74264 0
74265 1
74266 0
74267 1
74268 2
74269 0
74270 1
74271 0
74272 1
74273 2
74274 1
74275 2
74276 0
74277 2
74278 1
74279 0
74280 1
74281 2
74282 0
74283 1
74284 2
74285 0
74286 1
74287 0
74288 1
74289 0
74290 1
74291 0
74292 1
74293 0
74294 1
74295 2
74296 0
74297 1
74298 2
74299 0
74300 1
74301 0
74302 1
74303 0
74304 1
74305 0
74306 1
74307 2
74308 0
74309 1
74310 2
74311 0
74312 1
74313 0
74314 1
74315 2
74316 0
74317 1
74318 0
74319 1
74320 2
74321 0
74322 1
74323 0
74324 1
74325 0
74326 2
74327 1
74328 0
74329 1
74330 2
74331 0
74332 1
74333 0
74334 1
74335 2
74336 0
74337 1
74338 0
74339 1
74340 0
74341 1
74342 0
74343 1
74344 0
74345 1
74346 0
74347 1
74348 0
74349 1
74350 0
74351 1
74352 0
74353 1
74354 0
74355 2
74356 0
74357 1
74358 0
74359 2
74360 1
74361 2
74362 0
74363 1
74364 2
74365 1
74366 0
74367 1
74368 0
74369 2
74370 0
74371 2
74372 1
74373 2
74374 0
74375 1
74376 0
74377 2
74378 1
74379 0
74380 1
74381 2
74382 1
74383 2
74384 1
74385 0
74386 1
74387 0
74388 1
74389 0
74390 1
74391 0
74392 1
74393 0
74394 1
74395 0
74396 1
74397 0
74398 2
74399 0
74400 1
74401 0
74402 2
74403 1
74404 0
74405 1
74406 2
74407 3
74408 1
74409 0
74410 1
74411 0
74412 1
74413 2
74414 0
74415 1
74416 2
74417 0
74418 2
74419 1
74420 0
74421 1
74422 0
74423 1
74424 0
74425 1
74426 2
74427 1
74428 2
74429 0
74430 2
74431 1
74432 0
74433 1
74434 0
74435 2
74436 1
74437 2
74438 0
74439 2
74440 1
74441 0
74442 1
74443 0
74444 1
74445 0
74446 1
74447 0
74448 1
74449 2
74450 0
74451 1
74452 0
74453 1
74454 2
74455 0
74456 1
74457 2
74458 3
74459 1
74460 0
74461 1
74462 0
74463 2
74464 1
74465 0
74466 2
74467 1
74468 0
74469 1
74470 2
74471 0
74472 1
74473 0
74474 2
74475 1
74476 2
74477 1
74478 0
74479 2
74480 1
74481 2
74482 1
74483 0
74484 1
74485 2
74486 0
74487 1
74488 0
74489 1
74490 2
74491 0
74492 1
74493 2
74494 0
74495 1
74496 2
74497 0
74498 2
74499 1
74500 0
74501 2
74502 1
74503 0
74504 2
74505 0
74506 1
74507 0
74508 1
74509 0
74510 1
74511 2
74512 1
74513 2
74514 0
74515 1
74516 0
74517 1
74518 0
74519 1
74520 2
74521 0
74522 1
74523 0
74524 1
74525 0
74526 2
74527 1
74528 0
74529 1
74530 0
74531 1
74532 0
74533 2
74534 1
74535 0
74536 1
74537 0
74538 1
74539 2
74540 3
74541 1
74542 2
74543 0
74544 1
74545 0
74546 2
74547 0
74548 1
74549 2
74550 0
74551 1
74552 0
74553 2
74554 0
74555 1
74556 2
74557 1
74558 2
74559 0
74560 1
74561 0
74562 2
74563 1
74564 2
74565 0
74566 1
74567 0
74568 1
74569 2
74570 0
74571 1
74572 0
74573 1
74574 2
74575 1
74576 2
74577 1
74578 2
74579 1
74580 0
74581 1
74582 0
74583 1
74584 0
74585 1
74586 0
74587 1
74588 2
74589 1
74590 0
74591 1
74592 0
74593 2
74594 1
74595 2
74596 0
74597 2
74598 1
74599 0
74600 1
74601 0
74602 2
74603 1
74604 0
74605 1
74606 0
74607 2
74608 0
74609 1
74610 0
74611 1
74612 0
74613 2
74614 1
74615 0
74616 1
74617 0
74618 1
74619 0
74620 1
74621 2
74622 0
74623 1
74624 0
74625 1
74626 0
74627 1
74628 0
74629 1
74630 0
74631 1
74632 2
74633 0
74634 2
74635 1
74636 2
74637 0
74638 1
74639 0
74640 1
74641 0
74642 1
74643 2
74644 1
74645 2
74646 3
74647 0
74648 1
74649 0
74650 2
74651 1
74652 0
74653 1
74654 0
74655 1
74656 0
74657 1
74658 0
74659 1
74660 0
74661 1
74662 0
74663 1
74664 0
74665 1
74666 0
74667 2
74668 1
74669 2
74670 1
74671 0
74672 2
74673 1
74674 2
74675 0
74676 1
74677 0
74678 1
74679 2
74680 1
74681 0
74682 2
74683 1
74684 0
74685 2
74686 0
74687 1
74688 0
74689 2
74690 1
74691 2
74692 1
74693 2
74694 0
74695 1
74696 0
74697 1
74698 0
74699 2
74700 1
74701 0
74702 1
74703 0
74704 1
74705 0
74706 1
74707 2
74708 1
74709 2
74710 0
74711 1
74712 0
74713 1
74714 0
74715 1
74716 0
74717 1
74718 0
74719 2
74720 1
74721 0
74722 1
74723 3
74724 2
74725 1
74726 0
74727 1
74728 0
74729 1
74730 0
74731 1
74732 2
74733 0
74734 1
74735 0
74736 1
74737 0
74738 1
74739 0
74740 1
74741 0
74742 1
74743 0
74744 1
74745 0
74746 1
74747 0
74748 1
74749 2
74750 0
74751 2
74752 1
74753 2
74754 1
74755 0
74756 1
74757 2
74758 1
74759 2
74760 1
74761 2
74762 0
74763 1
74764 0
74765 1
74766 2
74767 0
74768 1
74769 0
74770 2
74771 1
74772 2
74773 3
74774 1
74775 0
74776 2
74777 1
74778 2
74779 1
74780 0
74781 1
74782 2
74783 0
74784 1
74785 2
74786 0
74787 1
74788 0
74789 1
74790 0
74791 2
74792 1
74793 2
74794 0
74795 2
74796 1
74797 2
74798 0
74799 1
74800 2
74801 0
74802 1
74803 0
74804 2
74805 1
74806 3
74807 2
74808 0
74809 1
74810 0
74811 1
74812 2
74813 1
74814 2
74815 0
74816 1
74817 0
74818 1
74819 0
74820 1
74821 0
74822 1
74823 0
74824 1
74825 2
74826 0
74827 1
74828 2
74829 1
74830 0
74831 1
74832 2
74833 0
74834 2
74835 1
74836 2
74837 0
74838 1
74839 0
74840 1
74841 0
74842 1
74843 0
74844 1
74845 0
74846 2
74847 1
74848 2
74849 0
74850 2
74851 1
74852 2
74853 0
74854 2
74855 0
74856 2
74857 3
74858 0
74859 2
74860 1
74861 2
74862 0
74863 1
74864 0
74865 1
74866 0
74867 1
74868 2
74869 1
74870 2
74871 0
74872 1
74873 0
74874 1
74875 0
74876 2
74877 3
74878 1
74879 0
74880 1
74881 2
74882 0
74883 1
74884 0
74885 2
74886 1
74887 0
74888 1
74889 2
74890 0
74891 1
74892 0
74893 1
74894 2
74895 0
74896 2
74897 1
74898 0
74899 1
74900 0
74901 1
74902 0
74903 1
74904 0
74905 1
74906 0
74907 1
74908 2
74909 1
74910 0
74911 1
74912 0
74913 1
74914 2
74915 0
74916 1
74917 0
74918 2
74919 1
74920 2
74921 0
74922 2
74923 1
74924 2
74925 0
74926 1
74927 2
74928 0
74929 1
74930 0
74931 1
74932 0
74933 1
74934 2
74935 1
74936 0
74937 1
74938 2
74939 0
74940 2
74941 1
74942 0
74943 2
74944 1
74945 0
74946 2
74947 1
74948 0
74949 1
74950 2
74951 0
74952 1
74953 0
74954 2
74955 0
74956 1
74957 0
74958 1
74959 0
74960 1
74961 0
74962 2
74963 1
74964 0
74965 1
74966 0
74967 1
74968 0
74969 1
74970 0
74971 1
74972 0
74973 1
74974 2
74975 0
74976 1
74977 0
74978 1
74979 0
74980 1
74981 0
74982 1
74983 0
74984 1
74985 0
74986 1
74987 0
74988 1
74989 0
74990 1
74991 0
74992 1
74993 2
74994 0
74995 1
74996 2
74997 1
74998 2
74999 0
75000 2
75001 1
75002 0
75003 2
75004 1
75005 2
75006 1
75007 2
75008 0
75009 1
75010 0
75011 2
75012 1
75013 0
75014 1
75015 0
75016 1
75017 2
75018 0
75019 1
75020 2
75021 1
75022 0
75023 1
75024 2
75025 0
75026 1
75027 0
75028 1
75029 2
75030 0
75031 1
75032 0
75033 1
75034 0
75035 1
75036 0
75037 2
75038 1
75039 0
75040 1
75041 0
75042 2
75043 1
75044 0
75045 1
75046 2
75047 0
75048 2
75049 0
75050 1
75051 0
75052 1
75053 0
75054 1
75055 0
75056 1
75057 0
75058 1
75059 0
75060 1
75061 0
75062 1
75063 0
75064 1
75065 2
75066 1
75067 0
75068 1
75069 0
75070 1
75071 0
75072 1
75073 0
75074 2
75075 0
75076 1
75077 0
75078 2
75079 1
75080 2
75081 0
75082 1
75083 0
75084 1
75085 0
75086 1
75087 0
75088 2
75089 1
75090 2
75091 1
75092 0
75093 1
75094 0
75095 2
75096 1
75097 0
75098 1
75099 0
75100 2
75101 0
75102 1
75103 2
75104 0
75105 2
75106 1
75107 0
75108 1
75109 0
75110 1
75111 0
75112 1
75113 0
75114 1
75115 0
75116 1
75117 0
75118 1
75119 0
75120 2
75121 1
75122 0
75123 1
75124 0
75125 1
75126 0
75127 1
75128 0
75129 2
75130 1
75131 0
75132 1
75133 0
75134 1
75135 0
75136 1
75137 0
75138 1
75139 0
75140 2
75141 1
75142 0
75143 1
75144 2
75145 1
75146 0
75147 1
75148 2
75149 0
75150 1
75151 0
75152 2
75153 1
75154 0
75155 1
75156 0
75157 1
75158 2
75159 0
75160 1
75161 2
75162 0
75163 1
75164 0
75165 1
75166 2
75167 3
75168 0
75169 1
75170 0
75171 1
75172 0
75173 2
75174 1
75175 0
75176 2
75177 1
75178 0
75179 1
75180 2
75181 1
75182 0
75183 1
75184 2
75185 1
75186 0
75187 1
75188 2
75189 0
75190 2
75191 0
75192 2
75193 1
75194 2
75195 1
75196 0
75197 1
75198 0
75199 1
75200 0
75201 1
75202 0
75203 1
75204 0
75205 2
75206 0
75207 2
75208 1
75209 0
75210 1
75211 2
75212 0
75213 1
75214 2
75215 0
75216 1
75217 2
75218 0
75219 1
75220 0
75221 1
75222 2
75223 1
75224 2
75225 0
75226 1
75227 2
75228 0
75229 1
75230 0
75231 2
75232 1
75233 2
75234 0
75235 2
75236 1
75237 0
75238 1
75239 0
75240 1
75241 0
75242 1
75243 0
75244 1
75245 2
75246 0
75247 1
75248 2
75249 0
75250 2
75251 1
75252 2
75253 0
75254 1
75255 0
75256 1
75257 2
75258 0
75259 1
75260 2
75261 0
75262 1
75263 2
75264 0
75265 1
75266 0
75267 1
75268 0
75269 1
75270 0
75271 1
75272 2
75273 0
75274 2
75275 1
75276 0
75277 1
75278 0
75279 1
75280 2
75281 0
75282 1
75283 0
75284 1
75285 2
75286 0
75287 2
75288 1
75289 0
75290 2
75291 0
75292 1
75293 2
75294 0
75295 1
75296 0
75297 1
75298 0
75299 1
75300 0
75301 1
75302 0
75303 1
75304 2
75305 0
75306 1
75307 0
75308 1
75309 0
75310 1
75311 2
75312 0
75313 2
75314 1
75315 0
75316 2
75317 1
75318 0
75319 1
75320 2
75321 0
75322 1
75323 2
75324 0
75325 1
75326 2
75327 0
75328 1
75329 2
75330 0
75331 2
75332 0
75333 1
75334 2
75335 0
75336 1
75337 0
75338 1
75339 0
75340 1
75341 0
75342 1
75343 2
75344 0
75345 1
75346 0
75347 2
75348 1
75349 2
75350 0
75351 2
75352 1
75353 0
75354 1
75355 0
75356 2
75357 0
75358 1
75359 0
75360 2
75361 1
75362 2
75363 0
75364 2
75365 1
75366 0
75367 2
75368 1
75369 2
75370 0
75371 1
75372 2
75373 1
75374 0
75375 1
75376 0
75377 1
75378 0
75379 1
75380 2
75381 0
75382 1
75383 0
75384 2
75385 1
75386 2
75387 0
75388 2
75389 1
75390 0
75391 2
75392 1
75393 0
75394 1
75395 0
75396 2
75397 1
75398 2
75399 1
75400 0
75401 1
75402 2
75403 0
75404 2
75405 1
75406 2
75407 1
75408 0
75409 2
75410 0
75411 1
75412 0
75413 1
75414 0
75415 1
75416 0
75417 1
75418 0
75419 2
75420 1
75421 0
75422 1
75423 0
75424 1
75425 0
75426 1
75427 0
75428 1
75429 2
75430 0
75431 1
75432 0
75433 1
75434 2
75435 1
75436 0
75437 2
75438 1
75439 2
75440 1
75441 2
75442 0
75443 1
75444 2
75445 0
75446 1
75447 2
75448 0
75449 1
75450 0
75451 2
75452 1
75453 0
75454 1
75455 0
75456 2
75457 0
75458 2
75459 1
75460 0
75461 1
75462 0
75463 1
75464 2
75465 0
75466 1
75467 0
75468 2
75469 0
75470 1
75471 0
75472 1
75473 2
75474 1
75475 0
75476 2
75477 1
75478 0
75479 1
75480 0
75481 1
75482 0
75483 1
75484 0
75485 1
75486 0
75487 1
75488 0
75489 1
75490 0
75491 1
75492 0
75493 1
75494 0
75495 1
75496 0
75497 1
75498 0
75499 1
75500 2
75501 0
75502 1
75503 0
75504 1
75505 0
75506 1
75507 0
75508 2
75509 1
75510 2
75511 1
75512 0
75513 2
75514 0
75515 1
75516 0
75517 1
75518 0
75519 1
75520 2
75521 0
75522 1
75523 0
75524 2
75525 1
75526 0
75527 1
75528 0
75529 1
75530 0
75531 1
75532 0
75533 1
75534 2
75535 1
75536 0
75537 1
75538 0
75539 1
75540 2
75541 0
75542 1
75543 0
75544 1
75545 0
75546 2
75547 0
75548 1
75549 0
75550 1
75551 0
75552 1
75553 0
75554 2
75555 1
75556 0
75557 2
75558 1
75559 0
75560 1
75561 0
75562 1
75563 2
75564 0
75565 2
75566 1
75567 0
75568 2
75569 1
75570 2
75571 0
75572 1
75573 0
75574 2
75575 1
75576 0
75577 2
75578 1
75579 0
75580 1
75581 0
75582 2
75583 0
75584 2
75585 1
75586 0
75587 2
75588 0
75589 1
75590 0
75591 2
75592 1
75593 2
75594 0
75595 2
75596 1
75597 0
75598 1
75599 0
75600 1
75601 0
75602 1
75603 2
75604 0
75605 2
75606 1
75607 0
75608 1
75609 0
75610 1
75611 0
75612 1
75613 0
75614 1
75615 0
75616 1
75617 0
75618 1
75619 0
75620 1
75621 0
75622 1
75623 0
75624 1
75625 0
75626 1
75627 2
75628 0
75629 2
75630 1
75631 0
75632 1
75633 0
75634 1
75635 2
75636 0
75637 2
75638 0
75639 2
75640 0
75641 1
75642 2
75643 1
75644 0
75645 1
75646 0
75647 1
75648 0
75649 1
75650 0
75651 1
75652 3
75653 2
75654 1
75655 0
75656 2
75657 1
75658 2
75659 1
75660 0
75661 2
75662 1
75663 0
75664 1
75665 2
75666 0
75667 1
75668 0
75669 1
75670 0
75671 1
75672 0
75673 2
75674 1
75675 2
75676 1
75677 0
75678 1
75679 0
75680 1
75681 2
75682 1
75683 2
75684 0
75685 1
75686 0
75687 1
75688 0
75689 2
75690 1
75691 0
75692 1
75693 0
75694 1
75695 0
75696 1
75697 0
75698 1
75699 2
75700 0
75701 1
75702 0
75703 1
75704 0
75705 1
75706 0
75707 1
75708 0
75709 2
75710 1
75711 3
75712 0
75713 1
75714 2
75715 0
75716 1
75717 0
75718 1
75719 0
75720 1
75721 2
75722 0
75723 1
75724 2
75725 0
75726 2
75727 1
75728 0
75729 1
75730 0
75731 1
75732 0
75733 1
75734 0
75735 2
75736 1
75737 0
75738 1
75739 2
75740 0
75741 1
75742 0
75743 2
75744 1
75745 2
75746 0
75747 1
75748 2
75749 1
75750 0
75751 1
75752 2
75753 0
75754 1
75755 0
75756 1
75757 2
75758 0
75759 1
75760 0
75761 2
75762 0
75763 1
75764 2
75765 0
75766 1
75767 0
75768 1
75769 0
75770 1
75771 0
75772 1
75773 0
75774 2
75775 0
75776 1
75777 2
75778 1
75779 0
75780 1
75781 0
75782 1
75783 0
75784 1
75785 2
75786 0
75787 1
75788 2
75789 1
75790 0
75791 2
75792 1
75793 2
75794 0
75795 2
75796 0
75797 1
75798 0
75799 1
75800 0
75801 1
75802 0
75803 1
75804 0
75805 2
75806 0
75807 1
75808 2
75809 0
75810 1
75811 0
75812 1
75813 0
75814 2
75815 1
75816 2
75817 1
75818 0
75819 1
75820 0
75821 1
75822 2
75823 0
75824 2
75825 1
75826 0
75827 1
75828 0
75829 2
75830 1
75831 0
75832 1
75833 2
75834 1
75835 0
75836 1
75837 2
75838 0
75839 1
75840 2
75841 1
75842 2
75843 0
75844 2
75845 1
75846 0
75847 2
75848 0
75849 1
75850 2
75851 1
75852 0
75853 1
75854 0
75855 1
75856 0
75857 1
75858 0
75859 1
75860 0
75861 1
75862 0
75863 1
75864 0
75865 2
75866 1
75867 3
75868 2
75869 1
75870 0
75871 1
75872 0
75873 1
75874 0
75875 2
75876 1
75877 0
75878 1
75879 0
75880 1
75881 3
75882 2
75883 1
75884 2
75885 0
75886 2
75887 1
75888 0
75889 1
75890 0
75891 2
75892 1
75893 2
75894 0
75895 1
75896 0
75897 1
75898 0
75899 1
75900 2
75901 0
75902 1
75903 0
75904 1
75905 0
75906 2
75907 1
75908 2
75909 1
75910 2
75911 0
75912 1
75913 0
75914 1
75915 0
75916 2
75917 1
75918 2
75919 0
75920 1
75921 0
75922 2
75923 1
75924 0
75925 1
75926 2
75927 0
75928 1
75929 0
75930 1
75931 0
75932 1
75933 0
75934 1
75935 2
75936 0
75937 1
75938 2
75939 3
75940 0
75941 2
75942 1
75943 2
75944 0
75945 2
75946 1
75947 0
75948 1
75949 0
75950 2
75951 0
75952 2
75953 1
75954 0
75955 1
75956 0
75957 1
75958 0
75959 1
75960 2
75961 0
75962 2
75963 0
75964 1
75965 0
75966 1
75967 2
75968 0
75969 1
75970 2
75971 1
75972 0
75973 1
75974 2
75975 0
75976 1
75977 0
75978 1
75979 0
75980 1
75981 0
75982 1
75983 2
75984 0
75985 1
75986 0
75987 1
75988 0
75989 1
75990 0
75991 2
75992 1
75993 0
75994 1
75995 2
75996 0
75997 2
75998 1
75999 2
76000 1
76001 2
76002 1
76003 2
76004 0
76005 2
76006 1
76007 2
76008 0
76009 1
76010 0
76011 1
76012 0
76013 1
76014 2
76015 0
76016 1
76017 0
76018 1
76019 2
76020 0
76021 2
76022 1
76023 2
76024 1
76025 0
76026 1
76027 0
76028 1
76029 0
76030 1
76031 0
76032 1
76033 0
76034 2
76035 0
76036 1
76037 2
76038 0
76039 2
76040 1
76041 0
76042 1
76043 2
76044 0
76045 1
76046 2
76047 1
76048 0
76049 2
76050 0
76051 1
76052 0
76053 1
76054 0
76055 1
76056 2
76057 1
76058 0
76059 1
76060 2
76061 0
76062 1
76063 2
76064 0
76065 1
76066 2
76067 0
76068 2
76069 1
76070 2
76071 0
76072 1
76073 0
76074 1
76075 0
76076 1
76077 2
76078 0
76079 1
76080 0
76081 1
76082 0
76083 2
76084 1
76085 0
76086 2
76087 1
76088 2
76089 0
76090 1
76091 0
76092 1
76093 0
76094 1
76095 2
76096 0
76097 1
76098 2
76099 0
76100 1
76101 2
76102 0
76103 2
76104 1
76105 2
76106 0
76107 1
76108 2
76109 1
76110 0
76111 2
76112 1
76113 0
76114 1
76115 0
76116 1
76117 0
76118 1
76119 2
76120 0
76121 1
76122 0
76123 1
76124 2
76125 0
76126 1
76127 0
76128 1
76129 0
76130 1
76131 2
76132 0
76133 1
76134 0
76135 1
76136 0
76137 1
76138 0
76139 1
76140 0
76141 2
76142 1
76143 2
76144 1
76145 2
76146 0
76147 1
76148 2
76149 0
76150 1
76151 2
76152 1
76153 3
76154 2
76155 0
76156 2
76157 1
76158 2
76159 0
76160 1
76161 0
76162 1
76163 0
76164 1
76165 0
76166 1
76167 0
76168 2
76169 1
76170 0
76171 1
76172 2
76173 0
76174 1
76175 0
76176 1
76177 0
76178 1
76179 0
76180 2
76181 1
76182 0
76183 2
76184 1
76185 2
76186 1
76187 2
76188 0
76189 2
76190 0
76191 1
76192 2
76193 1
76194 0
76195 1
76196 0
76197 1
76198 0
76199 1
76200 0
76201 1
76202 0
76203 1
76204 0
76205 1
76206 0
76207 2
76208 1
76209 2
76210 0
76211 1
76212 0
76213 1
76214 0
76215 1
76216 0
76217 1
76218 0
76219 1
76220 0
76221 1
76222 0
76223 2
76224 1
76225 0
76226 2
76227 1
76228 2
76229 1
76230 2
76231 0
76232 2
76233 1
76234 2
76235 0
76236 1
76237 0
76238 1
76239 2
76240 0
76241 1
76242 2
76243 0
76244 2
76245 1
76246 3
76247 2
76248 0
76249 2
76250 1
76251 0
76252 1
76253 0
76254 1
76255 2
76256 0
76257 1
76258 0
76259 1
76260 0
76261 1
76262 0
76263 2
76264 1
76265 0
76266 1
76267 0
76268 1
76269 0
76270 1
76271 2
76272 0
76273 1
76274 2
76275 0
76276 1
76277 0
76278 1
76279 2
76280 1
76281 0
76282 1
76283 0
76284 1
76285 2
76286 0
76287 1
76288 2
76289 0
76290 1
76291 2
76292 0
76293 1
76294 0
76295 1
76296 0
76297 1
76298 0
76299 1
76300 0
76301 1
76302 0
76303 1
76304 0
76305 2
76306 1
76307 0
76308 2
76309 0
76310 2
76311 1
76312 0
76313 1
76314 0
76315 1
76316 2
76317 0
76318 1
76319 0
76320 1
76321 2
76322 0
76323 1
76324 0
76325 1
76326 2
76327 1
76328 0
76329 1
76330 2
76331 0
76332 1
76333 0
76334 2
76335 3
76336 0
76337 1
76338 0
76339 3
76340 1
76341 2
76342 0
76343 1
76344 2
76345 0
76346 2
76347 1
76348 2
76349 0
76350 2
76351 1
76352 2
76353 0
76354 1
76355 2
76356 1
76357 0
76358 1
76359 0
76360 1
76361 2
76362 0
76363 1
76364 2
76365 1
76366 2
76367 0
76368 2
76369 1
76370 2
76371 0
76372 1
76373 2
76374 0
76375 1
76376 0
76377 1
76378 0
76379 1
76380 2
76381 1
76382 0
76383 2
76384 1
76385 0
76386 2
76387 0
76388 2
76389 0
76390 1
76391 2
76392 0
76393 2
76394 3
76395 1
76396 0
76397 2
76398 1
76399 0
76400 1
76401 2
76402 0
76403 2
76404 1
76405 0
76406 2
76407 1
76408 0
76409 2
76410 1
76411 2
76412 0
76413 2
76414 1
76415 0
76416 1
76417 0
76418 1
76419 0
76420 1
76421 0
76422 2
76423 1
76424 0
76425 1
76426 2
76427 3
76428 0
76429 2
76430 1
76431 0
76432 1
76433 2
76434 0
76435 2
76436 1
76437 2
76438 0
76439 1
76440 0
76441 1
76442 2
76443 0
76444 2
76445 1
76446 0
76447 1
76448 0
76449 1
76450 2
76451 0
76452 3
76453 0
76454 2
76455 1
76456 0
76457 1
76458 2
76459 0
76460 1
76461 2
76462 1
76463 0
76464 2
76465 0
76466 1
76467 0
76468 1
76469 0
76470 1
76471 2
76472 0
76473 1
76474 0
76475 1
76476 2
76477 1
76478 0
76479 2
76480 1
76481 0
76482 1
76483 0
76484 1
76485 0
76486 1
76487 0
76488 1
76489 2
76490 0
76491 1
76492 2
76493 1
76494 2
76495 0
76496 1
76497 0
76498 1
76499 2
76500 1
76501 0
76502 1
76503 0
76504 2
76505 1
76506 0
76507 1
76508 2
76509 0
76510 2
76511 0
76512 1
76513 0
76514 1
76515 2
76516 0
76517 1
76518 2
76519 1
76520 2
76521 0
76522 1
76523 2
76524 1
76525 0
76526 2
76527 1
76528 2
76529 0
76530 2
76531 1
76532 2
76533 0
76534 1
76535 0
76536 1
76537 0
76538 1
76539 0
76540 2
76541 1
76542 0
76543 2
76544 1
76545 0
76546 1
76547 2
76548 0
76549 1
76550 2
76551 0
76552 2
76553 1
76554 2
76555 1
76556 0
76557 1
76558 2
76559 1
76560 0
76561 1
76562 2
76563 1
76564 2
76565 3
76566 1
76567 0
76568 1
76569 0
76570 1
76571 0
76572 1
76573 0
76574 1
76575 0
76576 1
76577 0
76578 2
76579 1
76580 2
76581 1
76582 2
76583 0
76584 2
76585 1
76586 0
76587 1
76588 0
76589 2
76590 1
76591 0
76592 1
76593 2
76594 1
76595 2
76596 0
76597 2
76598 1
76599 2
76600 1
76601 0
76602 1
76603 0
76604 1
76605 2
76606 1
76607 0
76608 1
76609 0
76610 2
76611 1
76612 0
76613 2
76614 1
76615 0
76616 1
76617 2
76618 0
76619 1
76620 0
76621 1
76622 0
76623 2
76624 1
76625 2
76626 0
76627 2
76628 1
76629 0
76630 1
76631 0
76632 2
76633 1
76634 2
76635 0
76636 2
76637 1
76638 0
76639 2
76640 1
76641 2
76642 1
76643 2
76644 0
76645 1
76646 0
76647 2
76648 0
76649 2
76650 1
76651 0
76652 2
76653 1
76654 0
76655 1
76656 2
76657 1
76658 3
76659 0
76660 1
76661 2
76662 1
76663 2
76664 0
76665 1
76666 2
76667 0
76668 1
76669 2
76670 1
76671 2
76672 0
76673 1
76674 2
76675 0
76676 1
76677 2
76678 3
76679 1
76680 0
76681 1
76682 0
76683 2
76684 1
76685 2
76686 0
76687 1
76688 0
76689 1
76690 2
76691 0
76692 1
76693 2
76694 1
76695 2
76696 3
76697 1
76698 2
76699 1
76700 2
76701 0
76702 1
76703 2
76704 1
76705 2
76706 0
76707 1
76708 2
76709 0
76710 1
76711 0
76712 1
76713 0
76714 1
76715 0
76716 1
76717 0
76718 1
76719 2
76720 0
76721 1
76722 0
76723 1
76724 0
76725 1
76726 0
76727 1
76728 2
76729 0
76730 1
76731 0
76732 1
76733 0
76734 1
76735 0
76736 1
76737 0
76738 1
76739 2
76740 0
76741 1
76742 0
76743 1
76744 0
76745 1
76746 0
76747 1
76748 2
76749 1
76750 0
76751 1
76752 0
76753 1
76754 0
76755 1
76756 0
76757 1
76758 2
76759 0
76760 1
76761 0
76762 1
76763 0
76764 1
76765 0
76766 1
76767 0
76768 1
76769 2
76770 1
76771 2
76772 1
76773 0
76774 1
76775 2
76776 0
76777 1
76778 0
76779 1
76780 0
76781 1
76782 2
76783 0
76784 2
76785 0
76786 1
76787 0
76788 1
76789 0
76790 1
76791 0
76792 2
76793 1
76794 0
76795 1
76796 0
76797 1
76798 0
76799 1
76800 0
76801 1
76802 0
76803 1
76804 0
76805 1
76806 0
76807 1
76808 0
76809 1
76810 2
76811 0
76812 2
76813 1
76814 0
76815 1
76816 2
76817 0
76818 2
76819 1
76820 0
76821 1
76822 0
76823 1
76824 2
76825 0
76826 2
76827 1
76828 2
76829 0
76830 1
76831 0
76832 1
76833 2
76834 0
76835 1
76836 0
76837 1
76838 2
76839 0
76840 1
76841 0
76842 1
76843 0
76844 1
76845 0
76846 1
76847 0
76848 1
76849 0
76850 1
76851 0
76852 1
76853 0
76854 1
76855 0
76856 1
76857 2
76858 0
76859 1
76860 0
76861 1
76862 0
76863 1
76864 0
76865 1
76866 0
76867 1
76868 0
76869 1
76870 2
76871 0
76872 1
76873 2
76874 1
76875 2
76876 1
76877 0
76878 1
76879 0
76880 2
76881 0
76882 2
76883 1
76884 2
76885 0
76886 3
76887 2
76888 1
76889 0
76890 2
76891 1
76892 0
76893 1
76894 0
76895 1
76896 0
76897 2
76898 1
76899 2
76900 3
76901 1
76902 2
76903 0
76904 1
76905 2
76906 0
76907 1
76908 0
76909 2
76910 1
76911 2
76912 0
76913 1
76914 2
76915 0
76916 2
76917 1
76918 0
76919 1
76920 2
76921 0
76922 1
76923 0
76924 1
76925 2
76926 1
76927 2
76928 0
76929 1
76930 0
76931 1
76932 0
76933 2
76934 1
76935 0
76936 1
76937 2
76938 0
76939 2
76940 0
76941 1
76942 0
76943 1
76944 0
76945 1
76946 0
76947 1
76948 0
76949 1
76950 0
76951 1
76952 2
76953 0
76954 1
76955 0
76956 2
76957 1
76958 0
76959 1
76960 0
76961 1
76962 2
76963 0
76964 2
76965 0
76966 1
76967 0
76968 1
76969 0
76970 1
76971 0
76972 1
76973 2
76974 0
76975 1
76976 0
76977 1
76978 2
76979 1
76980 0
76981 1
76982 0
76983 1
76984 0
76985 1
76986 0
76987 1
76988 0
76989 1
76990 0
76991 1
76992 0
76993 1
76994 2
76995 0
76996 1
76997 2
76998 1
76999 2
77000 0
77001 1
77002 2
77003 1
77004 0
77005 1
77006 2
77007 0
77008 2
77009 1
77010 2
77011 1
77012 0
77013 2
77014 1
77015 2
77016 0
77017 1
77018 2
77019 1
77020 0
77021 2
77022 1
77023 2
77024 3
77025 1
77026 0
77027 1
77028 2
77029 0
77030 2
77031 1
77032 2
77033 0
77034 1
77035 0
77036 1
77037 0
77038 1
77039 2
77040 0
77041 2
77042 0
77043 2
77044 1
77045 0
77046 1
77047 0
77048 1
77049 0
77050 2
77051 1
77052 0
77053 1
77054 2
77055 1
77056 0
77057 1
77058 0
77059 1
77060 0
77061 2
77062 1
77063 0
77064 1
77065 2
77066 1
77067 0
77068 2
77069 1
77070 2
77071 0
77072 1
77073 0
77074 1
77075 0
77076 2
77077 0
77078 1
77079 2
77080 1
77081 0
77082 1
77083 0
77084 1
77085 0
77086 1
77087 2
77088 1
77089 0
77090 1
77091 0
77092 1
77093 2
77094 0
77095 1
77096 0
77097 1
77098 2
77099 1
77100 0
77101 2
77102 1
77103 2
77104 0
77105 1
77106 0
77107 1
77108 2
77109 0
77110 1
77111 2
77112 0
77113 1
77114 0
77115 1
77116 0
77117 2
77118 1
77119 2
77120 0
77121 2
77122 0
77123 1
77124 2
77125 0
77126 2
77127 0
77128 1
77129 0
77130 1
77131 0
77132 2
77133 1
77134 0
77135 2
77136 1
77137 0
77138 2
77139 1
77140 0
77141 1
77142 2
77143 1
77144 2
77145 0
77146 1
77147 2
77148 1
77149 0
77150 1
77151 0
77152 1
77153 0
77154 1
77155 2
77156 0
77157 1
77158 0
77159 1
77160 0
77161 1
77162 2
77163 1
77164 2
77165 0
77166 2
77167 1
77168 0
77169 2
77170 1
77171 0
77172 2
77173 1
77174 0
77175 1
77176 2
77177 0
77178 1
77179 0
77180 2
77181 0
77182 1
77183 0
77184 1
77185 2
77186 0
77187 1
77188 0
77189 1
77190 0
77191 1
77192 0
77193 1
77194 0
77195 1
77196 0
77197 1
77198 2
77199 0
77200 1
77201 0
77202 1
77203 3
77204 0
77205 1
77206 0
77207 1
77208 0
77209 1
77210 0
77211 1
77212 0
77213 1
77214 0
77215 2
77216 0
77217 1
77218 0
77219 1
77220 0
77221 1
77222 0
77223 1
77224 0
77225 1
77226 0
77227 2
77228 1
77229 3
77230 2
77231 0
77232 1
77233 2
77234 0
77235 1
77236 0
77237 1
77238 2
77239 0
77240 1
77241 2
77242 1
77243 0
77244 1
77245 0
77246 1
77247 0
77248 2
77249 1
77250 0
77251 1
77252 0
77253 2
77254 1
77255 0
77256 1
77257 2
77258 0
77259 2
77260 0
77261 2
77262 1
77263 2
77264 3
77265 1
77266 0
77267 1
77268 2
77269 0
77270 2
77271 1
77272 0
77273 1
77274 0
77275 1
77276 0
77277 1
77278 0
77279 1
77280 0
77281 2
77282 0
77283 1
77284 2
77285 1
77286 0
77287 2
77288 0
77289 1
77290 2
77291 0
77292 2
77293 1
77294 0
77295 1
77296 0
77297 1
77298 2
77299 0
77300 2
77301 1
77302 0
77303 1
77304 0
77305 1
77306 2
77307 0
77308 1
77309 0
77310 1
77311 2
77312 0
77313 1
77314 2
77315 0
77316 1
77317 0
77318 1
77319 0
77320 2
77321 0
77322 1
77323 0
77324 2
77325 0
77326 1
77327 0
77328 2
77329 1
77330 2
77331 1
77332 2
77333 0
77334 2
77335 0
77336 1
77337 0
77338 1
77339 2
77340 0
77341 1
77342 2
77343 0
77344 2
77345 0
77346 1
77347 0
77348 1
77349 2
77350 0
77351 2
77352 1
77353 0
77354 1
77355 0
77356 1
77357 0
77358 2
77359 0
77360 1
77361 2
77362 0
77363 1
77364 2
77365 0
77366 1
77367 0
77368 1
77369 0
77370 1
77371 0
77372 3
77373 1
77374 2
77375 0
77376 2
77377 0
77378 1
77379 0
77380 1
77381 0
77382 1
77383 0
77384 1
77385 2
77386 0
77387 1
77388 2
77389 0
77390 1
77391 0
77392 1
77393 0
77394 2
77395 1
77396 0
77397 2
77398 1
77399 0
77400 1
77401 0
77402 2
77403 0
77404 1
77405 0
77406 2
77407 1
77408 0
77409 1
77410 2
77411 0
77412 1
77413 0
77414 1
77415 0
77416 2
77417 1
77418 0
77419 1
77420 0
77421 1
77422 2
77423 0
77424 1
77425 0
77426 1
77427 0
77428 1
77429 2
77430 1
77431 2
77432 0
77433 2
77434 1
77435 2
77436 0
77437 1
77438 2
77439 0
77440 1
77441 0
77442 1
77443 2
77444 1
77445 0
77446 1
77447 2
77448 0
77449 1
77450 0
77451 1
77452 2
77453 1
77454 0
77455 1
77456 0
77457 2
77458 1
77459 0
77460 1
77461 0
77462 1
77463 2
77464 0
77465 2
77466 1
77467 2
77468 1
77469 0
77470 2
77471 1
77472 0
77473 1
77474 0
77475 2
77476 1
77477 2
77478 1
77479 0
77480 1
77481 0
77482 1
77483 2
77484 0
77485 1
77486 0
77487 1
77488 0
77489 1
77490 0
77491 2
77492 1
77493 0
77494 1
77495 0
77496 1
77497 2
77498 0
77499 1
77500 0
77501 2
77502 1
77503 0
77504 2
77505 1
77506 0
77507 1
77508 0
77509 2
77510 1
77511 2
77512 0
77513 1
77514 2
77515 0
77516 1
77517 0
77518 2
77519 1
77520 0
77521 2
77522 1
77523 2
77524 1
77525 2
77526 1
77527 0
77528 1
77529 0
77530 1
77531 0
77532 1
77533 2
77534 0
77535 1
77536 0
77537 1
77538 0
77539 1
77540 2
77541 1
77542 0
77543 1
77544 0
77545 1
77546 0
77547 2
77548 1
77549 2
77550 0
77551 1
77552 2
77553 0
77554 1
77555 0
77556 1
77557 2
77558 1
77559 0
77560 2
77561 0
77562 1
77563 2
77564 0
77565 2
77566 1
77567 0
77568 1
77569 2
77570 1
77571 0
77572 1
77573 2
77574 0
77575 1
77576 2
77577 1
77578 2
77579 0
77580 2
77581 1
77582 0
77583 2
77584 1
77585 2
77586 1
77587 2
77588 0
77589 1
77590 0
77591 1
77592 0
77593 1
77594 0
77595 2
77596 1
77597 0
77598 1
77599 0
77600 1
77601 2
77602 0
77603 1
77604 2
77605 3
77606 1
77607 2
77608 0
77609 1
77610 0
77611 1
77612 0
77613 1
77614 0
77615 2
77616 0
77617 1
77618 0
77619 1
77620 2
77621 1
77622 0
77623 1
77624 0
77625 2
77626 1
77627 0
77628 1
77629 0
77630 2
77631 1
77632 0
77633 2
77634 1
77635 2
77636 0
77637 2
77638 3
77639 1
77640 2
77641 0
77642 1
77643 2
77644 0
77645 1
77646 0
77647 2
77648 1
77649 0
77650 2
77651 1
77652 0
77653 2
77654 1
77655 0
77656 1
77657 0
77658 1
77659 2
77660 0
77661 1
77662 0
77663 1
77664 2
77665 1
77666 2
77667 0
77668 1
77669 0
77670 1
77671 0
77672 1
77673 0
77674 2
77675 3
77676 1
77677 0
77678 1
77679 0
77680 1
77681 0
77682 1
77683 0
77684 1
77685 0
77686 1
77687 2
77688 1
77689 0
77690 1
77691 0
77692 1
77693 2
77694 1
77695 0
77696 1
77697 2
77698 0
77699 2
77700 1
77701 2
77702 0
77703 1
77704 0
77705 1
77706 0
77707 1
77708 0
77709 1
77710 2
77711 0
77712 1
77713 0
77714 1
77715 0
77716 1
77717 0
77718 1
77719 0
77720 1
77721 0
77722 1
77723 0
77724 1
77725 2
77726 1
77727 0
77728 1
77729 2
77730 0
77731 1
77732 0
77733 1
77734 0
77735 1
77736 0
77737 1
77738 0
77739 1
77740 0
77741 2
77742 1
77743 0
77744 2
77745 1
77746 0
77747 2
77748 1
77749 0
77750 2
77751 1
77752 0
77753 2
77754 1
77755 0
77756 2
77757 1
77758 2
77759 0
77760 1
77761 2
77762 0
77763 1
77764 0
77765 1
77766 2
77767 3
77768 1
77769 0
77770 1
77771 2
77772 0
77773 1
77774 2
77775 1
77776 0
77777 1
77778 0
77779 2
77780 0
77781 1
77782 0
77783 1
77784 0
77785 1
77786 0
77787 1
77788 2
77789 0
77790 1
77791 2
77792 1
77793 0
77794 1
77795 0
77796 2
77797 0
77798 1
77799 2
77800 1
77801 0
77802 1
77803 0
77804 1
77805 0
77806 2
77807 1
77808 2
77809 0
77810 1
77811 2
77812 0
77813 1
77814 2
77815 0
77816 2
77817 0
77818 1
77819 0
77820 1
77821 0
77822 1
77823 0
77824 1
77825 0
77826 1
77827 2
77828 0
77829 1
77830 0
77831 2
77832 1
77833 2
77834 0
77835 1
77836 0
77837 1
77838 2
77839 1
77840 0
77841 1
77842 2
77843 0
77844 1
77845 0
77846 1
77847 0
77848 2
77849 1
77850 2
77851 1
77852 0
77853 1
77854 2
77855 0
77856 2
77857 1
77858 0
77859 1
77860 0
77861 2
77862 0
77863 2
77864 0
77865 2
77866 1
77867 0
77868 2
77869 1
77870 0
77871 1
77872 0
77873 2
77874 1
77875 2
77876 0
77877 1
77878 2
77879 0
77880 1
77881 0
77882 1
77883 0
77884 1
77885 0
77886 1
77887 0
77888 1
77889 2
77890 1
77891 0
77892 1
77893 0
77894 2
77895 1
77896 0
77897 1
77898 2
77899 1
77900 0
77901 1
77902 0
77903 2
77904 1
77905 2
77906 0
77907 1
77908 2
77909 0
77910 2
77911 0
77912 1
77913 0
77914 1
77915 0
77916 1
77917 2
77918 0
77919 1
77920 0
77921 1
77922 0
77923 1
77924 0
77925 1
77926 0
77927 1
77928 0
77929 1
77930 0
77931 1
77932 0
77933 1
77934 2
77935 1
77936 0
77937 1
77938 0
77939 2
77940 0
77941 1
77942 0
77943 1
77944 2
77945 0
77946 2
77947 1
77948 0
77949 1
77950 0
77951 1
77952 0
77953 2
77954 1
77955 0
77956 2
77957 1
77958 2
77959 0
77960 1
77961 0
77962 2
77963 1
77964 0
77965 1
77966 0
77967 2
77968 1
77969 2
77970 0
77971 2
77972 1
77973 0
77974 2
77975 1
77976 2
77977 0
77978 1
77979 2
77980 1
77981 2
77982 0
77983 2
77984 1
77985 2
77986 0
77987 1
77988 0
77989 2
77990 1
77991 0
77992 2
77993 1
77994 0
77995 2
77996 0
77997 2
77998 1
77999 2
78000 1
78001 0
78002 2
78003 0
78004 1
78005 0
78006 1
78007 0
78008 1
78009 0
78010 2
78011 1
78012 2
78013 0
78014 1
78015 2
78016 1
78017 2
78018 0
78019 1
78020 0
78021 2
78022 0
78023 2
78024 1
78025 0
78026 1
78027 2
78028 0
78029 1
78030 0
78031 1
78032 2
78033 0
78034 2
78035 0
78036 2
78037 0
78038 2
78039 0
78040 2
78041 1
78042 0
78043 2
78044 0
78045 1
78046 0
78047 1
78048 0
78049 1
78050 2
78051 0
78052 2
78053 1
78054 2
78055 1
78056 2
78057 1
78058 0
78059 2
78060 1
78061 0
78062 1
78063 2
78064 0
78065 2
78066 1
78067 0
78068 2
78069 1
78070 2
78071 1
78072 2
78073 0
78074 2
78075 1
78076 2
78077 0
78078 1
78079 2
78080 1
78081 0
78082 2
78083 0
78084 1
78085 2
78086 0
78087 2
78088 0
78089 2
78090 1
78091 0
78092 1
78093 2
78094 1
78095 0
78096 1
78097 0
78098 1
78099 2
78100 0
78101 2
78102 1
78103 2
78104 0
78105 1
78106 2
78107 0
78108 2
78109 3
78110 1
78111 2
78112 0
78113 2
78114 1
78115 0
78116 2
78117 1
78118 0
78119 1
78120 2
78121 0
78122 2
78123 1
78124 0
78125 1
78126 0
78127 2
78128 1
78129 0
78130 1
78131 2
78132 1
78133 2
78134 0
78135 1
78136 2
78137 0
78138 1
78139 0
78140 1
78141 0
78142 1
78143 2
78144 1
78145 0
78146 1
78147 2
78148 0
78149 1
78150 0
78151 1
78152 2
78153 1
78154 2
78155 0
78156 1
78157 0
78158 1
78159 0
78160 1
78161 2
78162 0
78163 1
78164 0
78165 2
78166 1
78167 0
78168 1
78169 0
78170 2
78171 0
78172 2
78173 1
78174 2
78175 0
78176 2
78177 0
78178 2
78179 1
78180 2
78181 3
78182 0
78183 1
78184 0
78185 1
78186 2
78187 0
78188 2
78189 1
78190 2
78191 0
78192 1
78193 0
78194 2
78195 0
78196 1
78197 2
78198 0
78199 2
78200 1
78201 2
78202 0
78203 1
78204 0
78205 1
78206 2
78207 0
78208 2
78209 1
78210 2
78211 1
78212 0
78213 1
78214 0
78215 1
78216 2
78217 1
78218 2
78219 0
78220 1
78221 0
78222 2
78223 0
78224 1
78225 2
78226 0
78227 1
78228 0
78229 1
78230 2
78231 0
78232 1
78233 2
78234 0
78235 1
78236 0
78237 1
78238 0
78239 2
78240 1
78241 2
78242 0
78243 1
78244 0
78245 1
78246 2
78247 0
78248 1
78249 0
78250 1
78251 0
78252 2
78253 1
78254 0
78255 1
78256 0
78257 1
78258 2
78259 1
78260 0
78261 1
78262 2
78263 0
78264 2
78265 1
78266 0
78267 2
78268 1
78269 0
78270 1
78271 0
78272 1
78273 2
78274 0
78275 1
78276 0
78277 1
78278 0
78279 1
78280 2
78281 1
78282 0
78283 1
78284 2
78285 0
78286 1
78287 0
78288 2
78289 0
78290 3
78291 2
78292 1
78293 2
78294 0
78295 1
78296 0
78297 1
78298 0
78299 2
78300 1
78301 0
78302 2
78303 1
78304 2
78305 0
78306 1
78307 0
78308 1
78309 2
78310 0
78311 2
78312 1
78313 0
78314 2
78315 1
78316 2
78317 0
78318 2
78319 1
78320 0
78321 1
78322 0
78323 2
78324 1
78325 0
78326 1
78327 0
78328 1
78329 0
78330 1
78331 2
78332 0
78333 2
78334 1
78335 2
78336 0
78337 1
78338 0
78339 1
78340 2
78341 0
78342 1
78343 0
78344 1
78345 0
78346 1
78347 0
78348 1
78349 0
78350 1
78351 2
78352 0
78353 2
78354 1
78355 0
78356 1
78357 0
78358 2
78359 1
78360 2
78361 1
78362 2
78363 0
78364 1
78365 2
78366 1
78367 2
78368 0
78369 2
78370 1
78371 2
78372 1
78373 0
78374 1
78375 0
78376 1
78377 0
78378 1
78379 2
78380 0
78381 1
78382 0
78383 2
78384 1
78385 0
78386 1
78387 0
78388 1
78389 0
78390 1
78391 0
78392 1
78393 2
78394 0
78395 2
78396 1
78397 0
78398 2
78399 1
78400 0
78401 1
78402 0
78403 1
78404 2
78405 0
78406 2
78407 1
78408 2
78409 0
78410 1
78411 0
78412 2
78413 0
78414 2
78415 1
78416 2
78417 0
78418 2
78419 1
78420 0
78421 1
78422 0
78423 1
78424 0
78425 1
78426 0
78427 1
78428 2
78429 0
78430 2
78431 0
78432 1
78433 2
78434 0
78435 1
78436 0
78437 2
78438 1
78439 2
78440 1
78441 2
78442 0
78443 1
78444 2
78445 0
78446 1
78447 0
78448 1
78449 0
78450 1
78451 2
78452 0
78453 1
78454 0
78455 2
78456 1
78457 0
78458 1
78459 0
78460 1
78461 2
78462 0
78463 1
78464 0
78465 1
78466 0
78467 2
78468 1
78469 0
78470 1
78471 0
78472 1
78473 0
78474 2
78475 1
78476 0
78477 1
78478 2
78479 0
78480 1
78481 0
78482 2
78483 1
78484 0
78485 1
78486 2
78487 0
78488 1
78489 0
78490 1
78491 2
78492 0
78493 1
78494 0
78495 1
78496 0
78497 1
78498 0
78499 1
78500 0
78501 2
78502 0
78503 1
78504 0
78505 1
78506 0
78507 1
78508 0
78509 1
78510 2
78511 0
78512 1
78513 0
78514 1
78515 0
78516 1
78517 0
78518 1
78519 0
78520 1
78521 2
78522 0
78523 2
78524 1
78525 0
78526 1
78527 2
78528 0
78529 1
78530 0
78531 1
78532 0
78533 2
78534 1
78535 2
78536 0
78537 2
78538 1
78539 0
78540 1
78541 2
78542 0
78543 1
78544 0
78545 2
78546 0
78547 1
78548 2
78549 0
78550 1
78551 0
78552 2
78553 1
78554 0
78555 2
78556 1
78557 0
78558 1
78559 0
78560 1
78561 0
78562 2
78563 1
78564 2
78565 0
78566 1
78567 2
78568 1
78569 0
78570 1
78571 0
78572 1
78573 0
78574 2
78575 1
78576 2
78577 1
78578 0
78579 1
78580 0
78581 1
78582 0
78583 1
78584 2
78585 0
78586 1
78587 2
78588 0
78589 1
78590 0
78591 1
78592 2
78593 1
78594 2
78595 1
78596 2
78597 0
78598 1
78599 2
78600 0
78601 1
78602 0
78603 1
78604 0
78605 1
78606 0
78607 1
78608 0
78609 1
78610 0
78611 1
78612 0
78613 1
78614 0
78615 1
78616 2
78617 0
78618 1
78619 2
78620 0
78621 1
78622 0
78623 1
78624 0
78625 1
78626 0
78627 1
78628 2
78629 0
78630 2
78631 0
78632 1
78633 0
78634 1
78635 2
78636 1
78637 2
78638 1
78639 2
78640 0
78641 1
78642 2
78643 1
78644 0
78645 1
78646 0
78647 1
78648 2
78649 1
78650 2
78651 0
78652 1
78653 2
78654 0
78655 2
78656 1
78657 0
78658 2
78659 1
78660 0
78661 1
78662 2
78663 0
78664 1
78665 0
78666 1
78667 0
78668 3
78669 2
78670 0
78671 1
78672 2
78673 0
78674 2
78675 1
78676 0
78677 2
78678 1
78679 0
78680 1
78681 0
78682 2
78683 1
78684 0
78685 1
78686 0
78687 1
78688 2
78689 1
78690 0
78691 1
78692 2
78693 0
78694 1
78695 2
78696 1
78697 2
78698 0
78699 1
78700 2
78701 0
78702 1
78703 0
78704 2
78705 0
78706 2
78707 1
78708 0
78709 1
78710 2
78711 0
78712 1
78713 2
78714 1
78715 2
78716 0
78717 1
78718 0
78719 1
78720 0
78721 1
78722 0
78723 2
78724 1
78725 2
78726 1
78727 2
78728 0
78729 2
78730 1
78731 0
78732 2
78733 1
78734 2
78735 1
78736 0
78737 1
78738 2
78739 0
78740 2
78741 1
78742 0
78743 2
78744 1
78745 0
78746 1
78747 0
78748 1
78749 0
78750 1
78751 0
78752 1
78753 0
78754 1
78755 0
78756 2
78757 1
78758 0
78759 1
78760 0
78761 1
78762 0
78763 1
78764 0
78765 1
78766 0
78767 1
78768 2
78769 1
78770 0
78771 2
78772 0
78773 1
78774 0
78775 1
78776 2
78777 1
78778 2
78779 0
78780 2
78781 0
78782 2
78783 1
78784 0
78785 1
78786 0
78787 2
78788 0
78789 1
78790 2
78791 0
78792 1
78793 0
78794 1
78795 0
78796 1
78797 0
78798 1
78799 0
78800 1
78801 2
78802 0
78803 1
78804 2
78805 0
78806 1
78807 0
78808 1
78809 2
78810 0
78811 2
78812 1
78813 2
78814 0
78815 1
78816 0
78817 1
78818 0
78819 1
78820 0
78821 1
78822 2
78823 0
78824 1
78825 0
78826 1
78827 2
78828 1
78829 0
78830 1
78831 0
78832 2
78833 1
78834 0
78835 2
78836 1
78837 0
78838 1
78839 0
78840 1
78841 2
78842 0
78843 1
78844 2
78845 0
78846 2
78847 1
78848 2
78849 0
78850 1
78851 0
78852 1
78853 0
78854 1
78855 0
78856 1
78857 0
78858 1
78859 2
78860 0
78861 2
78862 1
78863 0
78864 1
78865 2
78866 1
78867 2
78868 0
78869 2
78870 1
78871 2
78872 0
78873 1
78874 0
78875 1
78876 0
78877 1
78878 0
78879 1
78880 2
78881 0
78882 2
78883 1
78884 0
78885 1
78886 2
78887 1
78888 0
78889 1
78890 2
78891 0
78892 1
78893 0
78894 2
78895 1
78896 2
78897 1
78898 0
78899 1
78900 2
78901 1
78902 0
78903 1
78904 2
78905 0
78906 2
78907 0
78908 1
78909 0
78910 1
78911 0
78912 2
78913 1
78914 0
78915 1
78916 0
78917 1
78918 0
78919 1
78920 2
78921 1
78922 0
78923 2
78924 1
78925 0
78926 2
78927 1
78928 2
78929 1
78930 0
78931 1
78932 0
78933 1
78934 0
78935 2
78936 1
78937 2
78938 0
78939 1
78940 2
78941 3
78942 1
78943 0
78944 2
78945 1
78946 2
78947 0
78948 1
78949 0
78950 2
78951 1
78952 2
78953 1
78954 0
78955 2
78956 0
78957 1
78958 2
78959 1
78960 2
78961 0
78962 1
78963 0
78964 1
78965 2
78966 0
78967 1
78968 2
78969 0
78970 1
78971 0
78972 1
78973 2
78974 0
78975 1
78976 0
78977 1
78978 0
78979 1
78980 0
78981 1
78982 0
78983 1
78984 2
78985 0
78986 1
78987 0
78988 2
78989 1
78990 2
78991 0
78992 2
78993 1
78994 0
78995 1
78996 2
78997 0
78998 1
78999 0
79000 1
79001 0
79002 1
79003 2
79004 1
79005 2
79006 1
79007 0
79008 2
79009 1
79010 0
79011 1
79012 2
79013 0
79014 1
79015 0
79016 1
79017 0
79018 2
79019 1
79020 2
79021 1
79022 0
79023 2
79024 1
79025 0
79026 2
79027 0
79028 1
79029 0
79030 1
79031 0
79032 1
79033 0
79034 1
79035 2
79036 0
79037 1
79038 2
79039 1
79040 2
79041 0
79042 1
79043 2
79044 0
79045 2
79046 0
79047 2
79048 1
79049 2
79050 0
79051 1
79052 0
79053 2
79054 0
79055 2
79056 0
79057 1
79058 0
79059 1
79060 0
79061 1
79062 0
79063 2
79064 0
79065 1
79066 2
79067 0
79068 1
79069 0
79070 1
79071 0
79072 1
79073 0
79074 1
79075 2
79076 1
79077 0
79078 2
79079 1
79080 0
79081 1
79082 2
79083 0
79084 2
79085 1
79086 0
79087 1
79088 0
79089 1
79090 2
79091 1
79092 0
79093 1
79094 2
79095 0
79096 1
79097 0
79098 1
79099 0
79100 1
79101 0
79102 1
79103 2
79104 0
79105 1
79106 0
79107 1
79108 2
79109 0
79110 1
79111 0
79112 1
79113 0
79114 1
79115 0
79116 1
79117 2
79118 0
79119 2
79120 1
79121 0
79122 2
79123 1
79124 0
79125 1
79126 2
79127 1
79128 0
79129 1
79130 0
79131 1
79132 0
79133 1
79134 0
79135 1
79136 2
79137 0
79138 1
79139 0
79140 2
79141 0
79142 2
79143 1
79144 2
79145 0
79146 1
79147 0
79148 1
79149 2
79150 0
79151 2
79152 0
79153 1
79154 0
79155 1
79156 0
79157 1
79158 0
79159 3
79160 1
79161 0
79162 1
79163 2
79164 0
79165 1
79166 0
79167 1
79168 0
79169 1
79170 0
79171 1
79172 0
79173 1
79174 0
79175 1
79176 2
79177 1
79178 0
79179 1
79180 0
79181 2
79182 0
79183 2
79184 1
79185 2
79186 1
79187 2
79188 0
79189 2
79190 0
79191 2
79192 1
79193 2
79194 0
79195 2
79196 1
79197 0
79198 1
79199 2
79200 1
79201 2
79202 0
79203 2
79204 1
79205 2
79206 1
79207 0
79208 2
79209 1
79210 0
79211 1
79212 2
79213 0
79214 1
79215 0
79216 2
79217 0
79218 1
79219 0
79220 1
79221 2
79222 0
79223 1
79224 2
79225 0
79226 2
79227 0
79228 1
79229 0
79230 2
79231 0
79232 1
79233 0
79234 1
79235 0
79236 1
79237 0
79238 1
79239 0
79240 1
79241 0
79242 1
79243 0
79244 1
79245 2
79246 0
79247 1
79248 0
79249 1
79250 0
79251 2
79252 0
79253 2
79254 1
79255 0
79256 1
79257 0
79258 1
79259 0
79260 2
79261 1
79262 2
79263 1
79264 0
79265 1
79266 0
79267 2
79268 1
79269 0
79270 2
79271 1
79272 0
79273 1
79274 0
79275 2
79276 0
79277 1
79278 2
79279 0
79280 1
79281 0
79282 2
79283 0
79284 1
79285 0
79286 1
79287 2
79288 0
79289 2
79290 1
79291 0
79292 2
79293 1
79294 3
79295 0
79296 1
79297 2
79298 0
79299 1
79300 0
79301 1
79302 0
79303 2
79304 1
79305 0
79306 1
79307 2
79308 0
79309 1
79310 0
79311 1
79312 0
79313 1
79314 0
79315 1
79316 0
79317 1
79318 2
79319 0
79320 2
79321 1
79322 0
79323 1
79324 3
79325 2
79326 0
79327 1
79328 0
79329 2
79330 1
79331 0
79332 2
79333 1
79334 2
79335 1
79336 2
79337 1
79338 0
79339 1
79340 0
79341 1
79342 0
79343 2
79344 1
79345 2
79346 0
79347 1
79348 0
79349 2
79350 1
79351 0
79352 1
79353 0
79354 1
79355 0
79356 1
79357 0
79358 1
79359 2
79360 1
79361 0
79362 2
79363 1
79364 0
79365 1
79366 0
79367 1
79368 0
79369 1
79370 0
79371 1
79372 2
79373 0
79374 1
79375 0
79376 1
79377 0
79378 2
79379 0
79380 1
79381 0
79382 2
79383 1
79384 2
79385 1
79386 2
79387 0
79388 1
79389 0
79390 2
79391 1
79392 2
79393 0
79394 1
79395 0
79396 1
79397 0
79398 2
79399 1
79400 2
79401 0
79402 1
79403 2
79404 0
79405 1
79406 2
79407 1
79408 0
79409 1
79410 0
79411 1
79412 0
79413 1
79414 2
79415 0
79416 1
79417 0
79418 1
79419 0
79420 1
79421 0
79422 1
79423 2
79424 0
79425 1
79426 0
79427 1
79428 0
79429 1
79430 2
79431 0
79432 1
79433 2
79434 0
79435 1
79436 2
79437 0
79438 1
79439 2
79440 0
79441 1
79442 0
79443 1
79444 0
79445 1
79446 0
79447 1
79448 0
79449 1
79450 0
79451 1
79452 0
79453 1
79454 0
79455 2
79456 1
79457 2
79458 0
79459 1
79460 0
79461 1
79462 2
79463 1
79464 0
79465 1
79466 0
79467 1
79468 2
79469 0
79470 1
79471 0
79472 1
79473 2
79474 0
79475 1
79476 0
79477 1
79478 0
79479 2
79480 1
79481 0
79482 1
79483 0
79484 2
79485 1
79486 2
79487 0
79488 2
79489 1
79490 0
79491 1
79492 0
79493 1
79494 2
79495 0
79496 1
79497 0
79498 2
79499 1
79500 0
79501 1
79502 2
79503 0
79504 1
79505 0
79506 1
79507 2
79508 0
79509 2
79510 1
79511 0
79512 1
79513 0
79514 1
79515 0
79516 1
79517 0
79518 1
79519 0
79520 1
79521 2
79522 1
79523 0
79524 1
79525 0
79526 1
79527 0
79528 1
79529 0
79530 1
79531 2
79532 0
79533 2
79534 1
79535 2
79536 0
79537 1
79538 0
79539 1
79540 0
79541 1
79542 0
79543 1
79544 0
79545 1
79546 2
79547 0
79548 1
79549 0
79550 2
79551 0
79552 1
79553 0
79554 2
79555 1
79556 2
79557 1
79558 0
79559 1
79560 0
79561 1
79562 0
79563 1
79564 2
79565 0
79566 1
79567 0
79568 1
79569 0
79570 1
79571 0
79572 1
79573 2
79574 1
79575 2
79576 1
79577 0
79578 1
79579 0
79580 2
79581 0
79582 1
79583 0
79584 2
79585 0
79586 1
79587 0
79588 2
79589 1
79590 3
79591 1
79592 2
79593 0
79594 1
79595 0
79596 2
79597 1
79598 2
79599 1
79600 0
79601 1
79602 2
79603 1
79604 0
79605 2
79606 1
79607 0
79608 1
79609 0
79610 1
79611 2
79612 0
79613 2
79614 1
79615 2
79616 0
79617 1
79618 0
79619 1
79620 0
79621 1
79622 0
79623 1
79624 0
79625 1
79626 0
79627 1
79628 0
79629 2
79630 1
79631 2
79632 0
79633 2
79634 1
79635 2
79636 1
79637 0
79638 2
79639 1
79640 0
79641 1
79642 2
79643 0
79644 1
79645 0
79646 1
79647 2
79648 0
79649 1
79650 2
79651 0
79652 1
79653 0
79654 1
79655 0
79656 2
79657 1
79658 0
79659 1
79660 0
79661 1
79662 0
79663 1
79664 0
79665 1
79666 0
79667 1
79668 0
79669 2
79670 1
79671 2
79672 1
79673 0
79674 2
79675 1
79676 2
79677 1
79678 0
79679 2
79680 0
79681 2
79682 1
79683 0
79684 1
79685 0
79686 1
79687 2
79688 1
79689 0
79690 2
79691 1
79692 0
79693 2
79694 1
79695 0
79696 1
79697 2
79698 0
79699 2
79700 0
79701 2
79702 1
79703 0
79704 1
79705 2
79706 0
79707 1
79708 0
79709 1
79710 0
79711 1
79712 0
79713 1
79714 0
79715 1
79716 0
79717 2
79718 0
79719 1
79720 0
79721 2
79722 1
79723 2
79724 0
79725 1
79726 3
79727 2
79728 0
79729 2
79730 1
79731 0
79732 2
79733 1
79734 2
79735 0
79736 1
79737 2
79738 0
79739 2
79740 1
79741 2
79742 1
79743 2
79744 0
79745 1
79746 0
79747 2
79748 1
79749 2
79750 0
79751 2
79752 0
79753 1
79754 0
79755 2
79756 1
79757 2
79758 1
79759 0
79760 1
79761 0
79762 1
79763 0
79764 2
79765 1
79766 2
79767 1
79768 0
79769 1
79770 2
79771 0
79772 1
79773 0
79774 2
79775 1
79776 0
79777 1
79778 0
79779 1
79780 2
79781 0
79782 1
79783 0
79784 1
79785 2
79786 0
79787 2
79788 1
79789 2
79790 0
79791 1
79792 0
79793 1
79794 0
79795 1
79796 0
79797 1
79798 2
79799 0
79800 1
79801 2
79802 0
79803 2
79804 1
79805 2
79806 0
79807 2
79808 0
79809 1
79810 2
79811 0
79812 2
79813 1
79814 2
79815 0
79816 1
79817 2
79818 1
79819 0
79820 1
79821 0
79822 1
79823 0
79824 1
79825 2
79826 0
79827 2
79828 1
79829 0
79830 1
79831 2
79832 3
79833 0
79834 1
79835 0
79836 1
79837 0
79838 1
79839 2
79840 0
79841 2
79842 1
79843 2
79844 1
79845 2
79846 0
79847 2
79848 1
79849 0
79850 2
79851 1
79852 0
79853 2
79854 0
79855 2
79856 1
79857 0
79858 1
79859 2
79860 0
79861 1
79862 2
79863 1
79864 2
79865 0
79866 1
79867 2
79868 0
79869 2
79870 1
79871 2
79872 0
79873 1
79874 0
79875 1
79876 0
79877 2
79878 1
79879 0
79880 1
79881 0
79882 2
79883 1
79884 2
79885 0
79886 1
79887 0
79888 2
79889 0
79890 2
79891 1
79892 2
79893 3
79894 1
79895 0
79896 1
79897 0
79898 2
79899 1
79900 2
79901 0
79902 2
79903 1
79904 2
79905 0
79906 2
79907 1
79908 0
79909 2
79910 0
79911 1
79912 2
79913 1
79914 0
79915 2
79916 1
79917 0
79918 1
79919 0
79920 1
79921 0
79922 1
79923 0
79924 1
79925 2
79926 0
79927 2
79928 0
79929 1
79930 2
79931 1
79932 2
79933 1
79934 0
79935 1
79936 2
79937 0
79938 1
79939 2
79940 1
79941 3
79942 0
79943 1
79944 0
79945 2
79946 1
79947 2
79948 0
79949 1
79950 0
79951 1
79952 2
79953 0
79954 1
79955 0
79956 1
79957 2
79958 3
79959 0
79960 1
79961 2
79962 0
79963 2
79964 1
79965 2
79966 1
79967 2
79968 1
79969 2
79970 1
79971 0
79972 1
79973 0
79974 1
79975 2
79976 1
79977 0
79978 1
79979 2
79980 0
79981 1
79982 0
79983 1
79984 0
79985 2
79986 1
79987 2
79988 0
79989 2
79990 0
79991 1
79992 2
79993 0
79994 2
79995 0
79996 2
79997 1
79998 0
79999 2
80000 1
80001 0
80002 2
80003 1
80004 0
80005 1
80006 0
80007 2
80008 1
80009 2
80010 0
80011 1
80012 0
80013 2
80014 1
80015 0
80016 1
80017 0
80018 2
80019 0
80020 1
80021 0
80022 1
80023 2
80024 0
80025 1
80026 0
80027 1
80028 2
80029 0
80030 2
80031 1
80032 0
80033 2
80034 1
80035 0
80036 1
80037 0
80038 1
80039 0
80040 1
80041 2
80042 0
80043 1
80044 2
80045 0
80046 2
80047 1
80048 0
80049 1
80050 0
80051 1
80052 2
80053 0
80054 2
80055 1
80056 2
80057 0
80058 1
80059 0
80060 1
80061 0
80062 1
80063 0
80064 1
80065 2
80066 0
80067 2
80068 1
80069 0
80070 2
80071 1
80072 0
80073 1
80074 0
80075 1
80076 0
80077 1
80078 2
80079 0
80080 1
80081 3
80082 0
80083 1
80084 2
80085 1
80086 0
80087 1
80088 0
80089 1
80090 2
80091 0
80092 2
80093 1
80094 0
80095 2
80096 1
80097 0
80098 1
80099 2
80100 0
80101 1
80102 0
80103 2
80104 1
80105 0
80106 2
80107 1
80108 0
80109 1
80110 3
80111 2
80112 0
80113 1
80114 2
80115 0
80116 2
80117 1
80118 2
80119 0
80120 1
80121 0
80122 2
80123 1
80124 0
80125 2
80126 0
80127 1
80128 2
80129 3
80130 1
80131 0
80132 1
80133 2
80134 0
80135 2
80136 1
80137 0
80138 1
80139 0
80140 1
80141 0
80142 1
80143 0
80144 1
80145 0
80146 1
80147 2
80148 0
80149 1
80150 2
80151 0
80152 2
80153 1
80154 0
80155 1
80156 2
80157 0
80158 1
80159 0
80160 1
80161 0
80162 1
80163 0
80164 2
80165 1
80166 2
80167 0
80168 1
80169 0
80170 1
80171 2
80172 0
80173 1
80174 0
80175 2
80176 1
80177 0
80178 2
80179 1
80180 0
80181 1
80182 0
80183 1
80184 0
80185 1
80186 0
80187 1
80188 0
80189 2
80190 1
80191 2
80192 1
80193 2
80194 0
80195 1
80196 2
80197 1
80198 0
80199 2
80200 0
80201 1
80202 2
80203 0
80204 2
80205 1
80206 2
80207 0
80208 2
80209 1
80210 0
80211 2
80212 0
80213 1
80214 0
80215 1
80216 0
80217 1
80218 2
80219 1
80220 0
80221 1
80222 0
80223 2
80224 1
80225 2
80226 0
80227 1
80228 0
80229 1
80230 0
80231 2
80232 1
80233 0
80234 2
80235 0
80236 1
80237 0
80238 1
80239 0
80240 2
80241 1
80242 2
80243 0
80244 1
80245 0
80246 1
80247 2
80248 0
80249 2
80250 0
80251 1
80252 2
80253 0
80254 1
80255 0
80256 1
80257 0
80258 1
80259 0
80260 1
80261 0
80262 1
80263 3
80264 2
80265 0
80266 1
80267 0
80268 1
80269 0
80270 1
80271 3
80272 2
80273 1
80274 0
80275 1
80276 2
80277 0
80278 2
80279 1
80280 0
80281 1
80282 0
80283 1
80284 0
80285 1
80286 2
80287 0
80288 1
80289 0
80290 2
80291 1
80292 2
80293 0
80294 1
80295 0
80296 1
80297 0
80298 1
80299 2
80300 1
80301 2
80302 0
80303 2
80304 1
80305 0
80306 2
80307 1
80308 0
80309 2
80310 1
80311 0
80312 1
80313 0
80314 1
80315 0
80316 2
80317 0
80318 1
80319 0
80320 2
80321 1
80322 0
80323 1
80324 0
80325 1
80326 0
80327 1
80328 2
80329 0
80330 1
80331 0
80332 1
80333 0
80334 2
80335 1
80336 0
80337 1
80338 2
80339 0
80340 1
80341 2
80342 1
80343 0
80344 2
80345 0
80346 1
80347 0
80348 1
80349 2
80350 0
80351 2
80352 1
80353 0
80354 2
80355 0
80356 1
80357 0
80358 1
80359 3
80360 2
80361 0
80362 2
80363 0
80364 1
80365 0
80366 1
80367 0
80368 2
80369 0
80370 1
80371 0
80372 2
80373 1
80374 2
80375 1
80376 0
80377 1
80378 0
80379 2
80380 1
80381 2
80382 1
80383 2
80384 0
80385 1
80386 2
80387 0
80388 1
80389 0
80390 1
80391 2
80392 1
80393 0
80394 1
80395 2
80396 0
80397 1
80398 2
80399 0
80400 1
80401 0
80402 2
80403 0
80404 1
80405 0
80406 2
80407 1
80408 2
80409 0
80410 1
80411 0
80412 2
80413 1
80414 0
80415 1
80416 0
80417 1
80418 0
80419 1
80420 0
80421 1
80422 0
80423 1
80424 0
80425 1
80426 0
80427 1
80428 0
80429 1
80430 0
80431 1
80432 0
80433 2
80434 1
80435 2
80436 0
80437 1
80438 2
80439 1
80440 0
80441 1
80442 2
80443 0
80444 1
80445 2
80446 0
80447 1
80448 2
80449 0
80450 1
80451 2
80452 0
80453 1
80454 0
80455 1
80456 2
80457 0
80458 1
80459 0
80460 1
80461 0
80462 1
80463 0
80464 1
80465 0
80466 2
80467 1
80468 0
80469 2
80470 1
80471 0
80472 2
80473 1
80474 2
80475 1
80476 0
80477 1
80478 2
80479 0
80480 1
80481 2
80482 0
80483 2
80484 1
80485 2
80486 0
80487 2
80488 0
80489 1
80490 0
80491 1
80492 0
80493 1
80494 2
80495 0
80496 2
80497 1
80498 2
80499 0
80500 1
80501 2
80502 0
80503 1
80504 2
80505 0
80506 1
80507 0
80508 1
80509 2
80510 0
80511 2
80512 1
80513 0
80514 1
80515 0
80516 1
80517 0
80518 2
80519 1
80520 2
80521 1
80522 0
80523 2
80524 0
80525 1
80526 2
80527 0
80528 1
80529 2
80530 1
80531 0
80532 1
80533 0
80534 1
80535 2
80536 0
80537 1
80538 2
80539 0
80540 1
80541 0
80542 2
80543 1
80544 2
80545 1
80546 0
80547 1
80548 2
80549 0
80550 1
80551 2
80552 0
80553 2
80554 1
80555 2
80556 0
80557 2
80558 1
80559 0
80560 1
80561 0
80562 1
80563 0
80564 1
80565 0
80566 1
80567 2
80568 0
80569 2
80570 1
80571 2
80572 0
80573 1
80574 0
80575 1
80576 2
80577 1
80578 2
80579 1
80580 0
80581 1
80582 2
80583 1
80584 2
80585 0
80586 1
80587 0
80588 1
80589 2
80590 0
80591 1
80592 0
80593 1
80594 2
80595 0
80596 2
80597 1
80598 0
80599 1
80600 2
80601 1
80602 0
80603 1
80604 0
80605 1
80606 0
80607 1
80608 0
80609 2
80610 1
80611 0
80612 1
80613 0
80614 1
80615 0
80616 1
80617 0
80618 1
80619 0
80620 2
80621 1
80622 2
80623 1
80624 0
80625 2
80626 1
80627 0
80628 2
80629 1
80630 0
80631 1
80632 0
80633 1
80634 0
80635 2
80636 0
80637 1
80638 2
80639 1
80640 2
80641 1
80642 0
80643 1
80644 0
80645 1
80646 2
80647 0
80648 1
80649 0
80650 1
80651 0
80652 2
80653 1
80654 0
80655 2
80656 1
80657 0
80658 1
80659 0
80660 2
80661 3
80662 0
80663 1
80664 2
80665 0
80666 2
80667 1
80668 0
80669 1
80670 0
80671 2
80672 1
80673 2
80674 1
80675 0
80676 2
80677 1
80678 0
80679 1
80680 0
80681 1
80682 0
80683 1
80684 0
80685 2
80686 0
80687 1
80688 0
80689 1
80690 2
80691 1
80692 2
80693 1
80694 0
80695 2
80696 1
80697 0
80698 1
80699 2
80700 3
80701 1
80702 0
80703 1
80704 0
80705 2
80706 1
80707 2
80708 1
80709 0
80710 1
80711 2
80712 0
80713 2
80714 1
80715 2
80716 0
80717 1
80718 0
80719 1
80720 2
80721 1
80722 0
80723 1
80724 2
80725 1
80726 0
80727 1
80728 0
80729 1
80730 0
80731 1
80732 0
80733 1
80734 0
80735 2
80736 0
80737 1
80738 2
80739 1
80740 2
80741 0
80742 2
80743 0
80744 1
80745 0
80746 1
80747 0
80748 1
80749 2
80750 0
80751 2
80752 1
80753 0
80754 1
80755 0
80756 1
80757 0
80758 1
80759 0
80760 1
80761 0
80762 2
80763 1
80764 2
80765 0
80766 2
80767 0
80768 1
80769 0
80770 1
80771 2
80772 0
80773 2
80774 1
80775 2
80776 0
80777 1
80778 0
80779 1
80780 2
80781 0
80782 1
80783 2
80784 0
80785 2
80786 0
80787 1
80788 2
80789 0
80790 1
80791 0
80792 1
80793 0
80794 2
80795 1
80796 0
80797 2
80798 1
80799 0
80800 1
80801 0
80802 1
80803 2
80804 1
80805 0
80806 1
80807 2
80808 0
80809 2
80810 1
80811 2
80812 0
80813 1
80814 0
80815 1
80816 0
80817 1
80818 0
80819 1
80820 0
80821 1
80822 2
80823 0
80824 1
80825 2
80826 0
80827 2
80828 1
80829 0
80830 2
80831 0
80832 2
80833 0
80834 2
80835 1
80836 2
80837 0
80838 1
80839 2
80840 0
80841 1
80842 0
80843 1
80844 3
80845 2
80846 3
80847 1
80848 2
80849 0
80850 1
80851 2
80852 0
80853 2
80854 1
80855 0
80856 1
80857 0
80858 1
80859 0
80860 1
80861 0
80862 1
80863 0
80864 1
80865 2
80866 0
80867 1
80868 2
80869 0
80870 1
80871 0
80872 1
80873 2
80874 0
80875 1
80876 2
80877 0
80878 1
80879 0
80880 2
80881 0
80882 1
80883 2
80884 0
80885 2
80886 1
80887 3
80888 2
80889 1
80890 0
80891 1
80892 0
80893 2
80894 1
80895 2
80896 1
80897 2
80898 0
80899 2
80900 1
80901 0
80902 1
80903 0
80904 2
80905 0
80906 1
80907 2
80908 0
80909 1
80910 2
80911 0
80912 1
80913 0
80914 1
80915 0
80916 1
80917 0
80918 2
80919 1
80920 2
80921 1
80922 0
80923 1
80924 0
80925 1
80926 0
80927 1
80928 0
80929 1
80930 0
80931 2
80932 0
80933 1
80934 2
80935 0
80936 1
80937 0
80938 2
80939 1
80940 2
80941 1
80942 0
80943 1
80944 2
80945 0
80946 1
80947 0
80948 1
80949 0
80950 2
80951 1
80952 0
80953 1
80954 0
80955 1
80956 0
80957 2
80958 1
80959 0
80960 1
80961 0
80962 1
80963 2
80964 1
80965 0
80966 1
80967 0
80968 2
80969 0
80970 1
80971 0
80972 2
80973 1
80974 0
80975 1
80976 0
80977 2
80978 1
80979 0
80980 1
80981 2
80982 0
80983 1
80984 2
80985 0
80986 1
80987 0
80988 1
80989 0
80990 1
80991 2
80992 0
80993 1
80994 2
80995 0
80996 1
80997 0
80998 1
80999 2
81000 0
81001 2
81002 1
81003 0
81004 1
81005 2
81006 0
81007 1
81008 0
81009 1
81010 0
81011 1
81012 0
81013 1
81014 0
81015 1
81016 0
81017 1
81018 0
81019 1
81020 0
81021 2
81022 0
81023 1
81024 0
81025 2
81026 1
81027 0
81028 1
81029 0
81030 2
81031 1
81032 2
81033 0
81034 1
81035 0
81036 1
81037 2
81038 0
81039 2
81040 0
81041 2
81042 1
81043 0
81044 2
81045 1
81046 2
81047 0
81048 1
81049 0
81050 2
81051 0
81052 2
81053 0
81054 1
81055 0
81056 1
81057 0
81058 2
81059 1
81060 2
81061 0
81062 1
81063 0
81064 2
81065 1
81066 2
81067 0
81068 1
81069 2
81070 0
81071 1
81072 0
81073 1
81074 2
81075 0
81076 1
81077 0
81078 2
81079 1
81080 2
81081 1
81082 0
81083 2
81084 1
81085 2
81086 1
81087 2
81088 0
81089 3
81090 1
81091 0
81092 1
81093 0
81094 1
81095 0
81096 1
81097 2
81098 1
81099 2
81100 0
81101 2
81102 1
81103 0
81104 1
81105 0
81106 1
81107 0
81108 2
81109 0
81110 1
81111 2
81112 0
81113 1
81114 0
81115 1
81116 2
81117 1
81118 0
81119 1
81120 2
81121 1
81122 0
81123 1
81124 2
81125 1
81126 0
81127 2
81128 1
81129 2
81130 0
81131 2
81132 1
81133 2
81134 0
81135 2
81136 1
81137 0
81138 1
81139 2
81140 0
81141 1
81142 2
81143 0
81144 1
81145 2
81146 0
81147 2
81148 0
81149 2
81150 1
81151 2
81152 1
81153 0
81154 1
81155 2
81156 1
81157 0
81158 2
81159 1
81160 2
81161 0
81162 1
81163 2
81164 1
81165 0
81166 1
81167 0
81168 1
81169 2
81170 0
81171 1
81172 0
81173 1
81174 0
81175 1
81176 0
81177 1
81178 0
81179 1
81180 0
81181 1
81182 2
81183 0
81184 1
81185 2
81186 0
81187 2
81188 1
81189 0
81190 2
81191 0
81192 1
81193 2
81194 0
81195 1
81196 0
81197 2
81198 0
81199 2
81200 1
81201 2
81202 0
81203 1
81204 0
81205 2
81206 1
81207 0
81208 1
81209 0
81210 1
81211 0
81212 2
81213 1
81214 0
81215 2
81216 0
81217 2
81218 0
81219 1
81220 0
81221 1
81222 0
81223 2
81224 1
81225 0
81226 1
81227 0
81228 2
81229 1
81230 2
81231 0
81232 1
81233 2
81234 0
81235 1
81236 0
81237 1
81238 2
81239 0
81240 1
81241 0
81242 1
81243 0
81244 2
81245 1
81246 0
81247 1
81248 2
81249 1
81250 2
81251 0
81252 1
81253 2
81254 0
81255 1
81256 0
81257 2
81258 0
81259 1
81260 2
81261 0
81262 1
81263 0
81264 1
81265 2
81266 0
81267 1
81268 2
81269 0
81270 1
81271 2
81272 0
81273 1
81274 0
81275 1
81276 2
81277 0
81278 1
81279 0
81280 2
81281 1
81282 0
81283 1
81284 2
81285 0
81286 2
81287 1
81288 0
81289 1
81290 2
81291 0
81292 2
81293 1
81294 0
81295 2
81296 1
81297 0
81298 2
81299 1
81300 2
81301 1
81302 0
81303 1
81304 2
81305 1
81306 2
81307 0
81308 1
81309 0
81310 1
81311 0
81312 1
81313 2
81314 1
81315 0
81316 2
81317 1
81318 2
81319 1
81320 2
81321 0
81322 1
81323 2
81324 0
81325 1
81326 2
81327 0
81328 2
81329 3
81330 1
81331 0
81332 2
81333 3
81334 1
81335 2
81336 0
81337 1
81338 2
81339 1
81340 0
81341 1
81342 0
81343 2
81344 1
81345 0
81346 1
81347 0
81348 1
81349 2
81350 0
81351 2
81352 1
81353 0
81354 2
81355 1
81356 0
81357 2
81358 1
81359 0
81360 1
81361 0
81362 1
81363 2
81364 0
81365 2
81366 0
81367 2
81368 1
81369 0
81370 1
81371 2
81372 0
81373 1
81374 0
81375 1
81376 2
81377 1
81378 0
81379 1
81380 2
81381 1
81382 0
81383 1
81384 2
81385 0
81386 1
81387 0
81388 2
81389 1
81390 0
81391 1
81392 2
81393 0
81394 2
81395 1
81396 0
81397 1
81398 0
81399 1
81400 0
81401 2
81402 0
81403 1
81404 0
81405 1
81406 2
81407 0
81408 1
81409 0
81410 1
81411 2
81412 0
81413 1
81414 0
81415 1
81416 2
81417 1
81418 2
81419 1
81420 2
81421 0
81422 1
81423 0
81424 1
81425 0
81426 2
81427 1
81428 2
81429 0
81430 1
81431 0
81432 1
81433 2
81434 0
81435 1
81436 2
81437 1
81438 0
81439 1
81440 2
81441 0
81442 1
81443 0
81444 2
81445 1
81446 0
81447 1
81448 0
81449 2
81450 0
81451 1
81452 0
81453 1
81454 0
81455 1
81456 0
81457 2
81458 1
81459 2
81460 0
81461 1
81462 0
81463 1
81464 0
81465 1
81466 2
81467 0
81468 1
81469 2
81470 0
81471 2
81472 1
81473 2
81474 0
81475 1
81476 0
81477 1
81478 0
81479 2
81480 1
81481 0
81482 1
81483 2
81484 1
81485 2
81486 1
81487 0
81488 1
81489 0
81490 3
81491 2
81492 0
81493 1
81494 0
81495 1
81496 2
81497 0
81498 2
81499 1
81500 0
81501 2
81502 1
81503 2
81504 0
81505 2
81506 1
81507 0
81508 1
81509 0
81510 1
81511 0
81512 1
81513 0
81514 1
81515 0
81516 1
81517 0
81518 1
81519 0
81520 2
81521 0
81522 1
81523 0
81524 1
81525 0
81526 1
81527 2
81528 0
81529 2
81530 0
81531 2
81532 0
81533 2
81534 1
81535 0
81536 1
81537 0
81538 2
81539 1
81540 0
81541 2
81542 0
81543 1
81544 2
81545 1
81546 0
81547 1
81548 0
81549 1
81550 0
81551 1
81552 0
81553 2
81554 1
81555 2
81556 0
81557 1
81558 0
81559 2
81560 0
81561 3
81562 2
81563 0
81564 1
81565 0
81566 1
81567 0
81568 1
81569 2
81570 0
81571 1
81572 0
81573 2
81574 1
81575 0
81576 1
81577 0
81578 1
81579 0
81580 2
81581 0
81582 1
81583 2
81584 0
81585 1
81586 0
81587 1
81588 2
81589 0
81590 1
81591 0
81592 1
81593 0
81594 2
81595 1
81596 2
81597 0
81598 2
81599 1
81600 0
81601 1
81602 2
81603 0
81604 2
81605 1
81606 0
81607 1
81608 0
81609 1
81610 2
81611 1
81612 0
81613 1
81614 0
81615 2
81616 3
81617 0
81618 1
81619 0
81620 1
81621 2
81622 3
81623 0
81624 1
81625 0
81626 2
81627 1
81628 2
81629 0
81630 1
81631 2
81632 1
81633 0
81634 1
81635 0
81636 1
81637 0
81638 1
81639 2
81640 0
81641 1
81642 2
81643 0
81644 1
81645 2
81646 0
81647 1
81648 0
81649 1
81650 0
81651 1
81652 2
81653 0
81654 1
81655 0
81656 1
81657 0
81658 1
81659 0
81660 1
81661 0
81662 1
81663 0
81664 1
81665 0
81666 1
81667 0
81668 2
81669 0
81670 1
81671 2
81672 0
81673 1
81674 0
81675 1
81676 2
81677 0
81678 2
81679 1
81680 0
81681 2
81682 1
81683 2
81684 1
81685 0
81686 2
81687 1
81688 0
81689 1
81690 0
81691 1
81692 0
81693 1
81694 0
81695 1
81696 0
81697 2
81698 1
81699 2
81700 0
81701 2
81702 0
81703 2
81704 1
81705 0
81706 1
81707 0
81708 1
81709 0
81710 1
81711 0
81712 1
81713 0
81714 2
81715 1
81716 0
81717 2
81718 0
81719 1
81720 2
81721 0
81722 2
81723 0
81724 1
81725 3
81726 2
81727 1
81728 0
81729 2
81730 1
81731 0
81732 1
81733 0
81734 1
81735 0
81736 1
81737 0
81738 1
81739 0
81740 1
81741 0
81742 1
81743 0
81744 1
81745 2
81746 0
81747 1
81748 0
81749 1
81750 0
81751 1
81752 2
81753 0
81754 1
81755 0
81756 1
81757 0
81758 1
81759 2
81760 0
81761 1
81762 0
81763 1
81764 0
81765 2
81766 1
81767 0
81768 1
81769 2
81770 0
81771 1
81772 0
81773 1
81774 2
81775 1
81776 0
81777 1
81778 0
81779 2
81780 1
81781 0
81782 2
81783 1
81784 0
81785 1
81786 0
81787 2
81788 1
81789 0
81790 1
81791 2
81792 0
81793 1
81794 2
81795 0
81796 1
81797 0
81798 1
81799 2
81800 0
81801 1
81802 0
81803 1
81804 2
81805 3
81806 1
81807 0
81808 1
81809 0
81810 1
81811 0
81812 2
81813 0
81814 1
81815 0
81816 1
81817 0
81818 1
81819 0
81820 1
81821 0
81822 1
81823 2
81824 0
81825 1
81826 0
81827 1
81828 0
81829 1
81830 2
81831 0
81832 1
81833 0
81834 1
81835 2
81836 0
81837 1
81838 2
81839 0
81840 2
81841 0
81842 1
81843 0
81844 2
81845 0
81846 2
81847 1
81848 2
81849 0
81850 1
81851 0
81852 2
81853 1
81854 0
81855 1
81856 0
81857 1
81858 0
81859 1
81860 0
81861 1
81862 2
81863 0
81864 1
81865 2
81866 1
81867 2
81868 0
81869 2
81870 1
81871 0
81872 2
81873 1
81874 2
81875 1
81876 2
81877 0
81878 1
81879 0
81880 1
81881 0
81882 1
81883 0
81884 1
81885 0
81886 1
81887 2
81888 0
81889 1
81890 0
81891 1
81892 0
81893 1
81894 0
81895 2
81896 1
81897 2
81898 0
81899 2
81900 1
81901 2
81902 0
81903 1
81904 0
81905 1
81906 0
81907 2
81908 1
81909 0
81910 2
81911 1
81912 0
81913 1
81914 0
81915 2
81916 1
81917 2
81918 0
81919 1
81920 0
81921 1
81922 2
81923 0
81924 1
81925 0
81926 1
81927 0
81928 1
81929 0
81930 2
81931 1
81932 2
81933 1
81934 2
81935 0
81936 2
81937 1
81938 2
81939 0
81940 1
81941 0
81942 1
81943 0
81944 1
81945 0
81946 1
81947 0
81948 1
81949 2
81950 0
81951 1
81952 2
81953 0
81954 1
81955 2
81956 1
81957 0
81958 2
81959 0
81960 1
81961 2
81962 0
81963 1
81964 0
81965 1
81966 0
81967 1
81968 2
81969 1
81970 2
81971 0
81972 1
81973 0
81974 1
81975 0
81976 2
81977 0
81978 1
81979 0
81980 2
81981 0
81982 1
81983 2
81984 0
81985 1
81986 0
81987 1
81988 0
81989 1
81990 0
81991 1
81992 2
81993 0
81994 1
81995 0
81996 1
81997 0
81998 2
81999 1
82000 2
82001 1
82002 0
82003 3
82004 2
82005 1
82006 0
82007 1
82008 0
82009 1
82010 0
82011 1
82012 0
82013 1
82014 0
82015 2
82016 1
82017 2
82018 1
82019 0
82020 1
82021 2
82022 0
82023 1
82024 0
82025 2
82026 1
82027 2
82028 3
82029 1
82030 0
82031 2
82032 1
82033 2
82034 3
82035 1
82036 2
82037 0
82038 2
82039 0
82040 2
82041 1
82042 2
82043 1
82044 0
82045 2
82046 1
82047 2
82048 0
82049 3
82050 2
82051 0
82052 1
82053 0
82054 1
82055 0
82056 2
82057 1
82058 0
82059 2
82060 1
82061 0
82062 1
82063 2
82064 0
82065 1
82066 0
82067 2
82068 0
82069 1
82070 2
82071 1
82072 0
82073 1
82074 0
82075 2
82076 1
82077 0
82078 2
82079 1
82080 0
82081 2
82082 1
82083 0
82084 1
82085 0
82086 2
82087 1
82088 0
82089 2
82090 1
82091 2
82092 1
82093 0
82094 2
82095 1
82096 0
82097 1
82098 2
82099 1
82100 0
82101 1
82102 2
82103 1
82104 2
82105 1
82106 2
82107 0
82108 2
82109 1
82110 2
82111 0
82112 2
82113 1
82114 2
82115 0
82116 1
82117 2
82118 1
82119 2
82120 0
82121 1
82122 2
82123 0
82124 1
82125 0
82126 2
82127 1
82128 3
82129 0
82130 1
82131 2
82132 0
82133 1
82134 0
82135 1
82136 2
82137 1
82138 0
82139 1
82140 2
82141 0
82142 1
82143 0
82144 1
82145 2
82146 0
82147 1
82148 2
82149 0
82150 1
82151 0
82152 2
82153 0
82154 1
82155 2
82156 0
82157 1
82158 0
82159 2
82160 0
82161 1
82162 0
82163 1
82164 0
82165 2
82166 1
82167 0
82168 2
82169 1
82170 3
82171 2
82172 0
82173 1
82174 0
82175 2
82176 1
82177 2
82178 0
82179 2
82180 0
82181 1
82182 0
82183 1
82184 2
82185 1
82186 0
82187 1
82188 0
82189 1
82190 2
82191 0
82192 1
82193 2
82194 1
82195 0
82196 1
82197 0
82198 1
82199 0
82200 1
82201 2
82202 0
82203 1
82204 0
82205 2
82206 3
82207 0
82208 1
82209 2
82210 0
82211 2
82212 1
82213 0
82214 2
82215 1
82216 0
82217 1
82218 0
82219 1
82220 0
82221 2
82222 1
82223 0
82224 1
82225 0
82226 1
82227 2
82228 0
82229 1
82230 0
82231 2
82232 1
82233 0
82234 2
82235 1
82236 2
82237 0
82238 1
82239 2
82240 0
82241 1
82242 0
82243 1
82244 0
82245 2
82246 0
82247 1
82248 2
82249 1
82250 2
82251 1
82252 0
82253 1
82254 0
82255 1
82256 2
82257 0
82258 1
82259 0
82260 1
82261 0
82262 1
82263 0
82264 2
82265 1
82266 0
82267 1
82268 0
82269 1
82270 0
82271 1
82272 0
82273 1
82274 0
82275 1
82276 0
82277 1
82278 2
82279 0
82280 2
82281 1
82282 0
82283 1
82284 2
82285 1
82286 0
82287 1
82288 0
82289 2
82290 1
82291 2
82292 0
82293 2
82294 1
82295 2
82296 0
82297 1
82298 0
82299 1
82300 2
82301 1
82302 2
82303 0
82304 2
82305 1
82306 0
82307 1
82308 0
82309 2
82310 1
82311 2
82312 0
82313 1
82314 0
82315 2
82316 1
82317 0
82318 1
82319 0
82320 1
82321 0
82322 1
82323 2
82324 0
82325 1
82326 0
82327 1
82328 0
82329 1
82330 0
82331 1
82332 0
82333 1
82334 0
82335 1
82336 0
82337 1
82338 0
82339 1
82340 0
82341 1
82342 0
82343 1
82344 2
82345 0
82346 1
82347 0
82348 2
82349 1
82350 0
82351 1
82352 0
82353 1
82354 0
82355 1
82356 0
82357 1
82358 0
82359 2
82360 1
82361 0
82362 2
82363 1
82364 0
82365 1
82366 0
82367 1
82368 0
82369 1
82370 0
82371 1
82372 0
82373 1
82374 0
82375 2
82376 1
82377 2
82378 0
82379 1
82380 2
82381 1
82382 0
82383 1
82384 0
82385 1
82386 0
82387 1
82388 0
82389 1
82390 0
82391 1
82392 2
82393 0
82394 2
82395 1
82396 0
82397 1
82398 0
82399 1
82400 2
82401 0
82402 1
82403 0
82404 1
82405 0
82406 1
82407 2
82408 0
82409 1
82410 0
82411 2
82412 1
82413 2
82414 1
82415 2
82416 1
82417 0
82418 1
82419 0
82420 1
82421 0
82422 1
82423 2
82424 1
82425 2
82426 0
82427 1
82428 2
82429 0
82430 1
82431 0
82432 1
82433 2
82434 1
82435 0
82436 1
82437 2
82438 3
82439 1
82440 2
82441 1
82442 2
82443 1
82444 0
82445 2
82446 0
82447 1
82448 0
82449 1
82450 0
82451 1
82452 0
82453 2
82454 0
82455 1
82456 2
82457 1
82458 2
82459 1
82460 2
82461 0
82462 1
82463 0
82464 1
82465 2
82466 0
82467 1
82468 2
82469 1
82470 2
82471 0
82472 1
82473 0
82474 2
82475 1
82476 0
82477 1
82478 2
82479 0
82480 1
82481 2
82482 0
82483 1
82484 2
82485 0
82486 1
82487 0
82488 1
82489 2
82490 1
82491 2
82492 0
82493 1
82494 0
82495 1
82496 2
82497 0
82498 1
82499 2
82500 1
82501 0
82502 1
82503 0
82504 2
82505 0
82506 1
82507 2
82508 1
82509 0
82510 1
82511 0
82512 1
82513 2
82514 0
82515 1
82516 0
82517 1
82518 2
82519 1
82520 0
82521 1
82522 0
82523 1
82524 0
82525 2
82526 1
82527 0
82528 2
82529 1
82530 0
82531 1
82532 2
82533 0
82534 1
82535 2
82536 0
82537 1
82538 0
82539 1
82540 0
82541 2
82542 1
82543 0
82544 2
82545 1
82546 2
82547 1
82548 0
82549 2
82550 1
82551 0
82552 1
82553 0
82554 2
82555 0
82556 1
82557 0
82558 2
82559 1
82560 2
82561 1
82562 2
82563 1
82564 0
82565 2
82566 1
82567 0
82568 2
82569 0
82570 2
82571 1
82572 2
82573 1
82574 0
82575 1
82576 2
82577 3
82578 1
82579 0
82580 2
82581 1
82582 0
82583 1
82584 2
82585 0
82586 1
82587 0
82588 1
82589 0
82590 2
82591 0
82592 1
82593 2
82594 0
82595 1
82596 2
82597 1
82598 2
82599 0
82600 2
82601 0
82602 1
82603 2
82604 0
82605 1
82606 0
82607 1
82608 2
82609 0
82610 1
82611 0
82612 1
82613 0
82614 1
82615 0
82616 1
82617 2
82618 0
82619 2
82620 1
82621 0
82622 1
82623 0
82624 1
82625 2
82626 1
82627 0
82628 1
82629 2
82630 1
82631 0
82632 1
82633 0
82634 1
82635 0
82636 1
82637 2
82638 0
82639 1
82640 2
82641 0
82642 1
82643 0
82644 1
82645 0
82646 2
82647 1
82648 2
82649 0
82650 2
82651 1
82652 2
82653 1
82654 0
82655 1
82656 0
82657 1
82658 2
82659 0
82660 2
82661 0
82662 1
82663 0
82664 1
82665 2
82666 0
82667 1
82668 2
82669 1
82670 2
82671 0
82672 1
82673 0
82674 1
82675 0
82676 1
82677 0
82678 1
82679 0
82680 1
82681 0
82682 1
82683 0
82684 2
82685 1
82686 2
82687 1
82688 0
82689 1
82690 0
82691 1
82692 2
82693 0
82694 1
82695 2
82696 0
82697 1
82698 0
82699 1
82700 0
82701 1
82702 0
82703 2
82704 1
82705 2
82706 0
82707 1
82708 0
82709 1
82710 0
82711 1
82712 2
82713 0
82714 1
82715 0
82716 1
82717 0
82718 1
82719 0
82720 2
82721 1
82722 2
82723 1
82724 0
82725 1
82726 2
82727 0
82728 1
82729 0
82730 2
82731 1
82732 0
82733 1
82734 2
82735 3
82736 1
82737 2
82738 0
82739 1
82740 0
82741 1
82742 0
82743 1
82744 2
82745 0
82746 2
82747 0
82748 1
82749 0
82750 1
82751 0
82752 1
82753 2
82754 0
82755 2
82756 0
82757 1
82758 2
82759 1
82760 0
82761 1
82762 0
82763 1
82764 0
82765 1
82766 2
82767 0
82768 1
82769 0
82770 1
82771 0
82772 2
82773 1
82774 0
82775 1
82776 0
82777 1
82778 0
82779 1
82780 2
82781 0
82782 1
82783 0
82784 2
82785 1
82786 0
82787 1
82788 0
82789 1
82790 2
82791 1
82792 0
82793 1
82794 0
82795 1
82796 0
82797 1
82798 2
82799 0
82800 1
82801 0
82802 1
82803 0
82804 1
82805 0
82806 2
82807 1
82808 2
82809 0
82810 1
82811 0
82812 1
82813 3
82814 2
82815 0
82816 1
82817 2
82818 0
82819 1
82820 0
82821 1
82822 2
82823 1
82824 2
82825 0
82826 1
82827 0
82828 1
82829 0
82830 1
82831 0
82832 1
82833 2
82834 0
82835 2
82836 1
82837 0
82838 1
82839 0
82840 1
82841 2
82842 0
82843 1
82844 0
82845 1
82846 0
82847 1
82848 2
82849 0
82850 1
82851 0
82852 1
82853 0
82854 2
82855 1
82856 0
82857 2
82858 1
82859 2
82860 0
82861 2
82862 1
82863 0
82864 1
82865 2
82866 1
82867 0
82868 1
82869 0
82870 2
82871 1
82872 2
82873 1
82874 0
82875 1
82876 2
82877 0
82878 1
82879 2
82880 1
82881 0
82882 1
82883 2
82884 0
82885 1
82886 2
82887 1
82888 2
82889 3
82890 0
82891 1
82892 0
82893 1
82894 0
82895 2
82896 0
82897 1
82898 2
82899 0
82900 1
82901 0
82902 1
82903 0
82904 1
82905 0
82906 1
82907 0
82908 1
82909 0
82910 1
82911 0
82912 2
82913 0
82914 1
82915 0
82916 1
82917 0
82918 1
82919 0
82920 1
82921 2
82922 1
82923 0
82924 1
82925 2
82926 0
82927 1
82928 0
82929 1
82930 2
82931 0
82932 1
82933 0
82934 1
82935 2
82936 0
82937 2
82938 1
82939 0
82940 1
82941 2
82942 0
82943 1
82944 2
82945 3
82946 0
82947 1
82948 2
82949 0
82950 1
82951 0
82952 2
82953 0
82954 2
82955 1
82956 2
82957 0
82958 2
82959 1
82960 2
82961 0
82962 2
82963 1
82964 0
82965 1
82966 0
82967 1
82968 2
82969 0
82970 1
82971 0
82972 1
82973 0
82974 2
82975 1
82976 0
82977 2
82978 1
82979 0
82980 1
82981 0
82982 2
82983 0
82984 1
82985 0
82986 1
82987 2
82988 0
82989 1
82990 0
82991 2
82992 1
82993 0
82994 1
82995 0
82996 2
82997 0
82998 1
82999 2
83000 0
83001 2
83002 1
83003 0
83004 1
83005 0
83006 1
83007 0
83008 1
83009 0
83010 1
83011 2
83012 0
83013 1
83014 0
83015 1
83016 0
83017 1
83018 2
83019 0
83020 1
83021 0
83022 2
83023 1
83024 0
83025 1
83026 0
83027 1
83028 0
83029 1
83030 0
83031 1
83032 2
83033 0
83034 2
83035 0
83036 1
83037 0
83038 1
83039 2
83040 0
83041 2
83042 0
83043 1
83044 0
83045 1
83046 0
83047 1
83048 0
83049 1
83050 0
83051 1
83052 3
83053 2
83054 1
83055 0
83056 2
83057 1
83058 0
83059 1
83060 0
83061 2
83062 1
83063 2
83064 0
83065 2
83066 0
83067 1
83068 0
83069 1
83070 2
83071 0
83072 1
83073 2
83074 0
83075 1
83076 2
83077 0
83078 1
83079 2
83080 0
83081 1
83082 0
83083 1
83084 0
83085 1
83086 0
83087 1
83088 2
83089 0
83090 1
83091 0
83092 1
83093 0
83094 1
83095 0
83096 1
83097 2
83098 0
83099 2
83100 1
83101 2
83102 1
83103 0
83104 2
83105 1
83106 2
83107 0
83108 2
83109 0
83110 2
83111 1
83112 0
83113 1
83114 0
83115 2
83116 1
83117 0
83118 1
83119 0
83120 2
83121 0
83122 2
83123 1
83124 0
83125 1
83126 2
83127 1
83128 0
83129 2
83130 1
83131 0
83132 1
83133 2
83134 1
83135 2
83136 0
83137 2
83138 1
83139 0
83140 2
83141 1
83142 0
83143 1
83144 0
83145 1
83146 2
83147 1
83148 2
83149 0
83150 2
83151 1
83152 0
83153 1
83154 0
83155 1
83156 0
83157 1
83158 2
83159 1
83160 0
83161 2
83162 1
83163 2
83164 0
83165 1
83166 2
83167 0
83168 1
83169 0
83170 1
83171 0
83172 2
83173 1
83174 2
83175 0
83176 1
83177 0
83178 1
83179 0
83180 1
83181 0
83182 1
83183 0
83184 1
83185 0
83186 2
83187 1
83188 0
83189 1
83190 0
83191 1
83192 0
83193 1
83194 0
83195 1
83196 0
83197 2
83198 1
83199 0
83200 2
83201 0
83202 1
83203 0
83204 1
83205 0
83206 1
83207 2
83208 0
83209 1
83210 2
83211 0
83212 1
83213 2
83214 0
83215 3
83216 1
83217 2
83218 0
83219 2
83220 1
83221 0
83222 2
83223 1
83224 0
83225 1
83226 2
83227 0
83228 1
83229 0
83230 1
83231 2
83232 0
83233 2
83234 1
83235 0
83236 1
83237 0
83238 1
83239 2
83240 0
83241 1
83242 2
83243 0
83244 2
83245 0
83246 1
83247 0
83248 1
83249 2
83250 0
83251 2
83252 1
83253 0
83254 1
83255 0
83256 2
83257 1
83258 0
83259 1
83260 2
83261 1
83262 2
83263 0
83264 2
83265 1
83266 0
83267 1
83268 2
83269 0
83270 2
83271 0
83272 1
83273 2
83274 0
83275 1
83276 0
83277 1
83278 0
83279 1
83280 2
83281 0
83282 1
83283 0
83284 1
83285 0
83286 2
83287 1
83288 0
83289 1
83290 0
83291 1
83292 0
83293 1
83294 2
83295 0
83296 2
83297 1
83298 2
83299 1
83300 0
83301 1
83302 3
83303 2
83304 0
83305 1
83306 0
83307 1
83308 0
83309 2
83310 1
83311 2
83312 0
83313 1
83314 0
83315 2
83316 0
83317 1
83318 0
83319 1
83320 0
83321 2
83322 3
83323 1
83324 0
83325 1
83326 2
83327 1
83328 2
83329 0
83330 1
83331 0
83332 2
83333 1
83334 2
83335 0
83336 1
83337 0
83338 2
83339 1
83340 0
83341 1
83342 0
83343 1
83344 2
83345 0
83346 1
83347 0
83348 1
83349 0
83350 2
83351 1
83352 2
83353 1
83354 0
83355 1
83356 2
83357 1
83358 0
83359 1
83360 0
83361 1
83362 0
83363 1
83364 0
83365 1
83366 0
83367 1
83368 0
83369 1
83370 0
83371 2
83372 1
83373 0
83374 2
83375 1
83376 2
83377 0
83378 1
83379 0
83380 1
83381 0
83382 1
83383 0
83384 1
83385 0
83386 1
83387 0
83388 1
83389 2
83390 0
83391 2
83392 1
83393 0
83394 1
83395 0
83396 1
83397 0
83398 1
83399 2
83400 0
83401 1
83402 0
83403 1
83404 0
83405 1
83406 0
83407 1
83408 0
83409 2
83410 1
83411 2
83412 1
83413 0
83414 1
83415 0
83416 1
83417 0
83418 1
83419 0
83420 1
83421 2
83422 0
83423 1
83424 2
83425 0
83426 1
83427 2
83428 1
83429 0
83430 1
83431 2
83432 0
83433 1
83434 0
83435 1
83436 0
83437 1
83438 0
83439 1
83440 0
83441 2
83442 1
83443 2
83444 0
83445 2
83446 1
83447 2
83448 1
83449 0
83450 1
83451 0
83452 1
83453 0
83454 1
83455 2
83456 0
83457 2
83458 0
83459 2
83460 1
83461 0
83462 1
83463 0
83464 1
83465 2
83466 0
83467 2
83468 1
83469 0
83470 1
83471 2
83472 0
83473 2
83474 0
83475 1
83476 0
83477 1
83478 0
83479 1
83480 0
83481 2
83482 1
83483 0
83484 2
83485 0
83486 1
83487 2
83488 0
83489 1
83490 0
83491 1
83492 0
83493 1
83494 2
83495 1
83496 2
83497 0
83498 1
83499 2
83500 0
83501 1
83502 0
83503 2
83504 0
83505 1
83506 2
83507 0
83508 2
83509 1
83510 0
83511 1
83512 0
83513 2
83514 1
83515 0
83516 1
83517 0
83518 2
83519 1
83520 0
83521 1
83522 2
83523 1
83524 2
83525 0
83526 1
83527 0
83528 2
83529 0
83530 1
83531 0
83532 1
83533 0
83534 1
83535 2
83536 3
83537 1
83538 2
83539 0
83540 1
83541 0
83542 1
83543 2
83544 0
83545 2
83546 0
83547 1
83548 2
83549 0
83550 1
83551 2
83552 0
83553 1
83554 0
83555 1
83556 0
83557 2
83558 1
83559 2
83560 0
83561 2
83562 1
83563 0
83564 1
83565 2
83566 0
83567 1
83568 0
83569 1
83570 2
83571 0
83572 1
83573 0
83574 2
83575 1
83576 2
83577 0
83578 1
83579 0
83580 1
83581 0
83582 1
83583 0
83584 1
83585 2
83586 1
83587 2
83588 0
83589 1
83590 0
83591 1
83592 0
83593 2
83594 1
83595 2
83596 0
83597 1
83598 0
83599 1
83600 0
83601 1
83602 0
83603 2
83604 1
83605 0
83606 1
83607 0
83608 1
83609 0
83610 1
83611 2
83612 0
83613 2
83614 1
83615 0
83616 1
83617 0
83618 2
83619 1
83620 2
83621 0
83622 2
83623 1
83624 0
83625 1
83626 2
83627 0
83628 1
83629 2
83630 0
83631 1
83632 2
83633 0
83634 2
83635 1
83636 0
83637 2
83638 1
83639 0
83640 1
83641 0
83642 2
83643 1
83644 0
83645 1
83646 0
83647 2
83648 1
83649 2
83650 0
83651 1
83652 0
83653 1
83654 0
83655 2
83656 1
83657 2
83658 0
83659 1
83660 2
83661 0
83662 1
83663 0
83664 2
83665 1
83666 0
83667 1
83668 0
83669 1
83670 2
83671 0
83672 1
83673 2
83674 3
83675 0
83676 2
83677 1
83678 0
83679 1
83680 0
83681 2
83682 0
83683 1
83684 2
83685 0
83686 1
83687 2
83688 0
83689 1
83690 0
83691 2
83692 0
83693 1
83694 2
83695 0
83696 1
83697 0
83698 1
83699 0
83700 1
83701 0
83702 1
83703 2
83704 0
83705 1
83706 0
83707 1
83708 0
83709 2
83710 1
83711 0
83712 2
83713 1
83714 0
83715 2
83716 1
83717 0
83718 1
83719 0
83720 2
83721 1
83722 0
83723 1
83724 0
83725 1
83726 0
83727 2
83728 1
83729 2
83730 1
83731 2
83732 1
83733 3
83734 2
83735 1
83736 0
83737 1
83738 0
83739 2
83740 1
83741 0
83742 1
83743 0
83744 1
83745 0
83746 1
83747 0
83748 1
83749 2
83750 1
83751 0
83752 1
83753 2
83754 0
83755 1
83756 0
83757 1
83758 0
83759 2
83760 1
83761 0
83762 1
83763 2
83764 0
83765 1
83766 0
83767 1
83768 0
83769 2
83770 1
83771 2
83772 1
83773 0
83774 1
83775 0
83776 1
83777 2
83778 1
83779 0
83780 1
83781 2
83782 0
83783 1
83784 0
83785 1
83786 2
83787 0
83788 1
83789 0
83790 1
83791 2
83792 0
83793 2
83794 1
83795 0
83796 1
83797 2
83798 1
83799 0
83800 1
83801 0
83802 1
83803 2
83804 0
83805 1
83806 0
83807 1
83808 0
83809 2
83810 1
83811 0
83812 1
83813 2
83814 1
83815 2
83816 1
83817 0
83818 1
83819 0
83820 1
83821 0
83822 1
83823 0
83824 2
83825 1
83826 0
83827 1
83828 2
83829 1
83830 0
83831 1
83832 2
83833 0
83834 1
83835 0
83836 1
83837 0
83838 1
83839 2
83840 0
83841 1
83842 0
83843 1
83844 0
83845 2
83846 1
83847 2
83848 0
83849 1
83850 2
83851 3
83852 0
83853 1
83854 2
83855 1
83856 0
83857 1
83858 0
83859 2
83860 1
83861 0
83862 2
83863 1
83864 0
83865 1
83866 2
83867 0
83868 1
83869 2
83870 1
83871 0
83872 2
83873 0
83874 1
83875 0
83876 1
83877 0
83878 1
83879 2
83880 0
83881 1
83882 0
83883 2
83884 1
83885 2
83886 1
83887 0
83888 1
83889 0
83890 1
83891 0
83892 1
83893 0
83894 1
83895 2
83896 1
83897 0
83898 2
83899 1
83900 0
83901 1
83902 2
83903 0
83904 1
83905 0
83906 1
83907 2
83908 0
83909 1
83910 0
83911 1
83912 2
83913 0
83914 1
83915 0
83916 1
83917 2
83918 1
83919 2
83920 0
83921 2
83922 1
83923 0
83924 1
83925 0
83926 1
83927 2
83928 0
83929 2
83930 1
83931 0
83932 1
83933 0
83934 1
83935 0
83936 1
83937 0
83938 1
83939 2
83940 0
83941 2
83942 1
83943 2
83944 0
83945 2
83946 0
83947 1
83948 2
83949 1
83950 2
83951 0
83952 1
83953 0
83954 1
83955 0
83956 2
83957 1
83958 2
83959 0
83960 2
83961 1
83962 0
83963 1
83964 2
83965 1
83966 0
83967 1
83968 0
83969 2
83970 1
83971 2
83972 0
83973 1
83974 0
83975 1
83976 2
83977 1
83978 0
83979 1
83980 0
83981 2
83982 1
83983 2
83984 0
83985 1
83986 0
83987 1
83988 0
83989 2
83990 1
83991 2
83992 1
83993 2
83994 1
83995 2
83996 0
83997 1
83998 2
83999 1
84000 0
84001 1
84002 2
84003 0
84004 1
84005 0
84006 2
84007 1
84008 0
84009 2
84010 0
84011 1
84012 2
84013 0
84014 1
84015 0
84016 2
84017 0
84018 1
84019 2
84020 0
84021 1
84022 0
84023 1
84024 0
84025 2
84026 1
84027 2
84028 0
84029 1
84030 2
84031 0
84032 1
84033 0
84034 1
84035 3
84036 2
84037 0
84038 1
84039 0
84040 1
84041 0
84042 1
84043 2
84044 0
84045 1
84046 0
84047 1
84048 0
84049 2
84050 1
84051 2
84052 1
84053 0
84054 1
84055 0
84056 2
84057 1
84058 0
84059 2
84060 1
84061 2
84062 1
84063 2
84064 1
84065 2
84066 1
84067 2
84068 0
84069 2
84070 1
84071 2
84072 0
84073 2
84074 0
84075 2
84076 1
84077 0
84078 1
84079 2
84080 0
84081 1
84082 0
84083 2
84084 1
84085 2
84086 0
84087 1
84088 0
84089 2
84090 1
84091 2
84092 0
84093 2
84094 1
84095 0
84096 1
84097 0
84098 2
84099 1
84100 2
84101 3
84102 1
84103 0
84104 1
84105 2
84106 0
84107 1
84108 0
84109 1
84110 0
84111 1
84112 0
84113 1
84114 2
84115 0
84116 1
84117 0
84118 1
84119 0
84120 1
84121 0
84122 1
84123 2
84124 1
84125 0
84126 1
84127 0
84128 1
84129 0
84130 1
84131 2
84132 0
84133 1
84134 0
84135 1
84136 0
84137 1
84138 2
84139 0
84140 1
84141 2
84142 1
84143 2
84144 1
84145 2
84146 0
84147 1
84148 2
84149 0
84150 1
84151 2
84152 1
84153 2
84154 0
84155 1
84156 0
84157 2
84158 0
84159 1
84160 0
84161 1
84162 0
84163 2
84164 1
84165 0
84166 1
84167 0
84168 1
84169 2
84170 0
84171 1
84172 0
84173 1
84174 0
84175 2
84176 1
84177 2
84178 0
84179 2
84180 1
84181 0
84182 2
84183 1
84184 2
84185 0
84186 2
84187 1
84188 2
84189 0
84190 2
84191 1
84192 0
84193 1
84194 2
84195 1
84196 0
84197 1
84198 0
84199 2
84200 1
84201 0
84202 1
84203 0
84204 1
84205 0
84206 2
84207 0
84208 2
84209 1
84210 0
84211 1
84212 0
84213 2
84214 0
84215 1
84216 0
84217 1
84218 2
84219 0
84220 1
84221 2
84222 1
84223 2
84224 0
84225 1
84226 2
84227 1
84228 0
84229 2
84230 1
84231 2
84232 0
84233 1
84234 0
84235 1
84236 0
84237 2
84238 1
84239 0
84240 2
84241 1
84242 3
84243 2
84244 0
84245 1
84246 0
84247 2
84248 1
84249 0
84250 1
84251 0
84252 1
84253 2
84254 1
84255 0
84256 2
84257 1
84258 0
84259 1
84260 2
84261 0
84262 2
84263 1
84264 2
84265 0
84266 1
84267 0
84268 1
84269 0
84270 2
84271 0
84272 1
84273 2
84274 0
84275 1
84276 2
84277 0
84278 2
84279 1
84280 2
84281 1
84282 2
84283 0
84284 2
84285 0
84286 1
84287 0
84288 2
84289 1
84290 0
84291 1
84292 2
84293 0
84294 1
84295 0
84296 1
84297 0
84298 2
84299 1
84300 2
84301 1
84302 2
84303 1
84304 0
84305 1
84306 0
84307 1
84308 0
84309 1
84310 0
84311 1
84312 2
84313 0
84314 1
84315 0
84316 1
84317 2
84318 0
84319 2
84320 1
84321 2
84322 0
84323 1
84324 2
84325 1
84326 2
84327 3
84328 0
84329 1
84330 0
84331 1
84332 0
84333 1
84334 2
84335 0
84336 1
84337 0
84338 1
84339 0
84340 1
84341 3
84342 2
84343 0
84344 1
84345 0
84346 1
84347 0
84348 2
84349 1
84350 0
84351 1
84352 0
84353 1
84354 2
84355 0
84356 1
84357 0
84358 1
84359 0
84360 2
84361 1
84362 0
84363 1
84364 2
84365 1
84366 2
84367 3
84368 0
84369 2
84370 1
84371 2
84372 1
84373 0
84374 1
84375 0
84376 2
84377 1
84378 0
84379 2
84380 0
84381 1
84382 0
84383 1
84384 0
84385 1
84386 0
84387 1
84388 2
84389 0
84390 2
84391 1
84392 0
84393 1
84394 0
84395 1
84396 2
84397 0
84398 1
84399 0
84400 2
84401 1
84402 0
84403 1
84404 0
84405 1
84406 0
84407 1
84408 2
84409 0
84410 1
84411 0
84412 1
84413 2
84414 1
84415 0
84416 2
84417 1
84418 0
84419 2
84420 1
84421 0
84422 1
84423 2
84424 0
84425 1
84426 3
84427 2
84428 0
84429 1
84430 0
84431 1
84432 0
84433 2
84434 1
84435 2
84436 0
84437 1
84438 2
84439 0
84440 2
84441 1
84442 2
84443 0
84444 2
84445 1
84446 0
84447 2
84448 3
84449 0
84450 2
84451 1
84452 2
84453 0
84454 1
84455 0
84456 2
84457 1
84458 0
84459 1
84460 2
84461 0
84462 1
84463 0
84464 1
84465 0
84466 1
84467 0
84468 1
84469 0
84470 2
84471 1
84472 2
84473 0
84474 1
84475 0
84476 2
84477 1
84478 2
84479 3
84480 0
84481 1
84482 0
84483 2
84484 1
84485 0
84486 1
84487 0
84488 1
84489 2
84490 0
84491 2
84492 1
84493 2
84494 0
84495 1
84496 0
84497 1
84498 0
84499 1
84500 0
84501 1
84502 0
84503 1
84504 0
84505 1
84506 0
84507 1
84508 0
84509 2
84510 1
84511 2
84512 1
84513 0
84514 1
84515 0
84516 2
84517 1
84518 0
84519 2
84520 1
84521 0
84522 1
84523 0
84524 1
84525 0
84526 2
84527 1
84528 0
84529 1
84530 0
84531 1
84532 0
84533 1
84534 2
84535 0
84536 1
84537 0
84538 1
84539 2
84540 0
84541 1
84542 0
84543 1
84544 0
84545 1
84546 0
84547 1
84548 0
84549 2
84550 1
84551 0
84552 1
84553 2
84554 1
84555 2
84556 1
84557 2
84558 0
84559 1
84560 2
84561 0
84562 1
84563 2
84564 0
84565 2
84566 1
84567 0
84568 2
84569 0
84570 1
84571 0
84572 2
84573 0
84574 1
84575 0
84576 1
84577 2
84578 0
84579 1
84580 2
84581 0
84582 1
84583 0
84584 1
84585 2
84586 0
84587 2
84588 1
84589 2
84590 0
84591 2
84592 1
84593 0
84594 2
84595 0
84596 1
84597 0
84598 1
84599 2
84600 0
84601 1
84602 0
84603 2
84604 1
84605 0
84606 1
84607 0
84608 2
84609 0
84610 1
84611 0
84612 2
84613 1
84614 2
84615 0
84616 2
84617 1
84618 0
84619 1
84620 0
84621 1
84622 0
84623 2
84624 1
84625 2
84626 1
84627 0
84628 1
84629 0
84630 1
84631 0
84632 1
84633 0
84634 2
84635 1
84636 0
84637 2
84638 0
84639 2
84640 1
84641 2
84642 0
84643 1
84644 0
84645 1
84646 0
84647 1
84648 2
84649 0
84650 1
84651 2
84652 0
84653 1
84654 0
84655 1
84656 0
84657 2
84658 1
84659 0
84660 2
84661 1
84662 0
84663 1
84664 0
84665 2
84666 1
84667 2
84668 0
84669 2
84670 1
84671 2
84672 0
84673 1
84674 0
84675 2
84676 1
84677 0
84678 2
84679 1
84680 0
84681 1
84682 0
84683 2
84684 1
84685 2
84686 1
84687 0
84688 1
84689 2
84690 0
84691 2
84692 1
84693 2
84694 0
84695 1
84696 0
84697 2
84698 0
84699 1
84700 0
84701 2
84702 1
84703 2
84704 0
84705 1
84706 2
84707 1
84708 0
84709 2
84710 0
84711 1
84712 0
84713 1
84714 2
84715 1
84716 0
84717 1
84718 0
84719 1
84720 0
84721 2
84722 3
84723 1
84724 0
84725 1
84726 0
84727 2
84728 1
84729 0
84730 2
84731 0
84732 1
84733 2
84734 0
84735 1
84736 2
84737 0
84738 1
84739 2
84740 0
84741 1
84742 2
84743 1
84744 0
84745 2
84746 1
84747 2
84748 0
84749 1
84750 2
84751 1
84752 0
84753 1
84754 0
84755 1
84756 0
84757 1
84758 0
84759 1
84760 0
84761 1
84762 0
84763 1
84764 2
84765 0
84766 1
84767 2
84768 0
84769 1
84770 2
84771 3
84772 1
84773 0
84774 2
84775 1
84776 2
84777 1
84778 0
84779 2
84780 1
84781 0
84782 2
84783 1
84784 0
84785 2
84786 1
84787 2
84788 0
84789 1
84790 0
84791 1
84792 0
84793 2
84794 1
84795 0
84796 1
84797 2
84798 0
84799 1
84800 2
84801 0
84802 1
84803 2
84804 0
84805 1
84806 0
84807 2
84808 1
84809 2
84810 1
84811 0
84812 1
84813 0
84814 1
84815 0
84816 1
84817 0
84818 1
84819 2
84820 3
84821 1
84822 2
84823 1
84824 2
84825 1
84826 0
84827 1
84828 0
84829 1
84830 0
84831 1
84832 0
84833 1
84834 0
84835 1
84836 2
84837 0
84838 1
84839 0
84840 2
84841 1
84842 0
84843 2
84844 0
84845 1
84846 2
84847 1
84848 2
84849 0
84850 1
84851 0
84852 1
84853 0
84854 1
84855 0
84856 1
84857 0
84858 1
84859 0
84860 2
84861 1
84862 0
84863 1
84864 0
84865 2
84866 1
84867 0
84868 1
84869 2
84870 0
84871 1
84872 0
84873 2
84874 1
84875 0
84876 1
84877 0
84878 1
84879 0
84880 1
84881 2
84882 1
84883 0
84884 1
84885 0
84886 1
84887 2
84888 0
84889 1
84890 2
84891 0
84892 2
84893 1
84894 2
84895 0
84896 2
84897 1
84898 0
84899 2
84900 0
84901 1
84902 0
84903 2
84904 0
84905 1
84906 0
84907 2
84908 1
84909 2
84910 1
84911 2
84912 0
84913 2
84914 1
84915 0
84916 2
84917 1
84918 0
84919 2
84920 1
84921 0
84922 1
84923 0
84924 1
84925 2
84926 3
84927 1
84928 2
84929 0
84930 2
84931 0
84932 2
84933 1
84934 0
84935 1
84936 0
84937 2
84938 1
84939 2
84940 0
84941 1
84942 2
84943 0
84944 1
84945 2
84946 0
84947 2
84948 1
84949 0
84950 1
84951 0
84952 2
84953 0
84954 1
84955 2
84956 3
84957 1
84958 2
84959 1
84960 0
84961 1
84962 0
84963 1
84964 2
84965 0
84966 2
84967 1
84968 2
84969 0
84970 2
84971 1
84972 2
84973 1
84974 2
84975 0
84976 1
84977 0
84978 1
84979 0
84980 1
84981 0
84982 1
84983 2
84984 0
84985 1
84986 0
84987 2
84988 1
84989 0
84990 2
84991 0
84992 1
84993 0
84994 1
84995 0
84996 1
84997 0
84998 1
84999 0
85000 1
85001 2
85002 1
85003 2
85004 0
85005 1
85006 0
85007 2
85008 1
85009 0
85010 1
85011 2
85012 1
85013 0
85014 2
85015 1
85016 0
85017 2
85018 1
85019 2
85020 1
85021 0
85022 1
85023 0
85024 2
85025 1
85026 0
85027 2
85028 1
85029 0
85030 1
85031 0
85032 1
85033 2
85034 0
85035 1
85036 0
85037 2
85038 1
85039 0
85040 1
85041 0
85042 1
85043 2
85044 0
85045 1
85046 0
85047 1
85048 2
85049 0
85050 2
85051 0
85052 1
85053 0
85054 1
85055 0
85056 1
85057 0
85058 1
85059 0
85060 1
85061 0
85062 2
85063 0
85064 1
85065 0
85066 1
85067 0
85068 1
85069 0
85070 1
85071 2
85072 0
85073 1
85074 0
85075 1
85076 0
85077 1
85078 0
85079 1
85080 0
85081 1
85082 0
85083 1
85084 0
85085 1
85086 0
85087 1
85088 0
85089 1
85090 0
85091 2
85092 0
85093 1
85094 2
85095 1
85096 0
85097 1
85098 0
85099 1
85100 2
85101 0
85102 1
85103 0
85104 1
85105 2
85106 0
85107 1
85108 2
85109 1
85110 2
85111 0
85112 1
85113 2
85114 0
85115 2
85116 1
85117 2
85118 1
85119 0
85120 1
85121 0
85122 1
85123 0
85124 1
85125 2
85126 0
85127 2
85128 0
85129 1
85130 0
85131 2
85132 1
85133 3
85134 2
85135 1
85136 0
85137 2
85138 1
85139 0
85140 2
85141 0
85142 2
85143 1
85144 0
85145 1
85146 0
85147 1
85148 0
85149 1
85150 0
85151 1
85152 2
85153 1
85154 2
85155 0
85156 1
85157 0
85158 1
85159 0
85160 2
85161 0
85162 1
85163 0
85164 1
85165 0
85166 1
85167 0
85168 1
85169 2
85170 1
85171 2
85172 0
85173 1
85174 0
85175 1
85176 2
85177 3
85178 0
85179 1
85180 2
85181 0
85182 2
85183 1
85184 0
85185 1
85186 2
85187 0
85188 2
85189 1
85190 0
85191 1
85192 0
85193 1
85194 0
85195 2
85196 1
85197 0
85198 1
85199 0
85200 1
85201 0
85202 1
85203 0
85204 1
85205 0
85206 1
85207 0
85208 1
85209 0
85210 1
85211 2
85212 1
85213 0
85214 2
85215 1
85216 0
85217 2
85218 1
85219 0
85220 1
85221 2
85222 0
85223 1
85224 0
85225 1
85226 0
85227 1
85228 0
85229 1
85230 2
85231 0
85232 1
85233 0
85234 1
85235 2
85236 1
85237 0
85238 2
85239 1
85240 0
85241 1
85242 0
85243 2
85244 1
85245 2
85246 3
85247 1
85248 2
85249 0
85250 1
85251 0
85252 1
85253 0
85254 2
85255 1
85256 0
85257 2
85258 1
85259 0
85260 1
85261 2
85262 0
85263 1
85264 0
85265 1
85266 2
85267 1
85268 2
85269 1
85270 0
85271 1
85272 2
85273 0
85274 1
85275 2
85276 0
85277 1
85278 2
85279 0
85280 1
85281 0
85282 1
85283 0
85284 1
85285 2
85286 0
85287 1
85288 2
85289 0
85290 1
85291 2
85292 1
85293 2
85294 0
85295 1
85296 0
85297 1
85298 0
85299 1
85300 2
85301 1
85302 0
85303 1
85304 2
85305 1
85306 2
85307 0
85308 2
85309 1
85310 2
85311 0
85312 1
85313 0
85314 1
85315 0
85316 1
85317 0
85318 2
85319 1
85320 2
85321 0
85322 2
85323 3
85324 0
85325 1
85326 0
85327 2
85328 1
85329 0
85330 1
85331 0
85332 1
85333 0
85334 1
85335 0
85336 1
85337 2
85338 0
85339 1
85340 0
85341 2
85342 1
85343 0
85344 1
85345 2
85346 0
85347 1
85348 2
85349 0
85350 1
85351 2
85352 0
85353 1
85354 2
85355 0
85356 1
85357 2
85358 1
85359 0
85360 1
85361 0
85362 2
85363 1
85364 0
85365 2
85366 1
85367 0
85368 1
85369 0
85370 2
85371 1
85372 0
85373 2
85374 0
85375 1
85376 0
85377 1
85378 2
85379 0
85380 1
85381 0
85382 1
85383 2
85384 1
85385 2
85386 0
85387 1
85388 2
85389 1
85390 0
85391 1
85392 0
85393 1
85394 0
85395 1
85396 0
85397 1
85398 0
85399 1
85400 0
85401 1
85402 2
85403 0
85404 2
85405 1
85406 0
85407 2
85408 1
85409 0
85410 2
85411 0
85412 2
85413 1
85414 0
85415 2
85416 1
85417 0
85418 1
85419 0
85420 2
85421 1
85422 0
85423 1
85424 0
85425 1
85426 2
85427 0
85428 1
85429 0
85430 2
85431 1
85432 0
85433 2
85434 0
85435 1
85436 0
85437 2
85438 1
85439 0
85440 2
85441 1
85442 0
85443 2
85444 1
85445 2
85446 0
85447 1
85448 0
85449 2
85450 0
85451 1
85452 0
85453 1
85454 0
85455 2
85456 1
85457 0
85458 1
85459 0
85460 1
85461 2
85462 0
85463 1
85464 0
85465 1
85466 0
85467 2
85468 1
85469 0
85470 1
85471 2
85472 0
85473 2
85474 1
85475 0
85476 2
85477 0
85478 1
85479 0
85480 1
85481 0
85482 1
85483 0
85484 2
85485 0
85486 2
85487 1
85488 0
85489 1
85490 0
85491 2
85492 1
85493 2
85494 1
85495 2
85496 1
85497 2
85498 0
85499 1
85500 0
85501 1
85502 2
85503 1
85504 0
85505 1
85506 0
85507 1
85508 0
85509 1
85510 0
85511 1
85512 0
85513 1
85514 2
85515 0
85516 2
85517 1
85518 3
85519 1
85520 2
85521 0
85522 1
85523 0
85524 1
85525 2
85526 1
85527 0
85528 1
85529 0
85530 1
85531 0
85532 1
85533 2
85534 0
85535 1
85536 0
85537 1
85538 0
85539 1
85540 0
85541 1
85542 0
85543 1
85544 0
85545 2
85546 1
85547 0
85548 1
85549 0
85550 1
85551 0
85552 1
85553 2
85554 0
85555 1
85556 0
85557 1
85558 0
85559 2
85560 0
85561 1
85562 0
85563 1
85564 0
85565 1
85566 0
85567 1
85568 0
85569 2
85570 1
85571 0
85572 1
85573 0
85574 1
85575 2
85576 1
85577 2
85578 0
85579 1
85580 0
85581 1
85582 2
85583 3
85584 0
85585 1
85586 2
85587 0
85588 1
85589 0
85590 1
85591 2
85592 0
85593 1
85594 0
85595 1
85596 0
85597 1
85598 0
85599 1
85600 0
85601 2
85602 1
85603 0
85604 1
85605 2
85606 0
85607 1
85608 0
85609 2
85610 1
85611 2
85612 0
85613 1
85614 0
85615 2
85616 1
85617 0
85618 2
85619 1
85620 0
85621 1
85622 0
85623 1
85624 0
85625 1
85626 2
85627 3
85628 0
85629 1
85630 0
85631 1
85632 0
85633 1
85634 0
85635 1
85636 0
85637 2
85638 1
85639 0
85640 1
85641 0
85642 2
85643 1
85644 0
85645 1
85646 0
85647 2
85648 1
85649 0
85650 1
85651 0
85652 1
85653 0
85654 1
85655 0
85656 1
85657 0
85658 1
85659 0
85660 1
85661 0
85662 1
85663 0
85664 1
85665 0
85666 1
85667 0
85668 1
85669 0
85670 2
85671 3
85672 1
85673 0
85674 1
85675 0
85676 2
85677 1
85678 0
85679 1
85680 0
85681 1
85682 2
85683 0
85684 2
85685 1
85686 0
85687 1
85688 0
85689 2
85690 1
85691 2
85692 0
85693 1
85694 2
85695 1
85696 0
85697 1
85698 0
85699 1
85700 0
85701 1
85702 0
85703 1
85704 0
85705 1
85706 2
85707 0
85708 2
85709 1
85710 2
85711 0
85712 1
85713 0
85714 1
85715 0
85716 1
85717 0
85718 1
85719 0
85720 1
85721 2
85722 1
85723 2
85724 0
85725 2
85726 0
85727 1
85728 0
85729 1
85730 2
85731 1
85732 2
85733 1
85734 0
85735 1
85736 0
85737 1
85738 0
85739 1
85740 0
85741 2
85742 1
85743 0
85744 2
85745 1
85746 0
85747 1
85748 2
85749 0
85750 1
85751 0
85752 1
85753 0
85754 1
85755 0
85756 1
85757 2
85758 0
85759 2
85760 0
85761 1
85762 0
85763 1
85764 0
85765 2
85766 1
85767 0
85768 1
85769 2
85770 0
85771 1
85772 0
85773 2
85774 1
85775 2
85776 0
85777 1
85778 0
85779 1
85780 0
85781 1
85782 0
85783 1
85784 2
85785 1
85786 0
85787 2
85788 1
85789 2
85790 3
85791 0
85792 1
85793 0
85794 1
85795 0
85796 2
85797 0
85798 1
85799 0
85800 2
85801 1
85802 0
85803 1
85804 0
85805 1
85806 2
85807 0
85808 1
85809 0
85810 1
85811 2
85812 0
85813 1
85814 0
85815 1
85816 0
85817 2
85818 1
85819 2
85820 1
85821 2
85822 0
85823 2
85824 1
85825 0
85826 1
85827 2
85828 1
85829 0
85830 1
85831 0
85832 1
85833 0
85834 1
85835 0
85836 1
85837 0
85838 1
85839 0
85840 2
85841 1
85842 2
85843 0
85844 1
85845 2
85846 0
85847 2
85848 1
85849 0
85850 1
85851 2
85852 0
85853 1
85854 0
85855 1
85856 0
85857 1
85858 0
85859 1
85860 0
85861 2
85862 1
85863 0
85864 1
85865 2
85866 1
85867 0
85868 1
85869 2
85870 1
85871 2
85872 0
85873 1
85874 0
85875 1
85876 0
85877 2
85878 1
85879 2
85880 0
85881 1
85882 0
85883 2
85884 0
85885 2
85886 1
85887 2
85888 0
85889 1
85890 2
85891 0
85892 1
85893 0
85894 2
85895 1
85896 0
85897 2
85898 1
85899 0
85900 1
85901 2
85902 1
85903 0
85904 1
85905 0
85906 2
85907 1
85908 2
85909 1
85910 2
85911 0
85912 1
85913 0
85914 2
85915 1
85916 2
85917 0
85918 1
85919 0
85920 1
85921 2
85922 0
85923 2
85924 0
85925 1
85926 0
85927 1
85928 0
85929 1
85930 0
85931 1
85932 0
85933 1
85934 0
85935 2
85936 1
85937 0
85938 1
85939 0
85940 2
85941 0
85942 2
85943 0
85944 2
85945 1
85946 0
85947 1
85948 2
85949 1
85950 0
85951 2
85952 1
85953 2
85954 0
85955 2
85956 1
85957 0
85958 2
85959 1
85960 0
85961 2
85962 1
85963 0
85964 1
85965 0
85966 2
85967 1
85968 0
85969 1
85970 2
85971 0
85972 1
85973 2
85974 0
85975 1
85976 2
85977 1
85978 0
85979 1
85980 0
85981 2
85982 0
85983 1
85984 0
85985 1
85986 0
85987 1
85988 0
85989 1
85990 2
85991 0
85992 1
85993 0
85994 1
85995 0
85996 2
85997 0
85998 2
85999 1
86000 0
86001 1
86002 0
86003 1
86004 0
86005 1
86006 0
86007 1
86008 0
86009 1
86010 0
86011 1
86012 0
86013 1
86014 0
86015 1
86016 2
86017 0
86018 1
86019 2
86020 0
86021 1
86022 2
86023 1
86024 2
86025 1
86026 2
86027 0
86028 2
86029 0
86030 2
86031 0
86032 1
86033 0
86034 2
86035 1
86036 2
86037 1
86038 0
86039 2
86040 0
86041 2
86042 1
86043 0
86044 1
86045 0
86046 1
86047 0
86048 2
86049 1
86050 2
86051 0
86052 1
86053 0
86054 1
86055 2
86056 1
86057 2
86058 1
86059 0
86060 1
86061 2
86062 0
86063 1
86064 2
86065 3
86066 1
86067 2
86068 0
86069 2
86070 1
86071 0
86072 1
86073 0
86074 2
86075 1
86076 2
86077 0
86078 1
86079 0
86080 1
86081 0
86082 1
86083 0
86084 2
86085 1
86086 0
86087 3
86088 1
86089 0
86090 1
86091 2
86092 0
86093 1
86094 0
86095 1
86096 2
86097 1
86098 2
86099 0
86100 2
86101 1
86102 2
86103 0
86104 2
86105 0
86106 1
86107 2
86108 1
86109 2
86110 0
86111 1
86112 0
86113 1
86114 0
86115 2
86116 1
86117 2
86118 1
86119 0
86120 1
86121 2
86122 1
86123 2
86124 0
86125 2
86126 1
86127 0
86128 1
86129 2
86130 0
86131 1
86132 0
86133 1
86134 2
86135 0
86136 1
86137 2
86138 0
86139 2
86140 1
86141 0
86142 1
86143 0
86144 2
86145 1
86146 0
86147 1
86148 0
86149 1
86150 0
86151 1
86152 0
86153 1
86154 0
86155 1
86156 0
86157 1
86158 0
86159 2
86160 0
86161 2
86162 1
86163 0
86164 1
86165 2
86166 0
86167 2
86168 1
86169 0
86170 1
86171 0
86172 1
86173 0
86174 2
86175 1
86176 2
86177 1
86178 0
86179 1
86180 0
86181 1
86182 0
86183 2
86184 0
86185 1
86186 0
86187 1
86188 2
86189 0
86190 1
86191 0
86192 1
86193 2
86194 1
86195 2
86196 1
86197 0
86198 2
86199 1
86200 0
86201 2
86202 1
86203 2
86204 1
86205 2
86206 1
86207 2
86208 0
86209 1
86210 0
86211 1
86212 2
86213 0
86214 1
86215 2
86216 0
86217 1
86218 0
86219 1
86220 2
86221 1
86222 0
86223 1
86224 2
86225 0
86226 2
86227 1
86228 2
86229 0
86230 1
86231 2
86232 1
86233 2
86234 1
86235 0
86236 1
86237 0
86238 1
86239 2
86240 0
86241 1
86242 0
86243 1
86244 0
86245 2
86246 0
86247 1
86248 2
86249 0
86250 1
86251 0
86252 1
86253 2
86254 0
86255 1
86256 0
86257 1
86258 0
86259 2
86260 0
86261 1
86262 2
86263 0
86264 1
86265 0
86266 1
86267 2
86268 1
86269 0
86270 2
86271 1
86272 0
86273 2
86274 1
86275 2
86276 0
86277 1
86278 0
86279 1
86280 2
86281 0
86282 2
86283 1
86284 0
86285 1
86286 0
86287 2
86288 1
86289 0
86290 1
86291 2
86292 0
86293 2
86294 1
86295 0
86296 1
86297 2
86298 1
86299 2
86300 0
86301 2
86302 1
86303 0
86304 1
86305 0
86306 1
86307 0
86308 1
86309 0
86310 2
86311 1
86312 0
86313 1
86314 0
86315 1
86316 0
86317 1
86318 0
86319 1
86320 2
86321 3
86322 1
86323 2
86324 0
86325 1
86326 2
86327 1
86328 2
86329 1
86330 0
86331 2
86332 0
86333 1
86334 2
86335 0
86336 1
86337 2
86338 0
86339 1
86340 0
86341 2
86342 1
86343 0
86344 2
86345 1
86346 0
86347 1
86348 0
86349 1
86350 0
86351 1
86352 0
86353 1
86354 0
86355 2
86356 1
86357 0
86358 1
86359 0
86360 2
86361 0
86362 1
86363 0
86364 2
86365 0
86366 2
86367 1
86368 0
86369 2
86370 1
86371 2
86372 1
86373 0
86374 1
86375 2
86376 0
86377 1
86378 0
86379 1
86380 2
86381 1
86382 2
86383 0
86384 2
86385 1
86386 2
86387 1
86388 0
86389 2
86390 1
86391 2
86392 1
86393 0
86394 1
86395 0
86396 2
86397 1
86398 2
86399 0
86400 1
86401 0
86402 2
86403 1
86404 2
86405 3
86406 1
86407 0
86408 3
86409 2
86410 1
86411 2
86412 1
86413 0
86414 2
86415 1
86416 0
86417 2
86418 1
86419 2
86420 1
86421 0
86422 1
86423 2
86424 1
86425 0
86426 1
86427 0
86428 1
86429 0
86430 1
86431 0
86432 1
86433 2
86434 0
86435 1
86436 2
86437 0
86438 1
86439 0
86440 1
86441 2
86442 3
86443 0
86444 1
86445 2
86446 1
86447 2
86448 0
86449 1
86450 0
86451 2
86452 1
86453 0
86454 1
86455 2
86456 0
86457 1
86458 0
86459 2
86460 1
86461 2
86462 1
86463 2
86464 0
86465 2
86466 1
86467 2
86468 0
86469 1
86470 2
86471 1
86472 2
86473 0
86474 1
86475 2
86476 0
86477 1
86478 0
86479 2
86480 1
86481 2
86482 0
86483 1
86484 0
86485 1
86486 0
86487 1
86488 0
86489 1
86490 2
86491 0
86492 1
86493 0
86494 1
86495 0
86496 1
86497 0
86498 1
86499 0
86500 2
86501 1
86502 0
86503 2
86504 0
86505 1
86506 2
86507 1
86508 2
86509 1
86510 0
86511 1
86512 0
86513 2
86514 1
86515 0
86516 2
86517 1
86518 0
86519 1
86520 0
86521 2
86522 1
86523 0
86524 2
86525 1
86526 0
86527 1
86528 2
86529 3
86530 1
86531 2
86532 0
86533 1
86534 0
86535 1
86536 0
86537 3
86538 2
86539 1
86540 0
86541 1
86542 2
86543 1
86544 2
86545 0
86546 1
86547 0
86548 1
86549 2
86550 0
86551 2
86552 0
86553 2
86554 1
86555 2
86556 0
86557 1
86558 0
86559 1
86560 0
86561 1
86562 2
86563 0
86564 1
86565 0
86566 1
86567 0
86568 1
86569 0
86570 2
86571 1
86572 2
86573 0
86574 1
86575 2
86576 0
86577 2
86578 1
86579 0
86580 1
86581 2
86582 1
86583 0
86584 1
86585 0
86586 2
86587 1
86588 0
86589 1
86590 0
86591 1
86592 0
86593 1
86594 0
86595 1
86596 0
86597 1
86598 0
86599 2
86600 0
86601 1
86602 2
86603 0
86604 1
86605 0
86606 1
86607 0
86608 1
86609 0
86610 1
86611 0
86612 1
86613 0
86614 1
86615 0
86616 2
86617 1
86618 0
86619 2
86620 1
86621 2
86622 0
86623 2
86624 1
86625 0
86626 1
86627 0
86628 2
86629 1
86630 2
86631 0
86632 1
86633 0
86634 1
86635 0
86636 1
86637 2
86638 0
86639 2
86640 1
86641 2
86642 0
86643 1
86644 0
86645 1
86646 0
86647 1
86648 2
86649 0
86650 1
86651 2
86652 1
86653 0
86654 2
86655 1
86656 0
86657 1
86658 0
86659 1
86660 0
86661 1
86662 2
86663 0
86664 2
86665 1
86666 0
86667 2
86668 1
86669 0
86670 1
86671 0
86672 1
86673 0
86674 1
86675 0
86676 1
86677 0
86678 1
86679 0
86680 1
86681 0
86682 1
86683 0
86684 1
86685 2
86686 0
86687 1
86688 0
86689 1
86690 0
86691 1
86692 0
86693 1
86694 0
86695 2
86696 1
86697 2
86698 3
86699 1
86700 0
86701 1
86702 2
86703 0
86704 1
86705 0
86706 1
86707 0
86708 1
86709 0
86710 2
86711 1
86712 0
86713 2
86714 0
86715 1
86716 2
86717 0
86718 1
86719 0
86720 2
86721 1
86722 0
86723 2
86724 1
86725 0
86726 2
86727 1
86728 2
86729 0
86730 2
86731 1
86732 0
86733 2
86734 1
86735 0
86736 1
86737 2
86738 0
86739 1
86740 3
86741 2
86742 0
86743 1
86744 0
86745 1
86746 0
86747 1
86748 0
86749 1
86750 0
86751 1
86752 2
86753 0
86754 1
86755 0
86756 1
86757 0
86758 1
86759 0
86760 1
86761 0
86762 1
86763 2
86764 0
86765 1
86766 0
86767 2
86768 1
86769 2
86770 1
86771 0
86772 1
86773 2
86774 0
86775 1
86776 0
86777 2
86778 0
86779 1
86780 2
86781 0
86782 1
86783 0
86784 2
86785 1
86786 2
86787 0
86788 2
86789 0
86790 2
86791 0
86792 1
86793 2
86794 1
86795 0
86796 2
86797 0
86798 1
86799 2
86800 0
86801 2
86802 1
86803 0
86804 1
86805 0
86806 1
86807 2
86808 1
86809 2
86810 1
86811 2
86812 1
86813 0
86814 1
86815 0
86816 2
86817 1
86818 0
86819 2
86820 1
86821 2
86822 0
86823 1
86824 0
86825 1
86826 2
86827 0
86828 1
86829 0
86830 1
86831 0
86832 2
86833 1
86834 0
86835 1
86836 2
86837 3
86838 1
86839 2
86840 1
86841 2
86842 0
86843 2
86844 1
86845 2
86846 0
86847 1
86848 0
86849 1
86850 0
86851 2
86852 3
86853 0
86854 1
86855 0
86856 1
86857 0
86858 1
86859 2
86860 0
86861 1
86862 0
86863 1
86864 2
86865 0
86866 2
86867 1
86868 0
86869 1
86870 0
86871 1
86872 0
86873 1
86874 0
86875 2
86876 0
86877 1
86878 2
86879 1
86880 0
86881 2
86882 1
86883 0
86884 1
86885 2
86886 0
86887 2
86888 1
86889 0
86890 1
86891 0
86892 1
86893 2
86894 0
86895 1
86896 0
86897 1
86898 0
86899 1
86900 0
86901 2
86902 1
86903 2
86904 0
86905 1
86906 2
86907 0
86908 1
86909 0
86910 2
86911 1
86912 0
86913 2
86914 1
86915 0
86916 2
86917 1
86918 0
86919 1
86920 0
86921 1
86922 0
86923 1
86924 0
86925 1
86926 2
86927 0
86928 1
86929 0
86930 1
86931 2
86932 0
86933 1
86934 2
86935 0
86936 1
86937 0
86938 1
86939 0
86940 1
86941 2
86942 0
86943 2
86944 1
86945 0
86946 2
86947 1
86948 0
86949 1
86950 0
86951 1
86952 0
86953 1
86954 0
86955 1
86956 0
86957 1
86958 2
86959 0
86960 2
86961 1
86962 2
86963 0
86964 1
86965 0
86966 1
86967 0
86968 2
86969 1
86970 0
86971 1
86972 0
86973 1
86974 0
86975 2
86976 0
86977 1
86978 0
86979 2
86980 1
86981 0
86982 1
86983 0
86984 1
86985 0
86986 2
86987 0
86988 2
86989 1
86990 0
86991 2
86992 1
86993 0
86994 1
86995 0
86996 1
86997 0
86998 2
86999 1
87000 3
87001 2
87002 1
87003 0
87004 1
87005 2
87006 1
87007 2
87008 1
87009 0
87010 1
87011 0
87012 1
87013 0
87014 1
87015 2
87016 0
87017 1
87018 0
87019 1
87020 0
87021 1
87022 2
87023 1
87024 0
87025 1
87026 0
87027 1
87028 2
87029 0
87030 1
87031 2
87032 0
87033 2
87034 1
87035 0
87036 1
87037 0
87038 1
87039 2
87040 1
87041 0
87042 1
87043 0
87044 1
87045 0
87046 1
87047 0
87048 2
87049 1
87050 0
87051 1
87052 0
87053 1
87054 0
87055 1
87056 0
87057 1
87058 2
87059 0
87060 2
87061 1
87062 2
87063 1
87064 0
87065 1
87066 2
87067 0
87068 1
87069 0
87070 2
87071 0
87072 2
87073 0
87074 2
87075 1
87076 0
87077 1
87078 2
87079 1
87080 2
87081 1
87082 0
87083 1
87084 0
87085 2
87086 1
87087 2
87088 0
87089 1
87090 0
87091 1
87092 2
87093 0
87094 2
87095 0
87096 1
87097 2
87098 1
87099 2
87100 0
87101 1
87102 2
87103 3
87104 1
87105 2
87106 0
87107 1
87108 2
87109 0
87110 2
87111 1
87112 2
87113 1
87114 0
87115 2
87116 1
87117 2
87118 1
87119 0
87120 1
87121 2
87122 0
87123 1
87124 0
87125 2
87126 0
87127 1
87128 0
87129 1
87130 0
87131 1
87132 0
87133 1
87134 0
87135 1
87136 0
87137 1
87138 2
87139 0
87140 2
87141 1
87142 0
87143 1
87144 0
87145 1
87146 0
87147 1
87148 2
87149 0
87150 2
87151 1
87152 2
87153 1
87154 0
87155 1
87156 0
87157 1
87158 0
87159 2
87160 1
87161 2
87162 0
87163 1
87164 0
87165 1
87166 0
87167 1
87168 0
87169 1
87170 0
87171 2
87172 1
87173 0
87174 2
87175 1
87176 0
87177 1
87178 0
87179 1
87180 2
87181 0
87182 2
87183 1
87184 2
87185 1
87186 0
87187 1
87188 0
87189 1
87190 0
87191 2
87192 0
87193 1
87194 2
87195 1
87196 0
87197 2
87198 1
87199 2
87200 1
87201 0
87202 2
87203 0
87204 1
87205 0
87206 1
87207 0
87208 1
87209 0
87210 2
87211 1
87212 0
87213 1
87214 2
87215 1
87216 2
87217 1
87218 0
87219 2
87220 1
87221 2
87222 1
87223 0
87224 1
87225 0
87226 1
87227 0
87228 2
87229 1
87230 2
87231 1
87232 0
87233 1
87234 0
87235 1
87236 0
87237 1
87238 2
87239 1
87240 0
87241 1
87242 0
87243 1
87244 0
87245 1
87246 0
87247 1
87248 0
87249 2
87250 0
87251 2
87252 1
87253 0
87254 1
87255 2
87256 0
87257 2
87258 1
87259 0
87260 1
87261 0
87262 1
87263 0
87264 1
87265 0
87266 1
87267 0
87268 1
87269 0
87270 2
87271 0
87272 1
87273 0
87274 2
87275 1
87276 2
87277 0
87278 1
87279 2
87280 1
87281 0
87282 1
87283 2
87284 0
87285 1
87286 0
87287 1
87288 0
87289 2
87290 1
87291 0
87292 1
87293 0
87294 1
87295 2
87296 0
87297 1
87298 0
87299 1
87300 0
87301 2
87302 1
87303 2
87304 0
87305 1
87306 0
87307 1
87308 0
87309 2
87310 0
87311 2
87312 1
87313 2
87314 0
87315 1
87316 0
87317 2
87318 1
87319 2
87320 0
87321 1
87322 3
87323 0
87324 2
87325 1
87326 0
87327 1
87328 0
87329 2
87330 1
87331 0
87332 1
87333 0
87334 1
87335 0
87336 1
87337 0
87338 1
87339 0
87340 1
87341 2
87342 0
87343 1
87344 0
87345 1
87346 0
87347 1
87348 0
87349 2
87350 1
87351 0
87352 1
87353 0
87354 2
87355 1
87356 2
87357 1
87358 0
87359 1
87360 2
87361 0
87362 1
87363 0
87364 1
87365 0
87366 1
87367 0
87368 2
87369 1
87370 2
87371 0
87372 1
87373 0
87374 1
87375 0
87376 2
87377 1
87378 0
87379 2
87380 1
87381 0
87382 1
87383 2
87384 0
87385 1
87386 2
87387 0
87388 1
87389 0
87390 1
87391 2
87392 0
87393 1
87394 2
87395 1
87396 0
87397 2
87398 1
87399 0
87400 1
87401 2
87402 1
87403 0
87404 1
87405 0
87406 2
87407 1
87408 2
87409 1
87410 0
87411 1
87412 2
87413 0
87414 1
87415 0
87416 2
87417 3
87418 1
87419 2
87420 0
87421 1
87422 0
87423 1
87424 0
87425 1
87426 0
87427 1
87428 0
87429 2
87430 1
87431 0
87432 2
87433 1
87434 0
87435 1
87436 0
87437 1
87438 0
87439 1
87440 0
87441 1
87442 0
87443 1
87444 0
87445 1
87446 0
87447 1
87448 0
87449 1
87450 2
87451 0
87452 1
87453 2
87454 1
87455 0
87456 1
87457 2
87458 0
87459 2
87460 1
87461 2
87462 0
87463 2
87464 1
87465 0
87466 1
87467 0
87468 1
87469 0
87470 2
87471 1
87472 0
87473 1
87474 0
87475 1
87476 0
87477 1
87478 0
87479 1
87480 0
87481 1
87482 0
87483 1
87484 0
87485 1
87486 2
87487 1
87488 2
87489 0
87490 1
87491 0
87492 2
87493 0
87494 1
87495 0
87496 1
87497 2
87498 0
87499 1
87500 0
87501 1
87502 0
87503 1
87504 0
87505 2
87506 0
87507 2
87508 0
87509 2
87510 1
87511 2
87512 0
87513 1
87514 0
87515 1
87516 2
87517 0
87518 1
87519 2
87520 0
87521 1
87522 0
87523 2
87524 1
87525 0
87526 1
87527 0
87528 1
87529 2
87530 0
87531 2
87532 1
87533 0
87534 1
87535 0
87536 1
87537 2
87538 1
87539 2
87540 0
87541 1
87542 2
87543 1
87544 0
87545 1
87546 0
87547 1
87548 2
87549 0
87550 1
87551 2
87552 1
87553 2
87554 0
87555 1
87556 2
87557 0
87558 1
87559 0
87560 1
87561 0
87562 1
87563 2
87564 1
87565 2
87566 1
87567 0
87568 1
87569 0
87570 1
87571 2
87572 0
87573 1
87574 0
87575 1
87576 2
87577 0
87578 2
87579 1
87580 0
87581 1
87582 2
87583 0
87584 1
87585 0
87586 2
87587 1
87588 2
87589 1
87590 0
87591 1
87592 2
87593 1
87594 2
87595 0
87596 1
87597 0
87598 1
87599 0
87600 1
87601 2
87602 0
87603 2
87604 1
87605 0
87606 2
87607 1
87608 0
87609 1
87610 0
87611 2
87612 1
87613 2
87614 0
87615 1
87616 2
87617 0
87618 1
87619 0
87620 1
87621 0
87622 1
87623 2
87624 1
87625 0
87626 1
87627 0
87628 1
87629 2
87630 0
87631 2
87632 1
87633 2
87634 0
87635 1
87636 2
87637 1
87638 0
87639 2
87640 3
87641 1
87642 0
87643 2
87644 1
87645 0
87646 2
87647 1
87648 0
87649 1
87650 2
87651 0
87652 1
87653 0
87654 1
87655 0
87656 1
87657 0
87658 1
87659 0
87660 1
87661 2
87662 1
87663 2
87664 0
87665 1
87666 0
87667 1
87668 0
87669 1
87670 0
87671 1
87672 0
87673 1
87674 2
87675 1
87676 0
87677 1
87678 0
87679 1
87680 0
87681 1
87682 0
87683 1
87684 0
87685 1
87686 0
87687 2
87688 1
87689 2
87690 1
87691 0
87692 1
87693 0
87694 1
87695 2
87696 0
87697 2
87698 1
87699 0
87700 1
87701 0
87702 1
87703 0
87704 1
87705 0
87706 1
87707 0
87708 2
87709 0
87710 1
87711 2
87712 0
87713 1
87714 2
87715 1
87716 2
87717 0
87718 2
87719 0
87720 1
87721 0
87722 1
87723 0
87724 1
87725 2
87726 0
87727 2
87728 1
87729 0
87730 1
87731 0
87732 2
87733 1
87734 0
87735 1
87736 0
87737 2
87738 1
87739 0
87740 1
87741 2
87742 1
87743 0
87744 2
87745 0
87746 2
87747 0
87748 2
87749 0
87750 1
87751 0
87752 2
87753 0
87754 1
87755 0
87756 1
87757 0
87758 1
87759 0
87760 1
87761 2
87762 0
87763 1
87764 2
87765 0
87766 1
87767 0
87768 1
87769 0
87770 1
87771 0
87772 1
87773 2
87774 0
87775 1
87776 0
87777 1
87778 0
87779 1
87780 0
87781 1
87782 2
87783 0
87784 1
87785 0
87786 1
87787 2
87788 1
87789 0
87790 1
87791 0
87792 1
87793 2
87794 0
87795 1
87796 2
87797 0
87798 1
87799 2
87800 0
87801 1
87802 2
87803 0
87804 1
87805 0
87806 1
87807 0
87808 1
87809 0
87810 1
87811 0
87812 2
87813 1
87814 0
87815 1
87816 0
87817 1
87818 0
87819 2
87820 0
87821 1
87822 2
87823 0
87824 1
87825 0
87826 1
87827 0
87828 1
87829 0
87830 1
87831 0
87832 1
87833 0
87834 2
87835 1
87836 0
87837 1
87838 0
87839 1
87840 0
87841 1
87842 2
87843 1
87844 0
87845 2
87846 0
87847 1
87848 2
87849 0
87850 1
87851 2
87852 0
87853 1
87854 0
87855 1
87856 0
87857 1
87858 0
87859 1
87860 0
87861 2
87862 1
87863 2
87864 0
87865 1
87866 0
87867 1
87868 0
87869 1
87870 0
87871 2
87872 0
87873 1
87874 2
87875 0
87876 1
87877 0
87878 1
87879 0
87880 2
87881 1
87882 0
87883 1
87884 0
87885 1
87886 0
87887 1
87888 2
87889 1
87890 0
87891 1
87892 0
87893 2
87894 1
87895 0
87896 1
87897 2
87898 0
87899 1
87900 0
87901 1
87902 2
87903 0
87904 1
87905 0
87906 2
87907 1
87908 0
87909 2
87910 0
87911 1
87912 2
87913 1
87914 0
87915 1
87916 0
87917 1
87918 0
87919 2
87920 1
87921 0
87922 1
87923 2
87924 0
87925 1
87926 0
87927 1
87928 2
87929 0
87930 2
87931 1
87932 0
87933 1
87934 2
87935 1
87936 2
87937 0
87938 1
87939 2
87940 0
87941 2
87942 1
87943 0
87944 1
87945 0
87946 1
87947 0
87948 1
87949 0
87950 2
87951 1
87952 0
87953 1
87954 0
87955 2
87956 1
87957 0
87958 2
87959 1
87960 0
87961 1
87962 0
87963 1
87964 0
87965 2
87966 1
87967 2
87968 0
87969 1
87970 0
87971 1
87972 2
87973 0
87974 1
87975 0
87976 1
87977 0
87978 1
87979 0
87980 1
87981 0
87982 2
87983 1
87984 0
87985 1
87986 0
87987 2
87988 1
87989 0
87990 1
87991 0
87992 1
87993 0
87994 2
87995 1
87996 2
87997 0
87998 1
87999 0
88000 1
88001 2
88002 1
88003 0
88004 2
88005 1
88006 0
88007 2
88008 1
88009 2
88010 0
88011 1
88012 0
88013 1
88014 0
88015 2
88016 1
88017 2
88018 0
88019 1
88020 0
88021 1
88022 2
88023 0
88024 2
88025 1
88026 0
88027 1
88028 2
88029 0
88030 2
88031 1
88032 2
88033 0
88034 1
88035 0
88036 2
88037 0
88038 1
88039 0
88040 1
88041 2
88042 1
88043 0
88044 1
88045 0
88046 2
88047 0
88048 1
88049 0
88050 1
88051 2
88052 0
88053 1
88054 0
88055 1
88056 2
88057 1
88058 0
88059 2
88060 1
88061 0
88062 1
88063 0
88064 2
88065 1
88066 2
88067 0
88068 1
88069 0
88070 2
88071 1
88072 0
88073 1
88074 2
88075 0
88076 1
88077 2
88078 0
88079 1
88080 0
88081 1
88082 0
88083 2
88084 0
88085 2
88086 0
88087 1
88088 0
88089 1
88090 0
88091 1
88092 0
88093 2
88094 1
88095 2
88096 0
88097 1
88098 2
88099 0
88100 1
88101 0
88102 1
88103 0
88104 1
88105 0
88106 2
88107 0
88108 1
88109 2
88110 0
88111 1
88112 0
88113 1
88114 0
88115 1
88116 0
88117 1
88118 2
88119 0
88120 1
88121 0
88122 1
88123 2
88124 1
88125 0
88126 2
88127 0
88128 1
88129 0
88130 1
88131 2
88132 0
88133 1
88134 0
88135 1
88136 0
88137 1
88138 0
88139 1
88140 2
88141 0
88142 1
88143 0
88144 2
88145 0
88146 1
88147 2
88148 0
88149 2
88150 1
88151 2
88152 1
88153 0
88154 2
88155 1
88156 2
88157 0
88158 2
88159 1
88160 2
88161 0
88162 1
88163 0
88164 1
88165 2
88166 0
88167 1
88168 0
88169 1
88170 0
88171 1
88172 2
88173 0
88174 2
88175 0
88176 2
88177 1
88178 2
88179 0
88180 2
88181 0
88182 1
88183 2
88184 1
88185 2
88186 3
88187 1
88188 2
88189 0
88190 2
88191 0
88192 1
88193 0
88194 1
88195 0
88196 2
88197 1
88198 0
88199 1
88200 0
88201 1
88202 0
88203 1
88204 0
88205 2
88206 1
88207 0
88208 1
88209 0
88210 1
88211 0
88212 2
88213 1
88214 0
88215 1
88216 2
88217 0
88218 1
88219 0
88220 1
88221 0
88222 1
88223 2
88224 0
88225 2
88226 1
88227 2
88228 3
88229 1
88230 2
88231 0
88232 1
88233 0
88234 1
88235 2
88236 0
88237 2
88238 0
88239 2
88240 1
88241 2
88242 0
88243 1
88244 0
88245 1
88246 2
88247 1
88248 0
88249 1
88250 2
88251 0
88252 2
88253 1
88254 0
88255 2
88256 1
88257 2
88258 0
88259 1
88260 0
88261 1
88262 0
88263 2
88264 1
88265 0
88266 1
88267 0
88268 1
88269 2
88270 0
88271 1
88272 0
88273 1
88274 2
88275 0
88276 1
88277 0
88278 1
88279 0
88280 2
88281 0
88282 1
88283 0
88284 1
88285 2
88286 0
88287 2
88288 0
88289 1
88290 2
88291 0
88292 1
88293 0
88294 1
88295 2
88296 1
88297 2
88298 0
88299 1
88300 2
88301 1
88302 0
88303 1
88304 0
88305 1
88306 2
88307 1
88308 0
88309 1
88310 0
88311 1
88312 2
88313 1
88314 2
88315 0
88316 2
88317 1
88318 2
88319 0
88320 2
88321 1
88322 2
88323 0
88324 1
88325 2
88326 0
88327 2
88328 1
88329 2
88330 1
88331 0
88332 2
88333 1
88334 0
88335 1
88336 0
88337 2
88338 1
88339 0
88340 2
88341 0
88342 1
88343 0
88344 2
88345 1
88346 2
88347 0
88348 1
88349 0
88350 2
88351 1
88352 0
88353 2
88354 0
88355 2
88356 0
88357 1
88358 0
88359 1
88360 0
88361 1
88362 2
88363 0
88364 1
88365 0
88366 2
88367 1
88368 0
88369 1
88370 0
88371 1
88372 0
88373 2
88374 0
88375 1
88376 0
88377 1
88378 0
88379 1
88380 0
88381 1
88382 2
88383 1
88384 0
88385 1
88386 0
88387 1
88388 2
88389 0
88390 1
88391 2
88392 1
88393 0
88394 1
88395 0
88396 1
88397 0
88398 1
88399 2
88400 0
88401 1
88402 0
88403 1
88404 0
88405 1
88406 0
88407 2
88408 3
88409 2
88410 0
88411 2
88412 1
88413 0
88414 1
88415 2
88416 0
88417 1
88418 0
88419 1
88420 0
88421 1
88422 2
88423 0
88424 2
88425 1
88426 2
88427 0
88428 1
88429 0
88430 1
88431 0
88432 1
88433 0
88434 1
88435 0
88436 1
88437 2
88438 0
88439 1
88440 0
88441 2
88442 1
88443 0
88444 1
88445 0
88446 1
88447 2
88448 0
88449 1
88450 0
88451 2
88452 1
88453 2
88454 3
88455 1
88456 2
88457 1
88458 2
88459 0
88460 1
88461 0
88462 1
88463 0
88464 1
88465 0
88466 2
88467 3
88468 1
88469 0
88470 1
88471 2
88472 0
88473 1
88474 0
88475 2
88476 1
88477 2
88478 0
88479 2
88480 1
88481 2
88482 0
88483 2
88484 1
88485 2
88486 0
88487 2
88488 1
88489 0
88490 1
88491 0
88492 1
88493 2
88494 0
88495 1
88496 0
88497 2
88498 1
88499 2
88500 1
88501 0
88502 1
88503 0
88504 1
88505 2
88506 0
88507 2
88508 1
88509 0
88510 1
88511 2
88512 1
88513 0
88514 2
88515 1
88516 2
88517 0
88518 3
88519 2
88520 1
88521 2
88522 0
88523 1
88524 0
88525 1
88526 2
88527 0
88528 1
88529 0
88530 1
88531 2
88532 0
88533 1
88534 0
88535 2
88536 1
88537 2
88538 0
88539 2
88540 1
88541 0
88542 1
88543 0
88544 2
88545 1
88546 0
88547 1
88548 0
88549 1
88550 2
88551 0
88552 1
88553 2
88554 0
88555 2
88556 1
88557 0
88558 2
88559 1
88560 0
88561 1
88562 0
88563 1
88564 2
88565 0
88566 1
88567 0
88568 2
88569 1
88570 2
88571 0
88572 1
88573 2
88574 0
88575 2
88576 1
88577 0
88578 1
88579 0
88580 1
88581 0
88582 1
88583 0
88584 1
88585 2
88586 1
88587 0
88588 1
88589 0
88590 1
88591 0
88592 2
88593 0
88594 1
88595 0
88596 1
88597 0
88598 1
88599 0
88600 1
88601 2
88602 0
88603 2
88604 1
88605 0
88606 1
88607 2
88608 0
88609 1
88610 0
88611 2
88612 1
88613 0
88614 2
88615 1
88616 2
88617 1
88618 0
88619 1
88620 2
88621 0
88622 1
88623 0
88624 1
88625 2
88626 0
88627 2
88628 1
88629 2
88630 1
88631 0
88632 1
88633 0
88634 2
88635 1
88636 2
88637 0
88638 1
88639 2
88640 1
88641 0
88642 2
88643 1
88644 0
88645 2
88646 1
88647 2
88648 1
88649 0
88650 1
88651 0
88652 1
88653 0
88654 2
88655 1
88656 0
88657 1
88658 0
88659 2
88660 1
88661 2
88662 0
88663 2
88664 0
88665 2
88666 1
88667 0
88668 2
88669 1
88670 0
88671 3
88672 1
88673 2
88674 0
88675 1
88676 2
88677 0
88678 1
88679 0
88680 1
88681 0
88682 1
88683 2
88684 1
88685 0
88686 1
88687 0
88688 1
88689 2
88690 0
88691 1
88692 0
88693 1
88694 0
88695 1
88696 0
88697 2
88698 1
88699 0
88700 1
88701 2
88702 0
88703 2
88704 0
88705 2
88706 0
88707 1
88708 0
88709 1
88710 0
88711 1
88712 0
88713 1
88714 0
88715 2
88716 0
88717 1
88718 0
88719 1
88720 0
88721 2
88722 1
88723 2
88724 0
88725 2
88726 1
88727 0
88728 1
88729 2
88730 0
88731 1
88732 0
88733 2
88734 1
88735 0
88736 1
88737 2
88738 0
88739 2
88740 1
88741 0
88742 2
88743 1
88744 0
88745 1
88746 0
88747 1
88748 0
88749 1
88750 0
88751 1
88752 0
88753 2
88754 0
88755 1
88756 0
88757 2
88758 1
88759 2
88760 1
88761 2
88762 1
88763 0
88764 2
88765 1
88766 2
88767 0
88768 1
88769 0
88770 2
88771 0
88772 1
88773 0
88774 1
88775 0
88776 2
88777 1
88778 0
88779 1
88780 2
88781 0
88782 2
88783 0
88784 1
88785 2
88786 0
88787 1
88788 2
88789 0
88790 1
88791 0
88792 1
88793 0
88794 1
88795 2
88796 0
88797 2
88798 1
88799 0
88800 1
88801 2
88802 1
88803 2
88804 0
88805 2
88806 1
88807 0
88808 1
88809 0
88810 1
88811 0
88812 2
88813 1
88814 2
88815 0
88816 1
88817 0
88818 1
88819 2
88820 1
88821 0
88822 1
88823 0
88824 1
88825 2
88826 0
88827 2
88828 1
88829 0
88830 1
88831 0
88832 1
88833 0
88834 2
88835 0
88836 1
88837 0
88838 1
88839 0
88840 1
88841 0
88842 2
88843 1
88844 0
88845 1
88846 0
88847 2
88848 0
88849 1
88850 0
88851 1
88852 2
88853 1
88854 0
88855 1
88856 0
88857 1
88858 0
88859 1
88860 2
88861 0
88862 1
88863 0
88864 1
88865 0
88866 1
88867 2
88868 0
88869 1
88870 0
88871 1
88872 0
88873 1
88874 0
88875 1
88876 0
88877 1
88878 0
88879 1
88880 0
88881 1
88882 2
88883 0
88884 2
88885 0
88886 2
88887 0
88888 2
88889 1
88890 2
88891 1
88892 0
88893 1
88894 0
88895 1
88896 0
88897 1
88898 0
88899 1
88900 0
88901 1
88902 2
88903 1
88904 2
88905 0
88906 1
88907 0
88908 1
88909 0
88910 1
88911 3
88912 1
88913 0
88914 1
88915 0
88916 1
88917 0
88918 1
88919 2
88920 0
88921 1
88922 2
88923 0
88924 2
88925 1
88926 2
88927 0
88928 1
88929 0
88930 2
88931 1
88932 0
88933 1
88934 2
88935 1
88936 2
88937 0
88938 1
88939 2
88940 1
88941 2
88942 0
88943 3
88944 1
88945 2
88946 0
88947 1
88948 2
88949 0
88950 1
88951 0
88952 1
88953 0
88954 1
88955 0
88956 2
88957 1
88958 2
88959 1
88960 0
88961 1
88962 0
88963 2
88964 1
88965 2
88966 0
88967 1
88968 2
88969 1
88970 2
88971 0
88972 1
88973 0
88974 1
88975 2
88976 1
88977 0
88978 2
88979 1
88980 0
88981 1
88982 0
88983 1
88984 0
88985 1
88986 0
88987 1
88988 2
88989 1
88990 0
88991 1
88992 2
88993 1
88994 0
88995 1
88996 0
88997 1
88998 2
88999 0
89000 2
89001 1
89002 2
89003 1
89004 0
89005 1
89006 0
89007 1
89008 2
89009 0
89010 2
89011 1
89012 2
89013 0
89014 2
89015 1
89016 2
89017 0
89018 1
89019 0
89020 1
89021 0
89022 2
89023 1
89024 0
89025 1
89026 0
89027 1
89028 2
89029 1
89030 2
89031 1
89032 0
89033 1
89034 0
89035 1
89036 0
89037 1
89038 2
89039 0
89040 1
89041 2
89042 0
89043 2
89044 1
89045 0
89046 1
89047 0
89048 2
89049 1
89050 0
89051 1
89052 0
89053 1
89054 0
89055 2
89056 1
89057 0
89058 2
89059 1
89060 0
89061 1
89062 0
89063 1
89064 0
89065 1
89066 2
89067 0
89068 2
89069 1
89070 2
89071 0
89072 1
89073 2
89074 1
89075 0
89076 1
89077 2
89078 1
89079 0
89080 1
89081 2
89082 1
89083 0
89084 1
89085 0
89086 1
89087 0
89088 3
89089 1
89090 0
89091 1
89092 2
89093 0
89094 1
89095 2
89096 1
89097 2
89098 0
89099 1
89100 0
89101 2
89102 1
89103 2
89104 0
89105 1
89106 2
89107 0
89108 1
89109 0
89110 1
89111 2
89112 0
89113 1
89114 0
89115 1
89116 0
89117 1
89118 3
89119 2
89120 0
89121 1
89122 0
89123 1
89124 2
89125 0
89126 1
89127 0
89128 1
89129 2
89130 0
89131 1
89132 0
89133 1
89134 0
89135 1
89136 0
89137 2
89138 1
89139 0
89140 1
89141 2
89142 0
89143 1
89144 0
89145 2
89146 1
89147 0
89148 1
89149 0
89150 1
89151 0
89152 1
89153 0
89154 2
89155 0
89156 2
89157 1
89158 0
89159 1
89160 0
89161 2
89162 1
89163 0
89164 2
89165 1
89166 2
89167 1
89168 0
89169 1
89170 0
89171 2
89172 0
89173 1
89174 2
89175 1
89176 2
89177 0
89178 2
89179 1
89180 0
89181 2
89182 1
89183 0
89184 1
89185 0
89186 2
89187 0
89188 1
89189 0
89190 2
89191 1
89192 2
89193 0
89194 1
89195 0
89196 1
89197 0
89198 2
89199 0
89200 1
89201 0
89202 1
89203 0
89204 1
89205 0
89206 1
89207 2
89208 0
89209 1
89210 2
89211 0
89212 1
89213 0
89214 1
89215 0
89216 1
89217 0
89218 2
89219 1
89220 0
89221 1
89222 0
89223 1
89224 2
89225 0
89226 1
89227 2
89228 1
89229 0
89230 1
89231 0
89232 1
89233 2
89234 0
89235 2
89236 0
89237 2
89238 1
89239 0
89240 2
89241 1
89242 2
89243 0
89244 2
89245 1
89246 0
89247 1
89248 0
89249 1
89250 2
89251 1
89252 2
89253 1
89254 0
89255 1
89256 0
89257 1
89258 2
89259 0
89260 1
89261 0
89262 1
89263 2
89264 1
89265 2
89266 1
89267 0
89268 1
89269 0
89270 2
89271 1
89272 0
89273 1
89274 0
89275 1
89276 2
89277 0
89278 1
89279 0
89280 2
89281 1
89282 2
89283 0
89284 1
89285 0
89286 1
89287 2
89288 0
89289 1
89290 0
89291 1
89292 0
89293 1
89294 0
89295 2
89296 1
89297 0
89298 1
89299 2
89300 0
89301 1
89302 0
89303 1
89304 0
89305 2
89306 1
89307 0
89308 1
89309 0
89310 1
89311 0
89312 1
89313 0
89314 2
89315 1
89316 2
89317 0
89318 2
89319 0
89320 1
89321 0
89322 1
89323 0
89324 1
89325 0
89326 2
89327 1
89328 0
89329 2
89330 1
89331 2
89332 0
89333 1
89334 2
89335 1
89336 0
89337 2
89338 1
89339 0
89340 1
89341 0
89342 1
89343 2
89344 0
89345 1
89346 0
89347 1
89348 2
89349 0
89350 2
89351 1
89352 0
89353 2
89354 1
89355 0
89356 2
89357 1
89358 2
89359 0
89360 2
89361 1
89362 0
89363 1
89364 0
89365 1
89366 0
89367 1
89368 0
89369 1
89370 2
89371 0
89372 1
89373 0
89374 2
89375 1
89376 0
89377 1
89378 2
89379 0
89380 1
89381 2
89382 1
89383 2
89384 0
89385 1
89386 0
89387 2
89388 1
89389 0
89390 2
89391 1
89392 0
89393 1
89394 2
89395 1
89396 0
89397 2
89398 0
89399 1
89400 0
89401 1
89402 0
89403 1
89404 0
89405 2
89406 3
89407 0
89408 1
89409 0
89410 2
89411 0
89412 1
89413 2
89414 1
89415 0
89416 1
89417 0
89418 1
89419 0
89420 2
89421 1
89422 0
89423 2
89424 0
89425 1
89426 0
89427 1
89428 0
89429 1
89430 0
89431 1
89432 0
89433 1
89434 0
89435 1
89436 2
89437 0
89438 1
89439 0
89440 2
89441 1
89442 0
89443 1
89444 0
89445 1
89446 2
89447 0
89448 1
89449 0
89450 1
89451 2
89452 0
89453 1
89454 2
89455 0
89456 2
89457 1
89458 2
89459 0
89460 1
89461 0
89462 1
89463 0
89464 1
89465 0
89466 2
89467 1
89468 0
89469 1
89470 0
89471 2
89472 1
89473 0
89474 1
89475 2
89476 0
89477 1
89478 0
89479 2
89480 1
89481 2
89482 1
89483 0
89484 1
89485 2
89486 0
89487 1
89488 2
89489 1
89490 0
89491 2
89492 0
89493 1
89494 0
89495 1
89496 2
89497 0
89498 1
89499 0
89500 1
89501 0
89502 1
89503 0
89504 1
89505 0
89506 1
89507 0
89508 2
89509 1
89510 0
89511 1
89512 0
89513 1
89514 0
89515 1
89516 0
89517 2
89518 1
89519 2
89520 1
89521 0
89522 1
89523 0
89524 2
89525 1
89526 0
89527 1
89528 0
89529 1
89530 2
89531 0
89532 2
89533 1
89534 2
89535 1
89536 2
89537 0
89538 1
89539 0
89540 1
89541 2
89542 1
89543 0
89544 1
89545 0
89546 1
89547 0
89548 1
89549 0
89550 2
89551 0
89552 1
89553 0
89554 1
89555 0
89556 2
89557 1
89558 0
89559 1
89560 2
89561 0
89562 1
89563 2
89564 1
89565 0
89566 1
89567 2
89568 0
89569 2
89570 1
89571 3
89572 1
89573 0
89574 1
89575 2
89576 0
89577 1
89578 0
89579 2
89580 1
89581 0
89582 2
89583 1
89584 2
89585 3
89586 1
89587 2
89588 0
89589 1
89590 0
89591 2
89592 1
89593 0
89594 1
89595 0
89596 1
89597 0
89598 1
89599 0
89600 2
89601 1
89602 0
89603 1
89604 2
89605 0
89606 2
89607 1
89608 0
89609 2
89610 1
89611 0
89612 2
89613 1
89614 2
89615 0
89616 1
89617 0
89618 1
89619 0
89620 1
89621 2
89622 0
89623 1
89624 0
89625 1
89626 0
89627 1
89628 0
89629 2
89630 1
89631 2
89632 0
89633 2
89634 0
89635 1
89636 0
89637 1
89638 2
89639 0
89640 1
89641 2
89642 0
89643 1
89644 0
89645 1
89646 2
89647 1
89648 2
89649 0
89650 1
89651 0
89652 1
89653 0
89654 1
89655 0
89656 1
89657 2
89658 0
89659 1
89660 2
89661 0
89662 2
89663 1
89664 0
89665 1
89666 2
89667 0
89668 2
89669 1
89670 2
89671 1
89672 2
89673 0
89674 1
89675 2
89676 0
89677 1
89678 0
89679 1
89680 0
89681 1
89682 2
89683 1
89684 0
89685 1
89686 0
89687 1
89688 2
89689 0
89690 1
89691 2
89692 1
89693 2
89694 0
89695 1
89696 2
89697 1
89698 0
89699 1
89700 0
89701 1
89702 0
89703 1
89704 0
89705 1
89706 2
89707 1
89708 2
89709 0
89710 2
89711 1
89712 2
89713 0
89714 1
89715 0
89716 1
89717 0
89718 2
89719 0
89720 1
89721 0
89722 1
89723 0
89724 1
89725 2
89726 1
89727 2
89728 0
89729 1
89730 0
89731 1
89732 2
89733 0
89734 2
89735 0
89736 1
89737 2
89738 0
89739 2
89740 1
89741 0
89742 1
89743 2
89744 0
89745 1
89746 0
89747 1
89748 0
89749 2
89750 1
89751 0
89752 1
89753 0
89754 1
89755 0
89756 1
89757 0
89758 1
89759 0
89760 1
89761 2
89762 1
89763 0
89764 1
89765 0
89766 1
89767 2
89768 1
89769 2
89770 3
89771 1
89772 2
89773 3
89774 1
89775 0
89776 2
89777 1
89778 2
89779 0
89780 1
89781 0
89782 1
89783 0
89784 1
89785 0
89786 1
89787 2
89788 0
89789 1
89790 0
89791 2
89792 1
89793 0
89794 1
89795 0
89796 1
89797 2
89798 0
89799 1
89800 2
89801 0
89802 1
89803 0
89804 1
89805 0
89806 1
89807 0
89808 1
89809 0
89810 1
89811 0
89812 1
89813 0
89814 1
89815 0
89816 1
89817 2
89818 1
89819 2
89820 0
89821 2
89822 1
89823 2
89824 0
89825 2
89826 1
89827 2
89828 0
89829 2
89830 1
89831 0
89832 1
89833 0
89834 1
89835 0
89836 1
89837 0
89838 1
89839 2
89840 0
89841 1
89842 2
89843 0
89844 1
89845 2
89846 1
89847 0
89848 2
89849 0
89850 1
89851 2
89852 0
89853 2
89854 1
89855 2
89856 0
89857 1
89858 2
89859 0
89860 1
89861 0
89862 1
89863 2
89864 1
89865 3
89866 2
89867 1
89868 0
89869 2
89870 1
89871 2
89872 0
89873 1
89874 0
89875 1
89876 0
89877 1
89878 0
89879 1
89880 0
89881 1
89882 0
89883 2
89884 1
89885 0
89886 1
89887 0
89888 1
89889 0
89890 1
89891 0
89892 1
89893 2
89894 3
89895 0
89896 1
89897 0
89898 1
89899 0
89900 1
89901 0
89902 1
89903 0
89904 1
89905 0
89906 2
89907 1
89908 0
89909 1
89910 0
89911 2
89912 1
89913 2
89914 0
89915 1
89916 0
89917 1
89918 0
89919 2
89920 1
89921 2
89922 1
89923 0
89924 2
89925 1
89926 0
89927 2
89928 0
89929 2
89930 1
89931 2
89932 0
89933 1
89934 0
89935 1
89936 2
89937 0
89938 1
89939 0
89940 1
89941 0
89942 1
89943 0
89944 2
89945 1
89946 0
89947 1
89948 2
89949 0
89950 1
89951 0
89952 1
89953 0
89954 1
89955 0
89956 1
89957 0
89958 1
89959 0
89960 2
89961 1
89962 0
89963 1
89964 0
89965 2
89966 1
89967 2
89968 1
89969 2
89970 0
89971 1
89972 2
89973 0
89974 1
89975 2
89976 1
89977 0
89978 1
89979 0
89980 1
89981 2
89982 0
89983 1
89984 2
89985 0
89986 2
89987 0
89988 1
89989 0
89990 1
89991 2
89992 0
89993 2
89994 0
89995 1
89996 0
89997 1
89998 0
89999 1
90000 0
90001 1
90002 0
90003 1
90004 0
90005 1
90006 2
90007 1
90008 0
90009 1
90010 0
90011 2
90012 1
90013 0
90014 2
90015 0
90016 1
90017 0
90018 2
90019 1
90020 0
90021 1
90022 0
90023 1
90024 0
90025 1
90026 0
90027 1
90028 0
90029 2
90030 0
90031 2
90032 1
90033 0
90034 1
90035 0
90036 1
90037 2
90038 0
90039 1
90040 0
90041 1
90042 0
90043 2
90044 1
90045 0
90046 1
90047 0
90048 2
90049 1
90050 0
90051 1
90052 2
90053 0
90054 2
90055 1
90056 2
90057 0
90058 1
90059 0
90060 2
90061 0
90062 1
90063 0
90064 1
90065 2
90066 0
90067 1
90068 0
90069 1
90070 2
90071 0
90072 1
90073 0
90074 1
90075 0
90076 1
90077 2
90078 1
90079 2
90080 0
90081 1
90082 0
90083 1
90084 0
90085 1
90086 0
90087 2
90088 1
90089 0
90090 1
90091 0
90092 1
90093 0
90094 1
90095 2
90096 0
90097 1
90098 0
90099 2
90100 1
90101 0
90102 1
90103 2
90104 0
90105 1
90106 2
90107 0
90108 1
90109 0
90110 1
90111 2
90112 0
90113 1
90114 2
90115 0
90116 1
90117 0
90118 2
90119 1
90120 0
90121 1
90122 0
90123 2
90124 1
90125 2
90126 1
90127 0
90128 1
90129 2
90130 0
90131 1
90132 0
90133 2
90134 0
90135 1
90136 2
90137 0
90138 1
90139 0
90140 1
90141 2
90142 0
90143 1
90144 0
90145 1
90146 0
90147 1
90148 0
90149 1
90150 0
90151 1
90152 0
90153 2
90154 0
90155 2
90156 0
90157 1
90158 0
90159 2
90160 3
90161 0
90162 1
90163 0
90164 1
90165 0
90166 1
90167 2
90168 1
90169 0
90170 2
90171 1
90172 0
90173 2
90174 0
90175 1
90176 0
90177 1
90178 0
90179 2
90180 1
90181 2
90182 0
90183 2
90184 1
90185 0
90186 2
90187 1
90188 0
90189 2
90190 0
90191 1
90192 2
90193 1
90194 0
90195 2
90196 1
90197 2
90198 0
90199 1
90200 0
90201 1
90202 2
90203 0
90204 1
90205 0
90206 1
90207 0
90208 1
90209 0
90210 1
90211 0
90212 2
90213 1
90214 0
90215 1
90216 2
90217 0
90218 1
90219 0
90220 2
90221 1
90222 2
90223 1
90224 2
90225 0
90226 1
90227 0
90228 1
90229 0
90230 1
90231 2
90232 1
90233 0
90234 1
90235 0
90236 1
90237 0
90238 1
90239 0
90240 2
90241 0
90242 1
90243 2
90244 0
90245 1
90246 0
90247 2
90248 1
90249 0
90250 2
90251 1
90252 0
90253 1
90254 0
90255 1
90256 2
90257 0
90258 1
90259 0
90260 1
90261 0
90262 3
90263 1
90264 0
90265 1
90266 2
90267 1
90268 2
90269 0
90270 2
90271 1
90272 0
90273 1
90274 2
90275 0
90276 2
90277 1
90278 0
90279 2
90280 1
90281 2
90282 0
90283 1
90284 0
90285 1
90286 0
90287 2
90288 0
90289 1
90290 2
90291 0
90292 2
90293 0
90294 1
90295 2
90296 1
90297 2
90298 0
90299 1
90300 2
90301 1
90302 2
90303 0
90304 1
90305 2
90306 1
90307 2
90308 0
90309 2
90310 0
90311 1
90312 0
90313 1
90314 0
90315 1
90316 0
90317 1
90318 0
90319 1
90320 2
90321 0
90322 1
90323 0
90324 2
90325 1
90326 0
90327 2
90328 1
90329 2
90330 0
90331 2
90332 0
90333 1
90334 0
90335 1
90336 0
90337 1
90338 2
90339 0
90340 1
90341 0
90342 1
90343 0
90344 1
90345 0
90346 2
90347 1
90348 2
90349 0
90350 2
90351 0
90352 2
90353 1
90354 0
90355 1
90356 2
90357 0
90358 1
90359 0
90360 1
90361 0
90362 1
90363 0
90364 2
90365 0
90366 1
90367 0
90368 1
90369 2
90370 0
90371 1
90372 0
90373 1
90374 0
90375 2
90376 0
90377 2
90378 1
90379 2
90380 1
90381 2
90382 0
90383 2
90384 1
90385 2
90386 1
90387 2
90388 0
90389 2
90390 1
90391 0
90392 1
90393 0
90394 2
90395 0
90396 1
90397 0
90398 1
90399 0
90400 2
90401 0
90402 1
90403 0
90404 1
90405 0
90406 1
90407 0
90408 1
90409 0
90410 2
90411 1
90412 3
90413 2
90414 1
90415 2
90416 0
90417 1
90418 2
90419 0
90420 2
90421 0
90422 1
90423 2
90424 0
90425 1
90426 0
90427 1
90428 0
90429 1
90430 0
90431 3
90432 2
90433 1
90434 2
90435 1
90436 0
90437 2
90438 1
90439 0
90440 2
90441 1
90442 2
90443 0
90444 1
90445 0
90446 2
90447 1
90448 0
90449 1
90450 2
90451 1
90452 0
90453 1
90454 2
90455 1
90456 0
90457 1
90458 0
90459 2
90460 1
90461 0
90462 1
90463 0
90464 1
90465 2
90466 1
90467 2
90468 1
90469 2
90470 0
90471 1
90472 2
90473 1
90474 2
90475 1
90476 2
90477 1
90478 2
90479 0
90480 1
90481 2
90482 0
90483 1
90484 0
90485 3
90486 1
90487 2
90488 1
90489 0
90490 2
90491 1
90492 0
90493 2
90494 1
90495 0
90496 2
90497 0
90498 1
90499 2
90500 0
90501 1
90502 2
90503 1
90504 0
90505 1
90506 3
90507 1
90508 0
90509 1
90510 0
90511 1
90512 0
90513 1
90514 2
90515 1
90516 0
90517 2
90518 1
90519 0
90520 1
90521 0
90522 1
90523 2
90524 3
90525 1
90526 0
90527 1
90528 2
90529 0
90530 2
90531 1
90532 0
90533 2
90534 1
90535 2
90536 1
90537 0
90538 2
90539 1
90540 0
90541 2
90542 1
90543 0
90544 1
90545 2
90546 0
90547 1
90548 0
90549 1
90550 0
90551 1
90552 0
90553 1
90554 2
90555 0
90556 2
90557 1
90558 0
90559 1
90560 0
90561 1
90562 2
90563 0
90564 1
90565 2
90566 3
90567 0
90568 1
90569 2
90570 1
90571 2
90572 0
90573 1
90574 2
90575 0
90576 1
90577 2
90578 0
90579 1
90580 0
90581 2
90582 1
90583 0
90584 1
90585 0
90586 1
90587 0
90588 1
90589 2
90590 0
90591 1
90592 0
90593 1
90594 2
90595 1
90596 2
90597 3
90598 1
90599 0
90600 1
90601 0
90602 2
90603 1
90604 0
90605 1
90606 0
90607 1
90608 2
90609 1
90610 2
90611 1
90612 0
90613 1
90614 0
90615 1
90616 0
90617 2
90618 1
90619 2
90620 1
90621 0
90622 1
90623 0
90624 1
90625 0
90626 1
90627 2
90628 0
90629 1
90630 2
90631 1
90632 2
90633 1
90634 2
90635 0
90636 2
90637 1
90638 0
90639 1
90640 0
90641 1
90642 0
90643 1
90644 0
90645 1
90646 0
90647 1
90648 0
90649 2
90650 1
90651 0
90652 2
90653 1
90654 0
90655 2
90656 1
90657 2
90658 0
90659 1
90660 0
90661 1
90662 0
90663 1
90664 0
90665 1
90666 0
90667 1
90668 2
90669 0
90670 2
90671 3
90672 1
90673 0
90674 1
90675 0
90676 1
90677 0
90678 1
90679 2
90680 0
90681 2
90682 1
90683 2
90684 1
90685 2
90686 1
90687 0
90688 1
90689 2
90690 1
90691 0
90692 1
90693 0
90694 2
90695 1
90696 2
90697 1
90698 0
90699 2
90700 0
90701 1
90702 0
90703 1
90704 0
90705 1
90706 2
90707 0
90708 2
90709 1
90710 2
90711 0
90712 1
90713 0
90714 1
90715 0
90716 1
90717 0
90718 1
90719 0
90720 2
90721 1
90722 2
90723 0
90724 1
90725 0
90726 2
90727 0
90728 2
90729 1
90730 0
90731 1
90732 2
90733 0
90734 1
90735 0
90736 1
90737 2
90738 0
90739 2
90740 0
90741 1
90742 2
90743 0
90744 1
90745 2
90746 0
90747 2
90748 0
90749 1
90750 2
90751 1
90752 0
90753 1
90754 2
90755 1
90756 0
90757 2
90758 1
90759 2
90760 0
90761 1
90762 0
90763 1
90764 0
90765 1
90766 2
90767 0
90768 2
90769 1
90770 0
90771 2
90772 1
90773 2
90774 0
90775 2
90776 1
90777 2
90778 1
90779 0
90780 2
90781 1
90782 0
90783 2
90784 0
90785 1
90786 0
90787 1
90788 2
90789 0
90790 2
90791 0
90792 1
90793 0
90794 2
90795 1
90796 0
90797 1
90798 2
90799 0
90800 1
90801 0
90802 1
90803 2
90804 1
90805 2
90806 0
90807 1
90808 0
90809 1
90810 0
90811 2
90812 1
90813 2
90814 1
90815 2
90816 0
90817 1
90818 0
90819 1
90820 0
90821 1
90822 2
90823 0
90824 3
90825 1
90826 0
90827 1
90828 0
90829 1
90830 0
90831 2
90832 0
90833 1
90834 2
90835 0
90836 2
90837 1
90838 0
90839 2
90840 1
90841 0
90842 2
90843 0
90844 1
90845 0
90846 2
90847 1
90848 0
90849 2
90850 0
90851 1
90852 0
90853 2
90854 1
90855 3
90856 1
90857 0
90858 2
90859 1
90860 0
90861 1
90862 0
90863 1
90864 2
90865 0
90866 1
90867 0
90868 1
90869 0
90870 1
90871 0
90872 1
90873 0
90874 1
90875 2
90876 0
90877 2
90878 1
90879 0
90880 1
90881 0
90882 2
90883 1
90884 2
90885 0
90886 1
90887 2
90888 0
90889 2
90890 0
90891 1
90892 0
90893 1
90894 2
90895 0
90896 1
90897 2
90898 0
90899 1
90900 0
90901 1
90902 0
90903 1
90904 0
90905 1
90906 2
90907 1
90908 0
90909 1
90910 2
90911 0
90912 1
90913 2
90914 1
90915 2
90916 0
90917 1
90918 2
90919 0
90920 1
90921 2
90922 0
90923 1
90924 0
90925 1
90926 2
90927 0
90928 1
90929 0
90930 2
90931 3
90932 1
90933 3
90934 0
90935 1
90936 0
90937 1
90938 0
90939 1
90940 0
90941 2
90942 1
90943 2
90944 1
90945 0
90946 1
90947 0
90948 1
90949 2
90950 0
90951 1
90952 0
90953 1
90954 0
90955 2
90956 1
90957 0
90958 2
90959 1
90960 2
90961 1
90962 0
90963 2
90964 1
90965 0
90966 2
90967 0
90968 1
90969 2
90970 0
90971 2
90972 1
90973 0
90974 1
90975 2
90976 0
90977 2
90978 1
90979 0
90980 1
90981 0
90982 1
90983 0
90984 1
90985 2
90986 0
90987 1
90988 0
90989 1
90990 0
90991 1
90992 0
90993 2
90994 1
90995 2
90996 0
90997 1
90998 0
90999 1
91000 0
91001 2
91002 1
91003 0
91004 2
91005 1
91006 0
91007 1
91008 0
91009 3
91010 1
91011 0
91012 1
91013 0
91014 1
91015 2
91016 1
91017 0
91018 2
91019 0
91020 1
91021 0
91022 1
91023 0
91024 2
91025 1
91026 0
91027 1
91028 2
91029 0
91030 1
91031 0
91032 2
91033 1
91034 2
91035 0
91036 2
91037 1
91038 2
91039 0
91040 1
91041 0
91042 1
91043 2
91044 1
91045 2
91046 0
91047 2
91048 1
91049 0
91050 1
91051 2
91052 0
91053 1
91054 2
91055 0
91056 2
91057 1
91058 2
91059 0
91060 2
91061 1
91062 0
91063 2
91064 1
91065 2
91066 0
91067 2
91068 1
91069 2
91070 0
91071 1
91072 2
91073 0
91074 2
91075 1
91076 0
91077 1
91078 0
91079 2
91080 1
91081 2
91082 0
91083 1
91084 2
91085 0
91086 1
91087 0
91088 1
91089 2
91090 0
91091 3
91092 2
91093 0
91094 1
91095 2
91096 0
91097 1
91098 2
91099 0
91100 2
91101 1
91102 0
91103 2
91104 1
91105 2
91106 3
91107 1
91108 0
91109 2
91110 1
91111 0
91112 1
91113 2
91114 0
91115 2
91116 0
91117 2
91118 1
91119 2
91120 1
91121 2
91122 0
91123 2
91124 1
91125 0
91126 1
91127 0
91128 1
91129 0
91130 2
91131 1
91132 2
91133 0
91134 2
91135 1
91136 0
91137 1
91138 2
91139 0
91140 1
91141 2
91142 0
91143 1
91144 0
91145 1
91146 0
91147 2
91148 1
91149 0
91150 2
91151 1
91152 2
91153 0
91154 1
91155 2
91156 0
91157 2
91158 1
91159 0
91160 1
91161 0
91162 1
91163 0
91164 1
91165 2
91166 1
91167 2
91168 0
91169 1
91170 2
91171 0
91172 1
91173 0
91174 1
91175 0
91176 2
91177 1
91178 2
91179 0
91180 1
91181 0
91182 2
91183 0
91184 1
91185 0
91186 1
91187 0
91188 2
91189 1
91190 2
91191 1
91192 0
91193 1
91194 0
91195 1
91196 2
91197 0
91198 1
91199 2
91200 0
91201 2
91202 0
91203 2
91204 0
91205 1
91206 0
91207 1
91208 0
91209 2
91210 1
91211 0
91212 2
91213 0
91214 2
91215 1
91216 3
91217 2
91218 1
91219 0
91220 2
91221 1
91222 2
91223 0
91224 1
91225 0
91226 1
91227 0
91228 1
91229 0
91230 1
91231 2
91232 0
91233 1
91234 2
91235 0
91236 2
91237 0
91238 1
91239 0
91240 1
91241 0
91242 2
91243 1
91244 0
91245 1
91246 2
91247 0
91248 2
91249 1
91250 0
91251 1
91252 0
91253 1
91254 0
91255 2
91256 1
91257 3
91258 2
91259 1
91260 2
91261 0
91262 1
91263 2
91264 0
91265 1
91266 2
91267 0
91268 1
91269 2
91270 1
91271 0
91272 2
91273 0
91274 2
91275 1
91276 0
91277 2
91278 0
91279 1
91280 2
91281 1
91282 2
91283 0
91284 2
91285 1
91286 2
91287 0
91288 2
91289 1
91290 0
91291 1
91292 2
91293 0
91294 1
91295 0
91296 2
91297 0
91298 2
91299 1
91300 0
91301 1
91302 0
91303 2
91304 3
91305 0
91306 1
91307 0
91308 1
91309 0
91310 1
91311 0
91312 2
91313 1
91314 0
91315 1
91316 0
91317 1
91318 2
91319 0
91320 1
91321 0
91322 1
91323 0
91324 2
91325 1
91326 0
91327 1
91328 0
91329 2
91330 1
91331 2
91332 1
91333 0
91334 2
91335 1
91336 2
91337 1
91338 0
91339 1
91340 2
91341 0
91342 2
91343 1
91344 2
91345 0
91346 2
91347 1
91348 0
91349 1
91350 0
91351 2
91352 1
91353 0
91354 2
91355 1
91356 2
91357 1
91358 0
91359 2
91360 1
91361 0
91362 2
91363 1
91364 2
91365 0
91366 1
91367 2
91368 1
91369 0
91370 2
91371 1
91372 2
91373 0
91374 1
91375 0
91376 1
91377 0
91378 1
91379 0
91380 1
91381 0
91382 1
91383 0
91384 1
91385 2
91386 0
91387 2
91388 1
91389 2
91390 0
91391 2
91392 1
91393 2
91394 0
91395 1
91396 0
91397 1
91398 2
91399 0
91400 1
91401 2
91402 0
91403 2
91404 0
91405 1
91406 0
91407 2
91408 1
91409 2
91410 0
91411 2
91412 1
91413 0
91414 1
91415 0
91416 2
91417 1
91418 0
91419 1
91420 0
91421 2
91422 1
91423 0
91424 1
91425 2
91426 1
91427 0
91428 1
91429 2
91430 1
91431 0
91432 1
91433 0
91434 1
91435 0
91436 1
91437 2
91438 1
91439 2
91440 0
91441 2
91442 1
91443 0
91444 1
91445 0
91446 1
91447 0
91448 1
91449 0
91450 1
91451 0
91452 2
91453 0
91454 1
91455 0
91456 1
91457 0
91458 1
91459 0
91460 2
91461 0
91462 1
91463 0
91464 2
91465 0
91466 1
91467 2
91468 0
91469 1
91470 0
91471 1
91472 0
91473 1
91474 2
91475 0
91476 1
91477 2
91478 0
91479 1
91480 2
91481 0
91482 1
91483 2
91484 0
91485 1
91486 0
91487 1
91488 2
91489 0
91490 2
91491 1
91492 2
91493 0
91494 2
91495 1
91496 2
91497 0
91498 1
91499 0
91500 1
91501 0
91502 1
91503 2
91504 3
91505 0
91506 1
91507 2
91508 1
91509 2
91510 0
91511 1
91512 2
91513 0
91514 1
91515 0
91516 2
91517 1
91518 0
91519 1
91520 0
91521 1
91522 2
91523 0
91524 1
91525 0
91526 2
91527 1
91528 0
91529 1
91530 0
91531 2
91532 0
91533 1
91534 0
91535 2
91536 1
91537 0
91538 1
91539 2
91540 0
91541 1
91542 0
91543 1
91544 0
91545 1
91546 0
91547 1
91548 0
91549 1
91550 0
91551 1
91552 2
91553 0
91554 2
91555 1
91556 0
91557 2
91558 1
91559 2
91560 0
91561 1
91562 2
91563 0
91564 2
91565 1
91566 2
91567 0
91568 1
91569 3
91570 1
91571 2
91572 0
91573 1
91574 0
91575 1
91576 0
91577 2
91578 0
91579 2
91580 0
91581 1
91582 2
91583 0
91584 2
91585 1
91586 0
91587 1
91588 2
91589 1
91590 0
91591 2
91592 0
91593 1
91594 0
91595 1
91596 0
91597 2
91598 1
91599 0
91600 1
91601 0
91602 1
91603 2
91604 1
91605 0
91606 1
91607 2
91608 1
91609 0
91610 1
91611 0
91612 1
91613 0
91614 1
91615 2
91616 0
91617 1
91618 0
91619 2
91620 3
91621 1
91622 0
91623 1
91624 0
91625 1
91626 0
91627 1
91628 0
91629 1
91630 0
91631 1
91632 2
91633 0
91634 2
91635 1
91636 0
91637 2
91638 1
91639 2
91640 1
91641 0
91642 1
91643 0
91644 1
91645 2
91646 0
91647 1
91648 2
91649 0
91650 1
91651 0
91652 1
91653 0
91654 1
91655 2
91656 3
91657 1
91658 0
91659 1
91660 2
91661 1
91662 0
91663 1
91664 2
91665 0
91666 2
91667 1
91668 0
91669 1
91670 2
91671 0
91672 2
91673 1
91674 0
91675 1
91676 0
91677 1
91678 0
91679 1
91680 0
91681 2
91682 0
91683 2
91684 1
91685 0
91686 1
91687 3
91688 2
91689 0
91690 1
91691 0
91692 1
91693 0
91694 1
91695 2
91696 0
91697 2
91698 1
91699 2
91700 0
91701 1
91702 2
91703 0
91704 1
91705 0
91706 1
91707 0
91708 2
91709 1
91710 2
91711 0
91712 1
91713 0
91714 2
91715 1
91716 0
91717 1
91718 2
91719 1
91720 0
91721 2
91722 1
91723 2
91724 1
91725 0
91726 2
91727 1
91728 0
91729 1
91730 0
91731 1
91732 0
91733 1
91734 0
91735 2
91736 0
91737 1
91738 0
91739 1
91740 2
91741 0
91742 1
91743 2
91744 1
91745 0
91746 2
91747 1
91748 0
91749 1
91750 0
91751 1
91752 2
91753 1
91754 2
91755 1
91756 0
91757 1
91758 0
91759 1
91760 0
91761 1
91762 0
91763 2
91764 1
91765 2
91766 0
91767 1
91768 0
91769 2
91770 1
91771 2
91772 0
91773 2
91774 0
91775 1
91776 2
91777 0
91778 2
91779 1
91780 3
91781 2
91782 0
91783 1
91784 2
91785 3
91786 0
91787 2
91788 1
91789 0
91790 1
91791 2
91792 1
91793 2
91794 1
91795 0
91796 1
91797 2
91798 0
91799 1
91800 2
91801 0
91802 1
91803 0
91804 2
91805 0
91806 2
91807 1
91808 2
91809 0
91810 1
91811 2
91812 0
91813 1
91814 2
91815 0
91816 1
91817 2
91818 0
91819 2
91820 0
91821 1
91822 0
91823 1
91824 0
91825 1
91826 0
91827 1
91828 0
91829 2
91830 1
91831 0
91832 1
91833 2
91834 0
91835 1
91836 2
91837 3
91838 1
91839 2
91840 0
91841 2
91842 1
91843 0
91844 1
91845 0
91846 2
91847 1
91848 0
91849 2
91850 1
91851 0
91852 2
91853 0
91854 1
91855 0
91856 1
91857 0
91858 2
91859 1
91860 2
91861 1
91862 0
91863 1
91864 0
91865 1
91866 0
91867 1
91868 0
91869 1
91870 0
91871 2
91872 0
91873 2
91874 1
91875 2
91876 1
91877 2
91878 0
91879 2
91880 1
91881 2
91882 0
91883 2
91884 0
91885 1
91886 0
91887 1
91888 0
91889 1
91890 2
91891 0
91892 2
91893 0
91894 1
91895 0
91896 1
91897 0
91898 1
91899 2
91900 0
91901 1
91902 0
91903 1
91904 0
91905 2
91906 1
91907 0
91908 1
91909 0
91910 2
91911 1
91912 2
91913 0
91914 1
91915 0
91916 1
91917 2
91918 0
91919 2
91920 0
91921 1
91922 0
91923 1
91924 2
91925 0
91926 1
91927 0
91928 1
91929 0
91930 1
91931 0
91932 1
91933 2
91934 0
91935 2
91936 1
91937 2
91938 0
91939 2
91940 1
91941 0
91942 1
91943 0
91944 1
91945 0
91946 2
91947 1
91948 0
91949 1
91950 2
91951 0
91952 1
91953 2
91954 0
91955 2
91956 1
91957 0
91958 1
91959 0
91960 2
91961 0
91962 1
91963 0
91964 1
91965 0
91966 1
91967 2
91968 0
91969 2
91970 0
91971 1
91972 0
91973 1
91974 0
91975 2
91976 1
91977 2
91978 0
91979 2
91980 1
91981 0
91982 1
91983 2
91984 0
91985 2
91986 0
91987 2
91988 0
91989 1
91990 2
91991 0
91992 1
91993 0
91994 1
91995 0
91996 2
91997 1
91998 2
91999 0
92000 1
92001 2
92002 0
92003 1
92004 2
92005 0
92006 2
92007 1
92008 2
92009 0
92010 1
92011 2
92012 0
92013 2
92014 1
92015 0
92016 1
92017 2
92018 3
92019 1
92020 0
92021 1
92022 0
92023 1
92024 2
92025 0
92026 1
92027 0
92028 1
92029 0
92030 1
92031 0
92032 1
92033 2
92034 1
92035 2
92036 0
92037 1
92038 2
92039 0
92040 1
92041 0
92042 2
92043 1
92044 0
92045 1
92046 2
92047 0
92048 1
92049 2
92050 0
92051 1
92052 0
92053 1
92054 0
92055 2
92056 0
92057 2
92058 1
92059 0
92060 1
92061 0
92062 1
92063 0
92064 1
92065 2
92066 1
92067 0
92068 1
92069 2
92070 0
92071 2
92072 0
92073 2
92074 1
92075 0
92076 1
92077 2
92078 1
92079 0
92080 1
92081 0
92082 1
92083 0
92084 1
92085 0
92086 1
92087 2
92088 3
92089 1
92090 2
92091 0
92092 2
92093 3
92094 1
92095 0
92096 2
92097 1
92098 0
92099 1
92100 0
92101 1
92102 0
92103 1
92104 0
92105 1
92106 2
92107 1
92108 0
92109 1
92110 2
92111 0
92112 2
92113 0
92114 2
92115 1
92116 0
92117 3
92118 1
92119 0
92120 1
92121 2
92122 0
92123 1
92124 2
92125 0
92126 1
92127 2
92128 1
92129 0
92130 1
92131 0
92132 1
92133 0
92134 1
92135 2
92136 0
92137 1
92138 0
92139 2
92140 1
92141 2
92142 0
92143 1
92144 2
92145 1
92146 2
92147 0
92148 1
92149 0
92150 1
92151 0
92152 1
92153 0
92154 1
92155 0
92156 1
92157 0
92158 1
92159 0
92160 1
92161 0
92162 1
92163 2
92164 0
92165 2
92166 1
92167 2
92168 0
92169 1
92170 0
92171 1
92172 2
92173 0
92174 1
92175 0
92176 2
92177 1
92178 0
92179 1
92180 0
92181 1
92182 0
92183 1
92184 0
92185 2
92186 1
92187 0
92188 1
92189 0
92190 1
92191 0
92192 1
92193 0
92194 1
92195 3
92196 2
92197 0
92198 2
92199 1
92200 2
92201 0
92202 1
92203 2
92204 0
92205 1
92206 0
92207 1
92208 0
92209 1
92210 0
92211 1
92212 2
92213 0
92214 1
92215 2
92216 0
92217 1
92218 0
92219 1
92220 2
92221 1
92222 2
92223 0
92224 1
92225 0
92226 1
92227 0
92228 2
92229 1
92230 2
92231 0
92232 1
92233 2
92234 0
92235 1
92236 0
92237 1
92238 2
92239 0
92240 2
92241 1
92242 0
92243 2
92244 1
92245 0
92246 2
92247 1
92248 2
92249 0
92250 2
92251 3
92252 1
92253 0
92254 2
92255 1
92256 0
92257 2
92258 0
92259 2
92260 1
92261 2
92262 1
92263 0
92264 2
92265 0
92266 1
92267 0
92268 1
92269 0
92270 1
92271 0
92272 2
92273 1
92274 2
92275 0
92276 1
92277 0
92278 1
92279 0
92280 2
92281 1
92282 0
92283 1
92284 0
92285 2
92286 1
92287 0
92288 1
92289 0
92290 1
92291 2
92292 0
92293 1
92294 0
92295 1
92296 0
92297 2
92298 1
92299 2
92300 1
92301 2
92302 1
92303 2
92304 3
92305 1
92306 2
92307 0
92308 1
92309 0
92310 1
92311 0
92312 1
92313 3
92314 2
92315 1
92316 2
92317 0
92318 1
92319 2
92320 0
92321 1
92322 2
92323 0
92324 2
92325 1
92326 0
92327 1
92328 0
92329 2
92330 1
92331 2
92332 1
92333 2
92334 0
92335 1
92336 0
92337 1
92338 0
92339 1
92340 2
92341 0
92342 2
92343 1
92344 0
92345 1
92346 0
92347 1
92348 0
92349 2
92350 1
92351 0
92352 1
92353 2
92354 0
92355 2
92356 1
92357 0
92358 1
92359 0
92360 1
92361 2
92362 0
92363 1
92364 2
92365 0
92366 1
92367 0
92368 1
92369 0
92370 2
92371 0
92372 1
92373 2
92374 0
92375 1
92376 2
92377 0
92378 1
92379 2
92380 0
92381 2
92382 1
92383 0
92384 1
92385 2
92386 0
92387 1
92388 2
92389 0
92390 1
92391 0
92392 1
92393 0
92394 1
92395 0
92396 1
92397 0
92398 2
92399 1
92400 2
92401 0
92402 2
92403 1
92404 2
92405 0
92406 1
92407 2
92408 0
92409 2
92410 1
92411 2
92412 0
92413 1
92414 2
92415 0
92416 2
92417 1
92418 0
92419 1
92420 2
92421 0
92422 2
92423 0
92424 1
92425 3
92426 2
92427 0
92428 1
92429 2
92430 1
92431 2
92432 0
92433 2
92434 1
92435 0
92436 1
92437 2
92438 0
92439 1
92440 0
92441 1
92442 0
92443 2
92444 1
92445 2
92446 1
92447 0
92448 1
92449 0
92450 1
92451 2
92452 1
92453 2
92454 1
92455 0
92456 2
92457 0
92458 1
92459 0
92460 1
92461 0
92462 2
92463 1
92464 2
92465 0
92466 2
92467 1
92468 2
92469 1
92470 0
92471 1
92472 0
92473 1
92474 2
92475 1
92476 2
92477 1
92478 0
92479 1
92480 2
92481 0
92482 2
92483 0
92484 1
92485 0
92486 1
92487 2
92488 0
92489 1
92490 2
92491 0
92492 1
92493 2
92494 0
92495 1
92496 0
92497 1
92498 2
92499 0
92500 1
92501 0
92502 1
92503 0
92504 1
92505 0
92506 1
92507 0
92508 1
92509 0
92510 1
92511 0
92512 2
92513 1
92514 2
92515 0
92516 2
92517 0
92518 1
92519 0
92520 1
92521 2
92522 0
92523 1
92524 0
92525 1
92526 0
92527 1
92528 0
92529 2
92530 1
92531 0
92532 2
92533 1
92534 2
92535 0
92536 2
92537 1
92538 0
92539 1
92540 0
92541 1
92542 0
92543 1
92544 0
92545 1
92546 0
92547 1
92548 0
92549 1
92550 2
92551 0
92552 2
92553 0
92554 1
92555 0
92556 1
92557 0
92558 1
92559 0
92560 1
92561 2
92562 0
92563 2
92564 1
92565 2
92566 0
92567 1
92568 0
92569 1
92570 0
92571 2
92572 0
92573 1
92574 0
92575 2
92576 1
92577 2
92578 0
92579 1
92580 2
92581 1
92582 0
92583 1
92584 0
92585 1
92586 2
92587 0
92588 1
92589 0
92590 1
92591 0
92592 1
92593 0
92594 1
92595 0
92596 1
92597 2
92598 0
92599 2
92600 3
92601 1
92602 2
92603 0
92604 1
92605 0
92606 1
92607 2
92608 0
92609 1
92610 0
92611 1
92612 2
92613 0
92614 2
92615 1
92616 0
92617 2
92618 1
92619 2
92620 1
92621 2
92622 1
92623 0
92624 1
92625 0
92626 1
92627 0
92628 1
92629 2
92630 0
92631 1
92632 0
92633 1
92634 0
92635 1
92636 2
92637 0
92638 1
92639 0
92640 1
92641 2
92642 0
92643 2
92644 1
92645 3
92646 2
92647 0
92648 1
92649 0
92650 1
92651 2
92652 0
92653 1
92654 2
92655 0
92656 2
92657 0
92658 2
92659 1
92660 2
92661 0
92662 1
92663 0
92664 1
92665 0
92666 2
92667 1
92668 0
92669 1
92670 0
92671 1
92672 2
92673 0
92674 1
92675 0
92676 1
92677 0
92678 2
92679 0
92680 1
92681 0
92682 1
92683 0
92684 1
92685 2
92686 0
92687 1
92688 2
92689 0
92690 1
92691 2
92692 0
92693 1
92694 0
92695 1
92696 2
92697 1
92698 0
92699 1
92700 0
92701 1
92702 2
92703 0
92704 1
92705 2
92706 1
92707 0
92708 2
92709 1
92710 0
92711 1
92712 2
92713 0
92714 1
92715 0
92716 2
92717 1
92718 0
92719 2
92720 1
92721 2
92722 1
92723 0
92724 1
92725 0
92726 2
92727 1
92728 2
92729 0
92730 1
92731 2
92732 0
92733 2
92734 1
92735 0
92736 1
92737 0
92738 1
92739 0
92740 1
92741 0
92742 1
92743 0
92744 2
92745 1
92746 0
92747 2
92748 0
92749 1
92750 2
92751 0
92752 2
92753 1
92754 0
92755 2
92756 1
92757 2
92758 0
92759 2
92760 3
92761 0
92762 1
92763 0
92764 1
92765 0
92766 1
92767 0
92768 1
92769 2
92770 1
92771 2
92772 0
92773 2
92774 1
92775 2
92776 1
92777 0
92778 1
92779 0
92780 1
92781 2
92782 0
92783 2
92784 1
92785 0
92786 2
92787 1
92788 0
92789 2
92790 1
92791 2
92792 0
92793 1
92794 2
92795 1
92796 0
92797 1
92798 0
92799 1
92800 0
92801 1
92802 0
92803 1
92804 0
92805 1
92806 2
92807 0
92808 2
92809 1
92810 0
92811 1
92812 0
92813 1
92814 2
92815 0
92816 1
92817 0
92818 1
92819 0
92820 1
92821 2
92822 0
92823 1
92824 2
92825 0
92826 1
92827 0
92828 1
92829 0
92830 1
92831 0
92832 1
92833 0
92834 2
92835 1
92836 2
92837 0
92838 1
92839 0
92840 1
92841 0
92842 1
92843 2
92844 0
92845 1
92846 2
92847 1
92848 0
92849 2
92850 0
92851 1
92852 0
92853 1
92854 0
92855 2
92856 0
92857 2
92858 1
92859 2
92860 0
92861 2
92862 0
92863 1
92864 0
92865 1
92866 2
92867 1
92868 0
92869 2
92870 1
92871 0
92872 1
92873 0
92874 2
92875 1
92876 0
92877 1
92878 3
92879 2
92880 0
92881 1
92882 0
92883 1
92884 0
92885 2
92886 1
92887 2
92888 3
92889 0
92890 2
92891 1
92892 0
92893 1
92894 0
92895 2
92896 1
92897 2
92898 0
92899 1
92900 0
92901 2
92902 0
92903 1
92904 0
92905 1
92906 0
92907 1
92908 0
92909 1
92910 0
92911 1
92912 2
92913 0
92914 1
92915 0
92916 1
92917 0
92918 1
92919 0
92920 2
92921 1
92922 0
92923 1
92924 0
92925 1
92926 0
92927 1
92928 0
92929 1
92930 2
92931 1
92932 0
92933 1
92934 0
92935 2
92936 1
92937 2
92938 0
92939 1
92940 2
92941 0
92942 1
92943 0
92944 1
92945 0
92946 1
92947 2
92948 0
92949 2
92950 0
92951 1
92952 0
92953 1
92954 0
92955 1
92956 0
92957 1
92958 0
92959 1
92960 0
92961 2
92962 1
92963 0
92964 1
92965 0
92966 1
92967 0
92968 1
92969 0
92970 1
92971 2
92972 0
92973 1
92974 0
92975 2
92976 1
92977 2
92978 0
92979 1
92980 0
92981 1
92982 0
92983 2
92984 1
92985 0
92986 2
92987 1
92988 0
92989 2
92990 1
92991 0
92992 2
92993 1
92994 0
92995 2
92996 1
92997 0
92998 2
92999 1
93000 2
93001 0
93002 2
93003 1
93004 2
93005 0
93006 1
93007 0
93008 2
93009 1
93010 2
93011 0
93012 1
93013 0
93014 2
93015 0
93016 2
93017 1
93018 0
93019 1
93020 2
93021 0
93022 1
93023 0
93024 1
93025 2
93026 0
93027 1
93028 0
93029 1
93030 2
93031 0
93032 1
93033 2
93034 0
93035 2
93036 1
93037 2
93038 0
93039 2
93040 0
93041 2
93042 0
93043 2
93044 1
93045 0
93046 1
93047 0
93048 1
93049 0
93050 1
93051 0
93052 1
93053 0
93054 1
93055 0
93056 2
93057 0
93058 1
93059 0
93060 2
93061 1
93062 0
93063 1
93064 0
93065 2
93066 1
93067 0
93068 1
93069 0
93070 2
93071 0
93072 1
93073 0
93074 1
93075 0
93076 1
93077 2
93078 0
93079 1
93080 0
93081 1
93082 2
93083 0
93084 1
93085 0
93086 1
93087 0
93088 1
93089 2
93090 0
93091 1
93092 0
93093 1
93094 0
93095 2
93096 1
93097 0
93098 1
93099 0
93100 1
93101 2
93102 0
93103 1
93104 0
93105 1
93106 2
93107 0
93108 1
93109 0
93110 2
93111 1
93112 0
93113 2
93114 1
93115 0
93116 1
93117 2
93118 1
93119 2
93120 0
93121 2
93122 1
93123 2
93124 1
93125 0
93126 1
93127 0
93128 1
93129 2
93130 0
93131 1
93132 0
93133 1
93134 0
93135 1
93136 0
93137 1
93138 0
93139 1
93140 2
93141 1
93142 0
93143 1
93144 0
93145 2
93146 1
93147 0
93148 1
93149 2
93150 0
93151 2
93152 0
93153 1
93154 2
93155 0
93156 2
93157 0
93158 2
93159 1
93160 2
93161 0
93162 1
93163 2
93164 1
93165 0
93166 1
93167 2
93168 1
93169 0
93170 1
93171 0
93172 1
93173 0
93174 2
93175 1
93176 2
93177 0
93178 1
93179 0
93180 2
93181 1
93182 0
93183 1
93184 0
93185 1
93186 0
93187 1
93188 2
93189 0
93190 1
93191 0
93192 1
93193 2
93194 0
93195 2
93196 1
93197 0
93198 1
93199 2
93200 0
93201 1
93202 0
93203 2
93204 1
93205 0
93206 1
93207 2
93208 1
93209 0
93210 1
93211 0
93212 1
93213 0
93214 1
93215 0
93216 1
93217 0
93218 2
93219 0
93220 1
93221 2
93222 0
93223 2
93224 1
93225 0
93226 1
93227 2
93228 1
93229 0
93230 1
93231 0
93232 1
93233 0
93234 1
93235 3
93236 2
93237 0
93238 2
93239 3
93240 0
93241 1
93242 0
93243 1
93244 0
93245 1
93246 0
93247 1
93248 2
93249 0
93250 1
93251 2
93252 1
93253 2
93254 0
93255 1
93256 2
93257 0
93258 1
93259 2
93260 0
93261 2
93262 1
93263 2
93264 0
93265 3
93266 2
93267 0
93268 1
93269 0
93270 1
93271 2
93272 1
93273 0
93274 1
93275 0
93276 1
93277 0
93278 1
93279 2
93280 1
93281 0
93282 1
93283 2
93284 0
93285 2
93286 1
93287 0
93288 1
93289 2
93290 0
93291 1
93292 0
93293 1
93294 0
93295 1
93296 0
93297 2
93298 1
93299 2
93300 0
93301 2
93302 1
93303 0
93304 1
93305 0
93306 1
93307 0
93308 2
93309 1
93310 0
93311 2
93312 0
93313 1
93314 2
93315 0
93316 1
93317 2
93318 0
93319 1
93320 0
93321 1
93322 2
93323 1
93324 0
93325 1
93326 0
93327 2
93328 1
93329 0
93330 1
93331 0
93332 1
93333 0
93334 1
93335 0
93336 1
93337 0
93338 1
93339 0
93340 1
93341 0
93342 1
93343 0
93344 1
93345 2
93346 1
93347 0
93348 2
93349 0
93350 1
93351 2
93352 0
93353 1
93354 0
93355 2
93356 0
93357 1
93358 0
93359 1
93360 0
93361 1
93362 2
93363 0
93364 1
93365 2
93366 0
93367 1
93368 0
93369 2
93370 1
93371 2
93372 0
93373 2
93374 1
93375 0
93376 1
93377 2
93378 1
93379 0
93380 1
93381 0
93382 2
93383 0
93384 2
93385 0
93386 2
93387 1
93388 0
93389 1
93390 2
93391 0
93392 1
93393 2
93394 0
93395 1
93396 0
93397 2
93398 1
93399 2
93400 3
93401 1
93402 2
93403 0
93404 1
93405 0
93406 1
93407 0
93408 1
93409 2
93410 1
93411 0
93412 1
93413 0
93414 1
93415 0
93416 1
93417 0
93418 1
93419 0
93420 1
93421 0
93422 1
93423 0
93424 1
93425 0
93426 2
93427 1
93428 0
93429 2
93430 1
93431 0
93432 1
93433 0
93434 1
93435 0
93436 1
93437 0
93438 2
93439 0
93440 1
93441 0
93442 1
93443 0
93444 1
93445 0
93446 1
93447 2
93448 0
93449 1
93450 2
93451 0
93452 1
93453 2
93454 0
93455 1
93456 2
93457 0
93458 1
93459 0
93460 1
93461 2
93462 1
93463 2
93464 1
93465 0
93466 1
93467 0
93468 2
93469 1
93470 0
93471 1
93472 0
93473 2
93474 1
93475 0
93476 1
93477 0
93478 1
93479 2
93480 0
93481 2
93482 1
93483 2
93484 0
93485 2
93486 1
93487 0
93488 2
93489 1
93490 2
93491 1
93492 0
93493 2
93494 1
93495 2
93496 0
93497 2
93498 1
93499 0
93500 1
93501 2
93502 0
93503 1
93504 2
93505 1
93506 0
93507 1
93508 2
93509 1
93510 0
93511 2
93512 1
93513 3
93514 2
93515 1
93516 2
93517 1
93518 0
93519 1
93520 0
93521 2
93522 1
93523 2
93524 0
93525 1
93526 2
93527 0
93528 1
93529 0
93530 1
93531 0
93532 1
93533 2
93534 0
93535 1
93536 0
93537 2
93538 1
93539 0
93540 1
93541 0
93542 1
93543 0
93544 1
93545 2
93546 0
93547 1
93548 0
93549 1
93550 0
93551 1
93552 0
93553 1
93554 2
93555 1
93556 0
93557 1
93558 0
93559 1
93560 0
93561 1
93562 0
93563 1
93564 2
93565 0
93566 1
93567 0
93568 2
93569 0
93570 1
93571 0
93572 1
93573 0
93574 1
93575 2
93576 1
93577 2
93578 0
93579 1
93580 0
93581 2
93582 1
93583 2
93584 1
93585 0
93586 3
93587 1
93588 2
93589 1
93590 0
93591 2
93592 1
93593 2
93594 1
93595 0
93596 2
93597 1
93598 0
93599 2
93600 1
93601 2
93602 1
93603 0
93604 1
93605 2
93606 0
93607 1
93608 0
93609 1
93610 0
93611 1
93612 0
93613 1
93614 0
93615 1
93616 0
93617 1
93618 0
93619 1
93620 0
93621 2
93622 3
93623 1
93624 0
93625 1
93626 0
93627 1
93628 0
93629 2
93630 1
93631 2
93632 0
93633 1
93634 0
93635 1
93636 0
93637 1
93638 0
93639 1
93640 0
93641 1
93642 0
93643 1
93644 0
93645 1
93646 0
93647 1
93648 0
93649 1
93650 0
93651 1
93652 2
93653 1
93654 0
93655 2
93656 0
93657 1
93658 2
93659 1
93660 2
93661 0
93662 1
93663 0
93664 1
93665 2
93666 0
93667 1
93668 0
93669 2
93670 1
93671 2
93672 0
93673 2
93674 0
93675 1
93676 0
93677 1
93678 2
93679 1
93680 2
93681 0
93682 2
93683 1
93684 0
93685 2
93686 1
93687 0
93688 2
93689 1
93690 2
93691 0
93692 2
93693 1
93694 0
93695 1
93696 0
93697 1
93698 0
93699 1
93700 0
93701 2
93702 1
93703 0
93704 1
93705 0
93706 1
93707 2
93708 0
93709 1
93710 3
93711 2
93712 0
93713 2
93714 1
93715 2
93716 0
93717 1
93718 2
93719 1
93720 0
93721 2
93722 1
93723 2
93724 0
93725 2
93726 1
93727 2
93728 0
93729 2
93730 1
93731 0
93732 1
93733 2
93734 0
93735 2
93736 0
93737 1
93738 0
93739 1
93740 2
93741 0
93742 2
93743 0
93744 1
93745 2
93746 0
93747 2
93748 1
93749 2
93750 0
93751 1
93752 0
93753 1
93754 0
93755 1
93756 0
93757 1
93758 0
93759 1
93760 2
93761 0
93762 1
93763 2
93764 1
93765 0
93766 1
93767 0
93768 1
93769 0
93770 1
93771 0
93772 1
93773 0
93774 1
93775 0
93776 2
93777 1
93778 2
93779 0
93780 2
93781 0
93782 2
93783 1
93784 2
93785 0
93786 1
93787 0
93788 1
93789 0
93790 1
93791 0
93792 2
93793 1
93794 0
93795 1
93796 0
93797 1
93798 2
93799 1
93800 0
93801 2
93802 1
93803 0
93804 2
93805 1
93806 2
93807 3
93808 1
93809 0
93810 2
93811 1
93812 0
93813 2
93814 0
93815 2
93816 1
93817 0
93818 2
93819 0
93820 1
93821 2
93822 3
93823 0
93824 2
93825 1
93826 2
93827 3
93828 0
93829 1
93830 2
93831 0
93832 1
93833 0
93834 1
93835 0
93836 1
93837 0
93838 2
93839 1
93840 0
93841 2
93842 1
93843 0
93844 1
93845 0
93846 1
93847 2
93848 1
93849 2
93850 1
93851 0
93852 1
93853 0
93854 1
93855 2
93856 0
93857 1
93858 2
93859 0
93860 1
93861 0
93862 1
93863 0
93864 1
93865 0
93866 1
93867 0
93868 2
93869 1
93870 0
93871 2
93872 1
93873 0
93874 1
93875 0
93876 1
93877 0
93878 1
93879 0
93880 1
93881 0
93882 2
93883 1
93884 0
93885 2
93886 1
93887 0
93888 1
93889 0
93890 2
93891 1
93892 2
93893 0
93894 1
93895 0
93896 1
93897 0
93898 1
93899 0
93900 2
93901 1
93902 2
93903 0
93904 2
93905 0
93906 1
93907 2
93908 0
93909 2
93910 1
93911 0
93912 1
93913 0
93914 2
93915 0
93916 2
93917 1
93918 0
93919 1
93920 0
93921 2
93922 1
93923 2
93924 1
93925 2
93926 1
93927 0
93928 1
93929 2
93930 1
93931 0
93932 2
93933 0
93934 1
93935 0
93936 2
93937 1
93938 2
93939 0
93940 1
93941 2
93942 0
93943 2
93944 0
93945 1
93946 0
93947 2
93948 1
93949 0
93950 1
93951 0
93952 2
93953 1
93954 0
93955 1
93956 2
93957 0
93958 1
93959 0
93960 1
93961 2
93962 0
93963 1
93964 2
93965 0
93966 1
93967 0
93968 1
93969 2
93970 0
93971 2
93972 1
93973 0
93974 1
93975 0
93976 2
93977 0
93978 1
93979 0
93980 1
93981 0
93982 2
93983 1
93984 2
93985 0
93986 1
93987 0
93988 1
93989 0
93990 1
93991 2
93992 0
93993 1
93994 0
93995 1
93996 2
93997 1
93998 2
93999 0
94000 1
94001 0
94002 1
94003 0
94004 1
94005 2
94006 0
94007 1
94008 0
94009 1
94010 0
94011 1
94012 0
94013 1
94014 0
94015 2
94016 1
94017 0
94018 1
94019 0
94020 1
94021 0
94022 1
94023 2
94024 0
94025 1
94026 0
94027 2
94028 1
94029 0
94030 1
94031 0
94032 1
94033 0
94034 2
94035 0
94036 2
94037 1
94038 2
94039 0
94040 1
94041 0
94042 1
94043 0
94044 1
94045 0
94046 1
94047 2
94048 0
94049 1
94050 0
94051 1
94052 0
94053 1
94054 0
94055 1
94056 2
94057 1
94058 0
94059 1
94060 0
94061 2
94062 1
94063 0
94064 1
94065 0
94066 1
94067 0
94068 1
94069 0
94070 1
94071 0
94072 2
94073 1
94074 2
94075 1
94076 0
94077 1
94078 0
94079 2
94080 1
94081 0
94082 1
94083 0
94084 2
94085 1
94086 2
94087 1
94088 2
94089 1
94090 0
94091 1
94092 0
94093 2
94094 1
94095 0
94096 1
94097 0
94098 1
94099 0
94100 1
94101 0
94102 1
94103 2
94104 0
94105 1
94106 0
94107 1
94108 0
94109 1
94110 0
94111 1
94112 0
94113 1
94114 0
94115 1
94116 2
94117 0
94118 1
94119 2
94120 1
94121 2
94122 0
94123 1
94124 2
94125 0
94126 1
94127 0
94128 1
94129 0
94130 1
94131 0
94132 1
94133 0
94134 1
94135 2
94136 0
94137 1
94138 0
94139 1
94140 0
94141 1
94142 0
94143 1
94144 2
94145 1
94146 2
94147 0
94148 2
94149 1
94150 2
94151 1
94152 0
94153 1
94154 0
94155 1
94156 2
94157 0
94158 1
94159 0
94160 1
94161 2
94162 0
94163 1
94164 0
94165 1
94166 0
94167 1
94168 0
94169 1
94170 0
94171 2
94172 1
94173 0
94174 2
94175 0
94176 2
94177 0
94178 1
94179 2
94180 1
94181 0
94182 2
94183 0
94184 2
94185 1
94186 0
94187 2
94188 0
94189 1
94190 0
94191 2
94192 1
94193 2
94194 0
94195 2
94196 0
94197 1
94198 0
94199 1
94200 0
94201 2
94202 0
94203 1
94204 0
94205 2
94206 1
94207 2
94208 0
94209 1
94210 0
94211 1
94212 2
94213 1
94214 0
94215 2
94216 1
94217 0
94218 2
94219 1
94220 2
94221 0
94222 1
94223 2
94224 0
94225 1
94226 0
94227 1
94228 0
94229 2
94230 1
94231 0
94232 1
94233 2
94234 0
94235 1
94236 0
94237 1
94238 0
94239 1
94240 0
94241 1
94242 0
94243 1
94244 2
94245 1
94246 2
94247 0
94248 1
94249 2
94250 3
94251 1
94252 0
94253 1
94254 0
94255 2
94256 1
94257 2
94258 0
94259 1
94260 0
94261 1
94262 2
94263 0
94264 1
94265 2
94266 0
94267 1
94268 0
94269 2
94270 1
94271 2
94272 3
94273 1
94274 0
94275 1
94276 0
94277 1
94278 2
94279 0
94280 1
94281 2
94282 0
94283 1
94284 0
94285 2
94286 1
94287 0
94288 1
94289 0
94290 1
94291 0
94292 1
94293 0
94294 2
94295 0
94296 1
94297 0
94298 2
94299 1
94300 2
94301 0
94302 1
94303 2
94304 0
94305 1
94306 0
94307 2
94308 3
94309 0
94310 1
94311 2
94312 0
94313 1
94314 2
94315 1
94316 0
94317 2
94318 1
94319 0
94320 3
94321 0
94322 1
94323 2
94324 0
94325 1
94326 2
94327 0
94328 1
94329 0
94330 2
94331 0
94332 1
94333 0
94334 1
94335 2
94336 0
94337 1
94338 0
94339 1
94340 0
94341 2
94342 1
94343 2
94344 0
94345 1
94346 2
94347 0
94348 1
94349 0
94350 1
94351 0
94352 2
94353 1
94354 0
94355 2
94356 1
94357 2
94358 0
94359 1
94360 2
94361 0
94362 2
94363 1
94364 0
94365 2
94366 1
94367 0
94368 1
94369 0
94370 1
94371 0
94372 1
94373 0
94374 1
94375 2
94376 0
94377 1
94378 0
94379 2
94380 1
94381 0
94382 2
94383 1
94384 2
94385 0
94386 1
94387 0
94388 1
94389 2
94390 1
94391 0
94392 2
94393 1
94394 0
94395 1
94396 0
94397 1
94398 0
94399 1
94400 0
94401 1
94402 0
94403 1
94404 0
94405 1
94406 0
94407 1
94408 0
94409 1
94410 0
94411 1
94412 2
94413 0
94414 1
94415 0
94416 1
94417 0
94418 1
94419 0
94420 2
94421 0
94422 1
94423 0
94424 1
94425 0
94426 2
94427 1
94428 2
94429 0
94430 2
94431 0
94432 1
94433 0
94434 1
94435 0
94436 2
94437 1
94438 2
94439 1
94440 0
94441 1
94442 0
94443 2
94444 0
94445 1
94446 2
94447 1
94448 2
94449 0
94450 1
94451 0
94452 1
94453 0
94454 2
94455 1
94456 0
94457 1
94458 0
94459 2
94460 0
94461 1
94462 0
94463 1
94464 0
94465 1
94466 0
94467 1
94468 0
94469 2
94470 1
94471 0
94472 1
94473 2
94474 0
94475 2
94476 1
94477 2
94478 0
94479 1
94480 0
94481 1
94482 0
94483 2
94484 0
94485 2
94486 0
94487 2
94488 1
94489 2
94490 1
94491 0
94492 1
94493 0
94494 1
94495 0
94496 2
94497 1
94498 2
94499 0
94500 1
94501 2
94502 1
94503 0
94504 1
94505 0
94506 2
94507 1
94508 3
94509 2
94510 1
94511 0
94512 1
94513 0
94514 2
94515 1
94516 2
94517 1
94518 0
94519 1
94520 0
94521 1
94522 2
94523 1
94524 0
94525 1
94526 0
94527 1
94528 0
94529 1
94530 0
94531 2
94532 1
94533 0
94534 1
94535 0
94536 2
94537 1
94538 2
94539 1
94540 0
94541 2
94542 1
94543 2
94544 1
94545 0
94546 1
94547 0
94548 2
94549 1
94550 0
94551 1
94552 0
94553 1
94554 2
94555 1
94556 0
94557 1
94558 0
94559 2
94560 1
94561 2
94562 0
94563 1
94564 0
94565 1
94566 2
94567 0
94568 1
94569 0
94570 1
94571 0
94572 1
94573 0
94574 1
94575 0
94576 2
94577 0
94578 2
94579 1
94580 2
94581 0
94582 1
94583 0
94584 1
94585 2
94586 1
94587 2
94588 0
94589 1
94590 2
94591 0
94592 1
94593 2
94594 0
94595 1
94596 0
94597 1
94598 2
94599 1
94600 0
94601 1
94602 0
94603 2
94604 1
94605 0
94606 1
94607 0
94608 1
94609 0
94610 1
94611 2
94612 0
94613 1
94614 2
94615 0
94616 2
94617 1
94618 0
94619 2
94620 0
94621 1
94622 0
94623 1
94624 2
94625 0
94626 1
94627 2
94628 0
94629 1
94630 2
94631 1
94632 2
94633 1
94634 2
94635 0
94636 1
94637 0
94638 1
94639 0
94640 1
94641 2
94642 0
94643 1
94644 2
94645 0
94646 1
94647 0
94648 1
94649 0
94650 1
94651 0
94652 1
94653 2
94654 0
94655 2
94656 1
94657 0
94658 1
94659 0
94660 1
94661 0
94662 1
94663 2
94664 0
94665 1
94666 0
94667 1
94668 0
94669 1
94670 0
94671 2
94672 1
94673 2
94674 0
94675 1
94676 0
94677 2
94678 1
94679 2
94680 1
94681 0
94682 1
94683 0
94684 1
94685 2
94686 0
94687 2
94688 0
94689 1
94690 0
94691 1
94692 0
94693 2
94694 1
94695 2
94696 0
94697 2
94698 1
94699 0
94700 1
94701 2
94702 0
94703 1
94704 2
94705 0
94706 1
94707 0
94708 2
94709 1
94710 2
94711 0
94712 2
94713 1
94714 2
94715 0
94716 1
94717 2
94718 0
94719 2
94720 1
94721 0
94722 1
94723 2
94724 0
94725 1
94726 0
94727 1
94728 0
94729 2
94730 1
94731 2
94732 0
94733 1
94734 0
94735 1
94736 0
94737 1
94738 2
94739 0
94740 1
94741 0
94742 1
94743 0
94744 1
94745 0
94746 1
94747 0
94748 1
94749 2
94750 1
94751 0
94752 1
94753 0
94754 1
94755 0
94756 1
94757 2
94758 0
94759 2
94760 1
94761 2
94762 0
94763 1
94764 2
94765 0
94766 1
94767 0
94768 1
94769 0
94770 1
94771 0
94772 1
94773 0
94774 1
94775 0
94776 1
94777 0
94778 2
94779 0
94780 2
94781 1
94782 0
94783 2
94784 1
94785 0
94786 1
94787 0
94788 2
94789 0
94790 1
94791 2
94792 1
94793 0
94794 2
94795 1
94796 2
94797 0
94798 1
94799 0
94800 1
94801 0
94802 1
94803 2
94804 0
94805 2
94806 1
94807 0
94808 1
94809 0
94810 2
94811 1
94812 2
94813 0
94814 1
94815 0
94816 1
94817 0
94818 1
94819 0
94820 2
94821 1
94822 0
94823 1
94824 0
94825 1
94826 0
94827 2
94828 1
94829 0
94830 1
94831 0
94832 2
94833 0
94834 1
94835 0
94836 2
94837 1
94838 2
94839 0
94840 1
94841 0
94842 2
94843 1
94844 2
94845 0
94846 1
94847 0
94848 2
94849 1
94850 0
94851 1
94852 0
94853 1
94854 2
94855 0
94856 1
94857 2
94858 0
94859 1
94860 2
94861 0
94862 2
94863 1
94864 0
94865 1
94866 0
94867 2
94868 1
94869 2
94870 1
94871 0
94872 1
94873 2
94874 0
94875 1
94876 2
94877 1
94878 0
94879 2
94880 1
94881 0
94882 1
94883 0
94884 1
94885 0
94886 1
94887 0
94888 1
94889 0
94890 1
94891 2
94892 1
94893 0
94894 2
94895 1
94896 2
94897 0
94898 2
94899 1
94900 2
94901 0
94902 1
94903 0
94904 2
94905 0
94906 1
94907 2
94908 0
94909 1
94910 0
94911 1
94912 2
94913 1
94914 0
94915 2
94916 1
94917 2
94918 1
94919 0
94920 1
94921 0
94922 1
94923 0
94924 1
94925 0
94926 1
94927 0
94928 1
94929 0
94930 2
94931 3
94932 1
94933 2
94934 0
94935 1
94936 2
94937 0
94938 2
94939 1
94940 0
94941 2
94942 1
94943 0
94944 3
94945 2
94946 1
94947 2
94948 0
94949 2
94950 0
94951 2
94952 0
94953 2
94954 1
94955 2
94956 1
94957 0
94958 1
94959 0
94960 1
94961 0
94962 1
94963 0
94964 2
94965 1
94966 2
94967 0
94968 1
94969 0
94970 1
94971 0
94972 1
94973 2
94974 0
94975 1
94976 0
94977 1
94978 0
94979 2
94980 1
94981 0
94982 1
94983 2
94984 0
94985 1
94986 0
94987 1
94988 0
94989 1
94990 0
94991 2
94992 0
94993 1
94994 0
94995 2
94996 1
94997 2
94998 0
94999 2
95000 1
95001 0
95002 1
95003 0
95004 1
95005 2
95006 1
95007 0
95008 2
95009 0
95010 1
95011 0
95012 1
95013 2
95014 1
95015 0
95016 2
95017 1
95018 0
95019 1
95020 0
95021 1
95022 0
95023 1
95024 2
95025 0
95026 2
95027 1
95028 0
95029 1
95030 0
95031 1
95032 2
95033 1
95034 0
95035 1
95036 0
95037 1
95038 0
95039 2
95040 1
95041 2
95042 1
95043 0
95044 1
95045 2
95046 0
95047 1
95048 0
95049 1
95050 0
95051 1
95052 0
95053 1
95054 0
95055 2
95056 1
95057 0
95058 1
95059 2
95060 0
95061 1
95062 0
95063 1
95064 0
95065 2
95066 0
95067 1
95068 2
95069 0
95070 1
95071 0
95072 2
95073 1
95074 0
95075 1
95076 0
95077 1
95078 0
95079 1
95080 0
95081 2
95082 0
95083 2
95084 1
95085 2
95086 1
95087 2
95088 0
95089 1
95090 0
95091 2
95092 1
95093 0
95094 1
95095 2
95096 0
95097 1
95098 0
95099 2
95100 0
95101 1
95102 0
95103 1
95104 0
95105 1
95106 2
95107 1
95108 0
95109 2
95110 1
95111 0
95112 1
95113 2
95114 0
95115 1
95116 2
95117 0
95118 1
95119 0
95120 1
95121 0
95122 1
95123 0
95124 2
95125 1
95126 0
95127 2
95128 1
95129 0
95130 1
95131 0
95132 1
95133 0
95134 2
95135 1
95136 2
95137 1
95138 0
95139 1
95140 0
95141 1
95142 0
95143 2
95144 0
95145 1
95146 0
95147 2
95148 1
95149 2
95150 1
95151 2
95152 0
95153 2
95154 1
95155 2
95156 1
95157 0
95158 1
95159 2
95160 0
95161 1
95162 2
95163 0
95164 1
95165 0
95166 1
95167 0
95168 1
95169 3
95170 2
95171 1
95172 0
95173 2
95174 1
95175 0
95176 1
95177 2
95178 0
95179 1
95180 0
95181 1
95182 0
95183 1
95184 2
95185 0
95186 2
95187 1
95188 0
95189 1
95190 0
95191 2
95192 1
95193 0
95194 3
95195 2
95196 1
95197 0
95198 1
95199 0
95200 1
95201 2
95202 1
95203 0
95204 2
95205 0
95206 1
95207 0
95208 1
95209 2
95210 0
95211 1
95212 2
95213 0
95214 1
95215 0
95216 2
95217 0
95218 2
95219 0
95220 1
95221 0
95222 2
95223 1
95224 0
95225 2
95226 1
95227 2
95228 1
95229 0
95230 2
95231 1
95232 2
95233 1
95234 0
95235 1
95236 0
95237 1
95238 0
95239 1
95240 0
95241 1
95242 0
95243 2
95244 0
95245 2
95246 1
95247 0
95248 1
95249 0
95250 1
95251 2
95252 0
95253 1
95254 0
95255 2
95256 1
95257 0
95258 1
95259 0
95260 2
95261 0
95262 1
95263 0
95264 1
95265 2
95266 0
95267 1
95268 0
95269 2
95270 1
95271 2
95272 0
95273 2
95274 1
95275 0
95276 1
95277 0
95278 1
95279 0
95280 2
95281 1
95282 0
95283 1
95284 0
95285 1
95286 2
95287 0
95288 1
95289 2
95290 0
95291 1
95292 0
95293 1
95294 0
95295 1
95296 2
95297 0
95298 1
95299 0
95300 2
95301 1
95302 0
95303 1
95304 0
95305 1
95306 2
95307 0
95308 1
95309 2
95310 0
95311 2
95312 1
95313 2
95314 1
95315 0
95316 1
95317 0
95318 1
95319 2
95320 0
95321 1
95322 2
95323 1
95324 0
95325 2
95326 0
95327 2
95328 1
95329 2
95330 0
95331 2
95332 3
95333 1
95334 0
95335 1
95336 0
95337 2
95338 1
95339 2
95340 1
95341 2
95342 0
95343 1
95344 0
95345 1
95346 0
95347 2
95348 1
95349 0
95350 2
95351 0
95352 1
95353 2
95354 0
95355 2
95356 1
95357 0
95358 1
95359 2
95360 0
95361 1
95362 0
95363 1
95364 0
95365 1
95366 2
95367 0
95368 1
95369 0
95370 1
95371 0
95372 1
95373 2
95374 0
95375 1
95376 2
95377 1
95378 0
95379 2
95380 1
95381 0
95382 1
95383 0
95384 2
95385 0
95386 2
95387 0
95388 1
95389 0
95390 1
95391 0
95392 2
95393 1
95394 0
95395 1
95396 2
95397 1
95398 0
95399 1
95400 2
95401 1
95402 2
95403 1
95404 0
95405 2
95406 1
95407 0
95408 2
95409 1
95410 0
95411 2
95412 1
95413 0
95414 1
95415 0
95416 1
95417 2
95418 0
95419 1
95420 0
95421 1
95422 0
95423 1
95424 0
95425 1
95426 2
95427 3
95428 1
95429 0
95430 2
95431 1
95432 2
95433 0
95434 1
95435 2
95436 1
95437 0
95438 2
95439 0
95440 1
95441 2
95442 1
95443 0
95444 1
95445 0
95446 1
95447 2
95448 1
95449 2
95450 0
95451 2
95452 0
95453 2
95454 1
95455 2
95456 0
95457 1
95458 0
95459 1
95460 0
95461 1
95462 0
95463 1
95464 2
95465 0
95466 1
95467 0
95468 1
95469 0
95470 2
95471 1
95472 2
95473 1
95474 2
95475 0
95476 2
95477 1
95478 2
95479 0
95480 2
95481 0
95482 1
95483 0
95484 1
95485 0
95486 1
95487 2
95488 0
95489 1
95490 2
95491 0
95492 1
95493 0
95494 1
95495 0
95496 1
95497 0
95498 1
95499 0
95500 1
95501 0
95502 1
95503 0
95504 1
95505 2
95506 0
95507 1
95508 0
95509 1
95510 2
95511 0
95512 1
95513 0
95514 1
95515 0
95516 1
95517 0
95518 2
95519 1
95520 0
95521 1
95522 0
95523 2
95524 1
95525 0
95526 2
95527 1
95528 0
95529 1
95530 0
95531 2
95532 1
95533 0
95534 1
95535 0
95536 1
95537 0
95538 2
95539 1
95540 0
95541 1
95542 0
95543 2
95544 0
95545 1
95546 0
95547 1
95548 0
95549 1
95550 2
95551 0
95552 1
95553 0
95554 1
95555 0
95556 1
95557 0
95558 1
95559 2
95560 0
95561 2
95562 1
95563 2
95564 0
95565 2
95566 1
95567 0
95568 1
95569 2
95570 0
95571 1
95572 0
95573 2
95574 1
95575 0
95576 2
95577 0
95578 1
95579 0
95580 1
95581 0
95582 1
95583 0
95584 2
95585 0
95586 1
95587 2
95588 0
95589 3
95590 2
95591 0
95592 2
95593 1
95594 2
95595 0
95596 2
95597 0
95598 1
95599 0
95600 1
95601 2
95602 0
95603 2
95604 1
95605 0
95606 1
95607 2
95608 0
95609 1
95610 0
95611 1
95612 2
95613 0
95614 1
95615 2
95616 0
95617 2
95618 1
95619 2
95620 0
95621 2
95622 1
95623 2
95624 1
95625 2
95626 0
95627 2
95628 0
95629 2
95630 0
95631 1
95632 0
95633 2
95634 1
95635 0
95636 1
95637 0
95638 2
95639 1
95640 0
95641 2
95642 1
95643 0
95644 1
95645 0
95646 1
95647 2
95648 0
95649 1
95650 0
95651 2
95652 1
95653 0
95654 1
95655 2
95656 1
95657 0
95658 1
95659 0
95660 1
95661 3
95662 2
95663 0
95664 1
95665 0
95666 1
95667 2
95668 0
95669 1
95670 2
95671 0
95672 1
95673 0
95674 2
95675 1
95676 2
95677 0
95678 2
95679 1
95680 0
95681 2
95682 1
95683 0
95684 1
95685 0
95686 1
95687 2
95688 1
95689 0
95690 1
95691 0
95692 1
95693 0
95694 1
95695 2
95696 0
95697 1
95698 0
95699 1
95700 0
95701 1
95702 0
95703 2
95704 1
95705 2
95706 1
95707 2
95708 1
95709 0
95710 2
95711 1
95712 2
95713 0
95714 2
95715 1
95716 2
95717 0
95718 1
95719 2
95720 1
95721 2
95722 0
95723 2
95724 1
95725 2
95726 0
95727 2
95728 0
95729 1
95730 2
95731 0
95732 2
95733 1
95734 0
95735 2
95736 1
95737 2
95738 0
95739 1
95740 2
95741 1
95742 0
95743 1
95744 2
95745 0
95746 1
95747 2
95748 1
95749 0
95750 1
95751 0
95752 1
95753 0
95754 1
95755 0
95756 1
95757 0
95758 1
95759 0
95760 1
95761 2
95762 0
95763 2
95764 0
95765 1
95766 0
95767 1
95768 0
95769 2
95770 1
95771 0
95772 1
95773 0
95774 1
95775 2
95776 0
95777 2
95778 0
95779 1
95780 2
95781 1
95782 3
95783 2
95784 0
95785 2
95786 1
95787 2
95788 0
95789 1
95790 0
95791 1
95792 0
95793 2
95794 0
95795 2
95796 1
95797 0
95798 2
95799 1
95800 2
95801 0
95802 1
95803 0
95804 1
95805 2
95806 1
95807 0
95808 2
95809 0
95810 1
95811 0
95812 1
95813 0
95814 1
95815 0
95816 2
95817 1
95818 0
95819 1
95820 0
95821 1
95822 2
95823 0
95824 2
95825 1
95826 0
95827 1
95828 2
95829 0
95830 2
95831 1
95832 0
95833 1
95834 3
95835 0
95836 1
95837 2
95838 0
95839 1
95840 2
95841 0
95842 1
95843 2
95844 1
95845 0
95846 1
95847 2
95848 1
95849 0
95850 1
95851 0
95852 1
95853 0
95854 1
95855 0
95856 1
95857 2
95858 0
95859 2
95860 1
95861 2
95862 1
95863 0
95864 2
95865 1
95866 0
95867 1
95868 2
95869 0
95870 1
95871 2
95872 0
95873 1
95874 2
95875 1
95876 0
95877 1
95878 2
95879 3
95880 1
95881 2
95882 1
95883 2
95884 0
95885 1
95886 0
95887 2
95888 0
95889 1
95890 0
95891 1
95892 0
95893 2
95894 1
95895 0
95896 1
95897 2
95898 1
95899 2
95900 0
95901 1
95902 2
95903 0
95904 1
95905 0
95906 2
95907 1
95908 2
95909 0
95910 1
95911 0
95912 1
95913 0
95914 1
95915 0
95916 2
95917 1
95918 3
95919 2
95920 0
95921 2
95922 0
95923 1
95924 2
95925 1
95926 0
95927 2
95928 1
95929 0
95930 1
95931 0
95932 1
95933 0
95934 1
95935 2
95936 0
95937 2
95938 1
95939 0
95940 1
95941 2
95942 0
95943 1
95944 2
95945 3
95946 0
95947 1
95948 2
95949 0
95950 1
95951 0
95952 1
95953 0
95954 1
95955 0
95956 1
95957 0
95958 1
95959 2
95960 1
95961 2
95962 1
95963 0
95964 1
95965 0
95966 2
95967 1
95968 0
95969 2
95970 1
95971 2
95972 0
95973 1
95974 0
95975 1
95976 0
95977 1
95978 3
95979 2
95980 1
95981 2
95982 0
95983 1
95984 2
95985 0
95986 1
95987 2
95988 0
95989 1
95990 0
95991 1
95992 0
95993 2
95994 1
95995 2
95996 0
95997 1
95998 0
95999 2
96000 1
96001 2
96002 0
96003 1
96004 2
96005 1
96006 2
96007 0
96008 2
96009 1
96010 2
96011 1
96012 2
96013 0
96014 1
96015 0
96016 2
96017 1
96018 0
96019 2
96020 0
96021 2
96022 1
96023 0
96024 2
96025 1
96026 0
96027 1
96028 2
96029 0
96030 1
96031 2
96032 0
96033 1
96034 2
96035 1
96036 0
96037 2
96038 0
96039 2
96040 0
96041 1
96042 0
96043 1
96044 0
96045 1
96046 0
96047 1
96048 2
96049 0
96050 1
96051 2
96052 1
96053 2
96054 3
96055 1
96056 2
96057 0
96058 1
96059 0
96060 1
96061 0
96062 2
96063 1
96064 0
96065 1
96066 2
96067 0
96068 1
96069 0
96070 1
96071 0
96072 1
96073 2
96074 0
96075 1
96076 2
96077 0
96078 1
96079 0
96080 1
96081 2
96082 0
96083 1
96084 0
96085 2
96086 1
96087 0
96088 1
96089 0
96090 1
96091 0
96092 1
96093 0
96094 2
96095 1
96096 2
96097 1
96098 0
96099 1
96100 2
96101 0
96102 1
96103 0
96104 1
96105 2
96106 0
96107 2
96108 1
96109 2
96110 1
96111 0
96112 1
96113 2
96114 0
96115 1
96116 0
96117 1
96118 2
96119 0
96120 2
96121 0
96122 1
96123 2
96124 0
96125 2
96126 1
96127 2
96128 0
96129 1
96130 0
96131 1
96132 0
96133 1
96134 2
96135 0
96136 2
96137 1
96138 0
96139 1
96140 0
96141 1
96142 0
96143 1
96144 0
96145 1
96146 2
96147 0
96148 2
96149 1
96150 0
96151 2
96152 1
96153 2
96154 0
96155 2
96156 1
96157 2
96158 1
96159 0
96160 1
96161 0
96162 2
96163 1
96164 0
96165 1
96166 2
96167 1
96168 3
96169 2
96170 0
96171 2
96172 0
96173 2
96174 1
96175 2
96176 0
96177 1
96178 2
96179 3
96180 1
96181 2
96182 3
96183 1
96184 0
96185 1
96186 2
96187 0
96188 1
96189 0
96190 2
96191 0
96192 1
96193 0
96194 2
96195 0
96196 1
96197 2
96198 0
96199 2
96200 0
96201 1
96202 0
96203 1
96204 2
96205 0
96206 2
96207 1
96208 2
96209 1
96210 0
96211 2
96212 1
96213 2
96214 0
96215 2
96216 0
96217 1
96218 0
96219 1
96220 0
96221 1
96222 0
96223 2
96224 1
96225 0
96226 2
96227 1
96228 0
96229 1
96230 0
96231 1
96232 0
96233 1
96234 2
96235 0
96236 2
96237 0
96238 2
96239 1
96240 2
96241 1
96242 2
96243 1
96244 2
96245 1
96246 0
96247 2
96248 1
96249 2
96250 0
96251 1
96252 2
96253 0
96254 2
96255 1
96256 0
96257 1
96258 0
96259 1
96260 0
96261 1
96262 0
96263 2
96264 1
96265 0
96266 1
96267 0
96268 1
96269 0
96270 1
96271 0
96272 1
96273 0
96274 2
96275 1
96276 0
96277 1
96278 0
96279 1
96280 2
96281 0
96282 2
96283 1
96284 0
96285 1
96286 0
96287 2
96288 1
96289 0
96290 2
96291 0
96292 1
96293 0
96294 2
96295 1
96296 0
96297 1
96298 0
96299 2
96300 1
96301 2
96302 1
96303 0
96304 1
96305 0
96306 1
96307 0
96308 2
96309 1
96310 0
96311 1
96312 0
96313 2
96314 1
96315 2
96316 1
96317 0
96318 2
96319 0
96320 1
96321 0
96322 2
96323 1
96324 0
96325 1
96326 0
96327 1
96328 0
96329 1
96330 0
96331 1
96332 2
96333 3
96334 1
96335 0
96336 2
96337 1
96338 0
96339 1
96340 0
96341 1
96342 0
96343 1
96344 0
96345 2
96346 1
96347 2
96348 1
96349 0
96350 1
96351 2
96352 0
96353 1
96354 2
96355 0
96356 1
96357 2
96358 0
96359 1
96360 0
96361 1
96362 0
96363 1
96364 0
96365 1
96366 2
96367 0
96368 1
96369 2
96370 0
96371 1
96372 0
96373 1
96374 2
96375 1
96376 2
96377 0
96378 1
96379 0
96380 1
96381 2
96382 0
96383 1
96384 0
96385 1
96386 0
96387 2
96388 1
96389 2
96390 0
96391 1
96392 2
96393 0
96394 1
96395 2
96396 0
96397 1
96398 2
96399 0
96400 1
96401 0
96402 1
96403 2
96404 0
96405 1
96406 2
96407 0
96408 1
96409 0
96410 1
96411 2
96412 0
96413 1
96414 0
96415 1
96416 0
96417 1
96418 2
96419 1
96420 0
96421 1
96422 0
96423 2
96424 1
96425 0
96426 1
96427 2
96428 1
96429 2
96430 0
96431 1
96432 0
96433 2
96434 1
96435 2
96436 0
96437 2
96438 1
96439 2
96440 0
96441 2
96442 1
96443 2
96444 0
96445 2
96446 1
96447 0
96448 1
96449 2
96450 1
96451 0
96452 2
96453 1
96454 2
96455 1
96456 2
96457 0
96458 1
96459 0
96460 1
96461 0
96462 1
96463 0
96464 1
96465 2
96466 0
96467 2
96468 1
96469 2
96470 0
96471 2
96472 1
96473 0
96474 2
96475 1
96476 2
96477 1
96478 0
96479 2
96480 1
96481 0
96482 1
96483 0
96484 1
96485 2
96486 0
96487 1
96488 0
96489 1
96490 0
96491 1
96492 0
96493 1
96494 2
96495 0
96496 1
96497 2
96498 1
96499 0
96500 2
96501 1
96502 0
96503 1
96504 2
96505 0
96506 1
96507 0
96508 1
96509 0
96510 1
96511 2
96512 0
96513 2
96514 0
96515 2
96516 1
96517 2
96518 0
96519 1
96520 2
96521 1
96522 2
96523 0
96524 1
96525 2
96526 0
96527 1
96528 0
96529 1
96530 0
96531 1
96532 0
96533 2
96534 3
96535 1
96536 2
96537 0
96538 2
96539 1
96540 0
96541 1
96542 2
96543 0
96544 1
96545 2
96546 1
96547 0
96548 1
96549 0
96550 1
96551 0
96552 1
96553 2
96554 0
96555 1
96556 2
96557 1
96558 2
96559 0
96560 2
96561 0
96562 2
96563 0
96564 2
96565 0
96566 2
96567 1
96568 0
96569 1
96570 2
96571 0
96572 1
96573 2
96574 0
96575 1
96576 0
96577 2
96578 1
96579 2
96580 0
96581 1
96582 0
96583 1
96584 2
96585 0
96586 1
96587 0
96588 1
96589 0
96590 1
96591 0
96592 1
96593 0
96594 2
96595 1
96596 0
96597 2
96598 1
96599 2
96600 0
96601 1
96602 0
96603 1
96604 0
96605 2
96606 0
96607 2
96608 3
96609 0
96610 2
96611 0
96612 1
96613 0
96614 2
96615 1
96616 0
96617 1
96618 2
96619 0
96620 1
96621 2
96622 0
96623 1
96624 0
96625 1
96626 0
96627 1
96628 0
96629 1
96630 0
96631 2
96632 1
96633 0
96634 1
96635 0
96636 1
96637 0
96638 1
96639 0
96640 1
96641 0
96642 1
96643 0
96644 1
96645 2
96646 0
96647 1
96648 2
96649 1
96650 2
96651 0
96652 1
96653 0
96654 1
96655 0
96656 1
96657 2
96658 0
96659 1
96660 0
96661 1
96662 0
96663 1
96664 0
96665 1
96666 0
96667 1
96668 0
96669 2
96670 1
96671 0
96672 1
96673 2
96674 0
96675 1
96676 0
96677 1
96678 0
96679 1
96680 0
96681 1
96682 0
96683 1
96684 2
96685 0
96686 1
96687 0
96688 2
96689 1
96690 2
96691 0
96692 2
96693 1
96694 2
96695 0
96696 1
96697 0
96698 1
96699 0
96700 1
96701 0
96702 1
96703 0
96704 2
96705 1
96706 0
96707 1
96708 0
96709 1
96710 0
96711 1
96712 2
96713 1
96714 0
96715 1
96716 0
96717 1
96718 2
96719 0
96720 1
96721 0
96722 2
96723 1
96724 0
96725 2
96726 1
96727 0
96728 1
96729 0
96730 2
96731 0
96732 2
96733 0
96734 2
96735 1
96736 0
96737 2
96738 1
96739 2
96740 3
96741 1
96742 0
96743 1
96744 2
96745 3
96746 1
96747 0
96748 1
96749 2
96750 0
96751 1
96752 0
96753 2
96754 1
96755 0
96756 2
96757 1
96758 0
96759 1
96760 2
96761 0
96762 2
96763 1
96764 2
96765 1
96766 0
96767 1
96768 0
96769 2
96770 1
96771 0
96772 2
96773 1
96774 2
96775 0
96776 1
96777 2
96778 0
96779 1
96780 0
96781 1
96782 2
96783 1
96784 2
96785 0
96786 2
96787 0
96788 2
96789 1
96790 0
96791 1
96792 0
96793 1
96794 0
96795 1
96796 0
96797 1
96798 2
96799 0
96800 1
96801 0
96802 1
96803 0
96804 1
96805 0
96806 1
96807 0
96808 2
96809 0
96810 2
96811 1
96812 0
96813 1
96814 0
96815 1
96816 2
96817 1
96818 2
96819 0
96820 1
96821 2
96822 0
96823 1
96824 0
96825 1
96826 0
96827 1
96828 0
96829 2
96830 1
96831 0
96832 1
96833 0
96834 1
96835 2
96836 0
96837 2
96838 1
96839 2
96840 0
96841 1
96842 2
96843 0
96844 2
96845 0
96846 2
96847 1
96848 0
96849 2
96850 1
96851 0
96852 1
96853 0
96854 1
96855 0
96856 1
96857 0
96858 1
96859 2
96860 0
96861 1
96862 0
96863 2
96864 0
96865 1
96866 2
96867 0
96868 1
96869 2
96870 0
96871 1
96872 2
96873 0
96874 1
96875 0
96876 2
96877 0
96878 2
96879 3
96880 1
96881 0
96882 1
96883 2
96884 0
96885 1
96886 2
96887 0
96888 1
96889 0
96890 1
96891 0
96892 1
96893 2
96894 0
96895 2
96896 0
96897 1
96898 0
96899 1
96900 0
96901 1
96902 2
96903 1
96904 2
96905 0
96906 2
96907 1
96908 0
96909 1
96910 0
96911 1
96912 2
96913 1
96914 0
96915 1
96916 0
96917 1
96918 0
96919 1
96920 2
96921 0
96922 2
96923 1
96924 0
96925 1
96926 0
96927 1
96928 0
96929 1
96930 0
96931 1
96932 0
96933 1
96934 2
96935 1
96936 2
96937 1
96938 2
96939 0
96940 1
96941 2
96942 1
96943 2
96944 0
96945 1
96946 0
96947 1
96948 0
96949 1
96950 0
96951 2
96952 1
96953 2
96954 0
96955 1
96956 0
96957 1
96958 0
96959 2
96960 1
96961 0
96962 1
96963 0
96964 1
96965 2
96966 0
96967 2
96968 0
96969 1
96970 2
96971 0
96972 1
96973 2
96974 0
96975 1
96976 2
96977 0
96978 1
96979 0
96980 1
96981 0
96982 1
96983 0
96984 1
96985 0
96986 2
96987 0
96988 1
96989 0
96990 1
96991 0
96992 1
96993 0
96994 1
96995 0
96996 1
96997 2
96998 0
96999 1
97000 0
97001 2
97002 1
97003 2
97004 0
97005 2
97006 1
97007 0
97008 1
97009 0
97010 1
97011 0
97012 2
97013 0
97014 1
97015 0
97016 1
97017 0
97018 1
97019 0
97020 1
97021 0
97022 2
97023 1
97024 0
97025 2
97026 1
97027 0
97028 1
97029 2
97030 0
97031 1
97032 2
97033 0
97034 1
97035 0
97036 1
97037 0
97038 1
97039 0
97040 1
97041 2
97042 1
97043 0
97044 2
97045 0
97046 1
97047 0
97048 2
97049 1
97050 0
97051 1
97052 0
97053 1
97054 0
97055 1
97056 2
97057 1
97058 2
97059 0
97060 2
97061 1
97062 0
97063 2
97064 1
97065 2
97066 1
97067 0
97068 2
97069 1
97070 2
97071 0
97072 1
97073 2
97074 1
97075 0
97076 2
97077 1
97078 2
97079 0
97080 1
97081 0
97082 1
97083 2
97084 1
97085 0
97086 2
97087 0
97088 1
97089 0
97090 1
97091 0
97092 1
97093 0
97094 1
97095 0
97096 1
97097 0
97098 1
97099 2
97100 1
97101 0
97102 2
97103 1
97104 0
97105 1
97106 0
97107 1
97108 2
97109 3
97110 1
97111 2
97112 0
97113 1
97114 0
97115 2
97116 1
97117 0
97118 1
97119 0
97120 1
97121 0
97122 1
97123 0
97124 1
97125 2
97126 0
97127 2
97128 1
97129 0
97130 1
97131 0
97132 1
97133 2
97134 0
97135 1
97136 2
97137 1
97138 2
97139 1
97140 0
97141 2
97142 0
97143 2
97144 1
97145 2
97146 1
97147 0
97148 1
97149 0
97150 1
97151 0
97152 1
97153 2
97154 0
97155 1
97156 2
97157 0
97158 1
97159 2
97160 0
97161 1
97162 0
97163 2
97164 3
97165 1
97166 2
97167 0
97168 1
97169 0
97170 1
97171 0
97172 1
97173 0
97174 1
97175 0
97176 1
97177 0
97178 1
97179 0
97180 1
97181 0
97182 1
97183 0
97184 1
97185 2
97186 0
97187 1
97188 2
97189 0
97190 3
97191 2
97192 1
97193 0
97194 2
97195 0
97196 1
97197 0
97198 1
97199 2
97200 1
97201 2
97202 1
97203 2
97204 0
97205 1
97206 2
97207 1
97208 2
97209 0
97210 1
97211 0
97212 1
97213 2
97214 0
97215 2
97216 0
97217 2
97218 0
97219 1
97220 0
97221 1
97222 0
97223 1
97224 0
97225 1
97226 0
97227 1
97228 0
97229 1
97230 2
97231 0
97232 1
97233 0
97234 1
97235 0
97236 1
97237 2
97238 0
97239 1
97240 0
97241 1
97242 0
97243 1
97244 2
97245 1
97246 0
97247 1
97248 2
97249 0
97250 1
97251 2
97252 0
97253 2
97254 0
97255 1
97256 0
97257 2
97258 0
97259 1
97260 0
97261 2
97262 1
97263 0
97264 2
97265 1
97266 0
97267 1
97268 2
97269 0
97270 1
97271 3
97272 2
97273 1
97274 2
97275 0
97276 1
97277 0
97278 1
97279 0
97280 1
97281 0
97282 1
97283 2
97284 0
97285 1
97286 0
97287 1
97288 0
97289 2
97290 0
97291 2
97292 1
97293 2
97294 1
97295 0
97296 1
97297 2
97298 0
97299 1
97300 0
97301 2
97302 1
97303 0
97304 1
97305 0
97306 1
97307 0
97308 1
97309 0
97310 2
97311 1
97312 2
97313 1
97314 0
97315 2
97316 1
97317 0
97318 1
97319 2
97320 0
97321 1
97322 0
97323 2
97324 1
97325 0
97326 1
97327 0
97328 1
97329 0
97330 1
97331 0
97332 1
97333 0
97334 2
97335 1
97336 2
97337 1
97338 0
97339 2
97340 1
97341 0
97342 1
97343 2
97344 0
97345 1
97346 2
97347 1
97348 0
97349 1
97350 2
97351 1
97352 0
97353 1
97354 0
97355 1
97356 2
97357 0
97358 2
97359 1
97360 2
97361 3
97362 1
97363 2
97364 0
97365 1
97366 2
97367 1
97368 0
97369 2
97370 0
97371 1
97372 0
97373 1
97374 0
97375 1
97376 0
97377 1
97378 0
97379 1
97380 0
97381 1
97382 2
97383 0
97384 1
97385 0
97386 2
97387 1
97388 0
97389 2
97390 1
97391 2
97392 0
97393 1
97394 2
97395 1
97396 2
97397 0
97398 2
97399 0
97400 1
97401 0
97402 1
97403 0
97404 1
97405 2
97406 0
97407 1
97408 0
97409 2
97410 3
97411 0
97412 1
97413 2
97414 0
97415 2
97416 1
97417 0
97418 2
97419 0
97420 1
97421 2
97422 0
97423 2
97424 0
97425 1
97426 0
97427 1
97428 0
97429 1
97430 0
97431 1
97432 0
97433 1
97434 2
97435 0
97436 2
97437 1
97438 2
97439 0
97440 1
97441 0
97442 1
97443 2
97444 0
97445 1
97446 2
97447 0
97448 2
97449 1
97450 0
97451 1
97452 0
97453 2
97454 1
97455 2
97456 0
97457 1
97458 0
97459 1
97460 2
97461 0
97462 1
97463 0
97464 1
97465 0
97466 1
97467 0
97468 1
97469 0
97470 1
97471 0
97472 1
97473 2
97474 1
97475 0
97476 1
97477 0
97478 1
97479 0
97480 1
97481 0
97482 1
97483 0
97484 1
97485 0
97486 1
97487 0
97488 2
97489 0
97490 2
97491 1
97492 0
97493 1
97494 0
97495 3
97496 1
97497 0
97498 1
97499 0
97500 1
97501 2
97502 1
97503 0
97504 1
97505 0
97506 2
97507 1
97508 0
97509 2
97510 1
97511 2
97512 1
97513 0
97514 2
97515 1
97516 2
97517 0
97518 1
97519 0
97520 1
97521 0
97522 2
97523 1
97524 0
97525 1
97526 0
97527 1
97528 0
97529 1
97530 0
97531 2
97532 0
97533 1
97534 2
97535 0
97536 2
97537 1
97538 0
97539 1
97540 0
97541 1
97542 2
97543 1
97544 0
97545 1
97546 2
97547 0
97548 1
97549 0
97550 1
97551 2
97552 1
97553 0
97554 2
97555 1
97556 2
97557 0
97558 2
97559 1
97560 0
97561 1
97562 0
97563 1
97564 0
97565 1
97566 0
97567 1
97568 2
97569 0
97570 3
97571 1
97572 0
97573 1
97574 2
97575 0
97576 1
97577 0
97578 1
97579 0
97580 1
97581 2
97582 0
97583 1
97584 0
97585 1
97586 2
97587 0
97588 1
97589 0
97590 1
97591 0
97592 2
97593 1
97594 0
97595 1
97596 2
97597 1
97598 0
97599 2
97600 1
97601 0
97602 2
97603 3
97604 1
97605 2
97606 1
97607 2
97608 0
97609 2
97610 1
97611 2
97612 0
97613 1
97614 0
97615 2
97616 0
97617 1
97618 2
97619 0
97620 2
97621 1
97622 2
97623 0
97624 1
97625 0
97626 2
97627 1
97628 0
97629 1
97630 0
97631 2
97632 1
97633 0
97634 1
97635 0
97636 2
97637 1
97638 0
97639 1
97640 0
97641 2
97642 0
97643 1
97644 2
97645 0
97646 1
97647 2
97648 0
97649 2
97650 1
97651 0
97652 1
97653 0
97654 1
97655 2
97656 0
97657 1
97658 2
97659 3
97660 0
97661 2
97662 1
97663 3
97664 2
97665 1
97666 0
97667 3
97668 2
97669 1
97670 0
97671 1
97672 2
97673 0
97674 1
97675 2
97676 0
97677 1
97678 0
97679 2
97680 1
97681 0
97682 1
97683 0
97684 1
97685 0
97686 1
97687 2
97688 3
97689 1
97690 2
97691 1
97692 2
97693 0
97694 1
97695 2
97696 1
97697 2
97698 0
97699 1
97700 0
97701 1
97702 2
97703 0
97704 2
97705 1
97706 0
97707 2
97708 1
97709 2
97710 0
97711 2
97712 1
97713 0
97714 1
97715 0
97716 1
97717 0
97718 2
97719 1
97720 2
97721 0
97722 1
97723 0
97724 1
97725 2
97726 0
97727 1
97728 0
97729 1
97730 0
97731 1
97732 2
97733 0
97734 1
97735 0
97736 1
97737 2
97738 0
97739 2
97740 1
97741 0
97742 1
97743 2
97744 1
97745 0
97746 2
97747 1
97748 0
97749 2
97750 1
97751 0
97752 1
97753 2
97754 0
97755 2
97756 1
97757 2
97758 0
97759 2
97760 1
97761 2
97762 0
97763 2
97764 1
97765 2
97766 0
97767 2
97768 1
97769 2
97770 0
97771 1
97772 0
97773 1
97774 0
97775 1
97776 2
97777 0
97778 2
97779 1
97780 2
97781 1
97782 2
97783 1
97784 0
97785 1
97786 2
97787 1
97788 0
97789 1
97790 0
97791 2
97792 0
97793 1
97794 0
97795 2
97796 1
97797 2
97798 1
97799 0
97800 1
97801 0
97802 1
97803 0
97804 2
97805 0
97806 1
97807 0
97808 1
97809 0
97810 2
97811 1
97812 0
97813 1
97814 2
97815 0
97816 1
97817 0
97818 1
97819 0
97820 2
97821 0
97822 1
97823 0
97824 2
97825 0
97826 2
97827 1
97828 0
97829 1
97830 0
97831 1
97832 2
97833 0
97834 1
97835 0
97836 1
97837 0
97838 1
97839 0
97840 1
97841 2
97842 0
97843 1
97844 2
97845 0
97846 1
97847 0
97848 2
97849 1
97850 2
97851 3
97852 1
97853 2
97854 0
97855 1
97856 0
97857 1
97858 2
97859 1
97860 0
97861 1
97862 0
97863 1
97864 0
97865 2
97866 0
97867 1
97868 2
97869 3
97870 0
97871 2
97872 0
97873 1
97874 2
97875 1
97876 0
97877 2
97878 0
97879 1
97880 0
97881 1
97882 2
97883 0
97884 1
97885 0
97886 1
97887 2
97888 0
97889 1
97890 2
97891 0
97892 1
97893 0
97894 1
97895 0
97896 1
97897 0
97898 1
97899 0
97900 1
97901 0
97902 1
97903 0
97904 2
97905 1
97906 0
97907 1
97908 0
97909 2
97910 0
97911 2
97912 1
97913 2
97914 1
97915 0
97916 1
97917 0
97918 1
97919 0
97920 1
97921 2
97922 0
97923 2
97924 1
97925 2
97926 0
97927 2
97928 0
97929 2
97930 0
97931 2
97932 1
97933 2
97934 1
97935 2
97936 0
97937 1
97938 0
97939 1
97940 2
97941 0
97942 1
97943 0
97944 1
97945 0
97946 1
97947 0
97948 2
97949 1
97950 2
97951 0
97952 2
97953 1
97954 0
97955 2
97956 1
97957 0
97958 1
97959 2
97960 0
97961 1
97962 0
97963 1
97964 0
97965 2
97966 0
97967 1
97968 2
97969 3
97970 1
97971 0
97972 2
97973 1
97974 0
97975 2
97976 1
97977 0
97978 1
97979 0
97980 1
97981 0
97982 1
97983 2
97984 0
97985 3
97986 2
97987 1
97988 0
97989 1
97990 2
97991 0
97992 2
97993 0
97994 2
97995 0
97996 1
97997 0
97998 2
97999 0
98000 1
98001 0
98002 1
98003 0
98004 1
98005 2
98006 0
98007 2
98008 1
98009 0
98010 1
98011 0
98012 1
98013 0
98014 2
98015 0
98016 2
98017 1
98018 0
98019 1
98020 0
98021 1
98022 0
98023 1
98024 0
98025 1
98026 0
98027 1
98028 0
98029 1
98030 0
98031 1
98032 0
98033 1
98034 2
98035 0
98036 2
98037 1
98038 0
98039 1
98040 0
98041 1
98042 0
98043 1
98044 0
98045 2
98046 1
98047 0
98048 1
98049 2
98050 0
98051 2
98052 0
98053 1
98054 0
98055 1
98056 0
98057 2
98058 1
98059 0
98060 2
98061 3
98062 1
98063 2
98064 1
98065 2
98066 1
98067 0
98068 1
98069 2
98070 1
98071 0
98072 1
98073 0
98074 2
98075 1
98076 0
98077 1
98078 2
98079 0
98080 2
98081 1
98082 0
98083 1
98084 0
98085 2
98086 1
98087 0
98088 2
98089 1
98090 0
98091 1
98092 0
98093 1
98094 0
98095 1
98096 2
98097 0
98098 2
98099 0
98100 1
98101 0
98102 2
98103 1
98104 0
98105 2
98106 0
98107 1
98108 2
98109 1
98110 2
98111 1
98112 0
98113 1
98114 0
98115 2
98116 0
98117 2
98118 1
98119 2
98120 1
98121 2
98122 0
98123 2
98124 1
98125 0
98126 1
98127 2
98128 0
98129 1
98130 0
98131 2
98132 1
98133 0
98134 1
98135 2
98136 1
98137 2
98138 1
98139 2
98140 0
98141 1
98142 0
98143 1
98144 0
98145 1
98146 2
98147 0
98148 2
98149 0
98150 1
98151 2
98152 1
98153 0
98154 2
98155 0
98156 1
98157 2
98158 0
98159 1
98160 2
98161 0
98162 1
98163 0
98164 1
98165 0
98166 1
98167 0
98168 1
98169 0
98170 1
98171 0
98172 2
98173 0
98174 2
98175 1
98176 0
98177 1
98178 0
98179 1
98180 2
98181 0
98182 1
98183 0
98184 1
98185 0
98186 1
98187 0
98188 1
98189 0
98190 1
98191 2
98192 0
98193 1
98194 0
98195 2
98196 1
98197 0
98198 2
98199 3
98200 1
98201 0
98202 1
98203 0
98204 1
98205 2
98206 0
98207 1
98208 0
98209 2
98210 1
98211 0
98212 2
98213 1
98214 0
98215 1
98216 0
98217 2
98218 1
98219 2
98220 1
98221 0
98222 1
98223 0
98224 1
98225 0
98226 2
98227 1
98228 0
98229 1
98230 0
98231 2
98232 1
98233 0
98234 1
98235 0
98236 1
98237 0
98238 1
98239 0
98240 1
98241 2
98242 1
98243 2
98244 1
98245 0
98246 2
98247 0
98248 1
98249 0
98250 1
98251 0
98252 1
98253 0
98254 2
98255 1
98256 0
98257 1
98258 2
98259 0
98260 2
98261 1
98262 2
98263 1
98264 0
98265 1
98266 0
98267 1
98268 0
98269 1
98270 0
98271 1
98272 2
98273 0
98274 1
98275 0
98276 2
98277 1
98278 0
98279 2
98280 1
98281 2
98282 1
98283 0
98284 1
98285 0
98286 1
98287 0
98288 1
98289 2
98290 0
98291 2
98292 0
98293 1
98294 0
98295 1
98296 0
98297 2
98298 1
98299 2
98300 0
98301 1
98302 0
98303 1
98304 0
98305 2
98306 0
98307 2
98308 1
98309 0
98310 1
98311 0
98312 1
98313 0
98314 1
98315 0
98316 1
98317 0
98318 2
98319 1
98320 2
98321 0
98322 1
98323 0
98324 1
98325 0
98326 1
98327 0
98328 2
98329 1
98330 0
98331 1
98332 0
98333 1
98334 2
98335 0
98336 2
98337 1
98338 0
98339 1
98340 0
98341 1
98342 0
98343 1
98344 0
98345 1
98346 2
98347 0
98348 2
98349 1
98350 2
98351 0
98352 1
98353 0
98354 1
98355 0
98356 1
98357 0
98358 1
98359 0
98360 1
98361 2
98362 0
98363 2
98364 1
98365 2
98366 0
98367 1
98368 0
98369 2
98370 1
98371 0
98372 1
98373 0
98374 1
98375 2
98376 1
98377 2
98378 1
98379 0
98380 1
98381 0
98382 1
98383 2
98384 0
98385 1
98386 0
98387 1
98388 2
98389 1
98390 0
98391 1
98392 0
98393 1
98394 0
98395 1
98396 2
98397 0
98398 2
98399 1
98400 2
98401 1
98402 0
98403 1
98404 2
98405 1
98406 0
98407 1
98408 2
98409 1
98410 0
98411 2
98412 1
98413 2
98414 0
98415 1
98416 2
98417 0
98418 1
98419 0
98420 1
98421 0
98422 1
98423 0
98424 2
98425 0
98426 1
98427 0
98428 1
98429 0
98430 1
98431 2
98432 0
98433 2
98434 1
98435 2
98436 0
98437 1
98438 0
98439 1
98440 0
98441 1
98442 0
98443 1
98444 0
98445 2
98446 1
98447 2
98448 0
98449 1
98450 0
98451 1
98452 0
98453 2
98454 0
98455 1
98456 2
98457 0
98458 1
98459 2
98460 1
98461 0
98462 1
98463 2
98464 0
98465 1
98466 0
98467 2
98468 1
98469 0
98470 1
98471 0
98472 2
98473 0
98474 2
98475 1
98476 2
98477 1
98478 0
98479 2
98480 1
98481 2
98482 0
98483 1
98484 2
98485 0
98486 1
98487 2
98488 0
98489 1
98490 0
98491 2
98492 0
98493 2
98494 1
98495 0
98496 1
98497 2
98498 1
98499 2
98500 1
98501 0
98502 2
98503 0
98504 1
98505 2
98506 1
98507 0
98508 1
98509 0
98510 1
98511 2
98512 0
98513 2
98514 0
98515 1
98516 0
98517 1
98518 2
98519 1
98520 0
98521 1
98522 2
98523 1
98524 0
98525 1
98526 0
98527 1
98528 0
98529 1
98530 0
98531 1
98532 2
98533 1
98534 2
98535 0
98536 2
98537 1
98538 0
98539 1
98540 0
98541 1
98542 0
98543 1
98544 0
98545 2
98546 1
98547 2
98548 1
98549 0
98550 1
98551 0
98552 1
98553 0
98554 1
98555 0
98556 1
98557 0
98558 1
98559 0
98560 2
98561 1
98562 2
98563 1
98564 0
98565 1
98566 2
98567 1
98568 2
98569 0
98570 1
98571 2
98572 1
98573 0
98574 1
98575 0
98576 1
98577 0
98578 2
98579 3
98580 1
98581 0
98582 1
98583 2
98584 0
98585 2
98586 0
98587 1
98588 0
98589 1
98590 0
98591 1
98592 2
98593 0
98594 1
98595 0
98596 1
98597 0
98598 1
98599 0
98600 1
98601 2
98602 0
98603 2
98604 0
98605 1
98606 0
98607 2
98608 1
98609 0
98610 2
98611 0
98612 2
98613 1
98614 0
98615 1
98616 2
98617 0
98618 1
98619 0
98620 1
98621 0
98622 1
98623 0
98624 1
98625 2
98626 3
98627 1
98628 0
98629 1
98630 0
98631 1
98632 0
98633 1
98634 0
98635 1
98636 2
98637 1
98638 0
98639 1
98640 2
98641 0
98642 1
98643 2
98644 0
98645 1
98646 0
98647 1
98648 0
98649 2
98650 1
98651 0
98652 1
98653 0
98654 1
98655 2
98656 0
98657 1
98658 2
98659 0
98660 1
98661 0
98662 2
98663 3
98664 0
98665 1
98666 2
98667 1
98668 0
98669 1
98670 2
98671 1
98672 0
98673 1
98674 2
98675 0
98676 1
98677 2
98678 0
98679 1
98680 0
98681 2
98682 0
98683 2
98684 1
98685 2
98686 0
98687 1
98688 2
98689 0
98690 1
98691 0
98692 1
98693 0
98694 1
98695 2
98696 1
98697 0
98698 1
98699 0
98700 2
98701 0
98702 2
98703 1
98704 0
98705 1
98706 0
98707 2
98708 1
98709 2
98710 0
98711 1
98712 2
98713 0
98714 1
98715 0
98716 1
98717 0
98718 2
98719 1
98720 2
98721 0
98722 1
98723 3
98724 2
98725 1
98726 0
98727 2
98728 0
98729 1
98730 0
98731 1
98732 2
98733 1
98734 0
98735 1
98736 0
98737 1
98738 0
98739 1
98740 2
98741 0
98742 2
98743 1
98744 0
98745 1
98746 0
98747 1
98748 3
98749 2
98750 1
98751 0
98752 2
98753 1
98754 0
98755 1
98756 0
98757 1
98758 0
98759 1
98760 0
98761 2
98762 0
98763 1
98764 0
98765 1
98766 0
98767 2
98768 1
98769 2
98770 1
98771 0
98772 1
98773 0
98774 2
98775 1
98776 2
98777 1
98778 2
98779 0
98780 2
98781 1
98782 0
98783 1
98784 2
98785 0
98786 1
98787 2
98788 0
98789 1
98790 2
98791 1
98792 0
98793 1
98794 0
98795 1
98796 2
98797 0
98798 1
98799 0
98800 2
98801 1
98802 2
98803 0
98804 1
98805 0
98806 2
98807 1
98808 2
98809 0
98810 1
98811 0
98812 2
98813 1
98814 2
98815 0
98816 1
98817 0
98818 1
98819 0
98820 1
98821 0
98822 1
98823 0
98824 1
98825 2
98826 0
98827 1
98828 0
98829 1
98830 0
98831 1
98832 0
98833 1
98834 2
98835 0
98836 1
98837 2
98838 1
98839 0
98840 2
98841 1
98842 0
98843 1
98844 0
98845 2
98846 0
98847 2
98848 0
98849 1
98850 0
98851 1
98852 0
98853 1
98854 0
98855 1
98856 0
98857 1
98858 2
98859 1
98860 0
98861 1
98862 0
98863 1
98864 0
98865 1
98866 2
98867 0
98868 1
98869 0
98870 2
98871 1
98872 0
98873 1
98874 0
98875 1
98876 0
98877 1
98878 0
98879 2
98880 3
98881 1
98882 2
98883 0
98884 1
98885 3
98886 2
98887 1
98888 2
98889 1
98890 2
98891 3
98892 0
98893 2
98894 1
98895 0
98896 1
98897 2
98898 0
98899 1
98900 0
98901 1
98902 0
98903 1
98904 2
98905 0
98906 1
98907 2
98908 0
98909 1
98910 2
98911 0
98912 1
98913 0
98914 1
98915 0
98916 1
98917 0
98918 1
98919 2
98920 0
98921 2
98922 1
98923 0
98924 1
98925 2
98926 1
98927 0
98928 1
98929 3
98930 0
98931 2
98932 0
98933 1
98934 0
98935 1
98936 0
98937 1
98938 2
98939 1
98940 0
98941 1
98942 0
98943 1
98944 0
98945 2
98946 1
98947 0
98948 1
98949 2
98950 1
98951 2
98952 0
98953 2
98954 1
98955 0
98956 1
98957 0
98958 1
98959 0
98960 1
98961 2
98962 0
98963 1
98964 0
98965 1
98966 0
98967 2
98968 1
98969 0
98970 2
98971 0
98972 2
98973 1
98974 0
98975 2
98976 1
98977 0
98978 1
98979 2
98980 0
98981 2
98982 0
98983 1
98984 0
98985 2
98986 1
98987 2
98988 1
98989 0
98990 2
98991 1
98992 2
98993 1
98994 0
98995 1
98996 0
98997 2
98998 1
98999 2
99000 0
99001 1
99002 0
99003 2
99004 1
99005 0
99006 2
99007 1
99008 2
99009 0
99010 1
99011 2
99012 0
99013 1
99014 2
99015 0
99016 1
99017 0
99018 1
99019 2
99020 0
99021 1
99022 0
99023 1
99024 2
99025 1
99026 3
99027 2
99028 1
99029 2
99030 1
99031 0
99032 1
99033 0
99034 1
99035 0
99036 1
99037 0
99038 1
99039 2
99040 1
99041 0
99042 1
99043 0
99044 1
99045 2
99046 1
99047 0
99048 1
99049 0
99050 1
99051 0
99052 1
99053 0
99054 1
99055 0
99056 1
99057 0
99058 1
99059 0
99060 1
99061 0
99062 1
99063 0
99064 2
99065 1
99066 0
99067 2
99068 1
99069 0
99070 2
99071 3
99072 0
99073 1
99074 0
99075 1
99076 0
99077 1
99078 0
99079 2
99080 0
99081 2
99082 1
99083 0
99084 1
99085 0
99086 1
99087 0
99088 1
99089 0
99090 1
99091 0
99092 1
99093 0
99094 1
99095 0
99096 1
99097 2
99098 0
99099 2
99100 1
99101 2
99102 0
99103 1
99104 0
99105 1
99106 2
99107 1
99108 2
99109 0
99110 1
99111 0
99112 2
99113 1
99114 0
99115 1
99116 0
99117 2
99118 1
99119 0
99120 2
99121 1
99122 2
99123 1
99124 2
99125 0
99126 1
99127 2
99128 0
99129 2
99130 1
99131 0
99132 1
99133 0
99134 2
99135 0
99136 1
99137 0
99138 1
99139 2
99140 1
99141 2
99142 0
99143 1
99144 2
99145 1
99146 0
99147 1
99148 2
99149 0
99150 1
99151 2
99152 0
99153 1
99154 0
99155 2
99156 0
99157 2
99158 1
99159 0
99160 1
99161 2
99162 0
99163 1
99164 0
99165 1
99166 2
99167 1
99168 0
99169 1
99170 0
99171 1
99172 0
99173 1
99174 0
99175 1
99176 0
99177 1
99178 2
99179 3
99180 1
99181 2
99182 1
99183 2
99184 0
99185 2
99186 1
99187 3
99188 2
99189 1
99190 0
99191 1
99192 2
99193 0
99194 1
99195 0
99196 1
99197 0
99198 1
99199 2
99200 0
99201 2
99202 1
99203 0
99204 1
99205 2
99206 1
99207 0
99208 2
99209 1
99210 0
99211 2
99212 1
99213 2
99214 0
99215 1
99216 0
99217 1
99218 0
99219 1
99220 0
99221 2
99222 1
99223 0
99224 1
99225 0
99226 1
99227 0
99228 1
99229 0
99230 1
99231 0
99232 1
99233 2
99234 1
99235 0
99236 1
99237 0
99238 2
99239 1
99240 0
99241 1
99242 0
99243 1
99244 0
99245 2
99246 1
99247 0
99248 1
99249 2
99250 0
99251 1
99252 2
99253 0
99254 1
99255 0
99256 1
99257 2
99258 0
99259 2
99260 0
99261 1
99262 2
99263 1
99264 2
99265 0
99266 1
99267 0
99268 1
99269 0
99270 1
99271 0
99272 1
99273 2
99274 1
99275 2
99276 1
99277 0
99278 1
99279 0
99280 2
99281 1
99282 0
99283 2
99284 1
99285 2
99286 0
99287 1
99288 0
99289 1
99290 0
99291 1
99292 2
99293 0
99294 1
99295 2
99296 0
99297 1
99298 2
99299 1
99300 2
99301 0
99302 1
99303 0
99304 1
99305 0
99306 1
99307 0
99308 1
99309 2
99310 3
99311 1
99312 2
99313 1
99314 0
99315 2
99316 0
99317 1
99318 2
99319 0
99320 1
99321 2
99322 1
99323 2
99324 0
99325 1
99326 0
99327 2
99328 1
99329 0
99330 1
99331 2
99332 1
99333 0
99334 1
99335 0
99336 2
99337 1
99338 0
99339 1
99340 2
99341 0
99342 2
99343 0
99344 1
99345 0
99346 1
99347 0
99348 1
99349 0
99350 1
99351 2
99352 1
99353 0
99354 1
99355 0
99356 1
99357 0
99358 1
99359 0
99360 1
99361 2
99362 0
99363 1
99364 0
99365 1
99366 0
99367 1
99368 0
99369 1
99370 0
99371 2
99372 1
99373 2
99374 0
99375 1
99376 0
99377 2
99378 1
99379 2
99380 0
99381 1
99382 0
99383 1
99384 0
99385 1
99386 0
99387 1
99388 2
99389 0
99390 1
99391 0
99392 1
99393 2
99394 1
99395 2
99396 1
99397 0
99398 2
99399 0
99400 1
99401 0
99402 1
99403 2
99404 0
99405 1
99406 0
99407 1
99408 0
99409 1
99410 0
99411 1
99412 2
99413 0
99414 1
99415 0
99416 1
99417 0
99418 1
99419 2
99420 1
99421 0
99422 1
99423 0
99424 2
99425 1
99426 3
99427 2
99428 0
99429 1
99430 0
99431 1
99432 0
99433 2
99434 1
99435 2
99436 0
99437 1
99438 0
99439 1
99440 2
99441 1
99442 2
99443 1
99444 2
99445 0
99446 1
99447 0
99448 2
99449 1
99450 0
99451 1
99452 2
99453 0
99454 1
99455 0
99456 2
99457 0
99458 1
99459 0
99460 1
99461 0
99462 2
99463 1
99464 0
99465 1
99466 2
99467 0
99468 2
99469 0
99470 1
99471 0
99472 1
99473 2
99474 0
99475 1
99476 0
99477 1
99478 0
99479 1
99480 2
99481 0
99482 1
99483 2
99484 0
99485 2
99486 1
99487 0
99488 2
99489 1
99490 2
99491 0
99492 2
99493 1
99494 0
99495 2
99496 1
99497 0
99498 2
99499 1
99500 0
99501 1
99502 2
99503 1
99504 0
99505 1
99506 0
99507 1
99508 0
99509 2
99510 0
99511 2
99512 1
99513 0
99514 1
99515 0
99516 1
99517 0
99518 2
99519 1
99520 0
99521 2
99522 0
99523 1
99524 2
99525 0
99526 1
99527 0
99528 2
99529 1
99530 2
99531 1
99532 0
99533 2
99534 1
99535 2
99536 0
99537 1
99538 0
99539 1
99540 0
99541 1
99542 2
99543 0
99544 2
99545 0
99546 1
99547 0
99548 1
99549 2
99550 0
99551 1
99552 0
99553 1
99554 0
99555 2
99556 1
99557 0
99558 1
99559 2
99560 0
99561 2
99562 1
99563 2
99564 0
99565 1
99566 0
99567 2
99568 0
99569 1
99570 2
99571 1
99572 2
99573 0
99574 1
99575 0
99576 1
99577 0
99578 2
99579 1
99580 2
99581 0
99582 2
99583 3
99584 0
99585 1
99586 0
99587 1
99588 0
99589 1
99590 0
99591 2
99592 1
99593 0
99594 1
99595 0
99596 2
99597 0
99598 2
99599 1
99600 0
99601 1
99602 0
99603 2
99604 0
99605 1
99606 0
99607 1
99608 0
99609 2
99610 3
99611 0
99612 2
99613 1
99614 2
99615 0
99616 2
99617 1
99618 0
99619 1
99620 2
99621 0
99622 1
99623 2
99624 0
99625 1
99626 0
99627 1
99628 0
99629 2
99630 3
99631 1
99632 3
99633 1
99634 0
99635 3
99636 2
99637 0
99638 1
99639 2
99640 0
99641 1
99642 0
99643 1
99644 0
99645 2
99646 1
99647 0
99648 2
99649 0
99650 2
99651 1
99652 2
99653 0
99654 2
99655 1
99656 3
99657 2
99658 0
99659 1
99660 0
99661 1
99662 2
99663 1
99664 2
99665 1
99666 2
99667 3
99668 1
99669 0
99670 1
99671 0
99672 2
99673 3
99674 1
99675 2
99676 0
99677 1
99678 0
99679 2
99680 1
99681 0
99682 2
99683 1
99684 2
99685 0
99686 1
99687 2
99688 0
99689 1
99690 0
99691 1
99692 0
99693 1
99694 0
99695 1
99696 0
99697 1
99698 0
99699 2
99700 1
99701 0
99702 1
99703 0
99704 1
99705 0
99706 1
99707 2
99708 0
99709 2
99710 1
99711 2
99712 1
99713 0
99714 2
99715 0
99716 1
99717 0
99718 1
99719 0
99720 1
99721 0
99722 1
99723 2
99724 1
99725 0
99726 1
99727 2
99728 1
99729 0
99730 2
99731 1
99732 0
99733 2
99734 1
99735 2
99736 1
99737 2
99738 0
99739 1
99740 0
99741 1
99742 0
99743 1
99744 0
99745 1
99746 2
99747 1
99748 2
99749 1
99750 2
99751 1
99752 0
99753 2
99754 1
99755 2
99756 0
99757 2
99758 0
99759 1
99760 0
99761 1
99762 0
99763 2
99764 1
99765 0
99766 1
99767 0
99768 1
99769 0
99770 1
99771 2
99772 0
99773 1
99774 2
99775 1
99776 2
99777 0
99778 1
99779 0
99780 1
99781 0
99782 1
99783 0
99784 1
99785 0
99786 1
99787 0
99788 2
99789 1
99790 0
99791 1
99792 0
99793 1
99794 0
99795 1
99796 2
99797 3
99798 1
99799 2
99800 0
99801 1
99802 0
99803 1
99804 2
99805 0
99806 1
99807 0
99808 1
99809 2
99810 0
99811 1
99812 2
99813 0
99814 1
99815 2
99816 0
99817 1
99818 2
99819 1
99820 3
99821 1
99822 0
99823 1
99824 2
99825 0
99826 2
99827 0
99828 1
99829 2
99830 1
99831 2
99832 1
99833 0
99834 1
99835 0
99836 1
99837 2
99838 1
99839 0
99840 2
99841 1
99842 0
99843 1
99844 0
99845 1
99846 3
99847 2
99848 0
99849 1
99850 2
99851 1
99852 0
99853 1
99854 0
99855 2
99856 3
99857 1
99858 0
99859 2
99860 0
99861 1
99862 0
99863 2
99864 3
99865 1
99866 2
99867 0
99868 1
99869 2
99870 1
99871 2
99872 0
99873 1
99874 0
99875 1
99876 2
99877 0
99878 1
99879 0
99880 1
99881 2
99882 3
99883 1
99884 2
99885 1
99886 0
99887 1
99888 0
99889 2
99890 1
99891 0
99892 1
99893 0
99894 1
99895 0
99896 1
99897 2
99898 1
99899 0
99900 1
99901 2
99902 0
99903 1
99904 0
99905 1
99906 0
99907 1
99908 3
99909 0
99910 1
99911 0
99912 2
99913 1
99914 0
99915 2
99916 1
99917 0
99918 1
99919 2
99920 0
99921 1
99922 2
99923 1
99924 0
99925 1
99926 2
99927 0
99928 1
99929 0
99930 2
99931 1
99932 0
99933 1
99934 2
99935 1
99936 2
99937 0
99938 1
99939 0
99940 1
99941 0
99942 2
99943 1
99944 0
99945 1
99946 0
99947 1
99948 2
99949 0
99950 2
99951 1
99952 2
99953 1
99954 2
99955 1
99956 0
99957 2
99958 1
99959 2
99960 0
99961 1
99962 0
99963 1
99964 0
99965 1
99966 2
99967 0
99968 1
99969 0
99970 2
99971 0
99972 1
99973 0
99974 2
99975 0
99976 1
99977 2
99978 1
99979 0
99980 1
99981 0
99982 2
99983 0
99984 1
99985 2
99986 0
99987 2
99988 1
99989 2
99990 0
99991 1
99992 0
99993 1
99994 3
99995 2
99996 0
99997 1
99998 2
99999 1
Colors used: 4
Valid coloring: true
Execution time: 57.2199 ms
