Algorithm: PageRank
Damping: 0.85
Vertex ranks:
0 0.000018
1 0.000029
2 0.000015
3 0.000020
4 0.000009
5 0.000013
6 0.000013
7 0.000011
8 0.000012
9 0.000019
10 0.000013
11 0.000005
12 0.000012
13 0.000011
14 0.000010
15 0.000024
16 0.000020
17 0.000033
18 0.000043
19 0.000033
20 0.000019
21 0.000019
22 0.000006
23 0.000018
24 0.000013
25 0.000013
26 0.000015
27 0.000025
28 0.000045
29 0.000027
30 0.000017
31 0.000010
32 0.000005
33 0.000006
34 0.000010
35 0.000027
36 0.000024
37 0.000038
38 0.000019
39 0.000030
40 0.000016
41 0.000013
42 0.000020
43 0.000022
44 0.000026
45 0.000014
46 0.000020
47 0.000011
48 0.000022
49 0.000016
50 0.000008
51 0.000006
52 0.000004
53 0.000039
54 0.000015
55 0.000024
56 0.000010
57 0.000017
58 0.000008
59 0.000011
60 0.000008
61 0.000013
62 0.000017
63 0.000008
64 0.000026
65 0.000034
66 0.000021
67 0.000023
68 0.000033
69 0.000039
70 0.000032
71 0.000035
72 0.000022
73 0.000018
74 0.000022
75 0.000031
76 0.000012
77 0.000018
78 0.000024
79 0.000018
80 0.000006
81 0.000004
82 0.000027
83 0.000025
84 0.000019
85 0.000009
86 0.000009
87 0.000031
88 0.000015
89 0.000017
90 0.000028
91 0.000033
92 0.000026
93 0.000035
94 0.000030
95 0.000054
96 0.000049
97 0.000019
98 0.000024
99 0.000049
100 0.000028
101 0.000024
102 0.000022
103 0.000049
104 0.000018
105 0.000020
106 0.000016
107 0.000021
108 0.000015
109 0.000019
110 0.000030
111 0.000033
112 0.000038
113 0.000045
114 0.000030
115 0.000021
116 0.000026
117 0.000029
118 0.000011
119 0.000015
120 0.000027
121 0.000016
122 0.000020
123 0.000023
124 0.000035
125 0.000013
126 0.000010
127 0.000020
128 0.000038
129 0.000011
130 0.000020
131 0.000028
132 0.000015
133 0.000042
134 0.000021
135 0.000013
136 0.000015
137 0.000016
138 0.000015
139 0.000009
140 0.000014
141 0.000026
142 0.000013
143 0.000007
144 0.000013
145 0.000014
146 0.000024
147 0.000015
148 0.000032
149 0.000019
150 0.000022
151 0.000018
152 0.000052
153 0.000020
154 0.000010
155 0.000010
156 0.000026
157 0.000010
158 0.000012
159 0.000020
160 0.000012
161 0.000009
162 0.000017
163 0.000034
164 0.000044
165 0.000026
166 0.000040
167 0.000030
168 0.000017
169 0.000041
170 0.000016
171 0.000010
172 0.000009
173 0.000040
174 0.000056
175 0.000056
176 0.000021
177 0.000022
178 0.000011
179 0.000011
180 0.000024
181 0.000038
182 0.000033
183 0.000010
184 0.000035
185 0.000023
186 0.000021
187 0.000023
188 0.000031
189 0.000038
190 0.000029
191 0.000027
192 0.000027
193 0.000009
194 0.000015
195 0.000013
196 0.000020
197 0.000009
198 0.000016
199 0.000006
200 0.000020
201 0.000028
202 0.000046
203 0.000057
204 0.000038
205 0.000063
206 0.000024
207 0.000052
208 0.000023
209 0.000026
210 0.000014
211 0.000027
212 0.000011
213 0.000024
214 0.000014
215 0.000011
216 0.000009
217 0.000028
218 0.000013
219 0.000016
220 0.000012
221 0.000047
222 0.000028
223 0.000049
224 0.000016
225 0.000015
226 0.000033
227 0.000024
228 0.000019
229 0.000026
230 0.000018
231 0.000019
232 0.000031
233 0.000015
234 0.000032
235 0.000020
236 0.000020
237 0.000031
238 0.000023
239 0.000017
240 0.000017
241 0.000012
242 0.000014
243 0.000019
244 0.000023
245 0.000024
246 0.000028
247 0.000015
248 0.000018
249 0.000017
250 0.000005
251 0.000028
252 0.000024
253 0.000015
254 0.000025
255 0.000021
256 0.000030
257 0.000053
258 0.000035
259 0.000045
260 0.000019
261 0.000020
262 0.000011
263 0.000006
264 0.000013
265 0.000017
266 0.000045
267 0.000016
268 0.000011
269 0.000007
270 0.000017
271 0.000015
272 0.000015
273 0.000016
274 0.000012
275 0.000008
276 0.000025
277 0.000026
278 0.000010
279 0.000017
280 0.000046
281 0.000014
282 0.000015
283 0.000013
284 0.000032
285 0.000028
286 0.000014
287 0.000021
288 0.000013
289 0.000019
290 0.000015
291 0.000009
292 0.000023
293 0.000011
294 0.000038
295 0.000023
296 0.000029
297 0.000016
298 0.000018
299 0.000036
300 0.000013
301 0.000024
302 0.000020
303 0.000020
304 0.000016
305 0.000012
306 0.000014
307 0.000018
308 0.000024
309 0.000012
310 0.000005
311 0.000024
312 0.000029
313 0.000027
314 0.000024
315 0.000013
316 0.000015
317 0.000017
318 0.000006
319 0.000008
320 0.000013
321 0.000010
322 0.000023
323 0.000008
324 0.000018
325 0.000009
326 0.000021
327 0.000011
328 0.000028
329 0.000028
330 0.000027
331 0.000023
332 0.000018
333 0.000019
334 0.000031
335 0.000049
336 0.000028
337 0.000020
338 0.000024
339 0.000016
340 0.000006
341 0.000009
342 0.000010
343 0.000015
344 0.000012
345 0.000011
346 0.000036
347 0.000017
348 0.000016
349 0.000006
350 0.000005
351 0.000017
352 0.000016
353 0.000007
354 0.000022
355 0.000014
356 0.000007
357 0.000014
358 0.000012
359 0.000037
360 0.000057
361 0.000023
362 0.000013
363 0.000018
364 0.000008
365 0.000026
366 0.000012
367 0.000008
368 0.000010
369 0.000012
370 0.000006
371 0.000025
372 0.000032
373 0.000021
374 0.000022
375 0.000009
376 0.000013
377 0.000012
378 0.000007
379 0.000014
380 0.000010
381 0.000007
382 0.000019
383 0.000013
384 0.000006
385 0.000020
386 0.000032
387 0.000022
388 0.000018
389 0.000010
390 0.000008
391 0.000009
392 0.000018
393 0.000011
394 0.000035
395 0.000013
396 0.000010
397 0.000021
398 0.000027
399 0.000018
400 0.000021
401 0.000024
402 0.000020
403 0.000016
404 0.000030
405 0.000012
406 0.000017
407 0.000038
408 0.000019
409 0.000007
410 0.000010
411 0.000015
412 0.000033
413 0.000019
414 0.000011
415 0.000037
416 0.000027
417 0.000031
418 0.000034
419 0.000052
420 0.000040
421 0.000009
422 0.000023
423 0.000013
424 0.000007
425 0.000013
426 0.000014
427 0.000031
428 0.000015
429 0.000026
430 0.000025
431 0.000018
432 0.000008
433 0.000014
434 0.000011
435 0.000023
436 0.000032
437 0.000013
438 0.000022
439 0.000009
440 0.000009
441 0.000056
442 0.000017
443 0.000011
444 0.000014
445 0.000011
446 0.000029
447 0.000035
448 0.000013
449 0.000019
450 0.000034
451 0.000025
452 0.000020
453 0.000013
454 0.000026
455 0.000021
456 0.000021
457 0.000015
458 0.000008
459 0.000024
460 0.000028
461 0.000035
462 0.000037
463 0.000022
464 0.000027
465 0.000033
466 0.000035
467 0.000021
468 0.000026
469 0.000010
470 0.000017
471 0.000008
472 0.000022
473 0.000022
474 0.000025
475 0.000014
476 0.000012
477 0.000018
478 0.000019
479 0.000017
480 0.000023
481 0.000008
482 0.000023
483 0.000019
484 0.000029
485 0.000032
486 0.000031
487 0.000023
488 0.000018
489 0.000032
490 0.000027
491 0.000019
492 0.000012
493 0.000016
494 0.000020
495 0.000023
496 0.000053
497 0.000034
498 0.000016
499 0.000006
500 0.000007
501 0.000029
502 0.000015
503 0.000010
504 0.000012
505 0.000013
506 0.000022
507 0.000055
508 0.000015
509 0.000015
510 0.000041
511 0.000019
512 0.000015
513 0.000028
514 0.000015
515 0.000011
516 0.000005
517 0.000011
518 0.000013
519 0.000012
520 0.000017
521 0.000022
522 0.000023
523 0.000013
524 0.000022
525 0.000037
526 0.000035
527 0.000031
528 0.000031
529 0.000021
530 0.000007
531 0.000005
532 0.000009
533 0.000026
534 0.000022
535 0.000012
536 0.000010
537 0.000009
538 0.000014
539 0.000031
540 0.000016
541 0.000012
542 0.000008
543 0.000011
544 0.000016
545 0.000010
546 0.000005
547 0.000009
548 0.000007
549 0.000012
550 0.000021
551 0.000010
552 0.000010
553 0.000027
554 0.000012
555 0.000018
556 0.000031
557 0.000030
558 0.000022
559 0.000017
560 0.000013
561 0.000024
562 0.000012
563 0.000021
564 0.000013
565 0.000020
566 0.000021
567 0.000023
568 0.000011
569 0.000023
570 0.000017
571 0.000019
572 0.000024
573 0.000015
574 0.000012
575 0.000010
576 0.000014
577 0.000009
578 0.000007
579 0.000026
580 0.000043
581 0.000035
582 0.000024
583 0.000035
584 0.000041
585 0.000028
586 0.000033
587 0.000016
588 0.000018
589 0.000024
590 0.000022
591 0.000044
592 0.000024
593 0.000014
594 0.000009
595 0.000016
596 0.000025
597 0.000025
598 0.000013
599 0.000007
600 0.000012
601 0.000047
602 0.000021
603 0.000011
604 0.000016
605 0.000016
606 0.000018
607 0.000040
608 0.000031
609 0.000020
610 0.000012
611 0.000026
612 0.000038
613 0.000044
614 0.000021
615 0.000022
616 0.000013
617 0.000018
618 0.000007
619 0.000004
620 0.000007
621 0.000018
622 0.000014
623 0.000012
624 0.000008
625 0.000020
626 0.000009
627 0.000005
628 0.000020
629 0.000012
630 0.000014
631 0.000021
632 0.000010
633 0.000005
634 0.000019
635 0.000028
636 0.000022
637 0.000039
638 0.000042
639 0.000012
640 0.000041
641 0.000022
642 0.000007
643 0.000004
644 0.000009
645 0.000009
646 0.000005
647 0.000020
648 0.000013
649 0.000018
650 0.000016
651 0.000031
652 0.000013
653 0.000010
654 0.000006
655 0.000026
656 0.000020
657 0.000025
658 0.000032
659 0.000018
660 0.000031
661 0.000036
662 0.000028
663 0.000030
664 0.000026
665 0.000021
666 0.000024
667 0.000013
668 0.000013
669 0.000014
670 0.000013
671 0.000014
672 0.000025
673 0.000007
674 0.000021
675 0.000009
676 0.000007
677 0.000020
678 0.000056
679 0.000015
680 0.000019
681 0.000038
682 0.000018
683 0.000020
684 0.000027
685 0.000027
686 0.000022
687 0.000031
688 0.000010
689 0.000006
690 0.000013
691 0.000007
692 0.000014
693 0.000013
694 0.000019
695 0.000032
696 0.000023
697 0.000011
698 0.000021
699 0.000008
700 0.000021
701 0.000013
702 0.000031
703 0.000020
704 0.000021
705 0.000019
706 0.000017
707 0.000033
708 0.000027
709 0.000015
710 0.000028
711 0.000020
712 0.000024
713 0.000012
714 0.000016
715 0.000009
716 0.000009
717 0.000006
718 0.000015
719 0.000017
720 0.000018
721 0.000031
722 0.000012
723 0.000007
724 0.000007
725 0.000019
726 0.000015
727 0.000026
728 0.000018
729 0.000010
730 0.000023
731 0.000032
732 0.000021
733 0.000020
734 0.000028
735 0.000029
736 0.000019
737 0.000008
738 0.000014
739 0.000029
740 0.000039
741 0.000020
742 0.000014
743 0.000009
744 0.000010
745 0.000012
746 0.000017
747 0.000013
748 0.000048
749 0.000031
750 0.000027
751 0.000015
752 0.000014
753 0.000018
754 0.000030
755 0.000023
756 0.000016
757 0.000037
758 0.000017
759 0.000035
760 0.000038
761 0.000041
762 0.000026
763 0.000018
764 0.000021
765 0.000007
766 0.000012
767 0.000019
768 0.000030
769 0.000019
770 0.000007
771 0.000012
772 0.000020
773 0.000022
774 0.000038
775 0.000025
776 0.000014
777 0.000012
778 0.000012
779 0.000013
780 0.000023
781 0.000022
782 0.000022
783 0.000008
784 0.000020
785 0.000012
786 0.000013
787 0.000009
788 0.000006
789 0.000005
790 0.000007
791 0.000007
792 0.000013
793 0.000014
794 0.000027
795 0.000011
796 0.000016
797 0.000015
798 0.000012
799 0.000013
800 0.000032
801 0.000017
802 0.000015
803 0.000011
804 0.000018
805 0.000011
806 0.000008
807 0.000016
808 0.000008
809 0.000019
810 0.000011
811 0.000008
812 0.000017
813 0.000006
814 0.000013
815 0.000008
816 0.000032
817 0.000039
818 0.000019
819 0.000030
820 0.000011
821 0.000005
822 0.000014
823 0.000017
824 0.000024
825 0.000017
826 0.000015
827 0.000005
828 0.000017
829 0.000026
830 0.000016
831 0.000010
832 0.000025
833 0.000036
834 0.000025
835 0.000010
836 0.000034
837 0.000024
838 0.000008
839 0.000005
840 0.000011
841 0.000023
842 0.000008
843 0.000010
844 0.000017
845 0.000018
846 0.000025
847 0.000010
848 0.000009
849 0.000035
850 0.000015
851 0.000011
852 0.000024
853 0.000017
854 0.000020
855 0.000015
856 0.000021
857 0.000023
858 0.000013
859 0.000009
860 0.000013
861 0.000026
862 0.000018
863 0.000027
864 0.000020
865 0.000009
866 0.000018
867 0.000018
868 0.000015
869 0.000011
870 0.000029
871 0.000013
872 0.000007
873 0.000019
874 0.000011
875 0.000031
876 0.000016
877 0.000015
878 0.000015
879 0.000015
880 0.000020
881 0.000026
882 0.000025
883 0.000017
884 0.000026
885 0.000029
886 0.000035
887 0.000045
888 0.000033
889 0.000028
890 0.000011
891 0.000016
892 0.000018
893 0.000013
894 0.000019
895 0.000016
896 0.000028
897 0.000025
898 0.000017
899 0.000013
900 0.000018
901 0.000026
902 0.000014
903 0.000021
904 0.000010
905 0.000017
906 0.000015
907 0.000008
908 0.000007
909 0.000016
910 0.000036
911 0.000016
912 0.000023
913 0.000016
914 0.000031
915 0.000014
916 0.000014
917 0.000011
918 0.000006
919 0.000004
920 0.000043
921 0.000015
922 0.000008
923 0.000040
924 0.000017
925 0.000010
926 0.000014
927 0.000023
928 0.000020
929 0.000007
930 0.000025
931 0.000036
932 0.000022
933 0.000030
934 0.000020
935 0.000018
936 0.000013
937 0.000019
938 0.000013
939 0.000017
940 0.000026
941 0.000019
942 0.000008
943 0.000007
944 0.000020
945 0.000015
946 0.000015
947 0.000008
948 0.000025
949 0.000026
950 0.000028
951 0.000008
952 0.000027
953 0.000010
954 0.000012
955 0.000017
956 0.000033
957 0.000033
958 0.000021
959 0.000016
960 0.000027
961 0.000026
962 0.000024
963 0.000035
964 0.000028
965 0.000040
966 0.000020
967 0.000034
968 0.000032
969 0.000021
970 0.000020
971 0.000015
972 0.000021
973 0.000030
974 0.000030
975 0.000047
976 0.000023
977 0.000030
978 0.000019
979 0.000025
980 0.000016
981 0.000030
982 0.000014
983 0.000028
984 0.000015
985 0.000023
986 0.000025
987 0.000022
988 0.000012
989 0.000017
990 0.000027
991 0.000019
992 0.000025
993 0.000033
994 0.000022
995 0.000014
996 0.000016
997 0.000019
998 0.000012
999 0.000017
1000 0.000007
1001 0.000005
1002 0.000030
1003 0.000019
1004 0.000032
1005 0.000019
1006 0.000011
1007 0.000009
1008 0.000014
1009 0.000015
1010 0.000019
1011 0.000011
1012 0.000022
1013 0.000016
1014 0.000023
1015 0.000019
1016 0.000027
1017 0.000032
1018 0.000022
1019 0.000034
1020 0.000027
1021 0.000019
1022 0.000026
1023 0.000062
1024 0.000028
1025 0.000009
1026 0.000007
1027 0.000017
1028 0.000019
1029 0.000008
1030 0.000036
1031 0.000025
1032 0.000031
1033 0.000025
1034 0.000015
1035 0.000009
1036 0.000005
1037 0.000019
1038 0.000031
1039 0.000028
1040 0.000009
1041 0.000011
1042 0.000021
1043 0.000027
1044 0.000031
1045 0.000029
1046 0.000022
1047 0.000021
1048 0.000015
1049 0.000016
1050 0.000012
1051 0.000024
1052 0.000024
1053 0.000017
1054 0.000013
1055 0.000011
1056 0.000030
1057 0.000020
1058 0.000031
1059 0.000021
1060 0.000019
1061 0.000019
1062 0.000036
1063 0.000018
1064 0.000018
1065 0.000026
1066 0.000039
1067 0.000020
1068 0.000037
1069 0.000025
1070 0.000019
1071 0.000010
1072 0.000019
1073 0.000018
1074 0.000018
1075 0.000021
1076 0.000018
1077 0.000026
1078 0.000018
1079 0.000030
1080 0.000013
1081 0.000007
1082 0.000006
1083 0.000015
1084 0.000018
1085 0.000013
1086 0.000014
1087 0.000008
1088 0.000010
1089 0.000016
1090 0.000014
1091 0.000024
1092 0.000026
1093 0.000009
1094 0.000011
1095 0.000023
1096 0.000017
1097 0.000010
1098 0.000028
1099 0.000044
1100 0.000021
1101 0.000019
1102 0.000009
1103 0.000025
1104 0.000020
1105 0.000024
1106 0.000020
1107 0.000030
1108 0.000021
1109 0.000016
1110 0.000007
1111 0.000022
1112 0.000012
1113 0.000019
1114 0.000014
1115 0.000015
1116 0.000006
1117 0.000008
1118 0.000019
1119 0.000021
1120 0.000022
1121 0.000038
1122 0.000040
1123 0.000032
1124 0.000042
1125 0.000039
1126 0.000014
1127 0.000024
1128 0.000015
1129 0.000013
1130 0.000020
1131 0.000018
1132 0.000014
1133 0.000007
1134 0.000012
1135 0.000023
1136 0.000034
1137 0.000009
1138 0.000005
1139 0.000028
1140 0.000027
1141 0.000027
1142 0.000030
1143 0.000013
1144 0.000028
1145 0.000023
1146 0.000035
1147 0.000033
1148 0.000020
1149 0.000028
1150 0.000013
1151 0.000011
1152 0.000036
1153 0.000037
1154 0.000027
1155 0.000009
1156 0.000005
1157 0.000031
1158 0.000022
1159 0.000020
1160 0.000010
1161 0.000023
1162 0.000023
1163 0.000020
1164 0.000028
1165 0.000034
1166 0.000032
1167 0.000020
1168 0.000007
1169 0.000023
1170 0.000017
1171 0.000021
1172 0.000011
1173 0.000012
1174 0.000029
1175 0.000009
1176 0.000037
1177 0.000012
1178 0.000027
1179 0.000039
1180 0.000060
1181 0.000039
1182 0.000020
1183 0.000015
1184 0.000024
1185 0.000015
1186 0.000020
1187 0.000007
1188 0.000029
1189 0.000021
1190 0.000020
1191 0.000007
1192 0.000014
1193 0.000014
1194 0.000030
1195 0.000022
1196 0.000022
1197 0.000017
1198 0.000025
1199 0.000023
1200 0.000006
1201 0.000009
1202 0.000017
1203 0.000017
1204 0.000028
1205 0.000015
1206 0.000025
1207 0.000015
1208 0.000013
1209 0.000007
1210 0.000008
1211 0.000020
1212 0.000009
1213 0.000020
1214 0.000044
1215 0.000026
1216 0.000018
1217 0.000036
1218 0.000020
1219 0.000029
1220 0.000023
1221 0.000037
1222 0.000017
1223 0.000027
1224 0.000018
1225 0.000011
1226 0.000010
1227 0.000020
1228 0.000046
1229 0.000014
1230 0.000031
1231 0.000014
1232 0.000012
1233 0.000024
1234 0.000016
1235 0.000015
1236 0.000023
1237 0.000028
1238 0.000025
1239 0.000017
1240 0.000012
1241 0.000024
1242 0.000027
1243 0.000011
1244 0.000026
1245 0.000019
1246 0.000010
1247 0.000012
1248 0.000021
1249 0.000012
1250 0.000025
1251 0.000014
1252 0.000014
1253 0.000037
1254 0.000034
1255 0.000027
1256 0.000035
1257 0.000033
1258 0.000023
1259 0.000026
1260 0.000029
1261 0.000013
1262 0.000027
1263 0.000014
1264 0.000013
1265 0.000025
1266 0.000037
1267 0.000025
1268 0.000018
1269 0.000029
1270 0.000016
1271 0.000014
1272 0.000015
1273 0.000027
1274 0.000017
1275 0.000019
1276 0.000014
1277 0.000035
1278 0.000020
1279 0.000015
1280 0.000015
1281 0.000009
1282 0.000021
1283 0.000019
1284 0.000015
1285 0.000009
1286 0.000026
1287 0.000014
1288 0.000024
1289 0.000010
1290 0.000021
1291 0.000027
1292 0.000016
1293 0.000021
1294 0.000018
1295 0.000021
1296 0.000024
1297 0.000025
1298 0.000017
1299 0.000022
1300 0.000019
1301 0.000030
1302 0.000044
1303 0.000012
1304 0.000015
1305 0.000007
1306 0.000007
1307 0.000014
1308 0.000013
1309 0.000009
1310 0.000009
1311 0.000008
1312 0.000030
1313 0.000014
1314 0.000022
1315 0.000018
1316 0.000030
1317 0.000030
1318 0.000015
1319 0.000011
1320 0.000008
1321 0.000007
1322 0.000019
1323 0.000017
1324 0.000015
1325 0.000021
1326 0.000012
1327 0.000008
1328 0.000029
1329 0.000047
1330 0.000015
1331 0.000026
1332 0.000016
1333 0.000009
1334 0.000009
1335 0.000011
1336 0.000015
1337 0.000007
1338 0.000005
1339 0.000032
1340 0.000014
1341 0.000016
1342 0.000007
1343 0.000021
1344 0.000027
1345 0.000034
1346 0.000045
1347 0.000050
1348 0.000056
1349 0.000037
1350 0.000040
1351 0.000036
1352 0.000013
1353 0.000020
1354 0.000017
1355 0.000016
1356 0.000011
1357 0.000024
1358 0.000025
1359 0.000018
1360 0.000019
1361 0.000045
1362 0.000027
1363 0.000028
1364 0.000011
1365 0.000019
1366 0.000021
1367 0.000012
1368 0.000008
1369 0.000020
1370 0.000020
1371 0.000011
1372 0.000006
1373 0.000019
1374 0.000020
1375 0.000026
1376 0.000067
1377 0.000070
1378 0.000023
1379 0.000023
1380 0.000016
1381 0.000027
1382 0.000019
1383 0.000019
1384 0.000021
1385 0.000026
1386 0.000028
1387 0.000018
1388 0.000023
1389 0.000022
1390 0.000019
1391 0.000049
1392 0.000032
1393 0.000015
1394 0.000014
1395 0.000016
1396 0.000013
1397 0.000019
1398 0.000019
1399 0.000016
1400 0.000016
1401 0.000013
1402 0.000014
1403 0.000010
1404 0.000011
1405 0.000024
1406 0.000016
1407 0.000033
1408 0.000025
1409 0.000008
1410 0.000037
1411 0.000020
1412 0.000043
1413 0.000017
1414 0.000046
1415 0.000017
1416 0.000010
1417 0.000020
1418 0.000024
1419 0.000034
1420 0.000016
1421 0.000014
1422 0.000021
1423 0.000010
1424 0.000011
1425 0.000013
1426 0.000022
1427 0.000014
1428 0.000024
1429 0.000016
1430 0.000037
1431 0.000040
1432 0.000036
1433 0.000034
1434 0.000037
1435 0.000020
1436 0.000023
1437 0.000017
1438 0.000014
1439 0.000011
1440 0.000006
1441 0.000004
1442 0.000005
1443 0.000011
1444 0.000017
1445 0.000025
1446 0.000026
1447 0.000043
1448 0.000029
1449 0.000020
1450 0.000022
1451 0.000025
1452 0.000020
1453 0.000026
1454 0.000029
1455 0.000029
1456 0.000009
1457 0.000020
1458 0.000013
1459 0.000030
1460 0.000024
1461 0.000017
1462 0.000018
1463 0.000019
1464 0.000010
1465 0.000028
1466 0.000033
1467 0.000023
1468 0.000025
1469 0.000020
1470 0.000026
1471 0.000033
1472 0.000024
1473 0.000022
1474 0.000024
1475 0.000025
1476 0.000045
1477 0.000029
1478 0.000028
1479 0.000006
1480 0.000020
1481 0.000015
1482 0.000006
1483 0.000028
1484 0.000022
1485 0.000029
1486 0.000031
1487 0.000015
1488 0.000022
1489 0.000030
1490 0.000028
1491 0.000034
1492 0.000014
1493 0.000008
1494 0.000013
1495 0.000013
1496 0.000029
1497 0.000021
1498 0.000007
1499 0.000029
1500 0.000020
1501 0.000011
1502 0.000024
1503 0.000031
1504 0.000016
1505 0.000012
1506 0.000021
1507 0.000012
1508 0.000014
1509 0.000018
1510 0.000011
1511 0.000011
1512 0.000029
1513 0.000027
1514 0.000018
1515 0.000005
1516 0.000009
1517 0.000028
1518 0.000033
1519 0.000016
1520 0.000006
1521 0.000013
1522 0.000008
1523 0.000011
1524 0.000025
1525 0.000024
1526 0.000014
1527 0.000026
1528 0.000013
1529 0.000025
1530 0.000042
1531 0.000039
1532 0.000031
1533 0.000020
1534 0.000026
1535 0.000021
1536 0.000020
1537 0.000014
1538 0.000015
1539 0.000033
1540 0.000035
1541 0.000013
1542 0.000008
1543 0.000025
1544 0.000028
1545 0.000008
1546 0.000007
1547 0.000019
1548 0.000019
1549 0.000019
1550 0.000034
1551 0.000019
1552 0.000008
1553 0.000008
1554 0.000009
1555 0.000028
1556 0.000015
1557 0.000010
1558 0.000010
1559 0.000008
1560 0.000015
1561 0.000018
1562 0.000018
1563 0.000010
1564 0.000031
1565 0.000028
1566 0.000033
1567 0.000007
1568 0.000006
1569 0.000019
1570 0.000019
1571 0.000019
1572 0.000022
1573 0.000014
1574 0.000016
1575 0.000033
1576 0.000047
1577 0.000016
1578 0.000017
1579 0.000037
1580 0.000038
1581 0.000014
1582 0.000014
1583 0.000008
1584 0.000020
1585 0.000026
1586 0.000011
1587 0.000009
1588 0.000018
1589 0.000023
1590 0.000018
1591 0.000015
1592 0.000020
1593 0.000027
1594 0.000016
1595 0.000025
1596 0.000011
1597 0.000017
1598 0.000023
1599 0.000025
1600 0.000040
1601 0.000040
1602 0.000041
1603 0.000015
1604 0.000008
1605 0.000014
1606 0.000009
1607 0.000027
1608 0.000031
1609 0.000024
1610 0.000059
1611 0.000039
1612 0.000049
1613 0.000039
1614 0.000018
1615 0.000017
1616 0.000005
1617 0.000036
1618 0.000037
1619 0.000024
1620 0.000023
1621 0.000034
1622 0.000041
1623 0.000054
1624 0.000032
1625 0.000016
1626 0.000011
1627 0.000010
1628 0.000007
1629 0.000012
1630 0.000022
1631 0.000020
1632 0.000031
1633 0.000027
1634 0.000015
1635 0.000012
1636 0.000018
1637 0.000010
1638 0.000015
1639 0.000026
1640 0.000026
1641 0.000010
1642 0.000013
1643 0.000009
1644 0.000016
1645 0.000012
1646 0.000030
1647 0.000009
1648 0.000005
1649 0.000023
1650 0.000030
1651 0.000041
1652 0.000044
1653 0.000034
1654 0.000021
1655 0.000015
1656 0.000022
1657 0.000030
1658 0.000022
1659 0.000022
1660 0.000010
1661 0.000011
1662 0.000008
1663 0.000005
1664 0.000014
1665 0.000012
1666 0.000017
1667 0.000007
1668 0.000032
1669 0.000016
1670 0.000020
1671 0.000027
1672 0.000016
1673 0.000031
1674 0.000038
1675 0.000026
1676 0.000030
1677 0.000036
1678 0.000039
1679 0.000015
1680 0.000019
1681 0.000028
1682 0.000044
1683 0.000040
1684 0.000056
1685 0.000013
1686 0.000007
1687 0.000028
1688 0.000021
1689 0.000017
1690 0.000037
1691 0.000019
1692 0.000013
1693 0.000026
1694 0.000014
1695 0.000023
1696 0.000011
1697 0.000020
1698 0.000023
1699 0.000020
1700 0.000014
1701 0.000025
1702 0.000024
1703 0.000022
1704 0.000015
1705 0.000026
1706 0.000034
1707 0.000029
1708 0.000020
1709 0.000019
1710 0.000017
1711 0.000020
1712 0.000007
1713 0.000030
1714 0.000056
1715 0.000029
1716 0.000014
1717 0.000015
1718 0.000039
1719 0.000018
1720 0.000012
1721 0.000022
1722 0.000016
1723 0.000029
1724 0.000013
1725 0.000015
1726 0.000024
1727 0.000026
1728 0.000026
1729 0.000011
1730 0.000022
1731 0.000011
1732 0.000024
1733 0.000014
1734 0.000027
1735 0.000019
1736 0.000010
1737 0.000007
1738 0.000012
1739 0.000011
1740 0.000006
1741 0.000015
1742 0.000035
1743 0.000035
1744 0.000025
1745 0.000014
1746 0.000025
1747 0.000013
1748 0.000047
1749 0.000016
1750 0.000022
1751 0.000031
1752 0.000048
1753 0.000023
1754 0.000008
1755 0.000028
1756 0.000019
1757 0.000015
1758 0.000034
1759 0.000023
1760 0.000060
1761 0.000020
1762 0.000016
1763 0.000011
1764 0.000012
1765 0.000010
1766 0.000014
1767 0.000011
1768 0.000005
1769 0.000005
1770 0.000015
1771 0.000016
1772 0.000019
1773 0.000009
1774 0.000006
1775 0.000024
1776 0.000010
1777 0.000021
1778 0.000023
1779 0.000016
1780 0.000016
1781 0.000012
1782 0.000016
1783 0.000027
1784 0.000039
1785 0.000029
1786 0.000015
1787 0.000023
1788 0.000008
1789 0.000004
1790 0.000010
1791 0.000020
1792 0.000033
1793 0.000024
1794 0.000014
1795 0.000017
1796 0.000013
1797 0.000014
1798 0.000012
1799 0.000027
1800 0.000014
1801 0.000011
1802 0.000020
1803 0.000022
1804 0.000015
1805 0.000013
1806 0.000017
1807 0.000010
1808 0.000026
1809 0.000017
1810 0.000007
1811 0.000004
1812 0.000004
1813 0.000014
1814 0.000019
1815 0.000014
1816 0.000009
1817 0.000011
1818 0.000015
1819 0.000020
1820 0.000036
1821 0.000019
1822 0.000011
1823 0.000012
1824 0.000024
1825 0.000016
1826 0.000011
1827 0.000013
1828 0.000023
1829 0.000031
1830 0.000030
1831 0.000011
1832 0.000009
1833 0.000021
1834 0.000026
1835 0.000010
1836 0.000006
1837 0.000011
1838 0.000016
1839 0.000016
1840 0.000034
1841 0.000030
1842 0.000047
1843 0.000043
1844 0.000021
1845 0.000040
1846 0.000021
1847 0.000019
1848 0.000026
1849 0.000013
1850 0.000015
1851 0.000017
1852 0.000026
1853 0.000016
1854 0.000011
1855 0.000019
1856 0.000029
1857 0.000023
1858 0.000018
1859 0.000036
1860 0.000035
1861 0.000029
1862 0.000018
1863 0.000042
1864 0.000025
1865 0.000048
1866 0.000020
1867 0.000027
1868 0.000019
1869 0.000015
1870 0.000012
1871 0.000018
1872 0.000013
1873 0.000015
1874 0.000014
1875 0.000018
1876 0.000011
1877 0.000017
1878 0.000013
1879 0.000010
1880 0.000016
1881 0.000018
1882 0.000015
1883 0.000019
1884 0.000016
1885 0.000005
1886 0.000028
1887 0.000028
1888 0.000016
1889 0.000020
1890 0.000007
1891 0.000010
1892 0.000013
1893 0.000023
1894 0.000018
1895 0.000016
1896 0.000014
1897 0.000027
1898 0.000026
1899 0.000029
1900 0.000019
1901 0.000010
1902 0.000011
1903 0.000018
1904 0.000015
1905 0.000018
1906 0.000024
1907 0.000018
1908 0.000013
1909 0.000024
1910 0.000017
1911 0.000010
1912 0.000009
1913 0.000007
1914 0.000025
1915 0.000010
1916 0.000009
1917 0.000015
1918 0.000017
1919 0.000023
1920 0.000028
1921 0.000035
1922 0.000016
1923 0.000009
1924 0.000024
1925 0.000028
1926 0.000010
1927 0.000022
1928 0.000015
1929 0.000020
1930 0.000029
1931 0.000030
1932 0.000014
1933 0.000019
1934 0.000024
1935 0.000030
1936 0.000018
1937 0.000018
1938 0.000026
1939 0.000026
1940 0.000021
1941 0.000017
1942 0.000014
1943 0.000020
1944 0.000032
1945 0.000025
1946 0.000029
1947 0.000020
1948 0.000031
1949 0.000067
1950 0.000022
1951 0.000012
1952 0.000006
1953 0.000011
1954 0.000010
1955 0.000014
1956 0.000006
1957 0.000021
1958 0.000046
1959 0.000040
1960 0.000040
1961 0.000031
1962 0.000021
1963 0.000019
1964 0.000014
1965 0.000011
1966 0.000012
1967 0.000016
1968 0.000013
1969 0.000009
1970 0.000015
1971 0.000022
1972 0.000033
1973 0.000014
1974 0.000034
1975 0.000028
1976 0.000018
1977 0.000014
1978 0.000022
1979 0.000022
1980 0.000016
1981 0.000018
1982 0.000014
1983 0.000014
1984 0.000005
1985 0.000010
1986 0.000011
1987 0.000045
1988 0.000023
1989 0.000031
1990 0.000018
1991 0.000015
1992 0.000006
1993 0.000026
1994 0.000023
1995 0.000031
1996 0.000049
1997 0.000032
1998 0.000010
1999 0.000007
2000 0.000011
2001 0.000029
2002 0.000019
2003 0.000019
2004 0.000023
2005 0.000032
2006 0.000014
2007 0.000005
2008 0.000007
2009 0.000022
2010 0.000015
2011 0.000018
2012 0.000021
2013 0.000020
2014 0.000029
2015 0.000025
2016 0.000016
2017 0.000029
2018 0.000019
2019 0.000007
2020 0.000013
2021 0.000031
2022 0.000025
2023 0.000051
2024 0.000025
2025 0.000026
2026 0.000007
2027 0.000017
2028 0.000017
2029 0.000011
2030 0.000008
2031 0.000017
2032 0.000011
2033 0.000011
2034 0.000010
2035 0.000041
2036 0.000017
2037 0.000041
2038 0.000036
2039 0.000046
2040 0.000029
2041 0.000015
2042 0.000006
2043 0.000012
2044 0.000011
2045 0.000012
2046 0.000018
2047 0.000020
2048 0.000018
2049 0.000025
2050 0.000012
2051 0.000011
2052 0.000019
2053 0.000021
2054 0.000008
2055 0.000007
2056 0.000011
2057 0.000017
2058 0.000009
2059 0.000007
2060 0.000012
2061 0.000018
2062 0.000021
2063 0.000016
2064 0.000024
2065 0.000023
2066 0.000022
2067 0.000030
2068 0.000027
2069 0.000026
2070 0.000026
2071 0.000038
2072 0.000022
2073 0.000030
2074 0.000015
2075 0.000006
2076 0.000023
2077 0.000039
2078 0.000024
2079 0.000010
2080 0.000020
2081 0.000023
2082 0.000013
2083 0.000017
2084 0.000036
2085 0.000035
2086 0.000033
2087 0.000029
2088 0.000021
2089 0.000035
2090 0.000029
2091 0.000018
2092 0.000042
2093 0.000031
2094 0.000013
2095 0.000019
2096 0.000011
2097 0.000014
2098 0.000009
2099 0.000012
2100 0.000021
2101 0.000019
2102 0.000027
2103 0.000026
2104 0.000031
2105 0.000020
2106 0.000009
2107 0.000015
2108 0.000007
2109 0.000008
2110 0.000006
2111 0.000025
2112 0.000014
2113 0.000018
2114 0.000018
2115 0.000020
2116 0.000010
2117 0.000014
2118 0.000010
2119 0.000005
2120 0.000017
2121 0.000035
2122 0.000039
2123 0.000048
2124 0.000032
2125 0.000020
2126 0.000020
2127 0.000028
2128 0.000021
2129 0.000027
2130 0.000027
2131 0.000011
2132 0.000023
2133 0.000013
2134 0.000007
2135 0.000006
2136 0.000017
2137 0.000020
2138 0.000027
2139 0.000028
2140 0.000019
2141 0.000014
2142 0.000019
2143 0.000019
2144 0.000008
2145 0.000022
2146 0.000015
2147 0.000008
2148 0.000010
2149 0.000024
2150 0.000024
2151 0.000023
2152 0.000008
2153 0.000022
2154 0.000025
2155 0.000026
2156 0.000015
2157 0.000015
2158 0.000016
2159 0.000011
2160 0.000006
2161 0.000020
2162 0.000042
2163 0.000032
2164 0.000014
2165 0.000032
2166 0.000022
2167 0.000024
2168 0.000006
2169 0.000011
2170 0.000015
2171 0.000035
2172 0.000040
2173 0.000028
2174 0.000018
2175 0.000034
2176 0.000031
2177 0.000021
2178 0.000007
2179 0.000015
2180 0.000017
2181 0.000031
2182 0.000016
2183 0.000015
2184 0.000011
2185 0.000026
2186 0.000021
2187 0.000018
2188 0.000017
2189 0.000034
2190 0.000017
2191 0.000013
2192 0.000020
2193 0.000038
2194 0.000022
2195 0.000026
2196 0.000042
2197 0.000038
2198 0.000036
2199 0.000044
2200 0.000024
2201 0.000023
2202 0.000026
2203 0.000014
2204 0.000022
2205 0.000013
2206 0.000010
2207 0.000023
2208 0.000015
2209 0.000023
2210 0.000033
2211 0.000024
2212 0.000015
2213 0.000009
2214 0.000018
2215 0.000010
2216 0.000026
2217 0.000030
2218 0.000016
2219 0.000021
2220 0.000017
2221 0.000012
2222 0.000010
2223 0.000012
2224 0.000005
2225 0.000016
2226 0.000016
2227 0.000030
2228 0.000022
2229 0.000015
2230 0.000038
2231 0.000020
2232 0.000012
2233 0.000025
2234 0.000018
2235 0.000011
2236 0.000016
2237 0.000019
2238 0.000008
2239 0.000011
2240 0.000028
2241 0.000019
2242 0.000039
2243 0.000034
2244 0.000031
2245 0.000016
2246 0.000018
2247 0.000015
2248 0.000020
2249 0.000035
2250 0.000026
2251 0.000017
2252 0.000022
2253 0.000008
2254 0.000014
2255 0.000009
2256 0.000024
2257 0.000025
2258 0.000016
2259 0.000010
2260 0.000017
2261 0.000021
2262 0.000025
2263 0.000031
2264 0.000012
2265 0.000013
2266 0.000009
2267 0.000007
2268 0.000009
2269 0.000009
2270 0.000023
2271 0.000056
2272 0.000035
2273 0.000017
2274 0.000015
2275 0.000020
2276 0.000020
2277 0.000007
2278 0.000032
2279 0.000017
2280 0.000020
2281 0.000025
2282 0.000040
2283 0.000015
2284 0.000025
2285 0.000047
2286 0.000057
2287 0.000033
2288 0.000019
2289 0.000024
2290 0.000010
2291 0.000014
2292 0.000009
2293 0.000021
2294 0.000034
2295 0.000019
2296 0.000024
2297 0.000019
2298 0.000020
2299 0.000006
2300 0.000014
2301 0.000018
2302 0.000018
2303 0.000025
2304 0.000026
2305 0.000011
2306 0.000009
2307 0.000006
2308 0.000015
2309 0.000024
2310 0.000028
2311 0.000017
2312 0.000022
2313 0.000019
2314 0.000011
2315 0.000014
2316 0.000010
2317 0.000016
2318 0.000027
2319 0.000008
2320 0.000006
2321 0.000014
2322 0.000030
2323 0.000023
2324 0.000038
2325 0.000033
2326 0.000020
2327 0.000020
2328 0.000011
2329 0.000017
2330 0.000011
2331 0.000029
2332 0.000028
2333 0.000012
2334 0.000010
2335 0.000026
2336 0.000021
2337 0.000032
2338 0.000025
2339 0.000037
2340 0.000016
2341 0.000019
2342 0.000024
2343 0.000035
2344 0.000036
2345 0.000022
2346 0.000008
2347 0.000011
2348 0.000022
2349 0.000035
2350 0.000033
2351 0.000017
2352 0.000007
2353 0.000014
2354 0.000007
2355 0.000038
2356 0.000029
2357 0.000027
2358 0.000023
2359 0.000011
2360 0.000012
2361 0.000018
2362 0.000013
2363 0.000013
2364 0.000016
2365 0.000017
2366 0.000027
2367 0.000023
2368 0.000021
2369 0.000017
2370 0.000035
2371 0.000028
2372 0.000020
2373 0.000018
2374 0.000011
2375 0.000021
2376 0.000013
2377 0.000011
2378 0.000020
2379 0.000042
2380 0.000032
2381 0.000030
2382 0.000022
2383 0.000017
2384 0.000010
2385 0.000007
2386 0.000015
2387 0.000010
2388 0.000010
2389 0.000007
2390 0.000008
2391 0.000009
2392 0.000029
2393 0.000026
2394 0.000018
2395 0.000027
2396 0.000023
2397 0.000023
2398 0.000012
2399 0.000008
2400 0.000009
2401 0.000013
2402 0.000036
2403 0.000040
2404 0.000020
2405 0.000015
2406 0.000020
2407 0.000019
2408 0.000013
2409 0.000014
2410 0.000011
2411 0.000014
2412 0.000023
2413 0.000023
2414 0.000028
2415 0.000020
2416 0.000025
2417 0.000030
2418 0.000014
2419 0.000007
2420 0.000012
2421 0.000035
2422 0.000024
2423 0.000010
2424 0.000008
2425 0.000005
2426 0.000008
2427 0.000019
2428 0.000014
2429 0.000012
2430 0.000013
2431 0.000042
2432 0.000026
2433 0.000024
2434 0.000014
2435 0.000035
2436 0.000041
2437 0.000019
2438 0.000011
2439 0.000011
2440 0.000019
2441 0.000025
2442 0.000007
2443 0.000013
2444 0.000029
2445 0.000018
2446 0.000014
2447 0.000021
2448 0.000014
2449 0.000014
2450 0.000022
2451 0.000019
2452 0.000017
2453 0.000008
2454 0.000014
2455 0.000013
2456 0.000009
2457 0.000011
2458 0.000013
2459 0.000009
2460 0.000008
2461 0.000029
2462 0.000019
2463 0.000006
2464 0.000004
2465 0.000028
2466 0.000009
2467 0.000012
2468 0.000022
2469 0.000013
2470 0.000015
2471 0.000014
2472 0.000019
2473 0.000013
2474 0.000026
2475 0.000034
2476 0.000024
2477 0.000014
2478 0.000009
2479 0.000015
2480 0.000023
2481 0.000014
2482 0.000009
2483 0.000021
2484 0.000022
2485 0.000031
2486 0.000016
2487 0.000016
2488 0.000020
2489 0.000017
2490 0.000031
2491 0.000022
2492 0.000042
2493 0.000023
2494 0.000015
2495 0.000018
2496 0.000029
2497 0.000019
2498 0.000018
2499 0.000011
2500 0.000008
2501 0.000015
2502 0.000018
2503 0.000019
2504 0.000018
2505 0.000008
2506 0.000017
2507 0.000015
2508 0.000020
2509 0.000016
2510 0.000009
2511 0.000012
2512 0.000007
2513 0.000018
2514 0.000020
2515 0.000012
2516 0.000018
2517 0.000045
2518 0.000036
2519 0.000043
2520 0.000015
2521 0.000023
2522 0.000016
2523 0.000018
2524 0.000017
2525 0.000026
2526 0.000035
2527 0.000013
2528 0.000018
2529 0.000037
2530 0.000020
2531 0.000029
2532 0.000028
2533 0.000014
2534 0.000011
2535 0.000005
2536 0.000006
2537 0.000052
2538 0.000031
2539 0.000019
2540 0.000019
2541 0.000013
2542 0.000011
2543 0.000014
2544 0.000023
2545 0.000023
2546 0.000018
2547 0.000031
2548 0.000018
2549 0.000014
2550 0.000018
2551 0.000019
2552 0.000017
2553 0.000008
2554 0.000024
2555 0.000012
2556 0.000028
2557 0.000019
2558 0.000020
2559 0.000024
2560 0.000048
2561 0.000024
2562 0.000032
2563 0.000010
2564 0.000017
2565 0.000009
2566 0.000009
2567 0.000006
2568 0.000007
2569 0.000005
2570 0.000005
2571 0.000019
2572 0.000016
2573 0.000008
2574 0.000007
2575 0.000018
2576 0.000024
2577 0.000011
2578 0.000012
2579 0.000020
2580 0.000012
2581 0.000017
2582 0.000018
2583 0.000020
2584 0.000022
2585 0.000025
2586 0.000022
2587 0.000009
2588 0.000011
2589 0.000010
2590 0.000008
2591 0.000011
2592 0.000020
2593 0.000028
2594 0.000032
2595 0.000024
2596 0.000019
2597 0.000022
2598 0.000014
2599 0.000018
2600 0.000016
2601 0.000019
2602 0.000007
2603 0.000016
2604 0.000010
2605 0.000009
2606 0.000021
2607 0.000039
2608 0.000017
2609 0.000035
2610 0.000033
2611 0.000021
2612 0.000034
2613 0.000017
2614 0.000008
2615 0.000018
2616 0.000018
2617 0.000023
2618 0.000018
2619 0.000026
2620 0.000021
2621 0.000026
2622 0.000036
2623 0.000018
2624 0.000012
2625 0.000022
2626 0.000027
2627 0.000026
2628 0.000023
2629 0.000033
2630 0.000042
2631 0.000034
2632 0.000013
2633 0.000017
2634 0.000009
2635 0.000030
2636 0.000051
2637 0.000025
2638 0.000022
2639 0.000008
2640 0.000016
2641 0.000027
2642 0.000016
2643 0.000029
2644 0.000032
2645 0.000024
2646 0.000012
2647 0.000023
2648 0.000012
2649 0.000014
2650 0.000031
2651 0.000030
2652 0.000019
2653 0.000033
2654 0.000010
2655 0.000016
2656 0.000028
2657 0.000022
2658 0.000015
2659 0.000021
2660 0.000012
2661 0.000025
2662 0.000023
2663 0.000031
2664 0.000010
2665 0.000009
2666 0.000009
2667 0.000013
2668 0.000009
2669 0.000013
2670 0.000036
2671 0.000012
2672 0.000008
2673 0.000015
2674 0.000022
2675 0.000014
2676 0.000013
2677 0.000009
2678 0.000007
2679 0.000008
2680 0.000015
2681 0.000026
2682 0.000020
2683 0.000013
2684 0.000009
2685 0.000023
2686 0.000038
2687 0.000018
2688 0.000021
2689 0.000023
2690 0.000014
2691 0.000011
2692 0.000005
2693 0.000015
2694 0.000010
2695 0.000025
2696 0.000020
2697 0.000043
2698 0.000040
2699 0.000054
2700 0.000041
2701 0.000031
2702 0.000016
2703 0.000020
2704 0.000018
2705 0.000009
2706 0.000005
2707 0.000010
2708 0.000035
2709 0.000020
2710 0.000022
2711 0.000010
2712 0.000015
2713 0.000008
2714 0.000039
2715 0.000024
2716 0.000022
2717 0.000014
2718 0.000011
2719 0.000016
2720 0.000023
2721 0.000015
2722 0.000033
2723 0.000013
2724 0.000008
2725 0.000006
2726 0.000018
2727 0.000021
2728 0.000015
2729 0.000010
2730 0.000007
2731 0.000022
2732 0.000010
2733 0.000008
2734 0.000013
2735 0.000010
2736 0.000015
2737 0.000019
2738 0.000008
2739 0.000009
2740 0.000017
2741 0.000035
2742 0.000023
2743 0.000026
2744 0.000025
2745 0.000021
2746 0.000014
2747 0.000010
2748 0.000007
2749 0.000018
2750 0.000022
2751 0.000028
2752 0.000021
2753 0.000023
2754 0.000023
2755 0.000009
2756 0.000018
2757 0.000010
2758 0.000013
2759 0.000019
2760 0.000018
2761 0.000020
2762 0.000016
2763 0.000022
2764 0.000029
2765 0.000022
2766 0.000013
2767 0.000017
2768 0.000026
2769 0.000016
2770 0.000014
2771 0.000011
2772 0.000012
2773 0.000020
2774 0.000011
2775 0.000007
2776 0.000009
2777 0.000023
2778 0.000025
2779 0.000047
2780 0.000051
2781 0.000052
2782 0.000021
2783 0.000029
2784 0.000019
2785 0.000015
2786 0.000007
2787 0.000009
2788 0.000022
2789 0.000029
2790 0.000043
2791 0.000026
2792 0.000029
2793 0.000030
2794 0.000012
2795 0.000018
2796 0.000018
2797 0.000044
2798 0.000038
2799 0.000023
2800 0.000009
2801 0.000020
2802 0.000023
2803 0.000016
2804 0.000013
2805 0.000027
2806 0.000015
2807 0.000025
2808 0.000033
2809 0.000033
2810 0.000037
2811 0.000019
2812 0.000020
2813 0.000011
2814 0.000013
2815 0.000025
2816 0.000032
2817 0.000016
2818 0.000010
2819 0.000018
2820 0.000012
2821 0.000017
2822 0.000031
2823 0.000063
2824 0.000051
2825 0.000053
2826 0.000064
2827 0.000025
2828 0.000040
2829 0.000019
2830 0.000023
2831 0.000009
2832 0.000025
2833 0.000007
2834 0.000015
2835 0.000009
2836 0.000016
2837 0.000035
2838 0.000018
2839 0.000018
2840 0.000034
2841 0.000032
2842 0.000014
2843 0.000040
2844 0.000023
2845 0.000020
2846 0.000011
2847 0.000018
2848 0.000022
2849 0.000023
2850 0.000008
2851 0.000005
2852 0.000005
2853 0.000008
2854 0.000007
2855 0.000010
2856 0.000017
2857 0.000014
2858 0.000011
2859 0.000015
2860 0.000018
2861 0.000017
2862 0.000011
2863 0.000035
2864 0.000016
2865 0.000013
2866 0.000016
2867 0.000018
2868 0.000042
2869 0.000017
2870 0.000046
2871 0.000022
2872 0.000034
2873 0.000029
2874 0.000033
2875 0.000041
2876 0.000019
2877 0.000013
2878 0.000029
2879 0.000030
2880 0.000014
2881 0.000015
2882 0.000016
2883 0.000018
2884 0.000019
2885 0.000015
2886 0.000019
2887 0.000016
2888 0.000017
2889 0.000008
2890 0.000017
2891 0.000010
2892 0.000030
2893 0.000016
2894 0.000025
2895 0.000010
2896 0.000006
2897 0.000021
2898 0.000043
2899 0.000032
2900 0.000031
2901 0.000053
2902 0.000028
2903 0.000015
2904 0.000022
2905 0.000017
2906 0.000016
2907 0.000020
2908 0.000010
2909 0.000010
2910 0.000015
2911 0.000048
2912 0.000020
2913 0.000009
2914 0.000012
2915 0.000029
2916 0.000017
2917 0.000010
2918 0.000014
2919 0.000007
2920 0.000009
2921 0.000022
2922 0.000028
2923 0.000035
2924 0.000016
2925 0.000043
2926 0.000017
2927 0.000011
2928 0.000018
2929 0.000018
2930 0.000017
2931 0.000020
2932 0.000020
2933 0.000022
2934 0.000023
2935 0.000030
2936 0.000018
2937 0.000016
2938 0.000011
2939 0.000006
2940 0.000035
2941 0.000038
2942 0.000014
2943 0.000012
2944 0.000040
2945 0.000037
2946 0.000042
2947 0.000021
2948 0.000007
2949 0.000005
2950 0.000008
2951 0.000008
2952 0.000015
2953 0.000018
2954 0.000039
2955 0.000054
2956 0.000028
2957 0.000015
2958 0.000009
2959 0.000015
2960 0.000017
2961 0.000031
2962 0.000030
2963 0.000026
2964 0.000014
2965 0.000022
2966 0.000025
2967 0.000014
2968 0.000010
2969 0.000013
2970 0.000018
2971 0.000006
2972 0.000011
2973 0.000029
2974 0.000037
2975 0.000019
2976 0.000021
2977 0.000039
2978 0.000035
2979 0.000012
2980 0.000038
2981 0.000009
2982 0.000007
2983 0.000010
2984 0.000010
2985 0.000018
2986 0.000018
2987 0.000048
2988 0.000038
2989 0.000030
2990 0.000011
2991 0.000014
2992 0.000030
2993 0.000032
2994 0.000021
2995 0.000025
2996 0.000008
2997 0.000006
2998 0.000010
2999 0.000025
3000 0.000038
3001 0.000019
3002 0.000015
3003 0.000019
3004 0.000011
3005 0.000012
3006 0.000016
3007 0.000011
3008 0.000027
3009 0.000049
3010 0.000033
3011 0.000018
3012 0.000034
3013 0.000027
3014 0.000027
3015 0.000016
3016 0.000026
3017 0.000030
3018 0.000044
3019 0.000015
3020 0.000033
3021 0.000022
3022 0.000035
3023 0.000019
3024 0.000029
3025 0.000032
3026 0.000029
3027 0.000011
3028 0.000008
3029 0.000019
3030 0.000012
3031 0.000020
3032 0.000023
3033 0.000018
3034 0.000005
3035 0.000014
3036 0.000014
3037 0.000009
3038 0.000011
3039 0.000014
3040 0.000008
3041 0.000005
3042 0.000012
3043 0.000023
3044 0.000020
3045 0.000015
3046 0.000009
3047 0.000014
3048 0.000028
3049 0.000024
3050 0.000013
3051 0.000030
3052 0.000033
3053 0.000026
3054 0.000022
3055 0.000006
3056 0.000006
3057 0.000010
3058 0.000011
3059 0.000010
3060 0.000016
3061 0.000018
3062 0.000015
3063 0.000011
3064 0.000019
3065 0.000015
3066 0.000027
3067 0.000011
3068 0.000019
3069 0.000013
3070 0.000020
3071 0.000026
3072 0.000014
3073 0.000017
3074 0.000023
3075 0.000016
3076 0.000032
3077 0.000031
3078 0.000025
3079 0.000042
3080 0.000053
3081 0.000026
3082 0.000015
3083 0.000016
3084 0.000018
3085 0.000023
3086 0.000025
3087 0.000039
3088 0.000046
3089 0.000023
3090 0.000013
3091 0.000012
3092 0.000006
3093 0.000033
3094 0.000027
3095 0.000016
3096 0.000016
3097 0.000023
3098 0.000006
3099 0.000011
3100 0.000026
3101 0.000017
3102 0.000017
3103 0.000022
3104 0.000024
3105 0.000013
3106 0.000018
3107 0.000014
3108 0.000007
3109 0.000004
3110 0.000010
3111 0.000012
3112 0.000036
3113 0.000023
3114 0.000012
3115 0.000017
3116 0.000022
3117 0.000022
3118 0.000016
3119 0.000019
3120 0.000017
3121 0.000012
3122 0.000029
3123 0.000024
3124 0.000014
3125 0.000021
3126 0.000025
3127 0.000031
3128 0.000029
3129 0.000039
3130 0.000027
3131 0.000031
3132 0.000017
3133 0.000015
3134 0.000056
3135 0.000035
3136 0.000013
3137 0.000009
3138 0.000005
3139 0.000037
3140 0.000017
3141 0.000009
3142 0.000010
3143 0.000018
3144 0.000022
3145 0.000022
3146 0.000012
3147 0.000023
3148 0.000022
3149 0.000031
3150 0.000018
3151 0.000017
3152 0.000020
3153 0.000025
3154 0.000016
3155 0.000008
3156 0.000015
3157 0.000014
3158 0.000005
3159 0.000004
3160 0.000006
3161 0.000011
3162 0.000012
3163 0.000017
3164 0.000010
3165 0.000013
3166 0.000009
3167 0.000007
3168 0.000016
3169 0.000032
3170 0.000023
3171 0.000021
3172 0.000040
3173 0.000033
3174 0.000055
3175 0.000015
3176 0.000029
3177 0.000014
3178 0.000032
3179 0.000029
3180 0.000015
3181 0.000015
3182 0.000010
3183 0.000016
3184 0.000017
3185 0.000018
3186 0.000007
3187 0.000015
3188 0.000016
3189 0.000010
3190 0.000007
3191 0.000006
3192 0.000006
3193 0.000005
3194 0.000036
3195 0.000027
3196 0.000016
3197 0.000013
3198 0.000019
3199 0.000031
3200 0.000013
3201 0.000010
3202 0.000009
3203 0.000019
3204 0.000019
3205 0.000029
3206 0.000024
3207 0.000022
3208 0.000012
3209 0.000025
3210 0.000019
3211 0.000014
3212 0.000016
3213 0.000012
3214 0.000015
3215 0.000008
3216 0.000020
3217 0.000022
3218 0.000024
3219 0.000010
3220 0.000010
3221 0.000016
3222 0.000015
3223 0.000012
3224 0.000015
3225 0.000007
3226 0.000016
3227 0.000028
3228 0.000011
3229 0.000021
3230 0.000024
3231 0.000038
3232 0.000048
3233 0.000026
3234 0.000039
3235 0.000014
3236 0.000018
3237 0.000016
3238 0.000017
3239 0.000008
3240 0.000006
3241 0.000018
3242 0.000015
3243 0.000015
3244 0.000006
3245 0.000005
3246 0.000008
3247 0.000027
3248 0.000035
3249 0.000018
3250 0.000022
3251 0.000028
3252 0.000017
3253 0.000007
3254 0.000026
3255 0.000022
3256 0.000019
3257 0.000024
3258 0.000008
3259 0.000019
3260 0.000008
3261 0.000033
3262 0.000028
3263 0.000039
3264 0.000018
3265 0.000025
3266 0.000010
3267 0.000010
3268 0.000007
3269 0.000023
3270 0.000018
3271 0.000017
3272 0.000022
3273 0.000025
3274 0.000017
3275 0.000020
3276 0.000009
3277 0.000015
3278 0.000013
3279 0.000020
3280 0.000012
3281 0.000008
3282 0.000006
3283 0.000014
3284 0.000023
3285 0.000023
3286 0.000016
3287 0.000009
3288 0.000017
3289 0.000015
3290 0.000018
3291 0.000030
3292 0.000016
3293 0.000006
3294 0.000033
3295 0.000023
3296 0.000015
3297 0.000024
3298 0.000020
3299 0.000027
3300 0.000022
3301 0.000030
3302 0.000041
3303 0.000021
3304 0.000007
3305 0.000012
3306 0.000021
3307 0.000025
3308 0.000014
3309 0.000006
3310 0.000022
3311 0.000021
3312 0.000017
3313 0.000018
3314 0.000011
3315 0.000008
3316 0.000022
3317 0.000021
3318 0.000041
3319 0.000039
3320 0.000018
3321 0.000036
3322 0.000026
3323 0.000023
3324 0.000009
3325 0.000016
3326 0.000012
3327 0.000011
3328 0.000029
3329 0.000011
3330 0.000015
3331 0.000009
3332 0.000013
3333 0.000014
3334 0.000023
3335 0.000024
3336 0.000013
3337 0.000030
3338 0.000030
3339 0.000019
3340 0.000021
3341 0.000019
3342 0.000013
3343 0.000010
3344 0.000009
3345 0.000013
3346 0.000017
3347 0.000006
3348 0.000015
3349 0.000016
3350 0.000035
3351 0.000040
3352 0.000037
3353 0.000019
3354 0.000014
3355 0.000017
3356 0.000023
3357 0.000027
3358 0.000028
3359 0.000034
3360 0.000022
3361 0.000021
3362 0.000022
3363 0.000026
3364 0.000040
3365 0.000018
3366 0.000043
3367 0.000019
3368 0.000026
3369 0.000016
3370 0.000034
3371 0.000013
3372 0.000014
3373 0.000019
3374 0.000016
3375 0.000024
3376 0.000008
3377 0.000016
3378 0.000022
3379 0.000021
3380 0.000022
3381 0.000012
3382 0.000013
3383 0.000027
3384 0.000011
3385 0.000012
3386 0.000016
3387 0.000007
3388 0.000019
3389 0.000024
3390 0.000035
3391 0.000032
3392 0.000032
3393 0.000018
3394 0.000012
3395 0.000015
3396 0.000021
3397 0.000044
3398 0.000012
3399 0.000033
3400 0.000029
3401 0.000019
3402 0.000047
3403 0.000043
3404 0.000012
3405 0.000013
3406 0.000022
3407 0.000016
3408 0.000015
3409 0.000015
3410 0.000024
3411 0.000032
3412 0.000036
3413 0.000033
3414 0.000034
3415 0.000028
3416 0.000041
3417 0.000017
3418 0.000010
3419 0.000045
3420 0.000057
3421 0.000030
3422 0.000025
3423 0.000020
3424 0.000029
3425 0.000032
3426 0.000010
3427 0.000027
3428 0.000021
3429 0.000021
3430 0.000011
3431 0.000008
3432 0.000024
3433 0.000023
3434 0.000033
3435 0.000021
3436 0.000017
3437 0.000035
3438 0.000022
3439 0.000024
3440 0.000016
3441 0.000012
3442 0.000009
3443 0.000011
3444 0.000013
3445 0.000011
3446 0.000008
3447 0.000019
3448 0.000016
3449 0.000044
3450 0.000054
3451 0.000026
3452 0.000022
3453 0.000021
3454 0.000015
3455 0.000015
3456 0.000035
3457 0.000015
3458 0.000017
3459 0.000007
3460 0.000006
3461 0.000007
3462 0.000010
3463 0.000018
3464 0.000008
3465 0.000018
3466 0.000005
3467 0.000022
3468 0.000013
3469 0.000006
3470 0.000010
3471 0.000034
3472 0.000013
3473 0.000008
3474 0.000021
3475 0.000021
3476 0.000032
3477 0.000008
3478 0.000013
3479 0.000035
3480 0.000036
3481 0.000042
3482 0.000028
3483 0.000016
3484 0.000023
3485 0.000019
3486 0.000031
3487 0.000007
3488 0.000007
3489 0.000005
3490 0.000013
3491 0.000023
3492 0.000038
3493 0.000053
3494 0.000027
3495 0.000033
3496 0.000022
3497 0.000028
3498 0.000014
3499 0.000050
3500 0.000020
3501 0.000026
3502 0.000020
3503 0.000021
3504 0.000031
3505 0.000019
3506 0.000017
3507 0.000013
3508 0.000023
3509 0.000014
3510 0.000018
3511 0.000029
3512 0.000023
3513 0.000032
3514 0.000053
3515 0.000033
3516 0.000020
3517 0.000022
3518 0.000028
3519 0.000013
3520 0.000007
3521 0.000017
3522 0.000014
3523 0.000010
3524 0.000016
3525 0.000036
3526 0.000015
3527 0.000025
3528 0.000015
3529 0.000007
3530 0.000017
3531 0.000030
3532 0.000013
3533 0.000017
3534 0.000006
3535 0.000019
3536 0.000010
3537 0.000017
3538 0.000015
3539 0.000008
3540 0.000016
3541 0.000013
3542 0.000022
3543 0.000010
3544 0.000005
3545 0.000015
3546 0.000011
3547 0.000011
3548 0.000014
3549 0.000014
3550 0.000012
3551 0.000005
3552 0.000018
3553 0.000026
3554 0.000032
3555 0.000018
3556 0.000018
3557 0.000013
3558 0.000013
3559 0.000034
3560 0.000029
3561 0.000023
3562 0.000026
3563 0.000020
3564 0.000025
3565 0.000007
3566 0.000005
3567 0.000007
3568 0.000036
3569 0.000015
3570 0.000048
3571 0.000040
3572 0.000019
3573 0.000029
3574 0.000032
3575 0.000032
3576 0.000026
3577 0.000018
3578 0.000039
3579 0.000014
3580 0.000018
3581 0.000025
3582 0.000013
3583 0.000013
3584 0.000007
3585 0.000016
3586 0.000034
3587 0.000017
3588 0.000012
3589 0.000014
3590 0.000031
3591 0.000020
3592 0.000011
3593 0.000008
3594 0.000027
3595 0.000014
3596 0.000015
3597 0.000011
3598 0.000022
3599 0.000025
3600 0.000026
3601 0.000055
3602 0.000033
3603 0.000024
3604 0.000024
3605 0.000013
3606 0.000009
3607 0.000004
3608 0.000009
3609 0.000013
3610 0.000006
3611 0.000004
3612 0.000018
3613 0.000012
3614 0.000014
3615 0.000012
3616 0.000008
3617 0.000010
3618 0.000021
3619 0.000009
3620 0.000007
3621 0.000017
3622 0.000032
3623 0.000036
3624 0.000017
3625 0.000035
3626 0.000030
3627 0.000013
3628 0.000017
3629 0.000025
3630 0.000007
3631 0.000012
3632 0.000028
3633 0.000015
3634 0.000007
3635 0.000027
3636 0.000026
3637 0.000021
3638 0.000021
3639 0.000012
3640 0.000011
3641 0.000020
3642 0.000017
3643 0.000013
3644 0.000033
3645 0.000040
3646 0.000037
3647 0.000042
3648 0.000021
3649 0.000018
3650 0.000026
3651 0.000014
3652 0.000035
3653 0.000013
3654 0.000016
3655 0.000056
3656 0.000019
3657 0.000018
3658 0.000028
3659 0.000029
3660 0.000019
3661 0.000022
3662 0.000020
3663 0.000020
3664 0.000024
3665 0.000016
3666 0.000033
3667 0.000041
3668 0.000015
3669 0.000030
3670 0.000026
3671 0.000019
3672 0.000020
3673 0.000014
3674 0.000032
3675 0.000017
3676 0.000028
3677 0.000015
3678 0.000026
3679 0.000035
3680 0.000022
3681 0.000025
3682 0.000021
3683 0.000022
3684 0.000009
3685 0.000020
3686 0.000022
3687 0.000026
3688 0.000025
3689 0.000020
3690 0.000019
3691 0.000028
3692 0.000011
3693 0.000027
3694 0.000030
3695 0.000010
3696 0.000023
3697 0.000024
3698 0.000030
3699 0.000040
3700 0.000025
3701 0.000031
3702 0.000033
3703 0.000039
3704 0.000024
3705 0.000025
3706 0.000012
3707 0.000008
3708 0.000014
3709 0.000033
3710 0.000043
3711 0.000029
3712 0.000018
3713 0.000022
3714 0.000016
3715 0.000010
3716 0.000015
3717 0.000013
3718 0.000012
3719 0.000006
3720 0.000007
3721 0.000025
3722 0.000036
3723 0.000021
3724 0.000016
3725 0.000010
3726 0.000017
3727 0.000012
3728 0.000015
3729 0.000011
3730 0.000021
3731 0.000012
3732 0.000007
3733 0.000024
3734 0.000019
3735 0.000010
3736 0.000033
3737 0.000016
3738 0.000016
3739 0.000011
3740 0.000017
3741 0.000032
3742 0.000034
3743 0.000025
3744 0.000010
3745 0.000017
3746 0.000030
3747 0.000021
3748 0.000040
3749 0.000020
3750 0.000011
3751 0.000027
3752 0.000021
3753 0.000013
3754 0.000013
3755 0.000019
3756 0.000038
3757 0.000011
3758 0.000009
3759 0.000010
3760 0.000018
3761 0.000011
3762 0.000026
3763 0.000014
3764 0.000020
3765 0.000039
3766 0.000033
3767 0.000017
3768 0.000036
3769 0.000027
3770 0.000011
3771 0.000012
3772 0.000015
3773 0.000023
3774 0.000045
3775 0.000029
3776 0.000021
3777 0.000028
3778 0.000024
3779 0.000019
3780 0.000033
3781 0.000014
3782 0.000017
3783 0.000022
3784 0.000016
3785 0.000012
3786 0.000013
3787 0.000016
3788 0.000014
3789 0.000021
3790 0.000028
3791 0.000016
3792 0.000018
3793 0.000027
3794 0.000030
3795 0.000010
3796 0.000015
3797 0.000039
3798 0.000023
3799 0.000009
3800 0.000008
3801 0.000015
3802 0.000049
3803 0.000024
3804 0.000042
3805 0.000026
3806 0.000014
3807 0.000019
3808 0.000019
3809 0.000012
3810 0.000013
3811 0.000020
3812 0.000015
3813 0.000024
3814 0.000021
3815 0.000022
3816 0.000010
3817 0.000019
3818 0.000021
3819 0.000016
3820 0.000013
3821 0.000017
3822 0.000026
3823 0.000025
3824 0.000011
3825 0.000008
3826 0.000005
3827 0.000006
3828 0.000028
3829 0.000020
3830 0.000020
3831 0.000028
3832 0.000021
3833 0.000028
3834 0.000022
3835 0.000019
3836 0.000016
3837 0.000012
3838 0.000020
3839 0.000009
3840 0.000021
3841 0.000012
3842 0.000021
3843 0.000009
3844 0.000021
3845 0.000014
3846 0.000020
3847 0.000045
3848 0.000040
3849 0.000014
3850 0.000008
3851 0.000005
3852 0.000004
3853 0.000019
3854 0.000026
3855 0.000041
3856 0.000024
3857 0.000016
3858 0.000018
3859 0.000007
3860 0.000004
3861 0.000024
3862 0.000024
3863 0.000022
3864 0.000012
3865 0.000013
3866 0.000021
3867 0.000030
3868 0.000019
3869 0.000008
3870 0.000014
3871 0.000007
3872 0.000012
3873 0.000041
3874 0.000049
3875 0.000049
3876 0.000024
3877 0.000011
3878 0.000008
3879 0.000029
3880 0.000022
3881 0.000016
3882 0.000028
3883 0.000009
3884 0.000012
3885 0.000022
3886 0.000019
3887 0.000032
3888 0.000042
3889 0.000038
3890 0.000025
3891 0.000024
3892 0.000029
3893 0.000035
3894 0.000019
3895 0.000016
3896 0.000047
3897 0.000020
3898 0.000037
3899 0.000015
3900 0.000012
3901 0.000026
3902 0.000009
3903 0.000013
3904 0.000017
3905 0.000033
3906 0.000035
3907 0.000024
3908 0.000011
3909 0.000024
3910 0.000028
3911 0.000017
3912 0.000016
3913 0.000012
3914 0.000005
3915 0.000025
3916 0.000028
3917 0.000028
3918 0.000017
3919 0.000030
3920 0.000018
3921 0.000024
3922 0.000034
3923 0.000012
3924 0.000013
3925 0.000011
3926 0.000031
3927 0.000021
3928 0.000035
3929 0.000034
3930 0.000022
3931 0.000020
3932 0.000020
3933 0.000011
3934 0.000016
3935 0.000027
3936 0.000020
3937 0.000026
3938 0.000026
3939 0.000024
3940 0.000015
3941 0.000033
3942 0.000017
3943 0.000011
3944 0.000024
3945 0.000022
3946 0.000037
3947 0.000037
3948 0.000022
3949 0.000021
3950 0.000020
3951 0.000023
3952 0.000019
3953 0.000008
3954 0.000017
3955 0.000014
3956 0.000017
3957 0.000022
3958 0.000033
3959 0.000036
3960 0.000025
3961 0.000039
3962 0.000050
3963 0.000036
3964 0.000023
3965 0.000033
3966 0.000010
3967 0.000006
3968 0.000005
3969 0.000032
3970 0.000024
3971 0.000023
3972 0.000027
3973 0.000012
3974 0.000005
3975 0.000021
3976 0.000023
3977 0.000018
3978 0.000013
3979 0.000031
3980 0.000037
3981 0.000018
3982 0.000024
3983 0.000038
3984 0.000024
3985 0.000031
3986 0.000032
3987 0.000012
3988 0.000026
3989 0.000017
3990 0.000029
3991 0.000018
3992 0.000008
3993 0.000018
3994 0.000016
3995 0.000025
3996 0.000017
3997 0.000016
3998 0.000027
3999 0.000018
4000 0.000016
4001 0.000006
4002 0.000021
4003 0.000011
4004 0.000013
4005 0.000022
4006 0.000028
4007 0.000015
4008 0.000050
4009 0.000027
4010 0.000008
4011 0.000006
4012 0.000016
4013 0.000019
4014 0.000020
4015 0.000034
4016 0.000028
4017 0.000009
4018 0.000006
4019 0.000004
4020 0.000007
4021 0.000011
4022 0.000009
4023 0.000011
4024 0.000033
4025 0.000014
4026 0.000014
4027 0.000033
4028 0.000026
4029 0.000022
4030 0.000021
4031 0.000030
4032 0.000016
4033 0.000016
4034 0.000020
4035 0.000035
4036 0.000031
4037 0.000039
4038 0.000020
4039 0.000006
4040 0.000040
4041 0.000024
4042 0.000031
4043 0.000018
4044 0.000011
4045 0.000015
4046 0.000016
4047 0.000008
4048 0.000004
4049 0.000034
4050 0.000026
4051 0.000012
4052 0.000033
4053 0.000026
4054 0.000011
4055 0.000008
4056 0.000021
4057 0.000023
4058 0.000020
4059 0.000033
4060 0.000030
4061 0.000043
4062 0.000021
4063 0.000018
4064 0.000009
4065 0.000020
4066 0.000030
4067 0.000012
4068 0.000027
4069 0.000011
4070 0.000008
4071 0.000008
4072 0.000004
4073 0.000005
4074 0.000012
4075 0.000018
4076 0.000017
4077 0.000021
4078 0.000030
4079 0.000031
4080 0.000022
4081 0.000028
4082 0.000015
4083 0.000013
4084 0.000020
4085 0.000013
4086 0.000016
4087 0.000028
4088 0.000019
4089 0.000014
4090 0.000024
4091 0.000010
4092 0.000007
4093 0.000016
4094 0.000013
4095 0.000019
4096 0.000032
4097 0.000012
4098 0.000020
4099 0.000024
4100 0.000027
4101 0.000014
4102 0.000034
4103 0.000048
4104 0.000019
4105 0.000015
4106 0.000009
4107 0.000011
4108 0.000007
4109 0.000017
4110 0.000010
4111 0.000009
4112 0.000027
4113 0.000010
4114 0.000020
4115 0.000020
4116 0.000021
4117 0.000027
4118 0.000034
4119 0.000024
4120 0.000017
4121 0.000014
4122 0.000012
4123 0.000013
4124 0.000017
4125 0.000015
4126 0.000013
4127 0.000019
4128 0.000028
4129 0.000022
4130 0.000040
4131 0.000040
4132 0.000047
4133 0.000014
4134 0.000013
4135 0.000013
4136 0.000022
4137 0.000012
4138 0.000010
4139 0.000026
4140 0.000019
4141 0.000026
4142 0.000013
4143 0.000030
4144 0.000012
4145 0.000012
4146 0.000019
4147 0.000016
4148 0.000028
4149 0.000019
4150 0.000015
4151 0.000015
4152 0.000013
4153 0.000010
4154 0.000007
4155 0.000016
4156 0.000016
4157 0.000017
4158 0.000029
4159 0.000032
4160 0.000025
4161 0.000030
4162 0.000033
4163 0.000029
4164 0.000024
4165 0.000014
4166 0.000023
4167 0.000024
4168 0.000006
4169 0.000012
4170 0.000016
4171 0.000024
4172 0.000025
4173 0.000022
4174 0.000020
4175 0.000016
4176 0.000022
4177 0.000050
4178 0.000024
4179 0.000019
4180 0.000011
4181 0.000010
4182 0.000011
4183 0.000012
4184 0.000032
4185 0.000024
4186 0.000024
4187 0.000013
4188 0.000022
4189 0.000019
4190 0.000012
4191 0.000016
4192 0.000020
4193 0.000027
4194 0.000022
4195 0.000021
4196 0.000021
4197 0.000031
4198 0.000028
4199 0.000014
4200 0.000023
4201 0.000010
4202 0.000025
4203 0.000022
4204 0.000016
4205 0.000017
4206 0.000009
4207 0.000006
4208 0.000009
4209 0.000019
4210 0.000016
4211 0.000018
4212 0.000012
4213 0.000026
4214 0.000039
4215 0.000026
4216 0.000017
4217 0.000010
4218 0.000009
4219 0.000007
4220 0.000014
4221 0.000028
4222 0.000029
4223 0.000026
4224 0.000023
4225 0.000011
4226 0.000005
4227 0.000029
4228 0.000019
4229 0.000006
4230 0.000010
4231 0.000031
4232 0.000020
4233 0.000018
4234 0.000027
4235 0.000018
4236 0.000025
4237 0.000019
4238 0.000025
4239 0.000011
4240 0.000027
4241 0.000009
4242 0.000008
4243 0.000031
4244 0.000012
4245 0.000020
4246 0.000011
4247 0.000010
4248 0.000020
4249 0.000032
4250 0.000030
4251 0.000036
4252 0.000032
4253 0.000008
4254 0.000015
4255 0.000029
4256 0.000033
4257 0.000012
4258 0.000014
4259 0.000025
4260 0.000016
4261 0.000010
4262 0.000019
4263 0.000025
4264 0.000026
4265 0.000040
4266 0.000044
4267 0.000012
4268 0.000020
4269 0.000015
4270 0.000016
4271 0.000020
4272 0.000021
4273 0.000017
4274 0.000008
4275 0.000012
4276 0.000006
4277 0.000012
4278 0.000006
4279 0.000014
4280 0.000008
4281 0.000013
4282 0.000019
4283 0.000022
4284 0.000018
4285 0.000023
4286 0.000015
4287 0.000020
4288 0.000014
4289 0.000020
4290 0.000013
4291 0.000026
4292 0.000020
4293 0.000024
4294 0.000030
4295 0.000019
4296 0.000008
4297 0.000012
4298 0.000007
4299 0.000009
4300 0.000016
4301 0.000016
4302 0.000024
4303 0.000019
4304 0.000021
4305 0.000033
4306 0.000025
4307 0.000021
4308 0.000016
4309 0.000011
4310 0.000012
4311 0.000013
4312 0.000022
4313 0.000029
4314 0.000015
4315 0.000019
4316 0.000012
4317 0.000022
4318 0.000010
4319 0.000016
4320 0.000016
4321 0.000020
4322 0.000019
4323 0.000016
4324 0.000025
4325 0.000014
4326 0.000024
4327 0.000051
4328 0.000019
4329 0.000015
4330 0.000031
4331 0.000030
4332 0.000015
4333 0.000015
4334 0.000021
4335 0.000039
4336 0.000014
4337 0.000007
4338 0.000007
4339 0.000022
4340 0.000008
4341 0.000035
4342 0.000024
4343 0.000014
4344 0.000023
4345 0.000018
4346 0.000022
4347 0.000020
4348 0.000021
4349 0.000023
4350 0.000042
4351 0.000027
4352 0.000013
4353 0.000017
4354 0.000010
4355 0.000010
4356 0.000005
4357 0.000027
4358 0.000022
4359 0.000009
4360 0.000021
4361 0.000014
4362 0.000018
4363 0.000019
4364 0.000013
4365 0.000019
4366 0.000013
4367 0.000008
4368 0.000011
4369 0.000010
4370 0.000010
4371 0.000010
4372 0.000021
4373 0.000026
4374 0.000010
4375 0.000034
4376 0.000033
4377 0.000013
4378 0.000007
4379 0.000026
4380 0.000010
4381 0.000023
4382 0.000036
4383 0.000027
4384 0.000009
4385 0.000012
4386 0.000009
4387 0.000018
4388 0.000008
4389 0.000015
4390 0.000024
4391 0.000017
4392 0.000019
4393 0.000023
4394 0.000017
4395 0.000013
4396 0.000008
4397 0.000039
4398 0.000019
4399 0.000012
4400 0.000016
4401 0.000034
4402 0.000034
4403 0.000022
4404 0.000018
4405 0.000016
4406 0.000020
4407 0.000013
4408 0.000012
4409 0.000015
4410 0.000032
4411 0.000008
4412 0.000013
4413 0.000027
4414 0.000020
4415 0.000015
4416 0.000005
4417 0.000018
4418 0.000013
4419 0.000020
4420 0.000028
4421 0.000015
4422 0.000009
4423 0.000007
4424 0.000006
4425 0.000015
4426 0.000010
4427 0.000013
4428 0.000031
4429 0.000014
4430 0.000019
4431 0.000038
4432 0.000058
4433 0.000045
4434 0.000034
4435 0.000015
4436 0.000026
4437 0.000026
4438 0.000025
4439 0.000019
4440 0.000011
4441 0.000021
4442 0.000020
4443 0.000023
4444 0.000028
4445 0.000015
4446 0.000009
4447 0.000017
4448 0.000017
4449 0.000013
4450 0.000012
4451 0.000017
4452 0.000020
4453 0.000020
4454 0.000019
4455 0.000015
4456 0.000027
4457 0.000022
4458 0.000021
4459 0.000035
4460 0.000010
4461 0.000010
4462 0.000018
4463 0.000015
4464 0.000012
4465 0.000027
4466 0.000033
4467 0.000012
4468 0.000032
4469 0.000044
4470 0.000021
4471 0.000012
4472 0.000028
4473 0.000029
4474 0.000036
4475 0.000031
4476 0.000021
4477 0.000014
4478 0.000011
4479 0.000014
4480 0.000018
4481 0.000024
4482 0.000011
4483 0.000005
4484 0.000012
4485 0.000022
4486 0.000025
4487 0.000029
4488 0.000024
4489 0.000022
4490 0.000026
4491 0.000035
4492 0.000011
4493 0.000019
4494 0.000020
4495 0.000017
4496 0.000033
4497 0.000017
4498 0.000011
4499 0.000018
4500 0.000022
4501 0.000016
4502 0.000023
4503 0.000023
4504 0.000048
4505 0.000032
4506 0.000012
4507 0.000008
4508 0.000006
4509 0.000006
4510 0.000006
4511 0.000020
4512 0.000023
4513 0.000013
4514 0.000023
4515 0.000025
4516 0.000010
4517 0.000029
4518 0.000022
4519 0.000015
4520 0.000025
4521 0.000017
4522 0.000014
4523 0.000022
4524 0.000013
4525 0.000007
4526 0.000010
4527 0.000019
4528 0.000009
4529 0.000015
4530 0.000017
4531 0.000027
4532 0.000032
4533 0.000014
4534 0.000020
4535 0.000020
4536 0.000029
4537 0.000027
4538 0.000025
4539 0.000036
4540 0.000051
4541 0.000022
4542 0.000017
4543 0.000012
4544 0.000028
4545 0.000019
4546 0.000022
4547 0.000017
4548 0.000014
4549 0.000018
4550 0.000019
4551 0.000016
4552 0.000016
4553 0.000019
4554 0.000022
4555 0.000022
4556 0.000022
4557 0.000009
4558 0.000029
4559 0.000010
4560 0.000010
4561 0.000018
4562 0.000021
4563 0.000012
4564 0.000021
4565 0.000020
4566 0.000015
4567 0.000024
4568 0.000019
4569 0.000015
4570 0.000006
4571 0.000013
4572 0.000016
4573 0.000014
4574 0.000023
4575 0.000038
4576 0.000035
4577 0.000011
4578 0.000014
4579 0.000014
4580 0.000035
4581 0.000020
4582 0.000007
4583 0.000017
4584 0.000005
4585 0.000008
4586 0.000022
4587 0.000035
4588 0.000037
4589 0.000022
4590 0.000022
4591 0.000019
4592 0.000012
4593 0.000005
4594 0.000009
4595 0.000019
4596 0.000015
4597 0.000009
4598 0.000039
4599 0.000014
4600 0.000012
4601 0.000018
4602 0.000018
4603 0.000024
4604 0.000037
4605 0.000030
4606 0.000012
4607 0.000006
4608 0.000011
4609 0.000023
4610 0.000010
4611 0.000016
4612 0.000029
4613 0.000026
4614 0.000038
4615 0.000031
4616 0.000024
4617 0.000015
4618 0.000037
4619 0.000019
4620 0.000025
4621 0.000023
4622 0.000042
4623 0.000025
4624 0.000024
4625 0.000013
4626 0.000037
4627 0.000014
4628 0.000017
4629 0.000010
4630 0.000017
4631 0.000025
4632 0.000021
4633 0.000022
4634 0.000053
4635 0.000054
4636 0.000034
4637 0.000008
4638 0.000006
4639 0.000010
4640 0.000009
4641 0.000022
4642 0.000027
4643 0.000014
4644 0.000025
4645 0.000024
4646 0.000017
4647 0.000047
4648 0.000016
4649 0.000023
4650 0.000015
4651 0.000029
4652 0.000023
4653 0.000024
4654 0.000008
4655 0.000017
4656 0.000010
4657 0.000027
4658 0.000035
4659 0.000059
4660 0.000022
4661 0.000014
4662 0.000018
4663 0.000019
4664 0.000006
4665 0.000028
4666 0.000018
4667 0.000008
4668 0.000005
4669 0.000007
4670 0.000011
4671 0.000008
4672 0.000022
4673 0.000018
4674 0.000010
4675 0.000024
4676 0.000036
4677 0.000024
4678 0.000009
4679 0.000014
4680 0.000012
4681 0.000007
4682 0.000025
4683 0.000028
4684 0.000021
4685 0.000023
4686 0.000030
4687 0.000033
4688 0.000012
4689 0.000015
4690 0.000020
4691 0.000025
4692 0.000016
4693 0.000008
4694 0.000010
4695 0.000006
4696 0.000020
4697 0.000011
4698 0.000020
4699 0.000024
4700 0.000023
4701 0.000028
4702 0.000021
4703 0.000013
4704 0.000008
4705 0.000016
4706 0.000015
4707 0.000018
4708 0.000023
4709 0.000026
4710 0.000010
4711 0.000012
4712 0.000008
4713 0.000009
4714 0.000020
4715 0.000036
4716 0.000034
4717 0.000027
4718 0.000019
4719 0.000022
4720 0.000030
4721 0.000009
4722 0.000014
4723 0.000010
4724 0.000008
4725 0.000029
4726 0.000023
4727 0.000027
4728 0.000028
4729 0.000019
4730 0.000028
4731 0.000017
4732 0.000026
4733 0.000008
4734 0.000012
4735 0.000012
4736 0.000042
4737 0.000014
4738 0.000016
4739 0.000012
4740 0.000028
4741 0.000017
4742 0.000025
4743 0.000019
4744 0.000012
4745 0.000008
4746 0.000027
4747 0.000027
4748 0.000017
4749 0.000028
4750 0.000017
4751 0.000022
4752 0.000012
4753 0.000029
4754 0.000021
4755 0.000009
4756 0.000008
4757 0.000006
4758 0.000004
4759 0.000012
4760 0.000015
4761 0.000025
4762 0.000028
4763 0.000030
4764 0.000043
4765 0.000024
4766 0.000027
4767 0.000042
4768 0.000023
4769 0.000025
4770 0.000008
4771 0.000004
4772 0.000020
4773 0.000020
4774 0.000013
4775 0.000013
4776 0.000009
4777 0.000008
4778 0.000006
4779 0.000024
4780 0.000011
4781 0.000011
4782 0.000015
4783 0.000008
4784 0.000014
4785 0.000019
4786 0.000020
4787 0.000043
4788 0.000018
4789 0.000026
4790 0.000029
4791 0.000025
4792 0.000021
4793 0.000015
4794 0.000010
4795 0.000024
4796 0.000017
4797 0.000023
4798 0.000042
4799 0.000022
4800 0.000012
4801 0.000033
4802 0.000028
4803 0.000053
4804 0.000021
4805 0.000029
4806 0.000017
4807 0.000024
4808 0.000016
4809 0.000022
4810 0.000018
4811 0.000007
4812 0.000019
4813 0.000017
4814 0.000020
4815 0.000024
4816 0.000015
4817 0.000010
4818 0.000007
4819 0.000009
4820 0.000010
4821 0.000019
4822 0.000015
4823 0.000020
4824 0.000007
4825 0.000037
4826 0.000025
4827 0.000027
4828 0.000044
4829 0.000044
4830 0.000036
4831 0.000043
4832 0.000057
4833 0.000022
4834 0.000014
4835 0.000005
4836 0.000019
4837 0.000014
4838 0.000017
4839 0.000022
4840 0.000015
4841 0.000040
4842 0.000050
4843 0.000034
4844 0.000028
4845 0.000022
4846 0.000030
4847 0.000009
4848 0.000016
4849 0.000010
4850 0.000031
4851 0.000017
4852 0.000021
4853 0.000030
4854 0.000025
4855 0.000028
4856 0.000016
4857 0.000012
4858 0.000024
4859 0.000011
4860 0.000013
4861 0.000017
4862 0.000038
4863 0.000021
4864 0.000008
4865 0.000025
4866 0.000028
4867 0.000022
4868 0.000012
4869 0.000026
4870 0.000039
4871 0.000048
4872 0.000030
4873 0.000025
4874 0.000016
4875 0.000012
4876 0.000011
4877 0.000032
4878 0.000039
4879 0.000016
4880 0.000018
4881 0.000030
4882 0.000045
4883 0.000036
4884 0.000023
4885 0.000024
4886 0.000012
4887 0.000057
4888 0.000032
4889 0.000026
4890 0.000020
4891 0.000013
4892 0.000007
4893 0.000009
4894 0.000010
4895 0.000007
4896 0.000010
4897 0.000012
4898 0.000011
4899 0.000017
4900 0.000008
4901 0.000007
4902 0.000006
4903 0.000014
4904 0.000026
4905 0.000050
4906 0.000020
4907 0.000024
4908 0.000013
4909 0.000022
4910 0.000016
4911 0.000038
4912 0.000035
4913 0.000018
4914 0.000026
4915 0.000028
4916 0.000020
4917 0.000017
4918 0.000023
4919 0.000026
4920 0.000019
4921 0.000022
4922 0.000009
4923 0.000016
4924 0.000042
4925 0.000017
4926 0.000028
4927 0.000014
4928 0.000031
4929 0.000018
4930 0.000017
4931 0.000014
4932 0.000028
4933 0.000012
4934 0.000026
4935 0.000023
4936 0.000018
4937 0.000021
4938 0.000008
4939 0.000018
4940 0.000024
4941 0.000014
4942 0.000014
4943 0.000022
4944 0.000032
4945 0.000032
4946 0.000055
4947 0.000038
4948 0.000009
4949 0.000011
4950 0.000006
4951 0.000008
4952 0.000012
4953 0.000014
4954 0.000015
4955 0.000016
4956 0.000015
4957 0.000019
4958 0.000006
4959 0.000028
4960 0.000027
4961 0.000018
4962 0.000028
4963 0.000013
4964 0.000015
4965 0.000014
4966 0.000020
4967 0.000011
4968 0.000008
4969 0.000020
4970 0.000025
4971 0.000038
4972 0.000057
4973 0.000030
4974 0.000034
4975 0.000016
4976 0.000014
4977 0.000006
4978 0.000044
4979 0.000029
4980 0.000021
4981 0.000036
4982 0.000037
4983 0.000020
4984 0.000011
4985 0.000011
4986 0.000023
4987 0.000027
4988 0.000043
4989 0.000031
4990 0.000025
4991 0.000027
4992 0.000023
4993 0.000021
4994 0.000009
4995 0.000005
4996 0.000026
4997 0.000018
4998 0.000023
4999 0.000026
5000 0.000027
5001 0.000018
5002 0.000008
5003 0.000011
5004 0.000020
5005 0.000038
5006 0.000035
5007 0.000027
5008 0.000029
5009 0.000033
5010 0.000022
5011 0.000008
5012 0.000014
5013 0.000009
5014 0.000017
5015 0.000027
5016 0.000021
5017 0.000025
5018 0.000017
5019 0.000033
5020 0.000020
5021 0.000030
5022 0.000021
5023 0.000014
5024 0.000014
5025 0.000026
5026 0.000037
5027 0.000023
5028 0.000017
5029 0.000021
5030 0.000012
5031 0.000012
5032 0.000016
5033 0.000022
5034 0.000048
5035 0.000035
5036 0.000026
5037 0.000023
5038 0.000022
5039 0.000016
5040 0.000020
5041 0.000009
5042 0.000014
5043 0.000018
5044 0.000017
5045 0.000044
5046 0.000016
5047 0.000017
5048 0.000014
5049 0.000008
5050 0.000023
5051 0.000036
5052 0.000018
5053 0.000021
5054 0.000016
5055 0.000026
5056 0.000018
5057 0.000017
5058 0.000008
5059 0.000012
5060 0.000018
5061 0.000014
5062 0.000007
5063 0.000016
5064 0.000025
5065 0.000013
5066 0.000012
5067 0.000023
5068 0.000016
5069 0.000027
5070 0.000029
5071 0.000019
5072 0.000006
5073 0.000024
5074 0.000023
5075 0.000009
5076 0.000015
5077 0.000025
5078 0.000024
5079 0.000027
5080 0.000017
5081 0.000029
5082 0.000015
5083 0.000026
5084 0.000019
5085 0.000013
5086 0.000007
5087 0.000012
5088 0.000014
5089 0.000008
5090 0.000008
5091 0.000012
5092 0.000018
5093 0.000022
5094 0.000026
5095 0.000009
5096 0.000021
5097 0.000017
5098 0.000027
5099 0.000021
5100 0.000024
5101 0.000035
5102 0.000035
5103 0.000027
5104 0.000028
5105 0.000019
5106 0.000008
5107 0.000017
5108 0.000023
5109 0.000018
5110 0.000020
5111 0.000021
5112 0.000011
5113 0.000014
5114 0.000010
5115 0.000018
5116 0.000019
5117 0.000011
5118 0.000005
5119 0.000013
5120 0.000018
5121 0.000014
5122 0.000008
5123 0.000014
5124 0.000018
5125 0.000019
5126 0.000011
5127 0.000012
5128 0.000008
5129 0.000011
5130 0.000015
5131 0.000024
5132 0.000010
5133 0.000008
5134 0.000032
5135 0.000012
5136 0.000006
5137 0.000020
5138 0.000026
5139 0.000019
5140 0.000018
5141 0.000021
5142 0.000009
5143 0.000027
5144 0.000013
5145 0.000040
5146 0.000018
5147 0.000015
5148 0.000021
5149 0.000009
5150 0.000006
5151 0.000026
5152 0.000013
5153 0.000007
5154 0.000021
5155 0.000016
5156 0.000008
5157 0.000034
5158 0.000020
5159 0.000012
5160 0.000024
5161 0.000050
5162 0.000025
5163 0.000019
5164 0.000011
5165 0.000025
5166 0.000011
5167 0.000016
5168 0.000015
5169 0.000014
5170 0.000009
5171 0.000007
5172 0.000006
5173 0.000021
5174 0.000013
5175 0.000016
5176 0.000014
5177 0.000009
5178 0.000020
5179 0.000013
5180 0.000008
5181 0.000017
5182 0.000010
5183 0.000016
5184 0.000017
5185 0.000015
5186 0.000029
5187 0.000011
5188 0.000012
5189 0.000018
5190 0.000013
5191 0.000005
5192 0.000014
5193 0.000018
5194 0.000021
5195 0.000031
5196 0.000031
5197 0.000016
5198 0.000014
5199 0.000018
5200 0.000010
5201 0.000006
5202 0.000015
5203 0.000015
5204 0.000015
5205 0.000016
5206 0.000010
5207 0.000014
5208 0.000020
5209 0.000015
5210 0.000020
5211 0.000016
5212 0.000018
5213 0.000027
5214 0.000017
5215 0.000008
5216 0.000017
5217 0.000006
5218 0.000007
5219 0.000017
5220 0.000015
5221 0.000011
5222 0.000015
5223 0.000031
5224 0.000030
5225 0.000026
5226 0.000032
5227 0.000012
5228 0.000010
5229 0.000025
5230 0.000038
5231 0.000014
5232 0.000015
5233 0.000024
5234 0.000010
5235 0.000025
5236 0.000022
5237 0.000019
5238 0.000050
5239 0.000017
5240 0.000023
5241 0.000053
5242 0.000042
5243 0.000028
5244 0.000023
5245 0.000014
5246 0.000023
5247 0.000023
5248 0.000035
5249 0.000023
5250 0.000043
5251 0.000052
5252 0.000026
5253 0.000013
5254 0.000029
5255 0.000016
5256 0.000022
5257 0.000017
5258 0.000010
5259 0.000026
5260 0.000019
5261 0.000021
5262 0.000023
5263 0.000019
5264 0.000010
5265 0.000023
5266 0.000018
5267 0.000025
5268 0.000027
5269 0.000023
5270 0.000026
5271 0.000020
5272 0.000014
5273 0.000021
5274 0.000010
5275 0.000014
5276 0.000023
5277 0.000032
5278 0.000017
5279 0.000012
5280 0.000006
5281 0.000011
5282 0.000021
5283 0.000020
5284 0.000016
5285 0.000008
5286 0.000012
5287 0.000015
5288 0.000024
5289 0.000062
5290 0.000036
5291 0.000024
5292 0.000024
5293 0.000034
5294 0.000022
5295 0.000017
5296 0.000016
5297 0.000008
5298 0.000012
5299 0.000008
5300 0.000032
5301 0.000036
5302 0.000027
5303 0.000022
5304 0.000019
5305 0.000027
5306 0.000023
5307 0.000029
5308 0.000028
5309 0.000028
5310 0.000033
5311 0.000027
5312 0.000026
5313 0.000014
5314 0.000009
5315 0.000014
5316 0.000013
5317 0.000012
5318 0.000011
5319 0.000016
5320 0.000014
5321 0.000009
5322 0.000020
5323 0.000019
5324 0.000014
5325 0.000022
5326 0.000012
5327 0.000018
5328 0.000018
5329 0.000033
5330 0.000024
5331 0.000010
5332 0.000011
5333 0.000011
5334 0.000011
5335 0.000026
5336 0.000027
5337 0.000012
5338 0.000014
5339 0.000012
5340 0.000008
5341 0.000010
5342 0.000010
5343 0.000013
5344 0.000019
5345 0.000011
5346 0.000014
5347 0.000011
5348 0.000005
5349 0.000004
5350 0.000007
5351 0.000006
5352 0.000007
5353 0.000025
5354 0.000012
5355 0.000031
5356 0.000007
5357 0.000006
5358 0.000013
5359 0.000015
5360 0.000012
5361 0.000015
5362 0.000014
5363 0.000016
5364 0.000028
5365 0.000038
5366 0.000016
5367 0.000010
5368 0.000014
5369 0.000019
5370 0.000022
5371 0.000021
5372 0.000031
5373 0.000015
5374 0.000019
5375 0.000015
5376 0.000014
5377 0.000006
5378 0.000010
5379 0.000023
5380 0.000016
5381 0.000021
5382 0.000022
5383 0.000025
5384 0.000018
5385 0.000022
5386 0.000019
5387 0.000024
5388 0.000027
5389 0.000009
5390 0.000022
5391 0.000009
5392 0.000026
5393 0.000033
5394 0.000028
5395 0.000029
5396 0.000014
5397 0.000016
5398 0.000025
5399 0.000015
5400 0.000012
5401 0.000016
5402 0.000034
5403 0.000038
5404 0.000054
5405 0.000031
5406 0.000022
5407 0.000037
5408 0.000019
5409 0.000007
5410 0.000011
5411 0.000016
5412 0.000030
5413 0.000015
5414 0.000016
5415 0.000008
5416 0.000011
5417 0.000014
5418 0.000022
5419 0.000011
5420 0.000006
5421 0.000004
5422 0.000033
5423 0.000012
5424 0.000020
5425 0.000019
5426 0.000011
5427 0.000024
5428 0.000030
5429 0.000029
5430 0.000014
5431 0.000018
5432 0.000012
5433 0.000008
5434 0.000008
5435 0.000026
5436 0.000010
5437 0.000023
5438 0.000029
5439 0.000012
5440 0.000023
5441 0.000011
5442 0.000008
5443 0.000008
5444 0.000020
5445 0.000005
5446 0.000012
5447 0.000034
5448 0.000039
5449 0.000025
5450 0.000026
5451 0.000027
5452 0.000029
5453 0.000017
5454 0.000010
5455 0.000010
5456 0.000017
5457 0.000035
5458 0.000035
5459 0.000028
5460 0.000016
5461 0.000015
5462 0.000011
5463 0.000014
5464 0.000007
5465 0.000028
5466 0.000053
5467 0.000026
5468 0.000021
5469 0.000012
5470 0.000017
5471 0.000029
5472 0.000011
5473 0.000030
5474 0.000033
5475 0.000017
5476 0.000026
5477 0.000016
5478 0.000013
5479 0.000044
5480 0.000014
5481 0.000015
5482 0.000016
5483 0.000030
5484 0.000021
5485 0.000047
5486 0.000035
5487 0.000021
5488 0.000028
5489 0.000012
5490 0.000020
5491 0.000035
5492 0.000022
5493 0.000009
5494 0.000027
5495 0.000022
5496 0.000026
5497 0.000014
5498 0.000027
5499 0.000020
5500 0.000011
5501 0.000019
5502 0.000011
5503 0.000015
5504 0.000026
5505 0.000028
5506 0.000040
5507 0.000025
5508 0.000016
5509 0.000024
5510 0.000016
5511 0.000017
5512 0.000009
5513 0.000009
5514 0.000015
5515 0.000019
5516 0.000014
5517 0.000030
5518 0.000016
5519 0.000018
5520 0.000033
5521 0.000064
5522 0.000017
5523 0.000008
5524 0.000015
5525 0.000044
5526 0.000033
5527 0.000027
5528 0.000031
5529 0.000033
5530 0.000024
5531 0.000019
5532 0.000011
5533 0.000013
5534 0.000007
5535 0.000020
5536 0.000033
5537 0.000026
5538 0.000044
5539 0.000038
5540 0.000032
5541 0.000038
5542 0.000025
5543 0.000022
5544 0.000032
5545 0.000016
5546 0.000012
5547 0.000021
5548 0.000028
5549 0.000017
5550 0.000018
5551 0.000009
5552 0.000014
5553 0.000017
5554 0.000014
5555 0.000023
5556 0.000029
5557 0.000019
5558 0.000022
5559 0.000035
5560 0.000033
5561 0.000040
5562 0.000037
5563 0.000023
5564 0.000029
5565 0.000021
5566 0.000031
5567 0.000034
5568 0.000018
5569 0.000017
5570 0.000014
5571 0.000027
5572 0.000013
5573 0.000018
5574 0.000008
5575 0.000010
5576 0.000022
5577 0.000043
5578 0.000035
5579 0.000036
5580 0.000033
5581 0.000034
5582 0.000018
5583 0.000012
5584 0.000018
5585 0.000028
5586 0.000029
5587 0.000027
5588 0.000014
5589 0.000021
5590 0.000009
5591 0.000010
5592 0.000007
5593 0.000006
5594 0.000016
5595 0.000011
5596 0.000019
5597 0.000029
5598 0.000009
5599 0.000017
5600 0.000008
5601 0.000008
5602 0.000017
5603 0.000008
5604 0.000025
5605 0.000029
5606 0.000031
5607 0.000037
5608 0.000021
5609 0.000027
5610 0.000019
5611 0.000019
5612 0.000025
5613 0.000007
5614 0.000022
5615 0.000009
5616 0.000036
5617 0.000038
5618 0.000025
5619 0.000030
5620 0.000018
5621 0.000022
5622 0.000036
5623 0.000014
5624 0.000020
5625 0.000021
5626 0.000012
5627 0.000023
5628 0.000030
5629 0.000022
5630 0.000027
5631 0.000075
5632 0.000019
5633 0.000021
5634 0.000030
5635 0.000017
5636 0.000013
5637 0.000008
5638 0.000011
5639 0.000017
5640 0.000025
5641 0.000008
5642 0.000009
5643 0.000009
5644 0.000025
5645 0.000016
5646 0.000008
5647 0.000016
5648 0.000017
5649 0.000039
5650 0.000040
5651 0.000024
5652 0.000018
5653 0.000011
5654 0.000015
5655 0.000037
5656 0.000031
5657 0.000013
5658 0.000025
5659 0.000044
5660 0.000025
5661 0.000017
5662 0.000018
5663 0.000025
5664 0.000016
5665 0.000023
5666 0.000016
5667 0.000021
5668 0.000025
5669 0.000008
5670 0.000007
5671 0.000015
5672 0.000016
5673 0.000026
5674 0.000021
5675 0.000012
5676 0.000016
5677 0.000027
5678 0.000028
5679 0.000014
5680 0.000013
5681 0.000016
5682 0.000026
5683 0.000009
5684 0.000007
5685 0.000015
5686 0.000008
5687 0.000012
5688 0.000014
5689 0.000015
5690 0.000013
5691 0.000008
5692 0.000007
5693 0.000007
5694 0.000014
5695 0.000038
5696 0.000024
5697 0.000015
5698 0.000029
5699 0.000027
5700 0.000011
5701 0.000020
5702 0.000034
5703 0.000031
5704 0.000027
5705 0.000019
5706 0.000017
5707 0.000009
5708 0.000026
5709 0.000025
5710 0.000019
5711 0.000045
5712 0.000029
5713 0.000011
5714 0.000004
5715 0.000009
5716 0.000030
5717 0.000022
5718 0.000039
5719 0.000023
5720 0.000018
5721 0.000033
5722 0.000010
5723 0.000015
5724 0.000012
5725 0.000021
5726 0.000030
5727 0.000021
5728 0.000017
5729 0.000027
5730 0.000008
5731 0.000017
5732 0.000035
5733 0.000029
5734 0.000027
5735 0.000017
5736 0.000017
5737 0.000026
5738 0.000010
5739 0.000007
5740 0.000010
5741 0.000017
5742 0.000017
5743 0.000012
5744 0.000027
5745 0.000043
5746 0.000030
5747 0.000007
5748 0.000033
5749 0.000037
5750 0.000024
5751 0.000021
5752 0.000011
5753 0.000020
5754 0.000019
5755 0.000022
5756 0.000022
5757 0.000030
5758 0.000017
5759 0.000018
5760 0.000013
5761 0.000009
5762 0.000015
5763 0.000015
5764 0.000007
5765 0.000015
5766 0.000007
5767 0.000011
5768 0.000005
5769 0.000012
5770 0.000012
5771 0.000005
5772 0.000028
5773 0.000037
5774 0.000045
5775 0.000070
5776 0.000033
5777 0.000015
5778 0.000006
5779 0.000008
5780 0.000034
5781 0.000020
5782 0.000022
5783 0.000021
5784 0.000009
5785 0.000010
5786 0.000028
5787 0.000011
5788 0.000006
5789 0.000006
5790 0.000022
5791 0.000020
5792 0.000019
5793 0.000014
5794 0.000019
5795 0.000017
5796 0.000018
5797 0.000014
5798 0.000011
5799 0.000010
5800 0.000009
5801 0.000006
5802 0.000018
5803 0.000033
5804 0.000020
5805 0.000014
5806 0.000016
5807 0.000013
5808 0.000035
5809 0.000036
5810 0.000021
5811 0.000016
5812 0.000007
5813 0.000013
5814 0.000012
5815 0.000018
5816 0.000025
5817 0.000027
5818 0.000019
5819 0.000034
5820 0.000017
5821 0.000013
5822 0.000016
5823 0.000007
5824 0.000009
5825 0.000012
5826 0.000024
5827 0.000037
5828 0.000042
5829 0.000044
5830 0.000023
5831 0.000014
5832 0.000009
5833 0.000018
5834 0.000036
5835 0.000018
5836 0.000008
5837 0.000025
5838 0.000029
5839 0.000011
5840 0.000023
5841 0.000019
5842 0.000012
5843 0.000018
5844 0.000016
5845 0.000018
5846 0.000026
5847 0.000021
5848 0.000016
5849 0.000030
5850 0.000032
5851 0.000022
5852 0.000034
5853 0.000027
5854 0.000016
5855 0.000011
5856 0.000012
5857 0.000006
5858 0.000010
5859 0.000016
5860 0.000039
5861 0.000025
5862 0.000022
5863 0.000025
5864 0.000007
5865 0.000010
5866 0.000014
5867 0.000013
5868 0.000013
5869 0.000012
5870 0.000031
5871 0.000012
5872 0.000010
5873 0.000010
5874 0.000005
5875 0.000025
5876 0.000016
5877 0.000014
5878 0.000012
5879 0.000019
5880 0.000020
5881 0.000035
5882 0.000018
5883 0.000044
5884 0.000026
5885 0.000045
5886 0.000038
5887 0.000028
5888 0.000018
5889 0.000008
5890 0.000007
5891 0.000011
5892 0.000026
5893 0.000028
5894 0.000018
5895 0.000011
5896 0.000011
5897 0.000014
5898 0.000030
5899 0.000022
5900 0.000011
5901 0.000020
5902 0.000014
5903 0.000014
5904 0.000029
5905 0.000019
5906 0.000015
5907 0.000016
5908 0.000015
5909 0.000022
5910 0.000016
5911 0.000009
5912 0.000021
5913 0.000030
5914 0.000014
5915 0.000015
5916 0.000026
5917 0.000020
5918 0.000051
5919 0.000026
5920 0.000017
5921 0.000020
5922 0.000011
5923 0.000025
5924 0.000019
5925 0.000029
5926 0.000047
5927 0.000038
5928 0.000022
5929 0.000029
5930 0.000037
5931 0.000023
5932 0.000023
5933 0.000024
5934 0.000037
5935 0.000033
5936 0.000010
5937 0.000016
5938 0.000010
5939 0.000011
5940 0.000026
5941 0.000042
5942 0.000029
5943 0.000034
5944 0.000008
5945 0.000012
5946 0.000023
5947 0.000032
5948 0.000023
5949 0.000033
5950 0.000031
5951 0.000012
5952 0.000021
5953 0.000024
5954 0.000026
5955 0.000018
5956 0.000018
5957 0.000029
5958 0.000025
5959 0.000027
5960 0.000021
5961 0.000012
5962 0.000005
5963 0.000018
5964 0.000028
5965 0.000028
5966 0.000014
5967 0.000027
5968 0.000022
5969 0.000018
5970 0.000019
5971 0.000015
5972 0.000012
5973 0.000014
5974 0.000017
5975 0.000013
5976 0.000019
5977 0.000011
5978 0.000012
5979 0.000009
5980 0.000007
5981 0.000011
5982 0.000019
5983 0.000011
5984 0.000021
5985 0.000007
5986 0.000032
5987 0.000016
5988 0.000015
5989 0.000016
5990 0.000009
5991 0.000012
5992 0.000022
5993 0.000012
5994 0.000007
5995 0.000008
5996 0.000005
5997 0.000028
5998 0.000011
5999 0.000005
6000 0.000012
6001 0.000010
6002 0.000015
6003 0.000021
6004 0.000019
6005 0.000011
6006 0.000022
6007 0.000016
6008 0.000009
6009 0.000016
6010 0.000010
6011 0.000020
6012 0.000014
6013 0.000012
6014 0.000026
6015 0.000010
6016 0.000007
6017 0.000005
6018 0.000013
6019 0.000005
6020 0.000006
6021 0.000015
6022 0.000015
6023 0.000008
6024 0.000014
6025 0.000015
6026 0.000022
6027 0.000016
6028 0.000011
6029 0.000006
6030 0.000022
6031 0.000014
6032 0.000012
6033 0.000012
6034 0.000014
6035 0.000026
6036 0.000031
6037 0.000032
6038 0.000015
6039 0.000018
6040 0.000014
6041 0.000030
6042 0.000048
6043 0.000036
6044 0.000011
6045 0.000014
6046 0.000021
6047 0.000019
6048 0.000018
6049 0.000025
6050 0.000015
6051 0.000013
6052 0.000011
6053 0.000005
6054 0.000016
6055 0.000011
6056 0.000012
6057 0.000024
6058 0.000019
6059 0.000011
6060 0.000009
6061 0.000027
6062 0.000017
6063 0.000023
6064 0.000053
6065 0.000037
6066 0.000018
6067 0.000008
6068 0.000006
6069 0.000017
6070 0.000010
6071 0.000006
6072 0.000019
6073 0.000034
6074 0.000016
6075 0.000015
6076 0.000007
6077 0.000032
6078 0.000017
6079 0.000023
6080 0.000024
6081 0.000013
6082 0.000024
6083 0.000023
6084 0.000012
6085 0.000025
6086 0.000043
6087 0.000037
6088 0.000039
6089 0.000024
6090 0.000029
6091 0.000019
6092 0.000030
6093 0.000011
6094 0.000020
6095 0.000011
6096 0.000013
6097 0.000006
6098 0.000016
6099 0.000013
6100 0.000038
6101 0.000016
6102 0.000020
6103 0.000025
6104 0.000020
6105 0.000016
6106 0.000027
6107 0.000026
6108 0.000016
6109 0.000032
6110 0.000021
6111 0.000010
6112 0.000013
6113 0.000014
6114 0.000012
6115 0.000018
6116 0.000027
6117 0.000026
6118 0.000025
6119 0.000034
6120 0.000081
6121 0.000021
6122 0.000030
6123 0.000014
6124 0.000012
6125 0.000020
6126 0.000029
6127 0.000009
6128 0.000014
6129 0.000045
6130 0.000027
6131 0.000035
6132 0.000010
6133 0.000007
6134 0.000010
6135 0.000020
6136 0.000028
6137 0.000023
6138 0.000010
6139 0.000028
6140 0.000017
6141 0.000023
6142 0.000026
6143 0.000034
6144 0.000010
6145 0.000005
6146 0.000016
6147 0.000010
6148 0.000045
6149 0.000012
6150 0.000013
6151 0.000010
6152 0.000015
6153 0.000026
6154 0.000012
6155 0.000039
6156 0.000048
6157 0.000040
6158 0.000012
6159 0.000020
6160 0.000015
6161 0.000029
6162 0.000024
6163 0.000023
6164 0.000023
6165 0.000019
6166 0.000026
6167 0.000013
6168 0.000008
6169 0.000018
6170 0.000020
6171 0.000040
6172 0.000020
6173 0.000027
6174 0.000026
6175 0.000026
6176 0.000013
6177 0.000019
6178 0.000007
6179 0.000016
6180 0.000027
6181 0.000039
6182 0.000016
6183 0.000020
6184 0.000019
6185 0.000025
6186 0.000016
6187 0.000006
6188 0.000019
6189 0.000006
6190 0.000014
6191 0.000015
6192 0.000029
6193 0.000039
6194 0.000045
6195 0.000021
6196 0.000023
6197 0.000021
6198 0.000036
6199 0.000027
6200 0.000034
6201 0.000017
6202 0.000030
6203 0.000016
6204 0.000034
6205 0.000027
6206 0.000037
6207 0.000032
6208 0.000021
6209 0.000015
6210 0.000018
6211 0.000014
6212 0.000023
6213 0.000024
6214 0.000037
6215 0.000015
6216 0.000018
6217 0.000010
6218 0.000020
6219 0.000014
6220 0.000036
6221 0.000023
6222 0.000018
6223 0.000035
6224 0.000032
6225 0.000022
6226 0.000015
6227 0.000012
6228 0.000008
6229 0.000024
6230 0.000010
6231 0.000023
6232 0.000021
6233 0.000028
6234 0.000039
6235 0.000031
6236 0.000042
6237 0.000060
6238 0.000042
6239 0.000015
6240 0.000009
6241 0.000013
6242 0.000011
6243 0.000022
6244 0.000025
6245 0.000037
6246 0.000029
6247 0.000025
6248 0.000014
6249 0.000009
6250 0.000021
6251 0.000044
6252 0.000028
6253 0.000039
6254 0.000014
6255 0.000022
6256 0.000041
6257 0.000015
6258 0.000018
6259 0.000049
6260 0.000017
6261 0.000011
6262 0.000011
6263 0.000009
6264 0.000019
6265 0.000036
6266 0.000013
6267 0.000023
6268 0.000008
6269 0.000012
6270 0.000020
6271 0.000044
6272 0.000015
6273 0.000016
6274 0.000025
6275 0.000020
6276 0.000033
6277 0.000034
6278 0.000032
6279 0.000011
6280 0.000013
6281 0.000022
6282 0.000037
6283 0.000036
6284 0.000021
6285 0.000021
6286 0.000020
6287 0.000020
6288 0.000012
6289 0.000011
6290 0.000005
6291 0.000019
6292 0.000011
6293 0.000013
6294 0.000029
6295 0.000026
6296 0.000030
6297 0.000036
6298 0.000022
6299 0.000027
6300 0.000014
6301 0.000005
6302 0.000010
6303 0.000007
6304 0.000020
6305 0.000017
6306 0.000008
6307 0.000017
6308 0.000008
6309 0.000023
6310 0.000031
6311 0.000026
6312 0.000017
6313 0.000024
6314 0.000019
6315 0.000007
6316 0.000021
6317 0.000010
6318 0.000021
6319 0.000014
6320 0.000009
6321 0.000022
6322 0.000013
6323 0.000006
6324 0.000032
6325 0.000008
6326 0.000031
6327 0.000021
6328 0.000019
6329 0.000021
6330 0.000022
6331 0.000008
6332 0.000019
6333 0.000048
6334 0.000017
6335 0.000036
6336 0.000038
6337 0.000027
6338 0.000015
6339 0.000008
6340 0.000019
6341 0.000011
6342 0.000022
6343 0.000021
6344 0.000016
6345 0.000015
6346 0.000010
6347 0.000012
6348 0.000014
6349 0.000014
6350 0.000021
6351 0.000017
6352 0.000008
6353 0.000035
6354 0.000020
6355 0.000026
6356 0.000021
6357 0.000019
6358 0.000026
6359 0.000015
6360 0.000020
6361 0.000024
6362 0.000018
6363 0.000021
6364 0.000019
6365 0.000006
6366 0.000009
6367 0.000005
6368 0.000007
6369 0.000006
6370 0.000013
6371 0.000019
6372 0.000022
6373 0.000009
6374 0.000013
6375 0.000027
6376 0.000019
6377 0.000030
6378 0.000018
6379 0.000008
6380 0.000033
6381 0.000010
6382 0.000013
6383 0.000016
6384 0.000027
6385 0.000017
6386 0.000022
6387 0.000016
6388 0.000028
6389 0.000030
6390 0.000022
6391 0.000021
6392 0.000029
6393 0.000020
6394 0.000016
6395 0.000012
6396 0.000015
6397 0.000024
6398 0.000006
6399 0.000025
6400 0.000030
6401 0.000019
6402 0.000026
6403 0.000021
6404 0.000021
6405 0.000018
6406 0.000011
6407 0.000018
6408 0.000007
6409 0.000012
6410 0.000014
6411 0.000021
6412 0.000014
6413 0.000009
6414 0.000016
6415 0.000017
6416 0.000014
6417 0.000006
6418 0.000014
6419 0.000010
6420 0.000019
6421 0.000030
6422 0.000016
6423 0.000028
6424 0.000024
6425 0.000019
6426 0.000026
6427 0.000025
6428 0.000014
6429 0.000024
6430 0.000018
6431 0.000008
6432 0.000023
6433 0.000020
6434 0.000011
6435 0.000015
6436 0.000011
6437 0.000012
6438 0.000024
6439 0.000033
6440 0.000017
6441 0.000021
6442 0.000012
6443 0.000032
6444 0.000022
6445 0.000016
6446 0.000021
6447 0.000036
6448 0.000009
6449 0.000010
6450 0.000021
6451 0.000020
6452 0.000030
6453 0.000046
6454 0.000032
6455 0.000017
6456 0.000022
6457 0.000020
6458 0.000027
6459 0.000028
6460 0.000015
6461 0.000009
6462 0.000020
6463 0.000021
6464 0.000012
6465 0.000009
6466 0.000025
6467 0.000023
6468 0.000007
6469 0.000006
6470 0.000021
6471 0.000019
6472 0.000025
6473 0.000020
6474 0.000020
6475 0.000011
6476 0.000029
6477 0.000032
6478 0.000014
6479 0.000014
6480 0.000027
6481 0.000025
6482 0.000029
6483 0.000013
6484 0.000014
6485 0.000018
6486 0.000015
6487 0.000019
6488 0.000017
6489 0.000016
6490 0.000014
6491 0.000016
6492 0.000007
6493 0.000016
6494 0.000022
6495 0.000023
6496 0.000013
6497 0.000011
6498 0.000005
6499 0.000015
6500 0.000008
6501 0.000008
6502 0.000015
6503 0.000007
6504 0.000017
6505 0.000026
6506 0.000014
6507 0.000028
6508 0.000028
6509 0.000024
6510 0.000017
6511 0.000021
6512 0.000023
6513 0.000029
6514 0.000021
6515 0.000023
6516 0.000021
6517 0.000028
6518 0.000021
6519 0.000023
6520 0.000008
6521 0.000024
6522 0.000017
6523 0.000014
6524 0.000011
6525 0.000010
6526 0.000015
6527 0.000029
6528 0.000009
6529 0.000021
6530 0.000015
6531 0.000029
6532 0.000040
6533 0.000014
6534 0.000016
6535 0.000015
6536 0.000027
6537 0.000020
6538 0.000016
6539 0.000015
6540 0.000026
6541 0.000008
6542 0.000010
6543 0.000027
6544 0.000041
6545 0.000015
6546 0.000010
6547 0.000023
6548 0.000011
6549 0.000013
6550 0.000020
6551 0.000020
6552 0.000018
6553 0.000025
6554 0.000020
6555 0.000053
6556 0.000019
6557 0.000022
6558 0.000031
6559 0.000039
6560 0.000019
6561 0.000019
6562 0.000011
6563 0.000032
6564 0.000034
6565 0.000030
6566 0.000019
6567 0.000024
6568 0.000027
6569 0.000026
6570 0.000027
6571 0.000021
6572 0.000024
6573 0.000010
6574 0.000030
6575 0.000021
6576 0.000020
6577 0.000007
6578 0.000022
6579 0.000015
6580 0.000020
6581 0.000015
6582 0.000018
6583 0.000030
6584 0.000009
6585 0.000017
6586 0.000016
6587 0.000024
6588 0.000023
6589 0.000033
6590 0.000032
6591 0.000015
6592 0.000017
6593 0.000029
6594 0.000019
6595 0.000008
6596 0.000009
6597 0.000022
6598 0.000020
6599 0.000023
6600 0.000027
6601 0.000024
6602 0.000008
6603 0.000020
6604 0.000011
6605 0.000010
6606 0.000011
6607 0.000024
6608 0.000008
6609 0.000020
6610 0.000027
6611 0.000012
6612 0.000015
6613 0.000018
6614 0.000013
6615 0.000014
6616 0.000025
6617 0.000036
6618 0.000038
6619 0.000029
6620 0.000017
6621 0.000030
6622 0.000041
6623 0.000017
6624 0.000020
6625 0.000012
6626 0.000006
6627 0.000011
6628 0.000013
6629 0.000026
6630 0.000015
6631 0.000018
6632 0.000018
6633 0.000016
6634 0.000023
6635 0.000027
6636 0.000014
6637 0.000020
6638 0.000022
6639 0.000019
6640 0.000025
6641 0.000022
6642 0.000030
6643 0.000019
6644 0.000020
6645 0.000023
6646 0.000029
6647 0.000009
6648 0.000042
6649 0.000059
6650 0.000048
6651 0.000032
6652 0.000012
6653 0.000022
6654 0.000014
6655 0.000026
6656 0.000015
6657 0.000013
6658 0.000020
6659 0.000026
6660 0.000027
6661 0.000023
6662 0.000021
6663 0.000047
6664 0.000029
6665 0.000011
6666 0.000010
6667 0.000032
6668 0.000023
6669 0.000036
6670 0.000029
6671 0.000043
6672 0.000035
6673 0.000043
6674 0.000030
6675 0.000016
6676 0.000027
6677 0.000012
6678 0.000013
6679 0.000035
6680 0.000010
6681 0.000011
6682 0.000021
6683 0.000026
6684 0.000022
6685 0.000042
6686 0.000034
6687 0.000012
6688 0.000009
6689 0.000011
6690 0.000021
6691 0.000017
6692 0.000019
6693 0.000032
6694 0.000065
6695 0.000028
6696 0.000016
6697 0.000024
6698 0.000022
6699 0.000011
6700 0.000014
6701 0.000018
6702 0.000013
6703 0.000015
6704 0.000012
6705 0.000020
6706 0.000009
6707 0.000013
6708 0.000015
6709 0.000014
6710 0.000017
6711 0.000037
6712 0.000028
6713 0.000027
6714 0.000016
6715 0.000025
6716 0.000025
6717 0.000010
6718 0.000018
6719 0.000010
6720 0.000011
6721 0.000021
6722 0.000015
6723 0.000015
6724 0.000019
6725 0.000007
6726 0.000006
6727 0.000016
6728 0.000033
6729 0.000010
6730 0.000007
6731 0.000016
6732 0.000019
6733 0.000012
6734 0.000011
6735 0.000011
6736 0.000020
6737 0.000033
6738 0.000035
6739 0.000015
6740 0.000022
6741 0.000017
6742 0.000025
6743 0.000036
6744 0.000029
6745 0.000024
6746 0.000025
6747 0.000030
6748 0.000022
6749 0.000026
6750 0.000021
6751 0.000033
6752 0.000015
6753 0.000019
6754 0.000019
6755 0.000022
6756 0.000029
6757 0.000011
6758 0.000023
6759 0.000022
6760 0.000008
6761 0.000023
6762 0.000019
6763 0.000015
6764 0.000015
6765 0.000020
6766 0.000021
6767 0.000013
6768 0.000019
6769 0.000016
6770 0.000028
6771 0.000011
6772 0.000012
6773 0.000025
6774 0.000007
6775 0.000007
6776 0.000009
6777 0.000015
6778 0.000008
6779 0.000009
6780 0.000014
6781 0.000015
6782 0.000012
6783 0.000037
6784 0.000019
6785 0.000026
6786 0.000020
6787 0.000022
6788 0.000023
6789 0.000026
6790 0.000019
6791 0.000050
6792 0.000017
6793 0.000028
6794 0.000015
6795 0.000021
6796 0.000008
6797 0.000008
6798 0.000016
6799 0.000017
6800 0.000019
6801 0.000027
6802 0.000024
6803 0.000010
6804 0.000016
6805 0.000010
6806 0.000018
6807 0.000011
6808 0.000013
6809 0.000021
6810 0.000030
6811 0.000013
6812 0.000022
6813 0.000011
6814 0.000017
6815 0.000026
6816 0.000019
6817 0.000029
6818 0.000031
6819 0.000015
6820 0.000024
6821 0.000015
6822 0.000028
6823 0.000019
6824 0.000021
6825 0.000027
6826 0.000015
6827 0.000006
6828 0.000017
6829 0.000015
6830 0.000025
6831 0.000012
6832 0.000008
6833 0.000008
6834 0.000005
6835 0.000008
6836 0.000012
6837 0.000026
6838 0.000032
6839 0.000031
6840 0.000020
6841 0.000016
6842 0.000036
6843 0.000012
6844 0.000006
6845 0.000011
6846 0.000005
6847 0.000012
6848 0.000008
6849 0.000006
6850 0.000004
6851 0.000007
6852 0.000008
6853 0.000011
6854 0.000017
6855 0.000024
6856 0.000018
6857 0.000031
6858 0.000040
6859 0.000050
6860 0.000027
6861 0.000026
6862 0.000017
6863 0.000007
6864 0.000031
6865 0.000029
6866 0.000014
6867 0.000019
6868 0.000027
6869 0.000055
6870 0.000054
6871 0.000029
6872 0.000035
6873 0.000043
6874 0.000037
6875 0.000020
6876 0.000014
6877 0.000009
6878 0.000008
6879 0.000016
6880 0.000021
6881 0.000017
6882 0.000010
6883 0.000022
6884 0.000017
6885 0.000030
6886 0.000033
6887 0.000013
6888 0.000020
6889 0.000012
6890 0.000030
6891 0.000036
6892 0.000016
6893 0.000032
6894 0.000023
6895 0.000028
6896 0.000010
6897 0.000006
6898 0.000014
6899 0.000012
6900 0.000008
6901 0.000013
6902 0.000014
6903 0.000017
6904 0.000044
6905 0.000015
6906 0.000021
6907 0.000021
6908 0.000006
6909 0.000005
6910 0.000009
6911 0.000025
6912 0.000020
6913 0.000020
6914 0.000033
6915 0.000034
6916 0.000013
6917 0.000007
6918 0.000021
6919 0.000021
6920 0.000022
6921 0.000020
6922 0.000006
6923 0.000031
6924 0.000032
6925 0.000024
6926 0.000022
6927 0.000046
6928 0.000016
6929 0.000013
6930 0.000022
6931 0.000044
6932 0.000022
6933 0.000019
6934 0.000022
6935 0.000017
6936 0.000008
6937 0.000033
6938 0.000028
6939 0.000033
6940 0.000021
6941 0.000027
6942 0.000022
6943 0.000016
6944 0.000009
6945 0.000012
6946 0.000015
6947 0.000014
6948 0.000014
6949 0.000019
6950 0.000030
6951 0.000034
6952 0.000022
6953 0.000030
6954 0.000016
6955 0.000027
6956 0.000022
6957 0.000030
6958 0.000008
6959 0.000022
6960 0.000025
6961 0.000014
6962 0.000009
6963 0.000014
6964 0.000011
6965 0.000009
6966 0.000025
6967 0.000015
6968 0.000014
6969 0.000022
6970 0.000024
6971 0.000026
6972 0.000020
6973 0.000014
6974 0.000016
6975 0.000024
6976 0.000010
6977 0.000020
6978 0.000033
6979 0.000017
6980 0.000013
6981 0.000037
6982 0.000016
6983 0.000008
6984 0.000019
6985 0.000022
6986 0.000009
6987 0.000025
6988 0.000007
6989 0.000011
6990 0.000006
6991 0.000010
6992 0.000011
6993 0.000021
6994 0.000033
6995 0.000022
6996 0.000040
6997 0.000022
6998 0.000028
6999 0.000019
7000 0.000006
7001 0.000029
7002 0.000016
7003 0.000022
7004 0.000012
7005 0.000014
7006 0.000013
7007 0.000008
7008 0.000020
7009 0.000020
7010 0.000037
7011 0.000047
7012 0.000024
7013 0.000038
7014 0.000012
7015 0.000008
7016 0.000010
7017 0.000030
7018 0.000048
7019 0.000017
7020 0.000019
7021 0.000013
7022 0.000020
7023 0.000031
7024 0.000043
7025 0.000044
7026 0.000029
7027 0.000026
7028 0.000028
7029 0.000026
7030 0.000007
7031 0.000027
7032 0.000017
7033 0.000022
7034 0.000028
7035 0.000025
7036 0.000016
7037 0.000024
7038 0.000018
7039 0.000013
7040 0.000016
7041 0.000015
7042 0.000018
7043 0.000012
7044 0.000013
7045 0.000020
7046 0.000035
7047 0.000043
7048 0.000025
7049 0.000022
7050 0.000009
7051 0.000023
7052 0.000026
7053 0.000014
7054 0.000015
7055 0.000013
7056 0.000017
7057 0.000018
7058 0.000023
7059 0.000012
7060 0.000019
7061 0.000018
7062 0.000027
7063 0.000020
7064 0.000021
7065 0.000018
7066 0.000009
7067 0.000011
7068 0.000033
7069 0.000032
7070 0.000032
7071 0.000027
7072 0.000018
7073 0.000013
7074 0.000015
7075 0.000009
7076 0.000013
7077 0.000007
7078 0.000008
7079 0.000022
7080 0.000034
7081 0.000021
7082 0.000012
7083 0.000012
7084 0.000024
7085 0.000010
7086 0.000031
7087 0.000014
7088 0.000012
7089 0.000008
7090 0.000006
7091 0.000012
7092 0.000008
7093 0.000012
7094 0.000013
7095 0.000022
7096 0.000019
7097 0.000026
7098 0.000031
7099 0.000040
7100 0.000043
7101 0.000026
7102 0.000023
7103 0.000009
7104 0.000026
7105 0.000037
7106 0.000020
7107 0.000036
7108 0.000024
7109 0.000037
7110 0.000017
7111 0.000024
7112 0.000015
7113 0.000009
7114 0.000016
7115 0.000022
7116 0.000033
7117 0.000010
7118 0.000032
7119 0.000023
7120 0.000024
7121 0.000011
7122 0.000013
7123 0.000019
7124 0.000021
7125 0.000022
7126 0.000016
7127 0.000030
7128 0.000028
7129 0.000016
7130 0.000012
7131 0.000026
7132 0.000024
7133 0.000020
7134 0.000018
7135 0.000015
7136 0.000011
7137 0.000012
7138 0.000020
7139 0.000025
7140 0.000009
7141 0.000010
7142 0.000013
7143 0.000013
7144 0.000016
7145 0.000015
7146 0.000013
7147 0.000016
7148 0.000028
7149 0.000009
7150 0.000007
7151 0.000018
7152 0.000024
7153 0.000035
7154 0.000020
7155 0.000014
7156 0.000008
7157 0.000007
7158 0.000018
7159 0.000041
7160 0.000013
7161 0.000012
7162 0.000028
7163 0.000028
7164 0.000030
7165 0.000023
7166 0.000019
7167 0.000028
7168 0.000031
7169 0.000033
7170 0.000010
7171 0.000012
7172 0.000006
7173 0.000014
7174 0.000010
7175 0.000014
7176 0.000016
7177 0.000010
7178 0.000008
7179 0.000020
7180 0.000006
7181 0.000021
7182 0.000019
7183 0.000011
7184 0.000015
7185 0.000018
7186 0.000033
7187 0.000021
7188 0.000023
7189 0.000023
7190 0.000013
7191 0.000018
7192 0.000012
7193 0.000011
7194 0.000018
7195 0.000014
7196 0.000007
7197 0.000018
7198 0.000021
7199 0.000038
7200 0.000039
7201 0.000044
7202 0.000026
7203 0.000015
7204 0.000017
7205 0.000016
7206 0.000009
7207 0.000012
7208 0.000015
7209 0.000017
7210 0.000013
7211 0.000022
7212 0.000018
7213 0.000014
7214 0.000019
7215 0.000017
7216 0.000017
7217 0.000023
7218 0.000013
7219 0.000017
7220 0.000013
7221 0.000015
7222 0.000023
7223 0.000026
7224 0.000080
7225 0.000030
7226 0.000012
7227 0.000018
7228 0.000011
7229 0.000012
7230 0.000010
7231 0.000027
7232 0.000028
7233 0.000035
7234 0.000034
7235 0.000019
7236 0.000019
7237 0.000036
7238 0.000034
7239 0.000062
7240 0.000019
7241 0.000008
7242 0.000010
7243 0.000015
7244 0.000015
7245 0.000012
7246 0.000011
7247 0.000026
7248 0.000032
7249 0.000029
7250 0.000015
7251 0.000017
7252 0.000032
7253 0.000038
7254 0.000038
7255 0.000019
7256 0.000011
7257 0.000020
7258 0.000010
7259 0.000007
7260 0.000025
7261 0.000027
7262 0.000012
7263 0.000025
7264 0.000017
7265 0.000016
7266 0.000007
7267 0.000006
7268 0.000013
7269 0.000020
7270 0.000010
7271 0.000007
7272 0.000022
7273 0.000009
7274 0.000018
7275 0.000011
7276 0.000008
7277 0.000011
7278 0.000008
7279 0.000029
7280 0.000041
7281 0.000021
7282 0.000008
7283 0.000008
7284 0.000011
7285 0.000012
7286 0.000018
7287 0.000007
7288 0.000025
7289 0.000024
7290 0.000019
7291 0.000018
7292 0.000017
7293 0.000016
7294 0.000023
7295 0.000009
7296 0.000010
7297 0.000008
7298 0.000009
7299 0.000014
7300 0.000007
7301 0.000006
7302 0.000053
7303 0.000017
7304 0.000017
7305 0.000020
7306 0.000036
7307 0.000029
7308 0.000036
7309 0.000035
7310 0.000022
7311 0.000019
7312 0.000011
7313 0.000025
7314 0.000025
7315 0.000010
7316 0.000011
7317 0.000012
7318 0.000009
7319 0.000006
7320 0.000005
7321 0.000009
7322 0.000019
7323 0.000024
7324 0.000010
7325 0.000013
7326 0.000017
7327 0.000011
7328 0.000022
7329 0.000014
7330 0.000018
7331 0.000013
7332 0.000010
7333 0.000018
7334 0.000032
7335 0.000033
7336 0.000022
7337 0.000052
7338 0.000014
7339 0.000012
7340 0.000015
7341 0.000011
7342 0.000008
7343 0.000019
7344 0.000022
7345 0.000026
7346 0.000020
7347 0.000024
7348 0.000016
7349 0.000007
7350 0.000024
7351 0.000037
7352 0.000016
7353 0.000024
7354 0.000006
7355 0.000015
7356 0.000012
7357 0.000010
7358 0.000016
7359 0.000037
7360 0.000021
7361 0.000016
7362 0.000017
7363 0.000032
7364 0.000027
7365 0.000016
7366 0.000018
7367 0.000028
7368 0.000047
7369 0.000019
7370 0.000015
7371 0.000037
7372 0.000037
7373 0.000022
7374 0.000018
7375 0.000012
7376 0.000009
7377 0.000010
7378 0.000009
7379 0.000007
7380 0.000024
7381 0.000018
7382 0.000023
7383 0.000036
7384 0.000037
7385 0.000024
7386 0.000019
7387 0.000010
7388 0.000035
7389 0.000038
7390 0.000033
7391 0.000019
7392 0.000016
7393 0.000041
7394 0.000032
7395 0.000036
7396 0.000015
7397 0.000008
7398 0.000022
7399 0.000009
7400 0.000018
7401 0.000011
7402 0.000029
7403 0.000036
7404 0.000023
7405 0.000017
7406 0.000010
7407 0.000007
7408 0.000016
7409 0.000053
7410 0.000059
7411 0.000023
7412 0.000030
7413 0.000009
7414 0.000007
7415 0.000016
7416 0.000014
7417 0.000022
7418 0.000027
7419 0.000029
7420 0.000017
7421 0.000013
7422 0.000020
7423 0.000025
7424 0.000022
7425 0.000045
7426 0.000037
7427 0.000033
7428 0.000044
7429 0.000012
7430 0.000028
7431 0.000050
7432 0.000014
7433 0.000032
7434 0.000025
7435 0.000013
7436 0.000023
7437 0.000016
7438 0.000028
7439 0.000028
7440 0.000009
7441 0.000012
7442 0.000009
7443 0.000009
7444 0.000017
7445 0.000025
7446 0.000015
7447 0.000012
7448 0.000026
7449 0.000023
7450 0.000013
7451 0.000019
7452 0.000035
7453 0.000010
7454 0.000014
7455 0.000024
7456 0.000018
7457 0.000023
7458 0.000024
7459 0.000017
7460 0.000011
7461 0.000010
7462 0.000016
7463 0.000024
7464 0.000014
7465 0.000013
7466 0.000020
7467 0.000029
7468 0.000013
7469 0.000023
7470 0.000010
7471 0.000010
7472 0.000027
7473 0.000039
7474 0.000010
7475 0.000016
7476 0.000017
7477 0.000018
7478 0.000028
7479 0.000020
7480 0.000015
7481 0.000032
7482 0.000037
7483 0.000024
7484 0.000023
7485 0.000037
7486 0.000032
7487 0.000037
7488 0.000020
7489 0.000015
7490 0.000013
7491 0.000020
7492 0.000062
7493 0.000027
7494 0.000023
7495 0.000036
7496 0.000017
7497 0.000021
7498 0.000012
7499 0.000012
7500 0.000027
7501 0.000023
7502 0.000012
7503 0.000015
7504 0.000021
7505 0.000027
7506 0.000014
7507 0.000019
7508 0.000015
7509 0.000037
7510 0.000019
7511 0.000038
7512 0.000051
7513 0.000050
7514 0.000021
7515 0.000027
7516 0.000022
7517 0.000017
7518 0.000020
7519 0.000027
7520 0.000029
7521 0.000012
7522 0.000024
7523 0.000021
7524 0.000009
7525 0.000015
7526 0.000021
7527 0.000022
7528 0.000038
7529 0.000020
7530 0.000024
7531 0.000013
7532 0.000011
7533 0.000005
7534 0.000013
7535 0.000039
7536 0.000037
7537 0.000019
7538 0.000016
7539 0.000042
7540 0.000018
7541 0.000015
7542 0.000007
7543 0.000034
7544 0.000018
7545 0.000013
7546 0.000015
7547 0.000007
7548 0.000008
7549 0.000023
7550 0.000007
7551 0.000016
7552 0.000011
7553 0.000012
7554 0.000025
7555 0.000028
7556 0.000028
7557 0.000011
7558 0.000006
7559 0.000011
7560 0.000018
7561 0.000036
7562 0.000039
7563 0.000044
7564 0.000012
7565 0.000015
7566 0.000026
7567 0.000007
7568 0.000009
7569 0.000022
7570 0.000014
7571 0.000028
7572 0.000020
7573 0.000017
7574 0.000020
7575 0.000011
7576 0.000013
7577 0.000043
7578 0.000030
7579 0.000018
7580 0.000013
7581 0.000018
7582 0.000016
7583 0.000010
7584 0.000022
7585 0.000018
7586 0.000008
7587 0.000017
7588 0.000012
7589 0.000030
7590 0.000022
7591 0.000009
7592 0.000007
7593 0.000008
7594 0.000008
7595 0.000022
7596 0.000019
7597 0.000006
7598 0.000016
7599 0.000006
7600 0.000009
7601 0.000008
7602 0.000014
7603 0.000017
7604 0.000012
7605 0.000012
7606 0.000011
7607 0.000026
7608 0.000017
7609 0.000021
7610 0.000015
7611 0.000011
7612 0.000017
7613 0.000007
7614 0.000036
7615 0.000020
7616 0.000023
7617 0.000020
7618 0.000028
7619 0.000008
7620 0.000007
7621 0.000020
7622 0.000007
7623 0.000014
7624 0.000014
7625 0.000017
7626 0.000017
7627 0.000012
7628 0.000016
7629 0.000017
7630 0.000017
7631 0.000015
7632 0.000028
7633 0.000008
7634 0.000024
7635 0.000014
7636 0.000039
7637 0.000024
7638 0.000013
7639 0.000010
7640 0.000012
7641 0.000029
7642 0.000027
7643 0.000015
7644 0.000029
7645 0.000029
7646 0.000036
7647 0.000034
7648 0.000021
7649 0.000044
7650 0.000026
7651 0.000017
7652 0.000020
7653 0.000012
7654 0.000012
7655 0.000029
7656 0.000030
7657 0.000013
7658 0.000013
7659 0.000017
7660 0.000015
7661 0.000013
7662 0.000019
7663 0.000012
7664 0.000008
7665 0.000020
7666 0.000023
7667 0.000009
7668 0.000007
7669 0.000006
7670 0.000027
7671 0.000015
7672 0.000009
7673 0.000012
7674 0.000035
7675 0.000033
7676 0.000010
7677 0.000005
7678 0.000004
7679 0.000018
7680 0.000015
7681 0.000009
7682 0.000007
7683 0.000013
7684 0.000026
7685 0.000026
7686 0.000014
7687 0.000017
7688 0.000025
7689 0.000034
7690 0.000013
7691 0.000023
7692 0.000031
7693 0.000031
7694 0.000023
7695 0.000018
7696 0.000015
7697 0.000023
7698 0.000025
7699 0.000014
7700 0.000009
7701 0.000014
7702 0.000022
7703 0.000024
7704 0.000024
7705 0.000011
7706 0.000005
7707 0.000018
7708 0.000034
7709 0.000016
7710 0.000006
7711 0.000010
7712 0.000009
7713 0.000014
7714 0.000008
7715 0.000020
7716 0.000016
7717 0.000021
7718 0.000024
7719 0.000023
7720 0.000016
7721 0.000019
7722 0.000017
7723 0.000018
7724 0.000019
7725 0.000020
7726 0.000012
7727 0.000022
7728 0.000028
7729 0.000021
7730 0.000011
7731 0.000021
7732 0.000009
7733 0.000025
7734 0.000007
7735 0.000018
7736 0.000016
7737 0.000028
7738 0.000024
7739 0.000015
7740 0.000020
7741 0.000009
7742 0.000021
7743 0.000010
7744 0.000016
7745 0.000014
7746 0.000009
7747 0.000010
7748 0.000021
7749 0.000020
7750 0.000011
7751 0.000019
7752 0.000012
7753 0.000009
7754 0.000018
7755 0.000016
7756 0.000033
7757 0.000036
7758 0.000041
7759 0.000028
7760 0.000025
7761 0.000010
7762 0.000021
7763 0.000009
7764 0.000014
7765 0.000009
7766 0.000010
7767 0.000021
7768 0.000015
7769 0.000006
7770 0.000013
7771 0.000021
7772 0.000019
7773 0.000018
7774 0.000008
7775 0.000010
7776 0.000005
7777 0.000019
7778 0.000021
7779 0.000034
7780 0.000021
7781 0.000025
7782 0.000026
7783 0.000020
7784 0.000055
7785 0.000014
7786 0.000009
7787 0.000020
7788 0.000031
7789 0.000019
7790 0.000024
7791 0.000027
7792 0.000012
7793 0.000016
7794 0.000006
7795 0.000007
7796 0.000005
7797 0.000024
7798 0.000029
7799 0.000012
7800 0.000012
7801 0.000018
7802 0.000013
7803 0.000018
7804 0.000013
7805 0.000012
7806 0.000006
7807 0.000018
7808 0.000019
7809 0.000025
7810 0.000026
7811 0.000020
7812 0.000018
7813 0.000027
7814 0.000021
7815 0.000017
7816 0.000009
7817 0.000031
7818 0.000016
7819 0.000023
7820 0.000023
7821 0.000028
7822 0.000017
7823 0.000018
7824 0.000011
7825 0.000024
7826 0.000025
7827 0.000021
7828 0.000016
7829 0.000010
7830 0.000006
7831 0.000013
7832 0.000011
7833 0.000028
7834 0.000033
7835 0.000011
7836 0.000017
7837 0.000032
7838 0.000038
7839 0.000014
7840 0.000009
7841 0.000013
7842 0.000019
7843 0.000016
7844 0.000014
7845 0.000007
7846 0.000014
7847 0.000020
7848 0.000010
7849 0.000007
7850 0.000005
7851 0.000029
7852 0.000035
7853 0.000041
7854 0.000035
7855 0.000037
7856 0.000044
7857 0.000022
7858 0.000008
7859 0.000011
7860 0.000006
7861 0.000010
7862 0.000005
7863 0.000016
7864 0.000010
7865 0.000024
7866 0.000019
7867 0.000014
7868 0.000016
7869 0.000010
7870 0.000006
7871 0.000005
7872 0.000010
7873 0.000023
7874 0.000028
7875 0.000011
7876 0.000016
7877 0.000026
7878 0.000017
7879 0.000024
7880 0.000026
7881 0.000034
7882 0.000032
7883 0.000031
7884 0.000014
7885 0.000011
7886 0.000015
7887 0.000026
7888 0.000021
7889 0.000019
7890 0.000014
7891 0.000033
7892 0.000037
7893 0.000018
7894 0.000020
7895 0.000022
7896 0.000015
7897 0.000009
7898 0.000009
7899 0.000018
7900 0.000017
7901 0.000010
7902 0.000017
7903 0.000017
7904 0.000021
7905 0.000027
7906 0.000024
7907 0.000015
7908 0.000010
7909 0.000020
7910 0.000011
7911 0.000024
7912 0.000010
7913 0.000008
7914 0.000030
7915 0.000029
7916 0.000027
7917 0.000013
7918 0.000021
7919 0.000012
7920 0.000014
7921 0.000016
7922 0.000024
7923 0.000017
7924 0.000008
7925 0.000009
7926 0.000016
7927 0.000014
7928 0.000017
7929 0.000016
7930 0.000027
7931 0.000015
7932 0.000021
7933 0.000016
7934 0.000017
7935 0.000007
7936 0.000033
7937 0.000011
7938 0.000008
7939 0.000011
7940 0.000030
7941 0.000018
7942 0.000011
7943 0.000006
7944 0.000013
7945 0.000037
7946 0.000020
7947 0.000013
7948 0.000011
7949 0.000034
7950 0.000034
7951 0.000031
7952 0.000016
7953 0.000023
7954 0.000009
7955 0.000013
7956 0.000015
7957 0.000016
7958 0.000010
7959 0.000008
7960 0.000012
7961 0.000015
7962 0.000028
7963 0.000036
7964 0.000025
7965 0.000017
7966 0.000043
7967 0.000046
7968 0.000052
7969 0.000020
7970 0.000038
7971 0.000027
7972 0.000020
7973 0.000032
7974 0.000018
7975 0.000035
7976 0.000041
7977 0.000036
7978 0.000020
7979 0.000009
7980 0.000013
7981 0.000020
7982 0.000016
7983 0.000012
7984 0.000024
7985 0.000013
7986 0.000020
7987 0.000016
7988 0.000012
7989 0.000035
7990 0.000028
7991 0.000019
7992 0.000016
7993 0.000023
7994 0.000021
7995 0.000015
7996 0.000016
7997 0.000013
7998 0.000013
7999 0.000018
8000 0.000031
8001 0.000013
8002 0.000023
8003 0.000033
8004 0.000018
8005 0.000025
8006 0.000010
8007 0.000007
8008 0.000017
8009 0.000018
8010 0.000012
8011 0.000025
8012 0.000019
8013 0.000033
8014 0.000018
8015 0.000008
8016 0.000006
8017 0.000017
8018 0.000018
8019 0.000012
8020 0.000019
8021 0.000032
8022 0.000013
8023 0.000010
8024 0.000008
8025 0.000030
8026 0.000028
8027 0.000013
8028 0.000016
8029 0.000014
8030 0.000020
8031 0.000026
8032 0.000023
8033 0.000012
8034 0.000007
8035 0.000008
8036 0.000023
8037 0.000019
8038 0.000035
8039 0.000029
8040 0.000017
8041 0.000017
8042 0.000016
8043 0.000013
8044 0.000015
8045 0.000013
8046 0.000011
8047 0.000029
8048 0.000040
8049 0.000037
8050 0.000023
8051 0.000010
8052 0.000016
8053 0.000014
8054 0.000015
8055 0.000020
8056 0.000014
8057 0.000021
8058 0.000038
8059 0.000044
8060 0.000050
8061 0.000047
8062 0.000023
8063 0.000019
8064 0.000034
8065 0.000029
8066 0.000011
8067 0.000013
8068 0.000014
8069 0.000039
8070 0.000036
8071 0.000031
8072 0.000022
8073 0.000017
8074 0.000010
8075 0.000010
8076 0.000017
8077 0.000025
8078 0.000028
8079 0.000013
8080 0.000024
8081 0.000010
8082 0.000010
8083 0.000012
8084 0.000010
8085 0.000007
8086 0.000017
8087 0.000016
8088 0.000023
8089 0.000021
8090 0.000025
8091 0.000028
8092 0.000039
8093 0.000040
8094 0.000031
8095 0.000032
8096 0.000033
8097 0.000022
8098 0.000010
8099 0.000032
8100 0.000039
8101 0.000021
8102 0.000010
8103 0.000005
8104 0.000007
8105 0.000021
8106 0.000037
8107 0.000030
8108 0.000023
8109 0.000014
8110 0.000019
8111 0.000035
8112 0.000028
8113 0.000019
8114 0.000028
8115 0.000011
8116 0.000019
8117 0.000006
8118 0.000015
8119 0.000023
8120 0.000049
8121 0.000095
8122 0.000028
8123 0.000024
8124 0.000023
8125 0.000013
8126 0.000019
8127 0.000032
8128 0.000022
8129 0.000012
8130 0.000013
8131 0.000027
8132 0.000009
8133 0.000034
8134 0.000030
8135 0.000033
8136 0.000023
8137 0.000026
8138 0.000014
8139 0.000028
8140 0.000011
8141 0.000020
8142 0.000009
8143 0.000015
8144 0.000025
8145 0.000018
8146 0.000011
8147 0.000010
8148 0.000021
8149 0.000029
8150 0.000021
8151 0.000008
8152 0.000008
8153 0.000024
8154 0.000010
8155 0.000028
8156 0.000021
8157 0.000012
8158 0.000019
8159 0.000041
8160 0.000042
8161 0.000021
8162 0.000018
8163 0.000014
8164 0.000022
8165 0.000021
8166 0.000034
8167 0.000010
8168 0.000007
8169 0.000020
8170 0.000014
8171 0.000012
8172 0.000004
8173 0.000012
8174 0.000023
8175 0.000024
8176 0.000013
8177 0.000023
8178 0.000016
8179 0.000019
8180 0.000031
8181 0.000025
8182 0.000031
8183 0.000034
8184 0.000023
8185 0.000023
8186 0.000011
8187 0.000014
8188 0.000022
8189 0.000018
8190 0.000017
8191 0.000027
8192 0.000018
8193 0.000017
8194 0.000013
8195 0.000005
8196 0.000013
8197 0.000015
8198 0.000013
8199 0.000011
8200 0.000006
8201 0.000005
8202 0.000026
8203 0.000026
8204 0.000019
8205 0.000036
8206 0.000018
8207 0.000030
8208 0.000017
8209 0.000013
8210 0.000014
8211 0.000016
8212 0.000017
8213 0.000017
8214 0.000010
8215 0.000024
8216 0.000030
8217 0.000032
8218 0.000022
8219 0.000029
8220 0.000019
8221 0.000027
8222 0.000026
8223 0.000013
8224 0.000016
8225 0.000014
8226 0.000026
8227 0.000015
8228 0.000006
8229 0.000007
8230 0.000008
8231 0.000023
8232 0.000007
8233 0.000024
8234 0.000024
8235 0.000018
8236 0.000019
8237 0.000023
8238 0.000022
8239 0.000035
8240 0.000023
8241 0.000008
8242 0.000009
8243 0.000022
8244 0.000017
8245 0.000007
8246 0.000029
8247 0.000011
8248 0.000027
8249 0.000019
8250 0.000009
8251 0.000018
8252 0.000025
8253 0.000025
8254 0.000008
8255 0.000007
8256 0.000012
8257 0.000005
8258 0.000020
8259 0.000013
8260 0.000015
8261 0.000024
8262 0.000034
8263 0.000013
8264 0.000025
8265 0.000033
8266 0.000038
8267 0.000022
8268 0.000022
8269 0.000016
8270 0.000010
8271 0.000012
8272 0.000008
8273 0.000021
8274 0.000013
8275 0.000018
8276 0.000019
8277 0.000017
8278 0.000012
8279 0.000014
8280 0.000021
8281 0.000012
8282 0.000008
8283 0.000006
8284 0.000010
8285 0.000006
8286 0.000008
8287 0.000014
8288 0.000012
8289 0.000007
8290 0.000009
8291 0.000025
8292 0.000013
8293 0.000019
8294 0.000025
8295 0.000030
8296 0.000022
8297 0.000029
8298 0.000014
8299 0.000013
8300 0.000011
8301 0.000016
8302 0.000044
8303 0.000044
8304 0.000010
8305 0.000020
8306 0.000009
8307 0.000009
8308 0.000026
8309 0.000057
8310 0.000077
8311 0.000047
8312 0.000031
8313 0.000027
8314 0.000011
8315 0.000019
8316 0.000006
8317 0.000006
8318 0.000008
8319 0.000005
8320 0.000019
8321 0.000030
8322 0.000016
8323 0.000026
8324 0.000025
8325 0.000017
8326 0.000016
8327 0.000015
8328 0.000033
8329 0.000047
8330 0.000024
8331 0.000021
8332 0.000007
8333 0.000009
8334 0.000014
8335 0.000017
8336 0.000014
8337 0.000011
8338 0.000016
8339 0.000015
8340 0.000021
8341 0.000024
8342 0.000028
8343 0.000018
8344 0.000037
8345 0.000035
8346 0.000036
8347 0.000036
8348 0.000011
8349 0.000009
8350 0.000024
8351 0.000012
8352 0.000010
8353 0.000026
8354 0.000037
8355 0.000024
8356 0.000021
8357 0.000025
8358 0.000013
8359 0.000024
8360 0.000025
8361 0.000030
8362 0.000021
8363 0.000026
8364 0.000018
8365 0.000013
8366 0.000011
8367 0.000008
8368 0.000036
8369 0.000016
8370 0.000006
8371 0.000008
8372 0.000020
8373 0.000019
8374 0.000012
8375 0.000011
8376 0.000015
8377 0.000018
8378 0.000017
8379 0.000021
8380 0.000027
8381 0.000031
8382 0.000017
8383 0.000018
8384 0.000030
8385 0.000032
8386 0.000043
8387 0.000025
8388 0.000008
8389 0.000005
8390 0.000005
8391 0.000011
8392 0.000018
8393 0.000032
8394 0.000045
8395 0.000031
8396 0.000043
8397 0.000018
8398 0.000014
8399 0.000011
8400 0.000012
8401 0.000017
8402 0.000028
8403 0.000027
8404 0.000013
8405 0.000015
8406 0.000011
8407 0.000008
8408 0.000043
8409 0.000018
8410 0.000027
8411 0.000019
8412 0.000011
8413 0.000005
8414 0.000032
8415 0.000023
8416 0.000028
8417 0.000030
8418 0.000011
8419 0.000015
8420 0.000024
8421 0.000008
8422 0.000007
8423 0.000020
8424 0.000018
8425 0.000008
8426 0.000015
8427 0.000015
8428 0.000012
8429 0.000013
8430 0.000008
8431 0.000009
8432 0.000004
8433 0.000045
8434 0.000044
8435 0.000055
8436 0.000040
8437 0.000014
8438 0.000053
8439 0.000052
8440 0.000029
8441 0.000022
8442 0.000018
8443 0.000015
8444 0.000019
8445 0.000023
8446 0.000016
8447 0.000010
8448 0.000006
8449 0.000017
8450 0.000008
8451 0.000010
8452 0.000011
8453 0.000015
8454 0.000024
8455 0.000023
8456 0.000015
8457 0.000026
8458 0.000025
8459 0.000019
8460 0.000011
8461 0.000044
8462 0.000016
8463 0.000026
8464 0.000029
8465 0.000008
8466 0.000008
8467 0.000007
8468 0.000016
8469 0.000013
8470 0.000022
8471 0.000015
8472 0.000031
8473 0.000021
8474 0.000026
8475 0.000030
8476 0.000023
8477 0.000013
8478 0.000022
8479 0.000017
8480 0.000030
8481 0.000020
8482 0.000028
8483 0.000019
8484 0.000032
8485 0.000019
8486 0.000023
8487 0.000024
8488 0.000008
8489 0.000017
8490 0.000010
8491 0.000017
8492 0.000050
8493 0.000051
8494 0.000041
8495 0.000023
8496 0.000013
8497 0.000026
8498 0.000050
8499 0.000029
8500 0.000026
8501 0.000024
8502 0.000050
8503 0.000026
8504 0.000009
8505 0.000015
8506 0.000015
8507 0.000028
8508 0.000013
8509 0.000022
8510 0.000019
8511 0.000017
8512 0.000015
8513 0.000016
8514 0.000023
8515 0.000029
8516 0.000035
8517 0.000021
8518 0.000013
8519 0.000023
8520 0.000023
8521 0.000033
8522 0.000026
8523 0.000012
8524 0.000013
8525 0.000014
8526 0.000006
8527 0.000008
8528 0.000018
8529 0.000017
8530 0.000011
8531 0.000010
8532 0.000018
8533 0.000008
8534 0.000017
8535 0.000013
8536 0.000030
8537 0.000046
8538 0.000014
8539 0.000017
8540 0.000012
8541 0.000011
8542 0.000025
8543 0.000027
8544 0.000019
8545 0.000014
8546 0.000018
8547 0.000008
8548 0.000006
8549 0.000013
8550 0.000022
8551 0.000010
8552 0.000006
8553 0.000008
8554 0.000017
8555 0.000038
8556 0.000016
8557 0.000006
8558 0.000013
8559 0.000009
8560 0.000010
8561 0.000019
8562 0.000019
8563 0.000011
8564 0.000013
8565 0.000016
8566 0.000013
8567 0.000014
8568 0.000013
8569 0.000009
8570 0.000022
8571 0.000019
8572 0.000023
8573 0.000018
8574 0.000015
8575 0.000014
8576 0.000030
8577 0.000039
8578 0.000026
8579 0.000009
8580 0.000009
8581 0.000005
8582 0.000015
8583 0.000017
8584 0.000022
8585 0.000019
8586 0.000016
8587 0.000038
8588 0.000025
8589 0.000043
8590 0.000035
8591 0.000029
8592 0.000023
8593 0.000024
8594 0.000010
8595 0.000011
8596 0.000015
8597 0.000012
8598 0.000027
8599 0.000011
8600 0.000025
8601 0.000038
8602 0.000028
8603 0.000011
8604 0.000012
8605 0.000015
8606 0.000027
8607 0.000028
8608 0.000021
8609 0.000033
8610 0.000016
8611 0.000008
8612 0.000024
8613 0.000023
8614 0.000019
8615 0.000008
8616 0.000042
8617 0.000010
8618 0.000016
8619 0.000019
8620 0.000014
8621 0.000009
8622 0.000014
8623 0.000008
8624 0.000042
8625 0.000043
8626 0.000029
8627 0.000038
8628 0.000015
8629 0.000011
8630 0.000020
8631 0.000009
8632 0.000025
8633 0.000008
8634 0.000012
8635 0.000016
8636 0.000025
8637 0.000013
8638 0.000021
8639 0.000026
8640 0.000014
8641 0.000012
8642 0.000011
8643 0.000019
8644 0.000013
8645 0.000014
8646 0.000037
8647 0.000011
8648 0.000014
8649 0.000057
8650 0.000019
8651 0.000016
8652 0.000034
8653 0.000020
8654 0.000009
8655 0.000016
8656 0.000018
8657 0.000008
8658 0.000022
8659 0.000018
8660 0.000014
8661 0.000011
8662 0.000019
8663 0.000025
8664 0.000008
8665 0.000011
8666 0.000012
8667 0.000011
8668 0.000018
8669 0.000046
8670 0.000029
8671 0.000028
8672 0.000015
8673 0.000020
8674 0.000015
8675 0.000011
8676 0.000042
8677 0.000048
8678 0.000030
8679 0.000016
8680 0.000008
8681 0.000007
8682 0.000017
8683 0.000027
8684 0.000013
8685 0.000021
8686 0.000017
8687 0.000015
8688 0.000021
8689 0.000029
8690 0.000024
8691 0.000013
8692 0.000015
8693 0.000007
8694 0.000016
8695 0.000013
8696 0.000017
8697 0.000024
8698 0.000010
8699 0.000008
8700 0.000022
8701 0.000013
8702 0.000015
8703 0.000008
8704 0.000019
8705 0.000010
8706 0.000015
8707 0.000038
8708 0.000062
8709 0.000037
8710 0.000035
8711 0.000018
8712 0.000020
8713 0.000013
8714 0.000012
8715 0.000009
8716 0.000015
8717 0.000014
8718 0.000014
8719 0.000029
8720 0.000016
8721 0.000025
8722 0.000013
8723 0.000007
8724 0.000015
8725 0.000018
8726 0.000008
8727 0.000012
8728 0.000017
8729 0.000042
8730 0.000056
8731 0.000032
8732 0.000019
8733 0.000011
8734 0.000018
8735 0.000018
8736 0.000011
8737 0.000024
8738 0.000020
8739 0.000021
8740 0.000016
8741 0.000006
8742 0.000007
8743 0.000021
8744 0.000018
8745 0.000011
8746 0.000021
8747 0.000012
8748 0.000008
8749 0.000028
8750 0.000038
8751 0.000055
8752 0.000023
8753 0.000025
8754 0.000020
8755 0.000013
8756 0.000018
8757 0.000020
8758 0.000028
8759 0.000034
8760 0.000013
8761 0.000016
8762 0.000021
8763 0.000006
8764 0.000024
8765 0.000027
8766 0.000019
8767 0.000013
8768 0.000016
8769 0.000028
8770 0.000016
8771 0.000011
8772 0.000011
8773 0.000006
8774 0.000016
8775 0.000016
8776 0.000018
8777 0.000039
8778 0.000013
8779 0.000012
8780 0.000011
8781 0.000034
8782 0.000031
8783 0.000039
8784 0.000024
8785 0.000013
8786 0.000016
8787 0.000013
8788 0.000018
8789 0.000030
8790 0.000037
8791 0.000037
8792 0.000021
8793 0.000027
8794 0.000031
8795 0.000023
8796 0.000017
8797 0.000011
8798 0.000017
8799 0.000025
8800 0.000032
8801 0.000048
8802 0.000025
8803 0.000008
8804 0.000012
8805 0.000024
8806 0.000018
8807 0.000025
8808 0.000016
8809 0.000017
8810 0.000012
8811 0.000027
8812 0.000010
8813 0.000027
8814 0.000043
8815 0.000017
8816 0.000024
8817 0.000009
8818 0.000007
8819 0.000044
8820 0.000034
8821 0.000023
8822 0.000051
8823 0.000049
8824 0.000019
8825 0.000017
8826 0.000009
8827 0.000029
8828 0.000016
8829 0.000044
8830 0.000045
8831 0.000047
8832 0.000028
8833 0.000007
8834 0.000020
8835 0.000025
8836 0.000027
8837 0.000033
8838 0.000009
8839 0.000016
8840 0.000010
8841 0.000011
8842 0.000022
8843 0.000045
8844 0.000055
8845 0.000026
8846 0.000014
8847 0.000021
8848 0.000017
8849 0.000012
8850 0.000016
8851 0.000012
8852 0.000006
8853 0.000008
8854 0.000036
8855 0.000013
8856 0.000005
8857 0.000013
8858 0.000018
8859 0.000022
8860 0.000016
8861 0.000009
8862 0.000010
8863 0.000021
8864 0.000037
8865 0.000026
8866 0.000018
8867 0.000017
8868 0.000006
8869 0.000014
8870 0.000009
8871 0.000010
8872 0.000027
8873 0.000019
8874 0.000033
8875 0.000012
8876 0.000031
8877 0.000010
8878 0.000014
8879 0.000019
8880 0.000017
8881 0.000039
8882 0.000014
8883 0.000021
8884 0.000028
8885 0.000011
8886 0.000025
8887 0.000008
8888 0.000007
8889 0.000004
8890 0.000022
8891 0.000015
8892 0.000031
8893 0.000020
8894 0.000006
8895 0.000039
8896 0.000014
8897 0.000030
8898 0.000022
8899 0.000023
8900 0.000006
8901 0.000005
8902 0.000014
8903 0.000017
8904 0.000019
8905 0.000029
8906 0.000019
8907 0.000023
8908 0.000029
8909 0.000028
8910 0.000019
8911 0.000019
8912 0.000023
8913 0.000022
8914 0.000015
8915 0.000019
8916 0.000011
8917 0.000014
8918 0.000010
8919 0.000006
8920 0.000012
8921 0.000012
8922 0.000008
8923 0.000022
8924 0.000013
8925 0.000011
8926 0.000006
8927 0.000011
8928 0.000028
8929 0.000037
8930 0.000036
8931 0.000014
8932 0.000021
8933 0.000010
8934 0.000014
8935 0.000010
8936 0.000006
8937 0.000008
8938 0.000014
8939 0.000016
8940 0.000013
8941 0.000022
8942 0.000011
8943 0.000025
8944 0.000045
8945 0.000022
8946 0.000010
8947 0.000015
8948 0.000020
8949 0.000024
8950 0.000013
8951 0.000015
8952 0.000009
8953 0.000005
8954 0.000009
8955 0.000021
8956 0.000049
8957 0.000050
8958 0.000016
8959 0.000010
8960 0.000007
8961 0.000004
8962 0.000026
8963 0.000017
8964 0.000014
8965 0.000019
8966 0.000011
8967 0.000025
8968 0.000017
8969 0.000021
8970 0.000034
8971 0.000031
8972 0.000028
8973 0.000023
8974 0.000036
8975 0.000018
8976 0.000018
8977 0.000014
8978 0.000019
8979 0.000027
8980 0.000011
8981 0.000026
8982 0.000009
8983 0.000007
8984 0.000005
8985 0.000004
8986 0.000018
8987 0.000026
8988 0.000015
8989 0.000005
8990 0.000039
8991 0.000018
8992 0.000006
8993 0.000022
8994 0.000026
8995 0.000020
8996 0.000008
8997 0.000013
8998 0.000014
8999 0.000007
9000 0.000005
9001 0.000015
9002 0.000005
9003 0.000004
9004 0.000041
9005 0.000021
9006 0.000010
9007 0.000015
9008 0.000009
9009 0.000011
9010 0.000013
9011 0.000017
9012 0.000010
9013 0.000012
9014 0.000004
9015 0.000021
9016 0.000009
9017 0.000025
9018 0.000028
9019 0.000017
9020 0.000033
9021 0.000012
9022 0.000018
9023 0.000013
9024 0.000013
9025 0.000027
9026 0.000030
9027 0.000029
9028 0.000044
9029 0.000026
9030 0.000015
9031 0.000013
9032 0.000010
9033 0.000015
9034 0.000010
9035 0.000018
9036 0.000008
9037 0.000004
9038 0.000009
9039 0.000015
9040 0.000027
9041 0.000043
9042 0.000019
9043 0.000016
9044 0.000013
9045 0.000007
9046 0.000019
9047 0.000014
9048 0.000009
9049 0.000009
9050 0.000025
9051 0.000025
9052 0.000022
9053 0.000009
9054 0.000025
9055 0.000032
9056 0.000030
9057 0.000018
9058 0.000024
9059 0.000017
9060 0.000015
9061 0.000021
9062 0.000014
9063 0.000025
9064 0.000022
9065 0.000040
9066 0.000022
9067 0.000019
9068 0.000021
9069 0.000019
9070 0.000012
9071 0.000026
9072 0.000014
9073 0.000043
9074 0.000029
9075 0.000040
9076 0.000036
9077 0.000031
9078 0.000018
9079 0.000017
9080 0.000026
9081 0.000018
9082 0.000011
9083 0.000025
9084 0.000019
9085 0.000027
9086 0.000020
9087 0.000022
9088 0.000017
9089 0.000014
9090 0.000006
9091 0.000014
9092 0.000014
9093 0.000027
9094 0.000028
9095 0.000025
9096 0.000034
9097 0.000027
9098 0.000012
9099 0.000008
9100 0.000022
9101 0.000013
9102 0.000005
9103 0.000007
9104 0.000006
9105 0.000028
9106 0.000029
9107 0.000039
9108 0.000018
9109 0.000020
9110 0.000025
9111 0.000021
9112 0.000012
9113 0.000012
9114 0.000005
9115 0.000008
9116 0.000019
9117 0.000035
9118 0.000012
9119 0.000014
9120 0.000026
9121 0.000018
9122 0.000016
9123 0.000018
9124 0.000012
9125 0.000011
9126 0.000008
9127 0.000006
9128 0.000027
9129 0.000029
9130 0.000031
9131 0.000016
9132 0.000023
9133 0.000018
9134 0.000017
9135 0.000022
9136 0.000017
9137 0.000019
9138 0.000029
9139 0.000025
9140 0.000022
9141 0.000019
9142 0.000019
9143 0.000007
9144 0.000012
9145 0.000016
9146 0.000012
9147 0.000024
9148 0.000027
9149 0.000010
9150 0.000029
9151 0.000036
9152 0.000014
9153 0.000018
9154 0.000046
9155 0.000034
9156 0.000021
9157 0.000021
9158 0.000012
9159 0.000013
9160 0.000013
9161 0.000018
9162 0.000018
9163 0.000022
9164 0.000041
9165 0.000038
9166 0.000016
9167 0.000012
9168 0.000022
9169 0.000012
9170 0.000009
9171 0.000018
9172 0.000026
9173 0.000013
9174 0.000007
9175 0.000015
9176 0.000008
9177 0.000006
9178 0.000023
9179 0.000029
9180 0.000015
9181 0.000036
9182 0.000023
9183 0.000016
9184 0.000023
9185 0.000017
9186 0.000022
9187 0.000016
9188 0.000024
9189 0.000018
9190 0.000021
9191 0.000030
9192 0.000029
9193 0.000025
9194 0.000049
9195 0.000024
9196 0.000018
9197 0.000023
9198 0.000010
9199 0.000021
9200 0.000033
9201 0.000015
9202 0.000025
9203 0.000020
9204 0.000015
9205 0.000028
9206 0.000030
9207 0.000027
9208 0.000044
9209 0.000025
9210 0.000034
9211 0.000020
9212 0.000024
9213 0.000029
9214 0.000013
9215 0.000015
9216 0.000009
9217 0.000010
9218 0.000017
9219 0.000024
9220 0.000013
9221 0.000008
9222 0.000037
9223 0.000020
9224 0.000020
9225 0.000026
9226 0.000025
9227 0.000036
9228 0.000029
9229 0.000016
9230 0.000019
9231 0.000021
9232 0.000034
9233 0.000013
9234 0.000021
9235 0.000017
9236 0.000014
9237 0.000019
9238 0.000023
9239 0.000028
9240 0.000050
9241 0.000017
9242 0.000013
9243 0.000030
9244 0.000021
9245 0.000035
9246 0.000020
9247 0.000022
9248 0.000010
9249 0.000017
9250 0.000015
9251 0.000013
9252 0.000021
9253 0.000017
9254 0.000014
9255 0.000015
9256 0.000020
9257 0.000049
9258 0.000016
9259 0.000010
9260 0.000027
9261 0.000021
9262 0.000025
9263 0.000022
9264 0.000012
9265 0.000012
9266 0.000027
9267 0.000026
9268 0.000020
9269 0.000020
9270 0.000022
9271 0.000038
9272 0.000025
9273 0.000023
9274 0.000013
9275 0.000036
9276 0.000020
9277 0.000010
9278 0.000036
9279 0.000025
9280 0.000029
9281 0.000012
9282 0.000019
9283 0.000030
9284 0.000013
9285 0.000017
9286 0.000017
9287 0.000011
9288 0.000008
9289 0.000028
9290 0.000018
9291 0.000009
9292 0.000011
9293 0.000014
9294 0.000009
9295 0.000028
9296 0.000022
9297 0.000025
9298 0.000026
9299 0.000032
9300 0.000023
9301 0.000013
9302 0.000026
9303 0.000017
9304 0.000010
9305 0.000023
9306 0.000029
9307 0.000048
9308 0.000048
9309 0.000023
9310 0.000015
9311 0.000019
9312 0.000023
9313 0.000013
9314 0.000025
9315 0.000017
9316 0.000028
9317 0.000019
9318 0.000018
9319 0.000012
9320 0.000027
9321 0.000020
9322 0.000026
9323 0.000016
9324 0.000009
9325 0.000012
9326 0.000011
9327 0.000012
9328 0.000013
9329 0.000005
9330 0.000004
9331 0.000013
9332 0.000009
9333 0.000009
9334 0.000010
9335 0.000010
9336 0.000012
9337 0.000029
9338 0.000028
9339 0.000030
9340 0.000024
9341 0.000032
9342 0.000027
9343 0.000017
9344 0.000014
9345 0.000023
9346 0.000016
9347 0.000010
9348 0.000017
9349 0.000011
9350 0.000024
9351 0.000011
9352 0.000011
9353 0.000027
9354 0.000014
9355 0.000028
9356 0.000037
9357 0.000020
9358 0.000015
9359 0.000010
9360 0.000005
9361 0.000014
9362 0.000022
9363 0.000015
9364 0.000006
9365 0.000019
9366 0.000018
9367 0.000029
9368 0.000033
9369 0.000028
9370 0.000031
9371 0.000026
9372 0.000038
9373 0.000016
9374 0.000012
9375 0.000020
9376 0.000011
9377 0.000014
9378 0.000022
9379 0.000016
9380 0.000026
9381 0.000017
9382 0.000014
9383 0.000028
9384 0.000023
9385 0.000029
9386 0.000055
9387 0.000024
9388 0.000019
9389 0.000021
9390 0.000014
9391 0.000013
9392 0.000024
9393 0.000018
9394 0.000055
9395 0.000020
9396 0.000011
9397 0.000022
9398 0.000012
9399 0.000020
9400 0.000009
9401 0.000007
9402 0.000017
9403 0.000038
9404 0.000022
9405 0.000020
9406 0.000024
9407 0.000008
9408 0.000005
9409 0.000022
9410 0.000027
9411 0.000014
9412 0.000015
9413 0.000023
9414 0.000012
9415 0.000040
9416 0.000029
9417 0.000016
9418 0.000026
9419 0.000035
9420 0.000040
9421 0.000014
9422 0.000030
9423 0.000032
9424 0.000029
9425 0.000030
9426 0.000010
9427 0.000016
9428 0.000010
9429 0.000033
9430 0.000033
9431 0.000022
9432 0.000036
9433 0.000020
9434 0.000007
9435 0.000009
9436 0.000013
9437 0.000031
9438 0.000016
9439 0.000028
9440 0.000011
9441 0.000006
9442 0.000008
9443 0.000006
9444 0.000011
9445 0.000011
9446 0.000014
9447 0.000009
9448 0.000018
9449 0.000010
9450 0.000019
9451 0.000008
9452 0.000014
9453 0.000020
9454 0.000031
9455 0.000028
9456 0.000023
9457 0.000023
9458 0.000015
9459 0.000030
9460 0.000015
9461 0.000007
9462 0.000008
9463 0.000011
9464 0.000011
9465 0.000017
9466 0.000010
9467 0.000023
9468 0.000021
9469 0.000012
9470 0.000005
9471 0.000021
9472 0.000020
9473 0.000010
9474 0.000007
9475 0.000013
9476 0.000019
9477 0.000019
9478 0.000024
9479 0.000013
9480 0.000030
9481 0.000015
9482 0.000016
9483 0.000019
9484 0.000008
9485 0.000005
9486 0.000010
9487 0.000005
9488 0.000007
9489 0.000015
9490 0.000025
9491 0.000027
9492 0.000017
9493 0.000011
9494 0.000029
9495 0.000032
9496 0.000033
9497 0.000028
9498 0.000028
9499 0.000030
9500 0.000015
9501 0.000016
9502 0.000021
9503 0.000021
9504 0.000015
9505 0.000018
9506 0.000018
9507 0.000035
9508 0.000026
9509 0.000033
9510 0.000019
9511 0.000018
9512 0.000018
9513 0.000014
9514 0.000015
9515 0.000016
9516 0.000007
9517 0.000008
9518 0.000019
9519 0.000012
9520 0.000023
9521 0.000015
9522 0.000016
9523 0.000023
9524 0.000018
9525 0.000008
9526 0.000008
9527 0.000015
9528 0.000015
9529 0.000014
9530 0.000016
9531 0.000006
9532 0.000008
9533 0.000011
9534 0.000026
9535 0.000020
9536 0.000027
9537 0.000060
9538 0.000081
9539 0.000054
9540 0.000060
9541 0.000020
9542 0.000036
9543 0.000020
9544 0.000014
9545 0.000015
9546 0.000006
9547 0.000007
9548 0.000039
9549 0.000024
9550 0.000013
9551 0.000049
9552 0.000017
9553 0.000016
9554 0.000025
9555 0.000044
9556 0.000016
9557 0.000020
9558 0.000054
9559 0.000039
9560 0.000039
9561 0.000021
9562 0.000041
9563 0.000031
9564 0.000024
9565 0.000045
9566 0.000028
9567 0.000009
9568 0.000016
9569 0.000007
9570 0.000013
9571 0.000008
9572 0.000017
9573 0.000037
9574 0.000025
9575 0.000034
9576 0.000044
9577 0.000019
9578 0.000022
9579 0.000034
9580 0.000027
9581 0.000039
9582 0.000027
9583 0.000017
9584 0.000018
9585 0.000015
9586 0.000019
9587 0.000021
9588 0.000019
9589 0.000017
9590 0.000012
9591 0.000020
9592 0.000009
9593 0.000020
9594 0.000022
9595 0.000024
9596 0.000013
9597 0.000021
9598 0.000017
9599 0.000022
9600 0.000023
9601 0.000027
9602 0.000016
9603 0.000034
9604 0.000050
9605 0.000029
9606 0.000030
9607 0.000014
9608 0.000010
9609 0.000018
9610 0.000019
9611 0.000021
9612 0.000015
9613 0.000012
9614 0.000016
9615 0.000013
9616 0.000008
9617 0.000014
9618 0.000013
9619 0.000020
9620 0.000014
9621 0.000021
9622 0.000013
9623 0.000016
9624 0.000017
9625 0.000009
9626 0.000053
9627 0.000058
9628 0.000063
9629 0.000056
9630 0.000058
9631 0.000026
9632 0.000020
9633 0.000022
9634 0.000013
9635 0.000007
9636 0.000008
9637 0.000007
9638 0.000013
9639 0.000021
9640 0.000013
9641 0.000007
9642 0.000046
9643 0.000027
9644 0.000025
9645 0.000016
9646 0.000017
9647 0.000035
9648 0.000018
9649 0.000022
9650 0.000014
9651 0.000017
9652 0.000009
9653 0.000014
9654 0.000023
9655 0.000013
9656 0.000015
9657 0.000013
9658 0.000011
9659 0.000010
9660 0.000015
9661 0.000016
9662 0.000016
9663 0.000013
9664 0.000021
9665 0.000023
9666 0.000033
9667 0.000024
9668 0.000028
9669 0.000024
9670 0.000029
9671 0.000043
9672 0.000021
9673 0.000043
9674 0.000021
9675 0.000013
9676 0.000018
9677 0.000008
9678 0.000012
9679 0.000021
9680 0.000010
9681 0.000009
9682 0.000022
9683 0.000030
9684 0.000028
9685 0.000030
9686 0.000032
9687 0.000031
9688 0.000018
9689 0.000007
9690 0.000020
9691 0.000046
9692 0.000017
9693 0.000011
9694 0.000008
9695 0.000041
9696 0.000042
9697 0.000035
9698 0.000046
9699 0.000025
9700 0.000027
9701 0.000011
9702 0.000013
9703 0.000021
9704 0.000022
9705 0.000011
9706 0.000027
9707 0.000013
9708 0.000008
9709 0.000017
9710 0.000021
9711 0.000021
9712 0.000016
9713 0.000023
9714 0.000014
9715 0.000018
9716 0.000010
9717 0.000019
9718 0.000026
9719 0.000023
9720 0.000035
9721 0.000017
9722 0.000009
9723 0.000019
9724 0.000011
9725 0.000011
9726 0.000021
9727 0.000028
9728 0.000021
9729 0.000024
9730 0.000013
9731 0.000012
9732 0.000020
9733 0.000012
9734 0.000028
9735 0.000021
9736 0.000016
9737 0.000025
9738 0.000010
9739 0.000020
9740 0.000018
9741 0.000013
9742 0.000022
9743 0.000021
9744 0.000016
9745 0.000040
9746 0.000017
9747 0.000019
9748 0.000026
9749 0.000024
9750 0.000010
9751 0.000031
9752 0.000033
9753 0.000025
9754 0.000040
9755 0.000050
9756 0.000022
9757 0.000014
9758 0.000020
9759 0.000020
9760 0.000011
9761 0.000032
9762 0.000026
9763 0.000014
9764 0.000018
9765 0.000028
9766 0.000021
9767 0.000029
9768 0.000023
9769 0.000009
9770 0.000010
9771 0.000007
9772 0.000009
9773 0.000024
9774 0.000028
9775 0.000036
9776 0.000033
9777 0.000032
9778 0.000033
9779 0.000039
9780 0.000024
9781 0.000013
9782 0.000009
9783 0.000014
9784 0.000038
9785 0.000050
9786 0.000029
9787 0.000025
9788 0.000017
9789 0.000009
9790 0.000008
9791 0.000005
9792 0.000029
9793 0.000047
9794 0.000029
9795 0.000026
9796 0.000019
9797 0.000028
9798 0.000021
9799 0.000031
9800 0.000042
9801 0.000021
9802 0.000009
9803 0.000012
9804 0.000008
9805 0.000010
9806 0.000006
9807 0.000008
9808 0.000008
9809 0.000015
9810 0.000015
9811 0.000037
9812 0.000019
9813 0.000022
9814 0.000023
9815 0.000018
9816 0.000010
9817 0.000018
9818 0.000019
9819 0.000017
9820 0.000021
9821 0.000014
9822 0.000018
9823 0.000032
9824 0.000013
9825 0.000014
9826 0.000023
9827 0.000024
9828 0.000018
9829 0.000016
9830 0.000017
9831 0.000020
9832 0.000023
9833 0.000019
9834 0.000017
9835 0.000013
9836 0.000010
9837 0.000011
9838 0.000008
9839 0.000013
9840 0.000030
9841 0.000017
9842 0.000021
9843 0.000010
9844 0.000015
9845 0.000017
9846 0.000037
9847 0.000022
9848 0.000021
9849 0.000017
9850 0.000014
9851 0.000011
9852 0.000029
9853 0.000008
9854 0.000016
9855 0.000016
9856 0.000032
9857 0.000015
9858 0.000021
9859 0.000040
9860 0.000015
9861 0.000025
9862 0.000031
9863 0.000017
9864 0.000011
9865 0.000006
9866 0.000016
9867 0.000023
9868 0.000051
9869 0.000055
9870 0.000017
9871 0.000011
9872 0.000032
9873 0.000029
9874 0.000017
9875 0.000014
9876 0.000009
9877 0.000007
9878 0.000018
9879 0.000007
9880 0.000005
9881 0.000006
9882 0.000015
9883 0.000015
9884 0.000019
9885 0.000019
9886 0.000023
9887 0.000024
9888 0.000010
9889 0.000011
9890 0.000011
9891 0.000014
9892 0.000007
9893 0.000007
9894 0.000010
9895 0.000019
9896 0.000016
9897 0.000008
9898 0.000011
9899 0.000006
9900 0.000006
9901 0.000012
9902 0.000012
9903 0.000009
9904 0.000007
9905 0.000008
9906 0.000013
9907 0.000023
9908 0.000020
9909 0.000013
9910 0.000032
9911 0.000019
9912 0.000020
9913 0.000020
9914 0.000015
9915 0.000017
9916 0.000022
9917 0.000026
9918 0.000024
9919 0.000022
9920 0.000038
9921 0.000057
9922 0.000023
9923 0.000018
9924 0.000020
9925 0.000013
9926 0.000044
9927 0.000035
9928 0.000022
9929 0.000012
9930 0.000017
9931 0.000017
9932 0.000008
9933 0.000018
9934 0.000033
9935 0.000009
9936 0.000008
9937 0.000005
9938 0.000007
9939 0.000025
9940 0.000008
9941 0.000014
9942 0.000023
9943 0.000026
9944 0.000025
9945 0.000024
9946 0.000007
9947 0.000014
9948 0.000012
9949 0.000009
9950 0.000012
9951 0.000013
9952 0.000019
9953 0.000025
9954 0.000022
9955 0.000033
9956 0.000015
9957 0.000033
9958 0.000026
9959 0.000036
9960 0.000029
9961 0.000022
9962 0.000012
9963 0.000013
9964 0.000022
9965 0.000015
9966 0.000018
9967 0.000024
9968 0.000040
9969 0.000016
9970 0.000019
9971 0.000011
9972 0.000034
9973 0.000020
9974 0.000022
9975 0.000011
9976 0.000031
9977 0.000021
9978 0.000036
9979 0.000019
9980 0.000007
9981 0.000011
9982 0.000016
9983 0.000016
9984 0.000010
9985 0.000011
9986 0.000050
9987 0.000058
9988 0.000039
9989 0.000038
9990 0.000024
9991 0.000020
9992 0.000021
9993 0.000012
9994 0.000013
9995 0.000012
9996 0.000010
9997 0.000014
9998 0.000025
9999 0.000015
10000 0.000015
10001 0.000022
10002 0.000016
10003 0.000024
10004 0.000013
10005 0.000030
10006 0.000027
10007 0.000039
10008 0.000019
10009 0.000030
10010 0.000025
10011 0.000008
10012 0.000022
10013 0.000017
10014 0.000009
10015 0.000013
10016 0.000025
10017 0.000017
10018 0.000023
10019 0.000016
10020 0.000026
10021 0.000030
10022 0.000021
10023 0.000015
10024 0.000015
10025 0.000015
10026 0.000020
10027 0.000009
10028 0.000015
10029 0.000020
10030 0.000033
10031 0.000031
10032 0.000023
10033 0.000013
10034 0.000009
10035 0.000029
10036 0.000018
10037 0.000022
10038 0.000024
10039 0.000015
10040 0.000021
10041 0.000033
10042 0.000052
10043 0.000037
10044 0.000018
10045 0.000015
10046 0.000016
10047 0.000029
10048 0.000020
10049 0.000026
10050 0.000019
10051 0.000027
10052 0.000049
10053 0.000024
10054 0.000030
10055 0.000031
10056 0.000016
10057 0.000008
10058 0.000022
10059 0.000030
10060 0.000024
10061 0.000030
10062 0.000035
10063 0.000018
10064 0.000011
10065 0.000014
10066 0.000021
10067 0.000009
10068 0.000025
10069 0.000041
10070 0.000045
10071 0.000025
10072 0.000012
10073 0.000007
10074 0.000011
10075 0.000011
10076 0.000007
10077 0.000019
10078 0.000019
10079 0.000030
10080 0.000012
10081 0.000016
10082 0.000024
10083 0.000023
10084 0.000013
10085 0.000017
10086 0.000005
10087 0.000007
10088 0.000022
10089 0.000009
10090 0.000025
10091 0.000014
10092 0.000010
10093 0.000005
10094 0.000010
10095 0.000020
10096 0.000018
10097 0.000018
10098 0.000012
10099 0.000034
10100 0.000020
10101 0.000012
10102 0.000016
10103 0.000015
10104 0.000016
10105 0.000044
10106 0.000019
10107 0.000019
10108 0.000011
10109 0.000018
10110 0.000023
10111 0.000018
10112 0.000021
10113 0.000033
10114 0.000031
10115 0.000026
10116 0.000036
10117 0.000011
10118 0.000028
10119 0.000030
10120 0.000022
10121 0.000010
10122 0.000021
10123 0.000031
10124 0.000021
10125 0.000028
10126 0.000027
10127 0.000018
10128 0.000012
10129 0.000012
10130 0.000008
10131 0.000020
10132 0.000019
10133 0.000008
10134 0.000028
10135 0.000011
10136 0.000018
10137 0.000032
10138 0.000023
10139 0.000015
10140 0.000020
10141 0.000020
10142 0.000009
10143 0.000016
10144 0.000015
10145 0.000008
10146 0.000005
10147 0.000004
10148 0.000020
10149 0.000021
10150 0.000026
10151 0.000025
10152 0.000033
10153 0.000012
10154 0.000008
10155 0.000005
10156 0.000007
10157 0.000014
10158 0.000016
10159 0.000023
10160 0.000013
10161 0.000016
10162 0.000020
10163 0.000012
10164 0.000011
10165 0.000017
10166 0.000013
10167 0.000008
10168 0.000015
10169 0.000015
10170 0.000021
10171 0.000041
10172 0.000022
10173 0.000024
10174 0.000016
10175 0.000026
10176 0.000032
10177 0.000025
10178 0.000028
10179 0.000013
10180 0.000040
10181 0.000020
10182 0.000011
10183 0.000008
10184 0.000015
10185 0.000009
10186 0.000025
10187 0.000008
10188 0.000010
10189 0.000028
10190 0.000009
10191 0.000017
10192 0.000024
10193 0.000024
10194 0.000015
10195 0.000019
10196 0.000017
10197 0.000023
10198 0.000012
10199 0.000021
10200 0.000025
10201 0.000023
10202 0.000013
10203 0.000010
10204 0.000032
10205 0.000012
10206 0.000016
10207 0.000010
10208 0.000012
10209 0.000009
10210 0.000016
10211 0.000010
10212 0.000025
10213 0.000008
10214 0.000020
10215 0.000014
10216 0.000011
10217 0.000013
10218 0.000012
10219 0.000028
10220 0.000018
10221 0.000019
10222 0.000011
10223 0.000024
10224 0.000033
10225 0.000023
10226 0.000024
10227 0.000023
10228 0.000018
10229 0.000027
10230 0.000015
10231 0.000011
10232 0.000033
10233 0.000012
10234 0.000024
10235 0.000010
10236 0.000042
10237 0.000038
10238 0.000049
10239 0.000018
10240 0.000040
10241 0.000035
10242 0.000013
10243 0.000016
10244 0.000038
10245 0.000041
10246 0.000015
10247 0.000018
10248 0.000026
10249 0.000020
10250 0.000017
10251 0.000026
10252 0.000018
10253 0.000019
10254 0.000020
10255 0.000019
10256 0.000024
10257 0.000022
10258 0.000009
10259 0.000017
10260 0.000022
10261 0.000034
10262 0.000022
10263 0.000040
10264 0.000028
10265 0.000011
10266 0.000016
10267 0.000022
10268 0.000017
10269 0.000011
10270 0.000014
10271 0.000023
10272 0.000007
10273 0.000013
10274 0.000022
10275 0.000029
10276 0.000030
10277 0.000044
10278 0.000012
10279 0.000010
10280 0.000006
10281 0.000008
10282 0.000007
10283 0.000025
10284 0.000024
10285 0.000017
10286 0.000018
10287 0.000036
10288 0.000056
10289 0.000011
10290 0.000013
10291 0.000014
10292 0.000007
10293 0.000020
10294 0.000029
10295 0.000020
10296 0.000016
10297 0.000007
10298 0.000013
10299 0.000021
10300 0.000026
10301 0.000013
10302 0.000023
10303 0.000011
10304 0.000011
10305 0.000020
10306 0.000036
10307 0.000041
10308 0.000028
10309 0.000023
10310 0.000013
10311 0.000013
10312 0.000009
10313 0.000027
10314 0.000017
10315 0.000047
10316 0.000036
10317 0.000022
10318 0.000006
10319 0.000013
10320 0.000014
10321 0.000024
10322 0.000015
10323 0.000015
10324 0.000018
10325 0.000009
10326 0.000016
10327 0.000013
10328 0.000014
10329 0.000021
10330 0.000032
10331 0.000029
10332 0.000018
10333 0.000009
10334 0.000014
10335 0.000018
10336 0.000019
10337 0.000015
10338 0.000015
10339 0.000015
10340 0.000008
10341 0.000021
10342 0.000026
10343 0.000010
10344 0.000017
10345 0.000039
10346 0.000051
10347 0.000025
10348 0.000019
10349 0.000011
10350 0.000031
10351 0.000020
10352 0.000019
10353 0.000019
10354 0.000008
10355 0.000023
10356 0.000026
10357 0.000014
10358 0.000009
10359 0.000007
10360 0.000010
10361 0.000019
10362 0.000024
10363 0.000017
10364 0.000018
10365 0.000013
10366 0.000014
10367 0.000014
10368 0.000045
10369 0.000024
10370 0.000013
10371 0.000015
10372 0.000014
10373 0.000020
10374 0.000014
10375 0.000034
10376 0.000044
10377 0.000015
10378 0.000021
10379 0.000022
10380 0.000016
10381 0.000010
10382 0.000016
10383 0.000011
10384 0.000019
10385 0.000032
10386 0.000033
10387 0.000031
10388 0.000026
10389 0.000008
10390 0.000014
10391 0.000022
10392 0.000014
10393 0.000010
10394 0.000038
10395 0.000014
10396 0.000016
10397 0.000011
10398 0.000019
10399 0.000014
10400 0.000015
10401 0.000016
10402 0.000006
10403 0.000011
10404 0.000014
10405 0.000008
10406 0.000015
10407 0.000019
10408 0.000007
10409 0.000009
10410 0.000029
10411 0.000015
10412 0.000027
10413 0.000037
10414 0.000009
10415 0.000016
10416 0.000012
10417 0.000035
10418 0.000033
10419 0.000036
10420 0.000014
10421 0.000009
10422 0.000013
10423 0.000018
10424 0.000011
10425 0.000008
10426 0.000005
10427 0.000028
10428 0.000015
10429 0.000021
10430 0.000019
10431 0.000029
10432 0.000015
10433 0.000014
10434 0.000019
10435 0.000022
10436 0.000013
10437 0.000019
10438 0.000022
10439 0.000015
10440 0.000013
10441 0.000007
10442 0.000010
10443 0.000041
10444 0.000022
10445 0.000033
10446 0.000017
10447 0.000019
10448 0.000015
10449 0.000040
10450 0.000054
10451 0.000063
10452 0.000085
10453 0.000015
10454 0.000012
10455 0.000010
10456 0.000041
10457 0.000015
10458 0.000018
10459 0.000024
10460 0.000016
10461 0.000015
10462 0.000006
10463 0.000013
10464 0.000013
10465 0.000019
10466 0.000028
10467 0.000014
10468 0.000019
10469 0.000013
10470 0.000011
10471 0.000033
10472 0.000034
10473 0.000010
10474 0.000012
10475 0.000020
10476 0.000012
10477 0.000018
10478 0.000016
10479 0.000027
10480 0.000015
10481 0.000025
10482 0.000021
10483 0.000013
10484 0.000033
10485 0.000031
10486 0.000023
10487 0.000010
10488 0.000021
10489 0.000019
10490 0.000019
10491 0.000019
10492 0.000016
10493 0.000011
10494 0.000009
10495 0.000020
10496 0.000026
10497 0.000017
10498 0.000024
10499 0.000020
10500 0.000038
10501 0.000025
10502 0.000034
10503 0.000027
10504 0.000026
10505 0.000015
10506 0.000006
10507 0.000016
10508 0.000009
10509 0.000013
10510 0.000016
10511 0.000010
10512 0.000015
10513 0.000021
10514 0.000020
10515 0.000012
10516 0.000014
10517 0.000017
10518 0.000010
10519 0.000010
10520 0.000007
10521 0.000014
10522 0.000021
10523 0.000046
10524 0.000055
10525 0.000027
10526 0.000024
10527 0.000016
10528 0.000025
10529 0.000022
10530 0.000009
10531 0.000028
10532 0.000033
10533 0.000033
10534 0.000017
10535 0.000027
10536 0.000022
10537 0.000028
10538 0.000009
10539 0.000011
10540 0.000028
10541 0.000027
10542 0.000020
10543 0.000020
10544 0.000017
10545 0.000020
10546 0.000009
10547 0.000014
10548 0.000021
10549 0.000009
10550 0.000004
10551 0.000004
10552 0.000007
10553 0.000017
10554 0.000013
10555 0.000007
10556 0.000012
10557 0.000022
10558 0.000031
10559 0.000016
10560 0.000028
10561 0.000013
10562 0.000018
10563 0.000025
10564 0.000018
10565 0.000010
10566 0.000016
10567 0.000013
10568 0.000007
10569 0.000008
10570 0.000014
10571 0.000019
10572 0.000019
10573 0.000012
10574 0.000023
10575 0.000019
10576 0.000026
10577 0.000033
10578 0.000018
10579 0.000015
10580 0.000015
10581 0.000018
10582 0.000013
10583 0.000024
10584 0.000013
10585 0.000018
10586 0.000031
10587 0.000019
10588 0.000017
10589 0.000023
10590 0.000032
10591 0.000016
10592 0.000020
10593 0.000047
10594 0.000013
10595 0.000034
10596 0.000027
10597 0.000034
10598 0.000014
10599 0.000021
10600 0.000033
10601 0.000017
10602 0.000018
10603 0.000015
10604 0.000008
10605 0.000006
10606 0.000025
10607 0.000024
10608 0.000023
10609 0.000018
10610 0.000046
10611 0.000048
10612 0.000033
10613 0.000016
10614 0.000012
10615 0.000017
10616 0.000009
10617 0.000006
10618 0.000034
10619 0.000033
10620 0.000022
10621 0.000021
10622 0.000021
10623 0.000027
10624 0.000016
10625 0.000018
10626 0.000012
10627 0.000019
10628 0.000015
10629 0.000017
10630 0.000028
10631 0.000037
10632 0.000020
10633 0.000029
10634 0.000035
10635 0.000037
10636 0.000030
10637 0.000030
10638 0.000029
10639 0.000026
10640 0.000026
10641 0.000010
10642 0.000018
10643 0.000012
10644 0.000021
10645 0.000011
10646 0.000024
10647 0.000015
10648 0.000011
10649 0.000046
10650 0.000020
10651 0.000024
10652 0.000015
10653 0.000009
10654 0.000021
10655 0.000027
10656 0.000017
10657 0.000022
10658 0.000019
10659 0.000022
10660 0.000016
10661 0.000012
10662 0.000016
10663 0.000013
10664 0.000025
10665 0.000011
10666 0.000005
10667 0.000015
10668 0.000012
10669 0.000020
10670 0.000033
10671 0.000022
10672 0.000012
10673 0.000018
10674 0.000022
10675 0.000014
10676 0.000025
10677 0.000014
10678 0.000016
10679 0.000022
10680 0.000010
10681 0.000005
10682 0.000004
10683 0.000019
10684 0.000010
10685 0.000015
10686 0.000016
10687 0.000006
10688 0.000015
10689 0.000011
10690 0.000010
10691 0.000018
10692 0.000010
10693 0.000006
10694 0.000010
10695 0.000019
10696 0.000015
10697 0.000009
10698 0.000017
10699 0.000011
10700 0.000006
10701 0.000010
10702 0.000006
10703 0.000016
10704 0.000022
10705 0.000015
10706 0.000009
10707 0.000039
10708 0.000019
10709 0.000024
10710 0.000025
10711 0.000021
10712 0.000017
10713 0.000022
10714 0.000017
10715 0.000035
10716 0.000022
10717 0.000016
10718 0.000007
10719 0.000020
10720 0.000006
10721 0.000011
10722 0.000006
10723 0.000007
10724 0.000038
10725 0.000030
10726 0.000014
10727 0.000021
10728 0.000007
10729 0.000014
10730 0.000014
10731 0.000018
10732 0.000011
10733 0.000008
10734 0.000015
10735 0.000013
10736 0.000012
10737 0.000017
10738 0.000022
10739 0.000030
10740 0.000040
10741 0.000033
10742 0.000020
10743 0.000031
10744 0.000014
10745 0.000019
10746 0.000017
10747 0.000018
10748 0.000020
10749 0.000030
10750 0.000030
10751 0.000044
10752 0.000019
10753 0.000006
10754 0.000011
10755 0.000011
10756 0.000020
10757 0.000025
10758 0.000014
10759 0.000026
10760 0.000014
10761 0.000029
10762 0.000017
10763 0.000023
10764 0.000027
10765 0.000015
10766 0.000013
10767 0.000020
10768 0.000019
10769 0.000015
10770 0.000032
10771 0.000028
10772 0.000022
10773 0.000019
10774 0.000008
10775 0.000014
10776 0.000034
10777 0.000053
10778 0.000030
10779 0.000017
10780 0.000008
10781 0.000013
10782 0.000010
10783 0.000010
10784 0.000011
10785 0.000018
10786 0.000015
10787 0.000016
10788 0.000016
10789 0.000026
10790 0.000023
10791 0.000032
10792 0.000012
10793 0.000008
10794 0.000009
10795 0.000039
10796 0.000049
10797 0.000037
10798 0.000011
10799 0.000035
10800 0.000028
10801 0.000025
10802 0.000044
10803 0.000012
10804 0.000026
10805 0.000025
10806 0.000019
10807 0.000027
10808 0.000020
10809 0.000016
10810 0.000014
10811 0.000009
10812 0.000008
10813 0.000035
10814 0.000030
10815 0.000040
10816 0.000022
10817 0.000008
10818 0.000008
10819 0.000016
10820 0.000018
10821 0.000017
10822 0.000020
10823 0.000021
10824 0.000007
10825 0.000007
10826 0.000017
10827 0.000024
10828 0.000021
10829 0.000021
10830 0.000015
10831 0.000015
10832 0.000007
10833 0.000009
10834 0.000007
10835 0.000034
10836 0.000012
10837 0.000018
10838 0.000015
10839 0.000026
10840 0.000015
10841 0.000014
10842 0.000011
10843 0.000025
10844 0.000014
10845 0.000025
10846 0.000016
10847 0.000025
10848 0.000032
10849 0.000043
10850 0.000026
10851 0.000017
10852 0.000017
10853 0.000023
10854 0.000012
10855 0.000006
10856 0.000007
10857 0.000018
10858 0.000018
10859 0.000030
10860 0.000014
10861 0.000017
10862 0.000022
10863 0.000027
10864 0.000026
10865 0.000018
10866 0.000017
10867 0.000044
10868 0.000011
10869 0.000011
10870 0.000014
10871 0.000017
10872 0.000016
10873 0.000011
10874 0.000013
10875 0.000010
10876 0.000023
10877 0.000018
10878 0.000012
10879 0.000020
10880 0.000023
10881 0.000026
10882 0.000045
10883 0.000027
10884 0.000018
10885 0.000030
10886 0.000048
10887 0.000029
10888 0.000041
10889 0.000019
10890 0.000015
10891 0.000015
10892 0.000012
10893 0.000017
10894 0.000018
10895 0.000010
10896 0.000023
10897 0.000013
10898 0.000014
10899 0.000024
10900 0.000023
10901 0.000012
10902 0.000012
10903 0.000032
10904 0.000028
10905 0.000029
10906 0.000021
10907 0.000018
10908 0.000022
10909 0.000013
10910 0.000024
10911 0.000016
10912 0.000011
10913 0.000015
10914 0.000012
10915 0.000005
10916 0.000011
10917 0.000021
10918 0.000041
10919 0.000022
10920 0.000024
10921 0.000022
10922 0.000019
10923 0.000017
10924 0.000020
10925 0.000032
10926 0.000010
10927 0.000026
10928 0.000030
10929 0.000027
10930 0.000014
10931 0.000027
10932 0.000023
10933 0.000013
10934 0.000008
10935 0.000019
10936 0.000017
10937 0.000010
10938 0.000037
10939 0.000034
10940 0.000026
10941 0.000037
10942 0.000012
10943 0.000026
10944 0.000045
10945 0.000031
10946 0.000018
10947 0.000027
10948 0.000014
10949 0.000012
10950 0.000008
10951 0.000006
10952 0.000016
10953 0.000010
10954 0.000027
10955 0.000010
10956 0.000023
10957 0.000009
10958 0.000017
10959 0.000018
10960 0.000014
10961 0.000020
10962 0.000040
10963 0.000025
10964 0.000025
10965 0.000013
10966 0.000013
10967 0.000053
10968 0.000024
10969 0.000009
10970 0.000024
10971 0.000024
10972 0.000032
10973 0.000010
10974 0.000012
10975 0.000006
10976 0.000011
10977 0.000012
10978 0.000016
10979 0.000012
10980 0.000016
10981 0.000012
10982 0.000019
10983 0.000037
10984 0.000017
10985 0.000008
10986 0.000010
10987 0.000010
10988 0.000015
10989 0.000005
10990 0.000034
10991 0.000018
10992 0.000008
10993 0.000007
10994 0.000012
10995 0.000020
10996 0.000025
10997 0.000030
10998 0.000017
10999 0.000023
11000 0.000030
11001 0.000029
11002 0.000009
11003 0.000013
11004 0.000012
11005 0.000026
11006 0.000010
11007 0.000026
11008 0.000012
11009 0.000014
11010 0.000007
11011 0.000019
11012 0.000011
11013 0.000008
11014 0.000022
11015 0.000013
11016 0.000023
11017 0.000021
11018 0.000017
11019 0.000006
11020 0.000021
11021 0.000026
11022 0.000021
11023 0.000035
11024 0.000026
11025 0.000027
11026 0.000039
11027 0.000011
11028 0.000014
11029 0.000026
11030 0.000028
11031 0.000015
11032 0.000016
11033 0.000023
11034 0.000022
11035 0.000009
11036 0.000018
11037 0.000020
11038 0.000017
11039 0.000019
11040 0.000024
11041 0.000015
11042 0.000029
11043 0.000018
11044 0.000015
11045 0.000019
11046 0.000012
11047 0.000007
11048 0.000011
11049 0.000009
11050 0.000013
11051 0.000017
11052 0.000010
11053 0.000013
11054 0.000037
11055 0.000051
11056 0.000025
11057 0.000017
11058 0.000012
11059 0.000032
11060 0.000019
11061 0.000012
11062 0.000028
11063 0.000042
11064 0.000017
11065 0.000011
11066 0.000045
11067 0.000009
11068 0.000006
11069 0.000010
11070 0.000020
11071 0.000022
11072 0.000038
11073 0.000019
11074 0.000023
11075 0.000051
11076 0.000044
11077 0.000033
11078 0.000028
11079 0.000017
11080 0.000020
11081 0.000023
11082 0.000008
11083 0.000011
11084 0.000009
11085 0.000010
11086 0.000018
11087 0.000035
11088 0.000019
11089 0.000032
11090 0.000019
11091 0.000012
11092 0.000023
11093 0.000024
11094 0.000017
11095 0.000033
11096 0.000019
11097 0.000018
11098 0.000012
11099 0.000014
11100 0.000007
11101 0.000009
11102 0.000015
11103 0.000040
11104 0.000014
11105 0.000012
11106 0.000012
11107 0.000027
11108 0.000008
11109 0.000019
11110 0.000022
11111 0.000042
11112 0.000029
11113 0.000016
11114 0.000013
11115 0.000009
11116 0.000005
11117 0.000009
11118 0.000018
11119 0.000014
11120 0.000016
11121 0.000018
11122 0.000027
11123 0.000026
11124 0.000010
11125 0.000012
11126 0.000019
11127 0.000023
11128 0.000023
11129 0.000047
11130 0.000034
11131 0.000013
11132 0.000020
11133 0.000007
11134 0.000004
11135 0.000004
11136 0.000005
11137 0.000004
11138 0.000006
11139 0.000010
11140 0.000027
11141 0.000009
11142 0.000023
11143 0.000033
11144 0.000030
11145 0.000011
11146 0.000010
11147 0.000013
11148 0.000032
11149 0.000048
11150 0.000011
11151 0.000020
11152 0.000010
11153 0.000045
11154 0.000036
11155 0.000035
11156 0.000020
11157 0.000011
11158 0.000016
11159 0.000008
11160 0.000018
11161 0.000020
11162 0.000017
11163 0.000010
11164 0.000009
11165 0.000027
11166 0.000028
11167 0.000011
11168 0.000017
11169 0.000018
11170 0.000018
11171 0.000026
11172 0.000014
11173 0.000013
11174 0.000015
11175 0.000014
11176 0.000023
11177 0.000016
11178 0.000019
11179 0.000014
11180 0.000021
11181 0.000023
11182 0.000023
11183 0.000023
11184 0.000032
11185 0.000018
11186 0.000035
11187 0.000060
11188 0.000012
11189 0.000019
11190 0.000017
11191 0.000027
11192 0.000018
11193 0.000017
11194 0.000032
11195 0.000011
11196 0.000030
11197 0.000011
11198 0.000005
11199 0.000040
11200 0.000020
11201 0.000014
11202 0.000022
11203 0.000009
11204 0.000005
11205 0.000010
11206 0.000029
11207 0.000024
11208 0.000010
11209 0.000023
11210 0.000013
11211 0.000012
11212 0.000011
11213 0.000018
11214 0.000017
11215 0.000010
11216 0.000015
11217 0.000005
11218 0.000022
11219 0.000009
11220 0.000011
11221 0.000008
11222 0.000033
11223 0.000039
11224 0.000014
11225 0.000022
11226 0.000015
11227 0.000032
11228 0.000023
11229 0.000034
11230 0.000020
11231 0.000014
11232 0.000012
11233 0.000011
11234 0.000006
11235 0.000015
11236 0.000011
11237 0.000011
11238 0.000009
11239 0.000011
11240 0.000006
11241 0.000009
11242 0.000012
11243 0.000015
11244 0.000028
11245 0.000017
11246 0.000018
11247 0.000009
11248 0.000010
11249 0.000009
11250 0.000016
11251 0.000016
11252 0.000025
11253 0.000019
11254 0.000016
11255 0.000006
11256 0.000009
11257 0.000049
11258 0.000019
11259 0.000019
11260 0.000011
11261 0.000009
11262 0.000042
11263 0.000015
11264 0.000011
11265 0.000006
11266 0.000005
11267 0.000017
11268 0.000025
11269 0.000030
11270 0.000022
11271 0.000035
11272 0.000025
11273 0.000047
11274 0.000027
11275 0.000024
11276 0.000033
11277 0.000017
11278 0.000013
11279 0.000013
11280 0.000007
11281 0.000008
11282 0.000013
11283 0.000021
11284 0.000017
11285 0.000033
11286 0.000034
11287 0.000027
11288 0.000028
11289 0.000017
11290 0.000008
11291 0.000016
11292 0.000010
11293 0.000009
11294 0.000023
11295 0.000031
11296 0.000029
11297 0.000021
11298 0.000007
11299 0.000005
11300 0.000019
11301 0.000007
11302 0.000018
11303 0.000010
11304 0.000027
11305 0.000020
11306 0.000015
11307 0.000009
11308 0.000009
11309 0.000012
11310 0.000011
11311 0.000014
11312 0.000007
11313 0.000038
11314 0.000036
11315 0.000013
11316 0.000023
11317 0.000009
11318 0.000006
11319 0.000007
11320 0.000009
11321 0.000025
11322 0.000037
11323 0.000033
11324 0.000034
11325 0.000009
11326 0.000024
11327 0.000028
11328 0.000034
11329 0.000050
11330 0.000074
11331 0.000040
11332 0.000029
11333 0.000021
11334 0.000017
11335 0.000016
11336 0.000011
11337 0.000008
11338 0.000010
11339 0.000011
11340 0.000012
11341 0.000013
11342 0.000017
11343 0.000026
11344 0.000014
11345 0.000008
11346 0.000004
11347 0.000023
11348 0.000032
11349 0.000020
11350 0.000037
11351 0.000018
11352 0.000027
11353 0.000013
11354 0.000017
11355 0.000006
11356 0.000038
11357 0.000031
11358 0.000037
11359 0.000042
11360 0.000030
11361 0.000032
11362 0.000055
11363 0.000012
11364 0.000030
11365 0.000035
11366 0.000043
11367 0.000024
11368 0.000044
11369 0.000034
11370 0.000038
11371 0.000014
11372 0.000017
11373 0.000012
11374 0.000020
11375 0.000018
11376 0.000028
11377 0.000024
11378 0.000020
11379 0.000012
11380 0.000018
11381 0.000011
11382 0.000016
11383 0.000029
11384 0.000014
11385 0.000024
11386 0.000026
11387 0.000047
11388 0.000025
11389 0.000034
11390 0.000032
11391 0.000017
11392 0.000032
11393 0.000057
11394 0.000024
11395 0.000025
11396 0.000009
11397 0.000043
11398 0.000041
11399 0.000017
11400 0.000017
11401 0.000022
11402 0.000012
11403 0.000005
11404 0.000013
11405 0.000008
11406 0.000008
11407 0.000022
11408 0.000012
11409 0.000010
11410 0.000017
11411 0.000020
11412 0.000010
11413 0.000012
11414 0.000024
11415 0.000017
11416 0.000012
11417 0.000025
11418 0.000036
11419 0.000032
11420 0.000020
11421 0.000015
11422 0.000016
11423 0.000017
11424 0.000011
11425 0.000008
11426 0.000031
11427 0.000019
11428 0.000017
11429 0.000010
11430 0.000020
11431 0.000013
11432 0.000014
11433 0.000013
11434 0.000016
11435 0.000017
11436 0.000010
11437 0.000020
11438 0.000013
11439 0.000025
11440 0.000032
11441 0.000040
11442 0.000028
11443 0.000009
11444 0.000007
11445 0.000020
11446 0.000019
11447 0.000020
11448 0.000007
11449 0.000007
11450 0.000034
11451 0.000041
11452 0.000015
11453 0.000029
11454 0.000023
11455 0.000028
11456 0.000015
11457 0.000015
11458 0.000031
11459 0.000024
11460 0.000020
11461 0.000009
11462 0.000021
11463 0.000015
11464 0.000021
11465 0.000033
11466 0.000011
11467 0.000006
11468 0.000013
11469 0.000016
11470 0.000011
11471 0.000019
11472 0.000023
11473 0.000018
11474 0.000031
11475 0.000021
11476 0.000032
11477 0.000024
11478 0.000020
11479 0.000025
11480 0.000019
11481 0.000018
11482 0.000011
11483 0.000038
11484 0.000042
11485 0.000053
11486 0.000026
11487 0.000026
11488 0.000011
11489 0.000029
11490 0.000019
11491 0.000025
11492 0.000026
11493 0.000017
11494 0.000025
11495 0.000016
11496 0.000006
11497 0.000017
11498 0.000015
11499 0.000021
11500 0.000021
11501 0.000015
11502 0.000026
11503 0.000014
11504 0.000014
11505 0.000027
11506 0.000025
11507 0.000028
11508 0.000037
11509 0.000043
11510 0.000027
11511 0.000041
11512 0.000028
11513 0.000008
11514 0.000015
11515 0.000021
11516 0.000022
11517 0.000024
11518 0.000036
11519 0.000043
11520 0.000019
11521 0.000023
11522 0.000031
11523 0.000015
11524 0.000029
11525 0.000033
11526 0.000018
11527 0.000015
11528 0.000017
11529 0.000040
11530 0.000065
11531 0.000019
11532 0.000014
11533 0.000022
11534 0.000018
11535 0.000008
11536 0.000031
11537 0.000043
11538 0.000015
11539 0.000023
11540 0.000007
11541 0.000014
11542 0.000012
11543 0.000014
11544 0.000025
11545 0.000018
11546 0.000029
11547 0.000016
11548 0.000024
11549 0.000014
11550 0.000007
11551 0.000033
11552 0.000028
11553 0.000020
11554 0.000015
11555 0.000014
11556 0.000014
11557 0.000053
11558 0.000019
11559 0.000035
11560 0.000037
11561 0.000020
11562 0.000048
11563 0.000047
11564 0.000031
11565 0.000036
11566 0.000036
11567 0.000034
11568 0.000040
11569 0.000035
11570 0.000015
11571 0.000021
11572 0.000029
11573 0.000018
11574 0.000013
11575 0.000010
11576 0.000015
11577 0.000010
11578 0.000011
11579 0.000006
11580 0.000004
11581 0.000007
11582 0.000008
11583 0.000014
11584 0.000032
11585 0.000025
11586 0.000018
11587 0.000009
11588 0.000005
11589 0.000004
11590 0.000004
11591 0.000025
11592 0.000044
11593 0.000029
11594 0.000039
11595 0.000014
11596 0.000012
11597 0.000009
11598 0.000021
11599 0.000021
11600 0.000039
11601 0.000037
11602 0.000018
11603 0.000019
11604 0.000021
11605 0.000026
11606 0.000011
11607 0.000017
11608 0.000042
11609 0.000030
11610 0.000019
11611 0.000017
11612 0.000016
11613 0.000027
11614 0.000014
11615 0.000016
11616 0.000010
11617 0.000022
11618 0.000011
11619 0.000031
11620 0.000008
11621 0.000010
11622 0.000017
11623 0.000020
11624 0.000036
11625 0.000042
11626 0.000049
11627 0.000036
11628 0.000037
11629 0.000017
11630 0.000026
11631 0.000027
11632 0.000011
11633 0.000005
11634 0.000024
11635 0.000019
11636 0.000007
11637 0.000030
11638 0.000027
11639 0.000011
11640 0.000036
11641 0.000043
11642 0.000026
11643 0.000025
11644 0.000013
11645 0.000030
11646 0.000025
11647 0.000008
11648 0.000014
11649 0.000035
11650 0.000019
11651 0.000022
11652 0.000037
11653 0.000040
11654 0.000027
11655 0.000021
11656 0.000020
11657 0.000024
11658 0.000008
11659 0.000012
11660 0.000011
11661 0.000022
11662 0.000009
11663 0.000020
11664 0.000018
11665 0.000011
11666 0.000019
11667 0.000018
11668 0.000022
11669 0.000022
11670 0.000045
11671 0.000018
11672 0.000009
11673 0.000016
11674 0.000019
11675 0.000021
11676 0.000009
11677 0.000009
11678 0.000015
11679 0.000026
11680 0.000021
11681 0.000032
11682 0.000031
11683 0.000019
11684 0.000010
11685 0.000005
11686 0.000007
11687 0.000019
11688 0.000009
11689 0.000012
11690 0.000021
11691 0.000009
11692 0.000020
11693 0.000020
11694 0.000015
11695 0.000009
11696 0.000028
11697 0.000029
11698 0.000014
11699 0.000026
11700 0.000047
11701 0.000060
11702 0.000055
11703 0.000022
11704 0.000018
11705 0.000015
11706 0.000011
11707 0.000008
11708 0.000005
11709 0.000009
11710 0.000017
11711 0.000017
11712 0.000026
11713 0.000043
11714 0.000035
11715 0.000019
11716 0.000021
11717 0.000027
11718 0.000019
11719 0.000006
11720 0.000005
11721 0.000019
11722 0.000024
11723 0.000009
11724 0.000023
11725 0.000034
11726 0.000038
11727 0.000020
11728 0.000015
11729 0.000022
11730 0.000012
11731 0.000013
11732 0.000014
11733 0.000014
11734 0.000012
11735 0.000013
11736 0.000021
11737 0.000022
11738 0.000014
11739 0.000012
11740 0.000010
11741 0.000011
11742 0.000012
11743 0.000013
11744 0.000010
11745 0.000008
11746 0.000010
11747 0.000006
11748 0.000004
11749 0.000016
11750 0.000062
11751 0.000021
11752 0.000015
11753 0.000029
11754 0.000019
11755 0.000030
11756 0.000051
11757 0.000025
11758 0.000019
11759 0.000010
11760 0.000005
11761 0.000014
11762 0.000015
11763 0.000012
11764 0.000013
11765 0.000007
11766 0.000004
11767 0.000038
11768 0.000017
11769 0.000008
11770 0.000009
11771 0.000019
11772 0.000031
11773 0.000008
11774 0.000005
11775 0.000019
11776 0.000024
11777 0.000006
11778 0.000016
11779 0.000024
11780 0.000026
11781 0.000025
11782 0.000028
11783 0.000009
11784 0.000010
11785 0.000015
11786 0.000019
11787 0.000014
11788 0.000014
11789 0.000022
11790 0.000017
11791 0.000015
11792 0.000021
11793 0.000024
11794 0.000027
11795 0.000030
11796 0.000008
11797 0.000024
11798 0.000034
11799 0.000021
11800 0.000030
11801 0.000038
11802 0.000014
11803 0.000040
11804 0.000016
11805 0.000008
11806 0.000009
11807 0.000009
11808 0.000024
11809 0.000027
11810 0.000007
11811 0.000041
11812 0.000020
11813 0.000024
11814 0.000027
11815 0.000024
11816 0.000036
11817 0.000014
11818 0.000017
11819 0.000039
11820 0.000012
11821 0.000027
11822 0.000017
11823 0.000018
11824 0.000023
11825 0.000013
11826 0.000019
11827 0.000036
11828 0.000056
11829 0.000022
11830 0.000026
11831 0.000024
11832 0.000034
11833 0.000026
11834 0.000017
11835 0.000021
11836 0.000015
11837 0.000013
11838 0.000014
11839 0.000015
11840 0.000033
11841 0.000036
11842 0.000028
11843 0.000022
11844 0.000028
11845 0.000011
11846 0.000009
11847 0.000009
11848 0.000015
11849 0.000013
11850 0.000041
11851 0.000021
11852 0.000014
11853 0.000025
11854 0.000019
11855 0.000037
11856 0.000033
11857 0.000033
11858 0.000032
11859 0.000022
11860 0.000016
11861 0.000034
11862 0.000013
11863 0.000013
11864 0.000016
11865 0.000013
11866 0.000031
11867 0.000030
11868 0.000016
11869 0.000017
11870 0.000030
11871 0.000018
11872 0.000015
11873 0.000021
11874 0.000021
11875 0.000016
11876 0.000010
11877 0.000021
11878 0.000020
11879 0.000012
11880 0.000014
11881 0.000009
11882 0.000015
11883 0.000011
11884 0.000009
11885 0.000023
11886 0.000019
11887 0.000009
11888 0.000013
11889 0.000015
11890 0.000020
11891 0.000010
11892 0.000018
11893 0.000011
11894 0.000006
11895 0.000020
11896 0.000008
11897 0.000026
11898 0.000017
11899 0.000012
11900 0.000022
11901 0.000044
11902 0.000012
11903 0.000025
11904 0.000024
11905 0.000044
11906 0.000043
11907 0.000022
11908 0.000032
11909 0.000011
11910 0.000038
11911 0.000014
11912 0.000009
11913 0.000022
11914 0.000035
11915 0.000019
11916 0.000023
11917 0.000022
11918 0.000019
11919 0.000020
11920 0.000032
11921 0.000038
11922 0.000030
11923 0.000012
11924 0.000020
11925 0.000009
11926 0.000007
11927 0.000022
11928 0.000012
11929 0.000011
11930 0.000012
11931 0.000019
11932 0.000028
11933 0.000028
11934 0.000035
11935 0.000030
11936 0.000030
11937 0.000037
11938 0.000019
11939 0.000023
11940 0.000011
11941 0.000020
11942 0.000009
11943 0.000014
11944 0.000011
11945 0.000031
11946 0.000029
11947 0.000016
11948 0.000016
11949 0.000024
11950 0.000014
11951 0.000014
11952 0.000017
11953 0.000025
11954 0.000022
11955 0.000039
11956 0.000026
11957 0.000008
11958 0.000017
11959 0.000017
11960 0.000015
11961 0.000019
11962 0.000011
11963 0.000023
11964 0.000018
11965 0.000016
11966 0.000011
11967 0.000033
11968 0.000018
11969 0.000006
11970 0.000008
11971 0.000005
11972 0.000014
11973 0.000013
11974 0.000016
11975 0.000015
11976 0.000033
11977 0.000021
11978 0.000039
11979 0.000046
11980 0.000032
11981 0.000023
11982 0.000017
11983 0.000018
11984 0.000017
11985 0.000005
11986 0.000027
11987 0.000034
11988 0.000018
11989 0.000017
11990 0.000030
11991 0.000014
11992 0.000020
11993 0.000038
11994 0.000024
11995 0.000033
11996 0.000037
11997 0.000036
11998 0.000034
11999 0.000018
12000 0.000017
12001 0.000013
12002 0.000010
12003 0.000018
12004 0.000021
12005 0.000034
12006 0.000018
12007 0.000032
12008 0.000018
12009 0.000008
12010 0.000009
12011 0.000018
12012 0.000033
12013 0.000031
12014 0.000019
12015 0.000013
12016 0.000027
12017 0.000011
12018 0.000011
12019 0.000018
12020 0.000026
12021 0.000027
12022 0.000042
12023 0.000022
12024 0.000012
12025 0.000012
12026 0.000032
12027 0.000048
12028 0.000046
12029 0.000023
12030 0.000013
12031 0.000023
12032 0.000014
12033 0.000008
12034 0.000021
12035 0.000014
12036 0.000038
12037 0.000029
12038 0.000042
12039 0.000017
12040 0.000018
12041 0.000020
12042 0.000012
12043 0.000014
12044 0.000026
12045 0.000035
12046 0.000055
12047 0.000031
12048 0.000014
12049 0.000007
12050 0.000013
12051 0.000020
12052 0.000023
12053 0.000008
12054 0.000006
12055 0.000023
12056 0.000026
12057 0.000016
12058 0.000021
12059 0.000023
12060 0.000011
12061 0.000011
12062 0.000009
12063 0.000014
12064 0.000025
12065 0.000024
12066 0.000021
12067 0.000011
12068 0.000006
12069 0.000012
12070 0.000017
12071 0.000021
12072 0.000017
12073 0.000018
12074 0.000011
12075 0.000041
12076 0.000049
12077 0.000022
12078 0.000028
12079 0.000032
12080 0.000022
12081 0.000022
12082 0.000008
12083 0.000006
12084 0.000016
12085 0.000014
12086 0.000019
12087 0.000012
12088 0.000008
12089 0.000011
12090 0.000011
12091 0.000029
12092 0.000031
12093 0.000008
12094 0.000012
12095 0.000017
12096 0.000019
12097 0.000015
12098 0.000015
12099 0.000015
12100 0.000016
12101 0.000009
12102 0.000015
12103 0.000018
12104 0.000011
12105 0.000009
12106 0.000008
12107 0.000007
12108 0.000017
12109 0.000012
12110 0.000015
12111 0.000043
12112 0.000017
12113 0.000017
12114 0.000033
12115 0.000017
12116 0.000026
12117 0.000014
12118 0.000020
12119 0.000023
12120 0.000021
12121 0.000026
12122 0.000016
12123 0.000030
12124 0.000021
12125 0.000032
12126 0.000052
12127 0.000056
12128 0.000018
12129 0.000020
12130 0.000017
12131 0.000017
12132 0.000043
12133 0.000036
12134 0.000030
12135 0.000027
12136 0.000021
12137 0.000016
12138 0.000015
12139 0.000011
12140 0.000032
12141 0.000026
12142 0.000009
12143 0.000017
12144 0.000018
12145 0.000018
12146 0.000023
12147 0.000007
12148 0.000013
12149 0.000022
12150 0.000014
12151 0.000008
12152 0.000024
12153 0.000008
12154 0.000010
12155 0.000015
12156 0.000020
12157 0.000010
12158 0.000007
12159 0.000011
12160 0.000012
12161 0.000021
12162 0.000015
12163 0.000014
12164 0.000027
12165 0.000018
12166 0.000014
12167 0.000032
12168 0.000012
12169 0.000016
12170 0.000021
12171 0.000037
12172 0.000023
12173 0.000034
12174 0.000020
12175 0.000043
12176 0.000038
12177 0.000057
12178 0.000021
12179 0.000027
12180 0.000018
12181 0.000011
12182 0.000009
12183 0.000025
12184 0.000024
12185 0.000013
12186 0.000015
12187 0.000016
12188 0.000023
12189 0.000022
12190 0.000028
12191 0.000019
12192 0.000017
12193 0.000009
12194 0.000029
12195 0.000020
12196 0.000017
12197 0.000008
12198 0.000013
12199 0.000022
12200 0.000032
12201 0.000018
12202 0.000011
12203 0.000019
12204 0.000010
12205 0.000005
12206 0.000013
12207 0.000014
12208 0.000020
12209 0.000032
12210 0.000025
12211 0.000030
12212 0.000021
12213 0.000023
12214 0.000031
12215 0.000014
12216 0.000019
12217 0.000025
12218 0.000017
12219 0.000009
12220 0.000028
12221 0.000023
12222 0.000012
12223 0.000009
12224 0.000007
12225 0.000009
12226 0.000018
12227 0.000025
12228 0.000015
12229 0.000014
12230 0.000023
12231 0.000014
12232 0.000012
12233 0.000021
12234 0.000017
12235 0.000049
12236 0.000019
12237 0.000034
12238 0.000035
12239 0.000015
12240 0.000025
12241 0.000014
12242 0.000013
12243 0.000009
12244 0.000017
12245 0.000021
12246 0.000013
12247 0.000039
12248 0.000026
12249 0.000010
12250 0.000020
12251 0.000016
12252 0.000020
12253 0.000020
12254 0.000036
12255 0.000016
12256 0.000011
12257 0.000016
12258 0.000013
12259 0.000025
12260 0.000010
12261 0.000010
12262 0.000014
12263 0.000028
12264 0.000039
12265 0.000019
12266 0.000014
12267 0.000026
12268 0.000033
12269 0.000015
12270 0.000014
12271 0.000037
12272 0.000011
12273 0.000010
12274 0.000022
12275 0.000012
12276 0.000006
12277 0.000032
12278 0.000023
12279 0.000057
12280 0.000032
12281 0.000020
12282 0.000015
12283 0.000012
12284 0.000010
12285 0.000007
12286 0.000011
12287 0.000015
12288 0.000007
12289 0.000013
12290 0.000009
12291 0.000020
12292 0.000039
12293 0.000041
12294 0.000042
12295 0.000052
12296 0.000016
12297 0.000031
12298 0.000019
12299 0.000027
12300 0.000012
12301 0.000008
12302 0.000007
12303 0.000006
12304 0.000012
12305 0.000037
12306 0.000009
12307 0.000004
12308 0.000004
12309 0.000012
12310 0.000020
12311 0.000011
12312 0.000038
12313 0.000025
12314 0.000011
12315 0.000014
12316 0.000007
12317 0.000007
12318 0.000014
12319 0.000020
12320 0.000012
12321 0.000009
12322 0.000018
12323 0.000015
12324 0.000014
12325 0.000016
12326 0.000021
12327 0.000017
12328 0.000024
12329 0.000046
12330 0.000035
12331 0.000026
12332 0.000011
12333 0.000046
12334 0.000024
12335 0.000037
12336 0.000016
12337 0.000008
12338 0.000019
12339 0.000023
12340 0.000019
12341 0.000016
12342 0.000020
12343 0.000035
12344 0.000035
12345 0.000017
12346 0.000010
12347 0.000018
12348 0.000010
12349 0.000006
12350 0.000011
12351 0.000028
12352 0.000028
12353 0.000023
12354 0.000009
12355 0.000016
12356 0.000009
12357 0.000009
12358 0.000013
12359 0.000018
12360 0.000027
12361 0.000022
12362 0.000009
12363 0.000010
12364 0.000015
12365 0.000013
12366 0.000013
12367 0.000038
12368 0.000039
12369 0.000014
12370 0.000027
12371 0.000013
12372 0.000027
12373 0.000045
12374 0.000034
12375 0.000015
12376 0.000013
12377 0.000015
12378 0.000024
12379 0.000022
12380 0.000011
12381 0.000015
12382 0.000012
12383 0.000032
12384 0.000035
12385 0.000011
12386 0.000010
12387 0.000006
12388 0.000005
12389 0.000026
12390 0.000027
12391 0.000029
12392 0.000013
12393 0.000014
12394 0.000007
12395 0.000016
12396 0.000008
12397 0.000028
12398 0.000022
12399 0.000009
12400 0.000005
12401 0.000024
12402 0.000028
12403 0.000021
12404 0.000039
12405 0.000011
12406 0.000005
12407 0.000021
12408 0.000021
12409 0.000027
12410 0.000031
12411 0.000021
12412 0.000013
12413 0.000009
12414 0.000024
12415 0.000016
12416 0.000021
12417 0.000026
12418 0.000008
12419 0.000004
12420 0.000010
12421 0.000020
12422 0.000025
12423 0.000019
12424 0.000026
12425 0.000033
12426 0.000030
12427 0.000024
12428 0.000017
12429 0.000025
12430 0.000033
12431 0.000018
12432 0.000024
12433 0.000011
12434 0.000012
12435 0.000030
12436 0.000026
12437 0.000011
12438 0.000015
12439 0.000040
12440 0.000028
12441 0.000016
12442 0.000029
12443 0.000023
12444 0.000018
12445 0.000038
12446 0.000045
12447 0.000019
12448 0.000031
12449 0.000012
12450 0.000017
12451 0.000031
12452 0.000033
12453 0.000025
12454 0.000020
12455 0.000027
12456 0.000011
12457 0.000028
12458 0.000013
12459 0.000035
12460 0.000019
12461 0.000020
12462 0.000019
12463 0.000045
12464 0.000022
12465 0.000022
12466 0.000022
12467 0.000021
12468 0.000015
12469 0.000014
12470 0.000014
12471 0.000018
12472 0.000022
12473 0.000030
12474 0.000019
12475 0.000035
12476 0.000021
12477 0.000014
12478 0.000035
12479 0.000027
12480 0.000008
12481 0.000019
12482 0.000010
12483 0.000024
12484 0.000024
12485 0.000023
12486 0.000021
12487 0.000020
12488 0.000011
12489 0.000010
12490 0.000009
12491 0.000008
12492 0.000012
12493 0.000016
12494 0.000025
12495 0.000029
12496 0.000046
12497 0.000032
12498 0.000013
12499 0.000023
12500 0.000030
12501 0.000032
12502 0.000012
12503 0.000009
12504 0.000018
12505 0.000020
12506 0.000011
12507 0.000008
12508 0.000010
12509 0.000020
12510 0.000013
12511 0.000020
12512 0.000019
12513 0.000007
12514 0.000011
12515 0.000008
12516 0.000010
12517 0.000015
12518 0.000010
12519 0.000014
12520 0.000009
12521 0.000008
12522 0.000013
12523 0.000009
12524 0.000005
12525 0.000018
12526 0.000024
12527 0.000035
12528 0.000021
12529 0.000012
12530 0.000006
12531 0.000017
12532 0.000033
12533 0.000031
12534 0.000031
12535 0.000012
12536 0.000017
12537 0.000019
12538 0.000022
12539 0.000005
12540 0.000011
12541 0.000019
12542 0.000026
12543 0.000015
12544 0.000029
12545 0.000019
12546 0.000016
12547 0.000009
12548 0.000005
12549 0.000029
12550 0.000010
12551 0.000009
12552 0.000009
12553 0.000012
12554 0.000022
12555 0.000019
12556 0.000015
12557 0.000007
12558 0.000004
12559 0.000012
12560 0.000030
12561 0.000030
12562 0.000032
12563 0.000022
12564 0.000013
12565 0.000015
12566 0.000035
12567 0.000039
12568 0.000013
12569 0.000016
12570 0.000020
12571 0.000029
12572 0.000029
12573 0.000015
12574 0.000044
12575 0.000012
12576 0.000013
12577 0.000011
12578 0.000028
12579 0.000018
12580 0.000019
12581 0.000025
12582 0.000013
12583 0.000009
12584 0.000015
12585 0.000016
12586 0.000021
12587 0.000026
12588 0.000023
12589 0.000022
12590 0.000022
12591 0.000044
12592 0.000022
12593 0.000023
12594 0.000023
12595 0.000028
12596 0.000013
12597 0.000031
12598 0.000011
12599 0.000024
12600 0.000020
12601 0.000025
12602 0.000027
12603 0.000014
12604 0.000023
12605 0.000019
12606 0.000020
12607 0.000009
12608 0.000007
12609 0.000041
12610 0.000018
12611 0.000018
12612 0.000059
12613 0.000037
12614 0.000012
12615 0.000026
12616 0.000021
12617 0.000014
12618 0.000007
12619 0.000013
12620 0.000025
12621 0.000020
12622 0.000032
12623 0.000023
12624 0.000025
12625 0.000024
12626 0.000020
12627 0.000032
12628 0.000024
12629 0.000013
12630 0.000019
12631 0.000016
12632 0.000027
12633 0.000015
12634 0.000005
12635 0.000020
12636 0.000011
12637 0.000006
12638 0.000015
12639 0.000007
12640 0.000006
12641 0.000026
12642 0.000020
12643 0.000010
12644 0.000010
12645 0.000010
12646 0.000023
12647 0.000016
12648 0.000011
12649 0.000010
12650 0.000031
12651 0.000024
12652 0.000026
12653 0.000025
12654 0.000016
12655 0.000027
12656 0.000009
12657 0.000011
12658 0.000022
12659 0.000024
12660 0.000037
12661 0.000023
12662 0.000011
12663 0.000016
12664 0.000025
12665 0.000025
12666 0.000020
12667 0.000027
12668 0.000016
12669 0.000010
12670 0.000025
12671 0.000029
12672 0.000017
12673 0.000025
12674 0.000009
12675 0.000012
12676 0.000008
12677 0.000020
12678 0.000033
12679 0.000015
12680 0.000005
12681 0.000015
12682 0.000024
12683 0.000010
12684 0.000031
12685 0.000037
12686 0.000020
12687 0.000024
12688 0.000027
12689 0.000021
12690 0.000016
12691 0.000026
12692 0.000036
12693 0.000047
12694 0.000020
12695 0.000019
12696 0.000024
12697 0.000016
12698 0.000018
12699 0.000021
12700 0.000037
12701 0.000020
12702 0.000023
12703 0.000033
12704 0.000046
12705 0.000020
12706 0.000020
12707 0.000022
12708 0.000030
12709 0.000038
12710 0.000022
12711 0.000025
12712 0.000017
12713 0.000006
12714 0.000014
12715 0.000019
12716 0.000031
12717 0.000019
12718 0.000018
12719 0.000024
12720 0.000018
12721 0.000016
12722 0.000013
12723 0.000007
12724 0.000012
12725 0.000014
12726 0.000036
12727 0.000019
12728 0.000017
12729 0.000011
12730 0.000008
12731 0.000032
12732 0.000022
12733 0.000010
12734 0.000028
12735 0.000032
12736 0.000025
12737 0.000014
12738 0.000006
12739 0.000015
12740 0.000020
12741 0.000049
12742 0.000025
12743 0.000028
12744 0.000015
12745 0.000016
12746 0.000022
12747 0.000017
12748 0.000013
12749 0.000009
12750 0.000011
12751 0.000019
12752 0.000008
12753 0.000005
12754 0.000005
12755 0.000018
12756 0.000022
12757 0.000028
12758 0.000021
12759 0.000016
12760 0.000017
12761 0.000011
12762 0.000005
12763 0.000012
12764 0.000011
12765 0.000015
12766 0.000015
12767 0.000006
12768 0.000012
12769 0.000015
12770 0.000006
12771 0.000018
12772 0.000015
12773 0.000014
12774 0.000007
12775 0.000015
12776 0.000012
12777 0.000011
12778 0.000012
12779 0.000024
12780 0.000013
12781 0.000014
12782 0.000010
12783 0.000006
12784 0.000009
12785 0.000005
12786 0.000016
12787 0.000016
12788 0.000025
12789 0.000025
12790 0.000014
12791 0.000013
12792 0.000012
12793 0.000013
12794 0.000013
12795 0.000021
12796 0.000019
12797 0.000010
12798 0.000022
12799 0.000033
12800 0.000031
12801 0.000007
12802 0.000020
12803 0.000022
12804 0.000023
12805 0.000029
12806 0.000015
12807 0.000029
12808 0.000009
12809 0.000016
12810 0.000026
12811 0.000017
12812 0.000010
12813 0.000007
12814 0.000021
12815 0.000048
12816 0.000019
12817 0.000030
12818 0.000012
12819 0.000014
12820 0.000021
12821 0.000024
12822 0.000029
12823 0.000009
12824 0.000013
12825 0.000026
12826 0.000012
12827 0.000019
12828 0.000012
12829 0.000008
12830 0.000018
12831 0.000018
12832 0.000008
12833 0.000030
12834 0.000028
12835 0.000046
12836 0.000023
12837 0.000018
12838 0.000013
12839 0.000023
12840 0.000023
12841 0.000025
12842 0.000015
12843 0.000018
12844 0.000043
12845 0.000020
12846 0.000013
12847 0.000013
12848 0.000018
12849 0.000015
12850 0.000011
12851 0.000022
12852 0.000015
12853 0.000016
12854 0.000052
12855 0.000074
12856 0.000051
12857 0.000051
12858 0.000027
12859 0.000020
12860 0.000020
12861 0.000026
12862 0.000017
12863 0.000024
12864 0.000026
12865 0.000031
12866 0.000022
12867 0.000018
12868 0.000025
12869 0.000026
12870 0.000022
12871 0.000031
12872 0.000020
12873 0.000010
12874 0.000013
12875 0.000010
12876 0.000012
12877 0.000027
12878 0.000037
12879 0.000025
12880 0.000034
12881 0.000030
12882 0.000025
12883 0.000031
12884 0.000008
12885 0.000018
12886 0.000009
12887 0.000020
12888 0.000009
12889 0.000024
12890 0.000012
12891 0.000006
12892 0.000012
12893 0.000014
12894 0.000022
12895 0.000025
12896 0.000026
12897 0.000015
12898 0.000024
12899 0.000037
12900 0.000020
12901 0.000017
12902 0.000010
12903 0.000010
12904 0.000020
12905 0.000020
12906 0.000040
12907 0.000040
12908 0.000018
12909 0.000013
12910 0.000025
12911 0.000011
12912 0.000018
12913 0.000013
12914 0.000021
12915 0.000052
12916 0.000056
12917 0.000045
12918 0.000020
12919 0.000040
12920 0.000021
12921 0.000031
12922 0.000024
12923 0.000028
12924 0.000019
12925 0.000008
12926 0.000007
12927 0.000010
12928 0.000028
12929 0.000027
12930 0.000013
12931 0.000005
12932 0.000005
12933 0.000010
12934 0.000021
12935 0.000017
12936 0.000017
12937 0.000010
12938 0.000017
12939 0.000007
12940 0.000017
12941 0.000012
12942 0.000017
12943 0.000022
12944 0.000016
12945 0.000012
12946 0.000006
12947 0.000004
12948 0.000028
12949 0.000018
12950 0.000029
12951 0.000019
12952 0.000024
12953 0.000032
12954 0.000032
12955 0.000017
12956 0.000013
12957 0.000014
12958 0.000007
12959 0.000017
12960 0.000012
12961 0.000008
12962 0.000030
12963 0.000016
12964 0.000017
12965 0.000008
12966 0.000004
12967 0.000013
12968 0.000012
12969 0.000033
12970 0.000053
12971 0.000067
12972 0.000071
12973 0.000028
12974 0.000012
12975 0.000016
12976 0.000018
12977 0.000014
12978 0.000018
12979 0.000007
12980 0.000030
12981 0.000011
12982 0.000009
12983 0.000022
12984 0.000008
12985 0.000009
12986 0.000013
12987 0.000009
12988 0.000021
12989 0.000023
12990 0.000011
12991 0.000021
12992 0.000032
12993 0.000013
12994 0.000010
12995 0.000019
12996 0.000006
12997 0.000004
12998 0.000024
12999 0.000009
13000 0.000010
13001 0.000015
13002 0.000012
13003 0.000019
13004 0.000012
13005 0.000010
13006 0.000021
13007 0.000013
13008 0.000023
13009 0.000019
13010 0.000046
13011 0.000024
13012 0.000028
13013 0.000025
13014 0.000032
13015 0.000022
13016 0.000016
13017 0.000007
13018 0.000022
13019 0.000024
13020 0.000028
13021 0.000014
13022 0.000016
13023 0.000019
13024 0.000018
13025 0.000007
13026 0.000036
13027 0.000018
13028 0.000020
13029 0.000013
13030 0.000035
13031 0.000031
13032 0.000034
13033 0.000021
13034 0.000026
13035 0.000029
13036 0.000031
13037 0.000014
13038 0.000033
13039 0.000009
13040 0.000007
13041 0.000011
13042 0.000008
13043 0.000020
13044 0.000032
13045 0.000021
13046 0.000026
13047 0.000013
13048 0.000006
13049 0.000025
13050 0.000024
13051 0.000007
13052 0.000017
13053 0.000011
13054 0.000015
13055 0.000026
13056 0.000008
13057 0.000017
13058 0.000016
13059 0.000011
13060 0.000019
13061 0.000035
13062 0.000020
13063 0.000007
13064 0.000028
13065 0.000032
13066 0.000027
13067 0.000019
13068 0.000017
13069 0.000024
13070 0.000035
13071 0.000028
13072 0.000021
13073 0.000040
13074 0.000015
13075 0.000013
13076 0.000010
13077 0.000033
13078 0.000042
13079 0.000042
13080 0.000025
13081 0.000015
13082 0.000006
13083 0.000010
13084 0.000021
13085 0.000033
13086 0.000025
13087 0.000055
13088 0.000018
13089 0.000011
13090 0.000009
13091 0.000019
13092 0.000021
13093 0.000021
13094 0.000012
13095 0.000016
13096 0.000014
13097 0.000016
13098 0.000024
13099 0.000008
13100 0.000020
13101 0.000024
13102 0.000029
13103 0.000026
13104 0.000036
13105 0.000027
13106 0.000021
13107 0.000022
13108 0.000026
13109 0.000007
13110 0.000015
13111 0.000013
13112 0.000016
13113 0.000036
13114 0.000043
13115 0.000031
13116 0.000015
13117 0.000016
13118 0.000023
13119 0.000033
13120 0.000008
13121 0.000010
13122 0.000007
13123 0.000018
13124 0.000011
13125 0.000009
13126 0.000007
13127 0.000012
13128 0.000018
13129 0.000012
13130 0.000025
13131 0.000017
13132 0.000030
13133 0.000034
13134 0.000028
13135 0.000016
13136 0.000016
13137 0.000018
13138 0.000011
13139 0.000036
13140 0.000025
13141 0.000046
13142 0.000023
13143 0.000020
13144 0.000038
13145 0.000024
13146 0.000012
13147 0.000015
13148 0.000031
13149 0.000020
13150 0.000016
13151 0.000016
13152 0.000015
13153 0.000007
13154 0.000015
13155 0.000006
13156 0.000022
13157 0.000037
13158 0.000013
13159 0.000015
13160 0.000027
13161 0.000018
13162 0.000007
13163 0.000017
13164 0.000013
13165 0.000025
13166 0.000039
13167 0.000018
13168 0.000016
13169 0.000016
13170 0.000024
13171 0.000035
13172 0.000025
13173 0.000010
13174 0.000019
13175 0.000012
13176 0.000019
13177 0.000028
13178 0.000037
13179 0.000027
13180 0.000032
13181 0.000008
13182 0.000011
13183 0.000013
13184 0.000013
13185 0.000008
13186 0.000021
13187 0.000022
13188 0.000029
13189 0.000031
13190 0.000011
13191 0.000024
13192 0.000041
13193 0.000022
13194 0.000016
13195 0.000017
13196 0.000031
13197 0.000008
13198 0.000012
13199 0.000006
13200 0.000022
13201 0.000009
13202 0.000010
13203 0.000009
13204 0.000028
13205 0.000034
13206 0.000010
13207 0.000008
13208 0.000017
13209 0.000010
13210 0.000012
13211 0.000012
13212 0.000011
13213 0.000043
13214 0.000027
13215 0.000026
13216 0.000013
13217 0.000010
13218 0.000006
13219 0.000030
13220 0.000022
13221 0.000013
13222 0.000018
13223 0.000015
13224 0.000021
13225 0.000008
13226 0.000025
13227 0.000016
13228 0.000010
13229 0.000017
13230 0.000007
13231 0.000019
13232 0.000022
13233 0.000024
13234 0.000028
13235 0.000014
13236 0.000019
13237 0.000018
13238 0.000014
13239 0.000032
13240 0.000012
13241 0.000027
13242 0.000028
13243 0.000029
13244 0.000039
13245 0.000032
13246 0.000026
13247 0.000025
13248 0.000019
13249 0.000036
13250 0.000010
13251 0.000009
13252 0.000012
13253 0.000025
13254 0.000023
13255 0.000023
13256 0.000029
13257 0.000036
13258 0.000040
13259 0.000018
13260 0.000021
13261 0.000016
13262 0.000011
13263 0.000008
13264 0.000008
13265 0.000015
13266 0.000007
13267 0.000005
13268 0.000012
13269 0.000013
13270 0.000016
13271 0.000032
13272 0.000024
13273 0.000020
13274 0.000021
13275 0.000011
13276 0.000036
13277 0.000021
13278 0.000023
13279 0.000010
13280 0.000018
13281 0.000014
13282 0.000012
13283 0.000019
13284 0.000014
13285 0.000062
13286 0.000038
13287 0.000032
13288 0.000019
13289 0.000037
13290 0.000024
13291 0.000019
13292 0.000015
13293 0.000014
13294 0.000014
13295 0.000014
13296 0.000028
13297 0.000017
13298 0.000014
13299 0.000015
13300 0.000020
13301 0.000012
13302 0.000008
13303 0.000010
13304 0.000026
13305 0.000010
13306 0.000009
13307 0.000023
13308 0.000029
13309 0.000017
13310 0.000011
13311 0.000023
13312 0.000016
13313 0.000010
13314 0.000005
13315 0.000022
13316 0.000041
13317 0.000036
13318 0.000013
13319 0.000010
13320 0.000015
13321 0.000008
13322 0.000016
13323 0.000010
13324 0.000005
13325 0.000015
13326 0.000006
13327 0.000010
13328 0.000011
13329 0.000017
13330 0.000015
13331 0.000034
13332 0.000041
13333 0.000027
13334 0.000030
13335 0.000060
13336 0.000029
13337 0.000032
13338 0.000023
13339 0.000007
13340 0.000021
13341 0.000024
13342 0.000014
13343 0.000006
13344 0.000012
13345 0.000034
13346 0.000010
13347 0.000008
13348 0.000023
13349 0.000027
13350 0.000016
13351 0.000016
13352 0.000008
13353 0.000012
13354 0.000020
13355 0.000015
13356 0.000025
13357 0.000017
13358 0.000038
13359 0.000014
13360 0.000055
13361 0.000017
13362 0.000030
13363 0.000025
13364 0.000015
13365 0.000013
13366 0.000009
13367 0.000017
13368 0.000020
13369 0.000012
13370 0.000020
13371 0.000039
13372 0.000030
13373 0.000016
13374 0.000015
13375 0.000007
13376 0.000023
13377 0.000017
13378 0.000013
13379 0.000023
13380 0.000026
13381 0.000010
13382 0.000005
13383 0.000012
13384 0.000014
13385 0.000013
13386 0.000029
13387 0.000011
13388 0.000019
13389 0.000019
13390 0.000031
13391 0.000018
13392 0.000020
13393 0.000023
13394 0.000020
13395 0.000012
13396 0.000014
13397 0.000017
13398 0.000024
13399 0.000021
13400 0.000011
13401 0.000012
13402 0.000020
13403 0.000020
13404 0.000026
13405 0.000016
13406 0.000023
13407 0.000026
13408 0.000010
13409 0.000008
13410 0.000013
13411 0.000027
13412 0.000011
13413 0.000033
13414 0.000025
13415 0.000025
13416 0.000010
13417 0.000010
13418 0.000007
13419 0.000009
13420 0.000033
13421 0.000032
13422 0.000023
13423 0.000026
13424 0.000021
13425 0.000024
13426 0.000019
13427 0.000008
13428 0.000017
13429 0.000020
13430 0.000012
13431 0.000013
13432 0.000030
13433 0.000012
13434 0.000026
13435 0.000020
13436 0.000009
13437 0.000014
13438 0.000007
13439 0.000014
13440 0.000022
13441 0.000022
13442 0.000015
13443 0.000022
13444 0.000031
13445 0.000020
13446 0.000015
13447 0.000007
13448 0.000011
13449 0.000025
13450 0.000028
13451 0.000063
13452 0.000027
13453 0.000017
13454 0.000010
13455 0.000016
13456 0.000013
13457 0.000019
13458 0.000010
13459 0.000020
13460 0.000029
13461 0.000014
13462 0.000015
13463 0.000013
13464 0.000010
13465 0.000026
13466 0.000010
13467 0.000007
13468 0.000006
13469 0.000032
13470 0.000020
13471 0.000017
13472 0.000010
13473 0.000020
13474 0.000016
13475 0.000022
13476 0.000030
13477 0.000020
13478 0.000019
13479 0.000042
13480 0.000023
13481 0.000013
13482 0.000030
13483 0.000034
13484 0.000032
13485 0.000055
13486 0.000015
13487 0.000019
13488 0.000011
13489 0.000013
13490 0.000019
13491 0.000011
13492 0.000020
13493 0.000018
13494 0.000010
13495 0.000009
13496 0.000007
13497 0.000027
13498 0.000021
13499 0.000008
13500 0.000005
13501 0.000006
13502 0.000019
13503 0.000033
13504 0.000035
13505 0.000016
13506 0.000022
13507 0.000026
13508 0.000032
13509 0.000011
13510 0.000010
13511 0.000024
13512 0.000023
13513 0.000025
13514 0.000036
13515 0.000040
13516 0.000036
13517 0.000031
13518 0.000016
13519 0.000013
13520 0.000014
13521 0.000014
13522 0.000013
13523 0.000012
13524 0.000031
13525 0.000009
13526 0.000009
13527 0.000015
13528 0.000031
13529 0.000020
13530 0.000012
13531 0.000022
13532 0.000038
13533 0.000029
13534 0.000023
13535 0.000021
13536 0.000021
13537 0.000014
13538 0.000007
13539 0.000021
13540 0.000007
13541 0.000015
13542 0.000010
13543 0.000010
13544 0.000014
13545 0.000026
13546 0.000017
13547 0.000021
13548 0.000021
13549 0.000024
13550 0.000009
13551 0.000014
13552 0.000007
13553 0.000011
13554 0.000011
13555 0.000008
13556 0.000007
13557 0.000026
13558 0.000008
13559 0.000011
13560 0.000023
13561 0.000038
13562 0.000028
13563 0.000019
13564 0.000010
13565 0.000014
13566 0.000007
13567 0.000019
13568 0.000025
13569 0.000021
13570 0.000009
13571 0.000006
13572 0.000016
13573 0.000015
13574 0.000020
13575 0.000018
13576 0.000022
13577 0.000009
13578 0.000014
13579 0.000024
13580 0.000037
13581 0.000038
13582 0.000027
13583 0.000025
13584 0.000034
13585 0.000022
13586 0.000040
13587 0.000028
13588 0.000023
13589 0.000050
13590 0.000032
13591 0.000018
13592 0.000032
13593 0.000013
13594 0.000007
13595 0.000032
13596 0.000027
13597 0.000024
13598 0.000026
13599 0.000030
13600 0.000016
13601 0.000016
13602 0.000032
13603 0.000048
13604 0.000019
13605 0.000019
13606 0.000030
13607 0.000010
13608 0.000028
13609 0.000030
13610 0.000025
13611 0.000016
13612 0.000009
13613 0.000014
13614 0.000009
13615 0.000016
13616 0.000010
13617 0.000036
13618 0.000032
13619 0.000018
13620 0.000011
13621 0.000016
13622 0.000019
13623 0.000017
13624 0.000033
13625 0.000038
13626 0.000019
13627 0.000022
13628 0.000021
13629 0.000029
13630 0.000024
13631 0.000024
13632 0.000021
13633 0.000012
13634 0.000025
13635 0.000028
13636 0.000039
13637 0.000040
13638 0.000043
13639 0.000034
13640 0.000060
13641 0.000034
13642 0.000029
13643 0.000020
13644 0.000033
13645 0.000030
13646 0.000047
13647 0.000035
13648 0.000014
13649 0.000024
13650 0.000008
13651 0.000010
13652 0.000007
13653 0.000009
13654 0.000025
13655 0.000013
13656 0.000026
13657 0.000025
13658 0.000013
13659 0.000005
13660 0.000019
13661 0.000020
13662 0.000011
13663 0.000014
13664 0.000017
13665 0.000010
13666 0.000013
13667 0.000013
13668 0.000024
13669 0.000010
13670 0.000022
13671 0.000021
13672 0.000043
13673 0.000015
13674 0.000008
13675 0.000039
13676 0.000022
13677 0.000008
13678 0.000018
13679 0.000015
13680 0.000013
13681 0.000007
13682 0.000007
13683 0.000009
13684 0.000009
13685 0.000019
13686 0.000011
13687 0.000021
13688 0.000025
13689 0.000027
13690 0.000015
13691 0.000018
13692 0.000022
13693 0.000022
13694 0.000028
13695 0.000021
13696 0.000017
13697 0.000020
13698 0.000016
13699 0.000014
13700 0.000009
13701 0.000005
13702 0.000015
13703 0.000039
13704 0.000030
13705 0.000018
13706 0.000027
13707 0.000019
13708 0.000016
13709 0.000006
13710 0.000013
13711 0.000008
13712 0.000008
13713 0.000031
13714 0.000027
13715 0.000023
13716 0.000008
13717 0.000013
13718 0.000005
13719 0.000019
13720 0.000016
13721 0.000021
13722 0.000017
13723 0.000029
13724 0.000032
13725 0.000018
13726 0.000017
13727 0.000032
13728 0.000036
13729 0.000022
13730 0.000022
13731 0.000028
13732 0.000020
13733 0.000017
13734 0.000026
13735 0.000028
13736 0.000020
13737 0.000016
13738 0.000018
13739 0.000017
13740 0.000019
13741 0.000008
13742 0.000005
13743 0.000004
13744 0.000033
13745 0.000018
13746 0.000014
13747 0.000010
13748 0.000014
13749 0.000029
13750 0.000014
13751 0.000009
13752 0.000005
13753 0.000005
13754 0.000009
13755 0.000036
13756 0.000040
13757 0.000035
13758 0.000024
13759 0.000029
13760 0.000040
13761 0.000027
13762 0.000015
13763 0.000007
13764 0.000015
13765 0.000021
13766 0.000020
13767 0.000012
13768 0.000019
13769 0.000012
13770 0.000021
13771 0.000021
13772 0.000018
13773 0.000008
13774 0.000017
13775 0.000022
13776 0.000022
13777 0.000015
13778 0.000017
13779 0.000022
13780 0.000018
13781 0.000015
13782 0.000012
13783 0.000008
13784 0.000013
13785 0.000006
13786 0.000013
13787 0.000016
13788 0.000006
13789 0.000017
13790 0.000023
13791 0.000011
13792 0.000019
13793 0.000024
13794 0.000014
13795 0.000008
13796 0.000011
13797 0.000008
13798 0.000019
13799 0.000016
13800 0.000026
13801 0.000025
13802 0.000008
13803 0.000005
13804 0.000011
13805 0.000010
13806 0.000010
13807 0.000015
13808 0.000018
13809 0.000011
13810 0.000018
13811 0.000034
13812 0.000053
13813 0.000029
13814 0.000014
13815 0.000034
13816 0.000024
13817 0.000022
13818 0.000017
13819 0.000025
13820 0.000010
13821 0.000008
13822 0.000018
13823 0.000020
13824 0.000012
13825 0.000015
13826 0.000016
13827 0.000010
13828 0.000011
13829 0.000024
13830 0.000025
13831 0.000032
13832 0.000019
13833 0.000020
13834 0.000057
13835 0.000045
13836 0.000022
13837 0.000030
13838 0.000040
13839 0.000032
13840 0.000044
13841 0.000014
13842 0.000010
13843 0.000035
13844 0.000021
13845 0.000018
13846 0.000014
13847 0.000029
13848 0.000036
13849 0.000012
13850 0.000018
13851 0.000013
13852 0.000040
13853 0.000028
13854 0.000020
13855 0.000025
13856 0.000018
13857 0.000012
13858 0.000008
13859 0.000017
13860 0.000017
13861 0.000025
13862 0.000030
13863 0.000039
13864 0.000036
13865 0.000029
13866 0.000028
13867 0.000027
13868 0.000036
13869 0.000014
13870 0.000038
13871 0.000040
13872 0.000050
13873 0.000027
13874 0.000037
13875 0.000016
13876 0.000023
13877 0.000018
13878 0.000008
13879 0.000014
13880 0.000011
13881 0.000008
13882 0.000048
13883 0.000037
13884 0.000036
13885 0.000037
13886 0.000026
13887 0.000025
13888 0.000011
13889 0.000006
13890 0.000005
13891 0.000013
13892 0.000018
13893 0.000027
13894 0.000028
13895 0.000023
13896 0.000032
13897 0.000036
13898 0.000025
13899 0.000038
13900 0.000064
13901 0.000038
13902 0.000032
13903 0.000018
13904 0.000024
13905 0.000027
13906 0.000014
13907 0.000015
13908 0.000008
13909 0.000020
13910 0.000017
13911 0.000013
13912 0.000020
13913 0.000030
13914 0.000016
13915 0.000011
13916 0.000014
13917 0.000021
13918 0.000015
13919 0.000026
13920 0.000019
13921 0.000022
13922 0.000022
13923 0.000028
13924 0.000016
13925 0.000014
13926 0.000031
13927 0.000036
13928 0.000015
13929 0.000017
13930 0.000013
13931 0.000017
13932 0.000026
13933 0.000022
13934 0.000006
13935 0.000011
13936 0.000013
13937 0.000011
13938 0.000018
13939 0.000020
13940 0.000020
13941 0.000009
13942 0.000007
13943 0.000006
13944 0.000009
13945 0.000012
13946 0.000015
13947 0.000013
13948 0.000018
13949 0.000024
13950 0.000013
13951 0.000021
13952 0.000030
13953 0.000020
13954 0.000012
13955 0.000009
13956 0.000014
13957 0.000019
13958 0.000017
13959 0.000014
13960 0.000022
13961 0.000014
13962 0.000010
13963 0.000010
13964 0.000022
13965 0.000014
13966 0.000015
13967 0.000009
13968 0.000029
13969 0.000026
13970 0.000016
13971 0.000035
13972 0.000020
13973 0.000023
13974 0.000023
13975 0.000015
13976 0.000021
13977 0.000009
13978 0.000016
13979 0.000006
13980 0.000009
13981 0.000012
13982 0.000017
13983 0.000014
13984 0.000017
13985 0.000018
13986 0.000020
13987 0.000034
13988 0.000009
13989 0.000013
13990 0.000012
13991 0.000021
13992 0.000031
13993 0.000053
13994 0.000020
13995 0.000029
13996 0.000015
13997 0.000035
13998 0.000058
13999 0.000019
14000 0.000017
14001 0.000018
14002 0.000035
14003 0.000032
14004 0.000016
14005 0.000017
14006 0.000026
14007 0.000023
14008 0.000031
14009 0.000026
14010 0.000024
14011 0.000035
14012 0.000018
14013 0.000008
14014 0.000015
14015 0.000019
14016 0.000032
14017 0.000018
14018 0.000039
14019 0.000017
14020 0.000015
14021 0.000025
14022 0.000021
14023 0.000035
14024 0.000031
14025 0.000016
14026 0.000016
14027 0.000037
14028 0.000022
14029 0.000011
14030 0.000019
14031 0.000039
14032 0.000031
14033 0.000010
14034 0.000008
14035 0.000013
14036 0.000030
14037 0.000030
14038 0.000042
14039 0.000024
14040 0.000010
14041 0.000020
14042 0.000012
14043 0.000019
14044 0.000011
14045 0.000009
14046 0.000018
14047 0.000026
14048 0.000048
14049 0.000044
14050 0.000022
14051 0.000023
14052 0.000034
14053 0.000029
14054 0.000017
14055 0.000006
14056 0.000021
14057 0.000024
14058 0.000007
14059 0.000017
14060 0.000034
14061 0.000019
14062 0.000016
14063 0.000026
14064 0.000027
14065 0.000011
14066 0.000011
14067 0.000009
14068 0.000022
14069 0.000006
14070 0.000007
14071 0.000012
14072 0.000013
14073 0.000030
14074 0.000020
14075 0.000022
14076 0.000007
14077 0.000006
14078 0.000008
14079 0.000023
14080 0.000022
14081 0.000030
14082 0.000030
14083 0.000022
14084 0.000015
14085 0.000009
14086 0.000011
14087 0.000018
14088 0.000032
14089 0.000015
14090 0.000022
14091 0.000024
14092 0.000018
14093 0.000022
14094 0.000011
14095 0.000008
14096 0.000016
14097 0.000028
14098 0.000026
14099 0.000016
14100 0.000037
14101 0.000029
14102 0.000028
14103 0.000008
14104 0.000007
14105 0.000006
14106 0.000012
14107 0.000017
14108 0.000019
14109 0.000007
14110 0.000011
14111 0.000008
14112 0.000016
14113 0.000026
14114 0.000024
14115 0.000034
14116 0.000016
14117 0.000018
14118 0.000006
14119 0.000023
14120 0.000018
14121 0.000020
14122 0.000028
14123 0.000020
14124 0.000025
14125 0.000007
14126 0.000007
14127 0.000008
14128 0.000016
14129 0.000019
14130 0.000026
14131 0.000029
14132 0.000009
14133 0.000013
14134 0.000006
14135 0.000015
14136 0.000007
14137 0.000028
14138 0.000015
14139 0.000009
14140 0.000023
14141 0.000031
14142 0.000020
14143 0.000006
14144 0.000014
14145 0.000007
14146 0.000008
14147 0.000027
14148 0.000024
14149 0.000023
14150 0.000012
14151 0.000012
14152 0.000017
14153 0.000017
14154 0.000005
14155 0.000005
14156 0.000028
14157 0.000009
14158 0.000028
14159 0.000021
14160 0.000021
14161 0.000015
14162 0.000026
14163 0.000017
14164 0.000025
14165 0.000031
14166 0.000016
14167 0.000018
14168 0.000032
14169 0.000035
14170 0.000019
14171 0.000030
14172 0.000029
14173 0.000019
14174 0.000011
14175 0.000018
14176 0.000030
14177 0.000028
14178 0.000020
14179 0.000017
14180 0.000018
14181 0.000027
14182 0.000018
14183 0.000019
14184 0.000021
14185 0.000043
14186 0.000017
14187 0.000008
14188 0.000030
14189 0.000018
14190 0.000008
14191 0.000017
14192 0.000010
14193 0.000010
14194 0.000005
14195 0.000015
14196 0.000037
14197 0.000044
14198 0.000029
14199 0.000026
14200 0.000008
14201 0.000019
14202 0.000011
14203 0.000036
14204 0.000019
14205 0.000010
14206 0.000012
14207 0.000017
14208 0.000027
14209 0.000026
14210 0.000014
14211 0.000042
14212 0.000016
14213 0.000011
14214 0.000020
14215 0.000012
14216 0.000011
14217 0.000019
14218 0.000034
14219 0.000016
14220 0.000018
14221 0.000025
14222 0.000011
14223 0.000028
14224 0.000018
14225 0.000015
14226 0.000011
14227 0.000027
14228 0.000018
14229 0.000017
14230 0.000028
14231 0.000037
14232 0.000019
14233 0.000025
14234 0.000018
14235 0.000030
14236 0.000026
14237 0.000019
14238 0.000014
14239 0.000006
14240 0.000008
14241 0.000005
14242 0.000014
14243 0.000029
14244 0.000015
14245 0.000009
14246 0.000005
14247 0.000014
14248 0.000005
14249 0.000008
14250 0.000011
14251 0.000006
14252 0.000017
14253 0.000032
14254 0.000027
14255 0.000026
14256 0.000032
14257 0.000019
14258 0.000023
14259 0.000016
14260 0.000030
14261 0.000034
14262 0.000024
14263 0.000010
14264 0.000012
14265 0.000023
14266 0.000018
14267 0.000006
14268 0.000037
14269 0.000030
14270 0.000020
14271 0.000029
14272 0.000032
14273 0.000053
14274 0.000064
14275 0.000041
14276 0.000031
14277 0.000016
14278 0.000037
14279 0.000019
14280 0.000020
14281 0.000020
14282 0.000027
14283 0.000013
14284 0.000021
14285 0.000030
14286 0.000027
14287 0.000023
14288 0.000034
14289 0.000029
14290 0.000011
14291 0.000008
14292 0.000032
14293 0.000024
14294 0.000022
14295 0.000007
14296 0.000010
14297 0.000028
14298 0.000022
14299 0.000014
14300 0.000016
14301 0.000013
14302 0.000014
14303 0.000028
14304 0.000027
14305 0.000010
14306 0.000016
14307 0.000013
14308 0.000030
14309 0.000020
14310 0.000018
14311 0.000013
14312 0.000018
14313 0.000018
14314 0.000036
14315 0.000040
14316 0.000052
14317 0.000028
14318 0.000023
14319 0.000032
14320 0.000015
14321 0.000009
14322 0.000015
14323 0.000010
14324 0.000009
14325 0.000009
14326 0.000027
14327 0.000024
14328 0.000015
14329 0.000028
14330 0.000017
14331 0.000023
14332 0.000019
14333 0.000011
14334 0.000030
14335 0.000023
14336 0.000024
14337 0.000027
14338 0.000008
14339 0.000008
14340 0.000004
14341 0.000012
14342 0.000017
14343 0.000015
14344 0.000032
14345 0.000021
14346 0.000018
14347 0.000012
14348 0.000015
14349 0.000027
14350 0.000009
14351 0.000011
14352 0.000036
14353 0.000018
14354 0.000007
14355 0.000015
14356 0.000009
14357 0.000025
14358 0.000026
14359 0.000025
14360 0.000030
14361 0.000016
14362 0.000006
14363 0.000015
14364 0.000018
14365 0.000042
14366 0.000027
14367 0.000026
14368 0.000028
14369 0.000021
14370 0.000009
14371 0.000031
14372 0.000059
14373 0.000030
14374 0.000025
14375 0.000032
14376 0.000016
14377 0.000019
14378 0.000012
14379 0.000010
14380 0.000014
14381 0.000009
14382 0.000013
14383 0.000016
14384 0.000019
14385 0.000020
14386 0.000026
14387 0.000014
14388 0.000028
14389 0.000022
14390 0.000025
14391 0.000015
14392 0.000009
14393 0.000012
14394 0.000022
14395 0.000031
14396 0.000027
14397 0.000028
14398 0.000022
14399 0.000009
14400 0.000022
14401 0.000009
14402 0.000020
14403 0.000009
14404 0.000009
14405 0.000017
14406 0.000011
14407 0.000020
14408 0.000011
14409 0.000022
14410 0.000026
14411 0.000019
14412 0.000011
14413 0.000022
14414 0.000032
14415 0.000027
14416 0.000043
14417 0.000054
14418 0.000025
14419 0.000047
14420 0.000023
14421 0.000015
14422 0.000020
14423 0.000026
14424 0.000017
14425 0.000010
14426 0.000019
14427 0.000019
14428 0.000026
14429 0.000015
14430 0.000007
14431 0.000010
14432 0.000006
14433 0.000017
14434 0.000014
14435 0.000007
14436 0.000007
14437 0.000009
14438 0.000017
14439 0.000018
14440 0.000035
14441 0.000056
14442 0.000019
14443 0.000008
14444 0.000019
14445 0.000014
14446 0.000023
14447 0.000013
14448 0.000030
14449 0.000007
14450 0.000013
14451 0.000013
14452 0.000009
14453 0.000027
14454 0.000027
14455 0.000016
14456 0.000012
14457 0.000009
14458 0.000011
14459 0.000018
14460 0.000020
14461 0.000007
14462 0.000012
14463 0.000016
14464 0.000016
14465 0.000007
14466 0.000019
14467 0.000015
14468 0.000018
14469 0.000032
14470 0.000046
14471 0.000033
14472 0.000013
14473 0.000016
14474 0.000021
14475 0.000020
14476 0.000024
14477 0.000015
14478 0.000016
14479 0.000010
14480 0.000020
14481 0.000028
14482 0.000028
14483 0.000032
14484 0.000025
14485 0.000010
14486 0.000024
14487 0.000007
14488 0.000012
14489 0.000018
14490 0.000013
14491 0.000011
14492 0.000018
14493 0.000018
14494 0.000018
14495 0.000033
14496 0.000053
14497 0.000040
14498 0.000013
14499 0.000019
14500 0.000013
14501 0.000015
14502 0.000012
14503 0.000025
14504 0.000017
14505 0.000024
14506 0.000026
14507 0.000013
14508 0.000012
14509 0.000018
14510 0.000013
14511 0.000016
14512 0.000008
14513 0.000025
14514 0.000010
14515 0.000013
14516 0.000030
14517 0.000015
14518 0.000009
14519 0.000007
14520 0.000004
14521 0.000030
14522 0.000029
14523 0.000050
14524 0.000021
14525 0.000020
14526 0.000019
14527 0.000008
14528 0.000010
14529 0.000009
14530 0.000021
14531 0.000026
14532 0.000010
14533 0.000012
14534 0.000030
14535 0.000008
14536 0.000004
14537 0.000012
14538 0.000025
14539 0.000025
14540 0.000012
14541 0.000016
14542 0.000028
14543 0.000017
14544 0.000025
14545 0.000035
14546 0.000012
14547 0.000007
14548 0.000015
14549 0.000012
14550 0.000006
14551 0.000006
14552 0.000008
14553 0.000023
14554 0.000014
14555 0.000014
14556 0.000010
14557 0.000011
14558 0.000008
14559 0.000008
14560 0.000019
14561 0.000035
14562 0.000025
14563 0.000014
14564 0.000021
14565 0.000016
14566 0.000010
14567 0.000005
14568 0.000009
14569 0.000008
14570 0.000011
14571 0.000009
14572 0.000005
14573 0.000005
14574 0.000004
14575 0.000016
14576 0.000007
14577 0.000006
14578 0.000025
14579 0.000025
14580 0.000025
14581 0.000046
14582 0.000016
14583 0.000017
14584 0.000026
14585 0.000009
14586 0.000007
14587 0.000014
14588 0.000009
14589 0.000021
14590 0.000019
14591 0.000020
14592 0.000015
14593 0.000015
14594 0.000017
14595 0.000033
14596 0.000015
14597 0.000013
14598 0.000029
14599 0.000029
14600 0.000032
14601 0.000033
14602 0.000040
14603 0.000029
14604 0.000010
14605 0.000011
14606 0.000019
14607 0.000020
14608 0.000018
14609 0.000028
14610 0.000027
14611 0.000015
14612 0.000009
14613 0.000007
14614 0.000007
14615 0.000008
14616 0.000013
14617 0.000020
14618 0.000031
14619 0.000032
14620 0.000012
14621 0.000020
14622 0.000014
14623 0.000026
14624 0.000015
14625 0.000014
14626 0.000009
14627 0.000020
14628 0.000017
14629 0.000024
14630 0.000007
14631 0.000011
14632 0.000014
14633 0.000011
14634 0.000012
14635 0.000016
14636 0.000012
14637 0.000015
14638 0.000026
14639 0.000010
14640 0.000013
14641 0.000015
14642 0.000031
14643 0.000018
14644 0.000018
14645 0.000034
14646 0.000041
14647 0.000030
14648 0.000022
14649 0.000021
14650 0.000013
14651 0.000018
14652 0.000008
14653 0.000012
14654 0.000015
14655 0.000024
14656 0.000023
14657 0.000014
14658 0.000040
14659 0.000039
14660 0.000028
14661 0.000040
14662 0.000037
14663 0.000027
14664 0.000011
14665 0.000014
14666 0.000018
14667 0.000007
14668 0.000017
14669 0.000019
14670 0.000010
14671 0.000007
14672 0.000023
14673 0.000014
14674 0.000013
14675 0.000017
14676 0.000005
14677 0.000004
14678 0.000011
14679 0.000010
14680 0.000011
14681 0.000006
14682 0.000006
14683 0.000006
14684 0.000018
14685 0.000011
14686 0.000012
14687 0.000014
14688 0.000015
14689 0.000024
14690 0.000010
14691 0.000024
14692 0.000030
14693 0.000016
14694 0.000013
14695 0.000009
14696 0.000037
14697 0.000011
14698 0.000013
14699 0.000007
14700 0.000007
14701 0.000023
14702 0.000030
14703 0.000030
14704 0.000007
14705 0.000022
14706 0.000024
14707 0.000032
14708 0.000042
14709 0.000011
14710 0.000023
14711 0.000024
14712 0.000009
14713 0.000020
14714 0.000023
14715 0.000010
14716 0.000011
14717 0.000011
14718 0.000015
14719 0.000027
14720 0.000023
14721 0.000029
14722 0.000018
14723 0.000018
14724 0.000019
14725 0.000036
14726 0.000026
14727 0.000030
14728 0.000039
14729 0.000041
14730 0.000021
14731 0.000022
14732 0.000030
14733 0.000010
14734 0.000020
14735 0.000011
14736 0.000038
14737 0.000036
14738 0.000018
14739 0.000015
14740 0.000010
14741 0.000009
14742 0.000018
14743 0.000019
14744 0.000017
14745 0.000011
14746 0.000012
14747 0.000015
14748 0.000012
14749 0.000037
14750 0.000021
14751 0.000017
14752 0.000030
14753 0.000039
14754 0.000030
14755 0.000016
14756 0.000020
14757 0.000017
14758 0.000021
14759 0.000028
14760 0.000034
14761 0.000017
14762 0.000018
14763 0.000014
14764 0.000028
14765 0.000019
14766 0.000006
14767 0.000008
14768 0.000011
14769 0.000008
14770 0.000015
14771 0.000016
14772 0.000016
14773 0.000023
14774 0.000025
14775 0.000020
14776 0.000020
14777 0.000021
14778 0.000011
14779 0.000015
14780 0.000017
14781 0.000022
14782 0.000022
14783 0.000026
14784 0.000010
14785 0.000036
14786 0.000018
14787 0.000021
14788 0.000024
14789 0.000030
14790 0.000013
14791 0.000022
14792 0.000008
14793 0.000022
14794 0.000029
14795 0.000015
14796 0.000020
14797 0.000015
14798 0.000026
14799 0.000053
14800 0.000026
14801 0.000007
14802 0.000016
14803 0.000023
14804 0.000008
14805 0.000017
14806 0.000008
14807 0.000036
14808 0.000020
14809 0.000022
14810 0.000026
14811 0.000022
14812 0.000028
14813 0.000014
14814 0.000010
14815 0.000006
14816 0.000018
14817 0.000010
14818 0.000018
14819 0.000018
14820 0.000013
14821 0.000029
14822 0.000019
14823 0.000026
14824 0.000037
14825 0.000013
14826 0.000014
14827 0.000012
14828 0.000011
14829 0.000020
14830 0.000015
14831 0.000016
14832 0.000022
14833 0.000008
14834 0.000013
14835 0.000011
14836 0.000020
14837 0.000015
14838 0.000018
14839 0.000023
14840 0.000031
14841 0.000031
14842 0.000044
14843 0.000020
14844 0.000022
14845 0.000041
14846 0.000025
14847 0.000013
14848 0.000021
14849 0.000037
14850 0.000011
14851 0.000017
14852 0.000024
14853 0.000016
14854 0.000010
14855 0.000024
14856 0.000021
14857 0.000028
14858 0.000018
14859 0.000010
14860 0.000013
14861 0.000006
14862 0.000009
14863 0.000021
14864 0.000020
14865 0.000011
14866 0.000028
14867 0.000038
14868 0.000052
14869 0.000028
14870 0.000009
14871 0.000015
14872 0.000030
14873 0.000030
14874 0.000028
14875 0.000025
14876 0.000010
14877 0.000015
14878 0.000038
14879 0.000015
14880 0.000009
14881 0.000018
14882 0.000025
14883 0.000024
14884 0.000022
14885 0.000012
14886 0.000022
14887 0.000009
14888 0.000012
14889 0.000029
14890 0.000010
14891 0.000005
14892 0.000011
14893 0.000015
14894 0.000009
14895 0.000018
14896 0.000027
14897 0.000023
14898 0.000029
14899 0.000018
14900 0.000018
14901 0.000021
14902 0.000013
14903 0.000012
14904 0.000012
14905 0.000008
14906 0.000014
14907 0.000022
14908 0.000035
14909 0.000059
14910 0.000022
14911 0.000028
14912 0.000015
14913 0.000032
14914 0.000032
14915 0.000035
14916 0.000016
14917 0.000015
14918 0.000018
14919 0.000017
14920 0.000014
14921 0.000015
14922 0.000023
14923 0.000028
14924 0.000013
14925 0.000021
14926 0.000027
14927 0.000019
14928 0.000036
14929 0.000022
14930 0.000017
14931 0.000017
14932 0.000021
14933 0.000030
14934 0.000028
14935 0.000011
14936 0.000020
14937 0.000015
14938 0.000006
14939 0.000033
14940 0.000022
14941 0.000015
14942 0.000015
14943 0.000023
14944 0.000039
14945 0.000034
14946 0.000019
14947 0.000028
14948 0.000018
14949 0.000018
14950 0.000036
14951 0.000030
14952 0.000024
14953 0.000045
14954 0.000019
14955 0.000020
14956 0.000012
14957 0.000017
14958 0.000013
14959 0.000038
14960 0.000038
14961 0.000025
14962 0.000022
14963 0.000012
14964 0.000026
14965 0.000012
14966 0.000008
14967 0.000015
14968 0.000023
14969 0.000012
14970 0.000010
14971 0.000015
14972 0.000018
14973 0.000014
14974 0.000008
14975 0.000031
14976 0.000047
14977 0.000028
14978 0.000009
14979 0.000014
14980 0.000017
14981 0.000008
14982 0.000012
14983 0.000009
14984 0.000018
14985 0.000018
14986 0.000008
14987 0.000005
14988 0.000019
14989 0.000034
14990 0.000010
14991 0.000009
14992 0.000006
14993 0.000007
14994 0.000011
14995 0.000011
14996 0.000017
14997 0.000008
14998 0.000011
14999 0.000005
15000 0.000017
15001 0.000013
15002 0.000007
15003 0.000026
15004 0.000018
15005 0.000034
15006 0.000030
15007 0.000022
15008 0.000008
15009 0.000005
15010 0.000028
15011 0.000010
15012 0.000014
15013 0.000015
15014 0.000021
15015 0.000009
15016 0.000018
15017 0.000016
15018 0.000019
15019 0.000034
15020 0.000022
15021 0.000024
15022 0.000017
15023 0.000009
15024 0.000023
15025 0.000008
15026 0.000009
15027 0.000006
15028 0.000005
15029 0.000028
15030 0.000032
15031 0.000043
15032 0.000023
15033 0.000016
15034 0.000015
15035 0.000031
15036 0.000017
15037 0.000008
15038 0.000012
15039 0.000012
15040 0.000010
15041 0.000015
15042 0.000036
15043 0.000014
15044 0.000011
15045 0.000026
15046 0.000016
15047 0.000029
15048 0.000019
15049 0.000026
15050 0.000009
15051 0.000018
15052 0.000015
15053 0.000030
15054 0.000035
15055 0.000030
15056 0.000037
15057 0.000019
15058 0.000019
15059 0.000006
15060 0.000054
15061 0.000030
15062 0.000012
15063 0.000017
15064 0.000011
15065 0.000005
15066 0.000018
15067 0.000024
15068 0.000010
15069 0.000019
15070 0.000036
15071 0.000031
15072 0.000027
15073 0.000020
15074 0.000009
15075 0.000022
15076 0.000013
15077 0.000006
15078 0.000016
15079 0.000010
15080 0.000011
15081 0.000032
15082 0.000018
15083 0.000012
15084 0.000008
15085 0.000011
15086 0.000009
15087 0.000041
15088 0.000025
15089 0.000037
15090 0.000025
15091 0.000012
15092 0.000024
15093 0.000018
15094 0.000013
15095 0.000034
15096 0.000041
15097 0.000040
15098 0.000021
15099 0.000031
15100 0.000017
15101 0.000015
15102 0.000023
15103 0.000022
15104 0.000015
15105 0.000015
15106 0.000006
15107 0.000011
15108 0.000006
15109 0.000004
15110 0.000016
15111 0.000048
15112 0.000022
15113 0.000014
15114 0.000021
15115 0.000015
15116 0.000009
15117 0.000037
15118 0.000012
15119 0.000020
15120 0.000009
15121 0.000010
15122 0.000006
15123 0.000012
15124 0.000010
15125 0.000030
15126 0.000011
15127 0.000014
15128 0.000020
15129 0.000015
15130 0.000022
15131 0.000012
15132 0.000005
15133 0.000011
15134 0.000018
15135 0.000021
15136 0.000011
15137 0.000031
15138 0.000010
15139 0.000007
15140 0.000012
15141 0.000008
15142 0.000008
15143 0.000017
15144 0.000005
15145 0.000004
15146 0.000011
15147 0.000010
15148 0.000007
15149 0.000015
15150 0.000010
15151 0.000005
15152 0.000030
15153 0.000012
15154 0.000017
15155 0.000029
15156 0.000028
15157 0.000021
15158 0.000015
15159 0.000007
15160 0.000006
15161 0.000011
15162 0.000012
15163 0.000016
15164 0.000026
15165 0.000007
15166 0.000011
15167 0.000013
15168 0.000014
15169 0.000010
15170 0.000019
15171 0.000016
15172 0.000015
15173 0.000006
15174 0.000019
15175 0.000023
15176 0.000036
15177 0.000040
15178 0.000040
15179 0.000028
15180 0.000020
15181 0.000006
15182 0.000006
15183 0.000027
15184 0.000016
15185 0.000027
15186 0.000025
15187 0.000030
15188 0.000030
15189 0.000016
15190 0.000014
15191 0.000022
15192 0.000043
15193 0.000031
15194 0.000032
15195 0.000026
15196 0.000010
15197 0.000037
15198 0.000025
15199 0.000039
15200 0.000018
15201 0.000028
15202 0.000009
15203 0.000007
15204 0.000028
15205 0.000014
15206 0.000013
15207 0.000013
15208 0.000026
15209 0.000011
15210 0.000008
15211 0.000011
15212 0.000030
15213 0.000016
15214 0.000034
15215 0.000017
15216 0.000021
15217 0.000015
15218 0.000006
15219 0.000013
15220 0.000052
15221 0.000030
15222 0.000021
15223 0.000037
15224 0.000022
15225 0.000025
15226 0.000020
15227 0.000016
15228 0.000014
15229 0.000015
15230 0.000016
15231 0.000024
15232 0.000011
15233 0.000005
15234 0.000005
15235 0.000005
15236 0.000021
15237 0.000015
15238 0.000016
15239 0.000018
15240 0.000019
15241 0.000009
15242 0.000026
15243 0.000025
15244 0.000018
15245 0.000014
15246 0.000009
15247 0.000031
15248 0.000027
15249 0.000023
15250 0.000015
15251 0.000018
15252 0.000026
15253 0.000029
15254 0.000029
15255 0.000020
15256 0.000017
15257 0.000011
15258 0.000014
15259 0.000033
15260 0.000020
15261 0.000008
15262 0.000015
15263 0.000033
15264 0.000017
15265 0.000058
15266 0.000033
15267 0.000021
15268 0.000029
15269 0.000038
15270 0.000020
15271 0.000028
15272 0.000019
15273 0.000017
15274 0.000028
15275 0.000022
15276 0.000014
15277 0.000019
15278 0.000014
15279 0.000024
15280 0.000016
15281 0.000006
15282 0.000010
15283 0.000006
15284 0.000011
15285 0.000019
15286 0.000017
15287 0.000023
15288 0.000013
15289 0.000008
15290 0.000008
15291 0.000011
15292 0.000009
15293 0.000021
15294 0.000014
15295 0.000019
15296 0.000010
15297 0.000022
15298 0.000015
15299 0.000016
15300 0.000019
15301 0.000017
15302 0.000018
15303 0.000030
15304 0.000046
15305 0.000075
15306 0.000073
15307 0.000056
15308 0.000038
15309 0.000034
15310 0.000040
15311 0.000049
15312 0.000028
15313 0.000011
15314 0.000019
15315 0.000019
15316 0.000019
15317 0.000025
15318 0.000021
15319 0.000010
15320 0.000017
15321 0.000014
15322 0.000013
15323 0.000017
15324 0.000027
15325 0.000016
15326 0.000014
15327 0.000027
15328 0.000015
15329 0.000011
15330 0.000022
15331 0.000035
15332 0.000021
15333 0.000015
15334 0.000018
15335 0.000026
15336 0.000008
15337 0.000014
15338 0.000025
15339 0.000012
15340 0.000032
15341 0.000016
15342 0.000017
15343 0.000030
15344 0.000015
15345 0.000014
15346 0.000021
15347 0.000007
15348 0.000020
15349 0.000033
15350 0.000028
15351 0.000015
15352 0.000005
15353 0.000005
15354 0.000012
15355 0.000020
15356 0.000020
15357 0.000024
15358 0.000019
15359 0.000018
15360 0.000025
15361 0.000029
15362 0.000025
15363 0.000016
15364 0.000019
15365 0.000019
15366 0.000011
15367 0.000010
15368 0.000024
15369 0.000026
15370 0.000030
15371 0.000030
15372 0.000033
15373 0.000022
15374 0.000021
15375 0.000011
15376 0.000019
15377 0.000030
15378 0.000019
15379 0.000031
15380 0.000025
15381 0.000012
15382 0.000018
15383 0.000016
15384 0.000011
15385 0.000019
15386 0.000016
15387 0.000013
15388 0.000023
15389 0.000029
15390 0.000021
15391 0.000031
15392 0.000020
15393 0.000010
15394 0.000019
15395 0.000025
15396 0.000016
15397 0.000027
15398 0.000026
15399 0.000025
15400 0.000030
15401 0.000029
15402 0.000035
15403 0.000010
15404 0.000011
15405 0.000009
15406 0.000011
15407 0.000012
15408 0.000006
15409 0.000028
15410 0.000022
15411 0.000026
15412 0.000016
15413 0.000010
15414 0.000012
15415 0.000012
15416 0.000016
15417 0.000016
15418 0.000006
15419 0.000022
15420 0.000006
15421 0.000022
15422 0.000018
15423 0.000022
15424 0.000022
15425 0.000021
15426 0.000007
15427 0.000004
15428 0.000005
15429 0.000010
15430 0.000009
15431 0.000015
15432 0.000041
15433 0.000032
15434 0.000035
15435 0.000016
15436 0.000012
15437 0.000026
15438 0.000030
15439 0.000018
15440 0.000007
15441 0.000012
15442 0.000005
15443 0.000014
15444 0.000021
15445 0.000022
15446 0.000027
15447 0.000034
15448 0.000029
15449 0.000029
15450 0.000028
15451 0.000022
15452 0.000014
15453 0.000021
15454 0.000015
15455 0.000022
15456 0.000032
15457 0.000010
15458 0.000017
15459 0.000028
15460 0.000028
15461 0.000017
15462 0.000006
15463 0.000015
15464 0.000009
15465 0.000014
15466 0.000012
15467 0.000019
15468 0.000009
15469 0.000032
15470 0.000032
15471 0.000059
15472 0.000020
15473 0.000013
15474 0.000006
15475 0.000011
15476 0.000005
15477 0.000017
15478 0.000010
15479 0.000014
15480 0.000034
15481 0.000010
15482 0.000027
15483 0.000016
15484 0.000022
15485 0.000009
15486 0.000012
15487 0.000018
15488 0.000016
15489 0.000030
15490 0.000014
15491 0.000020
15492 0.000016
15493 0.000025
15494 0.000041
15495 0.000020
15496 0.000018
15497 0.000025
15498 0.000026
15499 0.000013
15500 0.000005
15501 0.000015
15502 0.000014
15503 0.000030
15504 0.000019
15505 0.000008
15506 0.000018
15507 0.000021
15508 0.000017
15509 0.000033
15510 0.000035
15511 0.000020
15512 0.000023
15513 0.000018
15514 0.000008
15515 0.000019
15516 0.000013
15517 0.000010
15518 0.000013
15519 0.000011
15520 0.000017
15521 0.000013
15522 0.000008
15523 0.000017
15524 0.000020
15525 0.000020
15526 0.000015
15527 0.000016
15528 0.000019
15529 0.000018
15530 0.000016
15531 0.000017
15532 0.000008
15533 0.000005
15534 0.000006
15535 0.000017
15536 0.000018
15537 0.000022
15538 0.000019
15539 0.000011
15540 0.000023
15541 0.000014
15542 0.000009
15543 0.000015
15544 0.000021
15545 0.000032
15546 0.000017
15547 0.000026
15548 0.000009
15549 0.000010
15550 0.000017
15551 0.000013
15552 0.000014
15553 0.000016
15554 0.000028
15555 0.000022
15556 0.000011
15557 0.000038
15558 0.000039
15559 0.000022
15560 0.000029
15561 0.000035
15562 0.000020
15563 0.000027
15564 0.000045
15565 0.000036
15566 0.000044
15567 0.000026
15568 0.000028
15569 0.000009
15570 0.000015
15571 0.000007
15572 0.000009
15573 0.000023
15574 0.000024
15575 0.000008
15576 0.000019
15577 0.000010
15578 0.000018
15579 0.000012
15580 0.000027
15581 0.000016
15582 0.000030
15583 0.000022
15584 0.000059
15585 0.000042
15586 0.000025
15587 0.000026
15588 0.000037
15589 0.000018
15590 0.000026
15591 0.000012
15592 0.000017
15593 0.000011
15594 0.000025
15595 0.000047
15596 0.000013
15597 0.000012
15598 0.000024
15599 0.000047
15600 0.000014
15601 0.000010
15602 0.000021
15603 0.000017
15604 0.000008
15605 0.000009
15606 0.000026
15607 0.000028
15608 0.000015
15609 0.000019
15610 0.000015
15611 0.000018
15612 0.000011
15613 0.000015
15614 0.000014
15615 0.000017
15616 0.000020
15617 0.000012
15618 0.000020
15619 0.000029
15620 0.000034
15621 0.000046
15622 0.000013
15623 0.000021
15624 0.000019
15625 0.000011
15626 0.000006
15627 0.000021
15628 0.000028
15629 0.000021
15630 0.000011
15631 0.000009
15632 0.000012
15633 0.000021
15634 0.000025
15635 0.000017
15636 0.000017
15637 0.000008
15638 0.000012
15639 0.000005
15640 0.000011
15641 0.000009
15642 0.000023
15643 0.000031
15644 0.000031
15645 0.000023
15646 0.000008
15647 0.000013
15648 0.000035
15649 0.000013
15650 0.000012
15651 0.000010
15652 0.000010
15653 0.000010
15654 0.000017
15655 0.000009
15656 0.000029
15657 0.000022
15658 0.000019
15659 0.000012
15660 0.000037
15661 0.000025
15662 0.000010
15663 0.000019
15664 0.000047
15665 0.000019
15666 0.000011
15667 0.000023
15668 0.000027
15669 0.000012
15670 0.000008
15671 0.000019
15672 0.000011
15673 0.000020
15674 0.000009
15675 0.000026
15676 0.000039
15677 0.000018
15678 0.000027
15679 0.000025
15680 0.000029
15681 0.000012
15682 0.000033
15683 0.000018
15684 0.000040
15685 0.000029
15686 0.000029
15687 0.000019
15688 0.000019
15689 0.000017
15690 0.000019
15691 0.000013
15692 0.000020
15693 0.000011
15694 0.000061
15695 0.000040
15696 0.000031
15697 0.000053
15698 0.000055
15699 0.000034
15700 0.000027
15701 0.000009
15702 0.000009
15703 0.000013
15704 0.000026
15705 0.000025
15706 0.000019
15707 0.000026
15708 0.000022
15709 0.000030
15710 0.000018
15711 0.000020
15712 0.000014
15713 0.000006
15714 0.000046
15715 0.000026
15716 0.000025
15717 0.000025
15718 0.000025
15719 0.000011
15720 0.000026
15721 0.000013
15722 0.000007
15723 0.000011
15724 0.000012
15725 0.000027
15726 0.000022
15727 0.000018
15728 0.000033
15729 0.000023
15730 0.000017
15731 0.000011
15732 0.000012
15733 0.000006
15734 0.000011
15735 0.000015
15736 0.000020
15737 0.000014
15738 0.000020
15739 0.000033
15740 0.000010
15741 0.000017
15742 0.000008
15743 0.000011
15744 0.000027
15745 0.000019
15746 0.000026
15747 0.000020
15748 0.000016
15749 0.000010
15750 0.000031
15751 0.000010
15752 0.000023
15753 0.000022
15754 0.000013
15755 0.000009
15756 0.000039
15757 0.000034
15758 0.000047
15759 0.000036
15760 0.000014
15761 0.000043
15762 0.000055
15763 0.000030
15764 0.000029
15765 0.000048
15766 0.000017
15767 0.000021
15768 0.000025
15769 0.000031
15770 0.000035
15771 0.000040
15772 0.000026
15773 0.000019
15774 0.000023
15775 0.000019
15776 0.000035
15777 0.000009
15778 0.000006
15779 0.000030
15780 0.000034
15781 0.000013
15782 0.000029
15783 0.000034
15784 0.000027
15785 0.000018
15786 0.000026
15787 0.000017
15788 0.000013
15789 0.000031
15790 0.000026
15791 0.000031
15792 0.000012
15793 0.000046
15794 0.000020
15795 0.000015
15796 0.000024
15797 0.000019
15798 0.000012
15799 0.000020
15800 0.000013
15801 0.000026
15802 0.000019
15803 0.000015
15804 0.000022
15805 0.000018
15806 0.000017
15807 0.000012
15808 0.000019
15809 0.000039
15810 0.000026
15811 0.000036
15812 0.000016
15813 0.000034
15814 0.000045
15815 0.000028
15816 0.000015
15817 0.000010
15818 0.000006
15819 0.000021
15820 0.000015
15821 0.000028
15822 0.000020
15823 0.000022
15824 0.000009
15825 0.000021
15826 0.000028
15827 0.000022
15828 0.000023
15829 0.000011
15830 0.000017
15831 0.000024
15832 0.000021
15833 0.000007
15834 0.000010
15835 0.000008
15836 0.000011
15837 0.000016
15838 0.000020
15839 0.000025
15840 0.000020
15841 0.000024
15842 0.000019
15843 0.000009
15844 0.000010
15845 0.000025
15846 0.000009
15847 0.000029
15848 0.000034
15849 0.000010
15850 0.000019
15851 0.000027
15852 0.000014
15853 0.000024
15854 0.000012
15855 0.000024
15856 0.000041
15857 0.000021
15858 0.000011
15859 0.000005
15860 0.000020
15861 0.000020
15862 0.000023
15863 0.000026
15864 0.000030
15865 0.000012
15866 0.000013
15867 0.000033
15868 0.000023
15869 0.000010
15870 0.000016
15871 0.000020
15872 0.000025
15873 0.000016
15874 0.000014
15875 0.000008
15876 0.000023
15877 0.000028
15878 0.000020
15879 0.000011
15880 0.000013
15881 0.000016
15882 0.000016
15883 0.000017
15884 0.000010
15885 0.000015
15886 0.000024
15887 0.000013
15888 0.000010
15889 0.000024
15890 0.000029
15891 0.000030
15892 0.000038
15893 0.000033
15894 0.000034
15895 0.000014
15896 0.000026
15897 0.000035
15898 0.000020
15899 0.000007
15900 0.000008
15901 0.000022
15902 0.000015
15903 0.000026
15904 0.000016
15905 0.000010
15906 0.000014
15907 0.000013
15908 0.000015
15909 0.000015
15910 0.000012
15911 0.000025
15912 0.000038
15913 0.000041
15914 0.000023
15915 0.000017
15916 0.000014
15917 0.000010
15918 0.000016
15919 0.000015
15920 0.000007
15921 0.000018
15922 0.000031
15923 0.000017
15924 0.000018
15925 0.000023
15926 0.000016
15927 0.000014
15928 0.000005
15929 0.000015
15930 0.000013
15931 0.000019
15932 0.000017
15933 0.000029
15934 0.000048
15935 0.000016
15936 0.000006
15937 0.000011
15938 0.000017
15939 0.000013
15940 0.000016
15941 0.000013
15942 0.000011
15943 0.000009
15944 0.000039
15945 0.000037
15946 0.000026
15947 0.000017
15948 0.000018
15949 0.000007
15950 0.000017
15951 0.000022
15952 0.000021
15953 0.000017
15954 0.000015
15955 0.000016
15956 0.000040
15957 0.000052
15958 0.000035
15959 0.000024
15960 0.000007
15961 0.000014
15962 0.000046
15963 0.000022
15964 0.000023
15965 0.000010
15966 0.000024
15967 0.000033
15968 0.000019
15969 0.000014
15970 0.000005
15971 0.000010
15972 0.000005
15973 0.000015
15974 0.000011
15975 0.000015
15976 0.000028
15977 0.000009
15978 0.000013
15979 0.000016
15980 0.000010
15981 0.000017
15982 0.000022
15983 0.000019
15984 0.000017
15985 0.000009
15986 0.000025
15987 0.000014
15988 0.000015
15989 0.000009
15990 0.000013
15991 0.000044
15992 0.000055
15993 0.000027
15994 0.000020
15995 0.000011
15996 0.000007
15997 0.000019
15998 0.000015
15999 0.000022
16000 0.000009
16001 0.000011
16002 0.000009
16003 0.000013
16004 0.000011
16005 0.000012
16006 0.000013
16007 0.000013
16008 0.000023
16009 0.000010
16010 0.000017
16011 0.000018
16012 0.000048
16013 0.000029
16014 0.000011
16015 0.000016
16016 0.000009
16017 0.000030
16018 0.000022
16019 0.000023
16020 0.000029
16021 0.000028
16022 0.000037
16023 0.000014
16024 0.000016
16025 0.000020
16026 0.000016
16027 0.000036
16028 0.000034
16029 0.000023
16030 0.000029
16031 0.000009
16032 0.000010
16033 0.000023
16034 0.000015
16035 0.000021
16036 0.000010
16037 0.000029
16038 0.000012
16039 0.000049
16040 0.000021
16041 0.000011
16042 0.000010
16043 0.000006
16044 0.000018
16045 0.000012
16046 0.000013
16047 0.000007
16048 0.000020
16049 0.000034
16050 0.000013
16051 0.000026
16052 0.000025
16053 0.000038
16054 0.000010
16055 0.000015
16056 0.000016
16057 0.000029
16058 0.000021
16059 0.000012
16060 0.000010
16061 0.000016
16062 0.000018
16063 0.000016
16064 0.000012
16065 0.000005
16066 0.000014
16067 0.000023
16068 0.000026
16069 0.000018
16070 0.000024
16071 0.000008
16072 0.000014
16073 0.000009
16074 0.000011
16075 0.000017
16076 0.000010
16077 0.000004
16078 0.000010
16079 0.000027
16080 0.000027
16081 0.000027
16082 0.000021
16083 0.000007
16084 0.000012
16085 0.000011
16086 0.000028
16087 0.000038
16088 0.000027
16089 0.000011
16090 0.000006
16091 0.000023
16092 0.000028
16093 0.000024
16094 0.000014
16095 0.000033
16096 0.000025
16097 0.000018
16098 0.000023
16099 0.000037
16100 0.000034
16101 0.000021
16102 0.000030
16103 0.000013
16104 0.000012
16105 0.000020
16106 0.000013
16107 0.000025
16108 0.000030
16109 0.000024
16110 0.000013
16111 0.000014
16112 0.000024
16113 0.000031
16114 0.000039
16115 0.000035
16116 0.000021
16117 0.000030
16118 0.000021
16119 0.000022
16120 0.000019
16121 0.000015
16122 0.000018
16123 0.000012
16124 0.000031
16125 0.000016
16126 0.000016
16127 0.000006
16128 0.000024
16129 0.000032
16130 0.000023
16131 0.000033
16132 0.000039
16133 0.000066
16134 0.000024
16135 0.000008
16136 0.000029
16137 0.000030
16138 0.000023
16139 0.000009
16140 0.000013
16141 0.000015
16142 0.000016
16143 0.000027
16144 0.000012
16145 0.000027
16146 0.000009
16147 0.000033
16148 0.000021
16149 0.000009
16150 0.000022
16151 0.000012
16152 0.000010
16153 0.000016
16154 0.000007
16155 0.000007
16156 0.000037
16157 0.000052
16158 0.000030
16159 0.000034
16160 0.000032
16161 0.000034
16162 0.000032
16163 0.000019
16164 0.000007
16165 0.000021
16166 0.000041
16167 0.000059
16168 0.000011
16169 0.000015
16170 0.000019
16171 0.000013
16172 0.000026
16173 0.000034
16174 0.000015
16175 0.000009
16176 0.000017
16177 0.000006
16178 0.000010
16179 0.000010
16180 0.000024
16181 0.000021
16182 0.000045
16183 0.000031
16184 0.000018
16185 0.000021
16186 0.000027
16187 0.000032
16188 0.000016
16189 0.000023
16190 0.000022
16191 0.000022
16192 0.000008
16193 0.000025
16194 0.000026
16195 0.000022
16196 0.000016
16197 0.000017
16198 0.000024
16199 0.000021
16200 0.000025
16201 0.000008
16202 0.000018
16203 0.000027
16204 0.000019
16205 0.000008
16206 0.000005
16207 0.000010
16208 0.000013
16209 0.000007
16210 0.000022
16211 0.000012
16212 0.000006
16213 0.000014
16214 0.000011
16215 0.000009
16216 0.000013
16217 0.000008
16218 0.000008
16219 0.000008
16220 0.000016
16221 0.000014
16222 0.000013
16223 0.000020
16224 0.000042
16225 0.000032
16226 0.000020
16227 0.000024
16228 0.000008
16229 0.000027
16230 0.000013
16231 0.000007
16232 0.000011
16233 0.000023
16234 0.000015
16235 0.000021
16236 0.000011
16237 0.000006
16238 0.000027
16239 0.000015
16240 0.000006
16241 0.000020
16242 0.000013
16243 0.000009
16244 0.000022
16245 0.000024
16246 0.000012
16247 0.000013
16248 0.000009
16249 0.000005
16250 0.000016
16251 0.000008
16252 0.000009
16253 0.000033
16254 0.000025
16255 0.000020
16256 0.000021
16257 0.000008
16258 0.000012
16259 0.000026
16260 0.000021
16261 0.000027
16262 0.000028
16263 0.000025
16264 0.000035
16265 0.000022
16266 0.000009
16267 0.000008
16268 0.000029
16269 0.000013
16270 0.000031
16271 0.000025
16272 0.000014
16273 0.000011
16274 0.000005
16275 0.000014
16276 0.000026
16277 0.000012
16278 0.000010
16279 0.000018
16280 0.000038
16281 0.000040
16282 0.000047
16283 0.000039
16284 0.000040
16285 0.000021
16286 0.000012
16287 0.000030
16288 0.000014
16289 0.000021
16290 0.000024
16291 0.000023
16292 0.000029
16293 0.000026
16294 0.000010
16295 0.000011
16296 0.000014
16297 0.000012
16298 0.000024
16299 0.000024
16300 0.000019
16301 0.000030
16302 0.000019
16303 0.000016
16304 0.000010
16305 0.000012
16306 0.000020
16307 0.000016
16308 0.000030
16309 0.000013
16310 0.000028
16311 0.000021
16312 0.000010
16313 0.000013
16314 0.000015
16315 0.000010
16316 0.000016
16317 0.000014
16318 0.000010
16319 0.000019
16320 0.000013
16321 0.000015
16322 0.000014
16323 0.000026
16324 0.000010
16325 0.000023
16326 0.000017
16327 0.000013
16328 0.000017
16329 0.000030
16330 0.000009
16331 0.000016
16332 0.000010
16333 0.000014
16334 0.000017
16335 0.000007
16336 0.000012
16337 0.000018
16338 0.000011
16339 0.000008
16340 0.000008
16341 0.000011
16342 0.000021
16343 0.000021
16344 0.000020
16345 0.000029
16346 0.000039
16347 0.000039
16348 0.000023
16349 0.000027
16350 0.000018
16351 0.000025
16352 0.000026
16353 0.000026
16354 0.000008
16355 0.000022
16356 0.000007
16357 0.000012
16358 0.000017
16359 0.000019
16360 0.000027
16361 0.000011
16362 0.000011
16363 0.000031
16364 0.000030
16365 0.000022
16366 0.000021
16367 0.000011
16368 0.000007
16369 0.000010
16370 0.000012
16371 0.000012
16372 0.000020
16373 0.000030
16374 0.000012
16375 0.000030
16376 0.000020
16377 0.000015
16378 0.000015
16379 0.000031
16380 0.000014
16381 0.000021
16382 0.000009
16383 0.000010
16384 0.000012
16385 0.000005
16386 0.000007
16387 0.000024
16388 0.000024
16389 0.000021
16390 0.000012
16391 0.000018
16392 0.000014
16393 0.000017
16394 0.000015
16395 0.000010
16396 0.000020
16397 0.000023
16398 0.000020
16399 0.000013
16400 0.000018
16401 0.000016
16402 0.000025
16403 0.000017
16404 0.000020
16405 0.000028
16406 0.000022
16407 0.000030
16408 0.000035
16409 0.000016
16410 0.000014
16411 0.000020
16412 0.000014
16413 0.000015
16414 0.000032
16415 0.000037
16416 0.000037
16417 0.000023
16418 0.000039
16419 0.000032
16420 0.000032
16421 0.000061
16422 0.000035
16423 0.000038
16424 0.000046
16425 0.000046
16426 0.000030
16427 0.000019
16428 0.000012
16429 0.000010
16430 0.000008
16431 0.000011
16432 0.000028
16433 0.000012
16434 0.000004
16435 0.000013
16436 0.000005
16437 0.000022
16438 0.000015
16439 0.000012
16440 0.000015
16441 0.000023
16442 0.000026
16443 0.000015
16444 0.000006
16445 0.000012
16446 0.000007
16447 0.000004
16448 0.000025
16449 0.000015
16450 0.000028
16451 0.000015
16452 0.000010
16453 0.000010
16454 0.000043
16455 0.000027
16456 0.000021
16457 0.000011
16458 0.000010
16459 0.000017
16460 0.000019
16461 0.000021
16462 0.000025
16463 0.000014
16464 0.000022
16465 0.000019
16466 0.000032
16467 0.000026
16468 0.000017
16469 0.000009
16470 0.000014
16471 0.000019
16472 0.000007
16473 0.000006
16474 0.000005
16475 0.000009
16476 0.000013
16477 0.000037
16478 0.000036
16479 0.000015
16480 0.000016
16481 0.000014
16482 0.000021
16483 0.000013
16484 0.000018
16485 0.000011
16486 0.000025
16487 0.000015
16488 0.000011
16489 0.000007
16490 0.000019
16491 0.000015
16492 0.000009
16493 0.000007
16494 0.000005
16495 0.000012
16496 0.000016
16497 0.000010
16498 0.000021
16499 0.000026
16500 0.000010
16501 0.000010
16502 0.000011
16503 0.000006
16504 0.000014
16505 0.000012
16506 0.000009
16507 0.000024
16508 0.000027
16509 0.000016
16510 0.000014
16511 0.000027
16512 0.000019
16513 0.000020
16514 0.000015
16515 0.000011
16516 0.000012
16517 0.000011
16518 0.000033
16519 0.000017
16520 0.000030
16521 0.000022
16522 0.000019
16523 0.000032
16524 0.000042
16525 0.000020
16526 0.000020
16527 0.000037
16528 0.000021
16529 0.000037
16530 0.000011
16531 0.000010
16532 0.000013
16533 0.000020
16534 0.000034
16535 0.000019
16536 0.000019
16537 0.000014
16538 0.000010
16539 0.000034
16540 0.000015
16541 0.000031
16542 0.000025
16543 0.000020
16544 0.000020
16545 0.000008
16546 0.000017
16547 0.000012
16548 0.000030
16549 0.000037
16550 0.000013
16551 0.000024
16552 0.000019
16553 0.000013
16554 0.000026
16555 0.000033
16556 0.000023
16557 0.000012
16558 0.000033
16559 0.000022
16560 0.000017
16561 0.000008
16562 0.000018
16563 0.000011
16564 0.000011
16565 0.000009
16566 0.000018
16567 0.000038
16568 0.000015
16569 0.000009
16570 0.000009
16571 0.000024
16572 0.000016
16573 0.000052
16574 0.000012
16575 0.000012
16576 0.000027
16577 0.000043
16578 0.000010
16579 0.000031
16580 0.000020
16581 0.000014
16582 0.000018
16583 0.000008
16584 0.000017
16585 0.000033
16586 0.000037
16587 0.000011
16588 0.000027
16589 0.000008
16590 0.000004
16591 0.000028
16592 0.000047
16593 0.000016
16594 0.000010
16595 0.000018
16596 0.000041
16597 0.000027
16598 0.000009
16599 0.000011
16600 0.000008
16601 0.000009
16602 0.000012
16603 0.000028
16604 0.000011
16605 0.000011
16606 0.000011
16607 0.000011
16608 0.000017
16609 0.000011
16610 0.000013
16611 0.000020
16612 0.000009
16613 0.000013
16614 0.000010
16615 0.000019
16616 0.000007
16617 0.000017
16618 0.000008
16619 0.000015
16620 0.000013
16621 0.000009
16622 0.000007
16623 0.000009
16624 0.000005
16625 0.000005
16626 0.000020
16627 0.000009
16628 0.000013
16629 0.000023
16630 0.000013
16631 0.000032
16632 0.000017
16633 0.000014
16634 0.000032
16635 0.000017
16636 0.000014
16637 0.000035
16638 0.000020
16639 0.000032
16640 0.000022
16641 0.000022
16642 0.000031
16643 0.000028
16644 0.000039
16645 0.000020
16646 0.000016
16647 0.000022
16648 0.000014
16649 0.000016
16650 0.000024
16651 0.000025
16652 0.000011
16653 0.000018
16654 0.000007
16655 0.000010
16656 0.000029
16657 0.000012
16658 0.000008
16659 0.000020
16660 0.000034
16661 0.000033
16662 0.000022
16663 0.000036
16664 0.000062
16665 0.000071
16666 0.000035
16667 0.000015
16668 0.000013
16669 0.000021
16670 0.000028
16671 0.000013
16672 0.000020
16673 0.000029
16674 0.000041
16675 0.000024
16676 0.000017
16677 0.000010
16678 0.000009
16679 0.000009
16680 0.000030
16681 0.000029
16682 0.000021
16683 0.000034
16684 0.000022
16685 0.000035
16686 0.000027
16687 0.000008
16688 0.000026
16689 0.000034
16690 0.000015
16691 0.000028
16692 0.000011
16693 0.000006
16694 0.000009
16695 0.000011
16696 0.000006
16697 0.000023
16698 0.000010
16699 0.000039
16700 0.000026
16701 0.000010
16702 0.000019
16703 0.000006
16704 0.000028
16705 0.000013
16706 0.000024
16707 0.000024
16708 0.000015
16709 0.000012
16710 0.000037
16711 0.000024
16712 0.000024
16713 0.000037
16714 0.000020
16715 0.000018
16716 0.000011
16717 0.000006
16718 0.000008
16719 0.000014
16720 0.000009
16721 0.000029
16722 0.000025
16723 0.000033
16724 0.000029
16725 0.000015
16726 0.000010
16727 0.000012
16728 0.000018
16729 0.000013
16730 0.000006
16731 0.000015
16732 0.000017
16733 0.000029
16734 0.000016
16735 0.000013
16736 0.000007
16737 0.000005
16738 0.000007
16739 0.000021
16740 0.000012
16741 0.000011
16742 0.000013
16743 0.000022
16744 0.000038
16745 0.000040
16746 0.000029
16747 0.000020
16748 0.000028
16749 0.000013
16750 0.000016
16751 0.000014
16752 0.000028
16753 0.000008
16754 0.000022
16755 0.000018
16756 0.000033
16757 0.000022
16758 0.000018
16759 0.000019
16760 0.000026
16761 0.000007
16762 0.000008
16763 0.000007
16764 0.000023
16765 0.000007
16766 0.000016
16767 0.000014
16768 0.000032
16769 0.000023
16770 0.000014
16771 0.000009
16772 0.000028
16773 0.000010
16774 0.000015
16775 0.000007
16776 0.000012
16777 0.000017
16778 0.000035
16779 0.000027
16780 0.000019
16781 0.000015
16782 0.000026
16783 0.000012
16784 0.000010
16785 0.000018
16786 0.000011
16787 0.000022
16788 0.000018
16789 0.000010
16790 0.000010
16791 0.000005
16792 0.000012
16793 0.000020
16794 0.000027
16795 0.000031
16796 0.000016
16797 0.000023
16798 0.000023
16799 0.000016
16800 0.000023
16801 0.000042
16802 0.000015
16803 0.000010
16804 0.000005
16805 0.000020
16806 0.000012
16807 0.000014
16808 0.000022
16809 0.000017
16810 0.000033
16811 0.000037
16812 0.000022
16813 0.000031
16814 0.000041
16815 0.000026
16816 0.000010
16817 0.000015
16818 0.000017
16819 0.000013
16820 0.000037
16821 0.000011
16822 0.000015
16823 0.000017
16824 0.000016
16825 0.000010
16826 0.000012
16827 0.000014
16828 0.000019
16829 0.000027
16830 0.000023
16831 0.000009
16832 0.000011
16833 0.000017
16834 0.000019
16835 0.000028
16836 0.000013
16837 0.000020
16838 0.000025
16839 0.000031
16840 0.000024
16841 0.000026
16842 0.000013
16843 0.000022
16844 0.000011
16845 0.000016
16846 0.000019
16847 0.000007
16848 0.000011
16849 0.000014
16850 0.000008
16851 0.000010
16852 0.000011
16853 0.000008
16854 0.000015
16855 0.000023
16856 0.000034
16857 0.000030
16858 0.000018
16859 0.000013
16860 0.000019
16861 0.000009
16862 0.000009
16863 0.000009
16864 0.000008
16865 0.000010
16866 0.000021
16867 0.000009
16868 0.000009
16869 0.000021
16870 0.000013
16871 0.000038
16872 0.000017
16873 0.000017
16874 0.000015
16875 0.000021
16876 0.000036
16877 0.000032
16878 0.000016
16879 0.000014
16880 0.000022
16881 0.000032
16882 0.000014
16883 0.000017
16884 0.000021
16885 0.000029
16886 0.000014
16887 0.000016
16888 0.000014
16889 0.000007
16890 0.000041
16891 0.000023
16892 0.000024
16893 0.000024
16894 0.000007
16895 0.000022
16896 0.000017
16897 0.000033
16898 0.000017
16899 0.000017
16900 0.000008
16901 0.000010
16902 0.000021
16903 0.000012
16904 0.000027
16905 0.000020
16906 0.000028
16907 0.000023
16908 0.000024
16909 0.000028
16910 0.000031
16911 0.000021
16912 0.000014
16913 0.000005
16914 0.000008
16915 0.000010
16916 0.000021
16917 0.000011
16918 0.000008
16919 0.000017
16920 0.000045
16921 0.000030
16922 0.000025
16923 0.000011
16924 0.000017
16925 0.000010
16926 0.000006
16927 0.000007
16928 0.000015
16929 0.000025
16930 0.000027
16931 0.000017
16932 0.000024
16933 0.000014
16934 0.000011
16935 0.000023
16936 0.000048
16937 0.000022
16938 0.000029
16939 0.000023
16940 0.000011
16941 0.000020
16942 0.000028
16943 0.000019
16944 0.000012
16945 0.000006
16946 0.000025
16947 0.000039
16948 0.000039
16949 0.000023
16950 0.000035
16951 0.000024
16952 0.000017
16953 0.000019
16954 0.000022
16955 0.000027
16956 0.000013
16957 0.000020
16958 0.000024
16959 0.000033
16960 0.000027
16961 0.000013
16962 0.000007
16963 0.000013
16964 0.000011
16965 0.000010
16966 0.000007
16967 0.000018
16968 0.000006
16969 0.000009
16970 0.000022
16971 0.000009
16972 0.000014
16973 0.000020
16974 0.000023
16975 0.000015
16976 0.000016
16977 0.000009
16978 0.000009
16979 0.000016
16980 0.000030
16981 0.000017
16982 0.000020
16983 0.000013
16984 0.000023
16985 0.000016
16986 0.000020
16987 0.000022
16988 0.000027
16989 0.000020
16990 0.000013
16991 0.000027
16992 0.000022
16993 0.000014
16994 0.000028
16995 0.000019
16996 0.000026
16997 0.000016
16998 0.000017
16999 0.000032
17000 0.000037
17001 0.000021
17002 0.000020
17003 0.000031
17004 0.000014
17005 0.000013
17006 0.000012
17007 0.000029
17008 0.000020
17009 0.000017
17010 0.000008
17011 0.000014
17012 0.000021
17013 0.000010
17014 0.000006
17015 0.000018
17016 0.000012
17017 0.000011
17018 0.000016
17019 0.000006
17020 0.000005
17021 0.000014
17022 0.000027
17023 0.000013
17024 0.000028
17025 0.000024
17026 0.000024
17027 0.000032
17028 0.000020
17029 0.000040
17030 0.000016
17031 0.000015
17032 0.000012
17033 0.000006
17034 0.000036
17035 0.000024
17036 0.000034
17037 0.000031
17038 0.000030
17039 0.000016
17040 0.000021
17041 0.000016
17042 0.000006
17043 0.000020
17044 0.000023
17045 0.000013
17046 0.000026
17047 0.000018
17048 0.000037
17049 0.000016
17050 0.000012
17051 0.000041
17052 0.000038
17053 0.000039
17054 0.000032
17055 0.000021
17056 0.000050
17057 0.000018
17058 0.000022
17059 0.000025
17060 0.000010
17061 0.000031
17062 0.000029
17063 0.000028
17064 0.000012
17065 0.000024
17066 0.000021
17067 0.000007
17068 0.000018
17069 0.000018
17070 0.000021
17071 0.000009
17072 0.000027
17073 0.000011
17074 0.000014
17075 0.000023
17076 0.000015
17077 0.000017
17078 0.000021
17079 0.000009
17080 0.000012
17081 0.000005
17082 0.000017
17083 0.000012
17084 0.000005
17085 0.000015
17086 0.000007
17087 0.000022
17088 0.000022
17089 0.000014
17090 0.000006
17091 0.000010
17092 0.000008
17093 0.000019
17094 0.000018
17095 0.000011
17096 0.000034
17097 0.000030
17098 0.000034
17099 0.000015
17100 0.000011
17101 0.000035
17102 0.000025
17103 0.000019
17104 0.000026
17105 0.000022
17106 0.000015
17107 0.000011
17108 0.000030
17109 0.000028
17110 0.000013
17111 0.000042
17112 0.000031
17113 0.000017
17114 0.000040
17115 0.000029
17116 0.000026
17117 0.000017
17118 0.000008
17119 0.000008
17120 0.000025
17121 0.000034
17122 0.000022
17123 0.000013
17124 0.000038
17125 0.000026
17126 0.000009
17127 0.000016
17128 0.000015
17129 0.000026
17130 0.000022
17131 0.000015
17132 0.000006
17133 0.000004
17134 0.000023
17135 0.000023
17136 0.000025
17137 0.000030
17138 0.000040
17139 0.000020
17140 0.000012
17141 0.000016
17142 0.000012
17143 0.000008
17144 0.000017
17145 0.000013
17146 0.000030
17147 0.000009
17148 0.000023
17149 0.000024
17150 0.000026
17151 0.000052
17152 0.000025
17153 0.000020
17154 0.000026
17155 0.000014
17156 0.000009
17157 0.000017
17158 0.000022
17159 0.000021
17160 0.000027
17161 0.000021
17162 0.000011
17163 0.000057
17164 0.000024
17165 0.000028
17166 0.000011
17167 0.000043
17168 0.000031
17169 0.000035
17170 0.000015
17171 0.000011
17172 0.000015
17173 0.000019
17174 0.000021
17175 0.000027
17176 0.000015
17177 0.000016
17178 0.000012
17179 0.000030
17180 0.000029
17181 0.000015
17182 0.000009
17183 0.000036
17184 0.000018
17185 0.000008
17186 0.000011
17187 0.000023
17188 0.000016
17189 0.000015
17190 0.000007
17191 0.000019
17192 0.000019
17193 0.000010
17194 0.000012
17195 0.000020
17196 0.000017
17197 0.000015
17198 0.000024
17199 0.000032
17200 0.000030
17201 0.000017
17202 0.000020
17203 0.000018
17204 0.000018
17205 0.000037
17206 0.000026
17207 0.000040
17208 0.000021
17209 0.000012
17210 0.000014
17211 0.000031
17212 0.000020
17213 0.000011
17214 0.000011
17215 0.000007
17216 0.000023
17217 0.000012
17218 0.000032
17219 0.000023
17220 0.000026
17221 0.000010
17222 0.000012
17223 0.000025
17224 0.000016
17225 0.000031
17226 0.000043
17227 0.000047
17228 0.000034
17229 0.000041
17230 0.000039
17231 0.000046
17232 0.000022
17233 0.000036
17234 0.000017
17235 0.000005
17236 0.000006
17237 0.000012
17238 0.000022
17239 0.000039
17240 0.000036
17241 0.000020
17242 0.000023
17243 0.000015
17244 0.000013
17245 0.000015
17246 0.000007
17247 0.000013
17248 0.000011
17249 0.000006
17250 0.000020
17251 0.000013
17252 0.000014
17253 0.000029
17254 0.000015
17255 0.000038
17256 0.000031
17257 0.000029
17258 0.000025
17259 0.000020
17260 0.000020
17261 0.000019
17262 0.000030
17263 0.000016
17264 0.000023
17265 0.000020
17266 0.000033
17267 0.000037
17268 0.000023
17269 0.000007
17270 0.000021
17271 0.000031
17272 0.000018
17273 0.000016
17274 0.000010
17275 0.000021
17276 0.000009
17277 0.000015
17278 0.000007
17279 0.000004
17280 0.000022
17281 0.000019
17282 0.000028
17283 0.000026
17284 0.000012
17285 0.000019
17286 0.000039
17287 0.000019
17288 0.000038
17289 0.000019
17290 0.000016
17291 0.000026
17292 0.000032
17293 0.000031
17294 0.000023
17295 0.000028
17296 0.000029
17297 0.000019
17298 0.000022
17299 0.000014
17300 0.000009
17301 0.000015
17302 0.000027
17303 0.000016
17304 0.000015
17305 0.000007
17306 0.000015
17307 0.000013
17308 0.000020
17309 0.000016
17310 0.000023
17311 0.000039
17312 0.000011
17313 0.000006
17314 0.000010
17315 0.000007
17316 0.000017
17317 0.000025
17318 0.000027
17319 0.000018
17320 0.000016
17321 0.000022
17322 0.000020
17323 0.000014
17324 0.000006
17325 0.000014
17326 0.000008
17327 0.000019
17328 0.000019
17329 0.000022
17330 0.000031
17331 0.000018
17332 0.000021
17333 0.000008
17334 0.000014
17335 0.000015
17336 0.000018
17337 0.000008
17338 0.000005
17339 0.000024
17340 0.000015
17341 0.000030
17342 0.000021
17343 0.000019
17344 0.000021
17345 0.000017
17346 0.000012
17347 0.000025
17348 0.000008
17349 0.000020
17350 0.000007
17351 0.000006
17352 0.000049
17353 0.000040
17354 0.000027
17355 0.000018
17356 0.000013
17357 0.000026
17358 0.000010
17359 0.000010
17360 0.000031
17361 0.000016
17362 0.000021
17363 0.000020
17364 0.000012
17365 0.000031
17366 0.000032
17367 0.000033
17368 0.000042
17369 0.000021
17370 0.000015
17371 0.000014
17372 0.000013
17373 0.000006
17374 0.000008
17375 0.000013
17376 0.000010
17377 0.000017
17378 0.000012
17379 0.000012
17380 0.000011
17381 0.000015
17382 0.000024
17383 0.000011
17384 0.000035
17385 0.000028
17386 0.000013
17387 0.000013
17388 0.000025
17389 0.000022
17390 0.000024
17391 0.000033
17392 0.000009
17393 0.000023
17394 0.000022
17395 0.000015
17396 0.000006
17397 0.000010
17398 0.000040
17399 0.000056
17400 0.000072
17401 0.000056
17402 0.000011
17403 0.000016
17404 0.000017
17405 0.000008
17406 0.000004
17407 0.000023
17408 0.000011
17409 0.000015
17410 0.000043
17411 0.000025
17412 0.000038
17413 0.000052
17414 0.000039
17415 0.000024
17416 0.000023
17417 0.000035
17418 0.000019
17419 0.000019
17420 0.000023
17421 0.000022
17422 0.000039
17423 0.000029
17424 0.000015
17425 0.000012
17426 0.000026
17427 0.000014
17428 0.000024
17429 0.000014
17430 0.000019
17431 0.000011
17432 0.000027
17433 0.000030
17434 0.000018
17435 0.000032
17436 0.000017
17437 0.000023
17438 0.000013
17439 0.000014
17440 0.000026
17441 0.000015
17442 0.000012
17443 0.000029
17444 0.000021
17445 0.000020
17446 0.000040
17447 0.000020
17448 0.000025
17449 0.000011
17450 0.000023
17451 0.000008
17452 0.000005
17453 0.000015
17454 0.000014
17455 0.000012
17456 0.000026
17457 0.000028
17458 0.000020
17459 0.000016
17460 0.000037
17461 0.000034
17462 0.000024
17463 0.000033
17464 0.000047
17465 0.000039
17466 0.000022
17467 0.000027
17468 0.000051
17469 0.000033
17470 0.000019
17471 0.000021
17472 0.000037
17473 0.000011
17474 0.000012
17475 0.000045
17476 0.000016
17477 0.000006
17478 0.000017
17479 0.000030
17480 0.000043
17481 0.000015
17482 0.000021
17483 0.000011
17484 0.000008
17485 0.000005
17486 0.000033
17487 0.000010
17488 0.000011
17489 0.000011
17490 0.000007
17491 0.000013
17492 0.000017
17493 0.000006
17494 0.000008
17495 0.000021
17496 0.000043
17497 0.000028
17498 0.000025
17499 0.000012
17500 0.000024
17501 0.000014
17502 0.000016
17503 0.000023
17504 0.000016
17505 0.000010
17506 0.000004
17507 0.000014
17508 0.000013
17509 0.000021
17510 0.000010
17511 0.000008
17512 0.000011
17513 0.000024
17514 0.000016
17515 0.000016
17516 0.000025
17517 0.000022
17518 0.000026
17519 0.000007
17520 0.000007
17521 0.000015
17522 0.000006
17523 0.000020
17524 0.000022
17525 0.000025
17526 0.000012
17527 0.000021
17528 0.000017
17529 0.000008
17530 0.000019
17531 0.000051
17532 0.000025
17533 0.000016
17534 0.000017
17535 0.000025
17536 0.000024
17537 0.000021
17538 0.000023
17539 0.000016
17540 0.000018
17541 0.000021
17542 0.000021
17543 0.000024
17544 0.000016
17545 0.000007
17546 0.000023
17547 0.000027
17548 0.000027
17549 0.000011
17550 0.000029
17551 0.000026
17552 0.000012
17553 0.000020
17554 0.000028
17555 0.000019
17556 0.000006
17557 0.000019
17558 0.000012
17559 0.000006
17560 0.000016
17561 0.000021
17562 0.000018
17563 0.000023
17564 0.000025
17565 0.000030
17566 0.000017
17567 0.000017
17568 0.000009
17569 0.000015
17570 0.000013
17571 0.000007
17572 0.000013
17573 0.000005
17574 0.000008
17575 0.000010
17576 0.000006
17577 0.000005
17578 0.000032
17579 0.000017
17580 0.000014
17581 0.000007
17582 0.000006
17583 0.000026
17584 0.000031
17585 0.000034
17586 0.000032
17587 0.000034
17588 0.000026
17589 0.000028
17590 0.000019
17591 0.000040
17592 0.000029
17593 0.000033
17594 0.000012
17595 0.000029
17596 0.000013
17597 0.000011
17598 0.000030
17599 0.000028
17600 0.000019
17601 0.000024
17602 0.000021
17603 0.000017
17604 0.000009
17605 0.000011
17606 0.000014
17607 0.000019
17608 0.000020
17609 0.000024
17610 0.000013
17611 0.000022
17612 0.000032
17613 0.000014
17614 0.000023
17615 0.000017
17616 0.000034
17617 0.000018
17618 0.000016
17619 0.000036
17620 0.000031
17621 0.000040
17622 0.000018
17623 0.000024
17624 0.000008
17625 0.000021
17626 0.000007
17627 0.000016
17628 0.000040
17629 0.000012
17630 0.000025
17631 0.000027
17632 0.000019
17633 0.000032
17634 0.000014
17635 0.000018
17636 0.000014
17637 0.000027
17638 0.000011
17639 0.000019
17640 0.000032
17641 0.000033
17642 0.000019
17643 0.000025
17644 0.000010
17645 0.000008
17646 0.000011
17647 0.000012
17648 0.000016
17649 0.000022
17650 0.000021
17651 0.000007
17652 0.000018
17653 0.000024
17654 0.000024
17655 0.000013
17656 0.000015
17657 0.000027
17658 0.000038
17659 0.000031
17660 0.000024
17661 0.000006
17662 0.000006
17663 0.000010
17664 0.000017
17665 0.000025
17666 0.000036
17667 0.000039
17668 0.000016
17669 0.000026
17670 0.000017
17671 0.000026
17672 0.000019
17673 0.000019
17674 0.000015
17675 0.000016
17676 0.000023
17677 0.000014
17678 0.000011
17679 0.000021
17680 0.000031
17681 0.000016
17682 0.000008
17683 0.000012
17684 0.000026
17685 0.000014
17686 0.000015
17687 0.000014
17688 0.000011
17689 0.000016
17690 0.000023
17691 0.000013
17692 0.000010
17693 0.000014
17694 0.000009
17695 0.000065
17696 0.000034
17697 0.000023
17698 0.000013
17699 0.000013
17700 0.000009
17701 0.000020
17702 0.000048
17703 0.000033
17704 0.000030
17705 0.000035
17706 0.000039
17707 0.000036
17708 0.000047
17709 0.000039
17710 0.000014
17711 0.000008
17712 0.000024
17713 0.000020
17714 0.000013
17715 0.000017
17716 0.000040
17717 0.000031
17718 0.000014
17719 0.000006
17720 0.000012
17721 0.000029
17722 0.000023
17723 0.000016
17724 0.000026
17725 0.000035
17726 0.000049
17727 0.000024
17728 0.000022
17729 0.000021
17730 0.000024
17731 0.000015
17732 0.000013
17733 0.000019
17734 0.000016
17735 0.000019
17736 0.000017
17737 0.000023
17738 0.000021
17739 0.000011
17740 0.000020
17741 0.000015
17742 0.000010
17743 0.000026
17744 0.000023
17745 0.000019
17746 0.000023
17747 0.000011
17748 0.000022
17749 0.000019
17750 0.000010
17751 0.000022
17752 0.000036
17753 0.000011
17754 0.000016
17755 0.000030
17756 0.000020
17757 0.000017
17758 0.000044
17759 0.000021
17760 0.000025
17761 0.000024
17762 0.000008
17763 0.000030
17764 0.000016
17765 0.000012
17766 0.000027
17767 0.000015
17768 0.000046
17769 0.000023
17770 0.000013
17771 0.000008
17772 0.000016
17773 0.000017
17774 0.000036
17775 0.000029
17776 0.000014
17777 0.000021
17778 0.000007
17779 0.000007
17780 0.000013
17781 0.000007
17782 0.000016
17783 0.000010
17784 0.000019
17785 0.000017
17786 0.000018
17787 0.000053
17788 0.000066
17789 0.000026
17790 0.000023
17791 0.000037
17792 0.000025
17793 0.000016
17794 0.000010
17795 0.000019
17796 0.000035
17797 0.000041
17798 0.000037
17799 0.000039
17800 0.000015
17801 0.000009
17802 0.000022
17803 0.000029
17804 0.000020
17805 0.000006
17806 0.000006
17807 0.000009
17808 0.000007
17809 0.000011
17810 0.000013
17811 0.000010
17812 0.000019
17813 0.000016
17814 0.000022
17815 0.000015
17816 0.000013
17817 0.000035
17818 0.000038
17819 0.000051
17820 0.000029
17821 0.000020
17822 0.000007
17823 0.000012
17824 0.000006
17825 0.000006
17826 0.000006
17827 0.000012
17828 0.000009
17829 0.000008
17830 0.000024
17831 0.000020
17832 0.000009
17833 0.000016
17834 0.000015
17835 0.000007
17836 0.000037
17837 0.000007
17838 0.000012
17839 0.000016
17840 0.000014
17841 0.000014
17842 0.000009
17843 0.000004
17844 0.000009
17845 0.000035
17846 0.000039
17847 0.000019
17848 0.000012
17849 0.000009
17850 0.000009
17851 0.000006
17852 0.000022
17853 0.000010
17854 0.000021
17855 0.000015
17856 0.000014
17857 0.000022
17858 0.000022
17859 0.000026
17860 0.000025
17861 0.000024
17862 0.000016
17863 0.000024
17864 0.000030
17865 0.000022
17866 0.000019
17867 0.000014
17868 0.000011
17869 0.000010
17870 0.000006
17871 0.000012
17872 0.000020
17873 0.000018
17874 0.000029
17875 0.000020
17876 0.000013
17877 0.000017
17878 0.000008
17879 0.000010
17880 0.000011
17881 0.000008
17882 0.000004
17883 0.000006
17884 0.000032
17885 0.000026
17886 0.000013
17887 0.000009
17888 0.000020
17889 0.000006
17890 0.000011
17891 0.000008
17892 0.000006
17893 0.000018
17894 0.000015
17895 0.000048
17896 0.000019
17897 0.000023
17898 0.000038
17899 0.000032
17900 0.000014
17901 0.000020
17902 0.000022
17903 0.000009
17904 0.000021
17905 0.000016
17906 0.000012
17907 0.000018
17908 0.000023
17909 0.000022
17910 0.000019
17911 0.000027
17912 0.000014
17913 0.000026
17914 0.000025
17915 0.000014
17916 0.000014
17917 0.000010
17918 0.000010
17919 0.000014
17920 0.000027
17921 0.000011
17922 0.000023
17923 0.000028
17924 0.000024
17925 0.000017
17926 0.000025
17927 0.000010
17928 0.000006
17929 0.000013
17930 0.000011
17931 0.000018
17932 0.000014
17933 0.000012
17934 0.000016
17935 0.000017
17936 0.000006
17937 0.000008
17938 0.000017
17939 0.000011
17940 0.000022
17941 0.000012
17942 0.000030
17943 0.000053
17944 0.000015
17945 0.000008
17946 0.000007
17947 0.000009
17948 0.000006
17949 0.000017
17950 0.000020
17951 0.000027
17952 0.000027
17953 0.000020
17954 0.000025
17955 0.000012
17956 0.000011
17957 0.000008
17958 0.000018
17959 0.000019
17960 0.000024
17961 0.000023
17962 0.000013
17963 0.000014
17964 0.000009
17965 0.000012
17966 0.000039
17967 0.000028
17968 0.000015
17969 0.000026
17970 0.000016
17971 0.000019
17972 0.000010
17973 0.000016
17974 0.000035
17975 0.000018
17976 0.000034
17977 0.000020
17978 0.000016
17979 0.000016
17980 0.000020
17981 0.000015
17982 0.000024
17983 0.000024
17984 0.000030
17985 0.000011
17986 0.000007
17987 0.000023
17988 0.000012
17989 0.000017
17990 0.000039
17991 0.000023
17992 0.000023
17993 0.000011
17994 0.000021
17995 0.000017
17996 0.000011
17997 0.000020
17998 0.000011
17999 0.000011
18000 0.000010
18001 0.000017
18002 0.000039
18003 0.000020
18004 0.000011
18005 0.000017
18006 0.000032
18007 0.000023
18008 0.000020
18009 0.000017
18010 0.000018
18011 0.000020
18012 0.000017
18013 0.000014
18014 0.000015
18015 0.000011
18016 0.000012
18017 0.000008
18018 0.000017
18019 0.000019
18020 0.000020
18021 0.000009
18022 0.000014
18023 0.000009
18024 0.000029
18025 0.000018
18026 0.000028
18027 0.000013
18028 0.000027
18029 0.000010
18030 0.000006
18031 0.000005
18032 0.000008
18033 0.000017
18034 0.000021
18035 0.000010
18036 0.000028
18037 0.000040
18038 0.000029
18039 0.000013
18040 0.000012
18041 0.000015
18042 0.000022
18043 0.000013
18044 0.000006
18045 0.000021
18046 0.000021
18047 0.000021
18048 0.000015
18049 0.000018
18050 0.000017
18051 0.000016
18052 0.000026
18053 0.000017
18054 0.000022
18055 0.000038
18056 0.000035
18057 0.000015
18058 0.000012
18059 0.000006
18060 0.000015
18061 0.000012
18062 0.000009
18063 0.000021
18064 0.000031
18065 0.000035
18066 0.000017
18067 0.000026
18068 0.000015
18069 0.000008
18070 0.000016
18071 0.000030
18072 0.000029
18073 0.000021
18074 0.000018
18075 0.000011
18076 0.000006
18077 0.000004
18078 0.000011
18079 0.000016
18080 0.000014
18081 0.000027
18082 0.000046
18083 0.000019
18084 0.000018
18085 0.000013
18086 0.000010
18087 0.000014
18088 0.000011
18089 0.000020
18090 0.000034
18091 0.000021
18092 0.000024
18093 0.000017
18094 0.000020
18095 0.000009
18096 0.000030
18097 0.000035
18098 0.000056
18099 0.000027
18100 0.000025
18101 0.000033
18102 0.000043
18103 0.000023
18104 0.000038
18105 0.000019
18106 0.000019
18107 0.000014
18108 0.000012
18109 0.000017
18110 0.000032
18111 0.000017
18112 0.000011
18113 0.000011
18114 0.000027
18115 0.000017
18116 0.000018
18117 0.000035
18118 0.000035
18119 0.000025
18120 0.000038
18121 0.000030
18122 0.000037
18123 0.000011
18124 0.000006
18125 0.000012
18126 0.000020
18127 0.000021
18128 0.000015
18129 0.000007
18130 0.000016
18131 0.000014
18132 0.000008
18133 0.000007
18134 0.000024
18135 0.000015
18136 0.000024
18137 0.000016
18138 0.000007
18139 0.000005
18140 0.000018
18141 0.000010
18142 0.000036
18143 0.000021
18144 0.000010
18145 0.000013
18146 0.000029
18147 0.000025
18148 0.000011
18149 0.000025
18150 0.000026
18151 0.000016
18152 0.000011
18153 0.000009
18154 0.000008
18155 0.000021
18156 0.000026
18157 0.000009
18158 0.000017
18159 0.000041
18160 0.000044
18161 0.000043
18162 0.000053
18163 0.000032
18164 0.000038
18165 0.000027
18166 0.000013
18167 0.000019
18168 0.000015
18169 0.000018
18170 0.000008
18171 0.000028
18172 0.000027
18173 0.000017
18174 0.000017
18175 0.000024
18176 0.000020
18177 0.000016
18178 0.000019
18179 0.000013
18180 0.000023
18181 0.000038
18182 0.000062
18183 0.000043
18184 0.000017
18185 0.000011
18186 0.000013
18187 0.000031
18188 0.000017
18189 0.000019
18190 0.000016
18191 0.000009
18192 0.000015
18193 0.000012
18194 0.000022
18195 0.000024
18196 0.000022
18197 0.000017
18198 0.000013
18199 0.000017
18200 0.000027
18201 0.000019
18202 0.000026
18203 0.000029
18204 0.000018
18205 0.000039
18206 0.000023
18207 0.000018
18208 0.000012
18209 0.000022
18210 0.000024
18211 0.000028
18212 0.000022
18213 0.000015
18214 0.000018
18215 0.000025
18216 0.000018
18217 0.000007
18218 0.000005
18219 0.000015
18220 0.000006
18221 0.000004
18222 0.000008
18223 0.000009
18224 0.000016
18225 0.000019
18226 0.000009
18227 0.000027
18228 0.000020
18229 0.000023
18230 0.000029
18231 0.000019
18232 0.000024
18233 0.000010
18234 0.000016
18235 0.000034
18236 0.000022
18237 0.000013
18238 0.000007
18239 0.000005
18240 0.000013
18241 0.000015
18242 0.000006
18243 0.000017
18244 0.000013
18245 0.000037
18246 0.000026
18247 0.000035
18248 0.000022
18249 0.000015
18250 0.000032
18251 0.000009
18252 0.000017
18253 0.000022
18254 0.000030
18255 0.000009
18256 0.000030
18257 0.000017
18258 0.000007
18259 0.000011
18260 0.000028
18261 0.000015
18262 0.000025
18263 0.000018
18264 0.000027
18265 0.000027
18266 0.000033
18267 0.000017
18268 0.000029
18269 0.000020
18270 0.000011
18271 0.000011
18272 0.000029
18273 0.000022
18274 0.000025
18275 0.000028
18276 0.000035
18277 0.000018
18278 0.000012
18279 0.000010
18280 0.000004
18281 0.000011
18282 0.000010
18283 0.000016
18284 0.000006
18285 0.000007
18286 0.000013
18287 0.000046
18288 0.000040
18289 0.000019
18290 0.000023
18291 0.000015
18292 0.000014
18293 0.000013
18294 0.000034
18295 0.000034
18296 0.000022
18297 0.000021
18298 0.000021
18299 0.000029
18300 0.000040
18301 0.000016
18302 0.000007
18303 0.000012
18304 0.000019
18305 0.000029
18306 0.000019
18307 0.000029
18308 0.000036
18309 0.000043
18310 0.000014
18311 0.000020
18312 0.000038
18313 0.000049
18314 0.000018
18315 0.000018
18316 0.000023
18317 0.000023
18318 0.000024
18319 0.000032
18320 0.000017
18321 0.000015
18322 0.000010
18323 0.000013
18324 0.000025
18325 0.000015
18326 0.000017
18327 0.000013
18328 0.000039
18329 0.000014
18330 0.000006
18331 0.000011
18332 0.000009
18333 0.000021
18334 0.000041
18335 0.000014
18336 0.000007
18337 0.000010
18338 0.000013
18339 0.000012
18340 0.000043
18341 0.000024
18342 0.000023
18343 0.000030
18344 0.000060
18345 0.000016
18346 0.000039
18347 0.000036
18348 0.000022
18349 0.000034
18350 0.000023
18351 0.000036
18352 0.000013
18353 0.000021
18354 0.000018
18355 0.000012
18356 0.000007
18357 0.000011
18358 0.000005
18359 0.000008
18360 0.000005
18361 0.000005
18362 0.000028
18363 0.000024
18364 0.000022
18365 0.000009
18366 0.000005
18367 0.000014
18368 0.000037
18369 0.000027
18370 0.000021
18371 0.000032
18372 0.000026
18373 0.000010
18374 0.000009
18375 0.000025
18376 0.000008
18377 0.000019
18378 0.000011
18379 0.000009
18380 0.000021
18381 0.000009
18382 0.000024
18383 0.000014
18384 0.000016
18385 0.000019
18386 0.000012
18387 0.000012
18388 0.000031
18389 0.000030
18390 0.000012
18391 0.000016
18392 0.000008
18393 0.000033
18394 0.000021
18395 0.000026
18396 0.000009
18397 0.000008
18398 0.000006
18399 0.000012
18400 0.000016
18401 0.000012
18402 0.000007
18403 0.000020
18404 0.000007
18405 0.000036
18406 0.000039
18407 0.000050
18408 0.000014
18409 0.000024
18410 0.000030
18411 0.000035
18412 0.000025
18413 0.000032
18414 0.000025
18415 0.000022
18416 0.000019
18417 0.000019
18418 0.000024
18419 0.000032
18420 0.000015
18421 0.000031
18422 0.000014
18423 0.000008
18424 0.000017
18425 0.000009
18426 0.000024
18427 0.000023
18428 0.000024
18429 0.000017
18430 0.000010
18431 0.000009
18432 0.000005
18433 0.000014
18434 0.000018
18435 0.000014
18436 0.000026
18437 0.000011
18438 0.000025
18439 0.000026
18440 0.000019
18441 0.000011
18442 0.000021
18443 0.000033
18444 0.000012
18445 0.000012
18446 0.000019
18447 0.000007
18448 0.000011
18449 0.000029
18450 0.000020
18451 0.000025
18452 0.000021
18453 0.000022
18454 0.000020
18455 0.000027
18456 0.000018
18457 0.000011
18458 0.000006
18459 0.000006
18460 0.000020
18461 0.000046
18462 0.000024
18463 0.000023
18464 0.000016
18465 0.000018
18466 0.000020
18467 0.000025
18468 0.000011
18469 0.000011
18470 0.000033
18471 0.000017
18472 0.000028
18473 0.000022
18474 0.000023
18475 0.000026
18476 0.000009
18477 0.000016
18478 0.000017
18479 0.000017
18480 0.000013
18481 0.000025
18482 0.000012
18483 0.000021
18484 0.000007
18485 0.000015
18486 0.000019
18487 0.000015
18488 0.000039
18489 0.000012
18490 0.000013
18491 0.000007
18492 0.000004
18493 0.000016
18494 0.000027
18495 0.000020
18496 0.000016
18497 0.000039
18498 0.000030
18499 0.000036
18500 0.000011
18501 0.000009
18502 0.000016
18503 0.000027
18504 0.000024
18505 0.000010
18506 0.000014
18507 0.000035
18508 0.000035
18509 0.000031
18510 0.000025
18511 0.000029
18512 0.000011
18513 0.000009
18514 0.000026
18515 0.000015
18516 0.000010
18517 0.000015
18518 0.000014
18519 0.000007
18520 0.000014
18521 0.000031
18522 0.000016
18523 0.000016
18524 0.000030
18525 0.000016
18526 0.000009
18527 0.000014
18528 0.000009
18529 0.000012
18530 0.000021
18531 0.000014
18532 0.000016
18533 0.000028
18534 0.000011
18535 0.000013
18536 0.000014
18537 0.000007
18538 0.000012
18539 0.000011
18540 0.000012
18541 0.000018
18542 0.000030
18543 0.000036
18544 0.000008
18545 0.000023
18546 0.000028
18547 0.000039
18548 0.000011
18549 0.000006
18550 0.000032
18551 0.000010
18552 0.000012
18553 0.000023
18554 0.000019
18555 0.000014
18556 0.000021
18557 0.000012
18558 0.000023
18559 0.000022
18560 0.000019
18561 0.000016
18562 0.000012
18563 0.000011
18564 0.000005
18565 0.000010
18566 0.000041
18567 0.000012
18568 0.000011
18569 0.000021
18570 0.000028
18571 0.000014
18572 0.000011
18573 0.000017
18574 0.000028
18575 0.000029
18576 0.000035
18577 0.000025
18578 0.000013
18579 0.000017
18580 0.000023
18581 0.000037
18582 0.000026
18583 0.000019
18584 0.000011
18585 0.000011
18586 0.000020
18587 0.000011
18588 0.000024
18589 0.000026
18590 0.000018
18591 0.000013
18592 0.000012
18593 0.000020
18594 0.000023
18595 0.000053
18596 0.000039
18597 0.000046
18598 0.000020
18599 0.000030
18600 0.000028
18601 0.000019
18602 0.000015
18603 0.000015
18604 0.000028
18605 0.000026
18606 0.000008
18607 0.000017
18608 0.000018
18609 0.000011
18610 0.000009
18611 0.000005
18612 0.000007
18613 0.000006
18614 0.000005
18615 0.000025
18616 0.000047
18617 0.000015
18618 0.000033
18619 0.000029
18620 0.000028
18621 0.000024
18622 0.000012
18623 0.000020
18624 0.000025
18625 0.000036
18626 0.000013
18627 0.000021
18628 0.000017
18629 0.000019
18630 0.000027
18631 0.000013
18632 0.000018
18633 0.000016
18634 0.000017
18635 0.000013
18636 0.000012
18637 0.000033
18638 0.000037
18639 0.000010
18640 0.000016
18641 0.000016
18642 0.000013
18643 0.000016
18644 0.000020
18645 0.000024
18646 0.000016
18647 0.000016
18648 0.000008
18649 0.000022
18650 0.000018
18651 0.000021
18652 0.000021
18653 0.000009
18654 0.000007
18655 0.000019
18656 0.000011
18657 0.000005
18658 0.000009
18659 0.000018
18660 0.000008
18661 0.000016
18662 0.000014
18663 0.000029
18664 0.000031
18665 0.000021
18666 0.000009
18667 0.000032
18668 0.000010
18669 0.000014
18670 0.000035
18671 0.000017
18672 0.000006
18673 0.000018
18674 0.000024
18675 0.000034
18676 0.000032
18677 0.000018
18678 0.000010
18679 0.000030
18680 0.000039
18681 0.000022
18682 0.000027
18683 0.000012
18684 0.000018
18685 0.000015
18686 0.000011
18687 0.000005
18688 0.000011
18689 0.000015
18690 0.000015
18691 0.000020
18692 0.000022
18693 0.000008
18694 0.000025
18695 0.000019
18696 0.000018
18697 0.000013
18698 0.000026
18699 0.000039
18700 0.000022
18701 0.000028
18702 0.000023
18703 0.000016
18704 0.000006
18705 0.000036
18706 0.000032
18707 0.000015
18708 0.000019
18709 0.000017
18710 0.000018
18711 0.000028
18712 0.000028
18713 0.000016
18714 0.000019
18715 0.000022
18716 0.000041
18717 0.000012
18718 0.000021
18719 0.000009
18720 0.000016
18721 0.000012
18722 0.000027
18723 0.000025
18724 0.000017
18725 0.000007
18726 0.000016
18727 0.000021
18728 0.000016
18729 0.000013
18730 0.000014
18731 0.000023
18732 0.000012
18733 0.000009
18734 0.000009
18735 0.000014
18736 0.000021
18737 0.000020
18738 0.000009
18739 0.000021
18740 0.000026
18741 0.000018
18742 0.000030
18743 0.000015
18744 0.000011
18745 0.000033
18746 0.000027
18747 0.000014
18748 0.000013
18749 0.000006
18750 0.000005
18751 0.000017
18752 0.000016
18753 0.000016
18754 0.000024
18755 0.000008
18756 0.000008
18757 0.000020
18758 0.000024
18759 0.000012
18760 0.000010
18761 0.000015
18762 0.000012
18763 0.000012
18764 0.000019
18765 0.000018
18766 0.000017
18767 0.000035
18768 0.000027
18769 0.000013
18770 0.000021
18771 0.000030
18772 0.000012
18773 0.000016
18774 0.000014
18775 0.000013
18776 0.000022
18777 0.000025
18778 0.000026
18779 0.000021
18780 0.000048
18781 0.000059
18782 0.000080
18783 0.000091
18784 0.000064
18785 0.000028
18786 0.000008
18787 0.000018
18788 0.000024
18789 0.000033
18790 0.000043
18791 0.000034
18792 0.000026
18793 0.000014
18794 0.000012
18795 0.000018
18796 0.000008
18797 0.000005
18798 0.000008
18799 0.000009
18800 0.000018
18801 0.000027
18802 0.000012
18803 0.000013
18804 0.000026
18805 0.000023
18806 0.000032
18807 0.000035
18808 0.000036
18809 0.000019
18810 0.000008
18811 0.000006
18812 0.000010
18813 0.000007
18814 0.000004
18815 0.000011
18816 0.000019
18817 0.000013
18818 0.000005
18819 0.000022
18820 0.000013
18821 0.000033
18822 0.000022
18823 0.000011
18824 0.000015
18825 0.000009
18826 0.000021
18827 0.000031
18828 0.000039
18829 0.000039
18830 0.000039
18831 0.000025
18832 0.000021
18833 0.000014
18834 0.000007
18835 0.000015
18836 0.000020
18837 0.000032
18838 0.000010
18839 0.000027
18840 0.000022
18841 0.000016
18842 0.000007
18843 0.000024
18844 0.000025
18845 0.000018
18846 0.000011
18847 0.000013
18848 0.000019
18849 0.000021
18850 0.000015
18851 0.000024
18852 0.000010
18853 0.000022
18854 0.000044
18855 0.000009
18856 0.000011
18857 0.000016
18858 0.000025
18859 0.000034
18860 0.000018
18861 0.000013
18862 0.000021
18863 0.000009
18864 0.000026
18865 0.000013
18866 0.000018
18867 0.000020
18868 0.000014
18869 0.000009
18870 0.000006
18871 0.000019
18872 0.000017
18873 0.000034
18874 0.000022
18875 0.000053
18876 0.000030
18877 0.000035
18878 0.000018
18879 0.000034
18880 0.000027
18881 0.000011
18882 0.000015
18883 0.000016
18884 0.000022
18885 0.000022
18886 0.000053
18887 0.000037
18888 0.000037
18889 0.000038
18890 0.000027
18891 0.000013
18892 0.000018
18893 0.000016
18894 0.000023
18895 0.000032
18896 0.000019
18897 0.000018
18898 0.000025
18899 0.000029
18900 0.000015
18901 0.000026
18902 0.000027
18903 0.000017
18904 0.000020
18905 0.000010
18906 0.000015
18907 0.000017
18908 0.000011
18909 0.000021
18910 0.000012
18911 0.000015
18912 0.000012
18913 0.000020
18914 0.000022
18915 0.000009
18916 0.000010
18917 0.000015
18918 0.000011
18919 0.000017
18920 0.000014
18921 0.000019
18922 0.000023
18923 0.000018
18924 0.000026
18925 0.000022
18926 0.000023
18927 0.000023
18928 0.000022
18929 0.000017
18930 0.000014
18931 0.000010
18932 0.000011
18933 0.000024
18934 0.000008
18935 0.000026
18936 0.000025
18937 0.000011
18938 0.000011
18939 0.000015
18940 0.000030
18941 0.000024
18942 0.000031
18943 0.000024
18944 0.000026
18945 0.000021
18946 0.000028
18947 0.000009
18948 0.000031
18949 0.000037
18950 0.000043
18951 0.000015
18952 0.000009
18953 0.000019
18954 0.000028
18955 0.000024
18956 0.000027
18957 0.000014
18958 0.000012
18959 0.000027
18960 0.000027
18961 0.000018
18962 0.000014
18963 0.000027
18964 0.000010
18965 0.000006
18966 0.000008
18967 0.000010
18968 0.000016
18969 0.000024
18970 0.000018
18971 0.000028
18972 0.000029
18973 0.000029
18974 0.000016
18975 0.000011
18976 0.000019
18977 0.000006
18978 0.000010
18979 0.000013
18980 0.000021
18981 0.000035
18982 0.000013
18983 0.000014
18984 0.000025
18985 0.000012
18986 0.000009
18987 0.000012
18988 0.000005
18989 0.000025
18990 0.000039
18991 0.000023
18992 0.000026
18993 0.000010
18994 0.000008
18995 0.000016
18996 0.000015
18997 0.000010
18998 0.000013
18999 0.000011
19000 0.000025
19001 0.000028
19002 0.000031
19003 0.000016
19004 0.000012
19005 0.000027
19006 0.000023
19007 0.000035
19008 0.000036
19009 0.000039
19010 0.000010
19011 0.000005
19012 0.000016
19013 0.000034
19014 0.000022
19015 0.000025
19016 0.000037
19017 0.000021
19018 0.000015
19019 0.000017
19020 0.000019
19021 0.000015
19022 0.000029
19023 0.000023
19024 0.000018
19025 0.000008
19026 0.000011
19027 0.000019
19028 0.000022
19029 0.000023
19030 0.000029
19031 0.000024
19032 0.000019
19033 0.000005
19034 0.000009
19035 0.000020
19036 0.000018
19037 0.000022
19038 0.000023
19039 0.000039
19040 0.000014
19041 0.000014
19042 0.000018
19043 0.000025
19044 0.000007
19045 0.000013
19046 0.000012
19047 0.000012
19048 0.000026
19049 0.000010
19050 0.000010
19051 0.000016
19052 0.000029
19053 0.000034
19054 0.000010
19055 0.000012
19056 0.000013
19057 0.000025
19058 0.000020
19059 0.000019
19060 0.000033
19061 0.000035
19062 0.000020
19063 0.000014
19064 0.000032
19065 0.000014
19066 0.000010
19067 0.000023
19068 0.000012
19069 0.000012
19070 0.000023
19071 0.000009
19072 0.000009
19073 0.000018
19074 0.000010
19075 0.000018
19076 0.000013
19077 0.000040
19078 0.000017
19079 0.000021
19080 0.000009
19081 0.000006
19082 0.000010
19083 0.000011
19084 0.000010
19085 0.000008
19086 0.000016
19087 0.000011
19088 0.000010
19089 0.000031
19090 0.000010
19091 0.000024
19092 0.000016
19093 0.000016
19094 0.000024
19095 0.000028
19096 0.000016
19097 0.000017
19098 0.000025
19099 0.000018
19100 0.000024
19101 0.000010
19102 0.000011
19103 0.000018
19104 0.000021
19105 0.000014
19106 0.000016
19107 0.000013
19108 0.000011
19109 0.000045
19110 0.000028
19111 0.000016
19112 0.000023
19113 0.000016
19114 0.000009
19115 0.000032
19116 0.000039
19117 0.000023
19118 0.000013
19119 0.000011
19120 0.000016
19121 0.000015
19122 0.000014
19123 0.000010
19124 0.000014
19125 0.000016
19126 0.000007
19127 0.000012
19128 0.000010
19129 0.000041
19130 0.000016
19131 0.000008
19132 0.000005
19133 0.000014
19134 0.000019
19135 0.000021
19136 0.000030
19137 0.000018
19138 0.000008
19139 0.000030
19140 0.000026
19141 0.000024
19142 0.000026
19143 0.000024
19144 0.000012
19145 0.000007
19146 0.000005
19147 0.000009
19148 0.000012
19149 0.000020
19150 0.000030
19151 0.000020
19152 0.000027
19153 0.000013
19154 0.000010
19155 0.000019
19156 0.000016
19157 0.000024
19158 0.000018
19159 0.000017
19160 0.000019
19161 0.000011
19162 0.000017
19163 0.000024
19164 0.000015
19165 0.000014
19166 0.000035
19167 0.000010
19168 0.000006
19169 0.000018
19170 0.000011
19171 0.000011
19172 0.000034
19173 0.000012
19174 0.000035
19175 0.000022
19176 0.000021
19177 0.000021
19178 0.000050
19179 0.000051
19180 0.000021
19181 0.000007
19182 0.000016
19183 0.000034
19184 0.000029
19185 0.000007
19186 0.000016
19187 0.000013
19188 0.000028
19189 0.000019
19190 0.000031
19191 0.000020
19192 0.000020
19193 0.000034
19194 0.000018
19195 0.000040
19196 0.000027
19197 0.000032
19198 0.000008
19199 0.000007
19200 0.000015
19201 0.000032
19202 0.000032
19203 0.000021
19204 0.000014
19205 0.000015
19206 0.000016
19207 0.000012
19208 0.000013
19209 0.000019
19210 0.000022
19211 0.000018
19212 0.000020
19213 0.000009
19214 0.000015
19215 0.000042
19216 0.000026
19217 0.000010
19218 0.000022
19219 0.000046
19220 0.000026
19221 0.000050
19222 0.000042
19223 0.000018
19224 0.000010
19225 0.000024
19226 0.000036
19227 0.000011
19228 0.000018
19229 0.000026
19230 0.000042
19231 0.000014
19232 0.000012
19233 0.000012
19234 0.000016
19235 0.000029
19236 0.000030
19237 0.000011
19238 0.000033
19239 0.000021
19240 0.000016
19241 0.000036
19242 0.000024
19243 0.000016
19244 0.000017
19245 0.000010
19246 0.000032
19247 0.000017
19248 0.000012
19249 0.000013
19250 0.000023
19251 0.000016
19252 0.000008
19253 0.000012
19254 0.000020
19255 0.000026
19256 0.000012
19257 0.000020
19258 0.000014
19259 0.000016
19260 0.000027
19261 0.000011
19262 0.000028
19263 0.000023
19264 0.000013
19265 0.000019
19266 0.000011
19267 0.000018
19268 0.000017
19269 0.000014
19270 0.000020
19271 0.000014
19272 0.000029
19273 0.000011
19274 0.000048
19275 0.000024
19276 0.000023
19277 0.000038
19278 0.000045
19279 0.000028
19280 0.000014
19281 0.000030
19282 0.000054
19283 0.000058
19284 0.000033
19285 0.000014
19286 0.000005
19287 0.000006
19288 0.000012
19289 0.000020
19290 0.000012
19291 0.000008
19292 0.000027
19293 0.000015
19294 0.000013
19295 0.000023
19296 0.000027
19297 0.000027
19298 0.000021
19299 0.000026
19300 0.000024
19301 0.000008
19302 0.000024
19303 0.000013
19304 0.000031
19305 0.000016
19306 0.000035
19307 0.000033
19308 0.000048
19309 0.000048
19310 0.000031
19311 0.000016
19312 0.000025
19313 0.000053
19314 0.000062
19315 0.000040
19316 0.000027
19317 0.000024
19318 0.000030
19319 0.000012
19320 0.000024
19321 0.000010
19322 0.000009
19323 0.000008
19324 0.000009
19325 0.000013
19326 0.000017
19327 0.000049
19328 0.000031
19329 0.000011
19330 0.000017
19331 0.000014
19332 0.000033
19333 0.000027
19334 0.000017
19335 0.000011
19336 0.000019
19337 0.000011
19338 0.000022
19339 0.000035
19340 0.000034
19341 0.000013
19342 0.000016
19343 0.000025
19344 0.000013
19345 0.000014
19346 0.000028
19347 0.000028
19348 0.000030
19349 0.000023
19350 0.000018
19351 0.000014
19352 0.000047
19353 0.000043
19354 0.000045
19355 0.000013
19356 0.000005
19357 0.000017
19358 0.000020
19359 0.000036
19360 0.000015
19361 0.000009
19362 0.000008
19363 0.000008
19364 0.000008
19365 0.000021
19366 0.000026
19367 0.000022
19368 0.000024
19369 0.000011
19370 0.000013
19371 0.000027
19372 0.000022
19373 0.000015
19374 0.000015
19375 0.000018
19376 0.000016
19377 0.000019
19378 0.000011
19379 0.000014
19380 0.000023
19381 0.000026
19382 0.000017
19383 0.000026
19384 0.000016
19385 0.000011
19386 0.000020
19387 0.000011
19388 0.000034
19389 0.000021
19390 0.000007
19391 0.000010
19392 0.000016
19393 0.000021
19394 0.000021
19395 0.000035
19396 0.000035
19397 0.000022
19398 0.000042
19399 0.000012
19400 0.000008
19401 0.000024
19402 0.000031
19403 0.000046
19404 0.000031
19405 0.000012
19406 0.000008
19407 0.000012
19408 0.000016
19409 0.000025
19410 0.000010
19411 0.000015
19412 0.000035
19413 0.000016
19414 0.000025
19415 0.000050
19416 0.000023
19417 0.000012
19418 0.000031
19419 0.000032
19420 0.000035
19421 0.000033
19422 0.000044
19423 0.000025
19424 0.000016
19425 0.000007
19426 0.000015
19427 0.000010
19428 0.000032
19429 0.000012
19430 0.000008
19431 0.000016
19432 0.000034
19433 0.000022
19434 0.000011
19435 0.000007
19436 0.000007
19437 0.000009
19438 0.000013
19439 0.000012
19440 0.000034
19441 0.000025
19442 0.000018
19443 0.000025
19444 0.000010
19445 0.000004
19446 0.000007
19447 0.000020
19448 0.000029
19449 0.000015
19450 0.000011
19451 0.000019
19452 0.000008
19453 0.000010
19454 0.000036
19455 0.000018
19456 0.000035
19457 0.000053
19458 0.000025
19459 0.000024
19460 0.000026
19461 0.000025
19462 0.000021
19463 0.000015
19464 0.000036
19465 0.000035
19466 0.000017
19467 0.000010
19468 0.000022
19469 0.000030
19470 0.000014
19471 0.000007
19472 0.000023
19473 0.000030
19474 0.000035
19475 0.000014
19476 0.000026
19477 0.000016
19478 0.000028
19479 0.000011
19480 0.000033
19481 0.000014
19482 0.000013
19483 0.000014
19484 0.000010
19485 0.000011
19486 0.000018
19487 0.000020
19488 0.000013
19489 0.000019
19490 0.000042
19491 0.000026
19492 0.000015
19493 0.000016
19494 0.000015
19495 0.000009
19496 0.000013
19497 0.000010
19498 0.000006
19499 0.000011
19500 0.000015
19501 0.000035
19502 0.000021
19503 0.000015
19504 0.000007
19505 0.000031
19506 0.000041
19507 0.000048
19508 0.000026
19509 0.000020
19510 0.000010
19511 0.000022
19512 0.000009
19513 0.000007
19514 0.000015
19515 0.000016
19516 0.000021
19517 0.000009
19518 0.000016
19519 0.000025
19520 0.000013
19521 0.000022
19522 0.000023
19523 0.000020
19524 0.000025
19525 0.000016
19526 0.000012
19527 0.000009
19528 0.000018
19529 0.000025
19530 0.000022
19531 0.000050
19532 0.000033
19533 0.000035
19534 0.000012
19535 0.000018
19536 0.000025
19537 0.000020
19538 0.000064
19539 0.000024
19540 0.000018
19541 0.000015
19542 0.000007
19543 0.000023
19544 0.000044
19545 0.000033
19546 0.000017
19547 0.000019
19548 0.000016
19549 0.000008
19550 0.000018
19551 0.000014
19552 0.000021
19553 0.000021
19554 0.000007
19555 0.000024
19556 0.000013
19557 0.000027
19558 0.000016
19559 0.000012
19560 0.000040
19561 0.000012
19562 0.000022
19563 0.000030
19564 0.000016
19565 0.000022
19566 0.000019
19567 0.000008
19568 0.000005
19569 0.000020
19570 0.000019
19571 0.000014
19572 0.000022
19573 0.000009
19574 0.000016
19575 0.000030
19576 0.000009
19577 0.000011
19578 0.000017
19579 0.000032
19580 0.000025
19581 0.000010
19582 0.000004
19583 0.000037
19584 0.000020
19585 0.000010
19586 0.000009
19587 0.000012
19588 0.000013
19589 0.000014
19590 0.000033
19591 0.000020
19592 0.000007
19593 0.000013
19594 0.000031
19595 0.000023
19596 0.000016
19597 0.000019
19598 0.000020
19599 0.000009
19600 0.000011
19601 0.000009
19602 0.000015
19603 0.000024
19604 0.000028
19605 0.000026
19606 0.000030
19607 0.000022
19608 0.000021
19609 0.000010
19610 0.000014
19611 0.000009
19612 0.000017
19613 0.000057
19614 0.000026
19615 0.000018
19616 0.000022
19617 0.000013
19618 0.000035
19619 0.000022
19620 0.000026
19621 0.000024
19622 0.000023
19623 0.000029
19624 0.000014
19625 0.000017
19626 0.000021
19627 0.000022
19628 0.000011
19629 0.000015
19630 0.000022
19631 0.000032
19632 0.000034
19633 0.000032
19634 0.000016
19635 0.000023
19636 0.000022
19637 0.000033
19638 0.000030
19639 0.000025
19640 0.000014
19641 0.000022
19642 0.000017
19643 0.000019
19644 0.000031
19645 0.000010
19646 0.000019
19647 0.000024
19648 0.000015
19649 0.000009
19650 0.000005
19651 0.000010
19652 0.000028
19653 0.000015
19654 0.000025
19655 0.000016
19656 0.000010
19657 0.000017
19658 0.000017
19659 0.000018
19660 0.000014
19661 0.000007
19662 0.000009
19663 0.000031
19664 0.000030
19665 0.000007
19666 0.000019
19667 0.000041
19668 0.000021
19669 0.000014
19670 0.000040
19671 0.000046
19672 0.000040
19673 0.000043
19674 0.000050
19675 0.000028
19676 0.000013
19677 0.000005
19678 0.000004
19679 0.000009
19680 0.000034
19681 0.000020
19682 0.000025
19683 0.000011
19684 0.000018
19685 0.000022
19686 0.000025
19687 0.000024
19688 0.000015
19689 0.000020
19690 0.000009
19691 0.000014
19692 0.000024
19693 0.000010
19694 0.000011
19695 0.000012
19696 0.000009
19697 0.000041
19698 0.000020
19699 0.000026
19700 0.000034
19701 0.000016
19702 0.000014
19703 0.000016
19704 0.000020
19705 0.000032
19706 0.000025
19707 0.000013
19708 0.000027
19709 0.000032
19710 0.000014
19711 0.000033
19712 0.000019
19713 0.000006
19714 0.000024
19715 0.000020
19716 0.000017
19717 0.000014
19718 0.000029
19719 0.000034
19720 0.000021
19721 0.000022
19722 0.000014
19723 0.000010
19724 0.000028
19725 0.000021
19726 0.000027
19727 0.000023
19728 0.000009
19729 0.000027
19730 0.000021
19731 0.000019
19732 0.000017
19733 0.000009
19734 0.000005
19735 0.000014
19736 0.000023
19737 0.000006
19738 0.000014
19739 0.000009
19740 0.000016
19741 0.000028
19742 0.000030
19743 0.000027
19744 0.000011
19745 0.000012
19746 0.000026
19747 0.000025
19748 0.000038
19749 0.000024
19750 0.000014
19751 0.000020
19752 0.000011
19753 0.000006
19754 0.000008
19755 0.000014
19756 0.000009
19757 0.000013
19758 0.000011
19759 0.000008
19760 0.000017
19761 0.000020
19762 0.000030
19763 0.000027
19764 0.000017
19765 0.000017
19766 0.000006
19767 0.000013
19768 0.000015
19769 0.000014
19770 0.000018
19771 0.000011
19772 0.000020
19773 0.000011
19774 0.000019
19775 0.000020
19776 0.000007
19777 0.000010
19778 0.000024
19779 0.000014
19780 0.000019
19781 0.000011
19782 0.000019
19783 0.000015
19784 0.000018
19785 0.000014
19786 0.000007
19787 0.000013
19788 0.000011
19789 0.000020
19790 0.000007
19791 0.000011
19792 0.000023
19793 0.000037
19794 0.000037
19795 0.000023
19796 0.000024
19797 0.000015
19798 0.000020
19799 0.000039
19800 0.000024
19801 0.000016
19802 0.000032
19803 0.000031
19804 0.000029
19805 0.000020
19806 0.000020
19807 0.000013
19808 0.000014
19809 0.000013
19810 0.000017
19811 0.000017
19812 0.000032
19813 0.000017
19814 0.000050
19815 0.000049
19816 0.000027
19817 0.000009
19818 0.000012
19819 0.000026
19820 0.000031
19821 0.000012
19822 0.000016
19823 0.000021
19824 0.000024
19825 0.000045
19826 0.000050
19827 0.000037
19828 0.000018
19829 0.000029
19830 0.000009
19831 0.000018
19832 0.000015
19833 0.000005
19834 0.000004
19835 0.000017
19836 0.000019
19837 0.000019
19838 0.000031
19839 0.000016
19840 0.000020
19841 0.000017
19842 0.000023
19843 0.000044
19844 0.000015
19845 0.000013
19846 0.000022
19847 0.000016
19848 0.000025
19849 0.000011
19850 0.000016
19851 0.000025
19852 0.000015
19853 0.000006
19854 0.000020
19855 0.000031
19856 0.000022
19857 0.000017
19858 0.000028
19859 0.000032
19860 0.000021
19861 0.000016
19862 0.000025
19863 0.000011
19864 0.000024
19865 0.000021
19866 0.000015
19867 0.000007
19868 0.000010
19869 0.000012
19870 0.000021
19871 0.000007
19872 0.000020
19873 0.000018
19874 0.000020
19875 0.000015
19876 0.000013
19877 0.000014
19878 0.000017
19879 0.000028
19880 0.000009
19881 0.000029
19882 0.000017
19883 0.000014
19884 0.000021
19885 0.000016
19886 0.000023
19887 0.000012
19888 0.000030
19889 0.000009
19890 0.000016
19891 0.000009
19892 0.000013
19893 0.000011
19894 0.000005
19895 0.000020
19896 0.000022
19897 0.000008
19898 0.000029
19899 0.000020
19900 0.000022
19901 0.000024
19902 0.000011
19903 0.000007
19904 0.000015
19905 0.000005
19906 0.000004
19907 0.000033
19908 0.000027
19909 0.000026
19910 0.000025
19911 0.000019
19912 0.000031
19913 0.000045
19914 0.000045
19915 0.000036
19916 0.000021
19917 0.000014
19918 0.000015
19919 0.000009
19920 0.000025
19921 0.000022
19922 0.000019
19923 0.000008
19924 0.000025
19925 0.000033
19926 0.000016
19927 0.000016
19928 0.000028
19929 0.000017
19930 0.000050
19931 0.000027
19932 0.000012
19933 0.000006
19934 0.000015
19935 0.000012
19936 0.000010
19937 0.000015
19938 0.000009
19939 0.000023
19940 0.000022
19941 0.000033
19942 0.000034
19943 0.000026
19944 0.000010
19945 0.000008
19946 0.000026
19947 0.000027
19948 0.000009
19949 0.000042
19950 0.000024
19951 0.000016
19952 0.000017
19953 0.000008
19954 0.000036
19955 0.000011
19956 0.000019
19957 0.000028
19958 0.000019
19959 0.000016
19960 0.000028
19961 0.000009
19962 0.000042
19963 0.000026
19964 0.000032
19965 0.000023
19966 0.000024
19967 0.000008
19968 0.000008
19969 0.000013
19970 0.000009
19971 0.000011
19972 0.000010
19973 0.000015
19974 0.000014
19975 0.000013
19976 0.000015
19977 0.000013
19978 0.000015
19979 0.000007
19980 0.000018
19981 0.000024
19982 0.000025
19983 0.000014
19984 0.000011
19985 0.000019
19986 0.000019
19987 0.000008
19988 0.000032
19989 0.000043
19990 0.000024
19991 0.000014
19992 0.000036
19993 0.000022
19994 0.000030
19995 0.000017
19996 0.000018
19997 0.000007
19998 0.000007
19999 0.000010
20000 0.000021
20001 0.000023
20002 0.000032
20003 0.000023
20004 0.000026
20005 0.000017
20006 0.000028
20007 0.000027
20008 0.000015
20009 0.000033
20010 0.000033
20011 0.000021
20012 0.000009
20013 0.000015
20014 0.000022
20015 0.000022
20016 0.000009
20017 0.000004
20018 0.000005
20019 0.000004
20020 0.000004
20021 0.000009
20022 0.000008
20023 0.000013
20024 0.000019
20025 0.000023
20026 0.000016
20027 0.000013
20028 0.000009
20029 0.000019
20030 0.000030
20031 0.000020
20032 0.000020
20033 0.000020
20034 0.000019
20035 0.000018
20036 0.000048
20037 0.000055
20038 0.000039
20039 0.000054
20040 0.000018
20041 0.000026
20042 0.000031
20043 0.000022
20044 0.000010
20045 0.000034
20046 0.000020
20047 0.000020
20048 0.000014
20049 0.000014
20050 0.000023
20051 0.000039
20052 0.000017
20053 0.000011
20054 0.000017
20055 0.000015
20056 0.000035
20057 0.000059
20058 0.000028
20059 0.000017
20060 0.000021
20061 0.000022
20062 0.000023
20063 0.000027
20064 0.000023
20065 0.000027
20066 0.000030
20067 0.000016
20068 0.000038
20069 0.000009
20070 0.000020
20071 0.000010
20072 0.000016
20073 0.000022
20074 0.000021
20075 0.000021
20076 0.000011
20077 0.000011
20078 0.000009
20079 0.000018
20080 0.000028
20081 0.000032
20082 0.000007
20083 0.000009
20084 0.000035
20085 0.000027
20086 0.000014
20087 0.000011
20088 0.000023
20089 0.000011
20090 0.000005
20091 0.000024
20092 0.000021
20093 0.000018
20094 0.000008
20095 0.000009
20096 0.000005
20097 0.000014
20098 0.000020
20099 0.000042
20100 0.000021
20101 0.000024
20102 0.000008
20103 0.000018
20104 0.000018
20105 0.000040
20106 0.000038
20107 0.000029
20108 0.000041
20109 0.000027
20110 0.000029
20111 0.000011
20112 0.000013
20113 0.000025
20114 0.000010
20115 0.000029
20116 0.000011
20117 0.000010
20118 0.000023
20119 0.000017
20120 0.000014
20121 0.000024
20122 0.000024
20123 0.000010
20124 0.000020
20125 0.000018
20126 0.000020
20127 0.000017
20128 0.000024
20129 0.000013
20130 0.000036
20131 0.000031
20132 0.000034
20133 0.000034
20134 0.000016
20135 0.000014
20136 0.000027
20137 0.000009
20138 0.000019
20139 0.000027
20140 0.000011
20141 0.000028
20142 0.000026
20143 0.000028
20144 0.000011
20145 0.000018
20146 0.000026
20147 0.000027
20148 0.000022
20149 0.000028
20150 0.000020
20151 0.000031
20152 0.000035
20153 0.000023
20154 0.000017
20155 0.000008
20156 0.000019
20157 0.000025
20158 0.000013
20159 0.000008
20160 0.000023
20161 0.000008
20162 0.000017
20163 0.000012
20164 0.000029
20165 0.000027
20166 0.000023
20167 0.000017
20168 0.000027
20169 0.000023
20170 0.000031
20171 0.000016
20172 0.000028
20173 0.000012
20174 0.000019
20175 0.000013
20176 0.000022
20177 0.000019
20178 0.000012
20179 0.000019
20180 0.000010
20181 0.000006
20182 0.000007
20183 0.000013
20184 0.000022
20185 0.000019
20186 0.000019
20187 0.000015
20188 0.000015
20189 0.000038
20190 0.000018
20191 0.000011
20192 0.000022
20193 0.000011
20194 0.000016
20195 0.000011
20196 0.000026
20197 0.000007
20198 0.000010
20199 0.000027
20200 0.000019
20201 0.000017
20202 0.000017
20203 0.000025
20204 0.000015
20205 0.000006
20206 0.000048
20207 0.000022
20208 0.000009
20209 0.000013
20210 0.000009
20211 0.000017
20212 0.000010
20213 0.000006
20214 0.000008
20215 0.000012
20216 0.000034
20217 0.000018
20218 0.000014
20219 0.000037
20220 0.000031
20221 0.000030
20222 0.000043
20223 0.000063
20224 0.000030
20225 0.000012
20226 0.000009
20227 0.000016
20228 0.000006
20229 0.000017
20230 0.000008
20231 0.000014
20232 0.000012
20233 0.000019
20234 0.000018
20235 0.000030
20236 0.000016
20237 0.000024
20238 0.000008
20239 0.000021
20240 0.000021
20241 0.000006
20242 0.000005
20243 0.000011
20244 0.000015
20245 0.000024
20246 0.000017
20247 0.000018
20248 0.000030
20249 0.000020
20250 0.000024
20251 0.000010
20252 0.000006
20253 0.000014
20254 0.000024
20255 0.000020
20256 0.000045
20257 0.000044
20258 0.000015
20259 0.000022
20260 0.000022
20261 0.000039
20262 0.000030
20263 0.000014
20264 0.000029
20265 0.000027
20266 0.000013
20267 0.000039
20268 0.000022
20269 0.000019
20270 0.000012
20271 0.000019
20272 0.000020
20273 0.000007
20274 0.000014
20275 0.000006
20276 0.000047
20277 0.000013
20278 0.000010
20279 0.000014
20280 0.000059
20281 0.000030
20282 0.000021
20283 0.000018
20284 0.000026
20285 0.000011
20286 0.000006
20287 0.000015
20288 0.000038
20289 0.000066
20290 0.000017
20291 0.000018
20292 0.000011
20293 0.000025
20294 0.000016
20295 0.000024
20296 0.000023
20297 0.000028
20298 0.000014
20299 0.000016
20300 0.000014
20301 0.000022
20302 0.000025
20303 0.000015
20304 0.000018
20305 0.000019
20306 0.000011
20307 0.000019
20308 0.000011
20309 0.000024
20310 0.000020
20311 0.000019
20312 0.000032
20313 0.000020
20314 0.000027
20315 0.000022
20316 0.000030
20317 0.000021
20318 0.000011
20319 0.000012
20320 0.000007
20321 0.000006
20322 0.000018
20323 0.000047
20324 0.000036
20325 0.000023
20326 0.000022
20327 0.000021
20328 0.000015
20329 0.000014
20330 0.000024
20331 0.000008
20332 0.000011
20333 0.000029
20334 0.000013
20335 0.000008
20336 0.000010
20337 0.000022
20338 0.000021
20339 0.000009
20340 0.000011
20341 0.000013
20342 0.000029
20343 0.000039
20344 0.000025
20345 0.000014
20346 0.000027
20347 0.000025
20348 0.000027
20349 0.000015
20350 0.000021
20351 0.000020
20352 0.000025
20353 0.000025
20354 0.000024
20355 0.000020
20356 0.000036
20357 0.000018
20358 0.000031
20359 0.000020
20360 0.000011
20361 0.000020
20362 0.000021
20363 0.000026
20364 0.000077
20365 0.000016
20366 0.000010
20367 0.000019
20368 0.000016
20369 0.000010
20370 0.000021
20371 0.000012
20372 0.000034
20373 0.000014
20374 0.000020
20375 0.000019
20376 0.000016
20377 0.000023
20378 0.000014
20379 0.000025
20380 0.000015
20381 0.000009
20382 0.000006
20383 0.000027
20384 0.000033
20385 0.000014
20386 0.000013
20387 0.000007
20388 0.000011
20389 0.000010
20390 0.000013
20391 0.000008
20392 0.000011
20393 0.000011
20394 0.000016
20395 0.000014
20396 0.000007
20397 0.000054
20398 0.000067
20399 0.000019
20400 0.000017
20401 0.000019
20402 0.000023
20403 0.000023
20404 0.000023
20405 0.000030
20406 0.000021
20407 0.000030
20408 0.000016
20409 0.000020
20410 0.000015
20411 0.000014
20412 0.000021
20413 0.000007
20414 0.000016
20415 0.000018
20416 0.000018
20417 0.000016
20418 0.000016
20419 0.000012
20420 0.000010
20421 0.000016
20422 0.000027
20423 0.000033
20424 0.000060
20425 0.000013
20426 0.000025
20427 0.000033
20428 0.000023
20429 0.000012
20430 0.000015
20431 0.000027
20432 0.000011
20433 0.000012
20434 0.000011
20435 0.000016
20436 0.000024
20437 0.000021
20438 0.000027
20439 0.000008
20440 0.000006
20441 0.000020
20442 0.000018
20443 0.000023
20444 0.000016
20445 0.000016
20446 0.000010
20447 0.000020
20448 0.000013
20449 0.000021
20450 0.000009
20451 0.000018
20452 0.000013
20453 0.000026
20454 0.000021
20455 0.000023
20456 0.000044
20457 0.000026
20458 0.000013
20459 0.000006
20460 0.000005
20461 0.000034
20462 0.000036
20463 0.000043
20464 0.000023
20465 0.000018
20466 0.000021
20467 0.000013
20468 0.000008
20469 0.000017
20470 0.000024
20471 0.000024
20472 0.000040
20473 0.000016
20474 0.000010
20475 0.000020
20476 0.000020
20477 0.000025
20478 0.000010
20479 0.000023
20480 0.000012
20481 0.000017
20482 0.000044
20483 0.000022
20484 0.000013
20485 0.000028
20486 0.000017
20487 0.000011
20488 0.000029
20489 0.000033
20490 0.000021
20491 0.000037
20492 0.000011
20493 0.000019
20494 0.000020
20495 0.000011
20496 0.000020
20497 0.000009
20498 0.000014
20499 0.000013
20500 0.000010
20501 0.000018
20502 0.000019
20503 0.000007
20504 0.000008
20505 0.000009
20506 0.000015
20507 0.000019
20508 0.000022
20509 0.000033
20510 0.000021
20511 0.000021
20512 0.000018
20513 0.000013
20514 0.000038
20515 0.000019
20516 0.000008
20517 0.000011
20518 0.000012
20519 0.000023
20520 0.000021
20521 0.000032
20522 0.000028
20523 0.000017
20524 0.000012
20525 0.000017
20526 0.000016
20527 0.000023
20528 0.000019
20529 0.000020
20530 0.000019
20531 0.000025
20532 0.000016
20533 0.000008
20534 0.000014
20535 0.000016
20536 0.000010
20537 0.000010
20538 0.000012
20539 0.000006
20540 0.000008
20541 0.000006
20542 0.000009
20543 0.000012
20544 0.000009
20545 0.000012
20546 0.000011
20547 0.000029
20548 0.000011
20549 0.000005
20550 0.000005
20551 0.000008
20552 0.000011
20553 0.000017
20554 0.000011
20555 0.000014
20556 0.000016
20557 0.000025
20558 0.000022
20559 0.000018
20560 0.000011
20561 0.000026
20562 0.000041
20563 0.000029
20564 0.000022
20565 0.000009
20566 0.000005
20567 0.000019
20568 0.000020
20569 0.000020
20570 0.000018
20571 0.000016
20572 0.000013
20573 0.000023
20574 0.000012
20575 0.000010
20576 0.000013
20577 0.000007
20578 0.000027
20579 0.000016
20580 0.000017
20581 0.000017
20582 0.000031
20583 0.000016
20584 0.000012
20585 0.000008
20586 0.000004
20587 0.000036
20588 0.000013
20589 0.000012
20590 0.000013
20591 0.000012
20592 0.000020
20593 0.000026
20594 0.000025
20595 0.000054
20596 0.000056
20597 0.000032
20598 0.000017
20599 0.000031
20600 0.000017
20601 0.000011
20602 0.000039
20603 0.000024
20604 0.000013
20605 0.000020
20606 0.000014
20607 0.000015
20608 0.000015
20609 0.000007
20610 0.000011
20611 0.000023
20612 0.000016
20613 0.000015
20614 0.000042
20615 0.000029
20616 0.000008
20617 0.000015
20618 0.000017
20619 0.000008
20620 0.000028
20621 0.000017
20622 0.000009
20623 0.000022
20624 0.000018
20625 0.000012
20626 0.000059
20627 0.000053
20628 0.000059
20629 0.000076
20630 0.000023
20631 0.000020
20632 0.000015
20633 0.000022
20634 0.000022
20635 0.000038
20636 0.000022
20637 0.000023
20638 0.000026
20639 0.000031
20640 0.000019
20641 0.000027
20642 0.000015
20643 0.000020
20644 0.000015
20645 0.000038
20646 0.000014
20647 0.000010
20648 0.000008
20649 0.000007
20650 0.000016
20651 0.000033
20652 0.000037
20653 0.000026
20654 0.000027
20655 0.000015
20656 0.000024
20657 0.000015
20658 0.000010
20659 0.000009
20660 0.000015
20661 0.000014
20662 0.000018
20663 0.000018
20664 0.000020
20665 0.000041
20666 0.000021
20667 0.000008
20668 0.000008
20669 0.000006
20670 0.000008
20671 0.000005
20672 0.000016
20673 0.000024
20674 0.000023
20675 0.000016
20676 0.000010
20677 0.000016
20678 0.000017
20679 0.000017
20680 0.000013
20681 0.000010
20682 0.000014
20683 0.000016
20684 0.000005
20685 0.000010
20686 0.000008
20687 0.000014
20688 0.000020
20689 0.000025
20690 0.000010
20691 0.000018
20692 0.000010
20693 0.000035
20694 0.000020
20695 0.000017
20696 0.000031
20697 0.000016
20698 0.000006
20699 0.000020
20700 0.000011
20701 0.000021
20702 0.000028
20703 0.000030
20704 0.000020
20705 0.000017
20706 0.000027
20707 0.000011
20708 0.000011
20709 0.000011
20710 0.000022
20711 0.000013
20712 0.000012
20713 0.000016
20714 0.000018
20715 0.000016
20716 0.000015
20717 0.000014
20718 0.000008
20719 0.000011
20720 0.000026
20721 0.000014
20722 0.000011
20723 0.000022
20724 0.000014
20725 0.000035
20726 0.000021
20727 0.000041
20728 0.000015
20729 0.000007
20730 0.000019
20731 0.000029
20732 0.000027
20733 0.000012
20734 0.000009
20735 0.000017
20736 0.000020
20737 0.000018
20738 0.000015
20739 0.000037
20740 0.000009
20741 0.000011
20742 0.000042
20743 0.000031
20744 0.000016
20745 0.000015
20746 0.000011
20747 0.000006
20748 0.000007
20749 0.000022
20750 0.000019
20751 0.000028
20752 0.000026
20753 0.000012
20754 0.000015
20755 0.000025
20756 0.000017
20757 0.000029
20758 0.000008
20759 0.000021
20760 0.000029
20761 0.000026
20762 0.000007
20763 0.000011
20764 0.000008
20765 0.000008
20766 0.000012
20767 0.000020
20768 0.000018
20769 0.000023
20770 0.000013
20771 0.000020
20772 0.000022
20773 0.000011
20774 0.000009
20775 0.000005
20776 0.000009
20777 0.000011
20778 0.000011
20779 0.000016
20780 0.000011
20781 0.000017
20782 0.000009
20783 0.000022
20784 0.000021
20785 0.000007
20786 0.000027
20787 0.000014
20788 0.000005
20789 0.000026
20790 0.000016
20791 0.000014
20792 0.000025
20793 0.000012
20794 0.000013
20795 0.000023
20796 0.000018
20797 0.000007
20798 0.000009
20799 0.000016
20800 0.000025
20801 0.000016
20802 0.000011
20803 0.000008
20804 0.000023
20805 0.000008
20806 0.000012
20807 0.000024
20808 0.000013
20809 0.000021
20810 0.000010
20811 0.000011
20812 0.000041
20813 0.000031
20814 0.000021
20815 0.000017
20816 0.000008
20817 0.000006
20818 0.000011
20819 0.000008
20820 0.000005
20821 0.000013
20822 0.000017
20823 0.000050
20824 0.000045
20825 0.000047
20826 0.000033
20827 0.000018
20828 0.000026
20829 0.000015
20830 0.000037
20831 0.000025
20832 0.000018
20833 0.000015
20834 0.000006
20835 0.000006
20836 0.000007
20837 0.000004
20838 0.000004
20839 0.000008
20840 0.000017
20841 0.000017
20842 0.000020
20843 0.000011
20844 0.000009
20845 0.000004
20846 0.000007
20847 0.000010
20848 0.000009
20849 0.000022
20850 0.000019
20851 0.000027
20852 0.000018
20853 0.000028
20854 0.000009
20855 0.000009
20856 0.000024
20857 0.000010
20858 0.000011
20859 0.000009
20860 0.000014
20861 0.000009
20862 0.000029
20863 0.000011
20864 0.000019
20865 0.000025
20866 0.000025
20867 0.000039
20868 0.000022
20869 0.000016
20870 0.000009
20871 0.000025
20872 0.000019
20873 0.000011
20874 0.000016
20875 0.000025
20876 0.000049
20877 0.000046
20878 0.000021
20879 0.000031
20880 0.000014
20881 0.000027
20882 0.000016
20883 0.000012
20884 0.000021
20885 0.000041
20886 0.000035
20887 0.000026
20888 0.000011
20889 0.000023
20890 0.000026
20891 0.000049
20892 0.000029
20893 0.000015
20894 0.000022
20895 0.000018
20896 0.000013
20897 0.000028
20898 0.000035
20899 0.000062
20900 0.000064
20901 0.000033
20902 0.000037
20903 0.000017
20904 0.000023
20905 0.000026
20906 0.000025
20907 0.000019
20908 0.000024
20909 0.000030
20910 0.000009
20911 0.000019
20912 0.000014
20913 0.000022
20914 0.000027
20915 0.000024
20916 0.000013
20917 0.000016
20918 0.000007
20919 0.000020
20920 0.000014
20921 0.000023
20922 0.000017
20923 0.000022
20924 0.000022
20925 0.000013
20926 0.000016
20927 0.000010
20928 0.000037
20929 0.000057
20930 0.000015
20931 0.000018
20932 0.000010
20933 0.000016
20934 0.000006
20935 0.000033
20936 0.000022
20937 0.000016
20938 0.000022
20939 0.000012
20940 0.000013
20941 0.000014
20942 0.000012
20943 0.000027
20944 0.000012
20945 0.000016
20946 0.000014
20947 0.000012
20948 0.000035
20949 0.000022
20950 0.000041
20951 0.000025
20952 0.000027
20953 0.000012
20954 0.000015
20955 0.000013
20956 0.000022
20957 0.000008
20958 0.000031
20959 0.000036
20960 0.000034
20961 0.000024
20962 0.000018
20963 0.000026
20964 0.000009
20965 0.000010
20966 0.000026
20967 0.000021
20968 0.000020
20969 0.000024
20970 0.000013
20971 0.000020
20972 0.000015
20973 0.000029
20974 0.000015
20975 0.000007
20976 0.000010
20977 0.000012
20978 0.000012
20979 0.000015
20980 0.000043
20981 0.000021
20982 0.000012
20983 0.000014
20984 0.000015
20985 0.000011
20986 0.000013
20987 0.000022
20988 0.000037
20989 0.000026
20990 0.000008
20991 0.000012
20992 0.000015
20993 0.000016
20994 0.000011
20995 0.000018
20996 0.000010
20997 0.000024
20998 0.000017
20999 0.000046
21000 0.000049
21001 0.000024
21002 0.000015
21003 0.000014
21004 0.000021
21005 0.000008
21006 0.000028
21007 0.000019
21008 0.000022
21009 0.000014
21010 0.000021
21011 0.000016
21012 0.000012
21013 0.000008
21014 0.000020
21015 0.000015
21016 0.000029
21017 0.000016
21018 0.000007
21019 0.000011
21020 0.000012
21021 0.000029
21022 0.000027
21023 0.000015
21024 0.000019
21025 0.000017
21026 0.000019
21027 0.000030
21028 0.000036
21029 0.000017
21030 0.000016
21031 0.000030
21032 0.000016
21033 0.000030
21034 0.000014
21035 0.000022
21036 0.000014
21037 0.000011
21038 0.000031
21039 0.000021
21040 0.000023
21041 0.000016
21042 0.000013
21043 0.000019
21044 0.000033
21045 0.000040
21046 0.000035
21047 0.000030
21048 0.000043
21049 0.000034
21050 0.000021
21051 0.000015
21052 0.000007
21053 0.000010
21054 0.000009
21055 0.000021
21056 0.000009
21057 0.000014
21058 0.000006
21059 0.000008
21060 0.000047
21061 0.000016
21062 0.000019
21063 0.000033
21064 0.000020
21065 0.000023
21066 0.000025
21067 0.000020
21068 0.000027
21069 0.000028
21070 0.000019
21071 0.000016
21072 0.000036
21073 0.000018
21074 0.000014
21075 0.000026
21076 0.000018
21077 0.000011
21078 0.000035
21079 0.000017
21080 0.000017
21081 0.000023
21082 0.000022
21083 0.000008
21084 0.000040
21085 0.000014
21086 0.000011
21087 0.000010
21088 0.000005
21089 0.000031
21090 0.000017
21091 0.000008
21092 0.000012
21093 0.000022
21094 0.000019
21095 0.000028
21096 0.000023
21097 0.000029
21098 0.000033
21099 0.000019
21100 0.000027
21101 0.000014
21102 0.000018
21103 0.000007
21104 0.000027
21105 0.000009
21106 0.000013
21107 0.000021
21108 0.000019
21109 0.000016
21110 0.000028
21111 0.000022
21112 0.000018
21113 0.000026
21114 0.000032
21115 0.000042
21116 0.000017
21117 0.000010
21118 0.000032
21119 0.000016
21120 0.000015
21121 0.000032
21122 0.000030
21123 0.000016
21124 0.000031
21125 0.000020
21126 0.000026
21127 0.000016
21128 0.000011
21129 0.000026
21130 0.000040
21131 0.000019
21132 0.000008
21133 0.000017
21134 0.000040
21135 0.000018
21136 0.000016
21137 0.000010
21138 0.000021
21139 0.000022
21140 0.000025
21141 0.000010
21142 0.000028
21143 0.000026
21144 0.000013
21145 0.000019
21146 0.000029
21147 0.000022
21148 0.000024
21149 0.000024
21150 0.000021
21151 0.000025
21152 0.000021
21153 0.000018
21154 0.000007
21155 0.000016
21156 0.000017
21157 0.000024
21158 0.000038
21159 0.000045
21160 0.000031
21161 0.000030
21162 0.000024
21163 0.000014
21164 0.000035
21165 0.000010
21166 0.000020
21167 0.000010
21168 0.000012
21169 0.000012
21170 0.000020
21171 0.000022
21172 0.000008
21173 0.000009
21174 0.000009
21175 0.000019
21176 0.000013
21177 0.000018
21178 0.000028
21179 0.000025
21180 0.000033
21181 0.000023
21182 0.000021
21183 0.000032
21184 0.000012
21185 0.000019
21186 0.000011
21187 0.000023
21188 0.000020
21189 0.000041
21190 0.000012
21191 0.000014
21192 0.000013
21193 0.000020
21194 0.000020
21195 0.000024
21196 0.000013
21197 0.000015
21198 0.000009
21199 0.000006
21200 0.000011
21201 0.000024
21202 0.000024
21203 0.000022
21204 0.000028
21205 0.000011
21206 0.000015
21207 0.000018
21208 0.000018
21209 0.000012
21210 0.000011
21211 0.000008
21212 0.000027
21213 0.000028
21214 0.000019
21215 0.000011
21216 0.000026
21217 0.000029
21218 0.000017
21219 0.000011
21220 0.000019
21221 0.000017
21222 0.000019
21223 0.000018
21224 0.000014
21225 0.000020
21226 0.000035
21227 0.000013
21228 0.000008
21229 0.000015
21230 0.000021
21231 0.000039
21232 0.000020
21233 0.000012
21234 0.000021
21235 0.000019
21236 0.000018
21237 0.000020
21238 0.000033
21239 0.000021
21240 0.000019
21241 0.000032
21242 0.000030
21243 0.000029
21244 0.000017
21245 0.000013
21246 0.000016
21247 0.000006
21248 0.000028
21249 0.000014
21250 0.000021
21251 0.000027
21252 0.000018
21253 0.000008
21254 0.000005
21255 0.000047
21256 0.000033
21257 0.000023
21258 0.000027
21259 0.000033
21260 0.000012
21261 0.000019
21262 0.000023
21263 0.000023
21264 0.000015
21265 0.000026
21266 0.000036
21267 0.000014
21268 0.000009
21269 0.000006
21270 0.000015
21271 0.000025
21272 0.000012
21273 0.000011
21274 0.000005
21275 0.000028
21276 0.000025
21277 0.000014
21278 0.000015
21279 0.000014
21280 0.000018
21281 0.000028
21282 0.000020
21283 0.000022
21284 0.000009
21285 0.000020
21286 0.000019
21287 0.000020
21288 0.000014
21289 0.000015
21290 0.000016
21291 0.000022
21292 0.000014
21293 0.000012
21294 0.000018
21295 0.000016
21296 0.000015
21297 0.000019
21298 0.000017
21299 0.000028
21300 0.000024
21301 0.000043
21302 0.000022
21303 0.000040
21304 0.000014
21305 0.000034
21306 0.000028
21307 0.000021
21308 0.000015
21309 0.000024
21310 0.000022
21311 0.000012
21312 0.000010
21313 0.000010
21314 0.000009
21315 0.000015
21316 0.000010
21317 0.000013
21318 0.000014
21319 0.000027
21320 0.000037
21321 0.000039
21322 0.000021
21323 0.000014
21324 0.000005
21325 0.000023
21326 0.000018
21327 0.000008
21328 0.000041
21329 0.000024
21330 0.000023
21331 0.000022
21332 0.000025
21333 0.000013
21334 0.000009
21335 0.000012
21336 0.000005
21337 0.000006
21338 0.000016
21339 0.000015
21340 0.000012
21341 0.000008
21342 0.000016
21343 0.000016
21344 0.000011
21345 0.000034
21346 0.000047
21347 0.000025
21348 0.000052
21349 0.000025
21350 0.000017
21351 0.000034
21352 0.000031
21353 0.000011
21354 0.000017
21355 0.000015
21356 0.000019
21357 0.000031
21358 0.000028
21359 0.000020
21360 0.000033
21361 0.000020
21362 0.000021
21363 0.000011
21364 0.000020
21365 0.000020
21366 0.000010
21367 0.000017
21368 0.000015
21369 0.000021
21370 0.000023
21371 0.000035
21372 0.000044
21373 0.000016
21374 0.000029
21375 0.000020
21376 0.000017
21377 0.000018
21378 0.000027
21379 0.000021
21380 0.000020
21381 0.000029
21382 0.000012
21383 0.000013
21384 0.000021
21385 0.000024
21386 0.000012
21387 0.000010
21388 0.000027
21389 0.000016
21390 0.000010
21391 0.000021
21392 0.000015
21393 0.000021
21394 0.000023
21395 0.000016
21396 0.000011
21397 0.000028
21398 0.000011
21399 0.000016
21400 0.000017
21401 0.000027
21402 0.000025
21403 0.000019
21404 0.000025
21405 0.000026
21406 0.000036
21407 0.000022
21408 0.000007
21409 0.000023
21410 0.000025
21411 0.000014
21412 0.000019
21413 0.000009
21414 0.000013
21415 0.000015
21416 0.000006
21417 0.000009
21418 0.000009
21419 0.000022
21420 0.000024
21421 0.000011
21422 0.000014
21423 0.000016
21424 0.000036
21425 0.000018
21426 0.000024
21427 0.000040
21428 0.000045
21429 0.000035
21430 0.000015
21431 0.000024
21432 0.000016
21433 0.000009
21434 0.000015
21435 0.000007
21436 0.000020
21437 0.000037
21438 0.000038
21439 0.000023
21440 0.000033
21441 0.000051
21442 0.000018
21443 0.000014
21444 0.000030
21445 0.000022
21446 0.000029
21447 0.000015
21448 0.000006
21449 0.000019
21450 0.000018
21451 0.000016
21452 0.000010
21453 0.000007
21454 0.000006
21455 0.000012
21456 0.000006
21457 0.000012
21458 0.000034
21459 0.000024
21460 0.000011
21461 0.000021
21462 0.000015
21463 0.000016
21464 0.000028
21465 0.000019
21466 0.000032
21467 0.000028
21468 0.000016
21469 0.000018
21470 0.000020
21471 0.000020
21472 0.000037
21473 0.000045
21474 0.000017
21475 0.000025
21476 0.000015
21477 0.000013
21478 0.000016
21479 0.000016
21480 0.000022
21481 0.000025
21482 0.000029
21483 0.000013
21484 0.000005
21485 0.000010
21486 0.000019
21487 0.000018
21488 0.000022
21489 0.000050
21490 0.000023
21491 0.000016
21492 0.000039
21493 0.000024
21494 0.000031
21495 0.000033
21496 0.000030
21497 0.000028
21498 0.000020
21499 0.000017
21500 0.000036
21501 0.000016
21502 0.000014
21503 0.000008
21504 0.000015
21505 0.000010
21506 0.000011
21507 0.000015
21508 0.000006
21509 0.000027
21510 0.000009
21511 0.000006
21512 0.000035
21513 0.000044
21514 0.000012
21515 0.000022
21516 0.000028
21517 0.000032
21518 0.000020
21519 0.000045
21520 0.000016
21521 0.000021
21522 0.000012
21523 0.000006
21524 0.000023
21525 0.000018
21526 0.000024
21527 0.000009
21528 0.000012
21529 0.000038
21530 0.000023
21531 0.000014
21532 0.000028
21533 0.000011
21534 0.000011
21535 0.000018
21536 0.000024
21537 0.000025
21538 0.000050
21539 0.000041
21540 0.000030
21541 0.000036
21542 0.000029
21543 0.000022
21544 0.000013
21545 0.000008
21546 0.000022
21547 0.000026
21548 0.000019
21549 0.000014
21550 0.000013
21551 0.000022
21552 0.000013
21553 0.000005
21554 0.000029
21555 0.000025
21556 0.000010
21557 0.000020
21558 0.000052
21559 0.000025
21560 0.000020
21561 0.000035
21562 0.000025
21563 0.000021
21564 0.000012
21565 0.000018
21566 0.000019
21567 0.000015
21568 0.000012
21569 0.000022
21570 0.000008
21571 0.000017
21572 0.000012
21573 0.000020
21574 0.000014
21575 0.000023
21576 0.000020
21577 0.000020
21578 0.000031
21579 0.000018
21580 0.000017
21581 0.000024
21582 0.000016
21583 0.000017
21584 0.000023
21585 0.000010
21586 0.000006
21587 0.000005
21588 0.000004
21589 0.000032
21590 0.000012
21591 0.000043
21592 0.000045
21593 0.000037
21594 0.000014
21595 0.000019
21596 0.000017
21597 0.000006
21598 0.000024
21599 0.000012
21600 0.000027
21601 0.000013
21602 0.000006
21603 0.000008
21604 0.000021
21605 0.000014
21606 0.000019
21607 0.000017
21608 0.000020
21609 0.000019
21610 0.000007
21611 0.000008
21612 0.000016
21613 0.000013
21614 0.000025
21615 0.000013
21616 0.000014
21617 0.000021
21618 0.000012
21619 0.000008
21620 0.000006
21621 0.000019
21622 0.000013
21623 0.000006
21624 0.000006
21625 0.000005
21626 0.000016
21627 0.000013
21628 0.000009
21629 0.000007
21630 0.000011
21631 0.000007
21632 0.000018
21633 0.000024
21634 0.000016
21635 0.000030
21636 0.000008
21637 0.000013
21638 0.000010
21639 0.000009
21640 0.000012
21641 0.000005
21642 0.000012
21643 0.000023
21644 0.000023
21645 0.000027
21646 0.000014
21647 0.000021
21648 0.000016
21649 0.000008
21650 0.000005
21651 0.000053
21652 0.000027
21653 0.000025
21654 0.000007
21655 0.000004
21656 0.000031
21657 0.000012
21658 0.000017
21659 0.000024
21660 0.000042
21661 0.000052
21662 0.000016
21663 0.000023
21664 0.000022
21665 0.000041
21666 0.000024
21667 0.000036
21668 0.000019
21669 0.000014
21670 0.000016
21671 0.000010
21672 0.000012
21673 0.000015
21674 0.000015
21675 0.000012
21676 0.000006
21677 0.000004
21678 0.000025
21679 0.000015
21680 0.000023
21681 0.000030
21682 0.000017
21683 0.000016
21684 0.000032
21685 0.000029
21686 0.000023
21687 0.000013
21688 0.000032
21689 0.000030
21690 0.000009
21691 0.000016
21692 0.000010
21693 0.000009
21694 0.000024
21695 0.000013
21696 0.000030
21697 0.000018
21698 0.000029
21699 0.000009
21700 0.000007
21701 0.000004
21702 0.000011
21703 0.000006
21704 0.000023
21705 0.000022
21706 0.000023
21707 0.000014
21708 0.000015
21709 0.000018
21710 0.000010
21711 0.000031
21712 0.000035
21713 0.000029
21714 0.000027
21715 0.000029
21716 0.000030
21717 0.000026
21718 0.000013
21719 0.000009
21720 0.000013
21721 0.000027
21722 0.000024
21723 0.000018
21724 0.000024
21725 0.000012
21726 0.000008
21727 0.000039
21728 0.000009
21729 0.000011
21730 0.000020
21731 0.000035
21732 0.000021
21733 0.000026
21734 0.000036
21735 0.000032
21736 0.000028
21737 0.000022
21738 0.000009
21739 0.000012
21740 0.000008
21741 0.000020
21742 0.000022
21743 0.000018
21744 0.000014
21745 0.000014
21746 0.000019
21747 0.000021
21748 0.000029
21749 0.000013
21750 0.000014
21751 0.000009
21752 0.000014
21753 0.000012
21754 0.000011
21755 0.000018
21756 0.000019
21757 0.000022
21758 0.000028
21759 0.000007
21760 0.000011
21761 0.000019
21762 0.000022
21763 0.000013
21764 0.000018
21765 0.000022
21766 0.000021
21767 0.000017
21768 0.000039
21769 0.000046
21770 0.000018
21771 0.000013
21772 0.000028
21773 0.000015
21774 0.000012
21775 0.000011
21776 0.000012
21777 0.000037
21778 0.000015
21779 0.000029
21780 0.000040
21781 0.000014
21782 0.000021
21783 0.000034
21784 0.000010
21785 0.000012
21786 0.000015
21787 0.000016
21788 0.000013
21789 0.000040
21790 0.000024
21791 0.000030
21792 0.000021
21793 0.000029
21794 0.000015
21795 0.000018
21796 0.000007
21797 0.000012
21798 0.000011
21799 0.000008
21800 0.000021
21801 0.000017
21802 0.000018
21803 0.000019
21804 0.000019
21805 0.000020
21806 0.000037
21807 0.000025
21808 0.000009
21809 0.000007
21810 0.000013
21811 0.000032
21812 0.000030
21813 0.000031
21814 0.000025
21815 0.000018
21816 0.000019
21817 0.000018
21818 0.000025
21819 0.000022
21820 0.000028
21821 0.000026
21822 0.000007
21823 0.000013
21824 0.000034
21825 0.000013
21826 0.000013
21827 0.000012
21828 0.000020
21829 0.000023
21830 0.000018
21831 0.000013
21832 0.000010
21833 0.000005
21834 0.000040
21835 0.000014
21836 0.000019
21837 0.000034
21838 0.000033
21839 0.000012
21840 0.000034
21841 0.000017
21842 0.000009
21843 0.000011
21844 0.000018
21845 0.000014
21846 0.000010
21847 0.000023
21848 0.000025
21849 0.000012
21850 0.000037
21851 0.000029
21852 0.000021
21853 0.000035
21854 0.000039
21855 0.000038
21856 0.000037
21857 0.000028
21858 0.000035
21859 0.000013
21860 0.000022
21861 0.000016
21862 0.000016
21863 0.000007
21864 0.000013
21865 0.000018
21866 0.000021
21867 0.000023
21868 0.000037
21869 0.000009
21870 0.000006
21871 0.000009
21872 0.000016
21873 0.000018
21874 0.000010
21875 0.000022
21876 0.000017
21877 0.000013
21878 0.000030
21879 0.000024
21880 0.000013
21881 0.000011
21882 0.000029
21883 0.000027
21884 0.000023
21885 0.000008
21886 0.000024
21887 0.000017
21888 0.000016
21889 0.000012
21890 0.000023
21891 0.000013
21892 0.000020
21893 0.000011
21894 0.000022
21895 0.000029
21896 0.000022
21897 0.000012
21898 0.000011
21899 0.000014
21900 0.000017
21901 0.000017
21902 0.000028
21903 0.000010
21904 0.000005
21905 0.000011
21906 0.000023
21907 0.000017
21908 0.000017
21909 0.000022
21910 0.000021
21911 0.000010
21912 0.000015
21913 0.000009
21914 0.000010
21915 0.000008
21916 0.000005
21917 0.000008
21918 0.000016
21919 0.000027
21920 0.000025
21921 0.000029
21922 0.000015
21923 0.000009
21924 0.000021
21925 0.000022
21926 0.000024
21927 0.000048
21928 0.000018
21929 0.000025
21930 0.000012
21931 0.000007
21932 0.000015
21933 0.000018
21934 0.000027
21935 0.000019
21936 0.000011
21937 0.000009
21938 0.000011
21939 0.000032
21940 0.000025
21941 0.000021
21942 0.000025
21943 0.000030
21944 0.000035
21945 0.000018
21946 0.000018
21947 0.000034
21948 0.000012
21949 0.000009
21950 0.000023
21951 0.000019
21952 0.000016
21953 0.000014
21954 0.000011
21955 0.000017
21956 0.000027
21957 0.000018
21958 0.000021
21959 0.000015
21960 0.000015
21961 0.000020
21962 0.000016
21963 0.000014
21964 0.000022
21965 0.000015
21966 0.000037
21967 0.000014
21968 0.000010
21969 0.000016
21970 0.000016
21971 0.000019
21972 0.000022
21973 0.000016
21974 0.000006
21975 0.000011
21976 0.000010
21977 0.000031
21978 0.000020
21979 0.000043
21980 0.000017
21981 0.000033
21982 0.000040
21983 0.000037
21984 0.000012
21985 0.000013
21986 0.000022
21987 0.000011
21988 0.000007
21989 0.000005
21990 0.000013
21991 0.000007
21992 0.000016
21993 0.000010
21994 0.000005
21995 0.000007
21996 0.000023
21997 0.000037
21998 0.000023
21999 0.000027
22000 0.000021
22001 0.000021
22002 0.000013
22003 0.000032
22004 0.000030
22005 0.000009
22006 0.000008
22007 0.000024
22008 0.000024
22009 0.000019
22010 0.000011
22011 0.000006
22012 0.000016
22013 0.000016
22014 0.000024
22015 0.000028
22016 0.000031
22017 0.000046
22018 0.000035
22019 0.000020
22020 0.000012
22021 0.000023
22022 0.000011
22023 0.000039
22024 0.000022
22025 0.000031
22026 0.000019
22027 0.000024
22028 0.000013
22029 0.000014
22030 0.000027
22031 0.000026
22032 0.000029
22033 0.000017
22034 0.000049
22035 0.000046
22036 0.000030
22037 0.000022
22038 0.000032
22039 0.000018
22040 0.000023
22041 0.000054
22042 0.000024
22043 0.000042
22044 0.000039
22045 0.000037
22046 0.000031
22047 0.000010
22048 0.000053
22049 0.000030
22050 0.000011
22051 0.000008
22052 0.000012
22053 0.000012
22054 0.000022
22055 0.000017
22056 0.000039
22057 0.000012
22058 0.000015
22059 0.000021
22060 0.000011
22061 0.000016
22062 0.000021
22063 0.000013
22064 0.000014
22065 0.000016
22066 0.000009
22067 0.000009
22068 0.000009
22069 0.000024
22070 0.000028
22071 0.000008
22072 0.000023
22073 0.000010
22074 0.000005
22075 0.000007
22076 0.000004
22077 0.000009
22078 0.000020
22079 0.000016
22080 0.000010
22081 0.000017
22082 0.000010
22083 0.000005
22084 0.000009
22085 0.000005
22086 0.000004
22087 0.000007
22088 0.000011
22089 0.000020
22090 0.000055
22091 0.000023
22092 0.000012
22093 0.000013
22094 0.000027
22095 0.000020
22096 0.000016
22097 0.000019
22098 0.000029
22099 0.000013
22100 0.000026
22101 0.000022
22102 0.000009
22103 0.000036
22104 0.000041
22105 0.000050
22106 0.000039
22107 0.000034
22108 0.000010
22109 0.000009
22110 0.000018
22111 0.000034
22112 0.000027
22113 0.000018
22114 0.000016
22115 0.000019
22116 0.000009
22117 0.000022
22118 0.000020
22119 0.000024
22120 0.000023
22121 0.000009
22122 0.000017
22123 0.000017
22124 0.000025
22125 0.000014
22126 0.000029
22127 0.000027
22128 0.000018
22129 0.000026
22130 0.000026
22131 0.000033
22132 0.000028
22133 0.000021
22134 0.000012
22135 0.000013
22136 0.000010
22137 0.000013
22138 0.000005
22139 0.000022
22140 0.000008
22141 0.000009
22142 0.000028
22143 0.000018
22144 0.000019
22145 0.000008
22146 0.000010
22147 0.000015
22148 0.000013
22149 0.000015
22150 0.000012
22151 0.000008
22152 0.000018
22153 0.000017
22154 0.000013
22155 0.000009
22156 0.000005
22157 0.000004
22158 0.000022
22159 0.000009
22160 0.000015
22161 0.000034
22162 0.000019
22163 0.000012
22164 0.000035
22165 0.000028
22166 0.000021
22167 0.000011
22168 0.000008
22169 0.000005
22170 0.000013
22171 0.000020
22172 0.000020
22173 0.000024
22174 0.000012
22175 0.000020
22176 0.000018
22177 0.000007
22178 0.000025
22179 0.000028
22180 0.000035
22181 0.000017
22182 0.000020
22183 0.000031
22184 0.000012
22185 0.000013
22186 0.000019
22187 0.000007
22188 0.000030
22189 0.000033
22190 0.000040
22191 0.000054
22192 0.000026
22193 0.000032
22194 0.000011
22195 0.000033
22196 0.000018
22197 0.000040
22198 0.000044
22199 0.000029
22200 0.000042
22201 0.000049
22202 0.000017
22203 0.000045
22204 0.000026
22205 0.000015
22206 0.000025
22207 0.000022
22208 0.000024
22209 0.000022
22210 0.000022
22211 0.000021
22212 0.000038
22213 0.000034
22214 0.000039
22215 0.000026
22216 0.000029
22217 0.000008
22218 0.000020
22219 0.000021
22220 0.000018
22221 0.000033
22222 0.000024
22223 0.000035
22224 0.000030
22225 0.000033
22226 0.000012
22227 0.000036
22228 0.000026
22229 0.000032
22230 0.000028
22231 0.000011
22232 0.000036
22233 0.000028
22234 0.000020
22235 0.000029
22236 0.000020
22237 0.000009
22238 0.000011
22239 0.000010
22240 0.000006
22241 0.000025
22242 0.000030
22243 0.000040
22244 0.000021
22245 0.000009
22246 0.000014
22247 0.000021
22248 0.000025
22249 0.000014
22250 0.000008
22251 0.000022
22252 0.000028
22253 0.000030
22254 0.000040
22255 0.000011
22256 0.000010
22257 0.000022
22258 0.000033
22259 0.000017
22260 0.000020
22261 0.000023
22262 0.000010
22263 0.000021
22264 0.000021
22265 0.000042
22266 0.000030
22267 0.000018
22268 0.000019
22269 0.000011
22270 0.000006
22271 0.000009
22272 0.000014
22273 0.000030
22274 0.000055
22275 0.000025
22276 0.000016
22277 0.000014
22278 0.000007
22279 0.000017
22280 0.000017
22281 0.000012
22282 0.000023
22283 0.000011
22284 0.000013
22285 0.000031
22286 0.000024
22287 0.000047
22288 0.000016
22289 0.000018
22290 0.000017
22291 0.000017
22292 0.000011
22293 0.000014
22294 0.000016
22295 0.000016
22296 0.000016
22297 0.000018
22298 0.000013
22299 0.000017
22300 0.000011
22301 0.000006
22302 0.000019
22303 0.000011
22304 0.000020
22305 0.000015
22306 0.000014
22307 0.000009
22308 0.000011
22309 0.000020
22310 0.000026
22311 0.000017
22312 0.000019
22313 0.000014
22314 0.000029
22315 0.000032
22316 0.000028
22317 0.000011
22318 0.000014
22319 0.000024
22320 0.000022
22321 0.000026
22322 0.000014
22323 0.000020
22324 0.000018
22325 0.000023
22326 0.000037
22327 0.000017
22328 0.000008
22329 0.000010
22330 0.000009
22331 0.000017
22332 0.000012
22333 0.000008
22334 0.000016
22335 0.000008
22336 0.000007
22337 0.000006
22338 0.000011
22339 0.000017
22340 0.000010
22341 0.000024
22342 0.000030
22343 0.000011
22344 0.000005
22345 0.000016
22346 0.000014
22347 0.000024
22348 0.000025
22349 0.000011
22350 0.000035
22351 0.000037
22352 0.000009
22353 0.000011
22354 0.000036
22355 0.000027
22356 0.000015
22357 0.000013
22358 0.000017
22359 0.000008
22360 0.000010
22361 0.000017
22362 0.000024
22363 0.000017
22364 0.000018
22365 0.000028
22366 0.000015
22367 0.000020
22368 0.000022
22369 0.000010
22370 0.000015
22371 0.000022
22372 0.000044
22373 0.000020
22374 0.000036
22375 0.000018
22376 0.000011
22377 0.000033
22378 0.000021
22379 0.000016
22380 0.000030
22381 0.000036
22382 0.000040
22383 0.000014
22384 0.000026
22385 0.000029
22386 0.000011
22387 0.000013
22388 0.000013
22389 0.000012
22390 0.000026
22391 0.000007
22392 0.000029
22393 0.000043
22394 0.000037
22395 0.000029
22396 0.000015
22397 0.000007
22398 0.000014
22399 0.000024
22400 0.000023
22401 0.000011
22402 0.000012
22403 0.000016
22404 0.000013
22405 0.000020
22406 0.000033
22407 0.000016
22408 0.000031
22409 0.000037
22410 0.000020
22411 0.000023
22412 0.000034
22413 0.000026
22414 0.000044
22415 0.000034
22416 0.000016
22417 0.000012
22418 0.000018
22419 0.000024
22420 0.000012
22421 0.000013
22422 0.000010
22423 0.000012
22424 0.000006
22425 0.000018
22426 0.000022
22427 0.000013
22428 0.000017
22429 0.000010
22430 0.000011
22431 0.000006
22432 0.000011
22433 0.000028
22434 0.000023
22435 0.000019
22436 0.000022
22437 0.000022
22438 0.000037
22439 0.000011
22440 0.000013
22441 0.000028
22442 0.000011
22443 0.000023
22444 0.000023
22445 0.000024
22446 0.000042
22447 0.000049
22448 0.000036
22449 0.000032
22450 0.000016
22451 0.000021
22452 0.000010
22453 0.000010
22454 0.000016
22455 0.000021
22456 0.000023
22457 0.000029
22458 0.000023
22459 0.000030
22460 0.000038
22461 0.000022
22462 0.000023
22463 0.000015
22464 0.000028
22465 0.000030
22466 0.000019
22467 0.000014
22468 0.000017
22469 0.000017
22470 0.000034
22471 0.000018
22472 0.000017
22473 0.000032
22474 0.000024
22475 0.000026
22476 0.000027
22477 0.000021
22478 0.000021
22479 0.000007
22480 0.000020
22481 0.000016
22482 0.000016
22483 0.000011
22484 0.000017
22485 0.000016
22486 0.000029
22487 0.000011
22488 0.000014
22489 0.000028
22490 0.000012
22491 0.000010
22492 0.000016
22493 0.000022
22494 0.000017
22495 0.000032
22496 0.000029
22497 0.000031
22498 0.000018
22499 0.000031
22500 0.000033
22501 0.000033
22502 0.000015
22503 0.000019
22504 0.000017
22505 0.000012
22506 0.000016
22507 0.000007
22508 0.000017
22509 0.000015
22510 0.000028
22511 0.000020
22512 0.000018
22513 0.000022
22514 0.000023
22515 0.000025
22516 0.000036
22517 0.000011
22518 0.000036
22519 0.000011
22520 0.000034
22521 0.000044
22522 0.000015
22523 0.000030
22524 0.000008
22525 0.000023
22526 0.000028
22527 0.000042
22528 0.000057
22529 0.000015
22530 0.000016
22531 0.000005
22532 0.000011
22533 0.000036
22534 0.000022
22535 0.000010
22536 0.000018
22537 0.000017
22538 0.000042
22539 0.000041
22540 0.000024
22541 0.000015
22542 0.000012
22543 0.000019
22544 0.000021
22545 0.000020
22546 0.000018
22547 0.000028
22548 0.000026
22549 0.000019
22550 0.000018
22551 0.000033
22552 0.000028
22553 0.000011
22554 0.000005
22555 0.000007
22556 0.000012
22557 0.000012
22558 0.000019
22559 0.000012
22560 0.000008
22561 0.000007
22562 0.000021
22563 0.000022
22564 0.000035
22565 0.000029
22566 0.000011
22567 0.000016
22568 0.000037
22569 0.000033
22570 0.000017
22571 0.000025
22572 0.000014
22573 0.000027
22574 0.000018
22575 0.000010
22576 0.000007
22577 0.000006
22578 0.000022
22579 0.000019
22580 0.000015
22581 0.000025
22582 0.000016
22583 0.000020
22584 0.000009
22585 0.000011
22586 0.000012
22587 0.000016
22588 0.000023
22589 0.000024
22590 0.000018
22591 0.000040
22592 0.000016
22593 0.000018
22594 0.000028
22595 0.000016
22596 0.000031
22597 0.000032
22598 0.000020
22599 0.000031
22600 0.000032
22601 0.000024
22602 0.000029
22603 0.000029
22604 0.000036
22605 0.000034
22606 0.000033
22607 0.000012
22608 0.000005
22609 0.000012
22610 0.000020
22611 0.000016
22612 0.000020
22613 0.000020
22614 0.000010
22615 0.000008
22616 0.000011
22617 0.000008
22618 0.000022
22619 0.000013
22620 0.000023
22621 0.000019
22622 0.000017
22623 0.000014
22624 0.000020
22625 0.000019
22626 0.000030
22627 0.000047
22628 0.000014
22629 0.000006
22630 0.000021
22631 0.000026
22632 0.000029
22633 0.000011
22634 0.000015
22635 0.000010
22636 0.000012
22637 0.000008
22638 0.000015
22639 0.000020
22640 0.000029
22641 0.000025
22642 0.000026
22643 0.000016
22644 0.000012
22645 0.000012
22646 0.000014
22647 0.000022
22648 0.000011
22649 0.000010
22650 0.000019
22651 0.000021
22652 0.000037
22653 0.000019
22654 0.000011
22655 0.000012
22656 0.000022
22657 0.000045
22658 0.000012
22659 0.000012
22660 0.000031
22661 0.000021
22662 0.000030
22663 0.000009
22664 0.000005
22665 0.000009
22666 0.000025
22667 0.000018
22668 0.000015
22669 0.000033
22670 0.000045
22671 0.000009
22672 0.000008
22673 0.000005
22674 0.000004
22675 0.000004
22676 0.000007
22677 0.000026
22678 0.000025
22679 0.000053
22680 0.000055
22681 0.000035
22682 0.000031
22683 0.000014
22684 0.000009
22685 0.000011
22686 0.000013
22687 0.000024
22688 0.000013
22689 0.000015
22690 0.000016
22691 0.000042
22692 0.000026
22693 0.000012
22694 0.000013
22695 0.000013
22696 0.000022
22697 0.000027
22698 0.000020
22699 0.000013
22700 0.000025
22701 0.000023
22702 0.000029
22703 0.000023
22704 0.000019
22705 0.000048
22706 0.000046
22707 0.000033
22708 0.000015
22709 0.000011
22710 0.000025
22711 0.000054
22712 0.000037
22713 0.000025
22714 0.000018
22715 0.000023
22716 0.000017
22717 0.000011
22718 0.000014
22719 0.000013
22720 0.000014
22721 0.000017
22722 0.000010
22723 0.000017
22724 0.000013
22725 0.000019
22726 0.000012
22727 0.000027
22728 0.000036
22729 0.000043
22730 0.000014
22731 0.000018
22732 0.000019
22733 0.000026
22734 0.000024
22735 0.000027
22736 0.000015
22737 0.000014
22738 0.000015
22739 0.000006
22740 0.000020
22741 0.000033
22742 0.000015
22743 0.000010
22744 0.000023
22745 0.000038
22746 0.000027
22747 0.000038
22748 0.000022
22749 0.000013
22750 0.000008
22751 0.000031
22752 0.000040
22753 0.000019
22754 0.000011
22755 0.000018
22756 0.000007
22757 0.000008
22758 0.000011
22759 0.000026
22760 0.000014
22761 0.000020
22762 0.000012
22763 0.000008
22764 0.000005
22765 0.000010
22766 0.000016
22767 0.000020
22768 0.000024
22769 0.000033
22770 0.000011
22771 0.000016
22772 0.000021
22773 0.000011
22774 0.000029
22775 0.000034
22776 0.000026
22777 0.000014
22778 0.000020
22779 0.000023
22780 0.000025
22781 0.000021
22782 0.000012
22783 0.000017
22784 0.000036
22785 0.000023
22786 0.000011
22787 0.000005
22788 0.000019
22789 0.000030
22790 0.000014
22791 0.000014
22792 0.000043
22793 0.000043
22794 0.000021
22795 0.000020
22796 0.000023
22797 0.000018
22798 0.000015
22799 0.000035
22800 0.000027
22801 0.000015
22802 0.000032
22803 0.000017
22804 0.000033
22805 0.000042
22806 0.000021
22807 0.000023
22808 0.000016
22809 0.000006
22810 0.000025
22811 0.000023
22812 0.000026
22813 0.000031
22814 0.000021
22815 0.000010
22816 0.000021
22817 0.000038
22818 0.000039
22819 0.000034
22820 0.000039
22821 0.000014
22822 0.000014
22823 0.000012
22824 0.000022
22825 0.000018
22826 0.000042
22827 0.000025
22828 0.000018
22829 0.000011
22830 0.000005
22831 0.000009
22832 0.000013
22833 0.000024
22834 0.000019
22835 0.000033
22836 0.000017
22837 0.000019
22838 0.000011
22839 0.000006
22840 0.000036
22841 0.000034
22842 0.000025
22843 0.000022
22844 0.000013
22845 0.000020
22846 0.000010
22847 0.000005
22848 0.000004
22849 0.000014
22850 0.000009
22851 0.000007
22852 0.000008
22853 0.000009
22854 0.000012
22855 0.000008
22856 0.000008
22857 0.000008
22858 0.000025
22859 0.000008
22860 0.000021
22861 0.000023
22862 0.000026
22863 0.000017
22864 0.000027
22865 0.000017
22866 0.000023
22867 0.000013
22868 0.000007
22869 0.000007
22870 0.000004
22871 0.000020
22872 0.000029
22873 0.000030
22874 0.000015
22875 0.000032
22876 0.000030
22877 0.000032
22878 0.000022
22879 0.000033
22880 0.000039
22881 0.000020
22882 0.000028
22883 0.000019
22884 0.000020
22885 0.000011
22886 0.000036
22887 0.000034
22888 0.000015
22889 0.000013
22890 0.000024
22891 0.000026
22892 0.000015
22893 0.000010
22894 0.000022
22895 0.000049
22896 0.000045
22897 0.000021
22898 0.000030
22899 0.000041
22900 0.000014
22901 0.000018
22902 0.000039
22903 0.000016
22904 0.000034
22905 0.000029
22906 0.000022
22907 0.000012
22908 0.000024
22909 0.000025
22910 0.000025
22911 0.000023
22912 0.000010
22913 0.000014
22914 0.000013
22915 0.000013
22916 0.000016
22917 0.000027
22918 0.000013
22919 0.000009
22920 0.000021
22921 0.000021
22922 0.000033
22923 0.000027
22924 0.000025
22925 0.000056
22926 0.000023
22927 0.000030
22928 0.000014
22929 0.000022
22930 0.000009
22931 0.000016
22932 0.000026
22933 0.000020
22934 0.000027
22935 0.000038
22936 0.000050
22937 0.000015
22938 0.000015
22939 0.000016
22940 0.000012
22941 0.000016
22942 0.000008
22943 0.000016
22944 0.000023
22945 0.000008
22946 0.000032
22947 0.000016
22948 0.000013
22949 0.000006
22950 0.000023
22951 0.000019
22952 0.000014
22953 0.000018
22954 0.000022
22955 0.000008
22956 0.000017
22957 0.000014
22958 0.000008
22959 0.000005
22960 0.000004
22961 0.000010
22962 0.000016
22963 0.000019
22964 0.000011
22965 0.000013
22966 0.000014
22967 0.000026
22968 0.000024
22969 0.000014
22970 0.000007
22971 0.000015
22972 0.000023
22973 0.000015
22974 0.000024
22975 0.000013
22976 0.000005
22977 0.000024
22978 0.000017
22979 0.000011
22980 0.000013
22981 0.000017
22982 0.000009
22983 0.000012
22984 0.000026
22985 0.000010
22986 0.000009
22987 0.000031
22988 0.000011
22989 0.000010
22990 0.000036
22991 0.000039
22992 0.000047
22993 0.000050
22994 0.000041
22995 0.000023
22996 0.000024
22997 0.000017
22998 0.000016
22999 0.000019
23000 0.000012
23001 0.000022
23002 0.000033
23003 0.000044
23004 0.000030
23005 0.000024
23006 0.000015
23007 0.000014
23008 0.000010
23009 0.000015
23010 0.000012
23011 0.000012
23012 0.000011
23013 0.000021
23014 0.000034
23015 0.000056
23016 0.000027
23017 0.000020
23018 0.000012
23019 0.000013
23020 0.000024
23021 0.000011
23022 0.000013
23023 0.000014
23024 0.000021
23025 0.000012
23026 0.000007
23027 0.000029
23028 0.000025
23029 0.000014
23030 0.000013
23031 0.000014
23032 0.000012
23033 0.000010
23034 0.000020
23035 0.000018
23036 0.000006
23037 0.000005
23038 0.000016
23039 0.000021
23040 0.000015
23041 0.000008
23042 0.000019
23043 0.000024
23044 0.000016
23045 0.000035
23046 0.000022
23047 0.000021
23048 0.000032
23049 0.000032
23050 0.000030
23051 0.000027
23052 0.000043
23053 0.000017
23054 0.000020
23055 0.000028
23056 0.000015
23057 0.000012
23058 0.000006
23059 0.000013
23060 0.000010
23061 0.000012
23062 0.000009
23063 0.000013
23064 0.000020
23065 0.000035
23066 0.000032
23067 0.000025
23068 0.000014
23069 0.000020
23070 0.000024
23071 0.000010
23072 0.000022
23073 0.000014
23074 0.000022
23075 0.000013
23076 0.000007
23077 0.000020
23078 0.000018
23079 0.000008
23080 0.000012
23081 0.000016
23082 0.000022
23083 0.000043
23084 0.000029
23085 0.000022
23086 0.000020
23087 0.000006
23088 0.000018
23089 0.000022
23090 0.000023
23091 0.000032
23092 0.000016
23093 0.000024
23094 0.000013
23095 0.000013
23096 0.000015
23097 0.000009
23098 0.000017
23099 0.000019
23100 0.000011
23101 0.000021
23102 0.000009
23103 0.000032
23104 0.000012
23105 0.000029
23106 0.000031
23107 0.000015
23108 0.000032
23109 0.000046
23110 0.000014
23111 0.000011
23112 0.000027
23113 0.000020
23114 0.000019
23115 0.000013
23116 0.000006
23117 0.000017
23118 0.000018
23119 0.000015
23120 0.000018
23121 0.000023
23122 0.000015
23123 0.000010
23124 0.000038
23125 0.000019
23126 0.000017
23127 0.000008
23128 0.000017
23129 0.000007
23130 0.000007
23131 0.000013
23132 0.000013
23133 0.000023
23134 0.000008
23135 0.000014
23136 0.000007
23137 0.000009
23138 0.000032
23139 0.000010
23140 0.000027
23141 0.000027
23142 0.000035
23143 0.000021
23144 0.000032
23145 0.000027
23146 0.000013
23147 0.000026
23148 0.000044
23149 0.000026
23150 0.000011
23151 0.000023
23152 0.000011
23153 0.000006
23154 0.000009
23155 0.000019
23156 0.000021
23157 0.000011
23158 0.000026
23159 0.000022
23160 0.000013
23161 0.000017
23162 0.000018
23163 0.000015
23164 0.000028
23165 0.000015
23166 0.000013
23167 0.000013
23168 0.000026
23169 0.000034
23170 0.000032
23171 0.000023
23172 0.000014
23173 0.000008
23174 0.000009
23175 0.000011
23176 0.000009
23177 0.000013
23178 0.000007
23179 0.000020
23180 0.000026
23181 0.000025
23182 0.000014
23183 0.000021
23184 0.000016
23185 0.000020
23186 0.000020
23187 0.000013
23188 0.000009
23189 0.000018
23190 0.000017
23191 0.000017
23192 0.000036
23193 0.000015
23194 0.000026
23195 0.000014
23196 0.000021
23197 0.000029
23198 0.000011
23199 0.000019
23200 0.000026
23201 0.000019
23202 0.000025
23203 0.000011
23204 0.000009
23205 0.000025
23206 0.000020
23207 0.000033
23208 0.000028
23209 0.000013
23210 0.000015
23211 0.000023
23212 0.000016
23213 0.000013
23214 0.000012
23215 0.000017
23216 0.000011
23217 0.000020
23218 0.000013
23219 0.000009
23220 0.000018
23221 0.000016
23222 0.000013
23223 0.000011
23224 0.000012
23225 0.000005
23226 0.000015
23227 0.000019
23228 0.000010
23229 0.000012
23230 0.000013
23231 0.000017
23232 0.000022
23233 0.000025
23234 0.000015
23235 0.000008
23236 0.000010
23237 0.000010
23238 0.000012
23239 0.000025
23240 0.000017
23241 0.000005
23242 0.000011
23243 0.000025
23244 0.000037
23245 0.000027
23246 0.000013
23247 0.000013
23248 0.000037
23249 0.000023
23250 0.000014
23251 0.000024
23252 0.000018
23253 0.000021
23254 0.000019
23255 0.000009
23256 0.000006
23257 0.000027
23258 0.000022
23259 0.000013
23260 0.000009
23261 0.000017
23262 0.000023
23263 0.000025
23264 0.000027
23265 0.000035
23266 0.000029
23267 0.000019
23268 0.000016
23269 0.000029
23270 0.000024
23271 0.000027
23272 0.000043
23273 0.000018
23274 0.000041
23275 0.000043
23276 0.000057
23277 0.000028
23278 0.000021
23279 0.000051
23280 0.000024
23281 0.000023
23282 0.000039
23283 0.000041
23284 0.000030
23285 0.000023
23286 0.000020
23287 0.000019
23288 0.000012
23289 0.000011
23290 0.000009
23291 0.000008
23292 0.000004
23293 0.000013
23294 0.000036
23295 0.000027
23296 0.000041
23297 0.000033
23298 0.000017
23299 0.000019
23300 0.000013
23301 0.000011
23302 0.000031
23303 0.000036
23304 0.000017
23305 0.000008
23306 0.000005
23307 0.000010
23308 0.000026
23309 0.000015
23310 0.000007
23311 0.000009
23312 0.000007
23313 0.000032
23314 0.000039
23315 0.000051
23316 0.000019
23317 0.000014
23318 0.000016
23319 0.000025
23320 0.000041
23321 0.000020
23322 0.000024
23323 0.000015
23324 0.000014
23325 0.000018
23326 0.000016
23327 0.000038
23328 0.000026
23329 0.000014
23330 0.000011
23331 0.000010
23332 0.000007
23333 0.000020
23334 0.000019
23335 0.000013
23336 0.000008
23337 0.000011
23338 0.000007
23339 0.000007
23340 0.000008
23341 0.000007
23342 0.000028
23343 0.000010
23344 0.000008
23345 0.000014
23346 0.000017
23347 0.000022
23348 0.000016
23349 0.000024
23350 0.000014
23351 0.000006
23352 0.000010
23353 0.000047
23354 0.000014
23355 0.000016
23356 0.000024
23357 0.000011
23358 0.000056
23359 0.000031
23360 0.000057
23361 0.000041
23362 0.000038
23363 0.000044
23364 0.000008
23365 0.000013
23366 0.000023
23367 0.000008
23368 0.000006
23369 0.000020
23370 0.000018
23371 0.000015
23372 0.000009
23373 0.000017
23374 0.000017
23375 0.000007
23376 0.000034
23377 0.000021
23378 0.000031
23379 0.000015
23380 0.000032
23381 0.000026
23382 0.000037
23383 0.000014
23384 0.000019
23385 0.000025
23386 0.000035
23387 0.000016
23388 0.000022
23389 0.000039
23390 0.000048
23391 0.000027
23392 0.000025
23393 0.000029
23394 0.000025
23395 0.000015
23396 0.000030
23397 0.000042
23398 0.000011
23399 0.000006
23400 0.000020
23401 0.000031
23402 0.000012
23403 0.000011
23404 0.000025
23405 0.000028
23406 0.000036
23407 0.000039
23408 0.000011
23409 0.000015
23410 0.000017
23411 0.000023
23412 0.000022
23413 0.000021
23414 0.000022
23415 0.000014
23416 0.000025
23417 0.000026
23418 0.000009
23419 0.000033
23420 0.000026
23421 0.000021
23422 0.000028
23423 0.000015
23424 0.000017
23425 0.000010
23426 0.000032
23427 0.000024
23428 0.000013
23429 0.000012
23430 0.000032
23431 0.000012
23432 0.000019
23433 0.000016
23434 0.000007
23435 0.000020
23436 0.000022
23437 0.000034
23438 0.000015
23439 0.000019
23440 0.000006
23441 0.000011
23442 0.000024
23443 0.000013
23444 0.000022
23445 0.000034
23446 0.000027
23447 0.000022
23448 0.000021
23449 0.000024
23450 0.000015
23451 0.000021
23452 0.000022
23453 0.000028
23454 0.000019
23455 0.000020
23456 0.000015
23457 0.000027
23458 0.000041
23459 0.000025
23460 0.000014
23461 0.000026
23462 0.000011
23463 0.000025
23464 0.000014
23465 0.000011
23466 0.000027
23467 0.000040
23468 0.000028
23469 0.000035
23470 0.000013
23471 0.000023
23472 0.000027
23473 0.000032
23474 0.000011
23475 0.000014
23476 0.000011
23477 0.000005
23478 0.000022
23479 0.000018
23480 0.000013
23481 0.000020
23482 0.000014
23483 0.000039
23484 0.000035
23485 0.000034
23486 0.000033
23487 0.000013
23488 0.000021
23489 0.000012
23490 0.000015
23491 0.000010
23492 0.000019
23493 0.000027
23494 0.000028
23495 0.000032
23496 0.000024
23497 0.000028
23498 0.000024
23499 0.000029
23500 0.000029
23501 0.000015
23502 0.000022
23503 0.000018
23504 0.000011
23505 0.000014
23506 0.000025
23507 0.000020
23508 0.000025
23509 0.000007
23510 0.000030
23511 0.000021
23512 0.000017
23513 0.000026
23514 0.000013
23515 0.000014
23516 0.000008
23517 0.000016
23518 0.000016
23519 0.000024
23520 0.000027
23521 0.000027
23522 0.000027
23523 0.000045
23524 0.000039
23525 0.000056
23526 0.000024
23527 0.000009
23528 0.000009
23529 0.000037
23530 0.000028
23531 0.000027
23532 0.000039
23533 0.000027
23534 0.000034
23535 0.000020
23536 0.000016
23537 0.000067
23538 0.000037
23539 0.000040
23540 0.000022
23541 0.000019
23542 0.000011
23543 0.000022
23544 0.000009
23545 0.000015
23546 0.000014
23547 0.000009
23548 0.000018
23549 0.000028
23550 0.000056
23551 0.000029
23552 0.000021
23553 0.000011
23554 0.000024
23555 0.000010
23556 0.000011
23557 0.000015
23558 0.000021
23559 0.000036
23560 0.000019
23561 0.000015
23562 0.000009
23563 0.000023
23564 0.000012
23565 0.000021
23566 0.000012
23567 0.000010
23568 0.000021
23569 0.000037
23570 0.000019
23571 0.000026
23572 0.000019
23573 0.000011
23574 0.000017
23575 0.000023
23576 0.000025
23577 0.000010
23578 0.000008
23579 0.000010
23580 0.000011
23581 0.000037
23582 0.000018
23583 0.000021
23584 0.000016
23585 0.000013
23586 0.000013
23587 0.000030
23588 0.000038
23589 0.000021
23590 0.000021
23591 0.000013
23592 0.000005
23593 0.000007
23594 0.000010
23595 0.000032
23596 0.000027
23597 0.000033
23598 0.000029
23599 0.000031
23600 0.000017
23601 0.000018
23602 0.000024
23603 0.000019
23604 0.000008
23605 0.000029
23606 0.000021
23607 0.000022
23608 0.000030
23609 0.000015
23610 0.000012
23611 0.000033
23612 0.000023
23613 0.000017
23614 0.000027
23615 0.000019
23616 0.000011
23617 0.000023
23618 0.000025
23619 0.000029
23620 0.000023
23621 0.000014
23622 0.000008
23623 0.000019
23624 0.000034
23625 0.000037
23626 0.000011
23627 0.000011
23628 0.000034
23629 0.000020
23630 0.000009
23631 0.000020
23632 0.000012
23633 0.000018
23634 0.000016
23635 0.000005
23636 0.000005
23637 0.000004
23638 0.000008
23639 0.000013
23640 0.000016
23641 0.000029
23642 0.000012
23643 0.000014
23644 0.000038
23645 0.000022
23646 0.000026
23647 0.000038
23648 0.000037
23649 0.000020
23650 0.000028
23651 0.000031
23652 0.000012
23653 0.000005
23654 0.000019
23655 0.000016
23656 0.000026
23657 0.000039
23658 0.000011
23659 0.000017
23660 0.000023
23661 0.000024
23662 0.000031
23663 0.000024
23664 0.000015
23665 0.000018
23666 0.000010
23667 0.000026
23668 0.000029
23669 0.000033
23670 0.000018
23671 0.000017
23672 0.000042
23673 0.000016
23674 0.000048
23675 0.000023
23676 0.000026
23677 0.000011
23678 0.000026
23679 0.000013
23680 0.000013
23681 0.000014
23682 0.000009
23683 0.000013
23684 0.000013
23685 0.000012
23686 0.000008
23687 0.000009
23688 0.000041
23689 0.000019
23690 0.000007
23691 0.000014
23692 0.000019
23693 0.000027
23694 0.000014
23695 0.000022
23696 0.000024
23697 0.000037
23698 0.000022
23699 0.000031
23700 0.000037
23701 0.000025
23702 0.000016
23703 0.000017
23704 0.000018
23705 0.000026
23706 0.000011
23707 0.000035
23708 0.000018
23709 0.000013
23710 0.000028
23711 0.000010
23712 0.000008
23713 0.000008
23714 0.000006
23715 0.000014
23716 0.000014
23717 0.000018
23718 0.000007
23719 0.000019
23720 0.000033
23721 0.000042
23722 0.000021
23723 0.000015
23724 0.000011
23725 0.000011
23726 0.000017
23727 0.000028
23728 0.000011
23729 0.000005
23730 0.000009
23731 0.000017
23732 0.000014
23733 0.000009
23734 0.000005
23735 0.000015
23736 0.000012
23737 0.000008
23738 0.000009
23739 0.000007
23740 0.000011
23741 0.000026
23742 0.000014
23743 0.000013
23744 0.000019
23745 0.000032
23746 0.000011
23747 0.000023
23748 0.000041
23749 0.000022
23750 0.000022
23751 0.000015
23752 0.000021
23753 0.000031
23754 0.000023
23755 0.000036
23756 0.000052
23757 0.000050
23758 0.000019
23759 0.000022
23760 0.000022
23761 0.000018
23762 0.000020
23763 0.000040
23764 0.000012
23765 0.000012
23766 0.000005
23767 0.000019
23768 0.000037
23769 0.000019
23770 0.000030
23771 0.000021
23772 0.000010
23773 0.000015
23774 0.000030
23775 0.000021
23776 0.000033
23777 0.000017
23778 0.000024
23779 0.000046
23780 0.000009
23781 0.000024
23782 0.000022
23783 0.000014
23784 0.000021
23785 0.000017
23786 0.000018
23787 0.000007
23788 0.000006
23789 0.000008
23790 0.000010
23791 0.000006
23792 0.000013
23793 0.000020
23794 0.000012
23795 0.000024
23796 0.000024
23797 0.000023
23798 0.000008
23799 0.000009
23800 0.000014
23801 0.000022
23802 0.000007
23803 0.000006
23804 0.000012
23805 0.000011
23806 0.000013
23807 0.000011
23808 0.000009
23809 0.000020
23810 0.000016
23811 0.000014
23812 0.000009
23813 0.000017
23814 0.000034
23815 0.000050
23816 0.000021
23817 0.000014
23818 0.000037
23819 0.000060
23820 0.000044
23821 0.000036
23822 0.000047
23823 0.000021
23824 0.000013
23825 0.000016
23826 0.000029
23827 0.000019
23828 0.000014
23829 0.000009
23830 0.000007
23831 0.000010
23832 0.000037
23833 0.000013
23834 0.000021
23835 0.000026
23836 0.000019
23837 0.000016
23838 0.000049
23839 0.000073
23840 0.000030
23841 0.000019
23842 0.000021
23843 0.000013
23844 0.000017
23845 0.000014
23846 0.000009
23847 0.000023
23848 0.000019
23849 0.000019
23850 0.000010
23851 0.000012
23852 0.000028
23853 0.000021
23854 0.000026
23855 0.000026
23856 0.000031
23857 0.000019
23858 0.000016
23859 0.000030
23860 0.000035
23861 0.000027
23862 0.000033
23863 0.000021
23864 0.000022
23865 0.000009
23866 0.000014
23867 0.000009
23868 0.000007
23869 0.000022
23870 0.000037
23871 0.000030
23872 0.000021
23873 0.000015
23874 0.000021
23875 0.000024
23876 0.000019
23877 0.000016
23878 0.000021
23879 0.000015
23880 0.000019
23881 0.000020
23882 0.000017
23883 0.000026
23884 0.000013
23885 0.000012
23886 0.000044
23887 0.000018
23888 0.000018
23889 0.000023
23890 0.000042
23891 0.000049
23892 0.000025
23893 0.000018
23894 0.000015
23895 0.000006
23896 0.000030
23897 0.000009
23898 0.000018
23899 0.000017
23900 0.000015
23901 0.000029
23902 0.000011
23903 0.000013
23904 0.000045
23905 0.000024
23906 0.000031
23907 0.000027
23908 0.000027
23909 0.000039
23910 0.000031
23911 0.000017
23912 0.000006
23913 0.000013
23914 0.000025
23915 0.000056
23916 0.000028
23917 0.000028
23918 0.000033
23919 0.000049
23920 0.000025
23921 0.000027
23922 0.000030
23923 0.000014
23924 0.000014
23925 0.000010
23926 0.000012
23927 0.000026
23928 0.000018
23929 0.000021
23930 0.000042
23931 0.000026
23932 0.000032
23933 0.000056
23934 0.000024
23935 0.000009
23936 0.000019
23937 0.000028
23938 0.000014
23939 0.000005
23940 0.000007
23941 0.000015
23942 0.000015
23943 0.000010
23944 0.000011
23945 0.000005
23946 0.000012
23947 0.000012
23948 0.000017
23949 0.000032
23950 0.000020
23951 0.000022
23952 0.000027
23953 0.000020
23954 0.000016
23955 0.000010
23956 0.000013
23957 0.000022
23958 0.000015
23959 0.000039
23960 0.000014
23961 0.000014
23962 0.000006
23963 0.000014
23964 0.000009
23965 0.000005
23966 0.000004
23967 0.000030
23968 0.000017
23969 0.000015
23970 0.000016
23971 0.000022
23972 0.000018
23973 0.000013
23974 0.000027
23975 0.000027
23976 0.000017
23977 0.000014
23978 0.000021
23979 0.000016
23980 0.000009
23981 0.000010
23982 0.000008
23983 0.000026
23984 0.000021
23985 0.000022
23986 0.000042
23987 0.000031
23988 0.000056
23989 0.000027
23990 0.000030
23991 0.000009
23992 0.000006
23993 0.000011
23994 0.000015
23995 0.000021
23996 0.000023
23997 0.000013
23998 0.000017
23999 0.000009
24000 0.000010
24001 0.000041
24002 0.000031
24003 0.000023
24004 0.000023
24005 0.000027
24006 0.000043
24007 0.000020
24008 0.000019
24009 0.000014
24010 0.000010
24011 0.000016
24012 0.000020
24013 0.000013
24014 0.000027
24015 0.000022
24016 0.000018
24017 0.000011
24018 0.000017
24019 0.000014
24020 0.000017
24021 0.000018
24022 0.000022
24023 0.000041
24024 0.000023
24025 0.000026
24026 0.000022
24027 0.000033
24028 0.000033
24029 0.000053
24030 0.000048
24031 0.000024
24032 0.000011
24033 0.000022
24034 0.000031
24035 0.000014
24036 0.000022
24037 0.000013
24038 0.000006
24039 0.000022
24040 0.000046
24041 0.000009
24042 0.000034
24043 0.000029
24044 0.000023
24045 0.000051
24046 0.000024
24047 0.000014
24048 0.000016
24049 0.000017
24050 0.000007
24051 0.000016
24052 0.000015
24053 0.000016
24054 0.000016
24055 0.000016
24056 0.000019
24057 0.000016
24058 0.000032
24059 0.000012
24060 0.000024
24061 0.000035
24062 0.000044
24063 0.000022
24064 0.000009
24065 0.000006
24066 0.000012
24067 0.000021
24068 0.000009
24069 0.000028
24070 0.000015
24071 0.000011
24072 0.000028
24073 0.000015
24074 0.000029
24075 0.000021
24076 0.000010
24077 0.000017
24078 0.000012
24079 0.000011
24080 0.000019
24081 0.000031
24082 0.000019
24083 0.000019
24084 0.000013
24085 0.000011
24086 0.000025
24087 0.000027
24088 0.000027
24089 0.000024
24090 0.000027
24091 0.000027
24092 0.000028
24093 0.000044
24094 0.000042
24095 0.000017
24096 0.000017
24097 0.000034
24098 0.000021
24099 0.000012
24100 0.000016
24101 0.000024
24102 0.000013
24103 0.000015
24104 0.000015
24105 0.000017
24106 0.000014
24107 0.000021
24108 0.000021
24109 0.000032
24110 0.000041
24111 0.000029
24112 0.000035
24113 0.000041
24114 0.000033
24115 0.000011
24116 0.000009
24117 0.000006
24118 0.000016
24119 0.000008
24120 0.000010
24121 0.000011
24122 0.000010
24123 0.000008
24124 0.000004
24125 0.000017
24126 0.000011
24127 0.000053
24128 0.000014
24129 0.000030
24130 0.000021
24131 0.000020
24132 0.000022
24133 0.000033
24134 0.000036
24135 0.000039
24136 0.000019
24137 0.000014
24138 0.000016
24139 0.000013
24140 0.000007
24141 0.000009
24142 0.000008
24143 0.000013
24144 0.000010
24145 0.000020
24146 0.000012
24147 0.000019
24148 0.000040
24149 0.000041
24150 0.000044
24151 0.000017
24152 0.000029
24153 0.000027
24154 0.000041
24155 0.000069
24156 0.000022
24157 0.000027
24158 0.000014
24159 0.000009
24160 0.000007
24161 0.000009
24162 0.000014
24163 0.000008
24164 0.000008
24165 0.000038
24166 0.000011
24167 0.000011
24168 0.000015
24169 0.000006
24170 0.000004
24171 0.000031
24172 0.000031
24173 0.000030
24174 0.000024
24175 0.000025
24176 0.000028
24177 0.000028
24178 0.000027
24179 0.000033
24180 0.000019
24181 0.000021
24182 0.000034
24183 0.000031
24184 0.000012
24185 0.000038
24186 0.000019
24187 0.000020
24188 0.000019
24189 0.000025
24190 0.000006
24191 0.000010
24192 0.000012
24193 0.000011
24194 0.000018
24195 0.000017
24196 0.000018
24197 0.000007
24198 0.000017
24199 0.000019
24200 0.000011
24201 0.000006
24202 0.000007
24203 0.000007
24204 0.000012
24205 0.000011
24206 0.000023
24207 0.000013
24208 0.000007
24209 0.000014
24210 0.000022
24211 0.000007
24212 0.000020
24213 0.000036
24214 0.000026
24215 0.000014
24216 0.000013
24217 0.000009
24218 0.000024
24219 0.000013
24220 0.000009
24221 0.000009
24222 0.000012
24223 0.000020
24224 0.000030
24225 0.000033
24226 0.000037
24227 0.000021
24228 0.000019
24229 0.000015
24230 0.000020
24231 0.000013
24232 0.000024
24233 0.000018
24234 0.000018
24235 0.000029
24236 0.000033
24237 0.000045
24238 0.000013
24239 0.000020
24240 0.000018
24241 0.000008
24242 0.000032
24243 0.000024
24244 0.000048
24245 0.000066
24246 0.000022
24247 0.000019
24248 0.000011
24249 0.000017
24250 0.000011
24251 0.000017
24252 0.000010
24253 0.000014
24254 0.000026
24255 0.000020
24256 0.000011
24257 0.000013
24258 0.000015
24259 0.000015
24260 0.000007
24261 0.000012
24262 0.000042
24263 0.000026
24264 0.000012
24265 0.000007
24266 0.000023
24267 0.000006
24268 0.000020
24269 0.000020
24270 0.000025
24271 0.000025
24272 0.000023
24273 0.000015
24274 0.000012
24275 0.000015
24276 0.000006
24277 0.000006
24278 0.000034
24279 0.000022
24280 0.000027
24281 0.000009
24282 0.000019
24283 0.000014
24284 0.000021
24285 0.000015
24286 0.000029
24287 0.000013
24288 0.000019
24289 0.000017
24290 0.000013
24291 0.000029
24292 0.000041
24293 0.000038
24294 0.000048
24295 0.000054
24296 0.000016
24297 0.000027
24298 0.000022
24299 0.000036
24300 0.000011
24301 0.000024
24302 0.000015
24303 0.000024
24304 0.000019
24305 0.000020
24306 0.000020
24307 0.000021
24308 0.000008
24309 0.000017
24310 0.000016
24311 0.000014
24312 0.000019
24313 0.000024
24314 0.000010
24315 0.000011
24316 0.000019
24317 0.000021
24318 0.000010
24319 0.000034
24320 0.000038
24321 0.000051
24322 0.000018
24323 0.000015
24324 0.000013
24325 0.000028
24326 0.000032
24327 0.000033
24328 0.000031
24329 0.000022
24330 0.000032
24331 0.000026
24332 0.000013
24333 0.000013
24334 0.000016
24335 0.000015
24336 0.000022
24337 0.000016
24338 0.000021
24339 0.000013
24340 0.000019
24341 0.000016
24342 0.000020
24343 0.000007
24344 0.000013
24345 0.000024
24346 0.000033
24347 0.000042
24348 0.000032
24349 0.000019
24350 0.000036
24351 0.000032
24352 0.000019
24353 0.000032
24354 0.000023
24355 0.000025
24356 0.000022
24357 0.000025
24358 0.000012
24359 0.000018
24360 0.000006
24361 0.000010
24362 0.000007
24363 0.000017
24364 0.000018
24365 0.000007
24366 0.000016
24367 0.000035
24368 0.000009
24369 0.000021
24370 0.000007
24371 0.000014
24372 0.000007
24373 0.000016
24374 0.000011
24375 0.000008
24376 0.000017
24377 0.000037
24378 0.000037
24379 0.000043
24380 0.000022
24381 0.000011
24382 0.000015
24383 0.000028
24384 0.000016
24385 0.000030
24386 0.000030
24387 0.000037
24388 0.000019
24389 0.000006
24390 0.000019
24391 0.000007
24392 0.000017
24393 0.000011
24394 0.000007
24395 0.000006
24396 0.000023
24397 0.000013
24398 0.000012
24399 0.000013
24400 0.000026
24401 0.000015
24402 0.000006
24403 0.000019
24404 0.000021
24405 0.000022
24406 0.000012
24407 0.000035
24408 0.000013
24409 0.000010
24410 0.000012
24411 0.000012
24412 0.000019
24413 0.000011
24414 0.000005
24415 0.000012
24416 0.000018
24417 0.000017
24418 0.000005
24419 0.000009
24420 0.000038
24421 0.000047
24422 0.000023
24423 0.000013
24424 0.000009
24425 0.000028
24426 0.000023
24427 0.000020
24428 0.000014
24429 0.000015
24430 0.000013
24431 0.000016
24432 0.000010
24433 0.000024
24434 0.000020
24435 0.000028
24436 0.000019
24437 0.000051
24438 0.000046
24439 0.000016
24440 0.000013
24441 0.000009
24442 0.000026
24443 0.000008
24444 0.000027
24445 0.000020
24446 0.000015
24447 0.000029
24448 0.000033
24449 0.000022
24450 0.000024
24451 0.000022
24452 0.000041
24453 0.000015
24454 0.000014
24455 0.000019
24456 0.000024
24457 0.000015
24458 0.000013
24459 0.000027
24460 0.000017
24461 0.000008
24462 0.000005
24463 0.000020
24464 0.000012
24465 0.000025
24466 0.000018
24467 0.000017
24468 0.000024
24469 0.000011
24470 0.000017
24471 0.000005
24472 0.000017
24473 0.000017
24474 0.000039
24475 0.000040
24476 0.000027
24477 0.000037
24478 0.000012
24479 0.000008
24480 0.000025
24481 0.000026
24482 0.000017
24483 0.000012
24484 0.000016
24485 0.000011
24486 0.000015
24487 0.000021
24488 0.000012
24489 0.000015
24490 0.000033
24491 0.000026
24492 0.000013
24493 0.000028
24494 0.000019
24495 0.000014
24496 0.000022
24497 0.000012
24498 0.000016
24499 0.000016
24500 0.000015
24501 0.000016
24502 0.000022
24503 0.000023
24504 0.000027
24505 0.000029
24506 0.000011
24507 0.000019
24508 0.000010
24509 0.000019
24510 0.000008
24511 0.000011
24512 0.000012
24513 0.000010
24514 0.000032
24515 0.000020
24516 0.000016
24517 0.000013
24518 0.000022
24519 0.000013
24520 0.000017
24521 0.000015
24522 0.000074
24523 0.000055
24524 0.000020
24525 0.000017
24526 0.000020
24527 0.000022
24528 0.000023
24529 0.000029
24530 0.000037
24531 0.000021
24532 0.000015
24533 0.000015
24534 0.000021
24535 0.000015
24536 0.000012
24537 0.000006
24538 0.000010
24539 0.000020
24540 0.000014
24541 0.000009
24542 0.000010
24543 0.000014
24544 0.000021
24545 0.000041
24546 0.000019
24547 0.000022
24548 0.000023
24549 0.000054
24550 0.000032
24551 0.000020
24552 0.000012
24553 0.000022
24554 0.000039
24555 0.000037
24556 0.000049
24557 0.000032
24558 0.000019
24559 0.000021
24560 0.000017
24561 0.000015
24562 0.000012
24563 0.000008
24564 0.000015
24565 0.000011
24566 0.000016
24567 0.000024
24568 0.000014
24569 0.000018
24570 0.000018
24571 0.000011
24572 0.000011
24573 0.000026
24574 0.000022
24575 0.000012
24576 0.000010
24577 0.000032
24578 0.000030
24579 0.000024
24580 0.000017
24581 0.000012
24582 0.000016
24583 0.000022
24584 0.000022
24585 0.000009
24586 0.000007
24587 0.000014
24588 0.000011
24589 0.000012
24590 0.000018
24591 0.000010
24592 0.000010
24593 0.000012
24594 0.000020
24595 0.000024
24596 0.000026
24597 0.000037
24598 0.000047
24599 0.000023
24600 0.000009
24601 0.000030
24602 0.000017
24603 0.000013
24604 0.000008
24605 0.000005
24606 0.000014
24607 0.000016
24608 0.000026
24609 0.000022
24610 0.000012
24611 0.000011
24612 0.000005
24613 0.000023
24614 0.000010
24615 0.000012
24616 0.000018
24617 0.000011
24618 0.000018
24619 0.000008
24620 0.000025
24621 0.000011
24622 0.000043
24623 0.000015
24624 0.000016
24625 0.000027
24626 0.000012
24627 0.000019
24628 0.000015
24629 0.000016
24630 0.000033
24631 0.000021
24632 0.000015
24633 0.000009
24634 0.000033
24635 0.000014
24636 0.000017
24637 0.000023
24638 0.000015
24639 0.000005
24640 0.000014
24641 0.000021
24642 0.000031
24643 0.000034
24644 0.000040
24645 0.000023
24646 0.000033
24647 0.000010
24648 0.000008
24649 0.000007
24650 0.000015
24651 0.000028
24652 0.000025
24653 0.000007
24654 0.000008
24655 0.000005
24656 0.000022
24657 0.000028
24658 0.000021
24659 0.000007
24660 0.000011
24661 0.000016
24662 0.000016
24663 0.000011
24664 0.000023
24665 0.000011
24666 0.000010
24667 0.000009
24668 0.000014
24669 0.000021
24670 0.000011
24671 0.000005
24672 0.000011
24673 0.000030
24674 0.000011
24675 0.000005
24676 0.000013
24677 0.000028
24678 0.000009
24679 0.000008
24680 0.000043
24681 0.000026
24682 0.000027
24683 0.000016
24684 0.000010
24685 0.000008
24686 0.000042
24687 0.000028
24688 0.000015
24689 0.000016
24690 0.000020
24691 0.000029
24692 0.000009
24693 0.000006
24694 0.000008
24695 0.000014
24696 0.000024
24697 0.000023
24698 0.000009
24699 0.000007
24700 0.000009
24701 0.000015
24702 0.000014
24703 0.000015
24704 0.000012
24705 0.000014
24706 0.000016
24707 0.000043
24708 0.000019
24709 0.000024
24710 0.000027
24711 0.000025
24712 0.000010
24713 0.000029
24714 0.000028
24715 0.000022
24716 0.000020
24717 0.000020
24718 0.000020
24719 0.000025
24720 0.000027
24721 0.000017
24722 0.000007
24723 0.000013
24724 0.000026
24725 0.000031
24726 0.000017
24727 0.000019
24728 0.000023
24729 0.000024
24730 0.000023
24731 0.000026
24732 0.000025
24733 0.000012
24734 0.000009
24735 0.000020
24736 0.000007
24737 0.000023
24738 0.000038
24739 0.000011
24740 0.000021
24741 0.000023
24742 0.000013
24743 0.000007
24744 0.000022
24745 0.000014
24746 0.000026
24747 0.000014
24748 0.000061
24749 0.000032
24750 0.000017
24751 0.000007
24752 0.000012
24753 0.000016
24754 0.000009
24755 0.000011
24756 0.000008
24757 0.000008
24758 0.000018
24759 0.000019
24760 0.000027
24761 0.000006
24762 0.000032
24763 0.000030
24764 0.000020
24765 0.000011
24766 0.000016
24767 0.000008
24768 0.000013
24769 0.000012
24770 0.000019
24771 0.000023
24772 0.000008
24773 0.000020
24774 0.000023
24775 0.000008
24776 0.000010
24777 0.000015
24778 0.000029
24779 0.000030
24780 0.000022
24781 0.000015
24782 0.000016
24783 0.000013
24784 0.000019
24785 0.000014
24786 0.000008
24787 0.000014
24788 0.000018
24789 0.000018
24790 0.000026
24791 0.000014
24792 0.000016
24793 0.000013
24794 0.000011
24795 0.000011
24796 0.000004
24797 0.000013
24798 0.000007
24799 0.000009
24800 0.000047
24801 0.000025
24802 0.000029
24803 0.000022
24804 0.000017
24805 0.000009
24806 0.000005
24807 0.000021
24808 0.000020
24809 0.000023
24810 0.000028
24811 0.000049
24812 0.000039
24813 0.000036
24814 0.000058
24815 0.000061
24816 0.000036
24817 0.000025
24818 0.000024
24819 0.000015
24820 0.000015
24821 0.000025
24822 0.000033
24823 0.000028
24824 0.000015
24825 0.000015
24826 0.000010
24827 0.000011
24828 0.000005
24829 0.000014
24830 0.000009
24831 0.000005
24832 0.000019
24833 0.000037
24834 0.000017
24835 0.000019
24836 0.000015
24837 0.000009
24838 0.000012
24839 0.000005
24840 0.000004
24841 0.000011
24842 0.000026
24843 0.000026
24844 0.000018
24845 0.000011
24846 0.000012
24847 0.000022
24848 0.000016
24849 0.000010
24850 0.000008
24851 0.000028
24852 0.000017
24853 0.000015
24854 0.000047
24855 0.000032
24856 0.000027
24857 0.000007
24858 0.000004
24859 0.000026
24860 0.000029
24861 0.000035
24862 0.000034
24863 0.000016
24864 0.000032
24865 0.000032
24866 0.000020
24867 0.000013
24868 0.000024
24869 0.000014
24870 0.000012
24871 0.000006
24872 0.000010
24873 0.000016
24874 0.000009
24875 0.000008
24876 0.000008
24877 0.000004
24878 0.000016
24879 0.000006
24880 0.000029
24881 0.000022
24882 0.000038
24883 0.000019
24884 0.000029
24885 0.000018
24886 0.000026
24887 0.000016
24888 0.000023
24889 0.000014
24890 0.000007
24891 0.000025
24892 0.000036
24893 0.000044
24894 0.000055
24895 0.000037
24896 0.000020
24897 0.000042
24898 0.000020
24899 0.000019
24900 0.000006
24901 0.000027
24902 0.000015
24903 0.000012
24904 0.000031
24905 0.000021
24906 0.000019
24907 0.000015
24908 0.000014
24909 0.000012
24910 0.000009
24911 0.000009
24912 0.000017
24913 0.000026
24914 0.000030
24915 0.000025
24916 0.000041
24917 0.000012
24918 0.000010
24919 0.000011
24920 0.000032
24921 0.000012
24922 0.000008
24923 0.000019
24924 0.000018
24925 0.000035
24926 0.000035
24927 0.000044
24928 0.000019
24929 0.000015
24930 0.000010
24931 0.000021
24932 0.000008
24933 0.000008
24934 0.000014
24935 0.000015
24936 0.000019
24937 0.000027
24938 0.000038
24939 0.000019
24940 0.000028
24941 0.000020
24942 0.000016
24943 0.000007
24944 0.000006
24945 0.000005
24946 0.000013
24947 0.000009
24948 0.000012
24949 0.000011
24950 0.000024
24951 0.000015
24952 0.000010
24953 0.000016
24954 0.000013
24955 0.000014
24956 0.000011
24957 0.000020
24958 0.000022
24959 0.000010
24960 0.000017
24961 0.000026
24962 0.000024
24963 0.000016
24964 0.000011
24965 0.000008
24966 0.000006
24967 0.000012
24968 0.000016
24969 0.000025
24970 0.000019
24971 0.000019
24972 0.000021
24973 0.000019
24974 0.000024
24975 0.000031
24976 0.000018
24977 0.000024
24978 0.000016
24979 0.000014
24980 0.000024
24981 0.000018
24982 0.000017
24983 0.000024
24984 0.000016
24985 0.000025
24986 0.000018
24987 0.000015
24988 0.000011
24989 0.000008
24990 0.000020
24991 0.000026
24992 0.000017
24993 0.000034
24994 0.000068
24995 0.000044
24996 0.000029
24997 0.000031
24998 0.000017
24999 0.000010
25000 0.000004
25001 0.000007
25002 0.000008
25003 0.000027
25004 0.000030
25005 0.000017
25006 0.000013
25007 0.000036
25008 0.000009
25009 0.000009
25010 0.000015
25011 0.000030
25012 0.000010
25013 0.000009
25014 0.000007
25015 0.000011
25016 0.000017
25017 0.000042
25018 0.000023
25019 0.000016
25020 0.000020
25021 0.000041
25022 0.000030
25023 0.000038
25024 0.000025
25025 0.000022
25026 0.000009
25027 0.000018
25028 0.000049
25029 0.000048
25030 0.000030
25031 0.000026
25032 0.000033
25033 0.000017
25034 0.000039
25035 0.000036
25036 0.000030
25037 0.000016
25038 0.000024
25039 0.000034
25040 0.000029
25041 0.000016
25042 0.000031
25043 0.000016
25044 0.000031
25045 0.000057
25046 0.000020
25047 0.000005
25048 0.000008
25049 0.000019
25050 0.000006
25051 0.000012
25052 0.000013
25053 0.000016
25054 0.000018
25055 0.000028
25056 0.000011
25057 0.000007
25058 0.000009
25059 0.000006
25060 0.000013
25061 0.000013
25062 0.000022
25063 0.000006
25064 0.000004
25065 0.000011
25066 0.000040
25067 0.000020
25068 0.000043
25069 0.000024
25070 0.000012
25071 0.000016
25072 0.000015
25073 0.000006
25074 0.000005
25075 0.000013
25076 0.000016
25077 0.000010
25078 0.000014
25079 0.000029
25080 0.000031
25081 0.000011
25082 0.000009
25083 0.000016
25084 0.000024
25085 0.000012
25086 0.000006
25087 0.000005
25088 0.000006
25089 0.000027
25090 0.000014
25091 0.000007
25092 0.000037
25093 0.000027
25094 0.000038
25095 0.000037
25096 0.000011
25097 0.000008
25098 0.000032
25099 0.000015
25100 0.000020
25101 0.000019
25102 0.000022
25103 0.000008
25104 0.000017
25105 0.000023
25106 0.000014
25107 0.000006
25108 0.000021
25109 0.000009
25110 0.000015
25111 0.000017
25112 0.000006
25113 0.000013
25114 0.000018
25115 0.000022
25116 0.000030
25117 0.000021
25118 0.000025
25119 0.000014
25120 0.000021
25121 0.000008
25122 0.000023
25123 0.000020
25124 0.000021
25125 0.000038
25126 0.000054
25127 0.000031
25128 0.000012
25129 0.000011
25130 0.000020
25131 0.000014
25132 0.000023
25133 0.000009
25134 0.000011
25135 0.000010
25136 0.000007
25137 0.000008
25138 0.000020
25139 0.000006
25140 0.000037
25141 0.000032
25142 0.000052
25143 0.000020
25144 0.000024
25145 0.000024
25146 0.000033
25147 0.000022
25148 0.000029
25149 0.000025
25150 0.000024
25151 0.000029
25152 0.000031
25153 0.000014
25154 0.000006
25155 0.000010
25156 0.000022
25157 0.000041
25158 0.000038
25159 0.000022
25160 0.000018
25161 0.000011
25162 0.000012
25163 0.000010
25164 0.000021
25165 0.000018
25166 0.000023
25167 0.000009
25168 0.000029
25169 0.000020
25170 0.000012
25171 0.000033
25172 0.000014
25173 0.000022
25174 0.000012
25175 0.000024
25176 0.000018
25177 0.000020
25178 0.000014
25179 0.000030
25180 0.000028
25181 0.000008
25182 0.000018
25183 0.000009
25184 0.000006
25185 0.000012
25186 0.000019
25187 0.000012
25188 0.000012
25189 0.000027
25190 0.000035
25191 0.000013
25192 0.000011
25193 0.000020
25194 0.000035
25195 0.000011
25196 0.000011
25197 0.000020
25198 0.000022
25199 0.000017
25200 0.000027
25201 0.000034
25202 0.000019
25203 0.000024
25204 0.000030
25205 0.000012
25206 0.000019
25207 0.000033
25208 0.000009
25209 0.000011
25210 0.000015
25211 0.000044
25212 0.000036
25213 0.000016
25214 0.000019
25215 0.000014
25216 0.000023
25217 0.000023
25218 0.000019
25219 0.000015
25220 0.000016
25221 0.000017
25222 0.000030
25223 0.000025
25224 0.000026
25225 0.000010
25226 0.000012
25227 0.000040
25228 0.000023
25229 0.000022
25230 0.000014
25231 0.000021
25232 0.000037
25233 0.000031
25234 0.000031
25235 0.000033
25236 0.000030
25237 0.000013
25238 0.000018
25239 0.000007
25240 0.000005
25241 0.000011
25242 0.000008
25243 0.000010
25244 0.000008
25245 0.000012
25246 0.000020
25247 0.000026
25248 0.000009
25249 0.000010
25250 0.000025
25251 0.000041
25252 0.000025
25253 0.000017
25254 0.000018
25255 0.000008
25256 0.000016
25257 0.000014
25258 0.000041
25259 0.000016
25260 0.000006
25261 0.000005
25262 0.000014
25263 0.000015
25264 0.000020
25265 0.000012
25266 0.000036
25267 0.000013
25268 0.000009
25269 0.000014
25270 0.000016
25271 0.000018
25272 0.000018
25273 0.000012
25274 0.000022
25275 0.000017
25276 0.000008
25277 0.000020
25278 0.000013
25279 0.000022
25280 0.000033
25281 0.000031
25282 0.000023
25283 0.000017
25284 0.000037
25285 0.000015
25286 0.000017
25287 0.000030
25288 0.000048
25289 0.000046
25290 0.000018
25291 0.000010
25292 0.000018
25293 0.000025
25294 0.000034
25295 0.000021
25296 0.000015
25297 0.000015
25298 0.000011
25299 0.000012
25300 0.000013
25301 0.000012
25302 0.000029
25303 0.000034
25304 0.000036
25305 0.000034
25306 0.000025
25307 0.000033
25308 0.000022
25309 0.000032
25310 0.000037
25311 0.000026
25312 0.000032
25313 0.000027
25314 0.000043
25315 0.000018
25316 0.000014
25317 0.000017
25318 0.000040
25319 0.000023
25320 0.000009
25321 0.000013
25322 0.000010
25323 0.000032
25324 0.000025
25325 0.000022
25326 0.000024
25327 0.000017
25328 0.000019
25329 0.000017
25330 0.000017
25331 0.000016
25332 0.000021
25333 0.000023
25334 0.000015
25335 0.000043
25336 0.000035
25337 0.000049
25338 0.000030
25339 0.000024
25340 0.000047
25341 0.000028
25342 0.000027
25343 0.000024
25344 0.000008
25345 0.000005
25346 0.000015
25347 0.000009
25348 0.000018
25349 0.000015
25350 0.000008
25351 0.000005
25352 0.000008
25353 0.000010
25354 0.000011
25355 0.000019
25356 0.000008
25357 0.000029
25358 0.000029
25359 0.000016
25360 0.000024
25361 0.000015
25362 0.000013
25363 0.000022
25364 0.000028
25365 0.000017
25366 0.000026
25367 0.000027
25368 0.000028
25369 0.000033
25370 0.000027
25371 0.000020
25372 0.000016
25373 0.000019
25374 0.000014
25375 0.000007
25376 0.000021
25377 0.000011
25378 0.000011
25379 0.000012
25380 0.000032
25381 0.000012
25382 0.000029
25383 0.000009
25384 0.000014
25385 0.000006
25386 0.000008
25387 0.000007
25388 0.000015
25389 0.000021
25390 0.000017
25391 0.000009
25392 0.000007
25393 0.000018
25394 0.000020
25395 0.000041
25396 0.000015
25397 0.000024
25398 0.000025
25399 0.000059
25400 0.000017
25401 0.000014
25402 0.000023
25403 0.000018
25404 0.000025
25405 0.000026
25406 0.000014
25407 0.000020
25408 0.000014
25409 0.000010
25410 0.000010
25411 0.000006
25412 0.000010
25413 0.000009
25414 0.000012
25415 0.000016
25416 0.000017
25417 0.000028
25418 0.000019
25419 0.000009
25420 0.000021
25421 0.000020
25422 0.000009
25423 0.000005
25424 0.000009
25425 0.000009
25426 0.000005
25427 0.000005
25428 0.000004
25429 0.000020
25430 0.000027
25431 0.000038
25432 0.000056
25433 0.000040
25434 0.000030
25435 0.000085
25436 0.000021
25437 0.000017
25438 0.000023
25439 0.000021
25440 0.000011
25441 0.000007
25442 0.000012
25443 0.000005
25444 0.000021
25445 0.000015
25446 0.000026
25447 0.000019
25448 0.000024
25449 0.000010
25450 0.000008
25451 0.000007
25452 0.000014
25453 0.000015
25454 0.000012
25455 0.000024
25456 0.000051
25457 0.000030
25458 0.000016
25459 0.000017
25460 0.000022
25461 0.000042
25462 0.000041
25463 0.000014
25464 0.000030
25465 0.000011
25466 0.000010
25467 0.000007
25468 0.000010
25469 0.000011
25470 0.000013
25471 0.000018
25472 0.000012
25473 0.000023
25474 0.000022
25475 0.000021
25476 0.000015
25477 0.000006
25478 0.000008
25479 0.000007
25480 0.000022
25481 0.000011
25482 0.000041
25483 0.000050
25484 0.000026
25485 0.000011
25486 0.000023
25487 0.000013
25488 0.000006
25489 0.000039
25490 0.000019
25491 0.000023
25492 0.000030
25493 0.000020
25494 0.000009
25495 0.000011
25496 0.000029
25497 0.000028
25498 0.000044
25499 0.000018
25500 0.000022
25501 0.000036
25502 0.000023
25503 0.000018
25504 0.000016
25505 0.000022
25506 0.000025
25507 0.000013
25508 0.000035
25509 0.000021
25510 0.000026
25511 0.000011
25512 0.000017
25513 0.000015
25514 0.000017
25515 0.000013
25516 0.000012
25517 0.000021
25518 0.000008
25519 0.000016
25520 0.000030
25521 0.000022
25522 0.000040
25523 0.000038
25524 0.000029
25525 0.000015
25526 0.000010
25527 0.000019
25528 0.000017
25529 0.000019
25530 0.000011
25531 0.000026
25532 0.000017
25533 0.000010
25534 0.000023
25535 0.000022
25536 0.000014
25537 0.000017
25538 0.000013
25539 0.000026
25540 0.000021
25541 0.000012
25542 0.000016
25543 0.000006
25544 0.000025
25545 0.000030
25546 0.000017
25547 0.000033
25548 0.000027
25549 0.000050
25550 0.000035
25551 0.000046
25552 0.000019
25553 0.000024
25554 0.000012
25555 0.000015
25556 0.000016
25557 0.000013
25558 0.000023
25559 0.000039
25560 0.000018
25561 0.000024
25562 0.000016
25563 0.000012
25564 0.000009
25565 0.000018
25566 0.000010
25567 0.000018
25568 0.000013
25569 0.000025
25570 0.000034
25571 0.000016
25572 0.000021
25573 0.000013
25574 0.000015
25575 0.000007
25576 0.000024
25577 0.000010
25578 0.000025
25579 0.000008
25580 0.000055
25581 0.000022
25582 0.000010
25583 0.000010
25584 0.000027
25585 0.000032
25586 0.000014
25587 0.000013
25588 0.000005
25589 0.000013
25590 0.000010
25591 0.000023
25592 0.000021
25593 0.000020
25594 0.000023
25595 0.000014
25596 0.000023
25597 0.000043
25598 0.000027
25599 0.000043
25600 0.000027
25601 0.000014
25602 0.000026
25603 0.000009
25604 0.000014
25605 0.000014
25606 0.000011
25607 0.000017
25608 0.000021
25609 0.000009
25610 0.000017
25611 0.000008
25612 0.000013
25613 0.000023
25614 0.000015
25615 0.000007
25616 0.000005
25617 0.000006
25618 0.000015
25619 0.000017
25620 0.000008
25621 0.000010
25622 0.000040
25623 0.000028
25624 0.000017
25625 0.000017
25626 0.000025
25627 0.000051
25628 0.000020
25629 0.000034
25630 0.000042
25631 0.000023
25632 0.000013
25633 0.000013
25634 0.000012
25635 0.000022
25636 0.000009
25637 0.000010
25638 0.000007
25639 0.000012
25640 0.000025
25641 0.000016
25642 0.000020
25643 0.000014
25644 0.000011
25645 0.000020
25646 0.000017
25647 0.000008
25648 0.000015
25649 0.000009
25650 0.000026
25651 0.000031
25652 0.000024
25653 0.000014
25654 0.000016
25655 0.000039
25656 0.000014
25657 0.000012
25658 0.000012
25659 0.000011
25660 0.000007
25661 0.000013
25662 0.000018
25663 0.000013
25664 0.000012
25665 0.000017
25666 0.000009
25667 0.000028
25668 0.000066
25669 0.000047
25670 0.000025
25671 0.000024
25672 0.000018
25673 0.000011
25674 0.000030
25675 0.000014
25676 0.000009
25677 0.000028
25678 0.000042
25679 0.000021
25680 0.000014
25681 0.000011
25682 0.000028
25683 0.000015
25684 0.000013
25685 0.000022
25686 0.000028
25687 0.000009
25688 0.000005
25689 0.000010
25690 0.000013
25691 0.000012
25692 0.000012
25693 0.000021
25694 0.000017
25695 0.000014
25696 0.000009
25697 0.000012
25698 0.000030
25699 0.000030
25700 0.000038
25701 0.000026
25702 0.000020
25703 0.000017
25704 0.000019
25705 0.000022
25706 0.000015
25707 0.000011
25708 0.000012
25709 0.000027
25710 0.000020
25711 0.000018
25712 0.000020
25713 0.000020
25714 0.000016
25715 0.000011
25716 0.000021
25717 0.000012
25718 0.000020
25719 0.000027
25720 0.000032
25721 0.000040
25722 0.000025
25723 0.000012
25724 0.000027
25725 0.000029
25726 0.000024
25727 0.000053
25728 0.000029
25729 0.000009
25730 0.000005
25731 0.000040
25732 0.000020
25733 0.000013
25734 0.000010
25735 0.000016
25736 0.000021
25737 0.000034
25738 0.000020
25739 0.000023
25740 0.000013
25741 0.000007
25742 0.000018
25743 0.000026
25744 0.000029
25745 0.000032
25746 0.000017
25747 0.000015
25748 0.000009
25749 0.000006
25750 0.000006
25751 0.000024
25752 0.000030
25753 0.000016
25754 0.000027
25755 0.000047
25756 0.000016
25757 0.000012
25758 0.000014
25759 0.000020
25760 0.000052
25761 0.000013
25762 0.000011
25763 0.000022
25764 0.000019
25765 0.000019
25766 0.000006
25767 0.000024
25768 0.000016
25769 0.000009
25770 0.000011
25771 0.000016
25772 0.000017
25773 0.000007
25774 0.000013
25775 0.000011
25776 0.000014
25777 0.000020
25778 0.000024
25779 0.000038
25780 0.000013
25781 0.000008
25782 0.000014
25783 0.000010
25784 0.000015
25785 0.000016
25786 0.000018
25787 0.000010
25788 0.000006
25789 0.000006
25790 0.000009
25791 0.000018
25792 0.000012
25793 0.000033
25794 0.000021
25795 0.000013
25796 0.000011
25797 0.000012
25798 0.000011
25799 0.000023
25800 0.000016
25801 0.000012
25802 0.000013
25803 0.000020
25804 0.000039
25805 0.000024
25806 0.000049
25807 0.000013
25808 0.000009
25809 0.000007
25810 0.000009
25811 0.000022
25812 0.000014
25813 0.000018
25814 0.000011
25815 0.000014
25816 0.000014
25817 0.000024
25818 0.000022
25819 0.000011
25820 0.000028
25821 0.000015
25822 0.000020
25823 0.000020
25824 0.000009
25825 0.000028
25826 0.000023
25827 0.000055
25828 0.000032
25829 0.000055
25830 0.000030
25831 0.000029
25832 0.000009
25833 0.000011
25834 0.000005
25835 0.000012
25836 0.000008
25837 0.000015
25838 0.000031
25839 0.000028
25840 0.000012
25841 0.000030
25842 0.000011
25843 0.000036
25844 0.000027
25845 0.000014
25846 0.000009
25847 0.000026
25848 0.000027
25849 0.000014
25850 0.000029
25851 0.000033
25852 0.000019
25853 0.000032
25854 0.000038
25855 0.000046
25856 0.000032
25857 0.000015
25858 0.000018
25859 0.000013
25860 0.000018
25861 0.000023
25862 0.000028
25863 0.000021
25864 0.000026
25865 0.000022
25866 0.000014
25867 0.000031
25868 0.000033
25869 0.000020
25870 0.000018
25871 0.000020
25872 0.000033
25873 0.000021
25874 0.000023
25875 0.000013
25876 0.000009
25877 0.000012
25878 0.000022
25879 0.000010
25880 0.000016
25881 0.000012
25882 0.000017
25883 0.000026
25884 0.000030
25885 0.000013
25886 0.000010
25887 0.000016
25888 0.000008
25889 0.000017
25890 0.000021
25891 0.000009
25892 0.000018
25893 0.000016
25894 0.000017
25895 0.000008
25896 0.000028
25897 0.000015
25898 0.000029
25899 0.000015
25900 0.000022
25901 0.000013
25902 0.000016
25903 0.000013
25904 0.000016
25905 0.000021
25906 0.000019
25907 0.000022
25908 0.000023
25909 0.000019
25910 0.000011
25911 0.000026
25912 0.000037
25913 0.000013
25914 0.000007
25915 0.000014
25916 0.000008
25917 0.000024
25918 0.000018
25919 0.000012
25920 0.000019
25921 0.000013
25922 0.000024
25923 0.000029
25924 0.000010
25925 0.000022
25926 0.000023
25927 0.000014
25928 0.000009
25929 0.000021
25930 0.000017
25931 0.000023
25932 0.000008
25933 0.000006
25934 0.000016
25935 0.000020
25936 0.000017
25937 0.000032
25938 0.000019
25939 0.000031
25940 0.000012
25941 0.000015
25942 0.000071
25943 0.000068
25944 0.000044
25945 0.000051
25946 0.000023
25947 0.000023
25948 0.000039
25949 0.000043
25950 0.000027
25951 0.000015
25952 0.000024
25953 0.000020
25954 0.000023
25955 0.000037
25956 0.000026
25957 0.000023
25958 0.000013
25959 0.000021
25960 0.000013
25961 0.000021
25962 0.000024
25963 0.000012
25964 0.000006
25965 0.000007
25966 0.000011
25967 0.000016
25968 0.000013
25969 0.000020
25970 0.000013
25971 0.000023
25972 0.000017
25973 0.000015
25974 0.000016
25975 0.000026
25976 0.000010
25977 0.000012
25978 0.000021
25979 0.000028
25980 0.000045
25981 0.000033
25982 0.000030
25983 0.000030
25984 0.000016
25985 0.000023
25986 0.000026
25987 0.000024
25988 0.000019
25989 0.000012
25990 0.000012
25991 0.000013
25992 0.000011
25993 0.000021
25994 0.000020
25995 0.000014
25996 0.000028
25997 0.000015
25998 0.000012
25999 0.000007
26000 0.000014
26001 0.000016
26002 0.000014
26003 0.000009
26004 0.000007
26005 0.000030
26006 0.000053
26007 0.000018
26008 0.000026
26009 0.000016
26010 0.000025
26011 0.000010
26012 0.000005
26013 0.000008
26014 0.000005
26015 0.000024
26016 0.000018
26017 0.000021
26018 0.000017
26019 0.000024
26020 0.000039
26021 0.000011
26022 0.000008
26023 0.000014
26024 0.000023
26025 0.000047
26026 0.000016
26027 0.000008
26028 0.000021
26029 0.000029
26030 0.000022
26031 0.000057
26032 0.000029
26033 0.000021
26034 0.000010
26035 0.000012
26036 0.000010
26037 0.000005
26038 0.000015
26039 0.000017
26040 0.000020
26041 0.000025
26042 0.000018
26043 0.000013
26044 0.000013
26045 0.000013
26046 0.000020
26047 0.000009
26048 0.000011
26049 0.000016
26050 0.000038
26051 0.000017
26052 0.000015
26053 0.000014
26054 0.000009
26055 0.000013
26056 0.000020
26057 0.000010
26058 0.000008
26059 0.000016
26060 0.000016
26061 0.000020
26062 0.000008
26063 0.000013
26064 0.000012
26065 0.000034
26066 0.000035
26067 0.000032
26068 0.000012
26069 0.000017
26070 0.000034
26071 0.000040
26072 0.000049
26073 0.000019
26074 0.000023
26075 0.000031
26076 0.000017
26077 0.000016
26078 0.000012
26079 0.000007
26080 0.000006
26081 0.000014
26082 0.000019
26083 0.000028
26084 0.000067
26085 0.000049
26086 0.000022
26087 0.000036
26088 0.000046
26089 0.000013
26090 0.000007
26091 0.000006
26092 0.000014
26093 0.000007
26094 0.000014
26095 0.000011
26096 0.000021
26097 0.000014
26098 0.000010
26099 0.000015
26100 0.000030
26101 0.000018
26102 0.000019
26103 0.000014
26104 0.000012
26105 0.000022
26106 0.000020
26107 0.000025
26108 0.000028
26109 0.000015
26110 0.000022
26111 0.000012
26112 0.000019
26113 0.000019
26114 0.000018
26115 0.000017
26116 0.000043
26117 0.000023
26118 0.000024
26119 0.000016
26120 0.000018
26121 0.000011
26122 0.000011
26123 0.000006
26124 0.000019
26125 0.000023
26126 0.000011
26127 0.000022
26128 0.000012
26129 0.000011
26130 0.000032
26131 0.000007
26132 0.000008
26133 0.000015
26134 0.000014
26135 0.000021
26136 0.000028
26137 0.000015
26138 0.000025
26139 0.000027
26140 0.000024
26141 0.000038
26142 0.000018
26143 0.000009
26144 0.000014
26145 0.000026
26146 0.000011
26147 0.000013
26148 0.000025
26149 0.000009
26150 0.000020
26151 0.000029
26152 0.000028
26153 0.000026
26154 0.000015
26155 0.000034
26156 0.000015
26157 0.000021
26158 0.000017
26159 0.000017
26160 0.000021
26161 0.000026
26162 0.000013
26163 0.000026
26164 0.000027
26165 0.000035
26166 0.000035
26167 0.000041
26168 0.000012
26169 0.000013
26170 0.000019
26171 0.000019
26172 0.000008
26173 0.000023
26174 0.000025
26175 0.000014
26176 0.000023
26177 0.000018
26178 0.000016
26179 0.000010
26180 0.000016
26181 0.000014
26182 0.000020
26183 0.000038
26184 0.000040
26185 0.000011
26186 0.000018
26187 0.000032
26188 0.000027
26189 0.000017
26190 0.000014
26191 0.000020
26192 0.000028
26193 0.000010
26194 0.000022
26195 0.000019
26196 0.000027
26197 0.000023
26198 0.000012
26199 0.000010
26200 0.000010
26201 0.000006
26202 0.000015
26203 0.000017
26204 0.000018
26205 0.000015
26206 0.000019
26207 0.000019
26208 0.000023
26209 0.000015
26210 0.000013
26211 0.000022
26212 0.000021
26213 0.000035
26214 0.000036
26215 0.000025
26216 0.000006
26217 0.000009
26218 0.000015
26219 0.000015
26220 0.000010
26221 0.000021
26222 0.000035
26223 0.000013
26224 0.000035
26225 0.000017
26226 0.000034
26227 0.000035
26228 0.000022
26229 0.000020
26230 0.000022
26231 0.000011
26232 0.000030
26233 0.000020
26234 0.000022
26235 0.000006
26236 0.000011
26237 0.000023
26238 0.000020
26239 0.000018
26240 0.000008
26241 0.000014
26242 0.000011
26243 0.000014
26244 0.000008
26245 0.000011
26246 0.000033
26247 0.000017
26248 0.000016
26249 0.000036
26250 0.000041
26251 0.000017
26252 0.000034
26253 0.000017
26254 0.000023
26255 0.000026
26256 0.000020
26257 0.000016
26258 0.000007
26259 0.000013
26260 0.000021
26261 0.000029
26262 0.000051
26263 0.000025
26264 0.000035
26265 0.000036
26266 0.000011
26267 0.000005
26268 0.000029
26269 0.000031
26270 0.000059
26271 0.000039
26272 0.000027
26273 0.000030
26274 0.000046
26275 0.000022
26276 0.000042
26277 0.000027
26278 0.000029
26279 0.000019
26280 0.000009
26281 0.000009
26282 0.000016
26283 0.000006
26284 0.000006
26285 0.000010
26286 0.000010
26287 0.000026
26288 0.000015
26289 0.000005
26290 0.000020
26291 0.000031
26292 0.000011
26293 0.000019
26294 0.000021
26295 0.000007
26296 0.000023
26297 0.000058
26298 0.000037
26299 0.000023
26300 0.000018
26301 0.000023
26302 0.000033
26303 0.000014
26304 0.000027
26305 0.000018
26306 0.000008
26307 0.000009
26308 0.000022
26309 0.000014
26310 0.000022
26311 0.000011
26312 0.000025
26313 0.000024
26314 0.000022
26315 0.000009
26316 0.000022
26317 0.000015
26318 0.000011
26319 0.000020
26320 0.000032
26321 0.000025
26322 0.000012
26323 0.000006
26324 0.000013
26325 0.000019
26326 0.000019
26327 0.000016
26328 0.000012
26329 0.000010
26330 0.000023
26331 0.000026
26332 0.000022
26333 0.000015
26334 0.000017
26335 0.000020
26336 0.000011
26337 0.000020
26338 0.000033
26339 0.000024
26340 0.000020
26341 0.000015
26342 0.000019
26343 0.000013
26344 0.000022
26345 0.000024
26346 0.000014
26347 0.000024
26348 0.000022
26349 0.000038
26350 0.000015
26351 0.000027
26352 0.000029
26353 0.000021
26354 0.000021
26355 0.000013
26356 0.000015
26357 0.000019
26358 0.000014
26359 0.000025
26360 0.000018
26361 0.000021
26362 0.000014
26363 0.000016
26364 0.000008
26365 0.000006
26366 0.000006
26367 0.000010
26368 0.000028
26369 0.000014
26370 0.000010
26371 0.000028
26372 0.000026
26373 0.000044
26374 0.000050
26375 0.000032
26376 0.000030
26377 0.000019
26378 0.000011
26379 0.000021
26380 0.000016
26381 0.000006
26382 0.000042
26383 0.000017
26384 0.000022
26385 0.000029
26386 0.000007
26387 0.000008
26388 0.000011
26389 0.000017
26390 0.000038
26391 0.000018
26392 0.000024
26393 0.000019
26394 0.000018
26395 0.000020
26396 0.000027
26397 0.000030
26398 0.000036
26399 0.000051
26400 0.000029
26401 0.000019
26402 0.000018
26403 0.000014
26404 0.000019
26405 0.000033
26406 0.000044
26407 0.000023
26408 0.000020
26409 0.000026
26410 0.000030
26411 0.000022
26412 0.000018
26413 0.000016
26414 0.000017
26415 0.000020
26416 0.000017
26417 0.000016
26418 0.000015
26419 0.000030
26420 0.000034
26421 0.000021
26422 0.000023
26423 0.000012
26424 0.000006
26425 0.000012
26426 0.000012
26427 0.000021
26428 0.000012
26429 0.000015
26430 0.000016
26431 0.000011
26432 0.000024
26433 0.000029
26434 0.000012
26435 0.000013
26436 0.000015
26437 0.000021
26438 0.000044
26439 0.000026
26440 0.000033
26441 0.000010
26442 0.000015
26443 0.000011
26444 0.000023
26445 0.000016
26446 0.000017
26447 0.000015
26448 0.000019
26449 0.000013
26450 0.000013
26451 0.000011
26452 0.000010
26453 0.000010
26454 0.000014
26455 0.000016
26456 0.000029
26457 0.000021
26458 0.000012
26459 0.000013
26460 0.000011
26461 0.000016
26462 0.000010
26463 0.000009
26464 0.000020
26465 0.000016
26466 0.000021
26467 0.000012
26468 0.000004
26469 0.000013
26470 0.000010
26471 0.000016
26472 0.000018
26473 0.000033
26474 0.000056
26475 0.000044
26476 0.000034
26477 0.000010
26478 0.000022
26479 0.000021
26480 0.000024
26481 0.000018
26482 0.000031
26483 0.000012
26484 0.000013
26485 0.000024
26486 0.000029
26487 0.000011
26488 0.000013
26489 0.000038
26490 0.000011
26491 0.000014
26492 0.000025
26493 0.000012
26494 0.000031
26495 0.000028
26496 0.000045
26497 0.000035
26498 0.000018
26499 0.000018
26500 0.000019
26501 0.000028
26502 0.000020
26503 0.000021
26504 0.000021
26505 0.000012
26506 0.000052
26507 0.000022
26508 0.000024
26509 0.000016
26510 0.000033
26511 0.000019
26512 0.000019
26513 0.000025
26514 0.000010
26515 0.000025
26516 0.000038
26517 0.000033
26518 0.000040
26519 0.000014
26520 0.000019
26521 0.000019
26522 0.000007
26523 0.000045
26524 0.000061
26525 0.000028
26526 0.000021
26527 0.000028
26528 0.000038
26529 0.000046
26530 0.000057
26531 0.000019
26532 0.000007
26533 0.000025
26534 0.000011
26535 0.000029
26536 0.000042
26537 0.000012
26538 0.000016
26539 0.000008
26540 0.000012
26541 0.000013
26542 0.000006
26543 0.000015
26544 0.000034
26545 0.000010
26546 0.000011
26547 0.000012
26548 0.000006
26549 0.000031
26550 0.000012
26551 0.000006
26552 0.000032
26553 0.000050
26554 0.000038
26555 0.000033
26556 0.000018
26557 0.000006
26558 0.000005
26559 0.000013
26560 0.000020
26561 0.000030
26562 0.000012
26563 0.000011
26564 0.000013
26565 0.000029
26566 0.000018
26567 0.000009
26568 0.000018
26569 0.000038
26570 0.000039
26571 0.000026
26572 0.000016
26573 0.000031
26574 0.000012
26575 0.000017
26576 0.000007
26577 0.000012
26578 0.000021
26579 0.000012
26580 0.000018
26581 0.000018
26582 0.000010
26583 0.000032
26584 0.000039
26585 0.000046
26586 0.000024
26587 0.000006
26588 0.000018
26589 0.000018
26590 0.000018
26591 0.000016
26592 0.000030
26593 0.000018
26594 0.000014
26595 0.000018
26596 0.000020
26597 0.000022
26598 0.000008
26599 0.000011
26600 0.000022
26601 0.000024
26602 0.000019
26603 0.000016
26604 0.000013
26605 0.000031
26606 0.000037
26607 0.000013
26608 0.000021
26609 0.000012
26610 0.000008
26611 0.000005
26612 0.000014
26613 0.000005
26614 0.000013
26615 0.000017
26616 0.000039
26617 0.000059
26618 0.000030
26619 0.000007
26620 0.000029
26621 0.000041
26622 0.000022
26623 0.000019
26624 0.000009
26625 0.000015
26626 0.000031
26627 0.000017
26628 0.000041
26629 0.000031
26630 0.000018
26631 0.000025
26632 0.000016
26633 0.000032
26634 0.000032
26635 0.000020
26636 0.000024
26637 0.000020
26638 0.000016
26639 0.000020
26640 0.000028
26641 0.000034
26642 0.000025
26643 0.000027
26644 0.000016
26645 0.000018
26646 0.000026
26647 0.000027
26648 0.000010
26649 0.000024
26650 0.000029
26651 0.000020
26652 0.000011
26653 0.000015
26654 0.000025
26655 0.000015
26656 0.000034
26657 0.000018
26658 0.000023
26659 0.000013
26660 0.000018
26661 0.000017
26662 0.000028
26663 0.000027
26664 0.000035
26665 0.000018
26666 0.000009
26667 0.000032
26668 0.000015
26669 0.000023
26670 0.000030
26671 0.000012
26672 0.000019
26673 0.000013
26674 0.000022
26675 0.000023
26676 0.000035
26677 0.000009
26678 0.000006
26679 0.000007
26680 0.000009
26681 0.000025
26682 0.000028
26683 0.000024
26684 0.000020
26685 0.000019
26686 0.000013
26687 0.000026
26688 0.000015
26689 0.000030
26690 0.000038
26691 0.000024
26692 0.000046
26693 0.000054
26694 0.000026
26695 0.000025
26696 0.000032
26697 0.000016
26698 0.000015
26699 0.000034
26700 0.000033
26701 0.000022
26702 0.000009
26703 0.000008
26704 0.000021
26705 0.000022
26706 0.000011
26707 0.000017
26708 0.000014
26709 0.000011
26710 0.000019
26711 0.000036
26712 0.000019
26713 0.000017
26714 0.000011
26715 0.000019
26716 0.000008
26717 0.000008
26718 0.000032
26719 0.000016
26720 0.000021
26721 0.000019
26722 0.000020
26723 0.000023
26724 0.000024
26725 0.000014
26726 0.000020
26727 0.000011
26728 0.000013
26729 0.000019
26730 0.000014
26731 0.000047
26732 0.000023
26733 0.000035
26734 0.000022
26735 0.000021
26736 0.000023
26737 0.000013
26738 0.000008
26739 0.000014
26740 0.000024
26741 0.000016
26742 0.000019
26743 0.000017
26744 0.000015
26745 0.000029
26746 0.000024
26747 0.000027
26748 0.000017
26749 0.000005
26750 0.000014
26751 0.000007
26752 0.000015
26753 0.000025
26754 0.000019
26755 0.000024
26756 0.000010
26757 0.000006
26758 0.000013
26759 0.000012
26760 0.000007
26761 0.000009
26762 0.000029
26763 0.000029
26764 0.000008
26765 0.000030
26766 0.000022
26767 0.000029
26768 0.000021
26769 0.000020
26770 0.000012
26771 0.000018
26772 0.000041
26773 0.000039
26774 0.000020
26775 0.000017
26776 0.000023
26777 0.000032
26778 0.000022
26779 0.000022
26780 0.000009
26781 0.000015
26782 0.000012
26783 0.000006
26784 0.000011
26785 0.000016
26786 0.000017
26787 0.000024
26788 0.000029
26789 0.000013
26790 0.000011
26791 0.000020
26792 0.000009
26793 0.000016
26794 0.000019
26795 0.000012
26796 0.000028
26797 0.000019
26798 0.000014
26799 0.000011
26800 0.000013
26801 0.000014
26802 0.000012
26803 0.000029
26804 0.000033
26805 0.000017
26806 0.000012
26807 0.000015
26808 0.000012
26809 0.000029
26810 0.000024
26811 0.000037
26812 0.000026
26813 0.000041
26814 0.000022
26815 0.000012
26816 0.000012
26817 0.000022
26818 0.000032
26819 0.000013
26820 0.000012
26821 0.000015
26822 0.000009
26823 0.000013
26824 0.000011
26825 0.000007
26826 0.000027
26827 0.000025
26828 0.000017
26829 0.000028
26830 0.000018
26831 0.000005
26832 0.000034
26833 0.000031
26834 0.000025
26835 0.000025
26836 0.000014
26837 0.000032
26838 0.000041
26839 0.000013
26840 0.000019
26841 0.000011
26842 0.000026
26843 0.000017
26844 0.000026
26845 0.000026
26846 0.000021
26847 0.000025
26848 0.000015
26849 0.000012
26850 0.000034
26851 0.000024
26852 0.000018
26853 0.000018
26854 0.000015
26855 0.000009
26856 0.000015
26857 0.000013
26858 0.000019
26859 0.000020
26860 0.000015
26861 0.000023
26862 0.000015
26863 0.000005
26864 0.000019
26865 0.000010
26866 0.000012
26867 0.000011
26868 0.000008
26869 0.000015
26870 0.000016
26871 0.000022
26872 0.000012
26873 0.000011
26874 0.000011
26875 0.000026
26876 0.000018
26877 0.000032
26878 0.000010
26879 0.000006
26880 0.000013
26881 0.000007
26882 0.000029
26883 0.000019
26884 0.000008
26885 0.000005
26886 0.000007
26887 0.000019
26888 0.000060
26889 0.000019
26890 0.000011
26891 0.000027
26892 0.000014
26893 0.000011
26894 0.000021
26895 0.000012
26896 0.000017
26897 0.000006
26898 0.000005
26899 0.000005
26900 0.000013
26901 0.000014
26902 0.000033
26903 0.000014
26904 0.000025
26905 0.000029
26906 0.000038
26907 0.000009
26908 0.000018
26909 0.000011
26910 0.000014
26911 0.000033
26912 0.000022
26913 0.000014
26914 0.000026
26915 0.000022
26916 0.000024
26917 0.000019
26918 0.000014
26919 0.000005
26920 0.000014
26921 0.000029
26922 0.000017
26923 0.000019
26924 0.000027
26925 0.000007
26926 0.000009
26927 0.000006
26928 0.000007
26929 0.000014
26930 0.000007
26931 0.000005
26932 0.000024
26933 0.000018
26934 0.000008
26935 0.000005
26936 0.000009
26937 0.000005
26938 0.000012
26939 0.000019
26940 0.000023
26941 0.000044
26942 0.000024
26943 0.000020
26944 0.000022
26945 0.000015
26946 0.000035
26947 0.000029
26948 0.000013
26949 0.000016
26950 0.000015
26951 0.000008
26952 0.000008
26953 0.000017
26954 0.000019
26955 0.000019
26956 0.000010
26957 0.000006
26958 0.000024
26959 0.000032
26960 0.000017
26961 0.000019
26962 0.000018
26963 0.000035
26964 0.000019
26965 0.000031
26966 0.000041
26967 0.000018
26968 0.000017
26969 0.000026
26970 0.000012
26971 0.000006
26972 0.000010
26973 0.000011
26974 0.000040
26975 0.000017
26976 0.000006
26977 0.000021
26978 0.000033
26979 0.000024
26980 0.000019
26981 0.000035
26982 0.000018
26983 0.000024
26984 0.000011
26985 0.000014
26986 0.000017
26987 0.000017
26988 0.000026
26989 0.000010
26990 0.000009
26991 0.000008
26992 0.000020
26993 0.000026
26994 0.000024
26995 0.000015
26996 0.000013
26997 0.000016
26998 0.000011
26999 0.000013
27000 0.000013
27001 0.000011
27002 0.000009
27003 0.000030
27004 0.000016
27005 0.000022
27006 0.000008
27007 0.000010
27008 0.000011
27009 0.000013
27010 0.000007
27011 0.000035
27012 0.000044
27013 0.000035
27014 0.000014
27015 0.000012
27016 0.000025
27017 0.000031
27018 0.000041
27019 0.000031
27020 0.000018
27021 0.000018
27022 0.000022
27023 0.000016
27024 0.000016
27025 0.000018
27026 0.000025
27027 0.000015
27028 0.000019
27029 0.000015
27030 0.000020
27031 0.000007
27032 0.000012
27033 0.000030
27034 0.000022
27035 0.000023
27036 0.000022
27037 0.000016
27038 0.000025
27039 0.000031
27040 0.000032
27041 0.000036
27042 0.000025
27043 0.000036
27044 0.000020
27045 0.000018
27046 0.000008
27047 0.000009
27048 0.000025
27049 0.000030
27050 0.000033
27051 0.000017
27052 0.000026
27053 0.000019
27054 0.000021
27055 0.000025
27056 0.000020
27057 0.000027
27058 0.000032
27059 0.000012
27060 0.000005
27061 0.000011
27062 0.000010
27063 0.000020
27064 0.000017
27065 0.000014
27066 0.000015
27067 0.000019
27068 0.000022
27069 0.000014
27070 0.000019
27071 0.000020
27072 0.000013
27073 0.000021
27074 0.000012
27075 0.000028
27076 0.000020
27077 0.000019
27078 0.000017
27079 0.000021
27080 0.000028
27081 0.000025
27082 0.000017
27083 0.000016
27084 0.000022
27085 0.000023
27086 0.000010
27087 0.000011
27088 0.000015
27089 0.000032
27090 0.000032
27091 0.000013
27092 0.000014
27093 0.000026
27094 0.000017
27095 0.000012
27096 0.000016
27097 0.000036
27098 0.000021
27099 0.000012
27100 0.000005
27101 0.000010
27102 0.000019
27103 0.000019
27104 0.000020
27105 0.000030
27106 0.000013
27107 0.000024
27108 0.000034
27109 0.000010
27110 0.000012
27111 0.000008
27112 0.000008
27113 0.000033
27114 0.000018
27115 0.000023
27116 0.000016
27117 0.000031
27118 0.000029
27119 0.000028
27120 0.000016
27121 0.000021
27122 0.000015
27123 0.000015
27124 0.000034
27125 0.000025
27126 0.000023
27127 0.000017
27128 0.000017
27129 0.000026
27130 0.000018
27131 0.000025
27132 0.000027
27133 0.000021
27134 0.000015
27135 0.000031
27136 0.000018
27137 0.000019
27138 0.000025
27139 0.000021
27140 0.000009
27141 0.000005
27142 0.000019
27143 0.000008
27144 0.000013
27145 0.000011
27146 0.000030
27147 0.000011
27148 0.000008
27149 0.000007
27150 0.000013
27151 0.000012
27152 0.000011
27153 0.000021
27154 0.000028
27155 0.000018
27156 0.000009
27157 0.000004
27158 0.000008
27159 0.000010
27160 0.000029
27161 0.000023
27162 0.000018
27163 0.000012
27164 0.000043
27165 0.000017
27166 0.000035
27167 0.000016
27168 0.000041
27169 0.000030
27170 0.000031
27171 0.000041
27172 0.000040
27173 0.000025
27174 0.000018
27175 0.000022
27176 0.000024
27177 0.000011
27178 0.000010
27179 0.000038
27180 0.000019
27181 0.000034
27182 0.000048
27183 0.000026
27184 0.000034
27185 0.000043
27186 0.000040
27187 0.000031
27188 0.000031
27189 0.000028
27190 0.000020
27191 0.000028
27192 0.000026
27193 0.000022
27194 0.000020
27195 0.000011
27196 0.000014
27197 0.000030
27198 0.000026
27199 0.000015
27200 0.000020
27201 0.000021
27202 0.000013
27203 0.000007
27204 0.000009
27205 0.000016
27206 0.000017
27207 0.000013
27208 0.000021
27209 0.000025
27210 0.000026
27211 0.000045
27212 0.000016
27213 0.000017
27214 0.000019
27215 0.000021
27216 0.000024
27217 0.000020
27218 0.000016
27219 0.000024
27220 0.000022
27221 0.000013
27222 0.000010
27223 0.000007
27224 0.000035
27225 0.000038
27226 0.000035
27227 0.000032
27228 0.000012
27229 0.000017
27230 0.000016
27231 0.000006
27232 0.000006
27233 0.000018
27234 0.000011
27235 0.000012
27236 0.000020
27237 0.000010
27238 0.000018
27239 0.000016
27240 0.000006
27241 0.000029
27242 0.000019
27243 0.000021
27244 0.000009
27245 0.000019
27246 0.000027
27247 0.000043
27248 0.000027
27249 0.000041
27250 0.000045
27251 0.000019
27252 0.000030
27253 0.000026
27254 0.000047
27255 0.000023
27256 0.000013
27257 0.000014
27258 0.000025
27259 0.000010
27260 0.000026
27261 0.000013
27262 0.000036
27263 0.000019
27264 0.000019
27265 0.000035
27266 0.000024
27267 0.000007
27268 0.000006
27269 0.000006
27270 0.000004
27271 0.000017
27272 0.000014
27273 0.000010
27274 0.000022
27275 0.000016
27276 0.000010
27277 0.000019
27278 0.000008
27279 0.000012
27280 0.000028
27281 0.000042
27282 0.000039
27283 0.000027
27284 0.000022
27285 0.000015
27286 0.000030
27287 0.000022
27288 0.000016
27289 0.000006
27290 0.000008
27291 0.000012
27292 0.000011
27293 0.000010
27294 0.000017
27295 0.000022
27296 0.000018
27297 0.000012
27298 0.000006
27299 0.000014
27300 0.000015
27301 0.000027
27302 0.000024
27303 0.000017
27304 0.000022
27305 0.000008
27306 0.000035
27307 0.000020
27308 0.000029
27309 0.000011
27310 0.000008
27311 0.000015
27312 0.000007
27313 0.000026
27314 0.000032
27315 0.000024
27316 0.000010
27317 0.000007
27318 0.000027
27319 0.000015
27320 0.000012
27321 0.000014
27322 0.000035
27323 0.000018
27324 0.000027
27325 0.000014
27326 0.000007
27327 0.000019
27328 0.000017
27329 0.000021
27330 0.000009
27331 0.000009
27332 0.000014
27333 0.000006
27334 0.000008
27335 0.000015
27336 0.000016
27337 0.000023
27338 0.000031
27339 0.000020
27340 0.000019
27341 0.000011
27342 0.000010
27343 0.000012
27344 0.000008
27345 0.000010
27346 0.000035
27347 0.000029
27348 0.000032
27349 0.000020
27350 0.000039
27351 0.000014
27352 0.000011
27353 0.000013
27354 0.000022
27355 0.000030
27356 0.000025
27357 0.000010
27358 0.000015
27359 0.000022
27360 0.000014
27361 0.000021
27362 0.000013
27363 0.000021
27364 0.000009
27365 0.000021
27366 0.000034
27367 0.000020
27368 0.000025
27369 0.000024
27370 0.000029
27371 0.000024
27372 0.000033
27373 0.000053
27374 0.000049
27375 0.000053
27376 0.000023
27377 0.000016
27378 0.000017
27379 0.000010
27380 0.000005
27381 0.000005
27382 0.000006
27383 0.000035
27384 0.000023
27385 0.000018
27386 0.000022
27387 0.000017
27388 0.000013
27389 0.000025
27390 0.000014
27391 0.000012
27392 0.000022
27393 0.000029
27394 0.000015
27395 0.000013
27396 0.000015
27397 0.000015
27398 0.000020
27399 0.000017
27400 0.000011
27401 0.000037
27402 0.000020
27403 0.000016
27404 0.000009
27405 0.000007
27406 0.000028
27407 0.000016
27408 0.000028
27409 0.000028
27410 0.000021
27411 0.000010
27412 0.000028
27413 0.000033
27414 0.000026
27415 0.000021
27416 0.000014
27417 0.000022
27418 0.000021
27419 0.000011
27420 0.000023
27421 0.000029
27422 0.000023
27423 0.000019
27424 0.000032
27425 0.000021
27426 0.000023
27427 0.000020
27428 0.000014
27429 0.000019
27430 0.000012
27431 0.000021
27432 0.000035
27433 0.000011
27434 0.000025
27435 0.000029
27436 0.000052
27437 0.000018
27438 0.000010
27439 0.000012
27440 0.000027
27441 0.000009
27442 0.000013
27443 0.000012
27444 0.000008
27445 0.000029
27446 0.000021
27447 0.000033
27448 0.000020
27449 0.000020
27450 0.000009
27451 0.000009
27452 0.000018
27453 0.000023
27454 0.000039
27455 0.000019
27456 0.000012
27457 0.000048
27458 0.000026
27459 0.000031
27460 0.000012
27461 0.000027
27462 0.000020
27463 0.000038
27464 0.000019
27465 0.000014
27466 0.000005
27467 0.000015
27468 0.000019
27469 0.000022
27470 0.000028
27471 0.000033
27472 0.000019
27473 0.000007
27474 0.000005
27475 0.000004
27476 0.000014
27477 0.000009
27478 0.000015
27479 0.000015
27480 0.000016
27481 0.000028
27482 0.000018
27483 0.000038
27484 0.000053
27485 0.000012
27486 0.000006
27487 0.000017
27488 0.000019
27489 0.000030
27490 0.000027
27491 0.000009
27492 0.000012
27493 0.000013
27494 0.000007
27495 0.000005
27496 0.000004
27497 0.000035
27498 0.000015
27499 0.000031
27500 0.000034
27501 0.000012
27502 0.000018
27503 0.000023
27504 0.000021
27505 0.000022
27506 0.000014
27507 0.000025
27508 0.000010
27509 0.000020
27510 0.000018
27511 0.000044
27512 0.000023
27513 0.000050
27514 0.000019
27515 0.000018
27516 0.000023
27517 0.000015
27518 0.000006
27519 0.000009
27520 0.000008
27521 0.000021
27522 0.000022
27523 0.000007
27524 0.000016
27525 0.000011
27526 0.000014
27527 0.000024
27528 0.000010
27529 0.000016
27530 0.000032
27531 0.000022
27532 0.000028
27533 0.000014
27534 0.000020
27535 0.000016
27536 0.000028
27537 0.000018
27538 0.000014
27539 0.000013
27540 0.000018
27541 0.000012
27542 0.000013
27543 0.000020
27544 0.000028
27545 0.000031
27546 0.000016
27547 0.000016
27548 0.000009
27549 0.000028
27550 0.000022
27551 0.000025
27552 0.000013
27553 0.000013
27554 0.000016
27555 0.000010
27556 0.000010
27557 0.000018
27558 0.000015
27559 0.000018
27560 0.000014
27561 0.000015
27562 0.000019
27563 0.000053
27564 0.000022
27565 0.000016
27566 0.000015
27567 0.000012
27568 0.000010
27569 0.000046
27570 0.000052
27571 0.000047
27572 0.000044
27573 0.000039
27574 0.000027
27575 0.000021
27576 0.000020
27577 0.000013
27578 0.000013
27579 0.000028
27580 0.000014
27581 0.000022
27582 0.000008
27583 0.000036
27584 0.000023
27585 0.000023
27586 0.000025
27587 0.000016
27588 0.000027
27589 0.000039
27590 0.000023
27591 0.000012
27592 0.000024
27593 0.000017
27594 0.000022
27595 0.000015
27596 0.000020
27597 0.000017
27598 0.000023
27599 0.000024
27600 0.000009
27601 0.000013
27602 0.000022
27603 0.000022
27604 0.000030
27605 0.000024
27606 0.000023
27607 0.000027
27608 0.000029
27609 0.000016
27610 0.000014
27611 0.000019
27612 0.000011
27613 0.000011
27614 0.000010
27615 0.000014
27616 0.000010
27617 0.000017
27618 0.000034
27619 0.000024
27620 0.000018
27621 0.000010
27622 0.000014
27623 0.000027
27624 0.000026
27625 0.000010
27626 0.000017
27627 0.000010
27628 0.000017
27629 0.000029
27630 0.000049
27631 0.000036
27632 0.000018
27633 0.000008
27634 0.000005
27635 0.000007
27636 0.000012
27637 0.000027
27638 0.000012
27639 0.000016
27640 0.000019
27641 0.000016
27642 0.000018
27643 0.000011
27644 0.000006
27645 0.000011
27646 0.000028
27647 0.000028
27648 0.000024
27649 0.000024
27650 0.000013
27651 0.000025
27652 0.000025
27653 0.000018
27654 0.000021
27655 0.000011
27656 0.000007
27657 0.000021
27658 0.000043
27659 0.000029
27660 0.000027
27661 0.000017
27662 0.000011
27663 0.000031
27664 0.000019
27665 0.000040
27666 0.000018
27667 0.000011
27668 0.000011
27669 0.000013
27670 0.000015
27671 0.000018
27672 0.000040
27673 0.000020
27674 0.000007
27675 0.000005
27676 0.000017
27677 0.000016
27678 0.000018
27679 0.000011
27680 0.000006
27681 0.000044
27682 0.000029
27683 0.000044
27684 0.000015
27685 0.000035
27686 0.000046
27687 0.000040
27688 0.000031
27689 0.000019
27690 0.000025
27691 0.000022
27692 0.000024
27693 0.000022
27694 0.000015
27695 0.000014
27696 0.000009
27697 0.000009
27698 0.000014
27699 0.000021
27700 0.000012
27701 0.000013
27702 0.000013
27703 0.000018
27704 0.000028
27705 0.000006
27706 0.000028
27707 0.000021
27708 0.000015
27709 0.000012
27710 0.000028
27711 0.000033
27712 0.000029
27713 0.000019
27714 0.000028
27715 0.000023
27716 0.000019
27717 0.000028
27718 0.000011
27719 0.000044
27720 0.000036
27721 0.000015
27722 0.000019
27723 0.000024
27724 0.000034
27725 0.000036
27726 0.000027
27727 0.000039
27728 0.000021
27729 0.000017
27730 0.000010
27731 0.000020
27732 0.000011
27733 0.000015
27734 0.000016
27735 0.000010
27736 0.000006
27737 0.000010
27738 0.000012
27739 0.000013
27740 0.000014
27741 0.000016
27742 0.000022
27743 0.000010
27744 0.000006
27745 0.000018
27746 0.000008
27747 0.000022
27748 0.000034
27749 0.000023
27750 0.000022
27751 0.000025
27752 0.000018
27753 0.000026
27754 0.000025
27755 0.000028
27756 0.000034
27757 0.000018
27758 0.000021
27759 0.000007
27760 0.000014
27761 0.000023
27762 0.000016
27763 0.000006
27764 0.000013
27765 0.000010
27766 0.000007
27767 0.000016
27768 0.000023
27769 0.000033
27770 0.000034
27771 0.000042
27772 0.000021
27773 0.000019
27774 0.000011
27775 0.000006
27776 0.000007
27777 0.000012
27778 0.000010
27779 0.000005
27780 0.000023
27781 0.000016
27782 0.000024
27783 0.000022
27784 0.000025
27785 0.000028
27786 0.000029
27787 0.000043
27788 0.000015
27789 0.000019
27790 0.000020
27791 0.000020
27792 0.000021
27793 0.000020
27794 0.000025
27795 0.000027
27796 0.000014
27797 0.000014
27798 0.000024
27799 0.000010
27800 0.000010
27801 0.000016
27802 0.000014
27803 0.000019
27804 0.000008
27805 0.000036
27806 0.000016
27807 0.000022
27808 0.000031
27809 0.000018
27810 0.000027
27811 0.000040
27812 0.000031
27813 0.000007
27814 0.000015
27815 0.000019
27816 0.000017
27817 0.000016
27818 0.000023
27819 0.000022
27820 0.000032
27821 0.000012
27822 0.000013
27823 0.000019
27824 0.000021
27825 0.000017
27826 0.000022
27827 0.000022
27828 0.000020
27829 0.000030
27830 0.000045
27831 0.000053
27832 0.000012
27833 0.000020
27834 0.000009
27835 0.000004
27836 0.000018
27837 0.000026
27838 0.000016
27839 0.000010
27840 0.000016
27841 0.000012
27842 0.000016
27843 0.000007
27844 0.000006
27845 0.000011
27846 0.000023
27847 0.000044
27848 0.000022
27849 0.000022
27850 0.000012
27851 0.000012
27852 0.000035
27853 0.000017
27854 0.000023
27855 0.000031
27856 0.000024
27857 0.000008
27858 0.000004
27859 0.000011
27860 0.000016
27861 0.000019
27862 0.000024
27863 0.000013
27864 0.000009
27865 0.000018
27866 0.000018
27867 0.000011
27868 0.000005
27869 0.000028
27870 0.000012
27871 0.000009
27872 0.000011
27873 0.000015
27874 0.000040
27875 0.000051
27876 0.000067
27877 0.000033
27878 0.000012
27879 0.000030
27880 0.000026
27881 0.000022
27882 0.000025
27883 0.000038
27884 0.000028
27885 0.000026
27886 0.000028
27887 0.000019
27888 0.000021
27889 0.000024
27890 0.000013
27891 0.000007
27892 0.000016
27893 0.000031
27894 0.000018
27895 0.000016
27896 0.000026
27897 0.000018
27898 0.000031
27899 0.000010
27900 0.000005
27901 0.000009
27902 0.000017
27903 0.000012
27904 0.000014
27905 0.000016
27906 0.000023
27907 0.000023
27908 0.000018
27909 0.000011
27910 0.000011
27911 0.000023
27912 0.000036
27913 0.000027
27914 0.000011
27915 0.000010
27916 0.000024
27917 0.000008
27918 0.000014
27919 0.000021
27920 0.000036
27921 0.000050
27922 0.000047
27923 0.000033
27924 0.000027
27925 0.000021
27926 0.000007
27927 0.000005
27928 0.000023
27929 0.000013
27930 0.000036
27931 0.000022
27932 0.000012
27933 0.000006
27934 0.000004
27935 0.000007
27936 0.000019
27937 0.000017
27938 0.000014
27939 0.000029
27940 0.000016
27941 0.000010
27942 0.000014
27943 0.000045
27944 0.000040
27945 0.000020
27946 0.000031
27947 0.000031
27948 0.000033
27949 0.000025
27950 0.000027
27951 0.000017
27952 0.000008
27953 0.000012
27954 0.000013
27955 0.000024
27956 0.000030
27957 0.000018
27958 0.000016
27959 0.000009
27960 0.000014
27961 0.000006
27962 0.000012
27963 0.000013
27964 0.000018
27965 0.000020
27966 0.000030
27967 0.000034
27968 0.000021
27969 0.000025
27970 0.000038
27971 0.000023
27972 0.000014
27973 0.000007
27974 0.000010
27975 0.000007
27976 0.000004
27977 0.000021
27978 0.000029
27979 0.000046
27980 0.000024
27981 0.000027
27982 0.000014
27983 0.000018
27984 0.000023
27985 0.000027
27986 0.000026
27987 0.000059
27988 0.000034
27989 0.000016
27990 0.000017
27991 0.000021
27992 0.000026
27993 0.000025
27994 0.000015
27995 0.000013
27996 0.000013
27997 0.000007
27998 0.000017
27999 0.000019
28000 0.000028
28001 0.000017
28002 0.000038
28003 0.000019
28004 0.000031
28005 0.000022
28006 0.000027
28007 0.000014
28008 0.000026
28009 0.000015
28010 0.000009
28011 0.000015
28012 0.000015
28013 0.000035
28014 0.000020
28015 0.000018
28016 0.000022
28017 0.000020
28018 0.000009
28019 0.000014
28020 0.000021
28021 0.000006
28022 0.000006
28023 0.000008
28024 0.000018
28025 0.000016
28026 0.000028
28027 0.000034
28028 0.000033
28029 0.000035
28030 0.000039
28031 0.000022
28032 0.000016
28033 0.000019
28034 0.000014
28035 0.000020
28036 0.000037
28037 0.000026
28038 0.000010
28039 0.000007
28040 0.000022
28041 0.000012
28042 0.000011
28043 0.000013
28044 0.000024
28045 0.000029
28046 0.000040
28047 0.000025
28048 0.000018
28049 0.000014
28050 0.000023
28051 0.000030
28052 0.000027
28053 0.000020
28054 0.000019
28055 0.000027
28056 0.000018
28057 0.000012
28058 0.000012
28059 0.000020
28060 0.000017
28061 0.000026
28062 0.000046
28063 0.000032
28064 0.000019
28065 0.000013
28066 0.000031
28067 0.000012
28068 0.000029
28069 0.000034
28070 0.000017
28071 0.000017
28072 0.000039
28073 0.000014
28074 0.000023
28075 0.000031
28076 0.000020
28077 0.000024
28078 0.000014
28079 0.000016
28080 0.000031
28081 0.000032
28082 0.000029
28083 0.000008
28084 0.000005
28085 0.000005
28086 0.000014
28087 0.000018
28088 0.000018
28089 0.000033
28090 0.000017
28091 0.000007
28092 0.000020
28093 0.000034
28094 0.000022
28095 0.000026
28096 0.000020
28097 0.000023
28098 0.000013
28099 0.000019
28100 0.000024
28101 0.000011
28102 0.000012
28103 0.000020
28104 0.000033
28105 0.000036
28106 0.000025
28107 0.000021
28108 0.000020
28109 0.000014
28110 0.000009
28111 0.000006
28112 0.000029
28113 0.000050
28114 0.000027
28115 0.000014
28116 0.000023
28117 0.000034
28118 0.000048
28119 0.000020
28120 0.000015
28121 0.000016
28122 0.000036
28123 0.000026
28124 0.000018
28125 0.000023
28126 0.000009
28127 0.000011
28128 0.000009
28129 0.000007
28130 0.000016
28131 0.000024
28132 0.000028
28133 0.000034
28134 0.000041
28135 0.000015
28136 0.000024
28137 0.000010
28138 0.000014
28139 0.000010
28140 0.000014
28141 0.000025
28142 0.000026
28143 0.000013
28144 0.000011
28145 0.000010
28146 0.000037
28147 0.000015
28148 0.000011
28149 0.000027
28150 0.000031
28151 0.000011
28152 0.000018
28153 0.000017
28154 0.000021
28155 0.000015
28156 0.000009
28157 0.000024
28158 0.000026
28159 0.000021
28160 0.000015
28161 0.000013
28162 0.000031
28163 0.000035
28164 0.000049
28165 0.000037
28166 0.000029
28167 0.000020
28168 0.000009
28169 0.000006
28170 0.000015
28171 0.000029
28172 0.000029
28173 0.000032
28174 0.000022
28175 0.000010
28176 0.000026
28177 0.000034
28178 0.000046
28179 0.000033
28180 0.000026
28181 0.000016
28182 0.000014
28183 0.000022
28184 0.000018
28185 0.000032
28186 0.000022
28187 0.000029
28188 0.000033
28189 0.000017
28190 0.000013
28191 0.000018
28192 0.000010
28193 0.000008
28194 0.000029
28195 0.000032
28196 0.000023
28197 0.000027
28198 0.000025
28199 0.000025
28200 0.000020
28201 0.000010
28202 0.000027
28203 0.000016
28204 0.000008
28205 0.000009
28206 0.000012
28207 0.000017
28208 0.000060
28209 0.000038
28210 0.000023
28211 0.000010
28212 0.000031
28213 0.000016
28214 0.000025
28215 0.000016
28216 0.000026
28217 0.000006
28218 0.000023
28219 0.000018
28220 0.000020
28221 0.000012
28222 0.000053
28223 0.000032
28224 0.000010
28225 0.000027
28226 0.000020
28227 0.000025
28228 0.000018
28229 0.000006
28230 0.000010
28231 0.000008
28232 0.000006
28233 0.000016
28234 0.000017
28235 0.000022
28236 0.000020
28237 0.000025
28238 0.000022
28239 0.000024
28240 0.000030
28241 0.000035
28242 0.000019
28243 0.000009
28244 0.000011
28245 0.000011
28246 0.000020
28247 0.000023
28248 0.000015
28249 0.000019
28250 0.000011
28251 0.000014
28252 0.000016
28253 0.000008
28254 0.000017
28255 0.000020
28256 0.000008
28257 0.000015
28258 0.000006
28259 0.000015
28260 0.000022
28261 0.000027
28262 0.000011
28263 0.000022
28264 0.000013
28265 0.000022
28266 0.000014
28267 0.000022
28268 0.000041
28269 0.000023
28270 0.000017
28271 0.000014
28272 0.000009
28273 0.000014
28274 0.000056
28275 0.000059
28276 0.000015
28277 0.000015
28278 0.000035
28279 0.000041
28280 0.000024
28281 0.000014
28282 0.000007
28283 0.000029
28284 0.000018
28285 0.000010
28286 0.000015
28287 0.000024
28288 0.000017
28289 0.000007
28290 0.000011
28291 0.000012
28292 0.000021
28293 0.000043
28294 0.000025
28295 0.000010
28296 0.000017
28297 0.000033
28298 0.000020
28299 0.000016
28300 0.000025
28301 0.000025
28302 0.000010
28303 0.000025
28304 0.000016
28305 0.000010
28306 0.000025
28307 0.000027
28308 0.000008
28309 0.000014
28310 0.000022
28311 0.000028
28312 0.000031
28313 0.000024
28314 0.000008
28315 0.000012
28316 0.000005
28317 0.000010
28318 0.000009
28319 0.000012
28320 0.000005
28321 0.000013
28322 0.000014
28323 0.000007
28324 0.000004
28325 0.000005
28326 0.000008
28327 0.000029
28328 0.000038
28329 0.000023
28330 0.000021
28331 0.000006
28332 0.000014
28333 0.000017
28334 0.000014
28335 0.000013
28336 0.000027
28337 0.000014
28338 0.000005
28339 0.000018
28340 0.000028
28341 0.000013
28342 0.000016
28343 0.000026
28344 0.000012
28345 0.000018
28346 0.000016
28347 0.000010
28348 0.000006
28349 0.000025
28350 0.000013
28351 0.000016
28352 0.000014
28353 0.000017
28354 0.000020
28355 0.000012
28356 0.000034
28357 0.000031
28358 0.000023
28359 0.000012
28360 0.000011
28361 0.000009
28362 0.000014
28363 0.000007
28364 0.000022
28365 0.000039
28366 0.000038
28367 0.000022
28368 0.000025
28369 0.000016
28370 0.000025
28371 0.000013
28372 0.000018
28373 0.000025
28374 0.000018
28375 0.000024
28376 0.000010
28377 0.000016
28378 0.000010
28379 0.000010
28380 0.000005
28381 0.000020
28382 0.000025
28383 0.000017
28384 0.000018
28385 0.000016
28386 0.000028
28387 0.000018
28388 0.000027
28389 0.000026
28390 0.000027
28391 0.000010
28392 0.000015
28393 0.000008
28394 0.000017
28395 0.000013
28396 0.000026
28397 0.000026
28398 0.000014
28399 0.000016
28400 0.000017
28401 0.000013
28402 0.000022
28403 0.000016
28404 0.000043
28405 0.000030
28406 0.000047
28407 0.000047
28408 0.000031
28409 0.000016
28410 0.000024
28411 0.000031
28412 0.000014
28413 0.000009
28414 0.000031
28415 0.000020
28416 0.000015
28417 0.000014
28418 0.000014
28419 0.000021
28420 0.000022
28421 0.000006
28422 0.000017
28423 0.000029
28424 0.000021
28425 0.000020
28426 0.000008
28427 0.000010
28428 0.000011
28429 0.000018
28430 0.000018
28431 0.000014
28432 0.000019
28433 0.000008
28434 0.000013
28435 0.000022
28436 0.000044
28437 0.000018
28438 0.000013
28439 0.000019
28440 0.000039
28441 0.000010
28442 0.000022
28443 0.000022
28444 0.000017
28445 0.000011
28446 0.000021
28447 0.000007
28448 0.000004
28449 0.000036
28450 0.000020
28451 0.000012
28452 0.000008
28453 0.000010
28454 0.000024
28455 0.000018
28456 0.000017
28457 0.000024
28458 0.000019
28459 0.000027
28460 0.000022
28461 0.000027
28462 0.000027
28463 0.000020
28464 0.000013
28465 0.000011
28466 0.000037
28467 0.000018
28468 0.000031
28469 0.000016
28470 0.000030
28471 0.000019
28472 0.000017
28473 0.000023
28474 0.000045
28475 0.000028
28476 0.000025
28477 0.000011
28478 0.000012
28479 0.000033
28480 0.000038
28481 0.000030
28482 0.000012
28483 0.000010
28484 0.000020
28485 0.000018
28486 0.000033
28487 0.000018
28488 0.000024
28489 0.000032
28490 0.000014
28491 0.000008
28492 0.000007
28493 0.000006
28494 0.000013
28495 0.000017
28496 0.000010
28497 0.000021
28498 0.000012
28499 0.000014
28500 0.000008
28501 0.000019
28502 0.000011
28503 0.000017
28504 0.000011
28505 0.000013
28506 0.000020
28507 0.000014
28508 0.000019
28509 0.000010
28510 0.000008
28511 0.000033
28512 0.000024
28513 0.000049
28514 0.000061
28515 0.000037
28516 0.000028
28517 0.000014
28518 0.000009
28519 0.000005
28520 0.000016
28521 0.000010
28522 0.000010
28523 0.000006
28524 0.000005
28525 0.000018
28526 0.000021
28527 0.000017
28528 0.000020
28529 0.000012
28530 0.000025
28531 0.000030
28532 0.000024
28533 0.000013
28534 0.000020
28535 0.000014
28536 0.000026
28537 0.000019
28538 0.000037
28539 0.000043
28540 0.000048
28541 0.000023
28542 0.000017
28543 0.000013
28544 0.000020
28545 0.000016
28546 0.000017
28547 0.000016
28548 0.000019
28549 0.000011
28550 0.000005
28551 0.000011
28552 0.000016
28553 0.000022
28554 0.000015
28555 0.000028
28556 0.000016
28557 0.000013
28558 0.000013
28559 0.000024
28560 0.000013
28561 0.000027
28562 0.000025
28563 0.000013
28564 0.000013
28565 0.000019
28566 0.000011
28567 0.000017
28568 0.000026
28569 0.000011
28570 0.000018
28571 0.000011
28572 0.000027
28573 0.000047
28574 0.000019
28575 0.000014
28576 0.000019
28577 0.000010
28578 0.000010
28579 0.000008
28580 0.000014
28581 0.000027
28582 0.000013
28583 0.000012
28584 0.000007
28585 0.000012
28586 0.000036
28587 0.000038
28588 0.000019
28589 0.000009
28590 0.000013
28591 0.000020
28592 0.000006
28593 0.000015
28594 0.000026
28595 0.000020
28596 0.000009
28597 0.000007
28598 0.000006
28599 0.000011
28600 0.000009
28601 0.000026
28602 0.000014
28603 0.000009
28604 0.000008
28605 0.000023
28606 0.000020
28607 0.000008
28608 0.000015
28609 0.000015
28610 0.000010
28611 0.000017
28612 0.000010
28613 0.000024
28614 0.000025
28615 0.000015
28616 0.000013
28617 0.000030
28618 0.000019
28619 0.000013
28620 0.000007
28621 0.000013
28622 0.000009
28623 0.000013
28624 0.000036
28625 0.000018
28626 0.000012
28627 0.000015
28628 0.000006
28629 0.000010
28630 0.000009
28631 0.000014
28632 0.000007
28633 0.000018
28634 0.000010
28635 0.000013
28636 0.000021
28637 0.000014
28638 0.000010
28639 0.000023
28640 0.000010
28641 0.000016
28642 0.000021
28643 0.000031
28644 0.000014
28645 0.000021
28646 0.000007
28647 0.000012
28648 0.000008
28649 0.000020
28650 0.000022
28651 0.000020
28652 0.000023
28653 0.000019
28654 0.000024
28655 0.000037
28656 0.000045
28657 0.000029
28658 0.000022
28659 0.000034
28660 0.000017
28661 0.000010
28662 0.000026
28663 0.000037
28664 0.000020
28665 0.000012
28666 0.000025
28667 0.000030
28668 0.000049
28669 0.000013
28670 0.000017
28671 0.000019
28672 0.000022
28673 0.000026
28674 0.000018
28675 0.000036
28676 0.000022
28677 0.000025
28678 0.000016
28679 0.000014
28680 0.000021
28681 0.000014
28682 0.000019
28683 0.000019
28684 0.000018
28685 0.000036
28686 0.000030
28687 0.000008
28688 0.000017
28689 0.000054
28690 0.000047
28691 0.000050
28692 0.000024
28693 0.000014
28694 0.000022
28695 0.000023
28696 0.000022
28697 0.000015
28698 0.000025
28699 0.000021
28700 0.000007
28701 0.000012
28702 0.000042
28703 0.000020
28704 0.000007
28705 0.000032
28706 0.000024
28707 0.000011
28708 0.000010
28709 0.000021
28710 0.000021
28711 0.000046
28712 0.000034
28713 0.000031
28714 0.000031
28715 0.000021
28716 0.000018
28717 0.000007
28718 0.000019
28719 0.000034
28720 0.000040
28721 0.000014
28722 0.000016
28723 0.000016
28724 0.000015
28725 0.000007
28726 0.000016
28727 0.000040
28728 0.000020
28729 0.000012
28730 0.000030
28731 0.000035
28732 0.000036
28733 0.000019
28734 0.000034
28735 0.000023
28736 0.000016
28737 0.000015
28738 0.000023
28739 0.000022
28740 0.000025
28741 0.000017
28742 0.000008
28743 0.000009
28744 0.000026
28745 0.000014
28746 0.000015
28747 0.000030
28748 0.000020
28749 0.000012
28750 0.000020
28751 0.000041
28752 0.000010
28753 0.000007
28754 0.000006
28755 0.000030
28756 0.000013
28757 0.000008
28758 0.000017
28759 0.000028
28760 0.000015
28761 0.000007
28762 0.000005
28763 0.000020
28764 0.000021
28765 0.000010
28766 0.000018
28767 0.000008
28768 0.000024
28769 0.000006
28770 0.000010
28771 0.000040
28772 0.000031
28773 0.000023
28774 0.000025
28775 0.000032
28776 0.000012
28777 0.000007
28778 0.000010
28779 0.000013
28780 0.000023
28781 0.000025
28782 0.000021
28783 0.000025
28784 0.000013
28785 0.000030
28786 0.000038
28787 0.000014
28788 0.000051
28789 0.000027
28790 0.000026
28791 0.000012
28792 0.000028
28793 0.000017
28794 0.000022
28795 0.000023
28796 0.000008
28797 0.000010
28798 0.000020
28799 0.000024
28800 0.000034
28801 0.000014
28802 0.000021
28803 0.000014
28804 0.000015
28805 0.000014
28806 0.000011
28807 0.000020
28808 0.000018
28809 0.000027
28810 0.000014
28811 0.000008
28812 0.000011
28813 0.000006
28814 0.000007
28815 0.000011
28816 0.000008
28817 0.000021
28818 0.000031
28819 0.000045
28820 0.000016
28821 0.000010
28822 0.000012
28823 0.000009
28824 0.000016
28825 0.000023
28826 0.000020
28827 0.000007
28828 0.000007
28829 0.000013
28830 0.000030
28831 0.000027
28832 0.000015
28833 0.000029
28834 0.000031
28835 0.000043
28836 0.000012
28837 0.000033
28838 0.000049
28839 0.000023
28840 0.000013
28841 0.000016
28842 0.000011
28843 0.000012
28844 0.000012
28845 0.000008
28846 0.000015
28847 0.000023
28848 0.000013
28849 0.000021
28850 0.000015
28851 0.000015
28852 0.000020
28853 0.000040
28854 0.000030
28855 0.000010
28856 0.000024
28857 0.000025
28858 0.000022
28859 0.000012
28860 0.000015
28861 0.000014
28862 0.000011
28863 0.000029
28864 0.000007
28865 0.000020
28866 0.000027
28867 0.000017
28868 0.000018
28869 0.000008
28870 0.000013
28871 0.000010
28872 0.000018
28873 0.000026
28874 0.000041
28875 0.000018
28876 0.000025
28877 0.000013
28878 0.000017
28879 0.000017
28880 0.000009
28881 0.000009
28882 0.000012
28883 0.000007
28884 0.000012
28885 0.000012
28886 0.000025
28887 0.000030
28888 0.000039
28889 0.000018
28890 0.000006
28891 0.000010
28892 0.000017
28893 0.000009
28894 0.000022
28895 0.000018
28896 0.000016
28897 0.000010
28898 0.000004
28899 0.000019
28900 0.000010
28901 0.000018
28902 0.000020
28903 0.000015
28904 0.000011
28905 0.000022
28906 0.000030
28907 0.000027
28908 0.000014
28909 0.000013
28910 0.000017
28911 0.000018
28912 0.000008
28913 0.000019
28914 0.000007
28915 0.000006
28916 0.000012
28917 0.000015
28918 0.000014
28919 0.000022
28920 0.000021
28921 0.000024
28922 0.000013
28923 0.000017
28924 0.000029
28925 0.000037
28926 0.000026
28927 0.000029
28928 0.000009
28929 0.000024
28930 0.000023
28931 0.000010
28932 0.000024
28933 0.000010
28934 0.000013
28935 0.000014
28936 0.000010
28937 0.000012
28938 0.000009
28939 0.000018
28940 0.000012
28941 0.000028
28942 0.000011
28943 0.000007
28944 0.000007
28945 0.000004
28946 0.000022
28947 0.000006
28948 0.000021
28949 0.000014
28950 0.000022
28951 0.000020
28952 0.000011
28953 0.000008
28954 0.000016
28955 0.000032
28956 0.000047
28957 0.000033
28958 0.000014
28959 0.000008
28960 0.000005
28961 0.000021
28962 0.000033
28963 0.000034
28964 0.000013
28965 0.000031
28966 0.000022
28967 0.000025
28968 0.000022
28969 0.000029
28970 0.000011
28971 0.000007
28972 0.000016
28973 0.000006
28974 0.000008
28975 0.000035
28976 0.000022
28977 0.000026
28978 0.000015
28979 0.000008
28980 0.000007
28981 0.000013
28982 0.000009
28983 0.000010
28984 0.000021
28985 0.000028
28986 0.000019
28987 0.000012
28988 0.000018
28989 0.000026
28990 0.000014
28991 0.000015
28992 0.000018
28993 0.000012
28994 0.000021
28995 0.000020
28996 0.000016
28997 0.000016
28998 0.000012
28999 0.000017
29000 0.000010
29001 0.000012
29002 0.000034
29003 0.000018
29004 0.000010
29005 0.000013
29006 0.000011
29007 0.000012
29008 0.000024
29009 0.000024
29010 0.000013
29011 0.000014
29012 0.000008
29013 0.000011
29014 0.000005
29015 0.000009
29016 0.000017
29017 0.000012
29018 0.000017
29019 0.000018
29020 0.000014
29021 0.000011
29022 0.000012
29023 0.000008
29024 0.000006
29025 0.000007
29026 0.000015
29027 0.000011
29028 0.000008
29029 0.000036
29030 0.000021
29031 0.000031
29032 0.000029
29033 0.000018
29034 0.000019
29035 0.000024
29036 0.000028
29037 0.000020
29038 0.000013
29039 0.000008
29040 0.000017
29041 0.000010
29042 0.000018
29043 0.000011
29044 0.000029
29045 0.000020
29046 0.000017
29047 0.000037
29048 0.000016
29049 0.000021
29050 0.000015
29051 0.000026
29052 0.000015
29053 0.000009
29054 0.000024
29055 0.000010
29056 0.000015
29057 0.000021
29058 0.000025
29059 0.000018
29060 0.000017
29061 0.000021
29062 0.000009
29063 0.000016
29064 0.000014
29065 0.000011
29066 0.000022
29067 0.000023
29068 0.000019
29069 0.000011
29070 0.000030
29071 0.000022
29072 0.000014
29073 0.000019
29074 0.000023
29075 0.000008
29076 0.000018
29077 0.000024
29078 0.000037
29079 0.000015
29080 0.000020
29081 0.000014
29082 0.000016
29083 0.000016
29084 0.000026
29085 0.000050
29086 0.000017
29087 0.000012
29088 0.000017
29089 0.000027
29090 0.000014
29091 0.000016
29092 0.000010
29093 0.000008
29094 0.000007
29095 0.000022
29096 0.000018
29097 0.000008
29098 0.000005
29099 0.000011
29100 0.000011
29101 0.000008
29102 0.000009
29103 0.000030
29104 0.000009
29105 0.000007
29106 0.000005
29107 0.000010
29108 0.000016
29109 0.000010
29110 0.000014
29111 0.000007
29112 0.000007
29113 0.000010
29114 0.000016
29115 0.000010
29116 0.000006
29117 0.000010
29118 0.000021
29119 0.000028
29120 0.000015
29121 0.000012
29122 0.000031
29123 0.000008
29124 0.000017
29125 0.000026
29126 0.000018
29127 0.000011
29128 0.000030
29129 0.000025
29130 0.000019
29131 0.000013
29132 0.000013
29133 0.000015
29134 0.000006
29135 0.000008
29136 0.000018
29137 0.000012
29138 0.000006
29139 0.000013
29140 0.000019
29141 0.000035
29142 0.000013
29143 0.000018
29144 0.000025
29145 0.000012
29146 0.000035
29147 0.000023
29148 0.000025
29149 0.000017
29150 0.000015
29151 0.000028
29152 0.000028
29153 0.000031
29154 0.000034
29155 0.000018
29156 0.000030
29157 0.000022
29158 0.000048
29159 0.000062
29160 0.000022
29161 0.000012
29162 0.000016
29163 0.000009
29164 0.000007
29165 0.000011
29166 0.000006
29167 0.000005
29168 0.000009
29169 0.000009
29170 0.000007
29171 0.000011
29172 0.000011
29173 0.000017
29174 0.000008
29175 0.000027
29176 0.000011
29177 0.000021
29178 0.000014
29179 0.000027
29180 0.000031
29181 0.000042
29182 0.000021
29183 0.000049
29184 0.000018
29185 0.000021
29186 0.000012
29187 0.000013
29188 0.000011
29189 0.000011
29190 0.000017
29191 0.000020
29192 0.000013
29193 0.000008
29194 0.000007
29195 0.000009
29196 0.000006
29197 0.000011
29198 0.000014
29199 0.000013
29200 0.000024
29201 0.000013
29202 0.000024
29203 0.000020
29204 0.000007
29205 0.000020
29206 0.000021
29207 0.000021
29208 0.000027
29209 0.000010
29210 0.000019
29211 0.000010
29212 0.000005
29213 0.000007
29214 0.000026
29215 0.000027
29216 0.000021
29217 0.000029
29218 0.000019
29219 0.000016
29220 0.000010
29221 0.000027
29222 0.000019
29223 0.000031
29224 0.000019
29225 0.000017
29226 0.000021
29227 0.000026
29228 0.000028
29229 0.000015
29230 0.000024
29231 0.000010
29232 0.000007
29233 0.000006
29234 0.000011
29235 0.000005
29236 0.000012
29237 0.000006
29238 0.000014
29239 0.000012
29240 0.000008
29241 0.000009
29242 0.000015
29243 0.000031
29244 0.000027
29245 0.000019
29246 0.000026
29247 0.000017
29248 0.000022
29249 0.000015
29250 0.000024
29251 0.000017
29252 0.000011
29253 0.000017
29254 0.000036
29255 0.000031
29256 0.000029
29257 0.000043
29258 0.000053
29259 0.000024
29260 0.000023
29261 0.000010
29262 0.000011
29263 0.000017
29264 0.000018
29265 0.000027
29266 0.000022
29267 0.000008
29268 0.000007
29269 0.000016
29270 0.000023
29271 0.000010
29272 0.000014
29273 0.000021
29274 0.000033
29275 0.000039
29276 0.000030
29277 0.000018
29278 0.000030
29279 0.000011
29280 0.000017
29281 0.000007
29282 0.000011
29283 0.000012
29284 0.000011
29285 0.000010
29286 0.000006
29287 0.000009
29288 0.000023
29289 0.000036
29290 0.000021
29291 0.000026
29292 0.000034
29293 0.000019
29294 0.000022
29295 0.000014
29296 0.000012
29297 0.000014
29298 0.000019
29299 0.000007
29300 0.000005
29301 0.000035
29302 0.000021
29303 0.000020
29304 0.000022
29305 0.000014
29306 0.000024
29307 0.000024
29308 0.000013
29309 0.000025
29310 0.000010
29311 0.000016
29312 0.000020
29313 0.000031
29314 0.000011
29315 0.000039
29316 0.000017
29317 0.000015
29318 0.000010
29319 0.000023
29320 0.000030
29321 0.000014
29322 0.000012
29323 0.000006
29324 0.000018
29325 0.000021
29326 0.000023
29327 0.000049
29328 0.000025
29329 0.000015
29330 0.000033
29331 0.000031
29332 0.000012
29333 0.000029
29334 0.000029
29335 0.000027
29336 0.000026
29337 0.000017
29338 0.000021
29339 0.000032
29340 0.000031
29341 0.000020
29342 0.000013
29343 0.000007
29344 0.000011
29345 0.000022
29346 0.000023
29347 0.000014
29348 0.000020
29349 0.000019
29350 0.000010
29351 0.000011
29352 0.000017
29353 0.000011
29354 0.000012
29355 0.000015
29356 0.000015
29357 0.000009
29358 0.000011
29359 0.000008
29360 0.000006
29361 0.000018
29362 0.000018
29363 0.000034
29364 0.000023
29365 0.000016
29366 0.000012
29367 0.000032
29368 0.000029
29369 0.000020
29370 0.000022
29371 0.000021
29372 0.000039
29373 0.000021
29374 0.000021
29375 0.000044
29376 0.000023
29377 0.000023
29378 0.000021
29379 0.000008
29380 0.000030
29381 0.000033
29382 0.000026
29383 0.000024
29384 0.000045
29385 0.000044
29386 0.000013
29387 0.000017
29388 0.000027
29389 0.000013
29390 0.000020
29391 0.000013
29392 0.000028
29393 0.000027
29394 0.000016
29395 0.000050
29396 0.000047
29397 0.000026
29398 0.000014
29399 0.000009
29400 0.000005
29401 0.000013
29402 0.000015
29403 0.000025
29404 0.000023
29405 0.000021
29406 0.000036
29407 0.000015
29408 0.000007
29409 0.000030
29410 0.000037
29411 0.000035
29412 0.000020
29413 0.000029
29414 0.000011
29415 0.000016
29416 0.000023
29417 0.000013
29418 0.000036
29419 0.000038
29420 0.000021
29421 0.000013
29422 0.000016
29423 0.000006
29424 0.000004
29425 0.000008
29426 0.000030
29427 0.000021
29428 0.000014
29429 0.000031
29430 0.000010
29431 0.000008
29432 0.000007
29433 0.000006
29434 0.000021
29435 0.000016
29436 0.000029
29437 0.000020
29438 0.000009
29439 0.000018
29440 0.000027
29441 0.000021
29442 0.000036
29443 0.000010
29444 0.000014
29445 0.000017
29446 0.000019
29447 0.000026
29448 0.000009
29449 0.000005
29450 0.000008
29451 0.000013
29452 0.000026
29453 0.000027
29454 0.000034
29455 0.000039
29456 0.000013
29457 0.000009
29458 0.000038
29459 0.000034
29460 0.000047
29461 0.000020
29462 0.000016
29463 0.000011
29464 0.000013
29465 0.000017
29466 0.000007
29467 0.000022
29468 0.000021
29469 0.000022
29470 0.000024
29471 0.000009
29472 0.000011
29473 0.000020
29474 0.000020
29475 0.000049
29476 0.000045
29477 0.000037
29478 0.000029
29479 0.000046
29480 0.000045
29481 0.000025
29482 0.000016
29483 0.000046
29484 0.000016
29485 0.000011
29486 0.000017
29487 0.000020
29488 0.000028
29489 0.000016
29490 0.000016
29491 0.000015
29492 0.000024
29493 0.000023
29494 0.000008
29495 0.000007
29496 0.000023
29497 0.000016
29498 0.000020
29499 0.000011
29500 0.000026
29501 0.000010
29502 0.000013
29503 0.000013
29504 0.000013
29505 0.000018
29506 0.000037
29507 0.000026
29508 0.000030
29509 0.000011
29510 0.000008
29511 0.000012
29512 0.000034
29513 0.000010
29514 0.000013
29515 0.000019
29516 0.000030
29517 0.000014
29518 0.000009
29519 0.000007
29520 0.000011
29521 0.000007
29522 0.000011
29523 0.000018
29524 0.000013
29525 0.000017
29526 0.000024
29527 0.000008
29528 0.000030
29529 0.000014
29530 0.000016
29531 0.000011
29532 0.000022
29533 0.000014
29534 0.000007
29535 0.000012
29536 0.000019
29537 0.000006
29538 0.000031
29539 0.000029
29540 0.000018
29541 0.000006
29542 0.000011
29543 0.000005
29544 0.000019
29545 0.000022
29546 0.000021
29547 0.000022
29548 0.000025
29549 0.000017
29550 0.000018
29551 0.000025
29552 0.000015
29553 0.000014
29554 0.000027
29555 0.000028
29556 0.000013
29557 0.000006
29558 0.000016
29559 0.000034
29560 0.000026
29561 0.000010
29562 0.000015
29563 0.000016
29564 0.000017
29565 0.000014
29566 0.000010
29567 0.000020
29568 0.000021
29569 0.000025
29570 0.000007
29571 0.000014
29572 0.000013
29573 0.000018
29574 0.000038
29575 0.000033
29576 0.000034
29577 0.000033
29578 0.000037
29579 0.000044
29580 0.000027
29581 0.000038
29582 0.000029
29583 0.000041
29584 0.000039
29585 0.000015
29586 0.000016
29587 0.000012
29588 0.000016
29589 0.000024
29590 0.000045
29591 0.000038
29592 0.000037
29593 0.000023
29594 0.000013
29595 0.000008
29596 0.000015
29597 0.000018
29598 0.000009
29599 0.000017
29600 0.000016
29601 0.000013
29602 0.000022
29603 0.000013
29604 0.000032
29605 0.000046
29606 0.000044
29607 0.000012
29608 0.000009
29609 0.000011
29610 0.000015
29611 0.000015
29612 0.000006
29613 0.000006
29614 0.000018
29615 0.000006
29616 0.000037
29617 0.000013
29618 0.000009
29619 0.000016
29620 0.000016
29621 0.000017
29622 0.000033
29623 0.000010
29624 0.000015
29625 0.000015
29626 0.000012
29627 0.000017
29628 0.000017
29629 0.000016
29630 0.000008
29631 0.000009
29632 0.000009
29633 0.000012
29634 0.000015
29635 0.000014
29636 0.000013
29637 0.000011
29638 0.000010
29639 0.000016
29640 0.000034
29641 0.000039
29642 0.000032
29643 0.000014
29644 0.000013
29645 0.000015
29646 0.000018
29647 0.000011
29648 0.000022
29649 0.000053
29650 0.000025
29651 0.000024
29652 0.000040
29653 0.000048
29654 0.000016
29655 0.000035
29656 0.000031
29657 0.000015
29658 0.000029
29659 0.000021
29660 0.000029
29661 0.000036
29662 0.000018
29663 0.000039
29664 0.000020
29665 0.000013
29666 0.000023
29667 0.000025
29668 0.000023
29669 0.000009
29670 0.000011
29671 0.000018
29672 0.000011
29673 0.000010
29674 0.000023
29675 0.000016
29676 0.000034
29677 0.000021
29678 0.000017
29679 0.000024
29680 0.000013
29681 0.000030
29682 0.000013
29683 0.000017
29684 0.000016
29685 0.000010
29686 0.000012
29687 0.000012
29688 0.000020
29689 0.000022
29690 0.000014
29691 0.000014
29692 0.000022
29693 0.000022
29694 0.000016
29695 0.000033
29696 0.000044
29697 0.000024
29698 0.000028
29699 0.000024
29700 0.000030
29701 0.000012
29702 0.000010
29703 0.000019
29704 0.000010
29705 0.000014
29706 0.000009
29707 0.000019
29708 0.000025
29709 0.000008
29710 0.000009
29711 0.000022
29712 0.000028
29713 0.000029
29714 0.000039
29715 0.000016
29716 0.000017
29717 0.000026
29718 0.000030
29719 0.000021
29720 0.000033
29721 0.000021
29722 0.000021
29723 0.000030
29724 0.000015
29725 0.000026
29726 0.000015
29727 0.000015
29728 0.000023
29729 0.000024
29730 0.000014
29731 0.000028
29732 0.000012
29733 0.000007
29734 0.000010
29735 0.000024
29736 0.000024
29737 0.000013
29738 0.000020
29739 0.000009
29740 0.000013
29741 0.000014
29742 0.000012
29743 0.000029
29744 0.000030
29745 0.000031
29746 0.000012
29747 0.000017
29748 0.000028
29749 0.000011
29750 0.000005
29751 0.000007
29752 0.000008
29753 0.000018
29754 0.000008
29755 0.000022
29756 0.000016
29757 0.000019
29758 0.000016
29759 0.000053
29760 0.000018
29761 0.000040
29762 0.000012
29763 0.000019
29764 0.000017
29765 0.000017
29766 0.000013
29767 0.000030
29768 0.000040
29769 0.000019
29770 0.000025
29771 0.000042
29772 0.000019
29773 0.000024
29774 0.000017
29775 0.000023
29776 0.000013
29777 0.000015
29778 0.000007
29779 0.000006
29780 0.000004
29781 0.000009
29782 0.000013
29783 0.000010
29784 0.000008
29785 0.000025
29786 0.000021
29787 0.000039
29788 0.000019
29789 0.000028
29790 0.000055
29791 0.000025
29792 0.000021
29793 0.000014
29794 0.000009
29795 0.000011
29796 0.000031
29797 0.000034
29798 0.000037
29799 0.000023
29800 0.000029
29801 0.000032
29802 0.000036
29803 0.000035
29804 0.000032
29805 0.000042
29806 0.000025
29807 0.000018
29808 0.000029
29809 0.000024
29810 0.000019
29811 0.000012
29812 0.000016
29813 0.000022
29814 0.000052
29815 0.000022
29816 0.000021
29817 0.000031
29818 0.000021
29819 0.000017
29820 0.000017
29821 0.000022
29822 0.000013
29823 0.000009
29824 0.000021
29825 0.000014
29826 0.000023
29827 0.000046
29828 0.000013
29829 0.000022
29830 0.000022
29831 0.000023
29832 0.000019
29833 0.000011
29834 0.000032
29835 0.000012
29836 0.000015
29837 0.000014
29838 0.000014
29839 0.000012
29840 0.000016
29841 0.000052
29842 0.000047
29843 0.000033
29844 0.000017
29845 0.000024
29846 0.000033
29847 0.000016
29848 0.000024
29849 0.000028
29850 0.000039
29851 0.000041
29852 0.000032
29853 0.000023
29854 0.000024
29855 0.000023
29856 0.000009
29857 0.000011
29858 0.000026
29859 0.000013
29860 0.000011
29861 0.000010
29862 0.000012
29863 0.000008
29864 0.000012
29865 0.000020
29866 0.000033
29867 0.000036
29868 0.000018
29869 0.000012
29870 0.000008
29871 0.000007
29872 0.000005
29873 0.000023
29874 0.000034
29875 0.000049
29876 0.000042
29877 0.000021
29878 0.000022
29879 0.000017
29880 0.000022
29881 0.000037
29882 0.000025
29883 0.000028
29884 0.000022
29885 0.000013
29886 0.000019
29887 0.000018
29888 0.000013
29889 0.000024
29890 0.000036
29891 0.000039
29892 0.000021
29893 0.000025
29894 0.000013
29895 0.000009
29896 0.000004
29897 0.000007
29898 0.000015
29899 0.000017
29900 0.000008
29901 0.000018
29902 0.000008
29903 0.000017
29904 0.000020
29905 0.000023
29906 0.000023
29907 0.000010
29908 0.000008
29909 0.000011
29910 0.000011
29911 0.000023
29912 0.000025
29913 0.000010
29914 0.000022
29915 0.000028
29916 0.000031
29917 0.000016
29918 0.000013
29919 0.000035
29920 0.000024
29921 0.000017
29922 0.000024
29923 0.000021
29924 0.000008
29925 0.000005
29926 0.000009
29927 0.000022
29928 0.000032
29929 0.000017
29930 0.000018
29931 0.000029
29932 0.000025
29933 0.000028
29934 0.000022
29935 0.000023
29936 0.000033
29937 0.000012
29938 0.000015
29939 0.000021
29940 0.000023
29941 0.000014
29942 0.000026
29943 0.000023
29944 0.000021
29945 0.000011
29946 0.000026
29947 0.000016
29948 0.000016
29949 0.000012
29950 0.000011
29951 0.000010
29952 0.000007
29953 0.000010
29954 0.000007
29955 0.000010
29956 0.000022
29957 0.000034
29958 0.000038
29959 0.000026
29960 0.000013
29961 0.000014
29962 0.000009
29963 0.000016
29964 0.000041
29965 0.000027
29966 0.000008
29967 0.000015
29968 0.000029
29969 0.000033
29970 0.000023
29971 0.000037
29972 0.000022
29973 0.000020
29974 0.000025
29975 0.000008
29976 0.000036
29977 0.000045
29978 0.000024
29979 0.000023
29980 0.000017
29981 0.000025
29982 0.000037
29983 0.000020
29984 0.000024
29985 0.000013
29986 0.000054
29987 0.000037
29988 0.000030
29989 0.000022
29990 0.000027
29991 0.000016
29992 0.000008
29993 0.000008
29994 0.000006
29995 0.000009
29996 0.000022
29997 0.000024
29998 0.000013
29999 0.000029
30000 0.000022
30001 0.000017
30002 0.000022
30003 0.000008
30004 0.000035
30005 0.000013
30006 0.000016
30007 0.000023
30008 0.000012
30009 0.000015
30010 0.000034
30011 0.000028
30012 0.000022
30013 0.000028
30014 0.000018
30015 0.000023
30016 0.000021
30017 0.000023
30018 0.000016
30019 0.000034
30020 0.000031
30021 0.000042
30022 0.000032
30023 0.000022
30024 0.000018
30025 0.000016
30026 0.000019
30027 0.000028
30028 0.000020
30029 0.000024
30030 0.000013
30031 0.000015
30032 0.000013
30033 0.000005
30034 0.000013
30035 0.000029
30036 0.000022
30037 0.000018
30038 0.000024
30039 0.000012
30040 0.000013
30041 0.000040
30042 0.000018
30043 0.000028
30044 0.000024
30045 0.000026
30046 0.000019
30047 0.000022
30048 0.000012
30049 0.000009
30050 0.000010
30051 0.000009
30052 0.000006
30053 0.000011
30054 0.000026
30055 0.000031
30056 0.000029
30057 0.000021
30058 0.000025
30059 0.000025
30060 0.000016
30061 0.000056
30062 0.000036
30063 0.000019
30064 0.000011
30065 0.000013
30066 0.000014
30067 0.000017
30068 0.000036
30069 0.000034
30070 0.000032
30071 0.000012
30072 0.000026
30073 0.000036
30074 0.000025
30075 0.000031
30076 0.000030
30077 0.000047
30078 0.000032
30079 0.000036
30080 0.000010
30081 0.000028
30082 0.000009
30083 0.000011
30084 0.000036
30085 0.000034
30086 0.000026
30087 0.000024
30088 0.000037
30089 0.000029
30090 0.000023
30091 0.000013
30092 0.000017
30093 0.000012
30094 0.000008
30095 0.000009
30096 0.000010
30097 0.000015
30098 0.000032
30099 0.000035
30100 0.000055
30101 0.000025
30102 0.000014
30103 0.000010
30104 0.000018
30105 0.000008
30106 0.000019
30107 0.000034
30108 0.000034
30109 0.000018
30110 0.000010
30111 0.000012
30112 0.000008
30113 0.000017
30114 0.000017
30115 0.000020
30116 0.000012
30117 0.000016
30118 0.000020
30119 0.000020
30120 0.000007
30121 0.000059
30122 0.000027
30123 0.000020
30124 0.000019
30125 0.000017
30126 0.000010
30127 0.000011
30128 0.000025
30129 0.000030
30130 0.000030
30131 0.000026
30132 0.000014
30133 0.000012
30134 0.000023
30135 0.000030
30136 0.000016
30137 0.000010
30138 0.000017
30139 0.000020
30140 0.000045
30141 0.000021
30142 0.000020
30143 0.000013
30144 0.000021
30145 0.000069
30146 0.000023
30147 0.000014
30148 0.000013
30149 0.000015
30150 0.000014
30151 0.000021
30152 0.000026
30153 0.000020
30154 0.000024
30155 0.000014
30156 0.000025
30157 0.000029
30158 0.000027
30159 0.000033
30160 0.000044
30161 0.000032
30162 0.000022
30163 0.000011
30164 0.000017
30165 0.000017
30166 0.000013
30167 0.000012
30168 0.000018
30169 0.000023
30170 0.000019
30171 0.000023
30172 0.000026
30173 0.000023
30174 0.000009
30175 0.000028
30176 0.000020
30177 0.000021
30178 0.000012
30179 0.000017
30180 0.000023
30181 0.000013
30182 0.000024
30183 0.000038
30184 0.000016
30185 0.000030
30186 0.000023
30187 0.000022
30188 0.000025
30189 0.000022
30190 0.000014
30191 0.000033
30192 0.000029
30193 0.000023
30194 0.000018
30195 0.000021
30196 0.000016
30197 0.000012
30198 0.000025
30199 0.000054
30200 0.000022
30201 0.000016
30202 0.000010
30203 0.000006
30204 0.000004
30205 0.000014
30206 0.000011
30207 0.000005
30208 0.000011
30209 0.000013
30210 0.000019
30211 0.000010
30212 0.000020
30213 0.000013
30214 0.000007
30215 0.000018
30216 0.000008
30217 0.000018
30218 0.000036
30219 0.000009
30220 0.000022
30221 0.000025
30222 0.000010
30223 0.000019
30224 0.000013
30225 0.000014
30226 0.000051
30227 0.000027
30228 0.000022
30229 0.000009
30230 0.000014
30231 0.000006
30232 0.000004
30233 0.000009
30234 0.000018
30235 0.000019
30236 0.000022
30237 0.000018
30238 0.000007
30239 0.000018
30240 0.000012
30241 0.000013
30242 0.000021
30243 0.000024
30244 0.000032
30245 0.000027
30246 0.000022
30247 0.000024
30248 0.000022
30249 0.000022
30250 0.000031
30251 0.000028
30252 0.000023
30253 0.000046
30254 0.000053
30255 0.000033
30256 0.000021
30257 0.000010
30258 0.000012
30259 0.000013
30260 0.000012
30261 0.000015
30262 0.000018
30263 0.000019
30264 0.000016
30265 0.000017
30266 0.000030
30267 0.000025
30268 0.000026
30269 0.000017
30270 0.000020
30271 0.000019
30272 0.000019
30273 0.000022
30274 0.000009
30275 0.000014
30276 0.000025
30277 0.000033
30278 0.000034
30279 0.000012
30280 0.000034
30281 0.000045
30282 0.000053
30283 0.000049
30284 0.000044
30285 0.000024
30286 0.000017
30287 0.000038
30288 0.000027
30289 0.000026
30290 0.000021
30291 0.000021
30292 0.000006
30293 0.000030
30294 0.000015
30295 0.000025
30296 0.000013
30297 0.000009
30298 0.000014
30299 0.000025
30300 0.000013
30301 0.000008
30302 0.000012
30303 0.000006
30304 0.000011
30305 0.000012
30306 0.000010
30307 0.000009
30308 0.000017
30309 0.000007
30310 0.000010
30311 0.000006
30312 0.000007
30313 0.000009
30314 0.000025
30315 0.000014
30316 0.000015
30317 0.000007
30318 0.000005
30319 0.000008
30320 0.000020
30321 0.000019
30322 0.000017
30323 0.000018
30324 0.000034
30325 0.000020
30326 0.000052
30327 0.000017
30328 0.000019
30329 0.000037
30330 0.000022
30331 0.000009
30332 0.000009
30333 0.000006
30334 0.000004
30335 0.000024
30336 0.000024
30337 0.000010
30338 0.000025
30339 0.000019
30340 0.000014
30341 0.000017
30342 0.000009
30343 0.000023
30344 0.000017
30345 0.000021
30346 0.000029
30347 0.000030
30348 0.000013
30349 0.000034
30350 0.000026
30351 0.000023
30352 0.000029
30353 0.000033
30354 0.000037
30355 0.000011
30356 0.000018
30357 0.000013
30358 0.000015
30359 0.000019
30360 0.000024
30361 0.000028
30362 0.000018
30363 0.000013
30364 0.000014
30365 0.000027
30366 0.000007
30367 0.000016
30368 0.000005
30369 0.000011
30370 0.000018
30371 0.000021
30372 0.000036
30373 0.000031
30374 0.000015
30375 0.000022
30376 0.000008
30377 0.000018
30378 0.000013
30379 0.000016
30380 0.000013
30381 0.000036
30382 0.000034
30383 0.000021
30384 0.000018
30385 0.000018
30386 0.000030
30387 0.000024
30388 0.000037
30389 0.000018
30390 0.000010
30391 0.000017
30392 0.000008
30393 0.000017
30394 0.000014
30395 0.000031
30396 0.000026
30397 0.000010
30398 0.000027
30399 0.000014
30400 0.000017
30401 0.000021
30402 0.000007
30403 0.000024
30404 0.000030
30405 0.000014
30406 0.000015
30407 0.000017
30408 0.000028
30409 0.000046
30410 0.000022
30411 0.000027
30412 0.000051
30413 0.000047
30414 0.000019
30415 0.000027
30416 0.000021
30417 0.000006
30418 0.000005
30419 0.000004
30420 0.000008
30421 0.000015
30422 0.000027
30423 0.000016
30424 0.000019
30425 0.000010
30426 0.000018
30427 0.000011
30428 0.000005
30429 0.000010
30430 0.000021
30431 0.000019
30432 0.000012
30433 0.000008
30434 0.000004
30435 0.000008
30436 0.000026
30437 0.000032
30438 0.000008
30439 0.000017
30440 0.000010
30441 0.000007
30442 0.000011
30443 0.000027
30444 0.000027
30445 0.000021
30446 0.000024
30447 0.000018
30448 0.000011
30449 0.000005
30450 0.000020
30451 0.000012
30452 0.000016
30453 0.000028
30454 0.000040
30455 0.000030
30456 0.000018
30457 0.000023
30458 0.000013
30459 0.000022
30460 0.000015
30461 0.000019
30462 0.000013
30463 0.000019
30464 0.000011
30465 0.000008
30466 0.000017
30467 0.000023
30468 0.000007
30469 0.000015
30470 0.000013
30471 0.000031
30472 0.000036
30473 0.000035
30474 0.000024
30475 0.000031
30476 0.000023
30477 0.000025
30478 0.000018
30479 0.000018
30480 0.000008
30481 0.000009
30482 0.000007
30483 0.000035
30484 0.000017
30485 0.000030
30486 0.000033
30487 0.000039
30488 0.000012
30489 0.000019
30490 0.000011
30491 0.000020
30492 0.000029
30493 0.000041
30494 0.000027
30495 0.000015
30496 0.000009
30497 0.000029
30498 0.000012
30499 0.000006
30500 0.000021
30501 0.000009
30502 0.000026
30503 0.000028
30504 0.000010
30505 0.000014
30506 0.000012
30507 0.000005
30508 0.000015
30509 0.000016
30510 0.000018
30511 0.000011
30512 0.000023
30513 0.000030
30514 0.000015
30515 0.000007
30516 0.000021
30517 0.000032
30518 0.000025
30519 0.000034
30520 0.000044
30521 0.000044
30522 0.000046
30523 0.000024
30524 0.000025
30525 0.000034
30526 0.000014
30527 0.000013
30528 0.000009
30529 0.000014
30530 0.000013
30531 0.000024
30532 0.000013
30533 0.000014
30534 0.000018
30535 0.000009
30536 0.000007
30537 0.000016
30538 0.000009
30539 0.000018
30540 0.000011
30541 0.000008
30542 0.000009
30543 0.000021
30544 0.000017
30545 0.000012
30546 0.000010
30547 0.000007
30548 0.000021
30549 0.000011
30550 0.000018
30551 0.000012
30552 0.000008
30553 0.000010
30554 0.000019
30555 0.000026
30556 0.000015
30557 0.000009
30558 0.000026
30559 0.000034
30560 0.000020
30561 0.000010
30562 0.000035
30563 0.000015
30564 0.000029
30565 0.000034
30566 0.000049
30567 0.000034
30568 0.000029
30569 0.000013
30570 0.000015
30571 0.000019
30572 0.000020
30573 0.000018
30574 0.000010
30575 0.000005
30576 0.000010
30577 0.000018
30578 0.000011
30579 0.000024
30580 0.000035
30581 0.000020
30582 0.000013
30583 0.000013
30584 0.000007
30585 0.000006
30586 0.000016
30587 0.000020
30588 0.000009
30589 0.000009
30590 0.000014
30591 0.000014
30592 0.000043
30593 0.000023
30594 0.000024
30595 0.000013
30596 0.000010
30597 0.000016
30598 0.000021
30599 0.000020
30600 0.000026
30601 0.000047
30602 0.000023
30603 0.000008
30604 0.000010
30605 0.000020
30606 0.000017
30607 0.000013
30608 0.000006
30609 0.000009
30610 0.000017
30611 0.000021
30612 0.000011
30613 0.000008
30614 0.000011
30615 0.000020
30616 0.000024
30617 0.000035
30618 0.000015
30619 0.000037
30620 0.000016
30621 0.000028
30622 0.000047
30623 0.000047
30624 0.000022
30625 0.000037
30626 0.000018
30627 0.000014
30628 0.000007
30629 0.000027
30630 0.000028
30631 0.000020
30632 0.000010
30633 0.000016
30634 0.000021
30635 0.000035
30636 0.000015
30637 0.000018
30638 0.000014
30639 0.000011
30640 0.000015
30641 0.000016
30642 0.000027
30643 0.000009
30644 0.000035
30645 0.000036
30646 0.000016
30647 0.000024
30648 0.000016
30649 0.000008
30650 0.000015
30651 0.000013
30652 0.000011
30653 0.000014
30654 0.000023
30655 0.000032
30656 0.000008
30657 0.000031
30658 0.000010
30659 0.000011
30660 0.000008
30661 0.000021
30662 0.000033
30663 0.000039
30664 0.000043
30665 0.000032
30666 0.000016
30667 0.000006
30668 0.000010
30669 0.000010
30670 0.000009
30671 0.000039
30672 0.000051
30673 0.000028
30674 0.000012
30675 0.000018
30676 0.000008
30677 0.000013
30678 0.000012
30679 0.000009
30680 0.000009
30681 0.000013
30682 0.000026
30683 0.000012
30684 0.000024
30685 0.000022
30686 0.000008
30687 0.000027
30688 0.000035
30689 0.000033
30690 0.000009
30691 0.000044
30692 0.000041
30693 0.000015
30694 0.000016
30695 0.000010
30696 0.000019
30697 0.000032
30698 0.000024
30699 0.000021
30700 0.000016
30701 0.000032
30702 0.000020
30703 0.000014
30704 0.000024
30705 0.000013
30706 0.000016
30707 0.000022
30708 0.000022
30709 0.000026
30710 0.000039
30711 0.000037
30712 0.000022
30713 0.000028
30714 0.000023
30715 0.000008
30716 0.000025
30717 0.000023
30718 0.000014
30719 0.000015
30720 0.000027
30721 0.000012
30722 0.000006
30723 0.000037
30724 0.000029
30725 0.000024
30726 0.000029
30727 0.000008
30728 0.000016
30729 0.000016
30730 0.000016
30731 0.000015
30732 0.000018
30733 0.000015
30734 0.000006
30735 0.000015
30736 0.000028
30737 0.000017
30738 0.000024
30739 0.000034
30740 0.000038
30741 0.000030
30742 0.000015
30743 0.000014
30744 0.000010
30745 0.000008
30746 0.000013
30747 0.000012
30748 0.000019
30749 0.000027
30750 0.000014
30751 0.000027
30752 0.000013
30753 0.000011
30754 0.000033
30755 0.000019
30756 0.000019
30757 0.000037
30758 0.000012
30759 0.000006
30760 0.000005
30761 0.000014
30762 0.000022
30763 0.000032
30764 0.000021
30765 0.000009
30766 0.000020
30767 0.000018
30768 0.000020
30769 0.000037
30770 0.000017
30771 0.000015
30772 0.000014
30773 0.000006
30774 0.000010
30775 0.000021
30776 0.000030
30777 0.000046
30778 0.000028
30779 0.000030
30780 0.000029
30781 0.000020
30782 0.000016
30783 0.000022
30784 0.000022
30785 0.000036
30786 0.000028
30787 0.000020
30788 0.000012
30789 0.000023
30790 0.000013
30791 0.000024
30792 0.000019
30793 0.000012
30794 0.000006
30795 0.000006
30796 0.000007
30797 0.000005
30798 0.000004
30799 0.000020
30800 0.000006
30801 0.000011
30802 0.000012
30803 0.000013
30804 0.000034
30805 0.000022
30806 0.000010
30807 0.000022
30808 0.000015
30809 0.000021
30810 0.000012
30811 0.000007
30812 0.000017
30813 0.000017
30814 0.000023
30815 0.000015
30816 0.000037
30817 0.000022
30818 0.000027
30819 0.000011
30820 0.000006
30821 0.000013
30822 0.000022
30823 0.000015
30824 0.000024
30825 0.000013
30826 0.000024
30827 0.000016
30828 0.000013
30829 0.000017
30830 0.000015
30831 0.000024
30832 0.000011
30833 0.000011
30834 0.000016
30835 0.000017
30836 0.000031
30837 0.000021
30838 0.000021
30839 0.000027
30840 0.000027
30841 0.000029
30842 0.000009
30843 0.000007
30844 0.000026
30845 0.000014
30846 0.000010
30847 0.000013
30848 0.000018
30849 0.000023
30850 0.000015
30851 0.000025
30852 0.000013
30853 0.000015
30854 0.000018
30855 0.000018
30856 0.000033
30857 0.000017
30858 0.000021
30859 0.000016
30860 0.000007
30861 0.000023
30862 0.000018
30863 0.000025
30864 0.000016
30865 0.000017
30866 0.000008
30867 0.000006
30868 0.000009
30869 0.000037
30870 0.000028
30871 0.000026
30872 0.000022
30873 0.000017
30874 0.000011
30875 0.000010
30876 0.000013
30877 0.000032
30878 0.000025
30879 0.000030
30880 0.000028
30881 0.000018
30882 0.000019
30883 0.000011
30884 0.000014
30885 0.000019
30886 0.000031
30887 0.000020
30888 0.000028
30889 0.000025
30890 0.000047
30891 0.000043
30892 0.000021
30893 0.000021
30894 0.000030
30895 0.000016
30896 0.000032
30897 0.000013
30898 0.000011
30899 0.000017
30900 0.000035
30901 0.000045
30902 0.000029
30903 0.000035
30904 0.000016
30905 0.000006
30906 0.000013
30907 0.000013
30908 0.000008
30909 0.000020
30910 0.000016
30911 0.000014
30912 0.000014
30913 0.000012
30914 0.000025
30915 0.000018
30916 0.000027
30917 0.000015
30918 0.000011
30919 0.000038
30920 0.000019
30921 0.000015
30922 0.000009
30923 0.000018
30924 0.000028
30925 0.000010
30926 0.000012
30927 0.000020
30928 0.000042
30929 0.000046
30930 0.000040
30931 0.000034
30932 0.000029
30933 0.000042
30934 0.000015
30935 0.000013
30936 0.000010
30937 0.000005
30938 0.000038
30939 0.000026
30940 0.000019
30941 0.000021
30942 0.000026
30943 0.000029
30944 0.000039
30945 0.000035
30946 0.000026
30947 0.000032
30948 0.000025
30949 0.000022
30950 0.000010
30951 0.000024
30952 0.000013
30953 0.000020
30954 0.000015
30955 0.000022
30956 0.000042
30957 0.000026
30958 0.000033
30959 0.000021
30960 0.000017
30961 0.000031
30962 0.000023
30963 0.000026
30964 0.000032
30965 0.000031
30966 0.000023
30967 0.000021
30968 0.000032
30969 0.000023
30970 0.000027
30971 0.000015
30972 0.000013
30973 0.000009
30974 0.000005
30975 0.000004
30976 0.000010
30977 0.000012
30978 0.000008
30979 0.000004
30980 0.000019
30981 0.000009
30982 0.000005
30983 0.000015
30984 0.000021
30985 0.000039
30986 0.000019
30987 0.000018
30988 0.000032
30989 0.000037
30990 0.000031
30991 0.000025
30992 0.000028
30993 0.000031
30994 0.000017
30995 0.000024
30996 0.000028
30997 0.000015
30998 0.000013
30999 0.000010
31000 0.000007
31001 0.000005
31002 0.000014
31003 0.000021
31004 0.000020
31005 0.000009
31006 0.000015
31007 0.000033
31008 0.000009
31009 0.000019
31010 0.000029
31011 0.000021
31012 0.000042
31013 0.000010
31014 0.000033
31015 0.000025
31016 0.000025
31017 0.000022
31018 0.000010
31019 0.000023
31020 0.000047
31021 0.000047
31022 0.000040
31023 0.000027
31024 0.000027
31025 0.000032
31026 0.000029
31027 0.000019
31028 0.000015
31029 0.000008
31030 0.000019
31031 0.000023
31032 0.000020
31033 0.000011
31034 0.000012
31035 0.000008
31036 0.000012
31037 0.000005
31038 0.000005
31039 0.000016
31040 0.000021
31041 0.000032
31042 0.000022
31043 0.000028
31044 0.000011
31045 0.000019
31046 0.000008
31047 0.000021
31048 0.000026
31049 0.000009
31050 0.000011
31051 0.000014
31052 0.000008
31053 0.000020
31054 0.000018
31055 0.000025
31056 0.000021
31057 0.000009
31058 0.000025
31059 0.000014
31060 0.000014
31061 0.000020
31062 0.000037
31063 0.000011
31064 0.000028
31065 0.000034
31066 0.000026
31067 0.000032
31068 0.000035
31069 0.000036
31070 0.000023
31071 0.000019
31072 0.000012
31073 0.000023
31074 0.000009
31075 0.000025
31076 0.000023
31077 0.000013
31078 0.000023
31079 0.000006
31080 0.000010
31081 0.000019
31082 0.000008
31083 0.000011
31084 0.000014
31085 0.000014
31086 0.000011
31087 0.000016
31088 0.000028
31089 0.000012
31090 0.000010
31091 0.000020
31092 0.000024
31093 0.000037
31094 0.000052
31095 0.000052
31096 0.000020
31097 0.000010
31098 0.000023
31099 0.000029
31100 0.000022
31101 0.000009
31102 0.000011
31103 0.000022
31104 0.000028
31105 0.000026
31106 0.000006
31107 0.000034
31108 0.000021
31109 0.000015
31110 0.000041
31111 0.000021
31112 0.000043
31113 0.000044
31114 0.000045
31115 0.000033
31116 0.000021
31117 0.000007
31118 0.000014
31119 0.000024
31120 0.000028
31121 0.000036
31122 0.000021
31123 0.000018
31124 0.000012
31125 0.000020
31126 0.000024
31127 0.000006
31128 0.000029
31129 0.000011
31130 0.000008
31131 0.000020
31132 0.000016
31133 0.000029
31134 0.000018
31135 0.000013
31136 0.000014
31137 0.000016
31138 0.000013
31139 0.000010
31140 0.000019
31141 0.000014
31142 0.000011
31143 0.000011
31144 0.000011
31145 0.000012
31146 0.000019
31147 0.000013
31148 0.000011
31149 0.000018
31150 0.000015
31151 0.000016
31152 0.000027
31153 0.000030
31154 0.000019
31155 0.000011
31156 0.000010
31157 0.000022
31158 0.000009
31159 0.000011
31160 0.000032
31161 0.000029
31162 0.000027
31163 0.000043
31164 0.000014
31165 0.000010
31166 0.000007
31167 0.000020
31168 0.000024
31169 0.000012
31170 0.000015
31171 0.000016
31172 0.000009
31173 0.000011
31174 0.000004
31175 0.000015
31176 0.000021
31177 0.000020
31178 0.000025
31179 0.000011
31180 0.000004
31181 0.000015
31182 0.000017
31183 0.000015
31184 0.000019
31185 0.000007
31186 0.000014
31187 0.000005
31188 0.000006
31189 0.000018
31190 0.000039
31191 0.000015
31192 0.000024
31193 0.000015
31194 0.000015
31195 0.000022
31196 0.000011
31197 0.000014
31198 0.000010
31199 0.000013
31200 0.000005
31201 0.000004
31202 0.000008
31203 0.000009
31204 0.000005
31205 0.000013
31206 0.000005
31207 0.000019
31208 0.000028
31209 0.000027
31210 0.000018
31211 0.000009
31212 0.000011
31213 0.000011
31214 0.000015
31215 0.000006
31216 0.000007
31217 0.000005
31218 0.000032
31219 0.000022
31220 0.000014
31221 0.000015
31222 0.000027
31223 0.000018
31224 0.000015
31225 0.000028
31226 0.000018
31227 0.000021
31228 0.000039
31229 0.000022
31230 0.000009
31231 0.000010
31232 0.000010
31233 0.000028
31234 0.000031
31235 0.000045
31236 0.000023
31237 0.000011
31238 0.000021
31239 0.000023
31240 0.000021
31241 0.000020
31242 0.000026
31243 0.000019
31244 0.000036
31245 0.000017
31246 0.000019
31247 0.000014
31248 0.000029
31249 0.000015
31250 0.000006
31251 0.000033
31252 0.000046
31253 0.000033
31254 0.000041
31255 0.000035
31256 0.000020
31257 0.000036
31258 0.000033
31259 0.000031
31260 0.000024
31261 0.000010
31262 0.000011
31263 0.000013
31264 0.000027
31265 0.000008
31266 0.000034
31267 0.000022
31268 0.000023
31269 0.000039
31270 0.000033
31271 0.000025
31272 0.000028
31273 0.000018
31274 0.000033
31275 0.000010
31276 0.000023
31277 0.000030
31278 0.000009
31279 0.000010
31280 0.000011
31281 0.000006
31282 0.000018
31283 0.000038
31284 0.000039
31285 0.000031
31286 0.000014
31287 0.000012
31288 0.000015
31289 0.000007
31290 0.000023
31291 0.000022
31292 0.000009
31293 0.000014
31294 0.000025
31295 0.000008
31296 0.000006
31297 0.000019
31298 0.000008
31299 0.000011
31300 0.000009
31301 0.000009
31302 0.000013
31303 0.000029
31304 0.000014
31305 0.000030
31306 0.000029
31307 0.000011
31308 0.000017
31309 0.000009
31310 0.000019
31311 0.000020
31312 0.000011
31313 0.000009
31314 0.000007
31315 0.000039
31316 0.000042
31317 0.000012
31318 0.000014
31319 0.000012
31320 0.000024
31321 0.000023
31322 0.000010
31323 0.000020
31324 0.000007
31325 0.000019
31326 0.000013
31327 0.000039
31328 0.000018
31329 0.000017
31330 0.000020
31331 0.000014
31332 0.000008
31333 0.000021
31334 0.000025
31335 0.000016
31336 0.000019
31337 0.000012
31338 0.000015
31339 0.000029
31340 0.000013
31341 0.000043
31342 0.000017
31343 0.000015
31344 0.000022
31345 0.000014
31346 0.000039
31347 0.000036
31348 0.000022
31349 0.000013
31350 0.000010
31351 0.000025
31352 0.000014
31353 0.000020
31354 0.000012
31355 0.000021
31356 0.000016
31357 0.000023
31358 0.000012
31359 0.000032
31360 0.000021
31361 0.000028
31362 0.000050
31363 0.000034
31364 0.000016
31365 0.000019
31366 0.000020
31367 0.000008
31368 0.000027
31369 0.000017
31370 0.000012
31371 0.000017
31372 0.000011
31373 0.000013
31374 0.000007
31375 0.000023
31376 0.000024
31377 0.000010
31378 0.000014
31379 0.000018
31380 0.000011
31381 0.000019
31382 0.000016
31383 0.000012
31384 0.000019
31385 0.000035
31386 0.000049
31387 0.000053
31388 0.000032
31389 0.000023
31390 0.000019
31391 0.000034
31392 0.000010
31393 0.000019
31394 0.000020
31395 0.000009
31396 0.000010
31397 0.000031
31398 0.000022
31399 0.000012
31400 0.000013
31401 0.000018
31402 0.000026
31403 0.000013
31404 0.000026
31405 0.000028
31406 0.000020
31407 0.000016
31408 0.000009
31409 0.000004
31410 0.000007
31411 0.000011
31412 0.000008
31413 0.000005
31414 0.000021
31415 0.000030
31416 0.000019
31417 0.000012
31418 0.000019
31419 0.000017
31420 0.000008
31421 0.000010
31422 0.000009
31423 0.000014
31424 0.000023
31425 0.000015
31426 0.000009
31427 0.000045
31428 0.000013
31429 0.000023
31430 0.000013
31431 0.000021
31432 0.000021
31433 0.000027
31434 0.000026
31435 0.000013
31436 0.000020
31437 0.000007
31438 0.000034
31439 0.000016
31440 0.000014
31441 0.000016
31442 0.000023
31443 0.000010
31444 0.000016
31445 0.000019
31446 0.000026
31447 0.000015
31448 0.000009
31449 0.000020
31450 0.000014
31451 0.000031
31452 0.000023
31453 0.000024
31454 0.000013
31455 0.000027
31456 0.000027
31457 0.000011
31458 0.000009
31459 0.000024
31460 0.000010
31461 0.000047
31462 0.000031
31463 0.000010
31464 0.000032
31465 0.000033
31466 0.000015
31467 0.000013
31468 0.000013
31469 0.000009
31470 0.000023
31471 0.000029
31472 0.000009
31473 0.000009
31474 0.000007
31475 0.000011
31476 0.000008
31477 0.000016
31478 0.000024
31479 0.000020
31480 0.000020
31481 0.000009
31482 0.000013
31483 0.000010
31484 0.000015
31485 0.000026
31486 0.000014
31487 0.000015
31488 0.000017
31489 0.000020
31490 0.000035
31491 0.000028
31492 0.000027
31493 0.000015
31494 0.000019
31495 0.000025
31496 0.000042
31497 0.000032
31498 0.000013
31499 0.000011
31500 0.000006
31501 0.000010
31502 0.000021
31503 0.000016
31504 0.000010
31505 0.000018
31506 0.000028
31507 0.000027
31508 0.000031
31509 0.000020
31510 0.000018
31511 0.000010
31512 0.000004
31513 0.000012
31514 0.000008
31515 0.000007
31516 0.000015
31517 0.000015
31518 0.000023
31519 0.000008
31520 0.000017
31521 0.000019
31522 0.000027
31523 0.000019
31524 0.000008
31525 0.000025
31526 0.000046
31527 0.000017
31528 0.000010
31529 0.000017
31530 0.000012
31531 0.000005
31532 0.000007
31533 0.000020
31534 0.000012
31535 0.000036
31536 0.000029
31537 0.000011
31538 0.000014
31539 0.000006
31540 0.000022
31541 0.000009
31542 0.000024
31543 0.000012
31544 0.000021
31545 0.000014
31546 0.000007
31547 0.000028
31548 0.000035
31549 0.000013
31550 0.000026
31551 0.000035
31552 0.000044
31553 0.000046
31554 0.000037
31555 0.000014
31556 0.000016
31557 0.000019
31558 0.000022
31559 0.000032
31560 0.000045
31561 0.000011
31562 0.000030
31563 0.000028
31564 0.000013
31565 0.000013
31566 0.000021
31567 0.000015
31568 0.000007
31569 0.000020
31570 0.000017
31571 0.000019
31572 0.000016
31573 0.000020
31574 0.000021
31575 0.000017
31576 0.000010
31577 0.000006
31578 0.000012
31579 0.000008
31580 0.000006
31581 0.000016
31582 0.000008
31583 0.000009
31584 0.000011
31585 0.000012
31586 0.000021
31587 0.000012
31588 0.000017
31589 0.000010
31590 0.000010
31591 0.000026
31592 0.000052
31593 0.000018
31594 0.000016
31595 0.000012
31596 0.000025
31597 0.000015
31598 0.000035
31599 0.000027
31600 0.000026
31601 0.000018
31602 0.000020
31603 0.000024
31604 0.000027
31605 0.000044
31606 0.000015
31607 0.000027
31608 0.000011
31609 0.000018
31610 0.000022
31611 0.000010
31612 0.000019
31613 0.000018
31614 0.000006
31615 0.000012
31616 0.000019
31617 0.000021
31618 0.000012
31619 0.000008
31620 0.000010
31621 0.000026
31622 0.000014
31623 0.000047
31624 0.000028
31625 0.000012
31626 0.000008
31627 0.000016
31628 0.000010
31629 0.000015
31630 0.000021
31631 0.000051
31632 0.000022
31633 0.000017
31634 0.000026
31635 0.000014
31636 0.000010
31637 0.000014
31638 0.000029
31639 0.000020
31640 0.000021
31641 0.000019
31642 0.000024
31643 0.000023
31644 0.000023
31645 0.000018
31646 0.000018
31647 0.000020
31648 0.000042
31649 0.000028
31650 0.000029
31651 0.000040
31652 0.000050
31653 0.000016
31654 0.000019
31655 0.000022
31656 0.000010
31657 0.000008
31658 0.000012
31659 0.000014
31660 0.000038
31661 0.000029
31662 0.000028
31663 0.000015
31664 0.000009
31665 0.000014
31666 0.000025
31667 0.000035
31668 0.000036
31669 0.000024
31670 0.000012
31671 0.000008
31672 0.000021
31673 0.000024
31674 0.000014
31675 0.000012
31676 0.000009
31677 0.000005
31678 0.000014
31679 0.000014
31680 0.000027
31681 0.000008
31682 0.000011
31683 0.000019
31684 0.000020
31685 0.000031
31686 0.000016
31687 0.000020
31688 0.000042
31689 0.000027
31690 0.000022
31691 0.000028
31692 0.000018
31693 0.000031
31694 0.000012
31695 0.000019
31696 0.000012
31697 0.000032
31698 0.000018
31699 0.000031
31700 0.000012
31701 0.000013
31702 0.000023
31703 0.000026
31704 0.000025
31705 0.000023
31706 0.000020
31707 0.000014
31708 0.000024
31709 0.000023
31710 0.000023
31711 0.000015
31712 0.000013
31713 0.000020
31714 0.000015
31715 0.000010
31716 0.000012
31717 0.000019
31718 0.000007
31719 0.000007
31720 0.000012
31721 0.000021
31722 0.000028
31723 0.000024
31724 0.000014
31725 0.000023
31726 0.000014
31727 0.000010
31728 0.000011
31729 0.000011
31730 0.000007
31731 0.000013
31732 0.000032
31733 0.000022
31734 0.000021
31735 0.000013
31736 0.000022
31737 0.000012
31738 0.000012
31739 0.000017
31740 0.000007
31741 0.000005
31742 0.000004
31743 0.000004
31744 0.000015
31745 0.000020
31746 0.000012
31747 0.000012
31748 0.000032
31749 0.000020
31750 0.000022
31751 0.000018
31752 0.000008
31753 0.000010
31754 0.000030
31755 0.000020
31756 0.000026
31757 0.000010
31758 0.000019
31759 0.000033
31760 0.000027
31761 0.000041
31762 0.000028
31763 0.000028
31764 0.000010
31765 0.000010
31766 0.000022
31767 0.000023
31768 0.000028
31769 0.000020
31770 0.000012
31771 0.000008
31772 0.000016
31773 0.000009
31774 0.000016
31775 0.000045
31776 0.000039
31777 0.000022
31778 0.000026
31779 0.000017
31780 0.000009
31781 0.000019
31782 0.000008
31783 0.000007
31784 0.000011
31785 0.000017
31786 0.000021
31787 0.000006
31788 0.000005
31789 0.000014
31790 0.000006
31791 0.000034
31792 0.000018
31793 0.000021
31794 0.000021
31795 0.000024
31796 0.000014
31797 0.000010
31798 0.000022
31799 0.000030
31800 0.000026
31801 0.000009
31802 0.000018
31803 0.000021
31804 0.000016
31805 0.000016
31806 0.000014
31807 0.000020
31808 0.000007
31809 0.000009
31810 0.000014
31811 0.000013
31812 0.000014
31813 0.000023
31814 0.000053
31815 0.000018
31816 0.000006
31817 0.000009
31818 0.000014
31819 0.000008
31820 0.000004
31821 0.000009
31822 0.000010
31823 0.000019
31824 0.000016
31825 0.000014
31826 0.000025
31827 0.000022
31828 0.000047
31829 0.000018
31830 0.000017
31831 0.000016
31832 0.000024
31833 0.000013
31834 0.000012
31835 0.000016
31836 0.000021
31837 0.000032
31838 0.000027
31839 0.000042
31840 0.000027
31841 0.000017
31842 0.000021
31843 0.000015
31844 0.000007
31845 0.000009
31846 0.000021
31847 0.000028
31848 0.000017
31849 0.000010
31850 0.000004
31851 0.000012
31852 0.000016
31853 0.000022
31854 0.000012
31855 0.000027
31856 0.000032
31857 0.000034
31858 0.000029
31859 0.000018
31860 0.000016
31861 0.000012
31862 0.000015
31863 0.000008
31864 0.000008
31865 0.000030
31866 0.000015
31867 0.000028
31868 0.000021
31869 0.000036
31870 0.000016
31871 0.000018
31872 0.000026
31873 0.000022
31874 0.000026
31875 0.000048
31876 0.000016
31877 0.000043
31878 0.000021
31879 0.000019
31880 0.000019
31881 0.000013
31882 0.000013
31883 0.000027
31884 0.000011
31885 0.000017
31886 0.000011
31887 0.000005
31888 0.000008
31889 0.000007
31890 0.000004
31891 0.000008
31892 0.000017
31893 0.000016
31894 0.000006
31895 0.000014
31896 0.000023
31897 0.000010
31898 0.000024
31899 0.000013
31900 0.000008
31901 0.000014
31902 0.000025
31903 0.000018
31904 0.000022
31905 0.000026
31906 0.000012
31907 0.000013
31908 0.000017
31909 0.000015
31910 0.000023
31911 0.000024
31912 0.000021
31913 0.000035
31914 0.000013
31915 0.000025
31916 0.000045
31917 0.000044
31918 0.000014
31919 0.000040
31920 0.000039
31921 0.000010
31922 0.000016
31923 0.000013
31924 0.000018
31925 0.000009
31926 0.000013
31927 0.000005
31928 0.000014
31929 0.000024
31930 0.000019
31931 0.000033
31932 0.000015
31933 0.000037
31934 0.000017
31935 0.000024
31936 0.000017
31937 0.000009
31938 0.000021
31939 0.000012
31940 0.000021
31941 0.000024
31942 0.000033
31943 0.000049
31944 0.000057
31945 0.000032
31946 0.000017
31947 0.000010
31948 0.000011
31949 0.000011
31950 0.000008
31951 0.000019
31952 0.000008
31953 0.000009
31954 0.000016
31955 0.000006
31956 0.000010
31957 0.000013
31958 0.000008
31959 0.000011
31960 0.000016
31961 0.000012
31962 0.000020
31963 0.000009
31964 0.000012
31965 0.000006
31966 0.000024
31967 0.000016
31968 0.000014
31969 0.000012
31970 0.000016
31971 0.000010
31972 0.000013
31973 0.000016
31974 0.000006
31975 0.000009
31976 0.000013
31977 0.000015
31978 0.000028
31979 0.000012
31980 0.000019
31981 0.000015
31982 0.000019
31983 0.000019
31984 0.000026
31985 0.000010
31986 0.000022
31987 0.000021
31988 0.000018
31989 0.000012
31990 0.000008
31991 0.000022
31992 0.000021
31993 0.000021
31994 0.000019
31995 0.000023
31996 0.000025
31997 0.000010
31998 0.000016
31999 0.000027
32000 0.000015
32001 0.000020
32002 0.000015
32003 0.000043
32004 0.000017
32005 0.000014
32006 0.000021
32007 0.000024
32008 0.000034
32009 0.000009
32010 0.000005
32011 0.000009
32012 0.000022
32013 0.000026
32014 0.000020
32015 0.000011
32016 0.000019
32017 0.000019
32018 0.000022
32019 0.000026
32020 0.000024
32021 0.000020
32022 0.000020
32023 0.000014
32024 0.000010
32025 0.000025
32026 0.000015
32027 0.000022
32028 0.000022
32029 0.000019
32030 0.000036
32031 0.000025
32032 0.000013
32033 0.000027
32034 0.000027
32035 0.000028
32036 0.000011
32037 0.000011
32038 0.000006
32039 0.000027
32040 0.000029
32041 0.000030
32042 0.000017
32043 0.000016
32044 0.000021
32045 0.000009
32046 0.000012
32047 0.000023
32048 0.000013
32049 0.000019
32050 0.000008
32051 0.000023
32052 0.000038
32053 0.000017
32054 0.000010
32055 0.000013
32056 0.000015
32057 0.000009
32058 0.000007
32059 0.000025
32060 0.000020
32061 0.000016
32062 0.000022
32063 0.000012
32064 0.000012
32065 0.000019
32066 0.000017
32067 0.000034
32068 0.000016
32069 0.000016
32070 0.000030
32071 0.000014
32072 0.000012
32073 0.000032
32074 0.000037
32075 0.000019
32076 0.000019
32077 0.000005
32078 0.000013
32079 0.000013
32080 0.000009
32081 0.000007
32082 0.000010
32083 0.000014
32084 0.000010
32085 0.000013
32086 0.000015
32087 0.000010
32088 0.000022
32089 0.000023
32090 0.000027
32091 0.000053
32092 0.000028
32093 0.000016
32094 0.000024
32095 0.000017
32096 0.000010
32097 0.000011
32098 0.000028
32099 0.000026
32100 0.000007
32101 0.000011
32102 0.000020
32103 0.000014
32104 0.000024
32105 0.000013
32106 0.000008
32107 0.000009
32108 0.000010
32109 0.000007
32110 0.000028
32111 0.000046
32112 0.000030
32113 0.000017
32114 0.000019
32115 0.000011
32116 0.000016
32117 0.000011
32118 0.000028
32119 0.000024
32120 0.000013
32121 0.000021
32122 0.000013
32123 0.000018
32124 0.000020
32125 0.000013
32126 0.000018
32127 0.000025
32128 0.000022
32129 0.000024
32130 0.000030
32131 0.000032
32132 0.000014
32133 0.000014
32134 0.000021
32135 0.000007
32136 0.000008
32137 0.000009
32138 0.000012
32139 0.000022
32140 0.000024
32141 0.000018
32142 0.000021
32143 0.000023
32144 0.000023
32145 0.000033
32146 0.000047
32147 0.000019
32148 0.000031
32149 0.000063
32150 0.000032
32151 0.000011
32152 0.000022
32153 0.000009
32154 0.000024
32155 0.000016
32156 0.000012
32157 0.000010
32158 0.000022
32159 0.000042
32160 0.000044
32161 0.000015
32162 0.000005
32163 0.000012
32164 0.000018
32165 0.000023
32166 0.000008
32167 0.000024
32168 0.000027
32169 0.000007
32170 0.000025
32171 0.000023
32172 0.000013
32173 0.000012
32174 0.000031
32175 0.000023
32176 0.000016
32177 0.000012
32178 0.000009
32179 0.000011
32180 0.000010
32181 0.000009
32182 0.000009
32183 0.000019
32184 0.000011
32185 0.000006
32186 0.000008
32187 0.000009
32188 0.000016
32189 0.000008
32190 0.000023
32191 0.000020
32192 0.000032
32193 0.000011
32194 0.000007
32195 0.000019
32196 0.000020
32197 0.000008
32198 0.000018
32199 0.000007
32200 0.000012
32201 0.000026
32202 0.000029
32203 0.000036
32204 0.000020
32205 0.000013
32206 0.000023
32207 0.000022
32208 0.000022
32209 0.000017
32210 0.000011
32211 0.000017
32212 0.000008
32213 0.000030
32214 0.000035
32215 0.000010
32216 0.000013
32217 0.000023
32218 0.000019
32219 0.000034
32220 0.000031
32221 0.000028
32222 0.000024
32223 0.000027
32224 0.000026
32225 0.000014
32226 0.000015
32227 0.000024
32228 0.000022
32229 0.000029
32230 0.000022
32231 0.000026
32232 0.000022
32233 0.000013
32234 0.000026
32235 0.000036
32236 0.000016
32237 0.000034
32238 0.000017
32239 0.000009
32240 0.000009
32241 0.000015
32242 0.000018
32243 0.000022
32244 0.000028
32245 0.000009
32246 0.000013
32247 0.000011
32248 0.000011
32249 0.000027
32250 0.000016
32251 0.000021
32252 0.000009
32253 0.000013
32254 0.000041
32255 0.000021
32256 0.000011
32257 0.000008
32258 0.000019
32259 0.000019
32260 0.000021
32261 0.000013
32262 0.000020
32263 0.000011
32264 0.000021
32265 0.000019
32266 0.000052
32267 0.000081
32268 0.000082
32269 0.000036
32270 0.000020
32271 0.000011
32272 0.000016
32273 0.000006
32274 0.000033
32275 0.000047
32276 0.000038
32277 0.000038
32278 0.000020
32279 0.000022
32280 0.000017
32281 0.000011
32282 0.000012
32283 0.000008
32284 0.000033
32285 0.000026
32286 0.000030
32287 0.000028
32288 0.000017
32289 0.000018
32290 0.000017
32291 0.000012
32292 0.000032
32293 0.000039
32294 0.000027
32295 0.000012
32296 0.000011
32297 0.000021
32298 0.000015
32299 0.000030
32300 0.000036
32301 0.000031
32302 0.000012
32303 0.000020
32304 0.000018
32305 0.000025
32306 0.000006
32307 0.000009
32308 0.000024
32309 0.000031
32310 0.000036
32311 0.000018
32312 0.000036
32313 0.000039
32314 0.000019
32315 0.000036
32316 0.000050
32317 0.000014
32318 0.000046
32319 0.000033
32320 0.000026
32321 0.000012
32322 0.000018
32323 0.000009
32324 0.000029
32325 0.000023
32326 0.000021
32327 0.000032
32328 0.000035
32329 0.000020
32330 0.000010
32331 0.000014
32332 0.000015
32333 0.000009
32334 0.000030
32335 0.000017
32336 0.000013
32337 0.000014
32338 0.000020
32339 0.000017
32340 0.000015
32341 0.000025
32342 0.000011
32343 0.000012
32344 0.000006
32345 0.000020
32346 0.000013
32347 0.000020
32348 0.000025
32349 0.000013
32350 0.000011
32351 0.000024
32352 0.000031
32353 0.000025
32354 0.000032
32355 0.000026
32356 0.000014
32357 0.000011
32358 0.000019
32359 0.000025
32360 0.000036
32361 0.000013
32362 0.000024
32363 0.000025
32364 0.000013
32365 0.000009
32366 0.000012
32367 0.000016
32368 0.000008
32369 0.000013
32370 0.000007
32371 0.000009
32372 0.000011
32373 0.000015
32374 0.000013
32375 0.000034
32376 0.000016
32377 0.000011
32378 0.000007
32379 0.000004
32380 0.000006
32381 0.000014
32382 0.000018
32383 0.000030
32384 0.000026
32385 0.000020
32386 0.000029
32387 0.000021
32388 0.000021
32389 0.000009
32390 0.000010
32391 0.000033
32392 0.000018
32393 0.000024
32394 0.000040
32395 0.000018
32396 0.000025
32397 0.000031
32398 0.000014
32399 0.000012
32400 0.000013
32401 0.000012
32402 0.000012
32403 0.000021
32404 0.000021
32405 0.000024
32406 0.000028
32407 0.000009
32408 0.000016
32409 0.000014
32410 0.000027
32411 0.000038
32412 0.000036
32413 0.000029
32414 0.000042
32415 0.000031
32416 0.000013
32417 0.000008
32418 0.000016
32419 0.000014
32420 0.000022
32421 0.000008
32422 0.000005
32423 0.000023
32424 0.000012
32425 0.000015
32426 0.000016
32427 0.000028
32428 0.000021
32429 0.000014
32430 0.000026
32431 0.000013
32432 0.000014
32433 0.000010
32434 0.000013
32435 0.000009
32436 0.000015
32437 0.000024
32438 0.000030
32439 0.000018
32440 0.000017
32441 0.000024
32442 0.000014
32443 0.000025
32444 0.000006
32445 0.000007
32446 0.000010
32447 0.000008
32448 0.000011
32449 0.000022
32450 0.000034
32451 0.000014
32452 0.000016
32453 0.000016
32454 0.000020
32455 0.000007
32456 0.000016
32457 0.000029
32458 0.000020
32459 0.000024
32460 0.000035
32461 0.000015
32462 0.000020
32463 0.000015
32464 0.000030
32465 0.000026
32466 0.000013
32467 0.000012
32468 0.000031
32469 0.000025
32470 0.000029
32471 0.000037
32472 0.000045
32473 0.000024
32474 0.000024
32475 0.000018
32476 0.000026
32477 0.000010
32478 0.000014
32479 0.000021
32480 0.000028
32481 0.000015
32482 0.000006
32483 0.000039
32484 0.000019
32485 0.000042
32486 0.000018
32487 0.000012
32488 0.000032
32489 0.000027
32490 0.000020
32491 0.000022
32492 0.000024
32493 0.000015
32494 0.000009
32495 0.000006
32496 0.000015
32497 0.000027
32498 0.000023
32499 0.000035
32500 0.000027
32501 0.000030
32502 0.000022
32503 0.000009
32504 0.000032
32505 0.000021
32506 0.000013
32507 0.000021
32508 0.000019
32509 0.000016
32510 0.000006
32511 0.000019
32512 0.000029
32513 0.000017
32514 0.000026
32515 0.000023
32516 0.000018
32517 0.000021
32518 0.000056
32519 0.000010
32520 0.000006
32521 0.000008
32522 0.000015
32523 0.000007
32524 0.000017
32525 0.000010
32526 0.000009
32527 0.000022
32528 0.000016
32529 0.000013
32530 0.000029
32531 0.000011
32532 0.000016
32533 0.000010
32534 0.000036
32535 0.000019
32536 0.000016
32537 0.000012
32538 0.000028
32539 0.000008
32540 0.000012
32541 0.000012
32542 0.000015
32543 0.000034
32544 0.000012
32545 0.000013
32546 0.000039
32547 0.000013
32548 0.000010
32549 0.000007
32550 0.000006
32551 0.000010
32552 0.000007
32553 0.000024
32554 0.000017
32555 0.000022
32556 0.000026
32557 0.000016
32558 0.000006
32559 0.000012
32560 0.000027
32561 0.000015
32562 0.000019
32563 0.000025
32564 0.000014
32565 0.000023
32566 0.000018
32567 0.000011
32568 0.000014
32569 0.000011
32570 0.000005
32571 0.000013
32572 0.000018
32573 0.000032
32574 0.000027
32575 0.000041
32576 0.000020
32577 0.000032
32578 0.000029
32579 0.000011
32580 0.000019
32581 0.000017
32582 0.000031
32583 0.000032
32584 0.000012
32585 0.000013
32586 0.000017
32587 0.000011
32588 0.000010
32589 0.000026
32590 0.000032
32591 0.000042
32592 0.000021
32593 0.000033
32594 0.000010
32595 0.000006
32596 0.000010
32597 0.000027
32598 0.000046
32599 0.000041
32600 0.000043
32601 0.000056
32602 0.000036
32603 0.000018
32604 0.000023
32605 0.000026
32606 0.000007
32607 0.000010
32608 0.000034
32609 0.000023
32610 0.000013
32611 0.000013
32612 0.000007
32613 0.000020
32614 0.000012
32615 0.000015
32616 0.000017
32617 0.000013
32618 0.000007
32619 0.000005
32620 0.000026
32621 0.000015
32622 0.000025
32623 0.000027
32624 0.000019
32625 0.000011
32626 0.000018
32627 0.000011
32628 0.000012
32629 0.000011
32630 0.000020
32631 0.000024
32632 0.000033
32633 0.000035
32634 0.000049
32635 0.000024
32636 0.000071
32637 0.000015
32638 0.000018
32639 0.000012
32640 0.000030
32641 0.000027
32642 0.000011
32643 0.000014
32644 0.000032
32645 0.000018
32646 0.000005
32647 0.000007
32648 0.000006
32649 0.000022
32650 0.000019
32651 0.000012
32652 0.000025
32653 0.000014
32654 0.000014
32655 0.000007
32656 0.000020
32657 0.000011
32658 0.000041
32659 0.000010
32660 0.000007
32661 0.000014
32662 0.000016
32663 0.000020
32664 0.000020
32665 0.000013
32666 0.000025
32667 0.000024
32668 0.000020
32669 0.000040
32670 0.000039
32671 0.000037
32672 0.000023
32673 0.000028
32674 0.000016
32675 0.000030
32676 0.000018
32677 0.000023
32678 0.000031
32679 0.000018
32680 0.000011
32681 0.000021
32682 0.000031
32683 0.000024
32684 0.000037
32685 0.000015
32686 0.000008
32687 0.000011
32688 0.000014
32689 0.000012
32690 0.000011
32691 0.000016
32692 0.000029
32693 0.000029
32694 0.000035
32695 0.000030
32696 0.000014
32697 0.000027
32698 0.000023
32699 0.000031
32700 0.000025
32701 0.000025
32702 0.000027
32703 0.000013
32704 0.000018
32705 0.000040
32706 0.000015
32707 0.000038
32708 0.000013
32709 0.000014
32710 0.000021
32711 0.000021
32712 0.000029
32713 0.000029
32714 0.000037
32715 0.000016
32716 0.000014
32717 0.000009
32718 0.000007
32719 0.000010
32720 0.000016
32721 0.000006
32722 0.000011
32723 0.000014
32724 0.000012
32725 0.000030
32726 0.000018
32727 0.000013
32728 0.000010
32729 0.000007
32730 0.000014
32731 0.000022
32732 0.000018
32733 0.000018
32734 0.000042
32735 0.000028
32736 0.000031
32737 0.000016
32738 0.000014
32739 0.000029
32740 0.000019
32741 0.000025
32742 0.000035
32743 0.000036
32744 0.000023
32745 0.000015
32746 0.000025
32747 0.000017
32748 0.000023
32749 0.000026
32750 0.000018
32751 0.000011
32752 0.000025
32753 0.000022
32754 0.000010
32755 0.000009
32756 0.000007
32757 0.000009
32758 0.000027
32759 0.000019
32760 0.000019
32761 0.000011
32762 0.000019
32763 0.000014
32764 0.000026
32765 0.000027
32766 0.000015
32767 0.000009
32768 0.000025
32769 0.000031
32770 0.000018
32771 0.000029
32772 0.000010
32773 0.000013
32774 0.000032
32775 0.000018
32776 0.000014
32777 0.000020
32778 0.000012
32779 0.000023
32780 0.000012
32781 0.000025
32782 0.000018
32783 0.000016
32784 0.000036
32785 0.000044
32786 0.000060
32787 0.000059
32788 0.000021
32789 0.000008
32790 0.000005
32791 0.000020
32792 0.000015
32793 0.000020
32794 0.000009
32795 0.000021
32796 0.000023
32797 0.000025
32798 0.000008
32799 0.000023
32800 0.000006
32801 0.000019
32802 0.000021
32803 0.000025
32804 0.000025
32805 0.000015
32806 0.000016
32807 0.000029
32808 0.000041
32809 0.000018
32810 0.000033
32811 0.000016
32812 0.000043
32813 0.000034
32814 0.000020
32815 0.000011
32816 0.000015
32817 0.000017
32818 0.000033
32819 0.000035
32820 0.000035
32821 0.000020
32822 0.000026
32823 0.000024
32824 0.000006
32825 0.000016
32826 0.000027
32827 0.000018
32828 0.000016
32829 0.000023
32830 0.000016
32831 0.000016
32832 0.000033
32833 0.000011
32834 0.000017
32835 0.000023
32836 0.000019
32837 0.000019
32838 0.000019
32839 0.000034
32840 0.000049
32841 0.000027
32842 0.000029
32843 0.000017
32844 0.000022
32845 0.000018
32846 0.000016
32847 0.000023
32848 0.000015
32849 0.000014
32850 0.000014
32851 0.000022
32852 0.000017
32853 0.000010
32854 0.000007
32855 0.000038
32856 0.000028
32857 0.000027
32858 0.000026
32859 0.000019
32860 0.000012
32861 0.000012
32862 0.000008
32863 0.000014
32864 0.000014
32865 0.000038
32866 0.000026
32867 0.000029
32868 0.000015
32869 0.000021
32870 0.000009
32871 0.000005
32872 0.000024
32873 0.000019
32874 0.000029
32875 0.000015
32876 0.000019
32877 0.000018
32878 0.000016
32879 0.000012
32880 0.000018
32881 0.000030
32882 0.000029
32883 0.000017
32884 0.000012
32885 0.000009
32886 0.000005
32887 0.000015
32888 0.000040
32889 0.000020
32890 0.000012
32891 0.000028
32892 0.000026
32893 0.000036
32894 0.000020
32895 0.000023
32896 0.000045
32897 0.000019
32898 0.000007
32899 0.000016
32900 0.000024
32901 0.000049
32902 0.000022
32903 0.000011
32904 0.000025
32905 0.000022
32906 0.000011
32907 0.000038
32908 0.000034
32909 0.000028
32910 0.000017
32911 0.000032
32912 0.000020
32913 0.000021
32914 0.000009
32915 0.000015
32916 0.000038
32917 0.000025
32918 0.000027
32919 0.000022
32920 0.000032
32921 0.000016
32922 0.000014
32923 0.000011
32924 0.000018
32925 0.000014
32926 0.000017
32927 0.000030
32928 0.000007
32929 0.000009
32930 0.000013
32931 0.000018
32932 0.000022
32933 0.000021
32934 0.000022
32935 0.000031
32936 0.000015
32937 0.000027
32938 0.000011
32939 0.000017
32940 0.000034
32941 0.000019
32942 0.000011
32943 0.000027
32944 0.000028
32945 0.000016
32946 0.000027
32947 0.000036
32948 0.000041
32949 0.000026
32950 0.000037
32951 0.000037
32952 0.000018
32953 0.000016
32954 0.000016
32955 0.000021
32956 0.000014
32957 0.000006
32958 0.000017
32959 0.000013
32960 0.000008
32961 0.000016
32962 0.000015
32963 0.000019
32964 0.000022
32965 0.000015
32966 0.000034
32967 0.000023
32968 0.000013
32969 0.000022
32970 0.000008
32971 0.000014
32972 0.000019
32973 0.000016
32974 0.000016
32975 0.000010
32976 0.000016
32977 0.000006
32978 0.000015
32979 0.000029
32980 0.000022
32981 0.000011
32982 0.000017
32983 0.000022
32984 0.000023
32985 0.000016
32986 0.000012
32987 0.000023
32988 0.000034
32989 0.000016
32990 0.000018
32991 0.000026
32992 0.000026
32993 0.000033
32994 0.000016
32995 0.000009
32996 0.000040
32997 0.000024
32998 0.000027
32999 0.000033
33000 0.000023
33001 0.000020
33002 0.000020
33003 0.000035
33004 0.000021
33005 0.000010
33006 0.000019
33007 0.000010
33008 0.000006
33009 0.000019
33010 0.000011
33011 0.000010
33012 0.000014
33013 0.000013
33014 0.000012
33015 0.000025
33016 0.000027
33017 0.000018
33018 0.000021
33019 0.000031
33020 0.000013
33021 0.000014
33022 0.000024
33023 0.000023
33024 0.000025
33025 0.000012
33026 0.000009
33027 0.000006
33028 0.000015
33029 0.000012
33030 0.000036
33031 0.000019
33032 0.000032
33033 0.000033
33034 0.000019
33035 0.000033
33036 0.000044
33037 0.000019
33038 0.000030
33039 0.000017
33040 0.000012
33041 0.000034
33042 0.000032
33043 0.000024
33044 0.000021
33045 0.000034
33046 0.000038
33047 0.000031
33048 0.000029
33049 0.000020
33050 0.000024
33051 0.000029
33052 0.000019
33053 0.000021
33054 0.000022
33055 0.000019
33056 0.000032
33057 0.000012
33058 0.000013
33059 0.000013
33060 0.000019
33061 0.000010
33062 0.000007
33063 0.000005
33064 0.000015
33065 0.000012
33066 0.000019
33067 0.000023
33068 0.000018
33069 0.000018
33070 0.000011
33071 0.000005
33072 0.000004
33073 0.000004
33074 0.000016
33075 0.000018
33076 0.000020
33077 0.000038
33078 0.000031
33079 0.000030
33080 0.000022
33081 0.000019
33082 0.000028
33083 0.000009
33084 0.000007
33085 0.000005
33086 0.000004
33087 0.000012
33088 0.000011
33089 0.000015
33090 0.000043
33091 0.000046
33092 0.000047
33093 0.000023
33094 0.000025
33095 0.000019
33096 0.000021
33097 0.000023
33098 0.000039
33099 0.000018
33100 0.000026
33101 0.000031
33102 0.000032
33103 0.000022
33104 0.000033
33105 0.000027
33106 0.000028
33107 0.000013
33108 0.000015
33109 0.000007
33110 0.000011
33111 0.000026
33112 0.000014
33113 0.000015
33114 0.000006
33115 0.000012
33116 0.000012
33117 0.000006
33118 0.000014
33119 0.000037
33120 0.000019
33121 0.000013
33122 0.000009
33123 0.000019
33124 0.000013
33125 0.000019
33126 0.000016
33127 0.000027
33128 0.000026
33129 0.000019
33130 0.000013
33131 0.000017
33132 0.000023
33133 0.000013
33134 0.000018
33135 0.000007
33136 0.000005
33137 0.000009
33138 0.000016
33139 0.000006
33140 0.000010
33141 0.000011
33142 0.000013
33143 0.000020
33144 0.000026
33145 0.000021
33146 0.000048
33147 0.000020
33148 0.000033
33149 0.000008
33150 0.000016
33151 0.000019
33152 0.000020
33153 0.000026
33154 0.000010
33155 0.000020
33156 0.000007
33157 0.000014
33158 0.000023
33159 0.000014
33160 0.000022
33161 0.000047
33162 0.000013
33163 0.000024
33164 0.000026
33165 0.000013
33166 0.000024
33167 0.000024
33168 0.000016
33169 0.000008
33170 0.000022
33171 0.000015
33172 0.000020
33173 0.000033
33174 0.000019
33175 0.000018
33176 0.000024
33177 0.000024
33178 0.000019
33179 0.000017
33180 0.000021
33181 0.000013
33182 0.000017
33183 0.000025
33184 0.000016
33185 0.000014
33186 0.000012
33187 0.000015
33188 0.000011
33189 0.000025
33190 0.000023
33191 0.000023
33192 0.000006
33193 0.000018
33194 0.000036
33195 0.000020
33196 0.000018
33197 0.000012
33198 0.000013
33199 0.000014
33200 0.000020
33201 0.000036
33202 0.000013
33203 0.000011
33204 0.000020
33205 0.000013
33206 0.000017
33207 0.000018
33208 0.000016
33209 0.000009
33210 0.000025
33211 0.000016
33212 0.000059
33213 0.000053
33214 0.000027
33215 0.000029
33216 0.000020
33217 0.000007
33218 0.000005
33219 0.000010
33220 0.000011
33221 0.000008
33222 0.000012
33223 0.000005
33224 0.000014
33225 0.000010
33226 0.000005
33227 0.000011
33228 0.000016
33229 0.000031
33230 0.000012
33231 0.000015
33232 0.000008
33233 0.000015
33234 0.000016
33235 0.000015
33236 0.000029
33237 0.000036
33238 0.000036
33239 0.000044
33240 0.000050
33241 0.000017
33242 0.000013
33243 0.000026
33244 0.000014
33245 0.000036
33246 0.000022
33247 0.000034
33248 0.000014
33249 0.000027
33250 0.000034
33251 0.000034
33252 0.000025
33253 0.000025
33254 0.000017
33255 0.000019
33256 0.000015
33257 0.000007
33258 0.000018
33259 0.000018
33260 0.000014
33261 0.000016
33262 0.000021
33263 0.000025
33264 0.000025
33265 0.000018
33266 0.000030
33267 0.000031
33268 0.000024
33269 0.000019
33270 0.000025
33271 0.000018
33272 0.000006
33273 0.000012
33274 0.000013
33275 0.000021
33276 0.000016
33277 0.000021
33278 0.000009
33279 0.000028
33280 0.000033
33281 0.000020
33282 0.000022
33283 0.000010
33284 0.000017
33285 0.000011
33286 0.000010
33287 0.000027
33288 0.000016
33289 0.000017
33290 0.000020
33291 0.000020
33292 0.000022
33293 0.000011
33294 0.000013
33295 0.000025
33296 0.000017
33297 0.000027
33298 0.000012
33299 0.000019
33300 0.000012
33301 0.000034
33302 0.000018
33303 0.000015
33304 0.000015
33305 0.000042
33306 0.000039
33307 0.000025
33308 0.000018
33309 0.000018
33310 0.000010
33311 0.000012
33312 0.000027
33313 0.000047
33314 0.000025
33315 0.000017
33316 0.000018
33317 0.000020
33318 0.000020
33319 0.000012
33320 0.000011
33321 0.000006
33322 0.000012
33323 0.000029
33324 0.000018
33325 0.000008
33326 0.000022
33327 0.000030
33328 0.000019
33329 0.000044
33330 0.000030
33331 0.000021
33332 0.000020
33333 0.000035
33334 0.000029
33335 0.000011
33336 0.000020
33337 0.000007
33338 0.000021
33339 0.000013
33340 0.000016
33341 0.000035
33342 0.000032
33343 0.000031
33344 0.000015
33345 0.000016
33346 0.000023
33347 0.000007
33348 0.000018
33349 0.000022
33350 0.000014
33351 0.000022
33352 0.000012
33353 0.000009
33354 0.000023
33355 0.000016
33356 0.000024
33357 0.000032
33358 0.000026
33359 0.000070
33360 0.000068
33361 0.000025
33362 0.000016
33363 0.000015
33364 0.000007
33365 0.000011
33366 0.000026
33367 0.000024
33368 0.000013
33369 0.000011
33370 0.000040
33371 0.000061
33372 0.000015
33373 0.000019
33374 0.000029
33375 0.000014
33376 0.000025
33377 0.000018
33378 0.000020
33379 0.000012
33380 0.000010
33381 0.000020
33382 0.000021
33383 0.000011
33384 0.000023
33385 0.000023
33386 0.000012
33387 0.000011
33388 0.000017
33389 0.000030
33390 0.000014
33391 0.000014
33392 0.000018
33393 0.000009
33394 0.000015
33395 0.000025
33396 0.000024
33397 0.000013
33398 0.000016
33399 0.000008
33400 0.000017
33401 0.000032
33402 0.000037
33403 0.000033
33404 0.000040
33405 0.000018
33406 0.000011
33407 0.000009
33408 0.000011
33409 0.000023
33410 0.000029
33411 0.000037
33412 0.000031
33413 0.000028
33414 0.000015
33415 0.000042
33416 0.000018
33417 0.000024
33418 0.000025
33419 0.000014
33420 0.000045
33421 0.000020
33422 0.000031
33423 0.000035
33424 0.000013
33425 0.000024
33426 0.000009
33427 0.000017
33428 0.000010
33429 0.000013
33430 0.000020
33431 0.000050
33432 0.000022
33433 0.000014
33434 0.000055
33435 0.000022
33436 0.000021
33437 0.000038
33438 0.000022
33439 0.000010
33440 0.000017
33441 0.000018
33442 0.000011
33443 0.000020
33444 0.000027
33445 0.000016
33446 0.000006
33447 0.000012
33448 0.000036
33449 0.000010
33450 0.000026
33451 0.000009
33452 0.000023
33453 0.000017
33454 0.000023
33455 0.000007
33456 0.000009
33457 0.000021
33458 0.000015
33459 0.000016
33460 0.000008
33461 0.000007
33462 0.000012
33463 0.000008
33464 0.000031
33465 0.000009
33466 0.000010
33467 0.000028
33468 0.000027
33469 0.000011
33470 0.000024
33471 0.000049
33472 0.000030
33473 0.000016
33474 0.000021
33475 0.000026
33476 0.000021
33477 0.000021
33478 0.000021
33479 0.000011
33480 0.000018
33481 0.000015
33482 0.000005
33483 0.000041
33484 0.000049
33485 0.000042
33486 0.000012
33487 0.000010
33488 0.000008
33489 0.000023
33490 0.000023
33491 0.000019
33492 0.000015
33493 0.000020
33494 0.000022
33495 0.000016
33496 0.000011
33497 0.000009
33498 0.000014
33499 0.000010
33500 0.000012
33501 0.000006
33502 0.000014
33503 0.000029
33504 0.000027
33505 0.000037
33506 0.000023
33507 0.000027
33508 0.000055
33509 0.000034
33510 0.000018
33511 0.000024
33512 0.000033
33513 0.000014
33514 0.000009
33515 0.000018
33516 0.000047
33517 0.000038
33518 0.000022
33519 0.000019
33520 0.000012
33521 0.000028
33522 0.000020
33523 0.000037
33524 0.000044
33525 0.000077
33526 0.000040
33527 0.000019
33528 0.000023
33529 0.000024
33530 0.000031
33531 0.000042
33532 0.000039
33533 0.000028
33534 0.000044
33535 0.000034
33536 0.000057
33537 0.000020
33538 0.000014
33539 0.000017
33540 0.000021
33541 0.000030
33542 0.000045
33543 0.000016
33544 0.000024
33545 0.000032
33546 0.000039
33547 0.000039
33548 0.000032
33549 0.000045
33550 0.000046
33551 0.000022
33552 0.000043
33553 0.000027
33554 0.000020
33555 0.000015
33556 0.000013
33557 0.000030
33558 0.000026
33559 0.000014
33560 0.000017
33561 0.000016
33562 0.000026
33563 0.000010
33564 0.000018
33565 0.000020
33566 0.000018
33567 0.000015
33568 0.000019
33569 0.000017
33570 0.000017
33571 0.000010
33572 0.000009
33573 0.000016
33574 0.000020
33575 0.000021
33576 0.000010
33577 0.000011
33578 0.000025
33579 0.000019
33580 0.000017
33581 0.000025
33582 0.000013
33583 0.000008
33584 0.000009
33585 0.000020
33586 0.000038
33587 0.000019
33588 0.000018
33589 0.000026
33590 0.000031
33591 0.000030
33592 0.000018
33593 0.000014
33594 0.000037
33595 0.000038
33596 0.000022
33597 0.000014
33598 0.000019
33599 0.000018
33600 0.000038
33601 0.000022
33602 0.000008
33603 0.000020
33604 0.000032
33605 0.000029
33606 0.000019
33607 0.000014
33608 0.000019
33609 0.000013
33610 0.000010
33611 0.000029
33612 0.000040
33613 0.000029
33614 0.000024
33615 0.000034
33616 0.000018
33617 0.000015
33618 0.000027
33619 0.000015
33620 0.000013
33621 0.000013
33622 0.000008
33623 0.000009
33624 0.000011
33625 0.000008
33626 0.000022
33627 0.000021
33628 0.000022
33629 0.000017
33630 0.000039
33631 0.000039
33632 0.000027
33633 0.000023
33634 0.000028
33635 0.000025
33636 0.000025
33637 0.000016
33638 0.000009
33639 0.000027
33640 0.000015
33641 0.000013
33642 0.000008
33643 0.000014
33644 0.000033
33645 0.000027
33646 0.000015
33647 0.000020
33648 0.000017
33649 0.000025
33650 0.000024
33651 0.000013
33652 0.000011
33653 0.000009
33654 0.000011
33655 0.000028
33656 0.000020
33657 0.000025
33658 0.000028
33659 0.000013
33660 0.000011
33661 0.000027
33662 0.000019
33663 0.000013
33664 0.000010
33665 0.000009
33666 0.000019
33667 0.000013
33668 0.000018
33669 0.000015
33670 0.000023
33671 0.000015
33672 0.000007
33673 0.000014
33674 0.000030
33675 0.000028
33676 0.000022
33677 0.000012
33678 0.000016
33679 0.000025
33680 0.000011
33681 0.000019
33682 0.000025
33683 0.000032
33684 0.000038
33685 0.000043
33686 0.000013
33687 0.000018
33688 0.000016
33689 0.000012
33690 0.000016
33691 0.000015
33692 0.000011
33693 0.000010
33694 0.000006
33695 0.000008
33696 0.000004
33697 0.000018
33698 0.000029
33699 0.000039
33700 0.000041
33701 0.000041
33702 0.000022
33703 0.000018
33704 0.000035
33705 0.000019
33706 0.000025
33707 0.000031
33708 0.000042
33709 0.000017
33710 0.000013
33711 0.000022
33712 0.000007
33713 0.000008
33714 0.000006
33715 0.000012
33716 0.000010
33717 0.000015
33718 0.000015
33719 0.000029
33720 0.000020
33721 0.000014
33722 0.000014
33723 0.000015
33724 0.000008
33725 0.000005
33726 0.000007
33727 0.000019
33728 0.000017
33729 0.000014
33730 0.000014
33731 0.000028
33732 0.000015
33733 0.000027
33734 0.000024
33735 0.000025
33736 0.000042
33737 0.000021
33738 0.000007
33739 0.000013
33740 0.000007
33741 0.000018
33742 0.000013
33743 0.000024
33744 0.000020
33745 0.000021
33746 0.000015
33747 0.000017
33748 0.000011
33749 0.000020
33750 0.000007
33751 0.000015
33752 0.000010
33753 0.000034
33754 0.000012
33755 0.000022
33756 0.000042
33757 0.000014
33758 0.000007
33759 0.000035
33760 0.000023
33761 0.000019
33762 0.000016
33763 0.000010
33764 0.000013
33765 0.000022
33766 0.000021
33767 0.000007
33768 0.000016
33769 0.000014
33770 0.000015
33771 0.000024
33772 0.000027
33773 0.000013
33774 0.000018
33775 0.000022
33776 0.000017
33777 0.000021
33778 0.000033
33779 0.000015
33780 0.000011
33781 0.000006
33782 0.000012
33783 0.000017
33784 0.000013
33785 0.000018
33786 0.000011
33787 0.000006
33788 0.000030
33789 0.000031
33790 0.000025
33791 0.000023
33792 0.000008
33793 0.000005
33794 0.000008
33795 0.000020
33796 0.000020
33797 0.000038
33798 0.000037
33799 0.000018
33800 0.000012
33801 0.000023
33802 0.000011
33803 0.000010
33804 0.000032
33805 0.000039
33806 0.000023
33807 0.000012
33808 0.000013
33809 0.000022
33810 0.000025
33811 0.000041
33812 0.000055
33813 0.000040
33814 0.000031
33815 0.000031
33816 0.000013
33817 0.000008
33818 0.000016
33819 0.000021
33820 0.000021
33821 0.000016
33822 0.000010
33823 0.000008
33824 0.000016
33825 0.000012
33826 0.000019
33827 0.000011
33828 0.000018
33829 0.000012
33830 0.000017
33831 0.000012
33832 0.000029
33833 0.000013
33834 0.000016
33835 0.000033
33836 0.000027
33837 0.000015
33838 0.000023
33839 0.000013
33840 0.000007
33841 0.000004
33842 0.000019
33843 0.000008
33844 0.000008
33845 0.000028
33846 0.000028
33847 0.000019
33848 0.000014
33849 0.000007
33850 0.000006
33851 0.000021
33852 0.000019
33853 0.000018
33854 0.000028
33855 0.000023
33856 0.000021
33857 0.000020
33858 0.000030
33859 0.000021
33860 0.000013
33861 0.000007
33862 0.000020
33863 0.000010
33864 0.000018
33865 0.000030
33866 0.000012
33867 0.000016
33868 0.000015
33869 0.000011
33870 0.000029
33871 0.000022
33872 0.000036
33873 0.000045
33874 0.000025
33875 0.000014
33876 0.000019
33877 0.000032
33878 0.000012
33879 0.000027
33880 0.000034
33881 0.000038
33882 0.000040
33883 0.000025
33884 0.000037
33885 0.000035
33886 0.000018
33887 0.000010
33888 0.000010
33889 0.000014
33890 0.000016
33891 0.000027
33892 0.000028
33893 0.000022
33894 0.000039
33895 0.000023
33896 0.000039
33897 0.000021
33898 0.000020
33899 0.000027
33900 0.000033
33901 0.000012
33902 0.000006
33903 0.000020
33904 0.000015
33905 0.000016
33906 0.000016
33907 0.000006
33908 0.000008
33909 0.000007
33910 0.000009
33911 0.000007
33912 0.000021
33913 0.000009
33914 0.000014
33915 0.000022
33916 0.000015
33917 0.000016
33918 0.000009
33919 0.000007
33920 0.000012
33921 0.000018
33922 0.000026
33923 0.000026
33924 0.000033
33925 0.000017
33926 0.000014
33927 0.000007
33928 0.000008
33929 0.000021
33930 0.000039
33931 0.000020
33932 0.000020
33933 0.000018
33934 0.000032
33935 0.000021
33936 0.000014
33937 0.000018
33938 0.000017
33939 0.000034
33940 0.000013
33941 0.000017
33942 0.000025
33943 0.000027
33944 0.000024
33945 0.000023
33946 0.000009
33947 0.000031
33948 0.000025
33949 0.000032
33950 0.000031
33951 0.000020
33952 0.000027
33953 0.000028
33954 0.000026
33955 0.000018
33956 0.000023
33957 0.000016
33958 0.000029
33959 0.000011
33960 0.000011
33961 0.000017
33962 0.000007
33963 0.000004
33964 0.000011
33965 0.000011
33966 0.000022
33967 0.000019
33968 0.000026
33969 0.000016
33970 0.000026
33971 0.000035
33972 0.000039
33973 0.000024
33974 0.000009
33975 0.000017
33976 0.000008
33977 0.000033
33978 0.000019
33979 0.000015
33980 0.000016
33981 0.000011
33982 0.000015
33983 0.000023
33984 0.000024
33985 0.000021
33986 0.000007
33987 0.000005
33988 0.000010
33989 0.000011
33990 0.000009
33991 0.000014
33992 0.000011
33993 0.000019
33994 0.000014
33995 0.000024
33996 0.000010
33997 0.000010
33998 0.000020
33999 0.000027
34000 0.000013
34001 0.000014
34002 0.000007
34003 0.000013
34004 0.000018
34005 0.000019
34006 0.000013
34007 0.000007
34008 0.000006
34009 0.000019
34010 0.000015
34011 0.000014
34012 0.000009
34013 0.000009
34014 0.000021
34015 0.000027
34016 0.000025
34017 0.000032
34018 0.000022
34019 0.000015
34020 0.000016
34021 0.000008
34022 0.000013
34023 0.000030
34024 0.000011
34025 0.000033
34026 0.000022
34027 0.000012
34028 0.000026
34029 0.000016
34030 0.000021
34031 0.000032
34032 0.000036
34033 0.000028
34034 0.000024
34035 0.000012
34036 0.000010
34037 0.000022
34038 0.000016
34039 0.000010
34040 0.000012
34041 0.000008
34042 0.000020
34043 0.000011
34044 0.000033
34045 0.000016
34046 0.000014
34047 0.000009
34048 0.000011
34049 0.000019
34050 0.000013
34051 0.000009
34052 0.000019
34053 0.000010
34054 0.000007
34055 0.000024
34056 0.000021
34057 0.000023
34058 0.000038
34059 0.000014
34060 0.000017
34061 0.000010
34062 0.000012
34063 0.000025
34064 0.000024
34065 0.000025
34066 0.000013
34067 0.000009
34068 0.000012
34069 0.000016
34070 0.000031
34071 0.000041
34072 0.000043
34073 0.000026
34074 0.000028
34075 0.000036
34076 0.000017
34077 0.000016
34078 0.000022
34079 0.000018
34080 0.000030
34081 0.000011
34082 0.000015
34083 0.000006
34084 0.000021
34085 0.000034
34086 0.000025
34087 0.000018
34088 0.000023
34089 0.000027
34090 0.000016
34091 0.000011
34092 0.000006
34093 0.000020
34094 0.000032
34095 0.000025
34096 0.000019
34097 0.000008
34098 0.000016
34099 0.000013
34100 0.000012
34101 0.000007
34102 0.000014
34103 0.000028
34104 0.000015
34105 0.000014
34106 0.000021
34107 0.000015
34108 0.000017
34109 0.000010
34110 0.000007
34111 0.000015
34112 0.000012
34113 0.000006
34114 0.000012
34115 0.000011
34116 0.000016
34117 0.000011
34118 0.000012
34119 0.000028
34120 0.000011
34121 0.000007
34122 0.000015
34123 0.000019
34124 0.000014
34125 0.000032
34126 0.000026
34127 0.000013
34128 0.000024
34129 0.000028
34130 0.000044
34131 0.000008
34132 0.000011
34133 0.000032
34134 0.000026
34135 0.000014
34136 0.000005
34137 0.000019
34138 0.000019
34139 0.000021
34140 0.000021
34141 0.000019
34142 0.000037
34143 0.000014
34144 0.000023
34145 0.000017
34146 0.000030
34147 0.000022
34148 0.000034
34149 0.000026
34150 0.000016
34151 0.000038
34152 0.000031
34153 0.000026
34154 0.000023
34155 0.000011
34156 0.000014
34157 0.000012
34158 0.000017
34159 0.000030
34160 0.000032
34161 0.000033
34162 0.000013
34163 0.000027
34164 0.000011
34165 0.000011
34166 0.000013
34167 0.000020
34168 0.000019
34169 0.000016
34170 0.000007
34171 0.000026
34172 0.000019
34173 0.000022
34174 0.000029
34175 0.000035
34176 0.000030
34177 0.000040
34178 0.000034
34179 0.000034
34180 0.000016
34181 0.000011
34182 0.000008
34183 0.000038
34184 0.000015
34185 0.000020
34186 0.000023
34187 0.000023
34188 0.000029
34189 0.000017
34190 0.000019
34191 0.000011
34192 0.000008
34193 0.000023
34194 0.000049
34195 0.000010
34196 0.000006
34197 0.000012
34198 0.000019
34199 0.000035
34200 0.000018
34201 0.000024
34202 0.000023
34203 0.000030
34204 0.000036
34205 0.000022
34206 0.000018
34207 0.000007
34208 0.000007
34209 0.000022
34210 0.000021
34211 0.000028
34212 0.000015
34213 0.000014
34214 0.000012
34215 0.000025
34216 0.000025
34217 0.000048
34218 0.000026
34219 0.000029
34220 0.000053
34221 0.000048
34222 0.000021
34223 0.000007
34224 0.000016
34225 0.000014
34226 0.000008
34227 0.000005
34228 0.000008
34229 0.000009
34230 0.000013
34231 0.000014
34232 0.000030
34233 0.000019
34234 0.000011
34235 0.000011
34236 0.000027
34237 0.000015
34238 0.000007
34239 0.000008
34240 0.000013
34241 0.000015
34242 0.000014
34243 0.000014
34244 0.000009
34245 0.000015
34246 0.000038
34247 0.000023
34248 0.000018
34249 0.000011
34250 0.000029
34251 0.000017
34252 0.000016
34253 0.000007
34254 0.000014
34255 0.000012
34256 0.000022
34257 0.000012
34258 0.000017
34259 0.000033
34260 0.000039
34261 0.000030
34262 0.000026
34263 0.000016
34264 0.000013
34265 0.000007
34266 0.000013
34267 0.000013
34268 0.000041
34269 0.000018
34270 0.000016
34271 0.000023
34272 0.000039
34273 0.000022
34274 0.000018
34275 0.000011
34276 0.000029
34277 0.000036
34278 0.000026
34279 0.000019
34280 0.000029
34281 0.000028
34282 0.000015
34283 0.000016
34284 0.000015
34285 0.000017
34286 0.000011
34287 0.000009
34288 0.000039
34289 0.000037
34290 0.000027
34291 0.000020
34292 0.000011
34293 0.000022
34294 0.000017
34295 0.000029
34296 0.000028
34297 0.000027
34298 0.000014
34299 0.000020
34300 0.000013
34301 0.000014
34302 0.000041
34303 0.000053
34304 0.000030
34305 0.000012
34306 0.000009
34307 0.000016
34308 0.000015
34309 0.000042
34310 0.000018
34311 0.000029
34312 0.000031
34313 0.000020
34314 0.000025
34315 0.000043
34316 0.000043
34317 0.000021
34318 0.000019
34319 0.000020
34320 0.000044
34321 0.000040
34322 0.000018
34323 0.000019
34324 0.000011
34325 0.000013
34326 0.000013
34327 0.000036
34328 0.000039
34329 0.000020
34330 0.000048
34331 0.000024
34332 0.000015
34333 0.000021
34334 0.000036
34335 0.000012
34336 0.000018
34337 0.000007
34338 0.000011
34339 0.000025
34340 0.000032
34341 0.000038
34342 0.000021
34343 0.000029
34344 0.000029
34345 0.000027
34346 0.000011
34347 0.000008
34348 0.000021
34349 0.000018
34350 0.000010
34351 0.000018
34352 0.000015
34353 0.000028
34354 0.000013
34355 0.000007
34356 0.000019
34357 0.000012
34358 0.000018
34359 0.000032
34360 0.000022
34361 0.000053
34362 0.000029
34363 0.000035
34364 0.000017
34365 0.000016
34366 0.000024
34367 0.000012
34368 0.000010
34369 0.000009
34370 0.000007
34371 0.000014
34372 0.000039
34373 0.000023
34374 0.000011
34375 0.000012
34376 0.000027
34377 0.000016
34378 0.000017
34379 0.000018
34380 0.000018
34381 0.000027
34382 0.000021
34383 0.000027
34384 0.000025
34385 0.000015
34386 0.000012
34387 0.000019
34388 0.000011
34389 0.000008
34390 0.000019
34391 0.000021
34392 0.000026
34393 0.000010
34394 0.000012
34395 0.000026
34396 0.000028
34397 0.000019
34398 0.000024
34399 0.000017
34400 0.000023
34401 0.000016
34402 0.000016
34403 0.000012
34404 0.000026
34405 0.000013
34406 0.000010
34407 0.000008
34408 0.000011
34409 0.000007
34410 0.000010
34411 0.000011
34412 0.000019
34413 0.000029
34414 0.000029
34415 0.000028
34416 0.000012
34417 0.000004
34418 0.000018
34419 0.000020
34420 0.000039
34421 0.000028
34422 0.000024
34423 0.000016
34424 0.000017
34425 0.000010
34426 0.000030
34427 0.000023
34428 0.000017
34429 0.000019
34430 0.000016
34431 0.000022
34432 0.000024
34433 0.000018
34434 0.000016
34435 0.000012
34436 0.000021
34437 0.000036
34438 0.000038
34439 0.000014
34440 0.000028
34441 0.000015
34442 0.000023
34443 0.000016
34444 0.000007
34445 0.000032
34446 0.000020
34447 0.000009
34448 0.000034
34449 0.000022
34450 0.000017
34451 0.000017
34452 0.000021
34453 0.000025
34454 0.000030
34455 0.000015
34456 0.000034
34457 0.000030
34458 0.000042
34459 0.000016
34460 0.000021
34461 0.000038
34462 0.000032
34463 0.000017
34464 0.000019
34465 0.000018
34466 0.000033
34467 0.000019
34468 0.000028
34469 0.000009
34470 0.000008
34471 0.000021
34472 0.000016
34473 0.000014
34474 0.000025
34475 0.000018
34476 0.000020
34477 0.000018
34478 0.000033
34479 0.000052
34480 0.000044
34481 0.000030
34482 0.000038
34483 0.000041
34484 0.000026
34485 0.000045
34486 0.000020
34487 0.000022
34488 0.000009
34489 0.000022
34490 0.000023
34491 0.000026
34492 0.000029
34493 0.000025
34494 0.000036
34495 0.000019
34496 0.000033
34497 0.000024
34498 0.000033
34499 0.000024
34500 0.000036
34501 0.000013
34502 0.000021
34503 0.000010
34504 0.000005
34505 0.000012
34506 0.000017
34507 0.000027
34508 0.000016
34509 0.000017
34510 0.000020
34511 0.000019
34512 0.000007
34513 0.000014
34514 0.000027
34515 0.000026
34516 0.000039
34517 0.000053
34518 0.000024
34519 0.000017
34520 0.000025
34521 0.000041
34522 0.000031
34523 0.000014
34524 0.000009
34525 0.000016
34526 0.000038
34527 0.000037
34528 0.000009
34529 0.000005
34530 0.000021
34531 0.000016
34532 0.000018
34533 0.000038
34534 0.000035
34535 0.000022
34536 0.000011
34537 0.000020
34538 0.000022
34539 0.000008
34540 0.000013
34541 0.000012
34542 0.000021
34543 0.000011
34544 0.000014
34545 0.000021
34546 0.000025
34547 0.000026
34548 0.000015
34549 0.000015
34550 0.000025
34551 0.000029
34552 0.000006
34553 0.000007
34554 0.000023
34555 0.000016
34556 0.000029
34557 0.000054
34558 0.000036
34559 0.000062
34560 0.000047
34561 0.000020
34562 0.000030
34563 0.000019
34564 0.000020
34565 0.000032
34566 0.000016
34567 0.000019
34568 0.000017
34569 0.000007
34570 0.000009
34571 0.000012
34572 0.000016
34573 0.000009
34574 0.000006
34575 0.000013
34576 0.000018
34577 0.000027
34578 0.000033
34579 0.000020
34580 0.000026
34581 0.000037
34582 0.000022
34583 0.000031
34584 0.000041
34585 0.000045
34586 0.000027
34587 0.000033
34588 0.000019
34589 0.000016
34590 0.000024
34591 0.000041
34592 0.000021
34593 0.000015
34594 0.000018
34595 0.000020
34596 0.000022
34597 0.000017
34598 0.000016
34599 0.000022
34600 0.000016
34601 0.000031
34602 0.000030
34603 0.000011
34604 0.000010
34605 0.000010
34606 0.000030
34607 0.000016
34608 0.000017
34609 0.000020
34610 0.000023
34611 0.000019
34612 0.000025
34613 0.000022
34614 0.000020
34615 0.000009
34616 0.000027
34617 0.000009
34618 0.000018
34619 0.000017
34620 0.000015
34621 0.000016
34622 0.000022
34623 0.000006
34624 0.000018
34625 0.000009
34626 0.000007
34627 0.000007
34628 0.000006
34629 0.000004
34630 0.000015
34631 0.000015
34632 0.000013
34633 0.000007
34634 0.000010
34635 0.000024
34636 0.000009
34637 0.000016
34638 0.000023
34639 0.000036
34640 0.000009
34641 0.000012
34642 0.000006
34643 0.000036
34644 0.000023
34645 0.000037
34646 0.000024
34647 0.000009
34648 0.000010
34649 0.000018
34650 0.000008
34651 0.000021
34652 0.000025
34653 0.000019
34654 0.000019
34655 0.000011
34656 0.000005
34657 0.000008
34658 0.000031
34659 0.000020
34660 0.000024
34661 0.000024
34662 0.000020
34663 0.000020
34664 0.000007
34665 0.000018
34666 0.000022
34667 0.000014
34668 0.000010
34669 0.000029
34670 0.000032
34671 0.000012
34672 0.000030
34673 0.000022
34674 0.000015
34675 0.000023
34676 0.000017
34677 0.000012
34678 0.000015
34679 0.000026
34680 0.000025
34681 0.000019
34682 0.000010
34683 0.000022
34684 0.000030
34685 0.000022
34686 0.000008
34687 0.000010
34688 0.000013
34689 0.000030
34690 0.000015
34691 0.000007
34692 0.000006
34693 0.000014
34694 0.000011
34695 0.000021
34696 0.000015
34697 0.000007
34698 0.000009
34699 0.000006
34700 0.000012
34701 0.000009
34702 0.000016
34703 0.000026
34704 0.000015
34705 0.000007
34706 0.000012
34707 0.000017
34708 0.000028
34709 0.000014
34710 0.000025
34711 0.000016
34712 0.000020
34713 0.000017
34714 0.000034
34715 0.000017
34716 0.000008
34717 0.000016
34718 0.000014
34719 0.000009
34720 0.000015
34721 0.000026
34722 0.000016
34723 0.000028
34724 0.000008
34725 0.000019
34726 0.000031
34727 0.000046
34728 0.000026
34729 0.000031
34730 0.000007
34731 0.000010
34732 0.000009
34733 0.000004
34734 0.000012
34735 0.000024
34736 0.000024
34737 0.000033
34738 0.000061
34739 0.000019
34740 0.000010
34741 0.000026
34742 0.000015
34743 0.000022
34744 0.000037
34745 0.000021
34746 0.000020
34747 0.000023
34748 0.000022
34749 0.000007
34750 0.000009
34751 0.000007
34752 0.000016
34753 0.000023
34754 0.000013
34755 0.000023
34756 0.000048
34757 0.000040
34758 0.000026
34759 0.000025
34760 0.000016
34761 0.000012
34762 0.000017
34763 0.000018
34764 0.000021
34765 0.000032
34766 0.000019
34767 0.000021
34768 0.000009
34769 0.000011
34770 0.000006
34771 0.000044
34772 0.000022
34773 0.000022
34774 0.000023
34775 0.000008
34776 0.000027
34777 0.000012
34778 0.000013
34779 0.000017
34780 0.000021
34781 0.000011
34782 0.000029
34783 0.000045
34784 0.000015
34785 0.000014
34786 0.000022
34787 0.000018
34788 0.000029
34789 0.000019
34790 0.000028
34791 0.000021
34792 0.000012
34793 0.000009
34794 0.000005
34795 0.000006
34796 0.000014
34797 0.000020
34798 0.000015
34799 0.000049
34800 0.000044
34801 0.000036
34802 0.000035
34803 0.000038
34804 0.000022
34805 0.000013
34806 0.000017
34807 0.000033
34808 0.000014
34809 0.000009
34810 0.000016
34811 0.000025
34812 0.000010
34813 0.000035
34814 0.000045
34815 0.000035
34816 0.000040
34817 0.000023
34818 0.000025
34819 0.000024
34820 0.000013
34821 0.000018
34822 0.000008
34823 0.000013
34824 0.000023
34825 0.000020
34826 0.000026
34827 0.000031
34828 0.000013
34829 0.000020
34830 0.000037
34831 0.000025
34832 0.000025
34833 0.000010
34834 0.000005
34835 0.000012
34836 0.000037
34837 0.000037
34838 0.000011
34839 0.000030
34840 0.000037
34841 0.000040
34842 0.000012
34843 0.000011
34844 0.000026
34845 0.000046
34846 0.000049
34847 0.000026
34848 0.000036
34849 0.000020
34850 0.000014
34851 0.000013
34852 0.000012
34853 0.000021
34854 0.000028
34855 0.000016
34856 0.000014
34857 0.000020
34858 0.000023
34859 0.000022
34860 0.000013
34861 0.000009
34862 0.000005
34863 0.000005
34864 0.000007
34865 0.000016
34866 0.000024
34867 0.000008
34868 0.000024
34869 0.000018
34870 0.000022
34871 0.000014
34872 0.000027
34873 0.000016
34874 0.000005
34875 0.000016
34876 0.000016
34877 0.000032
34878 0.000045
34879 0.000011
34880 0.000014
34881 0.000011
34882 0.000017
34883 0.000010
34884 0.000022
34885 0.000021
34886 0.000023
34887 0.000028
34888 0.000035
34889 0.000020
34890 0.000016
34891 0.000023
34892 0.000016
34893 0.000014
34894 0.000037
34895 0.000015
34896 0.000011
34897 0.000005
34898 0.000005
34899 0.000005
34900 0.000020
34901 0.000007
34902 0.000012
34903 0.000027
34904 0.000033
34905 0.000027
34906 0.000019
34907 0.000013
34908 0.000018
34909 0.000021
34910 0.000018
34911 0.000030
34912 0.000022
34913 0.000014
34914 0.000012
34915 0.000019
34916 0.000028
34917 0.000021
34918 0.000038
34919 0.000038
34920 0.000014
34921 0.000007
34922 0.000009
34923 0.000005
34924 0.000008
34925 0.000015
34926 0.000025
34927 0.000025
34928 0.000017
34929 0.000020
34930 0.000007
34931 0.000021
34932 0.000021
34933 0.000026
34934 0.000015
34935 0.000019
34936 0.000011
34937 0.000018
34938 0.000021
34939 0.000009
34940 0.000027
34941 0.000036
34942 0.000029
34943 0.000021
34944 0.000024
34945 0.000013
34946 0.000012
34947 0.000012
34948 0.000011
34949 0.000010
34950 0.000020
34951 0.000033
34952 0.000020
34953 0.000016
34954 0.000018
34955 0.000021
34956 0.000006
34957 0.000037
34958 0.000040
34959 0.000011
34960 0.000025
34961 0.000024
34962 0.000023
34963 0.000020
34964 0.000026
34965 0.000014
34966 0.000006
34967 0.000012
34968 0.000034
34969 0.000017
34970 0.000024
34971 0.000024
34972 0.000037
34973 0.000024
34974 0.000016
34975 0.000018
34976 0.000025
34977 0.000029
34978 0.000007
34979 0.000009
34980 0.000016
34981 0.000022
34982 0.000029
34983 0.000009
34984 0.000013
34985 0.000005
34986 0.000009
34987 0.000005
34988 0.000020
34989 0.000022
34990 0.000018
34991 0.000028
34992 0.000019
34993 0.000007
34994 0.000012
34995 0.000034
34996 0.000018
34997 0.000009
34998 0.000008
34999 0.000038
35000 0.000011
35001 0.000016
35002 0.000010
35003 0.000006
35004 0.000024
35005 0.000007
35006 0.000018
35007 0.000013
35008 0.000024
35009 0.000018
35010 0.000019
35011 0.000024
35012 0.000015
35013 0.000030
35014 0.000049
35015 0.000023
35016 0.000022
35017 0.000014
35018 0.000023
35019 0.000046
35020 0.000027
35021 0.000026
35022 0.000014
35023 0.000025
35024 0.000018
35025 0.000022
35026 0.000022
35027 0.000020
35028 0.000031
35029 0.000016
35030 0.000017
35031 0.000021
35032 0.000016
35033 0.000014
35034 0.000015
35035 0.000009
35036 0.000025
35037 0.000033
35038 0.000021
35039 0.000029
35040 0.000028
35041 0.000015
35042 0.000011
35043 0.000008
35044 0.000023
35045 0.000026
35046 0.000015
35047 0.000006
35048 0.000011
35049 0.000008
35050 0.000010
35051 0.000011
35052 0.000016
35053 0.000018
35054 0.000025
35055 0.000027
35056 0.000016
35057 0.000018
35058 0.000015
35059 0.000013
35060 0.000034
35061 0.000027
35062 0.000035
35063 0.000016
35064 0.000019
35065 0.000025
35066 0.000027
35067 0.000036
35068 0.000022
35069 0.000010
35070 0.000008
35071 0.000023
35072 0.000021
35073 0.000032
35074 0.000045
35075 0.000011
35076 0.000020
35077 0.000029
35078 0.000032
35079 0.000014
35080 0.000009
35081 0.000013
35082 0.000020
35083 0.000012
35084 0.000013
35085 0.000008
35086 0.000010
35087 0.000015
35088 0.000018
35089 0.000026
35090 0.000035
35091 0.000038
35092 0.000026
35093 0.000012
35094 0.000015
35095 0.000007
35096 0.000005
35097 0.000016
35098 0.000030
35099 0.000017
35100 0.000011
35101 0.000018
35102 0.000010
35103 0.000021
35104 0.000019
35105 0.000037
35106 0.000024
35107 0.000027
35108 0.000027
35109 0.000026
35110 0.000039
35111 0.000039
35112 0.000065
35113 0.000061
35114 0.000054
35115 0.000041
35116 0.000020
35117 0.000020
35118 0.000017
35119 0.000025
35120 0.000017
35121 0.000015
35122 0.000019
35123 0.000015
35124 0.000046
35125 0.000018
35126 0.000016
35127 0.000010
35128 0.000021
35129 0.000020
35130 0.000016
35131 0.000016
35132 0.000022
35133 0.000021
35134 0.000027
35135 0.000054
35136 0.000020
35137 0.000015
35138 0.000005
35139 0.000009
35140 0.000009
35141 0.000008
35142 0.000004
35143 0.000023
35144 0.000033
35145 0.000033
35146 0.000023
35147 0.000035
35148 0.000025
35149 0.000025
35150 0.000018
35151 0.000025
35152 0.000041
35153 0.000029
35154 0.000014
35155 0.000007
35156 0.000012
35157 0.000012
35158 0.000013
35159 0.000006
35160 0.000014
35161 0.000010
35162 0.000021
35163 0.000012
35164 0.000026
35165 0.000015
35166 0.000022
35167 0.000009
35168 0.000012
35169 0.000024
35170 0.000013
35171 0.000040
35172 0.000018
35173 0.000022
35174 0.000009
35175 0.000011
35176 0.000008
35177 0.000019
35178 0.000023
35179 0.000026
35180 0.000033
35181 0.000025
35182 0.000022
35183 0.000042
35184 0.000048
35185 0.000048
35186 0.000024
35187 0.000018
35188 0.000015
35189 0.000006
35190 0.000011
35191 0.000018
35192 0.000012
35193 0.000014
35194 0.000012
35195 0.000015
35196 0.000023
35197 0.000015
35198 0.000028
35199 0.000015
35200 0.000010
35201 0.000012
35202 0.000015
35203 0.000011
35204 0.000019
35205 0.000016
35206 0.000020
35207 0.000013
35208 0.000016
35209 0.000017
35210 0.000011
35211 0.000037
35212 0.000024
35213 0.000019
35214 0.000024
35215 0.000017
35216 0.000018
35217 0.000025
35218 0.000030
35219 0.000011
35220 0.000008
35221 0.000012
35222 0.000006
35223 0.000010
35224 0.000019
35225 0.000025
35226 0.000025
35227 0.000011
35228 0.000033
35229 0.000032
35230 0.000038
35231 0.000028
35232 0.000015
35233 0.000026
35234 0.000007
35235 0.000025
35236 0.000015
35237 0.000008
35238 0.000005
35239 0.000017
35240 0.000013
35241 0.000021
35242 0.000025
35243 0.000019
35244 0.000013
35245 0.000021
35246 0.000030
35247 0.000031
35248 0.000016
35249 0.000023
35250 0.000017
35251 0.000011
35252 0.000010
35253 0.000011
35254 0.000033
35255 0.000017
35256 0.000009
35257 0.000037
35258 0.000048
35259 0.000026
35260 0.000017
35261 0.000009
35262 0.000006
35263 0.000009
35264 0.000005
35265 0.000009
35266 0.000009
35267 0.000007
35268 0.000014
35269 0.000009
35270 0.000014
35271 0.000026
35272 0.000034
35273 0.000022
35274 0.000015
35275 0.000025
35276 0.000030
35277 0.000041
35278 0.000019
35279 0.000015
35280 0.000037
35281 0.000021
35282 0.000019
35283 0.000012
35284 0.000023
35285 0.000018
35286 0.000006
35287 0.000028
35288 0.000017
35289 0.000012
35290 0.000031
35291 0.000010
35292 0.000015
35293 0.000014
35294 0.000011
35295 0.000006
35296 0.000028
35297 0.000013
35298 0.000011
35299 0.000019
35300 0.000008
35301 0.000011
35302 0.000035
35303 0.000019
35304 0.000008
35305 0.000011
35306 0.000007
35307 0.000019
35308 0.000026
35309 0.000017
35310 0.000028
35311 0.000028
35312 0.000021
35313 0.000032
35314 0.000017
35315 0.000016
35316 0.000024
35317 0.000014
35318 0.000028
35319 0.000008
35320 0.000019
35321 0.000007
35322 0.000019
35323 0.000011
35324 0.000024
35325 0.000012
35326 0.000013
35327 0.000013
35328 0.000028
35329 0.000024
35330 0.000023
35331 0.000013
35332 0.000015
35333 0.000018
35334 0.000037
35335 0.000018
35336 0.000008
35337 0.000011
35338 0.000022
35339 0.000011
35340 0.000023
35341 0.000033
35342 0.000023
35343 0.000021
35344 0.000016
35345 0.000011
35346 0.000014
35347 0.000011
35348 0.000022
35349 0.000020
35350 0.000013
35351 0.000024
35352 0.000008
35353 0.000031
35354 0.000023
35355 0.000010
35356 0.000015
35357 0.000026
35358 0.000009
35359 0.000010
35360 0.000011
35361 0.000010
35362 0.000010
35363 0.000015
35364 0.000028
35365 0.000024
35366 0.000024
35367 0.000024
35368 0.000020
35369 0.000039
35370 0.000024
35371 0.000034
35372 0.000036
35373 0.000020
35374 0.000006
35375 0.000004
35376 0.000015
35377 0.000008
35378 0.000005
35379 0.000014
35380 0.000006
35381 0.000045
35382 0.000012
35383 0.000011
35384 0.000016
35385 0.000014
35386 0.000022
35387 0.000011
35388 0.000042
35389 0.000023
35390 0.000014
35391 0.000022
35392 0.000032
35393 0.000026
35394 0.000027
35395 0.000031
35396 0.000037
35397 0.000023
35398 0.000011
35399 0.000013
35400 0.000007
35401 0.000015
35402 0.000023
35403 0.000028
35404 0.000020
35405 0.000021
35406 0.000023
35407 0.000039
35408 0.000035
35409 0.000020
35410 0.000038
35411 0.000025
35412 0.000010
35413 0.000011
35414 0.000014
35415 0.000020
35416 0.000007
35417 0.000005
35418 0.000018
35419 0.000025
35420 0.000053
35421 0.000017
35422 0.000038
35423 0.000054
35424 0.000014
35425 0.000012
35426 0.000020
35427 0.000025
35428 0.000026
35429 0.000020
35430 0.000016
35431 0.000027
35432 0.000025
35433 0.000013
35434 0.000005
35435 0.000007
35436 0.000012
35437 0.000005
35438 0.000010
35439 0.000010
35440 0.000009
35441 0.000015
35442 0.000009
35443 0.000021
35444 0.000006
35445 0.000010
35446 0.000014
35447 0.000007
35448 0.000016
35449 0.000016
35450 0.000016
35451 0.000015
35452 0.000018
35453 0.000030
35454 0.000012
35455 0.000034
35456 0.000015
35457 0.000009
35458 0.000019
35459 0.000010
35460 0.000020
35461 0.000021
35462 0.000008
35463 0.000023
35464 0.000038
35465 0.000012
35466 0.000013
35467 0.000011
35468 0.000013
35469 0.000019
35470 0.000019
35471 0.000013
35472 0.000025
35473 0.000009
35474 0.000010
35475 0.000020
35476 0.000019
35477 0.000047
35478 0.000043
35479 0.000030
35480 0.000040
35481 0.000022
35482 0.000023
35483 0.000018
35484 0.000013
35485 0.000008
35486 0.000008
35487 0.000026
35488 0.000010
35489 0.000021
35490 0.000025
35491 0.000019
35492 0.000008
35493 0.000027
35494 0.000031
35495 0.000019
35496 0.000007
35497 0.000006
35498 0.000009
35499 0.000030
35500 0.000015
35501 0.000016
35502 0.000033
35503 0.000021
35504 0.000021
35505 0.000011
35506 0.000019
35507 0.000018
35508 0.000008
35509 0.000024
35510 0.000019
35511 0.000033
35512 0.000033
35513 0.000051
35514 0.000050
35515 0.000021
35516 0.000031
35517 0.000016
35518 0.000020
35519 0.000013
35520 0.000012
35521 0.000014
35522 0.000006
35523 0.000027
35524 0.000021
35525 0.000026
35526 0.000024
35527 0.000027
35528 0.000011
35529 0.000017
35530 0.000031
35531 0.000019
35532 0.000019
35533 0.000021
35534 0.000016
35535 0.000027
35536 0.000010
35537 0.000018
35538 0.000024
35539 0.000010
35540 0.000009
35541 0.000019
35542 0.000018
35543 0.000034
35544 0.000038
35545 0.000019
35546 0.000011
35547 0.000037
35548 0.000009
35549 0.000019
35550 0.000018
35551 0.000016
35552 0.000013
35553 0.000006
35554 0.000019
35555 0.000017
35556 0.000020
35557 0.000007
35558 0.000027
35559 0.000020
35560 0.000030
35561 0.000015
35562 0.000013
35563 0.000035
35564 0.000018
35565 0.000012
35566 0.000012
35567 0.000009
35568 0.000014
35569 0.000020
35570 0.000020
35571 0.000021
35572 0.000017
35573 0.000034
35574 0.000047
35575 0.000034
35576 0.000016
35577 0.000016
35578 0.000013
35579 0.000007
35580 0.000020
35581 0.000018
35582 0.000016
35583 0.000026
35584 0.000037
35585 0.000027
35586 0.000014
35587 0.000013
35588 0.000016
35589 0.000019
35590 0.000010
35591 0.000016
35592 0.000018
35593 0.000008
35594 0.000010
35595 0.000013
35596 0.000020
35597 0.000014
35598 0.000014
35599 0.000031
35600 0.000021
35601 0.000008
35602 0.000005
35603 0.000010
35604 0.000010
35605 0.000015
35606 0.000013
35607 0.000025
35608 0.000037
35609 0.000017
35610 0.000008
35611 0.000005
35612 0.000011
35613 0.000023
35614 0.000019
35615 0.000038
35616 0.000043
35617 0.000018
35618 0.000007
35619 0.000009
35620 0.000013
35621 0.000027
35622 0.000016
35623 0.000013
35624 0.000009
35625 0.000012
35626 0.000021
35627 0.000012
35628 0.000025
35629 0.000030
35630 0.000025
35631 0.000023
35632 0.000026
35633 0.000024
35634 0.000015
35635 0.000013
35636 0.000009
35637 0.000020
35638 0.000038
35639 0.000036
35640 0.000030
35641 0.000035
35642 0.000034
35643 0.000021
35644 0.000028
35645 0.000015
35646 0.000012
35647 0.000021
35648 0.000039
35649 0.000042
35650 0.000013
35651 0.000013
35652 0.000017
35653 0.000025
35654 0.000022
35655 0.000021
35656 0.000006
35657 0.000008
35658 0.000008
35659 0.000007
35660 0.000025
35661 0.000013
35662 0.000011
35663 0.000017
35664 0.000006
35665 0.000013
35666 0.000010
35667 0.000007
35668 0.000005
35669 0.000005
35670 0.000015
35671 0.000015
35672 0.000016
35673 0.000022
35674 0.000012
35675 0.000020
35676 0.000009
35677 0.000007
35678 0.000014
35679 0.000020
35680 0.000016
35681 0.000011
35682 0.000022
35683 0.000021
35684 0.000023
35685 0.000007
35686 0.000011
35687 0.000029
35688 0.000008
35689 0.000013
35690 0.000010
35691 0.000020
35692 0.000009
35693 0.000013
35694 0.000029
35695 0.000049
35696 0.000024
35697 0.000013
35698 0.000020
35699 0.000023
35700 0.000027
35701 0.000028
35702 0.000043
35703 0.000021
35704 0.000019
35705 0.000019
35706 0.000025
35707 0.000015
35708 0.000013
35709 0.000010
35710 0.000010
35711 0.000007
35712 0.000005
35713 0.000019
35714 0.000027
35715 0.000037
35716 0.000021
35717 0.000034
35718 0.000032
35719 0.000030
35720 0.000021
35721 0.000034
35722 0.000034
35723 0.000026
35724 0.000042
35725 0.000026
35726 0.000015
35727 0.000013
35728 0.000047
35729 0.000028
35730 0.000024
35731 0.000024
35732 0.000013
35733 0.000013
35734 0.000013
35735 0.000021
35736 0.000024
35737 0.000037
35738 0.000029
35739 0.000029
35740 0.000008
35741 0.000012
35742 0.000020
35743 0.000012
35744 0.000012
35745 0.000007
35746 0.000021
35747 0.000016
35748 0.000019
35749 0.000008
35750 0.000017
35751 0.000014
35752 0.000011
35753 0.000005
35754 0.000015
35755 0.000010
35756 0.000025
35757 0.000032
35758 0.000012
35759 0.000013
35760 0.000027
35761 0.000018
35762 0.000023
35763 0.000028
35764 0.000027
35765 0.000027
35766 0.000026
35767 0.000010
35768 0.000015
35769 0.000045
35770 0.000032
35771 0.000024
35772 0.000006
35773 0.000018
35774 0.000014
35775 0.000006
35776 0.000013
35777 0.000022
35778 0.000022
35779 0.000016
35780 0.000006
35781 0.000012
35782 0.000014
35783 0.000027
35784 0.000023
35785 0.000014
35786 0.000029
35787 0.000017
35788 0.000025
35789 0.000039
35790 0.000027
35791 0.000029
35792 0.000027
35793 0.000020
35794 0.000017
35795 0.000007
35796 0.000025
35797 0.000018
35798 0.000029
35799 0.000051
35800 0.000036
35801 0.000030
35802 0.000035
35803 0.000040
35804 0.000039
35805 0.000018
35806 0.000017
35807 0.000012
35808 0.000021
35809 0.000031
35810 0.000012
35811 0.000010
35812 0.000007
35813 0.000031
35814 0.000015
35815 0.000015
35816 0.000025
35817 0.000010
35818 0.000016
35819 0.000020
35820 0.000007
35821 0.000025
35822 0.000040
35823 0.000042
35824 0.000030
35825 0.000012
35826 0.000022
35827 0.000027
35828 0.000034
35829 0.000047
35830 0.000013
35831 0.000017
35832 0.000013
35833 0.000008
35834 0.000009
35835 0.000018
35836 0.000015
35837 0.000020
35838 0.000031
35839 0.000021
35840 0.000011
35841 0.000043
35842 0.000025
35843 0.000037
35844 0.000024
35845 0.000009
35846 0.000005
35847 0.000008
35848 0.000008
35849 0.000012
35850 0.000026
35851 0.000008
35852 0.000005
35853 0.000004
35854 0.000015
35855 0.000006
35856 0.000012
35857 0.000020
35858 0.000025
35859 0.000015
35860 0.000017
35861 0.000011
35862 0.000036
35863 0.000018
35864 0.000031
35865 0.000014
35866 0.000005
35867 0.000007
35868 0.000012
35869 0.000008
35870 0.000012
35871 0.000008
35872 0.000008
35873 0.000021
35874 0.000015
35875 0.000029
35876 0.000019
35877 0.000014
35878 0.000015
35879 0.000034
35880 0.000017
35881 0.000021
35882 0.000049
35883 0.000015
35884 0.000012
35885 0.000006
35886 0.000016
35887 0.000031
35888 0.000027
35889 0.000022
35890 0.000029
35891 0.000024
35892 0.000013
35893 0.000031
35894 0.000052
35895 0.000028
35896 0.000017
35897 0.000012
35898 0.000025
35899 0.000027
35900 0.000036
35901 0.000049
35902 0.000032
35903 0.000036
35904 0.000016
35905 0.000014
35906 0.000020
35907 0.000030
35908 0.000028
35909 0.000023
35910 0.000022
35911 0.000040
35912 0.000016
35913 0.000018
35914 0.000027
35915 0.000020
35916 0.000012
35917 0.000034
35918 0.000030
35919 0.000029
35920 0.000032
35921 0.000021
35922 0.000027
35923 0.000033
35924 0.000041
35925 0.000070
35926 0.000021
35927 0.000038
35928 0.000016
35929 0.000008
35930 0.000008
35931 0.000023
35932 0.000027
35933 0.000019
35934 0.000030
35935 0.000025
35936 0.000010
35937 0.000009
35938 0.000007
35939 0.000037
35940 0.000012
35941 0.000021
35942 0.000023
35943 0.000016
35944 0.000029
35945 0.000016
35946 0.000017
35947 0.000027
35948 0.000024
35949 0.000013
35950 0.000017
35951 0.000007
35952 0.000005
35953 0.000006
35954 0.000009
35955 0.000021
35956 0.000028
35957 0.000028
35958 0.000021
35959 0.000028
35960 0.000015
35961 0.000029
35962 0.000011
35963 0.000020
35964 0.000022
35965 0.000011
35966 0.000016
35967 0.000006
35968 0.000018
35969 0.000018
35970 0.000023
35971 0.000015
35972 0.000029
35973 0.000040
35974 0.000020
35975 0.000013
35976 0.000027
35977 0.000014
35978 0.000019
35979 0.000016
35980 0.000007
35981 0.000006
35982 0.000012
35983 0.000013
35984 0.000018
35985 0.000033
35986 0.000024
35987 0.000008
35988 0.000011
35989 0.000009
35990 0.000025
35991 0.000026
35992 0.000025
35993 0.000010
35994 0.000013
35995 0.000010
35996 0.000013
35997 0.000013
35998 0.000014
35999 0.000023
36000 0.000017
36001 0.000010
36002 0.000024
36003 0.000020
36004 0.000035
36005 0.000021
36006 0.000014
36007 0.000051
36008 0.000023
36009 0.000021
36010 0.000015
36011 0.000043
36012 0.000048
36013 0.000028
36014 0.000013
36015 0.000015
36016 0.000030
36017 0.000018
36018 0.000008
36019 0.000019
36020 0.000013
36021 0.000019
36022 0.000010
36023 0.000028
36024 0.000025
36025 0.000017
36026 0.000022
36027 0.000048
36028 0.000029
36029 0.000017
36030 0.000016
36031 0.000010
36032 0.000025
36033 0.000023
36034 0.000015
36035 0.000017
36036 0.000014
36037 0.000013
36038 0.000018
36039 0.000015
36040 0.000013
36041 0.000010
36042 0.000005
36043 0.000023
36044 0.000017
36045 0.000017
36046 0.000016
36047 0.000031
36048 0.000024
36049 0.000039
36050 0.000008
36051 0.000035
36052 0.000020
36053 0.000018
36054 0.000013
36055 0.000008
36056 0.000014
36057 0.000021
36058 0.000009
36059 0.000017
36060 0.000007
36061 0.000027
36062 0.000017
36063 0.000020
36064 0.000007
36065 0.000006
36066 0.000017
36067 0.000011
36068 0.000019
36069 0.000037
36070 0.000026
36071 0.000019
36072 0.000018
36073 0.000029
36074 0.000033
36075 0.000020
36076 0.000011
36077 0.000028
36078 0.000039
36079 0.000015
36080 0.000017
36081 0.000006
36082 0.000022
36083 0.000014
36084 0.000008
36085 0.000032
36086 0.000021
36087 0.000009
36088 0.000013
36089 0.000019
36090 0.000035
36091 0.000019
36092 0.000016
36093 0.000022
36094 0.000024
36095 0.000035
36096 0.000013
36097 0.000035
36098 0.000018
36099 0.000031
36100 0.000033
36101 0.000061
36102 0.000030
36103 0.000028
36104 0.000012
36105 0.000037
36106 0.000015
36107 0.000020
36108 0.000032
36109 0.000012
36110 0.000024
36111 0.000038
36112 0.000037
36113 0.000047
36114 0.000026
36115 0.000032
36116 0.000012
36117 0.000028
36118 0.000020
36119 0.000019
36120 0.000026
36121 0.000018
36122 0.000012
36123 0.000010
36124 0.000021
36125 0.000035
36126 0.000013
36127 0.000021
36128 0.000012
36129 0.000036
36130 0.000011
36131 0.000008
36132 0.000025
36133 0.000010
36134 0.000023
36135 0.000023
36136 0.000019
36137 0.000017
36138 0.000012
36139 0.000021
36140 0.000019
36141 0.000011
36142 0.000005
36143 0.000031
36144 0.000012
36145 0.000023
36146 0.000031
36147 0.000028
36148 0.000039
36149 0.000048
36150 0.000027
36151 0.000019
36152 0.000016
36153 0.000018
36154 0.000009
36155 0.000006
36156 0.000011
36157 0.000006
36158 0.000010
36159 0.000023
36160 0.000014
36161 0.000009
36162 0.000023
36163 0.000024
36164 0.000036
36165 0.000031
36166 0.000032
36167 0.000035
36168 0.000009
36169 0.000014
36170 0.000015
36171 0.000014
36172 0.000033
36173 0.000027
36174 0.000011
36175 0.000015
36176 0.000013
36177 0.000022
36178 0.000041
36179 0.000010
36180 0.000014
36181 0.000047
36182 0.000020
36183 0.000015
36184 0.000024
36185 0.000013
36186 0.000012
36187 0.000006
36188 0.000012
36189 0.000014
36190 0.000021
36191 0.000012
36192 0.000044
36193 0.000012
36194 0.000016
36195 0.000023
36196 0.000017
36197 0.000018
36198 0.000029
36199 0.000026
36200 0.000010
36201 0.000010
36202 0.000014
36203 0.000019
36204 0.000026
36205 0.000021
36206 0.000027
36207 0.000024
36208 0.000013
36209 0.000026
36210 0.000010
36211 0.000009
36212 0.000006
36213 0.000004
36214 0.000012
36215 0.000022
36216 0.000013
36217 0.000016
36218 0.000016
36219 0.000023
36220 0.000043
36221 0.000024
36222 0.000036
36223 0.000028
36224 0.000034
36225 0.000035
36226 0.000019
36227 0.000033
36228 0.000024
36229 0.000026
36230 0.000027
36231 0.000028
36232 0.000021
36233 0.000011
36234 0.000012
36235 0.000010
36236 0.000014
36237 0.000021
36238 0.000007
36239 0.000020
36240 0.000006
36241 0.000017
36242 0.000019
36243 0.000021
36244 0.000012
36245 0.000005
36246 0.000015
36247 0.000012
36248 0.000014
36249 0.000018
36250 0.000017
36251 0.000013
36252 0.000014
36253 0.000011
36254 0.000011
36255 0.000016
36256 0.000022
36257 0.000042
36258 0.000031
36259 0.000037
36260 0.000034
36261 0.000017
36262 0.000009
36263 0.000018
36264 0.000015
36265 0.000007
36266 0.000017
36267 0.000009
36268 0.000008
36269 0.000017
36270 0.000020
36271 0.000015
36272 0.000006
36273 0.000025
36274 0.000009
36275 0.000024
36276 0.000023
36277 0.000011
36278 0.000013
36279 0.000036
36280 0.000013
36281 0.000023
36282 0.000008
36283 0.000004
36284 0.000014
36285 0.000017
36286 0.000022
36287 0.000026
36288 0.000020
36289 0.000017
36290 0.000013
36291 0.000016
36292 0.000020
36293 0.000027
36294 0.000037
36295 0.000027
36296 0.000008
36297 0.000015
36298 0.000029
36299 0.000028
36300 0.000042
36301 0.000036
36302 0.000017
36303 0.000024
36304 0.000011
36305 0.000007
36306 0.000025
36307 0.000018
36308 0.000027
36309 0.000021
36310 0.000008
36311 0.000032
36312 0.000033
36313 0.000018
36314 0.000020
36315 0.000035
36316 0.000027
36317 0.000029
36318 0.000025
36319 0.000016
36320 0.000025
36321 0.000022
36322 0.000024
36323 0.000019
36324 0.000020
36325 0.000023
36326 0.000014
36327 0.000025
36328 0.000019
36329 0.000018
36330 0.000030
36331 0.000016
36332 0.000016
36333 0.000006
36334 0.000008
36335 0.000012
36336 0.000034
36337 0.000014
36338 0.000020
36339 0.000020
36340 0.000010
36341 0.000012
36342 0.000014
36343 0.000054
36344 0.000027
36345 0.000022
36346 0.000018
36347 0.000038
36348 0.000058
36349 0.000056
36350 0.000016
36351 0.000014
36352 0.000014
36353 0.000006
36354 0.000034
36355 0.000025
36356 0.000051
36357 0.000057
36358 0.000031
36359 0.000028
36360 0.000021
36361 0.000039
36362 0.000013
36363 0.000013
36364 0.000023
36365 0.000037
36366 0.000021
36367 0.000015
36368 0.000011
36369 0.000026
36370 0.000014
36371 0.000017
36372 0.000033
36373 0.000010
36374 0.000006
36375 0.000013
36376 0.000009
36377 0.000017
36378 0.000030
36379 0.000011
36380 0.000028
36381 0.000015
36382 0.000014
36383 0.000016
36384 0.000013
36385 0.000016
36386 0.000025
36387 0.000016
36388 0.000017
36389 0.000013
36390 0.000022
36391 0.000028
36392 0.000020
36393 0.000032
36394 0.000015
36395 0.000009
36396 0.000007
36397 0.000004
36398 0.000013
36399 0.000026
36400 0.000032
36401 0.000043
36402 0.000020
36403 0.000009
36404 0.000027
36405 0.000020
36406 0.000025
36407 0.000031
36408 0.000011
36409 0.000015
36410 0.000025
36411 0.000010
36412 0.000029
36413 0.000018
36414 0.000021
36415 0.000012
36416 0.000030
36417 0.000032
36418 0.000018
36419 0.000017
36420 0.000040
36421 0.000022
36422 0.000012
36423 0.000011
36424 0.000016
36425 0.000028
36426 0.000023
36427 0.000016
36428 0.000011
36429 0.000014
36430 0.000014
36431 0.000014
36432 0.000023
36433 0.000013
36434 0.000009
36435 0.000008
36436 0.000018
36437 0.000019
36438 0.000017
36439 0.000017
36440 0.000015
36441 0.000010
36442 0.000019
36443 0.000016
36444 0.000011
36445 0.000024
36446 0.000016
36447 0.000043
36448 0.000029
36449 0.000014
36450 0.000011
36451 0.000018
36452 0.000018
36453 0.000026
36454 0.000024
36455 0.000026
36456 0.000007
36457 0.000012
36458 0.000011
36459 0.000005
36460 0.000025
36461 0.000019
36462 0.000023
36463 0.000025
36464 0.000020
36465 0.000024
36466 0.000013
36467 0.000030
36468 0.000036
36469 0.000015
36470 0.000014
36471 0.000023
36472 0.000026
36473 0.000020
36474 0.000020
36475 0.000027
36476 0.000020
36477 0.000019
36478 0.000041
36479 0.000029
36480 0.000009
36481 0.000030
36482 0.000019
36483 0.000009
36484 0.000004
36485 0.000009
36486 0.000037
36487 0.000020
36488 0.000016
36489 0.000009
36490 0.000010
36491 0.000022
36492 0.000013
36493 0.000016
36494 0.000008
36495 0.000005
36496 0.000005
36497 0.000016
36498 0.000009
36499 0.000013
36500 0.000028
36501 0.000028
36502 0.000045
36503 0.000013
36504 0.000016
36505 0.000006
36506 0.000004
36507 0.000024
36508 0.000014
36509 0.000043
36510 0.000033
36511 0.000014
36512 0.000038
36513 0.000013
36514 0.000016
36515 0.000012
36516 0.000021
36517 0.000024
36518 0.000014
36519 0.000016
36520 0.000016
36521 0.000012
36522 0.000016
36523 0.000026
36524 0.000038
36525 0.000022
36526 0.000015
36527 0.000007
36528 0.000008
36529 0.000008
36530 0.000019
36531 0.000012
36532 0.000012
36533 0.000020
36534 0.000030
36535 0.000017
36536 0.000025
36537 0.000019
36538 0.000012
36539 0.000013
36540 0.000019
36541 0.000020
36542 0.000009
36543 0.000010
36544 0.000010
36545 0.000021
36546 0.000017
36547 0.000012
36548 0.000020
36549 0.000021
36550 0.000007
36551 0.000011
36552 0.000023
36553 0.000018
36554 0.000012
36555 0.000022
36556 0.000008
36557 0.000005
36558 0.000015
36559 0.000026
36560 0.000030
36561 0.000028
36562 0.000049
36563 0.000052
36564 0.000044
36565 0.000041
36566 0.000015
36567 0.000011
36568 0.000010
36569 0.000023
36570 0.000027
36571 0.000021
36572 0.000014
36573 0.000033
36574 0.000025
36575 0.000021
36576 0.000027
36577 0.000026
36578 0.000018
36579 0.000019
36580 0.000018
36581 0.000017
36582 0.000052
36583 0.000033
36584 0.000012
36585 0.000016
36586 0.000028
36587 0.000030
36588 0.000014
36589 0.000027
36590 0.000016
36591 0.000006
36592 0.000016
36593 0.000009
36594 0.000012
36595 0.000013
36596 0.000018
36597 0.000026
36598 0.000030
36599 0.000040
36600 0.000019
36601 0.000007
36602 0.000013
36603 0.000007
36604 0.000009
36605 0.000013
36606 0.000006
36607 0.000011
36608 0.000006
36609 0.000013
36610 0.000009
36611 0.000013
36612 0.000031
36613 0.000017
36614 0.000019
36615 0.000026
36616 0.000033
36617 0.000014
36618 0.000008
36619 0.000012
36620 0.000013
36621 0.000007
36622 0.000005
36623 0.000025
36624 0.000013
36625 0.000015
36626 0.000009
36627 0.000009
36628 0.000019
36629 0.000030
36630 0.000029
36631 0.000020
36632 0.000016
36633 0.000018
36634 0.000036
36635 0.000021
36636 0.000019
36637 0.000017
36638 0.000029
36639 0.000023
36640 0.000028
36641 0.000017
36642 0.000019
36643 0.000010
36644 0.000024
36645 0.000021
36646 0.000011
36647 0.000024
36648 0.000013
36649 0.000007
36650 0.000017
36651 0.000015
36652 0.000019
36653 0.000023
36654 0.000018
36655 0.000049
36656 0.000024
36657 0.000013
36658 0.000008
36659 0.000008
36660 0.000013
36661 0.000025
36662 0.000021
36663 0.000012
36664 0.000021
36665 0.000015
36666 0.000013
36667 0.000015
36668 0.000016
36669 0.000014
36670 0.000015
36671 0.000015
36672 0.000013
36673 0.000011
36674 0.000015
36675 0.000010
36676 0.000005
36677 0.000041
36678 0.000051
36679 0.000048
36680 0.000055
36681 0.000043
36682 0.000029
36683 0.000021
36684 0.000013
36685 0.000013
36686 0.000025
36687 0.000024
36688 0.000022
36689 0.000057
36690 0.000015
36691 0.000015
36692 0.000014
36693 0.000007
36694 0.000010
36695 0.000010
36696 0.000008
36697 0.000021
36698 0.000012
36699 0.000016
36700 0.000014
36701 0.000005
36702 0.000010
36703 0.000022
36704 0.000018
36705 0.000031
36706 0.000034
36707 0.000022
36708 0.000027
36709 0.000027
36710 0.000023
36711 0.000027
36712 0.000021
36713 0.000014
36714 0.000022
36715 0.000018
36716 0.000016
36717 0.000019
36718 0.000020
36719 0.000009
36720 0.000005
36721 0.000005
36722 0.000006
36723 0.000010
36724 0.000008
36725 0.000005
36726 0.000039
36727 0.000025
36728 0.000012
36729 0.000022
36730 0.000009
36731 0.000012
36732 0.000008
36733 0.000014
36734 0.000022
36735 0.000036
36736 0.000026
36737 0.000010
36738 0.000012
36739 0.000019
36740 0.000038
36741 0.000019
36742 0.000010
36743 0.000009
36744 0.000013
36745 0.000022
36746 0.000014
36747 0.000009
36748 0.000012
36749 0.000011
36750 0.000007
36751 0.000034
36752 0.000021
36753 0.000033
36754 0.000019
36755 0.000011
36756 0.000012
36757 0.000005
36758 0.000009
36759 0.000012
36760 0.000012
36761 0.000006
36762 0.000011
36763 0.000017
36764 0.000013
36765 0.000013
36766 0.000018
36767 0.000036
36768 0.000042
36769 0.000057
36770 0.000035
36771 0.000011
36772 0.000010
36773 0.000034
36774 0.000019
36775 0.000016
36776 0.000017
36777 0.000019
36778 0.000032
36779 0.000012
36780 0.000017
36781 0.000020
36782 0.000032
36783 0.000017
36784 0.000012
36785 0.000029
36786 0.000011
36787 0.000014
36788 0.000019
36789 0.000016
36790 0.000017
36791 0.000027
36792 0.000017
36793 0.000035
36794 0.000025
36795 0.000026
36796 0.000020
36797 0.000024
36798 0.000016
36799 0.000023
36800 0.000034
36801 0.000032
36802 0.000029
36803 0.000031
36804 0.000014
36805 0.000016
36806 0.000020
36807 0.000016
36808 0.000010
36809 0.000010
36810 0.000021
36811 0.000018
36812 0.000013
36813 0.000014
36814 0.000008
36815 0.000009
36816 0.000013
36817 0.000017
36818 0.000035
36819 0.000025
36820 0.000044
36821 0.000022
36822 0.000023
36823 0.000011
36824 0.000009
36825 0.000024
36826 0.000035
36827 0.000015
36828 0.000047
36829 0.000030
36830 0.000012
36831 0.000019
36832 0.000038
36833 0.000017
36834 0.000025
36835 0.000025
36836 0.000025
36837 0.000019
36838 0.000019
36839 0.000014
36840 0.000030
36841 0.000022
36842 0.000023
36843 0.000030
36844 0.000019
36845 0.000015
36846 0.000018
36847 0.000019
36848 0.000012
36849 0.000025
36850 0.000013
36851 0.000019
36852 0.000030
36853 0.000011
36854 0.000013
36855 0.000020
36856 0.000020
36857 0.000027
36858 0.000018
36859 0.000021
36860 0.000019
36861 0.000014
36862 0.000022
36863 0.000011
36864 0.000006
36865 0.000006
36866 0.000012
36867 0.000025
36868 0.000024
36869 0.000024
36870 0.000029
36871 0.000011
36872 0.000008
36873 0.000005
36874 0.000010
36875 0.000007
36876 0.000025
36877 0.000022
36878 0.000019
36879 0.000030
36880 0.000028
36881 0.000031
36882 0.000013
36883 0.000008
36884 0.000019
36885 0.000018
36886 0.000014
36887 0.000030
36888 0.000036
36889 0.000048
36890 0.000065
36891 0.000029
36892 0.000044
36893 0.000045
36894 0.000030
36895 0.000025
36896 0.000014
36897 0.000030
36898 0.000028
36899 0.000015
36900 0.000035
36901 0.000019
36902 0.000024
36903 0.000045
36904 0.000023
36905 0.000022
36906 0.000018
36907 0.000010
36908 0.000019
36909 0.000018
36910 0.000017
36911 0.000007
36912 0.000019
36913 0.000020
36914 0.000025
36915 0.000035
36916 0.000011
36917 0.000015
36918 0.000016
36919 0.000022
36920 0.000025
36921 0.000014
36922 0.000057
36923 0.000022
36924 0.000043
36925 0.000036
36926 0.000015
36927 0.000006
36928 0.000008
36929 0.000026
36930 0.000021
36931 0.000007
36932 0.000011
36933 0.000016
36934 0.000016
36935 0.000013
36936 0.000014
36937 0.000022
36938 0.000013
36939 0.000040
36940 0.000023
36941 0.000010
36942 0.000011
36943 0.000019
36944 0.000020
36945 0.000006
36946 0.000011
36947 0.000026
36948 0.000022
36949 0.000040
36950 0.000011
36951 0.000022
36952 0.000019
36953 0.000018
36954 0.000018
36955 0.000010
36956 0.000017
36957 0.000019
36958 0.000018
36959 0.000027
36960 0.000018
36961 0.000032
36962 0.000046
36963 0.000026
36964 0.000010
36965 0.000006
36966 0.000009
36967 0.000047
36968 0.000048
36969 0.000038
36970 0.000047
36971 0.000029
36972 0.000025
36973 0.000012
36974 0.000017
36975 0.000013
36976 0.000006
36977 0.000021
36978 0.000006
36979 0.000033
36980 0.000030
36981 0.000019
36982 0.000015
36983 0.000012
36984 0.000016
36985 0.000019
36986 0.000010
36987 0.000028
36988 0.000017
36989 0.000011
36990 0.000010
36991 0.000034
36992 0.000022
36993 0.000021
36994 0.000016
36995 0.000034
36996 0.000041
36997 0.000033
36998 0.000029
36999 0.000029
37000 0.000019
37001 0.000040
37002 0.000014
37003 0.000026
37004 0.000012
37005 0.000038
37006 0.000017
37007 0.000025
37008 0.000027
37009 0.000017
37010 0.000013
37011 0.000025
37012 0.000020
37013 0.000020
37014 0.000019
37015 0.000009
37016 0.000010
37017 0.000019
37018 0.000010
37019 0.000005
37020 0.000016
37021 0.000026
37022 0.000021
37023 0.000024
37024 0.000029
37025 0.000026
37026 0.000012
37027 0.000031
37028 0.000014
37029 0.000014
37030 0.000009
37031 0.000005
37032 0.000018
37033 0.000013
37034 0.000024
37035 0.000034
37036 0.000056
37037 0.000042
37038 0.000033
37039 0.000017
37040 0.000025
37041 0.000015
37042 0.000026
37043 0.000011
37044 0.000008
37045 0.000008
37046 0.000015
37047 0.000014
37048 0.000015
37049 0.000020
37050 0.000013
37051 0.000005
37052 0.000014
37053 0.000006
37054 0.000033
37055 0.000027
37056 0.000019
37057 0.000022
37058 0.000009
37059 0.000016
37060 0.000027
37061 0.000029
37062 0.000009
37063 0.000013
37064 0.000008
37065 0.000023
37066 0.000015
37067 0.000016
37068 0.000009
37069 0.000024
37070 0.000027
37071 0.000009
37072 0.000009
37073 0.000014
37074 0.000015
37075 0.000044
37076 0.000049
37077 0.000036
37078 0.000023
37079 0.000015
37080 0.000014
37081 0.000021
37082 0.000019
37083 0.000018
37084 0.000036
37085 0.000009
37086 0.000012
37087 0.000018
37088 0.000014
37089 0.000013
37090 0.000008
37091 0.000021
37092 0.000033
37093 0.000025
37094 0.000008
37095 0.000017
37096 0.000022
37097 0.000013
37098 0.000053
37099 0.000048
37100 0.000017
37101 0.000024
37102 0.000010
37103 0.000023
37104 0.000027
37105 0.000020
37106 0.000024
37107 0.000027
37108 0.000024
37109 0.000020
37110 0.000023
37111 0.000011
37112 0.000009
37113 0.000021
37114 0.000009
37115 0.000010
37116 0.000016
37117 0.000010
37118 0.000013
37119 0.000014
37120 0.000016
37121 0.000029
37122 0.000041
37123 0.000015
37124 0.000009
37125 0.000012
37126 0.000011
37127 0.000020
37128 0.000013
37129 0.000021
37130 0.000010
37131 0.000013
37132 0.000006
37133 0.000017
37134 0.000011
37135 0.000011
37136 0.000015
37137 0.000006
37138 0.000012
37139 0.000027
37140 0.000032
37141 0.000041
37142 0.000032
37143 0.000009
37144 0.000009
37145 0.000006
37146 0.000012
37147 0.000016
37148 0.000023
37149 0.000050
37150 0.000017
37151 0.000032
37152 0.000010
37153 0.000028
37154 0.000032
37155 0.000032
37156 0.000012
37157 0.000008
37158 0.000020
37159 0.000017
37160 0.000026
37161 0.000016
37162 0.000024
37163 0.000035
37164 0.000027
37165 0.000021
37166 0.000021
37167 0.000019
37168 0.000016
37169 0.000022
37170 0.000025
37171 0.000019
37172 0.000029
37173 0.000035
37174 0.000029
37175 0.000024
37176 0.000029
37177 0.000034
37178 0.000021
37179 0.000017
37180 0.000006
37181 0.000015
37182 0.000014
37183 0.000017
37184 0.000036
37185 0.000035
37186 0.000016
37187 0.000020
37188 0.000029
37189 0.000012
37190 0.000005
37191 0.000005
37192 0.000014
37193 0.000032
37194 0.000059
37195 0.000033
37196 0.000039
37197 0.000046
37198 0.000011
37199 0.000014
37200 0.000008
37201 0.000022
37202 0.000024
37203 0.000014
37204 0.000018
37205 0.000028
37206 0.000015
37207 0.000014
37208 0.000021
37209 0.000038
37210 0.000030
37211 0.000035
37212 0.000019
37213 0.000012
37214 0.000017
37215 0.000014
37216 0.000010
37217 0.000008
37218 0.000010
37219 0.000018
37220 0.000007
37221 0.000018
37222 0.000019
37223 0.000032
37224 0.000034
37225 0.000013
37226 0.000013
37227 0.000015
37228 0.000012
37229 0.000006
37230 0.000024
37231 0.000013
37232 0.000028
37233 0.000009
37234 0.000026
37235 0.000024
37236 0.000007
37237 0.000021
37238 0.000012
37239 0.000019
37240 0.000010
37241 0.000018
37242 0.000018
37243 0.000022
37244 0.000032
37245 0.000025
37246 0.000039
37247 0.000062
37248 0.000031
37249 0.000012
37250 0.000011
37251 0.000005
37252 0.000018
37253 0.000018
37254 0.000014
37255 0.000018
37256 0.000016
37257 0.000018
37258 0.000024
37259 0.000026
37260 0.000013
37261 0.000022
37262 0.000022
37263 0.000012
37264 0.000010
37265 0.000018
37266 0.000032
37267 0.000013
37268 0.000011
37269 0.000012
37270 0.000025
37271 0.000009
37272 0.000021
37273 0.000024
37274 0.000016
37275 0.000012
37276 0.000010
37277 0.000024
37278 0.000013
37279 0.000010
37280 0.000016
37281 0.000011
37282 0.000025
37283 0.000021
37284 0.000011
37285 0.000010
37286 0.000010
37287 0.000021
37288 0.000026
37289 0.000013
37290 0.000023
37291 0.000022
37292 0.000022
37293 0.000024
37294 0.000022
37295 0.000015
37296 0.000006
37297 0.000009
37298 0.000025
37299 0.000013
37300 0.000018
37301 0.000008
37302 0.000021
37303 0.000016
37304 0.000017
37305 0.000016
37306 0.000007
37307 0.000013
37308 0.000014
37309 0.000012
37310 0.000006
37311 0.000008
37312 0.000014
37313 0.000022
37314 0.000024
37315 0.000023
37316 0.000018
37317 0.000016
37318 0.000013
37319 0.000008
37320 0.000010
37321 0.000014
37322 0.000015
37323 0.000021
37324 0.000009
37325 0.000005
37326 0.000011
37327 0.000027
37328 0.000016
37329 0.000019
37330 0.000021
37331 0.000015
37332 0.000021
37333 0.000020
37334 0.000018
37335 0.000024
37336 0.000032
37337 0.000015
37338 0.000014
37339 0.000010
37340 0.000011
37341 0.000017
37342 0.000012
37343 0.000021
37344 0.000027
37345 0.000011
37346 0.000021
37347 0.000007
37348 0.000006
37349 0.000014
37350 0.000013
37351 0.000029
37352 0.000019
37353 0.000008
37354 0.000031
37355 0.000034
37356 0.000023
37357 0.000021
37358 0.000022
37359 0.000017
37360 0.000016
37361 0.000016
37362 0.000018
37363 0.000016
37364 0.000010
37365 0.000005
37366 0.000033
37367 0.000031
37368 0.000020
37369 0.000043
37370 0.000045
37371 0.000021
37372 0.000014
37373 0.000012
37374 0.000009
37375 0.000016
37376 0.000011
37377 0.000022
37378 0.000016
37379 0.000038
37380 0.000017
37381 0.000006
37382 0.000028
37383 0.000023
37384 0.000018
37385 0.000007
37386 0.000013
37387 0.000010
37388 0.000010
37389 0.000019
37390 0.000024
37391 0.000010
37392 0.000009
37393 0.000018
37394 0.000021
37395 0.000012
37396 0.000016
37397 0.000016
37398 0.000032
37399 0.000021
37400 0.000011
37401 0.000018
37402 0.000021
37403 0.000041
37404 0.000019
37405 0.000007
37406 0.000027
37407 0.000043
37408 0.000019
37409 0.000018
37410 0.000010
37411 0.000029
37412 0.000034
37413 0.000024
37414 0.000014
37415 0.000010
37416 0.000018
37417 0.000032
37418 0.000028
37419 0.000016
37420 0.000013
37421 0.000021
37422 0.000009
37423 0.000008
37424 0.000015
37425 0.000015
37426 0.000025
37427 0.000023
37428 0.000007
37429 0.000010
37430 0.000013
37431 0.000013
37432 0.000036
37433 0.000020
37434 0.000013
37435 0.000007
37436 0.000019
37437 0.000011
37438 0.000016
37439 0.000011
37440 0.000007
37441 0.000009
37442 0.000016
37443 0.000026
37444 0.000019
37445 0.000036
37446 0.000018
37447 0.000027
37448 0.000019
37449 0.000022
37450 0.000015
37451 0.000022
37452 0.000012
37453 0.000034
37454 0.000017
37455 0.000039
37456 0.000035
37457 0.000029
37458 0.000040
37459 0.000020
37460 0.000009
37461 0.000011
37462 0.000013
37463 0.000020
37464 0.000020
37465 0.000025
37466 0.000020
37467 0.000012
37468 0.000008
37469 0.000035
37470 0.000024
37471 0.000029
37472 0.000009
37473 0.000015
37474 0.000027
37475 0.000017
37476 0.000040
37477 0.000014
37478 0.000019
37479 0.000031
37480 0.000030
37481 0.000016
37482 0.000027
37483 0.000015
37484 0.000029
37485 0.000020
37486 0.000021
37487 0.000015
37488 0.000013
37489 0.000009
37490 0.000009
37491 0.000006
37492 0.000005
37493 0.000021
37494 0.000049
37495 0.000035
37496 0.000016
37497 0.000042
37498 0.000027
37499 0.000030
37500 0.000028
37501 0.000013
37502 0.000009
37503 0.000011
37504 0.000008
37505 0.000010
37506 0.000007
37507 0.000015
37508 0.000014
37509 0.000014
37510 0.000015
37511 0.000013
37512 0.000008
37513 0.000011
37514 0.000018
37515 0.000014
37516 0.000009
37517 0.000017
37518 0.000027
37519 0.000027
37520 0.000007
37521 0.000021
37522 0.000012
37523 0.000014
37524 0.000021
37525 0.000021
37526 0.000009
37527 0.000024
37528 0.000020
37529 0.000015
37530 0.000019
37531 0.000021
37532 0.000027
37533 0.000023
37534 0.000006
37535 0.000004
37536 0.000005
37537 0.000005
37538 0.000030
37539 0.000018
37540 0.000011
37541 0.000006
37542 0.000005
37543 0.000012
37544 0.000019
37545 0.000031
37546 0.000019
37547 0.000013
37548 0.000013
37549 0.000021
37550 0.000015
37551 0.000028
37552 0.000027
37553 0.000019
37554 0.000013
37555 0.000012
37556 0.000022
37557 0.000021
37558 0.000011
37559 0.000021
37560 0.000018
37561 0.000014
37562 0.000012
37563 0.000006
37564 0.000025
37565 0.000030
37566 0.000032
37567 0.000019
37568 0.000034
37569 0.000025
37570 0.000046
37571 0.000025
37572 0.000008
37573 0.000007
37574 0.000005
37575 0.000024
37576 0.000010
37577 0.000020
37578 0.000014
37579 0.000010
37580 0.000010
37581 0.000033
37582 0.000023
37583 0.000019
37584 0.000013
37585 0.000011
37586 0.000009
37587 0.000010
37588 0.000022
37589 0.000009
37590 0.000018
37591 0.000029
37592 0.000019
37593 0.000023
37594 0.000012
37595 0.000005
37596 0.000017
37597 0.000008
37598 0.000015
37599 0.000021
37600 0.000021
37601 0.000017
37602 0.000030
37603 0.000021
37604 0.000028
37605 0.000017
37606 0.000034
37607 0.000024
37608 0.000032
37609 0.000024
37610 0.000028
37611 0.000024
37612 0.000037
37613 0.000018
37614 0.000015
37615 0.000019
37616 0.000018
37617 0.000027
37618 0.000017
37619 0.000022
37620 0.000013
37621 0.000018
37622 0.000012
37623 0.000022
37624 0.000018
37625 0.000010
37626 0.000006
37627 0.000010
37628 0.000024
37629 0.000013
37630 0.000017
37631 0.000031
37632 0.000026
37633 0.000020
37634 0.000027
37635 0.000046
37636 0.000029
37637 0.000015
37638 0.000016
37639 0.000041
37640 0.000014
37641 0.000012
37642 0.000017
37643 0.000016
37644 0.000030
37645 0.000016
37646 0.000029
37647 0.000034
37648 0.000014
37649 0.000023
37650 0.000021
37651 0.000012
37652 0.000035
37653 0.000020
37654 0.000024
37655 0.000023
37656 0.000020
37657 0.000016
37658 0.000022
37659 0.000027
37660 0.000018
37661 0.000013
37662 0.000013
37663 0.000011
37664 0.000010
37665 0.000015
37666 0.000038
37667 0.000036
37668 0.000027
37669 0.000011
37670 0.000026
37671 0.000023
37672 0.000020
37673 0.000011
37674 0.000017
37675 0.000018
37676 0.000012
37677 0.000011
37678 0.000013
37679 0.000022
37680 0.000025
37681 0.000018
37682 0.000020
37683 0.000013
37684 0.000025
37685 0.000022
37686 0.000018
37687 0.000012
37688 0.000012
37689 0.000009
37690 0.000017
37691 0.000010
37692 0.000014
37693 0.000014
37694 0.000019
37695 0.000027
37696 0.000019
37697 0.000018
37698 0.000018
37699 0.000016
37700 0.000026
37701 0.000029
37702 0.000017
37703 0.000020
37704 0.000020
37705 0.000023
37706 0.000010
37707 0.000024
37708 0.000043
37709 0.000027
37710 0.000031
37711 0.000022
37712 0.000027
37713 0.000022
37714 0.000023
37715 0.000019
37716 0.000038
37717 0.000025
37718 0.000017
37719 0.000015
37720 0.000011
37721 0.000008
37722 0.000026
37723 0.000024
37724 0.000023
37725 0.000008
37726 0.000019
37727 0.000028
37728 0.000016
37729 0.000023
37730 0.000022
37731 0.000009
37732 0.000018
37733 0.000011
37734 0.000009
37735 0.000017
37736 0.000021
37737 0.000035
37738 0.000012
37739 0.000011
37740 0.000023
37741 0.000018
37742 0.000022
37743 0.000023
37744 0.000014
37745 0.000011
37746 0.000010
37747 0.000013
37748 0.000021
37749 0.000047
37750 0.000019
37751 0.000023
37752 0.000022
37753 0.000009
37754 0.000022
37755 0.000008
37756 0.000010
37757 0.000008
37758 0.000007
37759 0.000027
37760 0.000042
37761 0.000015
37762 0.000021
37763 0.000011
37764 0.000018
37765 0.000019
37766 0.000044
37767 0.000030
37768 0.000009
37769 0.000014
37770 0.000034
37771 0.000040
37772 0.000021
37773 0.000026
37774 0.000020
37775 0.000013
37776 0.000013
37777 0.000010
37778 0.000044
37779 0.000018
37780 0.000012
37781 0.000012
37782 0.000016
37783 0.000017
37784 0.000024
37785 0.000029
37786 0.000024
37787 0.000028
37788 0.000045
37789 0.000031
37790 0.000025
37791 0.000013
37792 0.000014
37793 0.000006
37794 0.000017
37795 0.000015
37796 0.000038
37797 0.000025
37798 0.000029
37799 0.000011
37800 0.000009
37801 0.000016
37802 0.000017
37803 0.000037
37804 0.000042
37805 0.000057
37806 0.000027
37807 0.000032
37808 0.000032
37809 0.000023
37810 0.000008
37811 0.000005
37812 0.000011
37813 0.000017
37814 0.000010
37815 0.000025
37816 0.000043
37817 0.000018
37818 0.000034
37819 0.000011
37820 0.000016
37821 0.000013
37822 0.000019
37823 0.000039
37824 0.000025
37825 0.000055
37826 0.000024
37827 0.000010
37828 0.000022
37829 0.000029
37830 0.000042
37831 0.000020
37832 0.000026
37833 0.000016
37834 0.000019
37835 0.000023
37836 0.000017
37837 0.000021
37838 0.000025
37839 0.000025
37840 0.000028
37841 0.000035
37842 0.000018
37843 0.000013
37844 0.000009
37845 0.000015
37846 0.000007
37847 0.000015
37848 0.000039
37849 0.000028
37850 0.000012
37851 0.000024
37852 0.000014
37853 0.000018
37854 0.000019
37855 0.000027
37856 0.000018
37857 0.000015
37858 0.000028
37859 0.000014
37860 0.000019
37861 0.000012
37862 0.000021
37863 0.000011
37864 0.000009
37865 0.000016
37866 0.000011
37867 0.000018
37868 0.000033
37869 0.000021
37870 0.000010
37871 0.000011
37872 0.000019
37873 0.000031
37874 0.000027
37875 0.000030
37876 0.000022
37877 0.000026
37878 0.000013
37879 0.000020
37880 0.000024
37881 0.000027
37882 0.000035
37883 0.000016
37884 0.000044
37885 0.000040
37886 0.000034
37887 0.000038
37888 0.000020
37889 0.000029
37890 0.000036
37891 0.000022
37892 0.000027
37893 0.000015
37894 0.000006
37895 0.000013
37896 0.000009
37897 0.000011
37898 0.000011
37899 0.000014
37900 0.000034
37901 0.000014
37902 0.000012
37903 0.000029
37904 0.000015
37905 0.000032
37906 0.000020
37907 0.000009
37908 0.000008
37909 0.000008
37910 0.000016
37911 0.000005
37912 0.000005
37913 0.000023
37914 0.000022
37915 0.000029
37916 0.000051
37917 0.000022
37918 0.000033
37919 0.000025
37920 0.000025
37921 0.000033
37922 0.000028
37923 0.000028
37924 0.000028
37925 0.000039
37926 0.000030
37927 0.000032
37928 0.000039
37929 0.000030
37930 0.000034
37931 0.000037
37932 0.000036
37933 0.000043
37934 0.000027
37935 0.000020
37936 0.000027
37937 0.000013
37938 0.000027
37939 0.000017
37940 0.000011
37941 0.000011
37942 0.000013
37943 0.000008
37944 0.000019
37945 0.000022
37946 0.000016
37947 0.000016
37948 0.000035
37949 0.000013
37950 0.000014
37951 0.000023
37952 0.000013
37953 0.000025
37954 0.000018
37955 0.000029
37956 0.000039
37957 0.000022
37958 0.000025
37959 0.000035
37960 0.000048
37961 0.000055
37962 0.000050
37963 0.000031
37964 0.000012
37965 0.000008
37966 0.000017
37967 0.000014
37968 0.000011
37969 0.000014
37970 0.000015
37971 0.000007
37972 0.000021
37973 0.000012
37974 0.000014
37975 0.000021
37976 0.000032
37977 0.000032
37978 0.000035
37979 0.000018
37980 0.000014
37981 0.000018
37982 0.000027
37983 0.000010
37984 0.000008
37985 0.000036
37986 0.000025
37987 0.000039
37988 0.000032
37989 0.000041
37990 0.000027
37991 0.000035
37992 0.000037
37993 0.000028
37994 0.000027
37995 0.000011
37996 0.000017
37997 0.000007
37998 0.000005
37999 0.000018
38000 0.000014
38001 0.000017
38002 0.000028
38003 0.000037
38004 0.000009
38005 0.000024
38006 0.000009
38007 0.000006
38008 0.000010
38009 0.000011
38010 0.000012
38011 0.000015
38012 0.000016
38013 0.000018
38014 0.000014
38015 0.000028
38016 0.000009
38017 0.000008
38018 0.000037
38019 0.000022
38020 0.000012
38021 0.000015
38022 0.000025
38023 0.000030
38024 0.000034
38025 0.000026
38026 0.000032
38027 0.000015
38028 0.000012
38029 0.000007
38030 0.000014
38031 0.000043
38032 0.000015
38033 0.000010
38034 0.000021
38035 0.000010
38036 0.000013
38037 0.000008
38038 0.000016
38039 0.000017
38040 0.000020
38041 0.000022
38042 0.000012
38043 0.000019
38044 0.000028
38045 0.000022
38046 0.000018
38047 0.000006
38048 0.000009
38049 0.000012
38050 0.000032
38051 0.000023
38052 0.000037
38053 0.000011
38054 0.000025
38055 0.000013
38056 0.000014
38057 0.000013
38058 0.000020
38059 0.000016
38060 0.000022
38061 0.000052
38062 0.000022
38063 0.000018
38064 0.000043
38065 0.000015
38066 0.000013
38067 0.000019
38068 0.000015
38069 0.000027
38070 0.000038
38071 0.000046
38072 0.000017
38073 0.000007
38074 0.000009
38075 0.000027
38076 0.000011
38077 0.000011
38078 0.000019
38079 0.000016
38080 0.000010
38081 0.000019
38082 0.000013
38083 0.000025
38084 0.000022
38085 0.000017
38086 0.000037
38087 0.000019
38088 0.000016
38089 0.000007
38090 0.000011
38091 0.000033
38092 0.000016
38093 0.000023
38094 0.000023
38095 0.000027
38096 0.000028
38097 0.000013
38098 0.000007
38099 0.000028
38100 0.000023
38101 0.000011
38102 0.000005
38103 0.000027
38104 0.000034
38105 0.000015
38106 0.000021
38107 0.000036
38108 0.000027
38109 0.000024
38110 0.000018
38111 0.000017
38112 0.000025
38113 0.000008
38114 0.000009
38115 0.000024
38116 0.000011
38117 0.000012
38118 0.000018
38119 0.000032
38120 0.000012
38121 0.000016
38122 0.000026
38123 0.000021
38124 0.000023
38125 0.000010
38126 0.000011
38127 0.000008
38128 0.000010
38129 0.000022
38130 0.000023
38131 0.000013
38132 0.000042
38133 0.000047
38134 0.000057
38135 0.000031
38136 0.000036
38137 0.000025
38138 0.000016
38139 0.000034
38140 0.000028
38141 0.000012
38142 0.000021
38143 0.000035
38144 0.000021
38145 0.000010
38146 0.000011
38147 0.000019
38148 0.000011
38149 0.000010
38150 0.000045
38151 0.000041
38152 0.000024
38153 0.000015
38154 0.000017
38155 0.000013
38156 0.000016
38157 0.000012
38158 0.000018
38159 0.000026
38160 0.000011
38161 0.000014
38162 0.000019
38163 0.000016
38164 0.000013
38165 0.000006
38166 0.000021
38167 0.000011
38168 0.000006
38169 0.000016
38170 0.000023
38171 0.000010
38172 0.000023
38173 0.000016
38174 0.000010
38175 0.000014
38176 0.000009
38177 0.000016
38178 0.000014
38179 0.000019
38180 0.000010
38181 0.000011
38182 0.000025
38183 0.000034
38184 0.000036
38185 0.000034
38186 0.000025
38187 0.000035
38188 0.000018
38189 0.000015
38190 0.000039
38191 0.000014
38192 0.000012
38193 0.000014
38194 0.000051
38195 0.000028
38196 0.000016
38197 0.000024
38198 0.000025
38199 0.000030
38200 0.000028
38201 0.000017
38202 0.000011
38203 0.000009
38204 0.000017
38205 0.000010
38206 0.000037
38207 0.000029
38208 0.000036
38209 0.000034
38210 0.000021
38211 0.000015
38212 0.000010
38213 0.000029
38214 0.000020
38215 0.000011
38216 0.000012
38217 0.000019
38218 0.000016
38219 0.000007
38220 0.000028
38221 0.000014
38222 0.000007
38223 0.000015
38224 0.000050
38225 0.000033
38226 0.000026
38227 0.000010
38228 0.000023
38229 0.000017
38230 0.000030
38231 0.000009
38232 0.000019
38233 0.000015
38234 0.000006
38235 0.000007
38236 0.000028
38237 0.000039
38238 0.000014
38239 0.000020
38240 0.000013
38241 0.000011
38242 0.000013
38243 0.000005
38244 0.000019
38245 0.000008
38246 0.000006
38247 0.000014
38248 0.000019
38249 0.000025
38250 0.000024
38251 0.000017
38252 0.000032
38253 0.000017
38254 0.000016
38255 0.000022
38256 0.000027
38257 0.000016
38258 0.000014
38259 0.000012
38260 0.000022
38261 0.000025
38262 0.000010
38263 0.000035
38264 0.000011
38265 0.000017
38266 0.000021
38267 0.000021
38268 0.000028
38269 0.000020
38270 0.000019
38271 0.000008
38272 0.000010
38273 0.000014
38274 0.000013
38275 0.000018
38276 0.000011
38277 0.000037
38278 0.000037
38279 0.000030
38280 0.000022
38281 0.000016
38282 0.000008
38283 0.000008
38284 0.000025
38285 0.000025
38286 0.000020
38287 0.000019
38288 0.000027
38289 0.000019
38290 0.000033
38291 0.000035
38292 0.000019
38293 0.000031
38294 0.000019
38295 0.000010
38296 0.000005
38297 0.000020
38298 0.000016
38299 0.000012
38300 0.000026
38301 0.000027
38302 0.000021
38303 0.000034
38304 0.000042
38305 0.000015
38306 0.000033
38307 0.000030
38308 0.000017
38309 0.000013
38310 0.000010
38311 0.000009
38312 0.000020
38313 0.000020
38314 0.000022
38315 0.000017
38316 0.000028
38317 0.000023
38318 0.000023
38319 0.000013
38320 0.000016
38321 0.000016
38322 0.000012
38323 0.000015
38324 0.000045
38325 0.000016
38326 0.000015
38327 0.000015
38328 0.000018
38329 0.000025
38330 0.000014
38331 0.000018
38332 0.000017
38333 0.000022
38334 0.000014
38335 0.000016
38336 0.000035
38337 0.000019
38338 0.000014
38339 0.000009
38340 0.000017
38341 0.000019
38342 0.000019
38343 0.000033
38344 0.000029
38345 0.000019
38346 0.000014
38347 0.000020
38348 0.000016
38349 0.000022
38350 0.000009
38351 0.000022
38352 0.000012
38353 0.000024
38354 0.000008
38355 0.000027
38356 0.000026
38357 0.000017
38358 0.000017
38359 0.000008
38360 0.000005
38361 0.000007
38362 0.000012
38363 0.000016
38364 0.000027
38365 0.000026
38366 0.000021
38367 0.000011
38368 0.000006
38369 0.000007
38370 0.000021
38371 0.000023
38372 0.000012
38373 0.000035
38374 0.000014
38375 0.000015
38376 0.000021
38377 0.000012
38378 0.000025
38379 0.000019
38380 0.000015
38381 0.000022
38382 0.000015
38383 0.000011
38384 0.000006
38385 0.000025
38386 0.000014
38387 0.000023
38388 0.000010
38389 0.000008
38390 0.000020
38391 0.000018
38392 0.000029
38393 0.000016
38394 0.000029
38395 0.000018
38396 0.000016
38397 0.000010
38398 0.000008
38399 0.000015
38400 0.000040
38401 0.000014
38402 0.000022
38403 0.000035
38404 0.000014
38405 0.000013
38406 0.000020
38407 0.000015
38408 0.000019
38409 0.000009
38410 0.000007
38411 0.000025
38412 0.000018
38413 0.000018
38414 0.000010
38415 0.000011
38416 0.000005
38417 0.000022
38418 0.000028
38419 0.000029
38420 0.000031
38421 0.000041
38422 0.000027
38423 0.000026
38424 0.000020
38425 0.000015
38426 0.000010
38427 0.000026
38428 0.000031
38429 0.000035
38430 0.000042
38431 0.000025
38432 0.000034
38433 0.000049
38434 0.000052
38435 0.000017
38436 0.000024
38437 0.000031
38438 0.000016
38439 0.000012
38440 0.000006
38441 0.000018
38442 0.000016
38443 0.000016
38444 0.000023
38445 0.000030
38446 0.000016
38447 0.000018
38448 0.000011
38449 0.000024
38450 0.000027
38451 0.000024
38452 0.000013
38453 0.000011
38454 0.000041
38455 0.000025
38456 0.000060
38457 0.000016
38458 0.000027
38459 0.000027
38460 0.000019
38461 0.000027
38462 0.000022
38463 0.000015
38464 0.000019
38465 0.000008
38466 0.000005
38467 0.000043
38468 0.000028
38469 0.000025
38470 0.000021
38471 0.000027
38472 0.000024
38473 0.000007
38474 0.000019
38475 0.000019
38476 0.000012
38477 0.000019
38478 0.000020
38479 0.000024
38480 0.000026
38481 0.000020
38482 0.000026
38483 0.000012
38484 0.000021
38485 0.000007
38486 0.000012
38487 0.000013
38488 0.000014
38489 0.000013
38490 0.000013
38491 0.000021
38492 0.000016
38493 0.000023
38494 0.000030
38495 0.000032
38496 0.000031
38497 0.000047
38498 0.000016
38499 0.000014
38500 0.000026
38501 0.000027
38502 0.000032
38503 0.000021
38504 0.000013
38505 0.000018
38506 0.000037
38507 0.000019
38508 0.000010
38509 0.000009
38510 0.000005
38511 0.000025
38512 0.000015
38513 0.000013
38514 0.000015
38515 0.000015
38516 0.000017
38517 0.000019
38518 0.000022
38519 0.000042
38520 0.000044
38521 0.000011
38522 0.000006
38523 0.000022
38524 0.000024
38525 0.000016
38526 0.000013
38527 0.000009
38528 0.000013
38529 0.000013
38530 0.000029
38531 0.000030
38532 0.000013
38533 0.000027
38534 0.000010
38535 0.000015
38536 0.000016
38537 0.000018
38538 0.000022
38539 0.000010
38540 0.000020
38541 0.000013
38542 0.000030
38543 0.000017
38544 0.000015
38545 0.000015
38546 0.000020
38547 0.000036
38548 0.000016
38549 0.000020
38550 0.000009
38551 0.000013
38552 0.000019
38553 0.000020
38554 0.000019
38555 0.000008
38556 0.000019
38557 0.000026
38558 0.000021
38559 0.000033
38560 0.000018
38561 0.000024
38562 0.000021
38563 0.000015
38564 0.000028
38565 0.000036
38566 0.000015
38567 0.000015
38568 0.000015
38569 0.000024
38570 0.000034
38571 0.000019
38572 0.000021
38573 0.000018
38574 0.000068
38575 0.000026
38576 0.000021
38577 0.000012
38578 0.000009
38579 0.000022
38580 0.000009
38581 0.000027
38582 0.000011
38583 0.000022
38584 0.000022
38585 0.000018
38586 0.000012
38587 0.000011
38588 0.000028
38589 0.000014
38590 0.000019
38591 0.000053
38592 0.000028
38593 0.000021
38594 0.000034
38595 0.000020
38596 0.000016
38597 0.000041
38598 0.000019
38599 0.000015
38600 0.000014
38601 0.000015
38602 0.000013
38603 0.000007
38604 0.000023
38605 0.000009
38606 0.000011
38607 0.000009
38608 0.000011
38609 0.000018
38610 0.000010
38611 0.000017
38612 0.000016
38613 0.000010
38614 0.000011
38615 0.000038
38616 0.000035
38617 0.000018
38618 0.000011
38619 0.000029
38620 0.000019
38621 0.000017
38622 0.000020
38623 0.000031
38624 0.000030
38625 0.000040
38626 0.000014
38627 0.000012
38628 0.000008
38629 0.000011
38630 0.000004
38631 0.000004
38632 0.000005
38633 0.000026
38634 0.000015
38635 0.000018
38636 0.000022
38637 0.000029
38638 0.000024
38639 0.000012
38640 0.000019
38641 0.000012
38642 0.000027
38643 0.000042
38644 0.000016
38645 0.000026
38646 0.000013
38647 0.000005
38648 0.000004
38649 0.000004
38650 0.000008
38651 0.000013
38652 0.000026
38653 0.000018
38654 0.000022
38655 0.000017
38656 0.000015
38657 0.000021
38658 0.000029
38659 0.000038
38660 0.000015
38661 0.000033
38662 0.000010
38663 0.000016
38664 0.000043
38665 0.000025
38666 0.000033
38667 0.000021
38668 0.000012
38669 0.000006
38670 0.000007
38671 0.000021
38672 0.000013
38673 0.000009
38674 0.000007
38675 0.000023
38676 0.000034
38677 0.000039
38678 0.000047
38679 0.000026
38680 0.000012
38681 0.000016
38682 0.000020
38683 0.000029
38684 0.000051
38685 0.000010
38686 0.000016
38687 0.000011
38688 0.000014
38689 0.000012
38690 0.000017
38691 0.000012
38692 0.000033
38693 0.000021
38694 0.000026
38695 0.000024
38696 0.000021
38697 0.000013
38698 0.000009
38699 0.000013
38700 0.000010
38701 0.000023
38702 0.000014
38703 0.000020
38704 0.000017
38705 0.000023
38706 0.000012
38707 0.000009
38708 0.000018
38709 0.000023
38710 0.000013
38711 0.000025
38712 0.000010
38713 0.000025
38714 0.000017
38715 0.000009
38716 0.000007
38717 0.000010
38718 0.000016
38719 0.000017
38720 0.000014
38721 0.000032
38722 0.000037
38723 0.000047
38724 0.000024
38725 0.000013
38726 0.000021
38727 0.000021
38728 0.000007
38729 0.000009
38730 0.000019
38731 0.000021
38732 0.000024
38733 0.000031
38734 0.000020
38735 0.000014
38736 0.000013
38737 0.000014
38738 0.000012
38739 0.000025
38740 0.000014
38741 0.000024
38742 0.000030
38743 0.000012
38744 0.000029
38745 0.000029
38746 0.000040
38747 0.000036
38748 0.000036
38749 0.000026
38750 0.000019
38751 0.000011
38752 0.000027
38753 0.000017
38754 0.000010
38755 0.000012
38756 0.000010
38757 0.000006
38758 0.000014
38759 0.000026
38760 0.000021
38761 0.000011
38762 0.000042
38763 0.000024
38764 0.000019
38765 0.000023
38766 0.000021
38767 0.000019
38768 0.000013
38769 0.000052
38770 0.000048
38771 0.000063
38772 0.000023
38773 0.000013
38774 0.000027
38775 0.000027
38776 0.000035
38777 0.000022
38778 0.000013
38779 0.000018
38780 0.000007
38781 0.000008
38782 0.000037
38783 0.000029
38784 0.000019
38785 0.000010
38786 0.000007
38787 0.000010
38788 0.000009
38789 0.000030
38790 0.000033
38791 0.000027
38792 0.000028
38793 0.000036
38794 0.000011
38795 0.000008
38796 0.000014
38797 0.000018
38798 0.000010
38799 0.000007
38800 0.000007
38801 0.000016
38802 0.000016
38803 0.000021
38804 0.000036
38805 0.000019
38806 0.000011
38807 0.000009
38808 0.000024
38809 0.000015
38810 0.000009
38811 0.000023
38812 0.000020
38813 0.000017
38814 0.000022
38815 0.000013
38816 0.000011
38817 0.000021
38818 0.000016
38819 0.000039
38820 0.000019
38821 0.000020
38822 0.000007
38823 0.000020
38824 0.000017
38825 0.000047
38826 0.000028
38827 0.000016
38828 0.000020
38829 0.000019
38830 0.000007
38831 0.000038
38832 0.000016
38833 0.000010
38834 0.000006
38835 0.000014
38836 0.000015
38837 0.000012
38838 0.000011
38839 0.000029
38840 0.000013
38841 0.000010
38842 0.000022
38843 0.000032
38844 0.000032
38845 0.000036
38846 0.000057
38847 0.000051
38848 0.000038
38849 0.000019
38850 0.000039
38851 0.000029
38852 0.000036
38853 0.000013
38854 0.000007
38855 0.000005
38856 0.000010
38857 0.000039
38858 0.000035
38859 0.000024
38860 0.000018
38861 0.000018
38862 0.000018
38863 0.000037
38864 0.000025
38865 0.000018
38866 0.000028
38867 0.000015
38868 0.000021
38869 0.000019
38870 0.000033
38871 0.000011
38872 0.000012
38873 0.000025
38874 0.000010
38875 0.000015
38876 0.000025
38877 0.000053
38878 0.000019
38879 0.000017
38880 0.000011
38881 0.000008
38882 0.000019
38883 0.000011
38884 0.000022
38885 0.000013
38886 0.000024
38887 0.000019
38888 0.000022
38889 0.000013
38890 0.000020
38891 0.000011
38892 0.000016
38893 0.000022
38894 0.000036
38895 0.000033
38896 0.000025
38897 0.000015
38898 0.000013
38899 0.000014
38900 0.000036
38901 0.000025
38902 0.000020
38903 0.000024
38904 0.000026
38905 0.000014
38906 0.000017
38907 0.000013
38908 0.000018
38909 0.000016
38910 0.000015
38911 0.000010
38912 0.000007
38913 0.000018
38914 0.000019
38915 0.000023
38916 0.000014
38917 0.000013
38918 0.000010
38919 0.000016
38920 0.000016
38921 0.000018
38922 0.000009
38923 0.000008
38924 0.000011
38925 0.000028
38926 0.000025
38927 0.000010
38928 0.000014
38929 0.000029
38930 0.000030
38931 0.000030
38932 0.000015
38933 0.000038
38934 0.000010
38935 0.000025
38936 0.000030
38937 0.000017
38938 0.000020
38939 0.000009
38940 0.000013
38941 0.000014
38942 0.000011
38943 0.000027
38944 0.000021
38945 0.000008
38946 0.000010
38947 0.000012
38948 0.000019
38949 0.000045
38950 0.000023
38951 0.000007
38952 0.000014
38953 0.000030
38954 0.000032
38955 0.000010
38956 0.000013
38957 0.000013
38958 0.000018
38959 0.000013
38960 0.000043
38961 0.000014
38962 0.000026
38963 0.000010
38964 0.000016
38965 0.000019
38966 0.000026
38967 0.000023
38968 0.000013
38969 0.000026
38970 0.000012
38971 0.000016
38972 0.000013
38973 0.000030
38974 0.000012
38975 0.000009
38976 0.000020
38977 0.000020
38978 0.000033
38979 0.000050
38980 0.000042
38981 0.000024
38982 0.000020
38983 0.000014
38984 0.000013
38985 0.000016
38986 0.000018
38987 0.000027
38988 0.000039
38989 0.000016
38990 0.000023
38991 0.000027
38992 0.000013
38993 0.000048
38994 0.000020
38995 0.000013
38996 0.000012
38997 0.000012
38998 0.000015
38999 0.000024
39000 0.000023
39001 0.000018
39002 0.000021
39003 0.000013
39004 0.000016
39005 0.000032
39006 0.000018
39007 0.000021
39008 0.000017
39009 0.000025
39010 0.000024
39011 0.000013
39012 0.000019
39013 0.000024
39014 0.000039
39015 0.000020
39016 0.000018
39017 0.000024
39018 0.000022
39019 0.000024
39020 0.000022
39021 0.000025
39022 0.000034
39023 0.000013
39024 0.000030
39025 0.000016
39026 0.000036
39027 0.000022
39028 0.000027
39029 0.000031
39030 0.000023
39031 0.000022
39032 0.000013
39033 0.000010
39034 0.000021
39035 0.000021
39036 0.000012
39037 0.000039
39038 0.000018
39039 0.000018
39040 0.000021
39041 0.000011
39042 0.000010
39043 0.000009
39044 0.000023
39045 0.000024
39046 0.000021
39047 0.000014
39048 0.000043
39049 0.000021
39050 0.000018
39051 0.000037
39052 0.000011
39053 0.000015
39054 0.000014
39055 0.000013
39056 0.000043
39057 0.000063
39058 0.000057
39059 0.000013
39060 0.000018
39061 0.000025
39062 0.000023
39063 0.000012
39064 0.000020
39065 0.000016
39066 0.000032
39067 0.000036
39068 0.000023
39069 0.000019
39070 0.000011
39071 0.000014
39072 0.000020
39073 0.000027
39074 0.000017
39075 0.000016
39076 0.000017
39077 0.000011
39078 0.000009
39079 0.000010
39080 0.000006
39081 0.000014
39082 0.000018
39083 0.000013
39084 0.000011
39085 0.000010
39086 0.000013
39087 0.000008
39088 0.000016
39089 0.000034
39090 0.000013
39091 0.000005
39092 0.000015
39093 0.000010
39094 0.000007
39095 0.000013
39096 0.000012
39097 0.000025
39098 0.000023
39099 0.000039
39100 0.000036
39101 0.000039
39102 0.000029
39103 0.000032
39104 0.000024
39105 0.000021
39106 0.000021
39107 0.000009
39108 0.000009
39109 0.000021
39110 0.000010
39111 0.000012
39112 0.000017
39113 0.000067
39114 0.000035
39115 0.000065
39116 0.000025
39117 0.000024
39118 0.000030
39119 0.000033
39120 0.000012
39121 0.000016
39122 0.000022
39123 0.000034
39124 0.000009
39125 0.000023
39126 0.000015
39127 0.000023
39128 0.000017
39129 0.000012
39130 0.000013
39131 0.000024
39132 0.000011
39133 0.000012
39134 0.000021
39135 0.000014
39136 0.000012
39137 0.000012
39138 0.000011
39139 0.000024
39140 0.000023
39141 0.000016
39142 0.000030
39143 0.000021
39144 0.000015
39145 0.000026
39146 0.000020
39147 0.000016
39148 0.000014
39149 0.000009
39150 0.000034
39151 0.000019
39152 0.000006
39153 0.000009
39154 0.000012
39155 0.000011
39156 0.000017
39157 0.000019
39158 0.000006
39159 0.000004
39160 0.000023
39161 0.000038
39162 0.000011
39163 0.000016
39164 0.000015
39165 0.000020
39166 0.000010
39167 0.000007
39168 0.000015
39169 0.000012
39170 0.000046
39171 0.000028
39172 0.000022
39173 0.000009
39174 0.000006
39175 0.000025
39176 0.000023
39177 0.000021
39178 0.000027
39179 0.000017
39180 0.000012
39181 0.000018
39182 0.000011
39183 0.000019
39184 0.000008
39185 0.000018
39186 0.000012
39187 0.000018
39188 0.000014
39189 0.000033
39190 0.000043
39191 0.000019
39192 0.000024
39193 0.000024
39194 0.000021
39195 0.000016
39196 0.000011
39197 0.000009
39198 0.000011
39199 0.000034
39200 0.000041
39201 0.000030
39202 0.000016
39203 0.000029
39204 0.000017
39205 0.000016
39206 0.000013
39207 0.000013
39208 0.000012
39209 0.000012
39210 0.000008
39211 0.000014
39212 0.000005
39213 0.000016
39214 0.000012
39215 0.000013
39216 0.000016
39217 0.000016
39218 0.000010
39219 0.000013
39220 0.000010
39221 0.000013
39222 0.000025
39223 0.000025
39224 0.000033
39225 0.000015
39226 0.000013
39227 0.000034
39228 0.000036
39229 0.000020
39230 0.000007
39231 0.000022
39232 0.000029
39233 0.000022
39234 0.000008
39235 0.000018
39236 0.000022
39237 0.000018
39238 0.000012
39239 0.000045
39240 0.000016
39241 0.000007
39242 0.000005
39243 0.000019
39244 0.000016
39245 0.000020
39246 0.000011
39247 0.000015
39248 0.000024
39249 0.000027
39250 0.000026
39251 0.000040
39252 0.000020
39253 0.000027
39254 0.000027
39255 0.000021
39256 0.000025
39257 0.000033
39258 0.000033
39259 0.000052
39260 0.000043
39261 0.000026
39262 0.000057
39263 0.000058
39264 0.000035
39265 0.000039
39266 0.000027
39267 0.000028
39268 0.000011
39269 0.000014
39270 0.000009
39271 0.000004
39272 0.000015
39273 0.000006
39274 0.000035
39275 0.000027
39276 0.000032
39277 0.000017
39278 0.000020
39279 0.000013
39280 0.000009
39281 0.000006
39282 0.000004
39283 0.000027
39284 0.000016
39285 0.000041
39286 0.000025
39287 0.000036
39288 0.000016
39289 0.000036
39290 0.000022
39291 0.000014
39292 0.000027
39293 0.000017
39294 0.000023
39295 0.000026
39296 0.000030
39297 0.000020
39298 0.000053
39299 0.000047
39300 0.000019
39301 0.000028
39302 0.000026
39303 0.000011
39304 0.000014
39305 0.000017
39306 0.000013
39307 0.000019
39308 0.000045
39309 0.000031
39310 0.000017
39311 0.000015
39312 0.000016
39313 0.000011
39314 0.000007
39315 0.000010
39316 0.000014
39317 0.000011
39318 0.000018
39319 0.000020
39320 0.000021
39321 0.000024
39322 0.000017
39323 0.000013
39324 0.000008
39325 0.000035
39326 0.000040
39327 0.000014
39328 0.000014
39329 0.000017
39330 0.000021
39331 0.000016
39332 0.000012
39333 0.000006
39334 0.000018
39335 0.000028
39336 0.000039
39337 0.000027
39338 0.000023
39339 0.000022
39340 0.000033
39341 0.000026
39342 0.000013
39343 0.000049
39344 0.000036
39345 0.000017
39346 0.000026
39347 0.000013
39348 0.000010
39349 0.000005
39350 0.000018
39351 0.000017
39352 0.000012
39353 0.000006
39354 0.000028
39355 0.000021
39356 0.000014
39357 0.000010
39358 0.000010
39359 0.000007
39360 0.000007
39361 0.000018
39362 0.000016
39363 0.000029
39364 0.000013
39365 0.000020
39366 0.000023
39367 0.000013
39368 0.000028
39369 0.000029
39370 0.000032
39371 0.000014
39372 0.000018
39373 0.000018
39374 0.000021
39375 0.000007
39376 0.000017
39377 0.000014
39378 0.000023
39379 0.000015
39380 0.000006
39381 0.000024
39382 0.000028
39383 0.000011
39384 0.000021
39385 0.000017
39386 0.000013
39387 0.000012
39388 0.000011
39389 0.000044
39390 0.000034
39391 0.000014
39392 0.000024
39393 0.000021
39394 0.000050
39395 0.000031
39396 0.000018
39397 0.000041
39398 0.000019
39399 0.000006
39400 0.000016
39401 0.000016
39402 0.000028
39403 0.000012
39404 0.000019
39405 0.000011
39406 0.000023
39407 0.000036
39408 0.000037
39409 0.000022
39410 0.000024
39411 0.000024
39412 0.000017
39413 0.000040
39414 0.000014
39415 0.000006
39416 0.000010
39417 0.000006
39418 0.000021
39419 0.000016
39420 0.000021
39421 0.000016
39422 0.000017
39423 0.000013
39424 0.000014
39425 0.000018
39426 0.000016
39427 0.000011
39428 0.000015
39429 0.000043
39430 0.000042
39431 0.000018
39432 0.000008
39433 0.000010
39434 0.000015
39435 0.000030
39436 0.000028
39437 0.000015
39438 0.000009
39439 0.000032
39440 0.000023
39441 0.000034
39442 0.000009
39443 0.000023
39444 0.000032
39445 0.000012
39446 0.000011
39447 0.000011
39448 0.000013
39449 0.000021
39450 0.000012
39451 0.000009
39452 0.000009
39453 0.000009
39454 0.000005
39455 0.000012
39456 0.000017
39457 0.000029
39458 0.000018
39459 0.000040
39460 0.000031
39461 0.000041
39462 0.000023
39463 0.000018
39464 0.000034
39465 0.000010
39466 0.000021
39467 0.000015
39468 0.000011
39469 0.000006
39470 0.000018
39471 0.000029
39472 0.000043
39473 0.000031
39474 0.000011
39475 0.000023
39476 0.000014
39477 0.000009
39478 0.000007
39479 0.000006
39480 0.000028
39481 0.000025
39482 0.000007
39483 0.000018
39484 0.000005
39485 0.000011
39486 0.000019
39487 0.000029
39488 0.000016
39489 0.000009
39490 0.000014
39491 0.000017
39492 0.000023
39493 0.000045
39494 0.000033
39495 0.000020
39496 0.000007
39497 0.000011
39498 0.000006
39499 0.000024
39500 0.000017
39501 0.000020
39502 0.000016
39503 0.000022
39504 0.000035
39505 0.000017
39506 0.000025
39507 0.000026
39508 0.000041
39509 0.000025
39510 0.000010
39511 0.000019
39512 0.000034
39513 0.000027
39514 0.000012
39515 0.000022
39516 0.000025
39517 0.000015
39518 0.000017
39519 0.000010
39520 0.000006
39521 0.000005
39522 0.000015
39523 0.000011
39524 0.000010
39525 0.000011
39526 0.000006
39527 0.000024
39528 0.000018
39529 0.000012
39530 0.000016
39531 0.000010
39532 0.000007
39533 0.000012
39534 0.000023
39535 0.000008
39536 0.000025
39537 0.000014
39538 0.000014
39539 0.000031
39540 0.000023
39541 0.000051
39542 0.000026
39543 0.000014
39544 0.000026
39545 0.000041
39546 0.000024
39547 0.000024
39548 0.000023
39549 0.000042
39550 0.000040
39551 0.000023
39552 0.000018
39553 0.000024
39554 0.000014
39555 0.000015
39556 0.000013
39557 0.000022
39558 0.000017
39559 0.000013
39560 0.000009
39561 0.000018
39562 0.000011
39563 0.000032
39564 0.000034
39565 0.000024
39566 0.000012
39567 0.000031
39568 0.000016
39569 0.000021
39570 0.000011
39571 0.000017
39572 0.000014
39573 0.000018
39574 0.000019
39575 0.000029
39576 0.000029
39577 0.000021
39578 0.000019
39579 0.000011
39580 0.000020
39581 0.000010
39582 0.000008
39583 0.000026
39584 0.000025
39585 0.000034
39586 0.000023
39587 0.000019
39588 0.000021
39589 0.000018
39590 0.000016
39591 0.000010
39592 0.000011
39593 0.000020
39594 0.000047
39595 0.000023
39596 0.000051
39597 0.000034
39598 0.000013
39599 0.000012
39600 0.000007
39601 0.000017
39602 0.000021
39603 0.000024
39604 0.000019
39605 0.000031
39606 0.000029
39607 0.000018
39608 0.000024
39609 0.000052
39610 0.000017
39611 0.000005
39612 0.000022
39613 0.000021
39614 0.000030
39615 0.000011
39616 0.000011
39617 0.000019
39618 0.000013
39619 0.000025
39620 0.000021
39621 0.000027
39622 0.000039
39623 0.000015
39624 0.000026
39625 0.000023
39626 0.000020
39627 0.000012
39628 0.000038
39629 0.000046
39630 0.000026
39631 0.000013
39632 0.000007
39633 0.000006
39634 0.000026
39635 0.000014
39636 0.000013
39637 0.000009
39638 0.000032
39639 0.000027
39640 0.000025
39641 0.000018
39642 0.000018
39643 0.000011
39644 0.000006
39645 0.000020
39646 0.000022
39647 0.000011
39648 0.000025
39649 0.000025
39650 0.000031
39651 0.000032
39652 0.000018
39653 0.000019
39654 0.000021
39655 0.000013
39656 0.000013
39657 0.000025
39658 0.000022
39659 0.000030
39660 0.000038
39661 0.000044
39662 0.000034
39663 0.000015
39664 0.000027
39665 0.000032
39666 0.000054
39667 0.000059
39668 0.000040
39669 0.000019
39670 0.000015
39671 0.000011
39672 0.000030
39673 0.000027
39674 0.000026
39675 0.000007
39676 0.000013
39677 0.000025
39678 0.000014
39679 0.000023
39680 0.000011
39681 0.000019
39682 0.000023
39683 0.000020
39684 0.000020
39685 0.000013
39686 0.000011
39687 0.000006
39688 0.000008
39689 0.000013
39690 0.000014
39691 0.000033
39692 0.000035
39693 0.000033
39694 0.000017
39695 0.000016
39696 0.000006
39697 0.000014
39698 0.000006
39699 0.000023
39700 0.000006
39701 0.000005
39702 0.000006
39703 0.000026
39704 0.000027
39705 0.000030
39706 0.000016
39707 0.000025
39708 0.000032
39709 0.000018
39710 0.000014
39711 0.000015
39712 0.000015
39713 0.000027
39714 0.000017
39715 0.000036
39716 0.000009
39717 0.000017
39718 0.000012
39719 0.000015
39720 0.000040
39721 0.000014
39722 0.000023
39723 0.000026
39724 0.000023
39725 0.000016
39726 0.000017
39727 0.000023
39728 0.000013
39729 0.000023
39730 0.000017
39731 0.000010
39732 0.000013
39733 0.000015
39734 0.000016
39735 0.000011
39736 0.000014
39737 0.000022
39738 0.000010
39739 0.000017
39740 0.000026
39741 0.000020
39742 0.000012
39743 0.000021
39744 0.000017
39745 0.000017
39746 0.000036
39747 0.000050
39748 0.000036
39749 0.000018
39750 0.000018
39751 0.000028
39752 0.000032
39753 0.000015
39754 0.000031
39755 0.000034
39756 0.000036
39757 0.000009
39758 0.000023
39759 0.000013
39760 0.000010
39761 0.000023
39762 0.000039
39763 0.000014
39764 0.000024
39765 0.000019
39766 0.000016
39767 0.000013
39768 0.000009
39769 0.000015
39770 0.000020
39771 0.000016
39772 0.000010
39773 0.000011
39774 0.000012
39775 0.000011
39776 0.000029
39777 0.000017
39778 0.000023
39779 0.000027
39780 0.000015
39781 0.000009
39782 0.000009
39783 0.000005
39784 0.000021
39785 0.000016
39786 0.000018
39787 0.000006
39788 0.000009
39789 0.000010
39790 0.000028
39791 0.000028
39792 0.000022
39793 0.000008
39794 0.000011
39795 0.000018
39796 0.000020
39797 0.000009
39798 0.000004
39799 0.000014
39800 0.000018
39801 0.000022
39802 0.000022
39803 0.000016
39804 0.000016
39805 0.000025
39806 0.000051
39807 0.000017
39808 0.000024
39809 0.000016
39810 0.000023
39811 0.000011
39812 0.000035
39813 0.000029
39814 0.000016
39815 0.000012
39816 0.000020
39817 0.000017
39818 0.000015
39819 0.000007
39820 0.000005
39821 0.000019
39822 0.000015
39823 0.000010
39824 0.000020
39825 0.000009
39826 0.000023
39827 0.000013
39828 0.000012
39829 0.000013
39830 0.000021
39831 0.000009
39832 0.000012
39833 0.000013
39834 0.000013
39835 0.000033
39836 0.000032
39837 0.000035
39838 0.000020
39839 0.000017
39840 0.000019
39841 0.000011
39842 0.000017
39843 0.000011
39844 0.000014
39845 0.000056
39846 0.000072
39847 0.000079
39848 0.000036
39849 0.000011
39850 0.000018
39851 0.000022
39852 0.000019
39853 0.000022
39854 0.000016
39855 0.000006
39856 0.000019
39857 0.000011
39858 0.000007
39859 0.000018
39860 0.000018
39861 0.000026
39862 0.000022
39863 0.000009
39864 0.000029
39865 0.000021
39866 0.000036
39867 0.000035
39868 0.000016
39869 0.000010
39870 0.000010
39871 0.000017
39872 0.000017
39873 0.000032
39874 0.000010
39875 0.000009
39876 0.000026
39877 0.000017
39878 0.000022
39879 0.000010
39880 0.000011
39881 0.000023
39882 0.000033
39883 0.000017
39884 0.000033
39885 0.000020
39886 0.000036
39887 0.000024
39888 0.000017
39889 0.000016
39890 0.000032
39891 0.000030
39892 0.000012
39893 0.000017
39894 0.000045
39895 0.000030
39896 0.000014
39897 0.000009
39898 0.000028
39899 0.000029
39900 0.000055
39901 0.000042
39902 0.000029
39903 0.000035
39904 0.000020
39905 0.000023
39906 0.000026
39907 0.000010
39908 0.000021
39909 0.000009
39910 0.000020
39911 0.000009
39912 0.000011
39913 0.000021
39914 0.000017
39915 0.000013
39916 0.000025
39917 0.000024
39918 0.000021
39919 0.000016
39920 0.000011
39921 0.000022
39922 0.000029
39923 0.000022
39924 0.000016
39925 0.000014
39926 0.000026
39927 0.000036
39928 0.000028
39929 0.000025
39930 0.000022
39931 0.000019
39932 0.000014
39933 0.000019
39934 0.000008
39935 0.000022
39936 0.000019
39937 0.000034
39938 0.000021
39939 0.000042
39940 0.000026
39941 0.000040
39942 0.000020
39943 0.000021
39944 0.000010
39945 0.000019
39946 0.000016
39947 0.000017
39948 0.000028
39949 0.000023
39950 0.000013
39951 0.000013
39952 0.000015
39953 0.000011
39954 0.000008
39955 0.000009
39956 0.000017
39957 0.000011
39958 0.000028
39959 0.000017
39960 0.000026
39961 0.000015
39962 0.000010
39963 0.000014
39964 0.000014
39965 0.000031
39966 0.000024
39967 0.000025
39968 0.000031
39969 0.000032
39970 0.000020
39971 0.000047
39972 0.000026
39973 0.000019
39974 0.000018
39975 0.000012
39976 0.000009
39977 0.000015
39978 0.000016
39979 0.000010
39980 0.000011
39981 0.000027
39982 0.000014
39983 0.000011
39984 0.000020
39985 0.000044
39986 0.000015
39987 0.000017
39988 0.000011
39989 0.000010
39990 0.000010
39991 0.000025
39992 0.000012
39993 0.000008
39994 0.000010
39995 0.000005
39996 0.000008
39997 0.000020
39998 0.000020
39999 0.000029
40000 0.000013
40001 0.000016
40002 0.000021
40003 0.000019
40004 0.000013
40005 0.000011
40006 0.000010
40007 0.000027
40008 0.000009
40009 0.000022
40010 0.000012
40011 0.000029
40012 0.000015
40013 0.000020
40014 0.000028
40015 0.000023
40016 0.000032
40017 0.000022
40018 0.000014
40019 0.000020
40020 0.000033
40021 0.000009
40022 0.000022
40023 0.000024
40024 0.000027
40025 0.000024
40026 0.000019
40027 0.000019
40028 0.000021
40029 0.000015
40030 0.000009
40031 0.000019
40032 0.000052
40033 0.000039
40034 0.000036
40035 0.000037
40036 0.000020
40037 0.000011
40038 0.000014
40039 0.000009
40040 0.000008
40041 0.000010
40042 0.000028
40043 0.000013
40044 0.000018
40045 0.000019
40046 0.000019
40047 0.000020
40048 0.000012
40049 0.000012
40050 0.000014
40051 0.000029
40052 0.000026
40053 0.000025
40054 0.000030
40055 0.000013
40056 0.000007
40057 0.000029
40058 0.000032
40059 0.000014
40060 0.000015
40061 0.000022
40062 0.000029
40063 0.000025
40064 0.000017
40065 0.000021
40066 0.000021
40067 0.000010
40068 0.000027
40069 0.000013
40070 0.000010
40071 0.000026
40072 0.000018
40073 0.000020
40074 0.000019
40075 0.000023
40076 0.000010
40077 0.000006
40078 0.000028
40079 0.000048
40080 0.000013
40081 0.000048
40082 0.000031
40083 0.000010
40084 0.000005
40085 0.000019
40086 0.000013
40087 0.000010
40088 0.000007
40089 0.000008
40090 0.000005
40091 0.000005
40092 0.000035
40093 0.000041
40094 0.000018
40095 0.000032
40096 0.000029
40097 0.000014
40098 0.000037
40099 0.000020
40100 0.000009
40101 0.000020
40102 0.000033
40103 0.000019
40104 0.000023
40105 0.000028
40106 0.000022
40107 0.000014
40108 0.000022
40109 0.000009
40110 0.000006
40111 0.000021
40112 0.000032
40113 0.000017
40114 0.000018
40115 0.000009
40116 0.000021
40117 0.000021
40118 0.000021
40119 0.000027
40120 0.000020
40121 0.000012
40122 0.000008
40123 0.000013
40124 0.000028
40125 0.000028
40126 0.000014
40127 0.000012
40128 0.000024
40129 0.000025
40130 0.000042
40131 0.000028
40132 0.000014
40133 0.000015
40134 0.000019
40135 0.000015
40136 0.000017
40137 0.000043
40138 0.000030
40139 0.000029
40140 0.000023
40141 0.000031
40142 0.000015
40143 0.000023
40144 0.000019
40145 0.000019
40146 0.000024
40147 0.000023
40148 0.000024
40149 0.000012
40150 0.000037
40151 0.000023
40152 0.000029
40153 0.000035
40154 0.000032
40155 0.000019
40156 0.000016
40157 0.000011
40158 0.000027
40159 0.000015
40160 0.000017
40161 0.000028
40162 0.000020
40163 0.000018
40164 0.000031
40165 0.000020
40166 0.000011
40167 0.000040
40168 0.000022
40169 0.000032
40170 0.000014
40171 0.000020
40172 0.000035
40173 0.000018
40174 0.000026
40175 0.000020
40176 0.000010
40177 0.000011
40178 0.000005
40179 0.000016
40180 0.000012
40181 0.000010
40182 0.000010
40183 0.000014
40184 0.000036
40185 0.000014
40186 0.000015
40187 0.000011
40188 0.000024
40189 0.000018
40190 0.000008
40191 0.000010
40192 0.000017
40193 0.000023
40194 0.000044
40195 0.000022
40196 0.000015
40197 0.000025
40198 0.000019
40199 0.000011
40200 0.000005
40201 0.000008
40202 0.000014
40203 0.000015
40204 0.000032
40205 0.000009
40206 0.000013
40207 0.000037
40208 0.000043
40209 0.000028
40210 0.000020
40211 0.000031
40212 0.000012
40213 0.000005
40214 0.000034
40215 0.000034
40216 0.000013
40217 0.000018
40218 0.000031
40219 0.000018
40220 0.000023
40221 0.000021
40222 0.000019
40223 0.000033
40224 0.000020
40225 0.000013
40226 0.000010
40227 0.000022
40228 0.000021
40229 0.000006
40230 0.000009
40231 0.000008
40232 0.000007
40233 0.000018
40234 0.000023
40235 0.000018
40236 0.000022
40237 0.000034
40238 0.000028
40239 0.000020
40240 0.000018
40241 0.000017
40242 0.000016
40243 0.000010
40244 0.000024
40245 0.000019
40246 0.000032
40247 0.000019
40248 0.000029
40249 0.000032
40250 0.000011
40251 0.000020
40252 0.000035
40253 0.000016
40254 0.000022
40255 0.000012
40256 0.000027
40257 0.000014
40258 0.000022
40259 0.000006
40260 0.000007
40261 0.000018
40262 0.000026
40263 0.000011
40264 0.000013
40265 0.000024
40266 0.000016
40267 0.000015
40268 0.000032
40269 0.000014
40270 0.000009
40271 0.000009
40272 0.000008
40273 0.000006
40274 0.000014
40275 0.000026
40276 0.000022
40277 0.000007
40278 0.000005
40279 0.000005
40280 0.000025
40281 0.000024
40282 0.000022
40283 0.000010
40284 0.000024
40285 0.000016
40286 0.000010
40287 0.000009
40288 0.000023
40289 0.000036
40290 0.000024
40291 0.000013
40292 0.000005
40293 0.000029
40294 0.000036
40295 0.000042
40296 0.000035
40297 0.000014
40298 0.000017
40299 0.000014
40300 0.000026
40301 0.000018
40302 0.000015
40303 0.000016
40304 0.000007
40305 0.000006
40306 0.000034
40307 0.000029
40308 0.000023
40309 0.000009
40310 0.000008
40311 0.000018
40312 0.000009
40313 0.000021
40314 0.000007
40315 0.000006
40316 0.000021
40317 0.000041
40318 0.000030
40319 0.000024
40320 0.000023
40321 0.000023
40322 0.000029
40323 0.000039
40324 0.000014
40325 0.000020
40326 0.000026
40327 0.000014
40328 0.000011
40329 0.000009
40330 0.000018
40331 0.000020
40332 0.000028
40333 0.000038
40334 0.000027
40335 0.000022
40336 0.000016
40337 0.000014
40338 0.000015
40339 0.000026
40340 0.000012
40341 0.000013
40342 0.000040
40343 0.000029
40344 0.000033
40345 0.000011
40346 0.000030
40347 0.000032
40348 0.000039
40349 0.000028
40350 0.000022
40351 0.000009
40352 0.000017
40353 0.000019
40354 0.000018
40355 0.000019
40356 0.000008
40357 0.000031
40358 0.000019
40359 0.000011
40360 0.000026
40361 0.000031
40362 0.000030
40363 0.000033
40364 0.000024
40365 0.000015
40366 0.000012
40367 0.000016
40368 0.000032
40369 0.000027
40370 0.000026
40371 0.000019
40372 0.000030
40373 0.000012
40374 0.000027
40375 0.000030
40376 0.000022
40377 0.000034
40378 0.000026
40379 0.000017
40380 0.000005
40381 0.000021
40382 0.000011
40383 0.000017
40384 0.000022
40385 0.000021
40386 0.000014
40387 0.000029
40388 0.000036
40389 0.000018
40390 0.000016
40391 0.000018
40392 0.000056
40393 0.000024
40394 0.000033
40395 0.000023
40396 0.000023
40397 0.000017
40398 0.000018
40399 0.000018
40400 0.000008
40401 0.000017
40402 0.000011
40403 0.000016
40404 0.000010
40405 0.000007
40406 0.000013
40407 0.000030
40408 0.000017
40409 0.000010
40410 0.000024
40411 0.000013
40412 0.000017
40413 0.000055
40414 0.000029
40415 0.000023
40416 0.000018
40417 0.000011
40418 0.000005
40419 0.000021
40420 0.000016
40421 0.000006
40422 0.000027
40423 0.000041
40424 0.000041
40425 0.000041
40426 0.000025
40427 0.000019
40428 0.000030
40429 0.000026
40430 0.000023
40431 0.000013
40432 0.000009
40433 0.000016
40434 0.000026
40435 0.000036
40436 0.000023
40437 0.000016
40438 0.000012
40439 0.000016
40440 0.000021
40441 0.000013
40442 0.000018
40443 0.000006
40444 0.000014
40445 0.000023
40446 0.000036
40447 0.000021
40448 0.000012
40449 0.000008
40450 0.000019
40451 0.000010
40452 0.000016
40453 0.000018
40454 0.000024
40455 0.000015
40456 0.000021
40457 0.000025
40458 0.000012
40459 0.000024
40460 0.000010
40461 0.000023
40462 0.000010
40463 0.000014
40464 0.000022
40465 0.000015
40466 0.000018
40467 0.000011
40468 0.000007
40469 0.000013
40470 0.000023
40471 0.000017
40472 0.000012
40473 0.000014
40474 0.000007
40475 0.000019
40476 0.000024
40477 0.000019
40478 0.000030
40479 0.000015
40480 0.000024
40481 0.000027
40482 0.000016
40483 0.000027
40484 0.000014
40485 0.000010
40486 0.000014
40487 0.000005
40488 0.000010
40489 0.000016
40490 0.000013
40491 0.000028
40492 0.000030
40493 0.000024
40494 0.000008
40495 0.000023
40496 0.000016
40497 0.000011
40498 0.000018
40499 0.000013
40500 0.000067
40501 0.000032
40502 0.000030
40503 0.000049
40504 0.000028
40505 0.000027
40506 0.000021
40507 0.000046
40508 0.000046
40509 0.000023
40510 0.000025
40511 0.000023
40512 0.000012
40513 0.000017
40514 0.000014
40515 0.000007
40516 0.000012
40517 0.000006
40518 0.000014
40519 0.000011
40520 0.000014
40521 0.000016
40522 0.000007
40523 0.000005
40524 0.000004
40525 0.000021
40526 0.000020
40527 0.000020
40528 0.000017
40529 0.000038
40530 0.000033
40531 0.000017
40532 0.000008
40533 0.000036
40534 0.000029
40535 0.000028
40536 0.000024
40537 0.000013
40538 0.000015
40539 0.000022
40540 0.000012
40541 0.000017
40542 0.000008
40543 0.000014
40544 0.000031
40545 0.000016
40546 0.000018
40547 0.000006
40548 0.000005
40549 0.000009
40550 0.000010
40551 0.000014
40552 0.000021
40553 0.000021
40554 0.000032
40555 0.000013
40556 0.000005
40557 0.000010
40558 0.000041
40559 0.000017
40560 0.000010
40561 0.000008
40562 0.000021
40563 0.000025
40564 0.000014
40565 0.000026
40566 0.000014
40567 0.000006
40568 0.000037
40569 0.000019
40570 0.000027
40571 0.000017
40572 0.000010
40573 0.000020
40574 0.000018
40575 0.000031
40576 0.000042
40577 0.000029
40578 0.000029
40579 0.000025
40580 0.000014
40581 0.000007
40582 0.000012
40583 0.000019
40584 0.000014
40585 0.000007
40586 0.000005
40587 0.000012
40588 0.000014
40589 0.000019
40590 0.000016
40591 0.000010
40592 0.000022
40593 0.000018
40594 0.000024
40595 0.000006
40596 0.000008
40597 0.000024
40598 0.000026
40599 0.000015
40600 0.000011
40601 0.000019
40602 0.000024
40603 0.000026
40604 0.000010
40605 0.000013
40606 0.000028
40607 0.000036
40608 0.000023
40609 0.000025
40610 0.000019
40611 0.000032
40612 0.000032
40613 0.000032
40614 0.000010
40615 0.000005
40616 0.000026
40617 0.000027
40618 0.000019
40619 0.000013
40620 0.000026
40621 0.000015
40622 0.000012
40623 0.000011
40624 0.000035
40625 0.000028
40626 0.000023
40627 0.000013
40628 0.000026
40629 0.000037
40630 0.000023
40631 0.000011
40632 0.000005
40633 0.000012
40634 0.000026
40635 0.000012
40636 0.000045
40637 0.000014
40638 0.000022
40639 0.000016
40640 0.000012
40641 0.000029
40642 0.000015
40643 0.000006
40644 0.000022
40645 0.000022
40646 0.000013
40647 0.000029
40648 0.000020
40649 0.000020
40650 0.000034
40651 0.000015
40652 0.000016
40653 0.000010
40654 0.000024
40655 0.000013
40656 0.000041
40657 0.000015
40658 0.000009
40659 0.000014
40660 0.000022
40661 0.000020
40662 0.000022
40663 0.000015
40664 0.000010
40665 0.000019
40666 0.000011
40667 0.000015
40668 0.000007
40669 0.000016
40670 0.000030
40671 0.000023
40672 0.000018
40673 0.000043
40674 0.000040
40675 0.000023
40676 0.000030
40677 0.000009
40678 0.000010
40679 0.000026
40680 0.000037
40681 0.000026
40682 0.000013
40683 0.000023
40684 0.000015
40685 0.000061
40686 0.000026
40687 0.000018
40688 0.000020
40689 0.000006
40690 0.000015
40691 0.000021
40692 0.000009
40693 0.000007
40694 0.000009
40695 0.000022
40696 0.000015
40697 0.000009
40698 0.000019
40699 0.000019
40700 0.000011
40701 0.000014
40702 0.000017
40703 0.000005
40704 0.000008
40705 0.000005
40706 0.000013
40707 0.000022
40708 0.000016
40709 0.000020
40710 0.000042
40711 0.000016
40712 0.000027
40713 0.000020
40714 0.000021
40715 0.000021
40716 0.000013
40717 0.000009
40718 0.000011
40719 0.000010
40720 0.000032
40721 0.000016
40722 0.000010
40723 0.000017
40724 0.000010
40725 0.000031
40726 0.000026
40727 0.000020
40728 0.000009
40729 0.000005
40730 0.000005
40731 0.000013
40732 0.000009
40733 0.000013
40734 0.000010
40735 0.000029
40736 0.000020
40737 0.000018
40738 0.000013
40739 0.000012
40740 0.000037
40741 0.000019
40742 0.000009
40743 0.000013
40744 0.000007
40745 0.000022
40746 0.000018
40747 0.000015
40748 0.000031
40749 0.000014
40750 0.000007
40751 0.000023
40752 0.000022
40753 0.000034
40754 0.000017
40755 0.000008
40756 0.000005
40757 0.000016
40758 0.000014
40759 0.000029
40760 0.000040
40761 0.000014
40762 0.000021
40763 0.000021
40764 0.000009
40765 0.000010
40766 0.000022
40767 0.000034
40768 0.000021
40769 0.000025
40770 0.000017
40771 0.000029
40772 0.000021
40773 0.000011
40774 0.000034
40775 0.000024
40776 0.000010
40777 0.000020
40778 0.000015
40779 0.000009
40780 0.000015
40781 0.000007
40782 0.000013
40783 0.000014
40784 0.000019
40785 0.000009
40786 0.000013
40787 0.000016
40788 0.000027
40789 0.000020
40790 0.000011
40791 0.000018
40792 0.000028
40793 0.000017
40794 0.000009
40795 0.000022
40796 0.000009
40797 0.000012
40798 0.000017
40799 0.000017
40800 0.000021
40801 0.000014
40802 0.000012
40803 0.000008
40804 0.000017
40805 0.000030
40806 0.000013
40807 0.000011
40808 0.000029
40809 0.000020
40810 0.000011
40811 0.000014
40812 0.000015
40813 0.000020
40814 0.000018
40815 0.000034
40816 0.000040
40817 0.000044
40818 0.000041
40819 0.000044
40820 0.000058
40821 0.000018
40822 0.000024
40823 0.000020
40824 0.000021
40825 0.000017
40826 0.000023
40827 0.000040
40828 0.000017
40829 0.000015
40830 0.000033
40831 0.000026
40832 0.000033
40833 0.000032
40834 0.000022
40835 0.000039
40836 0.000023
40837 0.000020
40838 0.000015
40839 0.000024
40840 0.000020
40841 0.000019
40842 0.000021
40843 0.000024
40844 0.000010
40845 0.000018
40846 0.000023
40847 0.000010
40848 0.000011
40849 0.000015
40850 0.000015
40851 0.000022
40852 0.000017
40853 0.000013
40854 0.000017
40855 0.000005
40856 0.000010
40857 0.000011
40858 0.000017
40859 0.000025
40860 0.000009
40861 0.000025
40862 0.000023
40863 0.000016
40864 0.000010
40865 0.000017
40866 0.000023
40867 0.000020
40868 0.000009
40869 0.000020
40870 0.000012
40871 0.000018
40872 0.000013
40873 0.000009
40874 0.000005
40875 0.000007
40876 0.000008
40877 0.000005
40878 0.000011
40879 0.000014
40880 0.000011
40881 0.000006
40882 0.000012
40883 0.000043
40884 0.000021
40885 0.000026
40886 0.000017
40887 0.000011
40888 0.000015
40889 0.000018
40890 0.000012
40891 0.000018
40892 0.000011
40893 0.000030
40894 0.000028
40895 0.000049
40896 0.000043
40897 0.000059
40898 0.000020
40899 0.000027
40900 0.000022
40901 0.000014
40902 0.000008
40903 0.000005
40904 0.000030
40905 0.000011
40906 0.000009
40907 0.000016
40908 0.000027
40909 0.000013
40910 0.000008
40911 0.000008
40912 0.000009
40913 0.000017
40914 0.000023
40915 0.000013
40916 0.000018
40917 0.000023
40918 0.000037
40919 0.000011
40920 0.000005
40921 0.000011
40922 0.000030
40923 0.000023
40924 0.000015
40925 0.000020
40926 0.000025
40927 0.000024
40928 0.000031
40929 0.000020
40930 0.000027
40931 0.000019
40932 0.000026
40933 0.000020
40934 0.000007
40935 0.000031
40936 0.000040
40937 0.000035
40938 0.000021
40939 0.000013
40940 0.000007
40941 0.000021
40942 0.000012
40943 0.000032
40944 0.000027
40945 0.000055
40946 0.000036
40947 0.000019
40948 0.000020
40949 0.000020
40950 0.000014
40951 0.000015
40952 0.000024
40953 0.000041
40954 0.000035
40955 0.000009
40956 0.000012
40957 0.000028
40958 0.000028
40959 0.000023
40960 0.000017
40961 0.000015
40962 0.000019
40963 0.000018
40964 0.000016
40965 0.000023
40966 0.000020
40967 0.000034
40968 0.000019
40969 0.000015
40970 0.000017
40971 0.000009
40972 0.000016
40973 0.000033
40974 0.000029
40975 0.000025
40976 0.000018
40977 0.000038
40978 0.000024
40979 0.000020
40980 0.000032
40981 0.000019
40982 0.000020
40983 0.000027
40984 0.000026
40985 0.000023
40986 0.000025
40987 0.000020
40988 0.000016
40989 0.000020
40990 0.000014
40991 0.000015
40992 0.000023
40993 0.000039
40994 0.000034
40995 0.000020
40996 0.000018
40997 0.000020
40998 0.000023
40999 0.000026
41000 0.000020
41001 0.000013
41002 0.000017
41003 0.000043
41004 0.000026
41005 0.000016
41006 0.000012
41007 0.000008
41008 0.000010
41009 0.000005
41010 0.000024
41011 0.000028
41012 0.000020
41013 0.000014
41014 0.000010
41015 0.000016
41016 0.000010
41017 0.000017
41018 0.000011
41019 0.000021
41020 0.000007
41021 0.000027
41022 0.000030
41023 0.000011
41024 0.000013
41025 0.000032
41026 0.000042
41027 0.000013
41028 0.000031
41029 0.000030
41030 0.000015
41031 0.000007
41032 0.000008
41033 0.000021
41034 0.000009
41035 0.000010
41036 0.000014
41037 0.000007
41038 0.000014
41039 0.000030
41040 0.000034
41041 0.000024
41042 0.000028
41043 0.000033
41044 0.000058
41045 0.000028
41046 0.000020
41047 0.000016
41048 0.000017
41049 0.000012
41050 0.000014
41051 0.000017
41052 0.000027
41053 0.000021
41054 0.000013
41055 0.000021
41056 0.000014
41057 0.000022
41058 0.000017
41059 0.000018
41060 0.000019
41061 0.000015
41062 0.000033
41063 0.000022
41064 0.000024
41065 0.000027
41066 0.000032
41067 0.000025
41068 0.000033
41069 0.000038
41070 0.000019
41071 0.000015
41072 0.000007
41073 0.000022
41074 0.000009
41075 0.000012
41076 0.000012
41077 0.000012
41078 0.000024
41079 0.000019
41080 0.000015
41081 0.000011
41082 0.000010
41083 0.000006
41084 0.000011
41085 0.000014
41086 0.000035
41087 0.000029
41088 0.000018
41089 0.000017
41090 0.000010
41091 0.000021
41092 0.000034
41093 0.000025
41094 0.000014
41095 0.000019
41096 0.000017
41097 0.000028
41098 0.000016
41099 0.000006
41100 0.000013
41101 0.000025
41102 0.000028
41103 0.000035
41104 0.000023
41105 0.000040
41106 0.000029
41107 0.000011
41108 0.000037
41109 0.000037
41110 0.000012
41111 0.000016
41112 0.000017
41113 0.000038
41114 0.000018
41115 0.000019
41116 0.000035
41117 0.000009
41118 0.000013
41119 0.000011
41120 0.000021
41121 0.000022
41122 0.000026
41123 0.000024
41124 0.000029
41125 0.000029
41126 0.000011
41127 0.000016
41128 0.000031
41129 0.000037
41130 0.000037
41131 0.000039
41132 0.000022
41133 0.000041
41134 0.000012
41135 0.000019
41136 0.000023
41137 0.000025
41138 0.000033
41139 0.000027
41140 0.000013
41141 0.000032
41142 0.000032
41143 0.000023
41144 0.000033
41145 0.000010
41146 0.000009
41147 0.000005
41148 0.000004
41149 0.000011
41150 0.000029
41151 0.000015
41152 0.000015
41153 0.000013
41154 0.000012
41155 0.000017
41156 0.000023
41157 0.000014
41158 0.000015
41159 0.000005
41160 0.000029
41161 0.000015
41162 0.000021
41163 0.000031
41164 0.000019
41165 0.000015
41166 0.000007
41167 0.000025
41168 0.000020
41169 0.000024
41170 0.000037
41171 0.000008
41172 0.000022
41173 0.000012
41174 0.000021
41175 0.000025
41176 0.000030
41177 0.000024
41178 0.000023
41179 0.000013
41180 0.000016
41181 0.000025
41182 0.000015
41183 0.000018
41184 0.000014
41185 0.000017
41186 0.000024
41187 0.000007
41188 0.000029
41189 0.000013
41190 0.000013
41191 0.000009
41192 0.000023
41193 0.000023
41194 0.000032
41195 0.000034
41196 0.000017
41197 0.000013
41198 0.000009
41199 0.000015
41200 0.000010
41201 0.000019
41202 0.000021
41203 0.000018
41204 0.000024
41205 0.000022
41206 0.000022
41207 0.000022
41208 0.000018
41209 0.000023
41210 0.000016
41211 0.000053
41212 0.000017
41213 0.000018
41214 0.000016
41215 0.000011
41216 0.000013
41217 0.000029
41218 0.000018
41219 0.000023
41220 0.000017
41221 0.000023
41222 0.000013
41223 0.000006
41224 0.000008
41225 0.000009
41226 0.000021
41227 0.000026
41228 0.000019
41229 0.000023
41230 0.000018
41231 0.000010
41232 0.000020
41233 0.000017
41234 0.000019
41235 0.000020
41236 0.000011
41237 0.000008
41238 0.000019
41239 0.000033
41240 0.000034
41241 0.000020
41242 0.000019
41243 0.000022
41244 0.000032
41245 0.000038
41246 0.000011
41247 0.000009
41248 0.000012
41249 0.000006
41250 0.000011
41251 0.000007
41252 0.000013
41253 0.000018
41254 0.000018
41255 0.000032
41256 0.000042
41257 0.000012
41258 0.000020
41259 0.000010
41260 0.000012
41261 0.000011
41262 0.000009
41263 0.000017
41264 0.000022
41265 0.000022
41266 0.000014
41267 0.000010
41268 0.000012
41269 0.000009
41270 0.000015
41271 0.000007
41272 0.000013
41273 0.000021
41274 0.000018
41275 0.000012
41276 0.000013
41277 0.000007
41278 0.000013
41279 0.000049
41280 0.000017
41281 0.000050
41282 0.000032
41283 0.000023
41284 0.000035
41285 0.000032
41286 0.000041
41287 0.000023
41288 0.000016
41289 0.000010
41290 0.000016
41291 0.000011
41292 0.000033
41293 0.000012
41294 0.000016
41295 0.000006
41296 0.000020
41297 0.000016
41298 0.000020
41299 0.000030
41300 0.000058
41301 0.000039
41302 0.000028
41303 0.000026
41304 0.000018
41305 0.000031
41306 0.000037
41307 0.000020
41308 0.000007
41309 0.000036
41310 0.000035
41311 0.000020
41312 0.000014
41313 0.000010
41314 0.000016
41315 0.000018
41316 0.000013
41317 0.000014
41318 0.000009
41319 0.000013
41320 0.000011
41321 0.000005
41322 0.000005
41323 0.000015
41324 0.000016
41325 0.000016
41326 0.000025
41327 0.000024
41328 0.000021
41329 0.000020
41330 0.000035
41331 0.000022
41332 0.000021
41333 0.000028
41334 0.000021
41335 0.000035
41336 0.000013
41337 0.000021
41338 0.000007
41339 0.000013
41340 0.000023
41341 0.000011
41342 0.000019
41343 0.000027
41344 0.000018
41345 0.000016
41346 0.000015
41347 0.000031
41348 0.000017
41349 0.000017
41350 0.000018
41351 0.000032
41352 0.000053
41353 0.000041
41354 0.000021
41355 0.000020
41356 0.000009
41357 0.000007
41358 0.000015
41359 0.000016
41360 0.000007
41361 0.000018
41362 0.000023
41363 0.000019
41364 0.000026
41365 0.000021
41366 0.000031
41367 0.000019
41368 0.000027
41369 0.000011
41370 0.000018
41371 0.000020
41372 0.000023
41373 0.000029
41374 0.000011
41375 0.000023
41376 0.000026
41377 0.000017
41378 0.000059
41379 0.000041
41380 0.000036
41381 0.000011
41382 0.000017
41383 0.000010
41384 0.000033
41385 0.000016
41386 0.000008
41387 0.000012
41388 0.000006
41389 0.000015
41390 0.000016
41391 0.000016
41392 0.000006
41393 0.000021
41394 0.000011
41395 0.000011
41396 0.000015
41397 0.000015
41398 0.000017
41399 0.000015
41400 0.000022
41401 0.000022
41402 0.000021
41403 0.000017
41404 0.000022
41405 0.000009
41406 0.000014
41407 0.000017
41408 0.000016
41409 0.000014
41410 0.000041
41411 0.000041
41412 0.000019
41413 0.000007
41414 0.000023
41415 0.000016
41416 0.000013
41417 0.000007
41418 0.000009
41419 0.000005
41420 0.000004
41421 0.000023
41422 0.000014
41423 0.000008
41424 0.000007
41425 0.000010
41426 0.000013
41427 0.000022
41428 0.000016
41429 0.000008
41430 0.000005
41431 0.000014
41432 0.000016
41433 0.000009
41434 0.000016
41435 0.000017
41436 0.000014
41437 0.000007
41438 0.000009
41439 0.000027
41440 0.000025
41441 0.000010
41442 0.000006
41443 0.000014
41444 0.000009
41445 0.000030
41446 0.000021
41447 0.000015
41448 0.000012
41449 0.000025
41450 0.000031
41451 0.000023
41452 0.000015
41453 0.000018
41454 0.000012
41455 0.000019
41456 0.000022
41457 0.000016
41458 0.000023
41459 0.000029
41460 0.000027
41461 0.000057
41462 0.000033
41463 0.000012
41464 0.000017
41465 0.000022
41466 0.000026
41467 0.000023
41468 0.000012
41469 0.000016
41470 0.000023
41471 0.000018
41472 0.000014
41473 0.000022
41474 0.000015
41475 0.000019
41476 0.000006
41477 0.000006
41478 0.000006
41479 0.000010
41480 0.000018
41481 0.000028
41482 0.000015
41483 0.000014
41484 0.000014
41485 0.000014
41486 0.000012
41487 0.000013
41488 0.000015
41489 0.000009
41490 0.000031
41491 0.000018
41492 0.000008
41493 0.000012
41494 0.000020
41495 0.000024
41496 0.000031
41497 0.000022
41498 0.000019
41499 0.000029
41500 0.000024
41501 0.000034
41502 0.000018
41503 0.000012
41504 0.000017
41505 0.000008
41506 0.000015
41507 0.000023
41508 0.000029
41509 0.000054
41510 0.000029
41511 0.000017
41512 0.000027
41513 0.000011
41514 0.000008
41515 0.000024
41516 0.000010
41517 0.000017
41518 0.000008
41519 0.000021
41520 0.000016
41521 0.000032
41522 0.000017
41523 0.000007
41524 0.000013
41525 0.000007
41526 0.000009
41527 0.000014
41528 0.000006
41529 0.000031
41530 0.000023
41531 0.000014
41532 0.000010
41533 0.000006
41534 0.000033
41535 0.000029
41536 0.000039
41537 0.000019
41538 0.000006
41539 0.000012
41540 0.000008
41541 0.000006
41542 0.000016
41543 0.000014
41544 0.000027
41545 0.000017
41546 0.000012
41547 0.000032
41548 0.000038
41549 0.000020
41550 0.000046
41551 0.000032
41552 0.000015
41553 0.000013
41554 0.000015
41555 0.000033
41556 0.000033
41557 0.000027
41558 0.000039
41559 0.000027
41560 0.000028
41561 0.000036
41562 0.000017
41563 0.000019
41564 0.000017
41565 0.000021
41566 0.000017
41567 0.000013
41568 0.000021
41569 0.000027
41570 0.000024
41571 0.000018
41572 0.000015
41573 0.000016
41574 0.000017
41575 0.000032
41576 0.000040
41577 0.000024
41578 0.000021
41579 0.000032
41580 0.000036
41581 0.000009
41582 0.000013
41583 0.000012
41584 0.000020
41585 0.000011
41586 0.000006
41587 0.000021
41588 0.000011
41589 0.000051
41590 0.000034
41591 0.000015
41592 0.000039
41593 0.000047
41594 0.000038
41595 0.000048
41596 0.000033
41597 0.000039
41598 0.000022
41599 0.000014
41600 0.000007
41601 0.000015
41602 0.000021
41603 0.000007
41604 0.000011
41605 0.000010
41606 0.000017
41607 0.000026
41608 0.000028
41609 0.000023
41610 0.000023
41611 0.000009
41612 0.000011
41613 0.000005
41614 0.000016
41615 0.000028
41616 0.000014
41617 0.000009
41618 0.000008
41619 0.000011
41620 0.000026
41621 0.000035
41622 0.000043
41623 0.000015
41624 0.000019
41625 0.000020
41626 0.000012
41627 0.000021
41628 0.000010
41629 0.000015
41630 0.000017
41631 0.000028
41632 0.000015
41633 0.000039
41634 0.000033
41635 0.000033
41636 0.000031
41637 0.000017
41638 0.000026
41639 0.000039
41640 0.000031
41641 0.000015
41642 0.000015
41643 0.000006
41644 0.000010
41645 0.000009
41646 0.000011
41647 0.000008
41648 0.000015
41649 0.000017
41650 0.000020
41651 0.000019
41652 0.000024
41653 0.000006
41654 0.000020
41655 0.000035
41656 0.000028
41657 0.000012
41658 0.000020
41659 0.000008
41660 0.000029
41661 0.000016
41662 0.000020
41663 0.000022
41664 0.000026
41665 0.000012
41666 0.000007
41667 0.000030
41668 0.000051
41669 0.000036
41670 0.000013
41671 0.000009
41672 0.000010
41673 0.000013
41674 0.000023
41675 0.000027
41676 0.000034
41677 0.000025
41678 0.000014
41679 0.000017
41680 0.000005
41681 0.000005
41682 0.000010
41683 0.000012
41684 0.000035
41685 0.000020
41686 0.000020
41687 0.000007
41688 0.000012
41689 0.000027
41690 0.000033
41691 0.000028
41692 0.000026
41693 0.000020
41694 0.000029
41695 0.000018
41696 0.000012
41697 0.000022
41698 0.000013
41699 0.000012
41700 0.000030
41701 0.000041
41702 0.000015
41703 0.000040
41704 0.000020
41705 0.000009
41706 0.000012
41707 0.000013
41708 0.000025
41709 0.000021
41710 0.000021
41711 0.000011
41712 0.000010
41713 0.000021
41714 0.000035
41715 0.000009
41716 0.000008
41717 0.000009
41718 0.000021
41719 0.000009
41720 0.000011
41721 0.000019
41722 0.000027
41723 0.000022
41724 0.000012
41725 0.000015
41726 0.000019
41727 0.000016
41728 0.000030
41729 0.000009
41730 0.000011
41731 0.000015
41732 0.000021
41733 0.000020
41734 0.000041
41735 0.000017
41736 0.000024
41737 0.000023
41738 0.000033
41739 0.000028
41740 0.000015
41741 0.000015
41742 0.000009
41743 0.000006
41744 0.000029
41745 0.000012
41746 0.000006
41747 0.000007
41748 0.000028
41749 0.000033
41750 0.000024
41751 0.000010
41752 0.000009
41753 0.000008
41754 0.000015
41755 0.000026
41756 0.000013
41757 0.000008
41758 0.000030
41759 0.000030
41760 0.000013
41761 0.000009
41762 0.000019
41763 0.000020
41764 0.000017
41765 0.000026
41766 0.000010
41767 0.000034
41768 0.000041
41769 0.000025
41770 0.000020
41771 0.000028
41772 0.000031
41773 0.000013
41774 0.000016
41775 0.000008
41776 0.000009
41777 0.000014
41778 0.000029
41779 0.000042
41780 0.000015
41781 0.000007
41782 0.000028
41783 0.000024
41784 0.000015
41785 0.000012
41786 0.000012
41787 0.000041
41788 0.000046
41789 0.000038
41790 0.000019
41791 0.000073
41792 0.000035
41793 0.000007
41794 0.000018
41795 0.000010
41796 0.000006
41797 0.000010
41798 0.000019
41799 0.000009
41800 0.000005
41801 0.000018
41802 0.000011
41803 0.000023
41804 0.000026
41805 0.000027
41806 0.000009
41807 0.000012
41808 0.000017
41809 0.000025
41810 0.000024
41811 0.000029
41812 0.000024
41813 0.000010
41814 0.000010
41815 0.000032
41816 0.000012
41817 0.000019
41818 0.000013
41819 0.000020
41820 0.000013
41821 0.000014
41822 0.000006
41823 0.000018
41824 0.000025
41825 0.000013
41826 0.000009
41827 0.000021
41828 0.000016
41829 0.000010
41830 0.000015
41831 0.000016
41832 0.000026
41833 0.000015
41834 0.000025
41835 0.000025
41836 0.000009
41837 0.000013
41838 0.000020
41839 0.000006
41840 0.000028
41841 0.000011
41842 0.000021
41843 0.000018
41844 0.000019
41845 0.000014
41846 0.000019
41847 0.000007
41848 0.000012
41849 0.000013
41850 0.000013
41851 0.000012
41852 0.000022
41853 0.000021
41854 0.000020
41855 0.000020
41856 0.000014
41857 0.000020
41858 0.000016
41859 0.000012
41860 0.000012
41861 0.000006
41862 0.000014
41863 0.000021
41864 0.000043
41865 0.000041
41866 0.000047
41867 0.000020
41868 0.000008
41869 0.000016
41870 0.000013
41871 0.000034
41872 0.000032
41873 0.000026
41874 0.000007
41875 0.000021
41876 0.000035
41877 0.000019
41878 0.000023
41879 0.000013
41880 0.000009
41881 0.000012
41882 0.000019
41883 0.000013
41884 0.000019
41885 0.000036
41886 0.000044
41887 0.000031
41888 0.000023
41889 0.000029
41890 0.000011
41891 0.000023
41892 0.000009
41893 0.000011
41894 0.000010
41895 0.000012
41896 0.000019
41897 0.000023
41898 0.000028
41899 0.000027
41900 0.000039
41901 0.000023
41902 0.000035
41903 0.000018
41904 0.000011
41905 0.000005
41906 0.000011
41907 0.000010
41908 0.000015
41909 0.000009
41910 0.000007
41911 0.000020
41912 0.000023
41913 0.000025
41914 0.000042
41915 0.000040
41916 0.000024
41917 0.000023
41918 0.000027
41919 0.000028
41920 0.000034
41921 0.000034
41922 0.000022
41923 0.000015
41924 0.000035
41925 0.000042
41926 0.000014
41927 0.000024
41928 0.000054
41929 0.000041
41930 0.000031
41931 0.000011
41932 0.000008
41933 0.000022
41934 0.000029
41935 0.000037
41936 0.000019
41937 0.000016
41938 0.000024
41939 0.000029
41940 0.000023
41941 0.000019
41942 0.000019
41943 0.000020
41944 0.000007
41945 0.000013
41946 0.000013
41947 0.000010
41948 0.000012
41949 0.000021
41950 0.000018
41951 0.000024
41952 0.000020
41953 0.000010
41954 0.000005
41955 0.000012
41956 0.000048
41957 0.000015
41958 0.000010
41959 0.000014
41960 0.000021
41961 0.000017
41962 0.000033
41963 0.000027
41964 0.000033
41965 0.000019
41966 0.000012
41967 0.000025
41968 0.000017
41969 0.000014
41970 0.000006
41971 0.000021
41972 0.000025
41973 0.000014
41974 0.000017
41975 0.000007
41976 0.000022
41977 0.000009
41978 0.000012
41979 0.000020
41980 0.000017
41981 0.000007
41982 0.000032
41983 0.000030
41984 0.000016
41985 0.000019
41986 0.000041
41987 0.000038
41988 0.000030
41989 0.000016
41990 0.000007
41991 0.000016
41992 0.000017
41993 0.000009
41994 0.000012
41995 0.000033
41996 0.000030
41997 0.000021
41998 0.000021
41999 0.000016
42000 0.000020
42001 0.000018
42002 0.000016
42003 0.000007
42004 0.000015
42005 0.000015
42006 0.000017
42007 0.000029
42008 0.000040
42009 0.000010
42010 0.000010
42011 0.000017
42012 0.000034
42013 0.000014
42014 0.000012
42015 0.000007
42016 0.000025
42017 0.000024
42018 0.000023
42019 0.000020
42020 0.000027
42021 0.000017
42022 0.000022
42023 0.000024
42024 0.000032
42025 0.000048
42026 0.000034
42027 0.000047
42028 0.000013
42029 0.000027
42030 0.000018
42031 0.000014
42032 0.000024
42033 0.000048
42034 0.000036
42035 0.000042
42036 0.000050
42037 0.000017
42038 0.000017
42039 0.000042
42040 0.000060
42041 0.000033
42042 0.000015
42043 0.000009
42044 0.000026
42045 0.000024
42046 0.000019
42047 0.000006
42048 0.000011
42049 0.000014
42050 0.000012
42051 0.000014
42052 0.000017
42053 0.000046
42054 0.000028
42055 0.000027
42056 0.000018
42057 0.000008
42058 0.000004
42059 0.000029
42060 0.000019
42061 0.000019
42062 0.000029
42063 0.000024
42064 0.000012
42065 0.000008
42066 0.000023
42067 0.000013
42068 0.000039
42069 0.000021
42070 0.000047
42071 0.000034
42072 0.000054
42073 0.000031
42074 0.000034
42075 0.000016
42076 0.000012
42077 0.000023
42078 0.000032
42079 0.000019
42080 0.000007
42081 0.000009
42082 0.000007
42083 0.000023
42084 0.000033
42085 0.000030
42086 0.000033
42087 0.000017
42088 0.000022
42089 0.000016
42090 0.000009
42091 0.000013
42092 0.000011
42093 0.000027
42094 0.000015
42095 0.000030
42096 0.000016
42097 0.000022
42098 0.000012
42099 0.000025
42100 0.000018
42101 0.000012
42102 0.000006
42103 0.000024
42104 0.000024
42105 0.000013
42106 0.000018
42107 0.000010
42108 0.000014
42109 0.000010
42110 0.000020
42111 0.000012
42112 0.000010
42113 0.000025
42114 0.000014
42115 0.000016
42116 0.000020
42117 0.000022
42118 0.000032
42119 0.000024
42120 0.000027
42121 0.000022
42122 0.000021
42123 0.000012
42124 0.000006
42125 0.000014
42126 0.000019
42127 0.000011
42128 0.000006
42129 0.000010
42130 0.000023
42131 0.000028
42132 0.000029
42133 0.000027
42134 0.000024
42135 0.000018
42136 0.000046
42137 0.000050
42138 0.000031
42139 0.000019
42140 0.000017
42141 0.000015
42142 0.000034
42143 0.000047
42144 0.000016
42145 0.000021
42146 0.000025
42147 0.000035
42148 0.000018
42149 0.000016
42150 0.000017
42151 0.000027
42152 0.000022
42153 0.000008
42154 0.000020
42155 0.000022
42156 0.000014
42157 0.000009
42158 0.000030
42159 0.000020
42160 0.000017
42161 0.000010
42162 0.000016
42163 0.000022
42164 0.000027
42165 0.000032
42166 0.000012
42167 0.000015
42168 0.000042
42169 0.000015
42170 0.000021
42171 0.000049
42172 0.000026
42173 0.000036
42174 0.000038
42175 0.000070
42176 0.000031
42177 0.000018
42178 0.000008
42179 0.000013
42180 0.000023
42181 0.000025
42182 0.000023
42183 0.000029
42184 0.000011
42185 0.000026
42186 0.000036
42187 0.000027
42188 0.000031
42189 0.000056
42190 0.000034
42191 0.000013
42192 0.000009
42193 0.000014
42194 0.000019
42195 0.000018
42196 0.000012
42197 0.000013
42198 0.000022
42199 0.000031
42200 0.000024
42201 0.000024
42202 0.000019
42203 0.000005
42204 0.000013
42205 0.000027
42206 0.000021
42207 0.000014
42208 0.000016
42209 0.000010
42210 0.000012
42211 0.000028
42212 0.000041
42213 0.000041
42214 0.000044
42215 0.000022
42216 0.000015
42217 0.000020
42218 0.000030
42219 0.000023
42220 0.000042
42221 0.000035
42222 0.000037
42223 0.000009
42224 0.000027
42225 0.000036
42226 0.000026
42227 0.000021
42228 0.000012
42229 0.000009
42230 0.000015
42231 0.000019
42232 0.000033
42233 0.000031
42234 0.000028
42235 0.000009
42236 0.000007
42237 0.000016
42238 0.000006
42239 0.000011
42240 0.000020
42241 0.000016
42242 0.000020
42243 0.000009
42244 0.000040
42245 0.000041
42246 0.000020
42247 0.000009
42248 0.000022
42249 0.000015
42250 0.000035
42251 0.000028
42252 0.000016
42253 0.000043
42254 0.000027
42255 0.000011
42256 0.000020
42257 0.000016
42258 0.000029
42259 0.000013
42260 0.000013
42261 0.000009
42262 0.000010
42263 0.000010
42264 0.000015
42265 0.000015
42266 0.000029
42267 0.000015
42268 0.000033
42269 0.000015
42270 0.000007
42271 0.000024
42272 0.000019
42273 0.000008
42274 0.000011
42275 0.000013
42276 0.000016
42277 0.000025
42278 0.000023
42279 0.000051
42280 0.000030
42281 0.000020
42282 0.000012
42283 0.000016
42284 0.000037
42285 0.000014
42286 0.000015
42287 0.000028
42288 0.000022
42289 0.000028
42290 0.000030
42291 0.000018
42292 0.000008
42293 0.000022
42294 0.000035
42295 0.000020
42296 0.000020
42297 0.000028
42298 0.000017
42299 0.000030
42300 0.000009
42301 0.000013
42302 0.000007
42303 0.000022
42304 0.000009
42305 0.000026
42306 0.000019
42307 0.000015
42308 0.000029
42309 0.000033
42310 0.000029
42311 0.000015
42312 0.000039
42313 0.000014
42314 0.000009
42315 0.000010
42316 0.000021
42317 0.000015
42318 0.000016
42319 0.000019
42320 0.000012
42321 0.000010
42322 0.000024
42323 0.000017
42324 0.000009
42325 0.000010
42326 0.000017
42327 0.000024
42328 0.000025
42329 0.000012
42330 0.000013
42331 0.000006
42332 0.000023
42333 0.000027
42334 0.000020
42335 0.000016
42336 0.000016
42337 0.000028
42338 0.000019
42339 0.000030
42340 0.000024
42341 0.000018
42342 0.000018
42343 0.000007
42344 0.000005
42345 0.000017
42346 0.000013
42347 0.000035
42348 0.000018
42349 0.000034
42350 0.000055
42351 0.000054
42352 0.000015
42353 0.000016
42354 0.000019
42355 0.000017
42356 0.000052
42357 0.000018
42358 0.000016
42359 0.000019
42360 0.000009
42361 0.000015
42362 0.000033
42363 0.000040
42364 0.000017
42365 0.000032
42366 0.000023
42367 0.000022
42368 0.000016
42369 0.000030
42370 0.000011
42371 0.000008
42372 0.000008
42373 0.000022
42374 0.000019
42375 0.000021
42376 0.000007
42377 0.000008
42378 0.000014
42379 0.000036
42380 0.000031
42381 0.000039
42382 0.000044
42383 0.000020
42384 0.000009
42385 0.000017
42386 0.000016
42387 0.000016
42388 0.000019
42389 0.000016
42390 0.000015
42391 0.000010
42392 0.000007
42393 0.000014
42394 0.000030
42395 0.000023
42396 0.000021
42397 0.000022
42398 0.000009
42399 0.000019
42400 0.000014
42401 0.000016
42402 0.000013
42403 0.000020
42404 0.000018
42405 0.000024
42406 0.000014
42407 0.000009
42408 0.000020
42409 0.000013
42410 0.000028
42411 0.000013
42412 0.000024
42413 0.000010
42414 0.000009
42415 0.000010
42416 0.000008
42417 0.000015
42418 0.000027
42419 0.000018
42420 0.000025
42421 0.000038
42422 0.000026
42423 0.000020
42424 0.000015
42425 0.000009
42426 0.000015
42427 0.000013
42428 0.000015
42429 0.000013
42430 0.000011
42431 0.000013
42432 0.000010
42433 0.000021
42434 0.000017
42435 0.000017
42436 0.000023
42437 0.000024
42438 0.000013
42439 0.000020
42440 0.000022
42441 0.000023
42442 0.000013
42443 0.000010
42444 0.000018
42445 0.000008
42446 0.000020
42447 0.000007
42448 0.000004
42449 0.000016
42450 0.000010
42451 0.000018
42452 0.000022
42453 0.000027
42454 0.000035
42455 0.000039
42456 0.000019
42457 0.000010
42458 0.000006
42459 0.000013
42460 0.000015
42461 0.000014
42462 0.000005
42463 0.000018
42464 0.000014
42465 0.000022
42466 0.000030
42467 0.000022
42468 0.000012
42469 0.000019
42470 0.000010
42471 0.000009
42472 0.000008
42473 0.000020
42474 0.000012
42475 0.000008
42476 0.000021
42477 0.000019
42478 0.000011
42479 0.000012
42480 0.000036
42481 0.000015
42482 0.000020
42483 0.000015
42484 0.000009
42485 0.000005
42486 0.000004
42487 0.000016
42488 0.000013
42489 0.000019
42490 0.000008
42491 0.000005
42492 0.000010
42493 0.000040
42494 0.000018
42495 0.000024
42496 0.000015
42497 0.000021
42498 0.000031
42499 0.000041
42500 0.000015
42501 0.000021
42502 0.000036
42503 0.000031
42504 0.000015
42505 0.000007
42506 0.000007
42507 0.000026
42508 0.000020
42509 0.000013
42510 0.000019
42511 0.000024
42512 0.000014
42513 0.000006
42514 0.000026
42515 0.000016
42516 0.000012
42517 0.000011
42518 0.000012
42519 0.000005
42520 0.000023
42521 0.000018
42522 0.000045
42523 0.000017
42524 0.000017
42525 0.000023
42526 0.000026
42527 0.000026
42528 0.000016
42529 0.000020
42530 0.000023
42531 0.000008
42532 0.000011
42533 0.000008
42534 0.000019
42535 0.000032
42536 0.000025
42537 0.000024
42538 0.000028
42539 0.000030
42540 0.000042
42541 0.000015
42542 0.000006
42543 0.000006
42544 0.000014
42545 0.000042
42546 0.000019
42547 0.000032
42548 0.000034
42549 0.000051
42550 0.000056
42551 0.000056
42552 0.000022
42553 0.000018
42554 0.000014
42555 0.000040
42556 0.000046
42557 0.000061
42558 0.000035
42559 0.000026
42560 0.000014
42561 0.000018
42562 0.000023
42563 0.000016
42564 0.000009
42565 0.000024
42566 0.000020
42567 0.000009
42568 0.000011
42569 0.000014
42570 0.000012
42571 0.000018
42572 0.000007
42573 0.000013
42574 0.000014
42575 0.000011
42576 0.000014
42577 0.000013
42578 0.000018
42579 0.000022
42580 0.000013
42581 0.000010
42582 0.000009
42583 0.000028
42584 0.000020
42585 0.000028
42586 0.000011
42587 0.000005
42588 0.000023
42589 0.000027
42590 0.000012
42591 0.000021
42592 0.000021
42593 0.000009
42594 0.000010
42595 0.000030
42596 0.000021
42597 0.000024
42598 0.000028
42599 0.000025
42600 0.000025
42601 0.000013
42602 0.000033
42603 0.000017
42604 0.000009
42605 0.000013
42606 0.000028
42607 0.000031
42608 0.000043
42609 0.000044
42610 0.000016
42611 0.000011
42612 0.000018
42613 0.000012
42614 0.000019
42615 0.000027
42616 0.000024
42617 0.000017
42618 0.000032
42619 0.000017
42620 0.000016
42621 0.000018
42622 0.000025
42623 0.000014
42624 0.000007
42625 0.000016
42626 0.000020
42627 0.000020
42628 0.000013
42629 0.000041
42630 0.000028
42631 0.000030
42632 0.000011
42633 0.000014
42634 0.000014
42635 0.000024
42636 0.000013
42637 0.000021
42638 0.000020
42639 0.000026
42640 0.000011
42641 0.000020
42642 0.000009
42643 0.000008
42644 0.000005
42645 0.000013
42646 0.000021
42647 0.000031
42648 0.000016
42649 0.000013
42650 0.000008
42651 0.000019
42652 0.000016
42653 0.000017
42654 0.000024
42655 0.000014
42656 0.000015
42657 0.000023
42658 0.000015
42659 0.000019
42660 0.000022
42661 0.000026
42662 0.000033
42663 0.000042
42664 0.000019
42665 0.000042
42666 0.000039
42667 0.000017
42668 0.000025
42669 0.000026
42670 0.000016
42671 0.000006
42672 0.000048
42673 0.000028
42674 0.000034
42675 0.000009
42676 0.000013
42677 0.000012
42678 0.000016
42679 0.000013
42680 0.000010
42681 0.000030
42682 0.000027
42683 0.000026
42684 0.000029
42685 0.000031
42686 0.000033
42687 0.000026
42688 0.000030
42689 0.000028
42690 0.000023
42691 0.000013
42692 0.000020
42693 0.000025
42694 0.000029
42695 0.000020
42696 0.000015
42697 0.000031
42698 0.000014
42699 0.000021
42700 0.000023
42701 0.000010
42702 0.000016
42703 0.000022
42704 0.000025
42705 0.000015
42706 0.000016
42707 0.000017
42708 0.000014
42709 0.000011
42710 0.000028
42711 0.000011
42712 0.000018
42713 0.000017
42714 0.000008
42715 0.000011
42716 0.000021
42717 0.000007
42718 0.000014
42719 0.000006
42720 0.000012
42721 0.000007
42722 0.000014
42723 0.000027
42724 0.000016
42725 0.000016
42726 0.000011
42727 0.000016
42728 0.000033
42729 0.000038
42730 0.000031
42731 0.000018
42732 0.000028
42733 0.000031
42734 0.000020
42735 0.000019
42736 0.000011
42737 0.000018
42738 0.000021
42739 0.000035
42740 0.000030
42741 0.000019
42742 0.000013
42743 0.000014
42744 0.000018
42745 0.000026
42746 0.000009
42747 0.000017
42748 0.000026
42749 0.000027
42750 0.000021
42751 0.000032
42752 0.000017
42753 0.000026
42754 0.000007
42755 0.000030
42756 0.000017
42757 0.000034
42758 0.000045
42759 0.000016
42760 0.000024
42761 0.000020
42762 0.000013
42763 0.000014
42764 0.000020
42765 0.000008
42766 0.000005
42767 0.000013
42768 0.000014
42769 0.000012
42770 0.000031
42771 0.000039
42772 0.000022
42773 0.000025
42774 0.000007
42775 0.000016
42776 0.000009
42777 0.000011
42778 0.000008
42779 0.000017
42780 0.000008
42781 0.000019
42782 0.000019
42783 0.000014
42784 0.000013
42785 0.000009
42786 0.000008
42787 0.000023
42788 0.000008
42789 0.000030
42790 0.000030
42791 0.000019
42792 0.000006
42793 0.000023
42794 0.000026
42795 0.000034
42796 0.000045
42797 0.000028
42798 0.000033
42799 0.000022
42800 0.000013
42801 0.000011
42802 0.000012
42803 0.000016
42804 0.000019
42805 0.000026
42806 0.000014
42807 0.000013
42808 0.000021
42809 0.000010
42810 0.000014
42811 0.000022
42812 0.000008
42813 0.000005
42814 0.000012
42815 0.000025
42816 0.000013
42817 0.000007
42818 0.000004
42819 0.000007
42820 0.000012
42821 0.000013
42822 0.000012
42823 0.000042
42824 0.000037
42825 0.000039
42826 0.000021
42827 0.000009
42828 0.000022
42829 0.000026
42830 0.000015
42831 0.000012
42832 0.000008
42833 0.000028
42834 0.000011
42835 0.000018
42836 0.000024
42837 0.000016
42838 0.000012
42839 0.000017
42840 0.000028
42841 0.000013
42842 0.000023
42843 0.000016
42844 0.000013
42845 0.000036
42846 0.000018
42847 0.000018
42848 0.000022
42849 0.000017
42850 0.000017
42851 0.000010
42852 0.000009
42853 0.000011
42854 0.000008
42855 0.000024
42856 0.000027
42857 0.000028
42858 0.000018
42859 0.000022
42860 0.000018
42861 0.000019
42862 0.000014
42863 0.000009
42864 0.000011
42865 0.000013
42866 0.000008
42867 0.000007
42868 0.000024
42869 0.000014
42870 0.000013
42871 0.000014
42872 0.000021
42873 0.000028
42874 0.000026
42875 0.000014
42876 0.000027
42877 0.000044
42878 0.000015
42879 0.000017
42880 0.000018
42881 0.000011
42882 0.000007
42883 0.000016
42884 0.000014
42885 0.000036
42886 0.000031
42887 0.000016
42888 0.000011
42889 0.000006
42890 0.000013
42891 0.000023
42892 0.000038
42893 0.000019
42894 0.000010
42895 0.000017
42896 0.000009
42897 0.000022
42898 0.000015
42899 0.000011
42900 0.000010
42901 0.000018
42902 0.000024
42903 0.000028
42904 0.000015
42905 0.000040
42906 0.000029
42907 0.000018
42908 0.000020
42909 0.000034
42910 0.000015
42911 0.000014
42912 0.000007
42913 0.000014
42914 0.000018
42915 0.000037
42916 0.000016
42917 0.000010
42918 0.000019
42919 0.000032
42920 0.000012
42921 0.000021
42922 0.000017
42923 0.000022
42924 0.000013
42925 0.000007
42926 0.000004
42927 0.000011
42928 0.000008
42929 0.000021
42930 0.000007
42931 0.000020
42932 0.000018
42933 0.000020
42934 0.000019
42935 0.000008
42936 0.000005
42937 0.000025
42938 0.000024
42939 0.000020
42940 0.000012
42941 0.000008
42942 0.000021
42943 0.000021
42944 0.000011
42945 0.000021
42946 0.000041
42947 0.000028
42948 0.000018
42949 0.000022
42950 0.000012
42951 0.000017
42952 0.000010
42953 0.000005
42954 0.000007
42955 0.000019
42956 0.000042
42957 0.000042
42958 0.000016
42959 0.000014
42960 0.000019
42961 0.000021
42962 0.000006
42963 0.000019
42964 0.000014
42965 0.000029
42966 0.000035
42967 0.000018
42968 0.000009
42969 0.000011
42970 0.000008
42971 0.000021
42972 0.000012
42973 0.000031
42974 0.000025
42975 0.000015
42976 0.000014
42977 0.000032
42978 0.000022
42979 0.000020
42980 0.000024
42981 0.000024
42982 0.000022
42983 0.000031
42984 0.000010
42985 0.000007
42986 0.000004
42987 0.000043
42988 0.000023
42989 0.000022
42990 0.000011
42991 0.000024
42992 0.000026
42993 0.000016
42994 0.000016
42995 0.000016
42996 0.000034
42997 0.000035
42998 0.000030
42999 0.000038
43000 0.000029
43001 0.000044
43002 0.000044
43003 0.000031
43004 0.000029
43005 0.000028
43006 0.000015
43007 0.000016
43008 0.000017
43009 0.000019
43010 0.000022
43011 0.000017
43012 0.000016
43013 0.000008
43014 0.000026
43015 0.000014
43016 0.000017
43017 0.000010
43018 0.000015
43019 0.000023
43020 0.000012
43021 0.000012
43022 0.000023
43023 0.000032
43024 0.000030
43025 0.000040
43026 0.000036
43027 0.000018
43028 0.000024
43029 0.000013
43030 0.000026
43031 0.000043
43032 0.000024
43033 0.000013
43034 0.000009
43035 0.000008
43036 0.000012
43037 0.000020
43038 0.000039
43039 0.000035
43040 0.000010
43041 0.000008
43042 0.000025
43043 0.000024
43044 0.000018
43045 0.000021
43046 0.000023
43047 0.000018
43048 0.000010
43049 0.000007
43050 0.000009
43051 0.000019
43052 0.000014
43053 0.000018
43054 0.000019
43055 0.000019
43056 0.000015
43057 0.000007
43058 0.000020
43059 0.000020
43060 0.000018
43061 0.000008
43062 0.000010
43063 0.000024
43064 0.000031
43065 0.000020
43066 0.000023
43067 0.000037
43068 0.000033
43069 0.000042
43070 0.000015
43071 0.000010
43072 0.000038
43073 0.000035
43074 0.000046
43075 0.000062
43076 0.000047
43077 0.000021
43078 0.000017
43079 0.000015
43080 0.000048
43081 0.000021
43082 0.000020
43083 0.000016
43084 0.000017
43085 0.000016
43086 0.000017
43087 0.000015
43088 0.000027
43089 0.000016
43090 0.000030
43091 0.000016
43092 0.000019
43093 0.000024
43094 0.000013
43095 0.000013
43096 0.000007
43097 0.000038
43098 0.000040
43099 0.000025
43100 0.000021
43101 0.000012
43102 0.000013
43103 0.000010
43104 0.000020
43105 0.000027
43106 0.000023
43107 0.000023
43108 0.000020
43109 0.000022
43110 0.000011
43111 0.000013
43112 0.000014
43113 0.000018
43114 0.000026
43115 0.000007
43116 0.000008
43117 0.000013
43118 0.000009
43119 0.000015
43120 0.000006
43121 0.000007
43122 0.000021
43123 0.000017
43124 0.000016
43125 0.000020
43126 0.000011
43127 0.000008
43128 0.000036
43129 0.000017
43130 0.000013
43131 0.000021
43132 0.000022
43133 0.000013
43134 0.000010
43135 0.000015
43136 0.000030
43137 0.000028
43138 0.000018
43139 0.000011
43140 0.000014
43141 0.000023
43142 0.000018
43143 0.000021
43144 0.000021
43145 0.000013
43146 0.000012
43147 0.000027
43148 0.000020
43149 0.000020
43150 0.000033
43151 0.000023
43152 0.000013
43153 0.000012
43154 0.000008
43155 0.000010
43156 0.000011
43157 0.000010
43158 0.000014
43159 0.000018
43160 0.000023
43161 0.000024
43162 0.000024
43163 0.000018
43164 0.000011
43165 0.000012
43166 0.000013
43167 0.000005
43168 0.000016
43169 0.000024
43170 0.000012
43171 0.000011
43172 0.000011
43173 0.000018
43174 0.000019
43175 0.000011
43176 0.000006
43177 0.000006
43178 0.000017
43179 0.000016
43180 0.000024
43181 0.000018
43182 0.000023
43183 0.000013
43184 0.000020
43185 0.000011
43186 0.000016
43187 0.000017
43188 0.000024
43189 0.000031
43190 0.000023
43191 0.000033
43192 0.000026
43193 0.000025
43194 0.000007
43195 0.000007
43196 0.000008
43197 0.000013
43198 0.000025
43199 0.000050
43200 0.000055
43201 0.000022
43202 0.000018
43203 0.000013
43204 0.000019
43205 0.000007
43206 0.000025
43207 0.000017
43208 0.000016
43209 0.000021
43210 0.000017
43211 0.000021
43212 0.000015
43213 0.000017
43214 0.000018
43215 0.000022
43216 0.000013
43217 0.000007
43218 0.000004
43219 0.000030
43220 0.000032
43221 0.000017
43222 0.000010
43223 0.000016
43224 0.000012
43225 0.000013
43226 0.000035
43227 0.000018
43228 0.000022
43229 0.000022
43230 0.000025
43231 0.000025
43232 0.000015
43233 0.000025
43234 0.000024
43235 0.000015
43236 0.000021
43237 0.000024
43238 0.000022
43239 0.000025
43240 0.000010
43241 0.000005
43242 0.000013
43243 0.000016
43244 0.000016
43245 0.000010
43246 0.000012
43247 0.000016
43248 0.000006
43249 0.000019
43250 0.000012
43251 0.000009
43252 0.000005
43253 0.000004
43254 0.000012
43255 0.000017
43256 0.000021
43257 0.000010
43258 0.000005
43259 0.000007
43260 0.000020
43261 0.000015
43262 0.000029
43263 0.000022
43264 0.000029
43265 0.000043
43266 0.000033
43267 0.000029
43268 0.000014
43269 0.000014
43270 0.000009
43271 0.000018
43272 0.000017
43273 0.000017
43274 0.000010
43275 0.000014
43276 0.000041
43277 0.000025
43278 0.000020
43279 0.000010
43280 0.000017
43281 0.000026
43282 0.000034
43283 0.000040
43284 0.000020
43285 0.000016
43286 0.000014
43287 0.000025
43288 0.000010
43289 0.000007
43290 0.000028
43291 0.000037
43292 0.000016
43293 0.000010
43294 0.000025
43295 0.000031
43296 0.000025
43297 0.000022
43298 0.000067
43299 0.000040
43300 0.000021
43301 0.000014
43302 0.000006
43303 0.000026
43304 0.000029
43305 0.000022
43306 0.000031
43307 0.000015
43308 0.000009
43309 0.000027
43310 0.000030
43311 0.000011
43312 0.000023
43313 0.000042
43314 0.000022
43315 0.000025
43316 0.000020
43317 0.000012
43318 0.000022
43319 0.000024
43320 0.000038
43321 0.000020
43322 0.000011
43323 0.000012
43324 0.000006
43325 0.000023
43326 0.000017
43327 0.000027
43328 0.000030
43329 0.000034
43330 0.000024
43331 0.000026
43332 0.000014
43333 0.000010
43334 0.000010
43335 0.000013
43336 0.000013
43337 0.000026
43338 0.000022
43339 0.000041
43340 0.000011
43341 0.000013
43342 0.000014
43343 0.000027
43344 0.000027
43345 0.000009
43346 0.000025
43347 0.000017
43348 0.000025
43349 0.000017
43350 0.000023
43351 0.000023
43352 0.000010
43353 0.000019
43354 0.000019
43355 0.000007
43356 0.000008
43357 0.000017
43358 0.000014
43359 0.000018
43360 0.000020
43361 0.000009
43362 0.000029
43363 0.000011
43364 0.000018
43365 0.000023
43366 0.000036
43367 0.000018
43368 0.000030
43369 0.000020
43370 0.000016
43371 0.000030
43372 0.000011
43373 0.000018
43374 0.000022
43375 0.000036
43376 0.000018
43377 0.000028
43378 0.000017
43379 0.000020
43380 0.000018
43381 0.000007
43382 0.000017
43383 0.000020
43384 0.000024
43385 0.000024
43386 0.000026
43387 0.000022
43388 0.000013
43389 0.000028
43390 0.000035
43391 0.000017
43392 0.000018
43393 0.000032
43394 0.000018
43395 0.000010
43396 0.000023
43397 0.000040
43398 0.000031
43399 0.000012
43400 0.000022
43401 0.000031
43402 0.000022
43403 0.000012
43404 0.000013
43405 0.000011
43406 0.000011
43407 0.000029
43408 0.000042
43409 0.000048
43410 0.000024
43411 0.000012
43412 0.000011
43413 0.000022
43414 0.000020
43415 0.000023
43416 0.000027
43417 0.000053
43418 0.000037
43419 0.000033
43420 0.000031
43421 0.000015
43422 0.000005
43423 0.000015
43424 0.000016
43425 0.000017
43426 0.000017
43427 0.000010
43428 0.000013
43429 0.000023
43430 0.000051
43431 0.000030
43432 0.000025
43433 0.000013
43434 0.000014
43435 0.000017
43436 0.000010
43437 0.000008
43438 0.000033
43439 0.000037
43440 0.000037
43441 0.000015
43442 0.000013
43443 0.000039
43444 0.000046
43445 0.000027
43446 0.000029
43447 0.000023
43448 0.000022
43449 0.000029
43450 0.000021
43451 0.000044
43452 0.000037
43453 0.000016
43454 0.000014
43455 0.000006
43456 0.000013
43457 0.000006
43458 0.000014
43459 0.000016
43460 0.000019
43461 0.000013
43462 0.000021
43463 0.000033
43464 0.000029
43465 0.000026
43466 0.000032
43467 0.000030
43468 0.000033
43469 0.000021
43470 0.000032
43471 0.000032
43472 0.000014
43473 0.000010
43474 0.000015
43475 0.000015
43476 0.000020
43477 0.000027
43478 0.000019
43479 0.000011
43480 0.000010
43481 0.000018
43482 0.000012
43483 0.000027
43484 0.000049
43485 0.000026
43486 0.000018
43487 0.000013
43488 0.000022
43489 0.000016
43490 0.000032
43491 0.000027
43492 0.000029
43493 0.000017
43494 0.000015
43495 0.000007
43496 0.000025
43497 0.000020
43498 0.000020
43499 0.000027
43500 0.000017
43501 0.000023
43502 0.000019
43503 0.000015
43504 0.000027
43505 0.000016
43506 0.000017
43507 0.000011
43508 0.000007
43509 0.000018
43510 0.000028
43511 0.000034
43512 0.000027
43513 0.000026
43514 0.000017
43515 0.000018
43516 0.000023
43517 0.000014
43518 0.000013
43519 0.000020
43520 0.000007
43521 0.000018
43522 0.000013
43523 0.000009
43524 0.000022
43525 0.000035
43526 0.000012
43527 0.000014
43528 0.000021
43529 0.000012
43530 0.000024
43531 0.000026
43532 0.000036
43533 0.000031
43534 0.000045
43535 0.000056
43536 0.000053
43537 0.000040
43538 0.000030
43539 0.000017
43540 0.000010
43541 0.000028
43542 0.000011
43543 0.000015
43544 0.000025
43545 0.000013
43546 0.000024
43547 0.000013
43548 0.000020
43549 0.000018
43550 0.000018
43551 0.000026
43552 0.000016
43553 0.000017
43554 0.000030
43555 0.000015
43556 0.000029
43557 0.000028
43558 0.000018
43559 0.000019
43560 0.000017
43561 0.000008
43562 0.000020
43563 0.000015
43564 0.000031
43565 0.000043
43566 0.000030
43567 0.000029
43568 0.000018
43569 0.000014
43570 0.000021
43571 0.000028
43572 0.000025
43573 0.000021
43574 0.000030
43575 0.000020
43576 0.000026
43577 0.000023
43578 0.000032
43579 0.000019
43580 0.000017
43581 0.000024
43582 0.000029
43583 0.000019
43584 0.000022
43585 0.000018
43586 0.000030
43587 0.000014
43588 0.000009
43589 0.000006
43590 0.000014
43591 0.000006
43592 0.000012
43593 0.000008
43594 0.000023
43595 0.000013
43596 0.000024
43597 0.000035
43598 0.000020
43599 0.000034
43600 0.000027
43601 0.000012
43602 0.000033
43603 0.000014
43604 0.000017
43605 0.000011
43606 0.000011
43607 0.000025
43608 0.000034
43609 0.000032
43610 0.000011
43611 0.000018
43612 0.000010
43613 0.000012
43614 0.000024
43615 0.000011
43616 0.000009
43617 0.000020
43618 0.000033
43619 0.000026
43620 0.000022
43621 0.000023
43622 0.000019
43623 0.000028
43624 0.000019
43625 0.000025
43626 0.000030
43627 0.000016
43628 0.000020
43629 0.000019
43630 0.000009
43631 0.000019
43632 0.000009
43633 0.000012
43634 0.000026
43635 0.000022
43636 0.000028
43637 0.000022
43638 0.000024
43639 0.000024
43640 0.000019
43641 0.000046
43642 0.000016
43643 0.000024
43644 0.000017
43645 0.000007
43646 0.000008
43647 0.000004
43648 0.000004
43649 0.000022
43650 0.000039
43651 0.000014
43652 0.000018
43653 0.000034
43654 0.000030
43655 0.000016
43656 0.000023
43657 0.000041
43658 0.000027
43659 0.000028
43660 0.000012
43661 0.000016
43662 0.000007
43663 0.000009
43664 0.000007
43665 0.000011
43666 0.000008
43667 0.000011
43668 0.000018
43669 0.000010
43670 0.000019
43671 0.000009
43672 0.000008
43673 0.000020
43674 0.000017
43675 0.000009
43676 0.000029
43677 0.000021
43678 0.000032
43679 0.000022
43680 0.000010
43681 0.000010
43682 0.000010
43683 0.000018
43684 0.000015
43685 0.000012
43686 0.000024
43687 0.000024
43688 0.000011
43689 0.000015
43690 0.000020
43691 0.000019
43692 0.000028
43693 0.000008
43694 0.000010
43695 0.000005
43696 0.000007
43697 0.000019
43698 0.000030
43699 0.000023
43700 0.000009
43701 0.000023
43702 0.000026
43703 0.000015
43704 0.000031
43705 0.000025
43706 0.000030
43707 0.000042
43708 0.000024
43709 0.000011
43710 0.000027
43711 0.000035
43712 0.000018
43713 0.000032
43714 0.000020
43715 0.000020
43716 0.000020
43717 0.000028
43718 0.000032
43719 0.000019
43720 0.000013
43721 0.000012
43722 0.000029
43723 0.000020
43724 0.000020
43725 0.000028
43726 0.000029
43727 0.000008
43728 0.000005
43729 0.000014
43730 0.000025
43731 0.000019
43732 0.000009
43733 0.000017
43734 0.000011
43735 0.000006
43736 0.000022
43737 0.000012
43738 0.000006
43739 0.000008
43740 0.000026
43741 0.000037
43742 0.000060
43743 0.000018
43744 0.000020
43745 0.000018
43746 0.000011
43747 0.000005
43748 0.000009
43749 0.000022
43750 0.000014
43751 0.000007
43752 0.000027
43753 0.000019
43754 0.000022
43755 0.000011
43756 0.000020
43757 0.000036
43758 0.000028
43759 0.000012
43760 0.000010
43761 0.000021
43762 0.000027
43763 0.000020
43764 0.000020
43765 0.000027
43766 0.000019
43767 0.000020
43768 0.000014
43769 0.000013
43770 0.000029
43771 0.000021
43772 0.000037
43773 0.000021
43774 0.000007
43775 0.000009
43776 0.000017
43777 0.000016
43778 0.000027
43779 0.000010
43780 0.000016
43781 0.000011
43782 0.000018
43783 0.000022
43784 0.000044
43785 0.000030
43786 0.000020
43787 0.000014
43788 0.000011
43789 0.000023
43790 0.000020
43791 0.000026
43792 0.000019
43793 0.000028
43794 0.000015
43795 0.000014
43796 0.000031
43797 0.000045
43798 0.000025
43799 0.000026
43800 0.000014
43801 0.000009
43802 0.000024
43803 0.000021
43804 0.000017
43805 0.000033
43806 0.000012
43807 0.000016
43808 0.000011
43809 0.000014
43810 0.000012
43811 0.000028
43812 0.000011
43813 0.000011
43814 0.000014
43815 0.000016
43816 0.000017
43817 0.000017
43818 0.000026
43819 0.000014
43820 0.000009
43821 0.000010
43822 0.000019
43823 0.000027
43824 0.000012
43825 0.000005
43826 0.000023
43827 0.000019
43828 0.000009
43829 0.000022
43830 0.000010
43831 0.000018
43832 0.000030
43833 0.000026
43834 0.000015
43835 0.000025
43836 0.000021
43837 0.000015
43838 0.000025
43839 0.000038
43840 0.000025
43841 0.000016
43842 0.000014
43843 0.000016
43844 0.000025
43845 0.000026
43846 0.000026
43847 0.000008
43848 0.000015
43849 0.000020
43850 0.000018
43851 0.000011
43852 0.000008
43853 0.000022
43854 0.000012
43855 0.000020
43856 0.000020
43857 0.000016
43858 0.000023
43859 0.000031
43860 0.000026
43861 0.000010
43862 0.000006
43863 0.000013
43864 0.000011
43865 0.000006
43866 0.000016
43867 0.000006
43868 0.000005
43869 0.000010
43870 0.000014
43871 0.000013
43872 0.000013
43873 0.000014
43874 0.000007
43875 0.000012
43876 0.000006
43877 0.000017
43878 0.000015
43879 0.000020
43880 0.000033
43881 0.000031
43882 0.000018
43883 0.000028
43884 0.000011
43885 0.000033
43886 0.000031
43887 0.000021
43888 0.000048
43889 0.000046
43890 0.000009
43891 0.000027
43892 0.000024
43893 0.000008
43894 0.000030
43895 0.000023
43896 0.000015
43897 0.000019
43898 0.000023
43899 0.000025
43900 0.000021
43901 0.000017
43902 0.000012
43903 0.000022
43904 0.000029
43905 0.000021
43906 0.000015
43907 0.000024
43908 0.000018
43909 0.000007
43910 0.000009
43911 0.000022
43912 0.000036
43913 0.000017
43914 0.000025
43915 0.000028
43916 0.000018
43917 0.000023
43918 0.000019
43919 0.000019
43920 0.000023
43921 0.000018
43922 0.000012
43923 0.000011
43924 0.000010
43925 0.000009
43926 0.000020
43927 0.000020
43928 0.000016
43929 0.000033
43930 0.000012
43931 0.000020
43932 0.000014
43933 0.000021
43934 0.000027
43935 0.000014
43936 0.000014
43937 0.000022
43938 0.000019
43939 0.000019
43940 0.000007
43941 0.000016
43942 0.000019
43943 0.000014
43944 0.000013
43945 0.000011
43946 0.000008
43947 0.000007
43948 0.000004
43949 0.000004
43950 0.000011
43951 0.000006
43952 0.000025
43953 0.000008
43954 0.000008
43955 0.000007
43956 0.000018
43957 0.000031
43958 0.000027
43959 0.000017
43960 0.000016
43961 0.000006
43962 0.000026
43963 0.000007
43964 0.000005
43965 0.000007
43966 0.000007
43967 0.000014
43968 0.000015
43969 0.000005
43970 0.000009
43971 0.000037
43972 0.000041
43973 0.000024
43974 0.000030
43975 0.000023
43976 0.000009
43977 0.000007
43978 0.000005
43979 0.000009
43980 0.000026
43981 0.000012
43982 0.000035
43983 0.000020
43984 0.000023
43985 0.000028
43986 0.000020
43987 0.000011
43988 0.000012
43989 0.000029
43990 0.000032
43991 0.000026
43992 0.000018
43993 0.000011
43994 0.000014
43995 0.000009
43996 0.000017
43997 0.000034
43998 0.000037
43999 0.000022
44000 0.000032
44001 0.000030
44002 0.000023
44003 0.000019
44004 0.000019
44005 0.000014
44006 0.000013
44007 0.000007
44008 0.000016
44009 0.000013
44010 0.000019
44011 0.000010
44012 0.000009
44013 0.000026
44014 0.000019
44015 0.000009
44016 0.000012
44017 0.000005
44018 0.000031
44019 0.000008
44020 0.000019
44021 0.000016
44022 0.000010
44023 0.000017
44024 0.000032
44025 0.000028
44026 0.000041
44027 0.000020
44028 0.000038
44029 0.000054
44030 0.000065
44031 0.000026
44032 0.000016
44033 0.000016
44034 0.000028
44035 0.000035
44036 0.000047
44037 0.000057
44038 0.000043
44039 0.000024
44040 0.000022
44041 0.000022
44042 0.000014
44043 0.000040
44044 0.000024
44045 0.000016
44046 0.000027
44047 0.000036
44048 0.000021
44049 0.000026
44050 0.000021
44051 0.000012
44052 0.000039
44053 0.000026
44054 0.000025
44055 0.000022
44056 0.000007
44057 0.000013
44058 0.000019
44059 0.000012
44060 0.000007
44061 0.000009
44062 0.000009
44063 0.000008
44064 0.000010
44065 0.000024
44066 0.000029
44067 0.000012
44068 0.000040
44069 0.000026
44070 0.000054
44071 0.000026
44072 0.000020
44073 0.000009
44074 0.000008
44075 0.000018
44076 0.000016
44077 0.000024
44078 0.000012
44079 0.000009
44080 0.000006
44081 0.000018
44082 0.000013
44083 0.000012
44084 0.000014
44085 0.000022
44086 0.000006
44087 0.000010
44088 0.000027
44089 0.000027
44090 0.000021
44091 0.000022
44092 0.000023
44093 0.000014
44094 0.000020
44095 0.000050
44096 0.000033
44097 0.000036
44098 0.000026
44099 0.000008
44100 0.000012
44101 0.000025
44102 0.000031
44103 0.000014
44104 0.000013
44105 0.000012
44106 0.000015
44107 0.000010
44108 0.000011
44109 0.000012
44110 0.000007
44111 0.000017
44112 0.000016
44113 0.000013
44114 0.000015
44115 0.000007
44116 0.000009
44117 0.000016
44118 0.000027
44119 0.000022
44120 0.000013
44121 0.000029
44122 0.000020
44123 0.000023
44124 0.000012
44125 0.000027
44126 0.000043
44127 0.000052
44128 0.000018
44129 0.000012
44130 0.000007
44131 0.000006
44132 0.000016
44133 0.000015
44134 0.000019
44135 0.000017
44136 0.000008
44137 0.000006
44138 0.000013
44139 0.000025
44140 0.000028
44141 0.000052
44142 0.000012
44143 0.000021
44144 0.000022
44145 0.000019
44146 0.000018
44147 0.000027
44148 0.000016
44149 0.000012
44150 0.000020
44151 0.000022
44152 0.000033
44153 0.000020
44154 0.000026
44155 0.000010
44156 0.000052
44157 0.000021
44158 0.000012
44159 0.000024
44160 0.000018
44161 0.000010
44162 0.000012
44163 0.000008
44164 0.000025
44165 0.000027
44166 0.000013
44167 0.000014
44168 0.000010
44169 0.000013
44170 0.000011
44171 0.000016
44172 0.000019
44173 0.000034
44174 0.000040
44175 0.000020
44176 0.000031
44177 0.000025
44178 0.000023
44179 0.000029
44180 0.000015
44181 0.000028
44182 0.000020
44183 0.000013
44184 0.000034
44185 0.000036
44186 0.000019
44187 0.000019
44188 0.000017
44189 0.000013
44190 0.000022
44191 0.000029
44192 0.000017
44193 0.000015
44194 0.000021
44195 0.000011
44196 0.000017
44197 0.000010
44198 0.000018
44199 0.000022
44200 0.000034
44201 0.000021
44202 0.000028
44203 0.000021
44204 0.000053
44205 0.000040
44206 0.000023
44207 0.000022
44208 0.000022
44209 0.000011
44210 0.000010
44211 0.000028
44212 0.000032
44213 0.000022
44214 0.000010
44215 0.000039
44216 0.000030
44217 0.000023
44218 0.000023
44219 0.000032
44220 0.000012
44221 0.000022
44222 0.000022
44223 0.000013
44224 0.000009
44225 0.000014
44226 0.000021
44227 0.000012
44228 0.000006
44229 0.000024
44230 0.000013
44231 0.000035
44232 0.000017
44233 0.000014
44234 0.000016
44235 0.000027
44236 0.000018
44237 0.000021
44238 0.000017
44239 0.000029
44240 0.000028
44241 0.000031
44242 0.000018
44243 0.000011
44244 0.000013
44245 0.000032
44246 0.000024
44247 0.000015
44248 0.000017
44249 0.000038
44250 0.000021
44251 0.000026
44252 0.000011
44253 0.000014
44254 0.000015
44255 0.000006
44256 0.000004
44257 0.000007
44258 0.000014
44259 0.000015
44260 0.000030
44261 0.000016
44262 0.000012
44263 0.000030
44264 0.000014
44265 0.000010
44266 0.000022
44267 0.000031
44268 0.000010
44269 0.000004
44270 0.000016
44271 0.000008
44272 0.000012
44273 0.000008
44274 0.000008
44275 0.000041
44276 0.000025
44277 0.000011
44278 0.000019
44279 0.000007
44280 0.000007
44281 0.000014
44282 0.000034
44283 0.000012
44284 0.000018
44285 0.000013
44286 0.000028
44287 0.000010
44288 0.000044
44289 0.000022
44290 0.000022
44291 0.000031
44292 0.000025
44293 0.000016
44294 0.000022
44295 0.000008
44296 0.000014
44297 0.000007
44298 0.000036
44299 0.000021
44300 0.000018
44301 0.000027
44302 0.000024
44303 0.000033
44304 0.000033
44305 0.000027
44306 0.000018
44307 0.000006
44308 0.000011
44309 0.000008
44310 0.000009
44311 0.000007
44312 0.000022
44313 0.000013
44314 0.000008
44315 0.000011
44316 0.000017
44317 0.000019
44318 0.000019
44319 0.000021
44320 0.000017
44321 0.000021
44322 0.000020
44323 0.000035
44324 0.000026
44325 0.000029
44326 0.000018
44327 0.000034
44328 0.000053
44329 0.000054
44330 0.000018
44331 0.000061
44332 0.000042
44333 0.000022
44334 0.000023
44335 0.000017
44336 0.000009
44337 0.000020
44338 0.000026
44339 0.000014
44340 0.000025
44341 0.000011
44342 0.000031
44343 0.000013
44344 0.000008
44345 0.000015
44346 0.000020
44347 0.000016
44348 0.000011
44349 0.000012
44350 0.000016
44351 0.000021
44352 0.000031
44353 0.000037
44354 0.000024
44355 0.000024
44356 0.000017
44357 0.000020
44358 0.000009
44359 0.000017
44360 0.000008
44361 0.000024
44362 0.000030
44363 0.000010
44364 0.000013
44365 0.000011
44366 0.000028
44367 0.000037
44368 0.000030
44369 0.000033
44370 0.000037
44371 0.000039
44372 0.000038
44373 0.000048
44374 0.000027
44375 0.000041
44376 0.000031
44377 0.000028
44378 0.000014
44379 0.000005
44380 0.000012
44381 0.000008
44382 0.000019
44383 0.000011
44384 0.000005
44385 0.000014
44386 0.000013
44387 0.000007
44388 0.000032
44389 0.000028
44390 0.000012
44391 0.000009
44392 0.000038
44393 0.000016
44394 0.000020
44395 0.000012
44396 0.000025
44397 0.000043
44398 0.000049
44399 0.000019
44400 0.000023
44401 0.000023
44402 0.000007
44403 0.000009
44404 0.000033
44405 0.000019
44406 0.000028
44407 0.000022
44408 0.000017
44409 0.000009
44410 0.000013
44411 0.000021
44412 0.000008
44413 0.000013
44414 0.000008
44415 0.000005
44416 0.000022
44417 0.000037
44418 0.000041
44419 0.000012
44420 0.000015
44421 0.000012
44422 0.000017
44423 0.000022
44424 0.000009
44425 0.000014
44426 0.000019
44427 0.000022
44428 0.000011
44429 0.000009
44430 0.000005
44431 0.000009
44432 0.000018
44433 0.000021
44434 0.000020
44435 0.000021
44436 0.000007
44437 0.000013
44438 0.000013
44439 0.000018
44440 0.000025
44441 0.000007
44442 0.000005
44443 0.000012
44444 0.000023
44445 0.000013
44446 0.000028
44447 0.000014
44448 0.000021
44449 0.000018
44450 0.000017
44451 0.000008
44452 0.000006
44453 0.000018
44454 0.000023
44455 0.000025
44456 0.000019
44457 0.000016
44458 0.000026
44459 0.000020
44460 0.000028
44461 0.000014
44462 0.000006
44463 0.000019
44464 0.000026
44465 0.000016
44466 0.000043
44467 0.000030
44468 0.000025
44469 0.000019
44470 0.000033
44471 0.000024
44472 0.000013
44473 0.000028
44474 0.000016
44475 0.000015
44476 0.000015
44477 0.000041
44478 0.000067
44479 0.000035
44480 0.000011
44481 0.000008
44482 0.000009
44483 0.000012
44484 0.000018
44485 0.000015
44486 0.000035
44487 0.000033
44488 0.000012
44489 0.000015
44490 0.000015
44491 0.000028
44492 0.000041
44493 0.000058
44494 0.000022
44495 0.000014
44496 0.000032
44497 0.000017
44498 0.000015
44499 0.000007
44500 0.000024
44501 0.000017
44502 0.000021
44503 0.000022
44504 0.000032
44505 0.000020
44506 0.000009
44507 0.000016
44508 0.000008
44509 0.000029
44510 0.000015
44511 0.000018
44512 0.000012
44513 0.000029
44514 0.000056
44515 0.000039
44516 0.000008
44517 0.000005
44518 0.000015
44519 0.000040
44520 0.000028
44521 0.000019
44522 0.000028
44523 0.000015
44524 0.000034
44525 0.000032
44526 0.000035
44527 0.000026
44528 0.000038
44529 0.000050
44530 0.000017
44531 0.000035
44532 0.000039
44533 0.000019
44534 0.000008
44535 0.000010
44536 0.000015
44537 0.000021
44538 0.000023
44539 0.000010
44540 0.000015
44541 0.000028
44542 0.000039
44543 0.000016
44544 0.000015
44545 0.000016
44546 0.000027
44547 0.000032
44548 0.000019
44549 0.000008
44550 0.000020
44551 0.000006
44552 0.000012
44553 0.000019
44554 0.000020
44555 0.000031
44556 0.000017
44557 0.000017
44558 0.000033
44559 0.000021
44560 0.000030
44561 0.000031
44562 0.000014
44563 0.000013
44564 0.000015
44565 0.000012
44566 0.000011
44567 0.000021
44568 0.000010
44569 0.000012
44570 0.000017
44571 0.000005
44572 0.000022
44573 0.000034
44574 0.000036
44575 0.000033
44576 0.000022
44577 0.000039
44578 0.000013
44579 0.000014
44580 0.000030
44581 0.000024
44582 0.000010
44583 0.000013
44584 0.000023
44585 0.000012
44586 0.000010
44587 0.000036
44588 0.000017
44589 0.000039
44590 0.000025
44591 0.000010
44592 0.000010
44593 0.000009
44594 0.000030
44595 0.000023
44596 0.000036
44597 0.000027
44598 0.000012
44599 0.000013
44600 0.000015
44601 0.000007
44602 0.000027
44603 0.000029
44604 0.000030
44605 0.000021
44606 0.000021
44607 0.000008
44608 0.000009
44609 0.000011
44610 0.000008
44611 0.000005
44612 0.000011
44613 0.000015
44614 0.000024
44615 0.000029
44616 0.000009
44617 0.000011
44618 0.000021
44619 0.000033
44620 0.000017
44621 0.000019
44622 0.000019
44623 0.000036
44624 0.000023
44625 0.000008
44626 0.000005
44627 0.000005
44628 0.000019
44629 0.000011
44630 0.000012
44631 0.000028
44632 0.000018
44633 0.000024
44634 0.000040
44635 0.000033
44636 0.000026
44637 0.000016
44638 0.000032
44639 0.000014
44640 0.000012
44641 0.000017
44642 0.000023
44643 0.000022
44644 0.000041
44645 0.000038
44646 0.000011
44647 0.000023
44648 0.000013
44649 0.000026
44650 0.000035
44651 0.000021
44652 0.000019
44653 0.000019
44654 0.000012
44655 0.000024
44656 0.000009
44657 0.000023
44658 0.000023
44659 0.000013
44660 0.000026
44661 0.000026
44662 0.000025
44663 0.000024
44664 0.000017
44665 0.000017
44666 0.000010
44667 0.000019
44668 0.000033
44669 0.000023
44670 0.000009
44671 0.000009
44672 0.000013
44673 0.000013
44674 0.000026
44675 0.000037
44676 0.000026
44677 0.000012
44678 0.000023
44679 0.000016
44680 0.000017
44681 0.000010
44682 0.000005
44683 0.000011
44684 0.000013
44685 0.000007
44686 0.000030
44687 0.000023
44688 0.000010
44689 0.000007
44690 0.000019
44691 0.000020
44692 0.000017
44693 0.000016
44694 0.000030
44695 0.000025
44696 0.000010
44697 0.000015
44698 0.000006
44699 0.000010
44700 0.000021
44701 0.000040
44702 0.000009
44703 0.000023
44704 0.000010
44705 0.000014
44706 0.000013
44707 0.000015
44708 0.000016
44709 0.000033
44710 0.000035
44711 0.000013
44712 0.000016
44713 0.000014
44714 0.000020
44715 0.000011
44716 0.000016
44717 0.000021
44718 0.000016
44719 0.000015
44720 0.000031
44721 0.000039
44722 0.000027
44723 0.000023
44724 0.000011
44725 0.000009
44726 0.000018
44727 0.000018
44728 0.000011
44729 0.000022
44730 0.000013
44731 0.000027
44732 0.000027
44733 0.000009
44734 0.000022
44735 0.000035
44736 0.000020
44737 0.000016
44738 0.000013
44739 0.000022
44740 0.000030
44741 0.000031
44742 0.000034
44743 0.000006
44744 0.000014
44745 0.000014
44746 0.000065
44747 0.000033
44748 0.000028
44749 0.000015
44750 0.000020
44751 0.000020
44752 0.000009
44753 0.000010
44754 0.000014
44755 0.000032
44756 0.000012
44757 0.000011
44758 0.000017
44759 0.000011
44760 0.000020
44761 0.000023
44762 0.000010
44763 0.000006
44764 0.000026
44765 0.000053
44766 0.000032
44767 0.000017
44768 0.000033
44769 0.000016
44770 0.000013
44771 0.000019
44772 0.000005
44773 0.000017
44774 0.000019
44775 0.000010
44776 0.000016
44777 0.000008
44778 0.000018
44779 0.000008
44780 0.000008
44781 0.000014
44782 0.000006
44783 0.000014
44784 0.000015
44785 0.000022
44786 0.000033
44787 0.000012
44788 0.000013
44789 0.000029
44790 0.000014
44791 0.000013
44792 0.000014
44793 0.000012
44794 0.000009
44795 0.000007
44796 0.000009
44797 0.000010
44798 0.000014
44799 0.000026
44800 0.000020
44801 0.000011
44802 0.000033
44803 0.000030
44804 0.000008
44805 0.000033
44806 0.000033
44807 0.000021
44808 0.000007
44809 0.000025
44810 0.000010
44811 0.000011
44812 0.000025
44813 0.000030
44814 0.000032
44815 0.000017
44816 0.000025
44817 0.000014
44818 0.000013
44819 0.000008
44820 0.000015
44821 0.000028
44822 0.000035
44823 0.000025
44824 0.000014
44825 0.000018
44826 0.000013
44827 0.000019
44828 0.000026
44829 0.000032
44830 0.000018
44831 0.000016
44832 0.000006
44833 0.000017
44834 0.000020
44835 0.000022
44836 0.000012
44837 0.000022
44838 0.000027
44839 0.000014
44840 0.000009
44841 0.000012
44842 0.000005
44843 0.000011
44844 0.000031
44845 0.000015
44846 0.000013
44847 0.000009
44848 0.000022
44849 0.000021
44850 0.000041
44851 0.000056
44852 0.000025
44853 0.000020
44854 0.000011
44855 0.000010
44856 0.000009
44857 0.000015
44858 0.000014
44859 0.000033
44860 0.000015
44861 0.000022
44862 0.000009
44863 0.000015
44864 0.000016
44865 0.000020
44866 0.000015
44867 0.000012
44868 0.000012
44869 0.000008
44870 0.000028
44871 0.000011
44872 0.000021
44873 0.000015
44874 0.000016
44875 0.000025
44876 0.000036
44877 0.000020
44878 0.000015
44879 0.000019
44880 0.000061
44881 0.000025
44882 0.000022
44883 0.000013
44884 0.000033
44885 0.000021
44886 0.000018
44887 0.000026
44888 0.000010
44889 0.000018
44890 0.000020
44891 0.000010
44892 0.000007
44893 0.000028
44894 0.000026
44895 0.000014
44896 0.000017
44897 0.000012
44898 0.000034
44899 0.000035
44900 0.000047
44901 0.000025
44902 0.000009
44903 0.000008
44904 0.000013
44905 0.000005
44906 0.000029
44907 0.000010
44908 0.000017
44909 0.000016
44910 0.000016
44911 0.000007
44912 0.000010
44913 0.000015
44914 0.000018
44915 0.000013
44916 0.000007
44917 0.000014
44918 0.000028
44919 0.000018
44920 0.000023
44921 0.000046
44922 0.000024
44923 0.000023
44924 0.000015
44925 0.000030
44926 0.000022
44927 0.000028
44928 0.000022
44929 0.000024
44930 0.000027
44931 0.000011
44932 0.000028
44933 0.000017
44934 0.000024
44935 0.000010
44936 0.000007
44937 0.000017
44938 0.000034
44939 0.000021
44940 0.000046
44941 0.000014
44942 0.000016
44943 0.000015
44944 0.000047
44945 0.000024
44946 0.000026
44947 0.000020
44948 0.000020
44949 0.000037
44950 0.000016
44951 0.000017
44952 0.000015
44953 0.000039
44954 0.000042
44955 0.000024
44956 0.000029
44957 0.000043
44958 0.000013
44959 0.000005
44960 0.000026
44961 0.000012
44962 0.000008
44963 0.000024
44964 0.000015
44965 0.000020
44966 0.000014
44967 0.000026
44968 0.000010
44969 0.000017
44970 0.000014
44971 0.000020
44972 0.000019
44973 0.000008
44974 0.000014
44975 0.000021
44976 0.000036
44977 0.000023
44978 0.000039
44979 0.000027
44980 0.000027
44981 0.000020
44982 0.000020
44983 0.000013
44984 0.000021
44985 0.000018
44986 0.000037
44987 0.000025
44988 0.000040
44989 0.000033
44990 0.000025
44991 0.000020
44992 0.000027
44993 0.000031
44994 0.000026
44995 0.000035
44996 0.000033
44997 0.000027
44998 0.000029
44999 0.000022
45000 0.000024
45001 0.000010
45002 0.000011
45003 0.000005
45004 0.000016
45005 0.000038
45006 0.000023
45007 0.000013
45008 0.000019
45009 0.000029
45010 0.000044
45011 0.000020
45012 0.000018
45013 0.000022
45014 0.000009
45015 0.000028
45016 0.000026
45017 0.000010
45018 0.000014
45019 0.000010
45020 0.000017
45021 0.000010
45022 0.000006
45023 0.000015
45024 0.000017
45025 0.000033
45026 0.000016
45027 0.000027
45028 0.000041
45029 0.000025
45030 0.000036
45031 0.000024
45032 0.000017
45033 0.000014
45034 0.000022
45035 0.000026
45036 0.000024
45037 0.000032
45038 0.000016
45039 0.000010
45040 0.000007
45041 0.000015
45042 0.000022
45043 0.000008
45044 0.000029
45045 0.000025
45046 0.000042
45047 0.000041
45048 0.000028
45049 0.000032
45050 0.000018
45051 0.000047
45052 0.000026
45053 0.000010
45054 0.000033
45055 0.000012
45056 0.000019
45057 0.000019
45058 0.000006
45059 0.000033
45060 0.000012
45061 0.000028
45062 0.000009
45063 0.000014
45064 0.000010
45065 0.000036
45066 0.000034
45067 0.000024
45068 0.000021
45069 0.000018
45070 0.000020
45071 0.000035
45072 0.000014
45073 0.000006
45074 0.000013
45075 0.000016
45076 0.000010
45077 0.000028
45078 0.000007
45079 0.000010
45080 0.000016
45081 0.000015
45082 0.000009
45083 0.000023
45084 0.000028
45085 0.000029
45086 0.000015
45087 0.000013
45088 0.000012
45089 0.000011
45090 0.000017
45091 0.000026
45092 0.000015
45093 0.000026
45094 0.000015
45095 0.000014
45096 0.000027
45097 0.000029
45098 0.000026
45099 0.000024
45100 0.000027
45101 0.000036
45102 0.000044
45103 0.000032
45104 0.000029
45105 0.000037
45106 0.000017
45107 0.000007
45108 0.000019
45109 0.000012
45110 0.000016
45111 0.000029
45112 0.000014
45113 0.000013
45114 0.000020
45115 0.000015
45116 0.000011
45117 0.000016
45118 0.000010
45119 0.000011
45120 0.000009
45121 0.000007
45122 0.000011
45123 0.000027
45124 0.000023
45125 0.000023
45126 0.000019
45127 0.000014
45128 0.000026
45129 0.000020
45130 0.000013
45131 0.000007
45132 0.000014
45133 0.000010
45134 0.000019
45135 0.000025
45136 0.000025
45137 0.000034
45138 0.000013
45139 0.000019
45140 0.000011
45141 0.000012
45142 0.000021
45143 0.000031
45144 0.000022
45145 0.000027
45146 0.000027
45147 0.000020
45148 0.000014
45149 0.000018
45150 0.000023
45151 0.000024
45152 0.000014
45153 0.000024
45154 0.000028
45155 0.000031
45156 0.000015
45157 0.000009
45158 0.000017
45159 0.000010
45160 0.000011
45161 0.000017
45162 0.000021
45163 0.000040
45164 0.000039
45165 0.000044
45166 0.000018
45167 0.000017
45168 0.000012
45169 0.000025
45170 0.000013
45171 0.000009
45172 0.000024
45173 0.000013
45174 0.000020
45175 0.000026
45176 0.000016
45177 0.000008
45178 0.000016
45179 0.000018
45180 0.000037
45181 0.000016
45182 0.000013
45183 0.000025
45184 0.000027
45185 0.000037
45186 0.000017
45187 0.000031
45188 0.000049
45189 0.000023
45190 0.000029
45191 0.000038
45192 0.000029
45193 0.000029
45194 0.000025
45195 0.000019
45196 0.000018
45197 0.000034
45198 0.000041
45199 0.000019
45200 0.000007
45201 0.000013
45202 0.000013
45203 0.000009
45204 0.000017
45205 0.000016
45206 0.000011
45207 0.000025
45208 0.000019
45209 0.000019
45210 0.000024
45211 0.000019
45212 0.000021
45213 0.000020
45214 0.000027
45215 0.000016
45216 0.000010
45217 0.000020
45218 0.000035
45219 0.000032
45220 0.000049
45221 0.000019
45222 0.000011
45223 0.000043
45224 0.000023
45225 0.000028
45226 0.000016
45227 0.000015
45228 0.000016
45229 0.000025
45230 0.000027
45231 0.000014
45232 0.000022
45233 0.000013
45234 0.000014
45235 0.000020
45236 0.000011
45237 0.000009
45238 0.000012
45239 0.000024
45240 0.000010
45241 0.000013
45242 0.000029
45243 0.000023
45244 0.000028
45245 0.000017
45246 0.000016
45247 0.000017
45248 0.000025
45249 0.000010
45250 0.000027
45251 0.000017
45252 0.000007
45253 0.000012
45254 0.000025
45255 0.000011
45256 0.000006
45257 0.000007
45258 0.000008
45259 0.000010
45260 0.000012
45261 0.000008
45262 0.000006
45263 0.000012
45264 0.000015
45265 0.000026
45266 0.000007
45267 0.000010
45268 0.000009
45269 0.000007
45270 0.000009
45271 0.000012
45272 0.000016
45273 0.000007
45274 0.000012
45275 0.000021
45276 0.000012
45277 0.000029
45278 0.000015
45279 0.000007
45280 0.000006
45281 0.000008
45282 0.000013
45283 0.000031
45284 0.000041
45285 0.000040
45286 0.000041
45287 0.000029
45288 0.000036
45289 0.000026
45290 0.000034
45291 0.000039
45292 0.000025
45293 0.000035
45294 0.000027
45295 0.000014
45296 0.000010
45297 0.000028
45298 0.000027
45299 0.000009
45300 0.000018
45301 0.000021
45302 0.000022
45303 0.000030
45304 0.000041
45305 0.000028
45306 0.000021
45307 0.000022
45308 0.000014
45309 0.000007
45310 0.000039
45311 0.000022
45312 0.000039
45313 0.000021
45314 0.000017
45315 0.000034
45316 0.000037
45317 0.000035
45318 0.000015
45319 0.000011
45320 0.000010
45321 0.000018
45322 0.000014
45323 0.000018
45324 0.000027
45325 0.000011
45326 0.000021
45327 0.000013
45328 0.000026
45329 0.000039
45330 0.000011
45331 0.000017
45332 0.000020
45333 0.000031
45334 0.000019
45335 0.000011
45336 0.000040
45337 0.000022
45338 0.000012
45339 0.000032
45340 0.000012
45341 0.000012
45342 0.000012
45343 0.000010
45344 0.000042
45345 0.000019
45346 0.000016
45347 0.000009
45348 0.000026
45349 0.000021
45350 0.000014
45351 0.000033
45352 0.000026
45353 0.000040
45354 0.000035
45355 0.000016
45356 0.000010
45357 0.000016
45358 0.000019
45359 0.000017
45360 0.000015
45361 0.000028
45362 0.000017
45363 0.000007
45364 0.000011
45365 0.000027
45366 0.000045
45367 0.000050
45368 0.000049
45369 0.000046
45370 0.000043
45371 0.000042
45372 0.000049
45373 0.000068
45374 0.000017
45375 0.000010
45376 0.000006
45377 0.000009
45378 0.000017
45379 0.000037
45380 0.000027
45381 0.000033
45382 0.000024
45383 0.000016
45384 0.000007
45385 0.000009
45386 0.000019
45387 0.000015
45388 0.000015
45389 0.000009
45390 0.000021
45391 0.000017
45392 0.000014
45393 0.000022
45394 0.000013
45395 0.000029
45396 0.000039
45397 0.000018
45398 0.000012
45399 0.000019
45400 0.000011
45401 0.000011
45402 0.000028
45403 0.000040
45404 0.000024
45405 0.000006
45406 0.000009
45407 0.000022
45408 0.000022
45409 0.000024
45410 0.000021
45411 0.000024
45412 0.000024
45413 0.000028
45414 0.000015
45415 0.000023
45416 0.000016
45417 0.000032
45418 0.000024
45419 0.000017
45420 0.000012
45421 0.000016
45422 0.000028
45423 0.000017
45424 0.000030
45425 0.000023
45426 0.000010
45427 0.000016
45428 0.000018
45429 0.000027
45430 0.000022
45431 0.000020
45432 0.000028
45433 0.000016
45434 0.000006
45435 0.000005
45436 0.000035
45437 0.000019
45438 0.000007
45439 0.000007
45440 0.000005
45441 0.000019
45442 0.000018
45443 0.000014
45444 0.000018
45445 0.000017
45446 0.000018
45447 0.000026
45448 0.000012
45449 0.000008
45450 0.000006
45451 0.000019
45452 0.000016
45453 0.000020
45454 0.000009
45455 0.000005
45456 0.000019
45457 0.000021
45458 0.000011
45459 0.000005
45460 0.000022
45461 0.000020
45462 0.000006
45463 0.000006
45464 0.000006
45465 0.000007
45466 0.000028
45467 0.000024
45468 0.000010
45469 0.000017
45470 0.000014
45471 0.000022
45472 0.000015
45473 0.000022
45474 0.000014
45475 0.000008
45476 0.000005
45477 0.000031
45478 0.000020
45479 0.000011
45480 0.000026
45481 0.000014
45482 0.000014
45483 0.000009
45484 0.000015
45485 0.000017
45486 0.000008
45487 0.000021
45488 0.000017
45489 0.000012
45490 0.000010
45491 0.000012
45492 0.000025
45493 0.000010
45494 0.000028
45495 0.000031
45496 0.000033
45497 0.000011
45498 0.000005
45499 0.000014
45500 0.000009
45501 0.000004
45502 0.000008
45503 0.000013
45504 0.000010
45505 0.000023
45506 0.000017
45507 0.000021
45508 0.000018
45509 0.000016
45510 0.000010
45511 0.000017
45512 0.000024
45513 0.000020
45514 0.000019
45515 0.000047
45516 0.000029
45517 0.000019
45518 0.000011
45519 0.000010
45520 0.000007
45521 0.000036
45522 0.000020
45523 0.000006
45524 0.000032
45525 0.000026
45526 0.000018
45527 0.000026
45528 0.000023
45529 0.000029
45530 0.000022
45531 0.000024
45532 0.000026
45533 0.000038
45534 0.000011
45535 0.000019
45536 0.000008
45537 0.000026
45538 0.000017
45539 0.000007
45540 0.000010
45541 0.000007
45542 0.000004
45543 0.000010
45544 0.000020
45545 0.000022
45546 0.000018
45547 0.000023
45548 0.000044
45549 0.000023
45550 0.000022
45551 0.000010
45552 0.000016
45553 0.000025
45554 0.000010
45555 0.000019
45556 0.000013
45557 0.000018
45558 0.000027
45559 0.000023
45560 0.000016
45561 0.000010
45562 0.000009
45563 0.000024
45564 0.000041
45565 0.000021
45566 0.000014
45567 0.000020
45568 0.000013
45569 0.000017
45570 0.000010
45571 0.000006
45572 0.000014
45573 0.000020
45574 0.000022
45575 0.000021
45576 0.000023
45577 0.000018
45578 0.000012
45579 0.000018
45580 0.000022
45581 0.000018
45582 0.000022
45583 0.000019
45584 0.000025
45585 0.000015
45586 0.000011
45587 0.000016
45588 0.000033
45589 0.000017
45590 0.000035
45591 0.000047
45592 0.000022
45593 0.000026
45594 0.000014
45595 0.000035
45596 0.000018
45597 0.000017
45598 0.000011
45599 0.000007
45600 0.000009
45601 0.000014
45602 0.000015
45603 0.000011
45604 0.000027
45605 0.000021
45606 0.000022
45607 0.000045
45608 0.000037
45609 0.000013
45610 0.000019
45611 0.000037
45612 0.000012
45613 0.000012
45614 0.000033
45615 0.000022
45616 0.000017
45617 0.000027
45618 0.000019
45619 0.000031
45620 0.000011
45621 0.000015
45622 0.000006
45623 0.000017
45624 0.000023
45625 0.000027
45626 0.000034
45627 0.000017
45628 0.000014
45629 0.000018
45630 0.000028
45631 0.000008
45632 0.000007
45633 0.000012
45634 0.000012
45635 0.000017
45636 0.000026
45637 0.000016
45638 0.000014
45639 0.000024
45640 0.000022
45641 0.000014
45642 0.000021
45643 0.000014
45644 0.000009
45645 0.000026
45646 0.000019
45647 0.000012
45648 0.000008
45649 0.000016
45650 0.000011
45651 0.000027
45652 0.000022
45653 0.000020
45654 0.000016
45655 0.000019
45656 0.000013
45657 0.000025
45658 0.000033
45659 0.000022
45660 0.000035
45661 0.000015
45662 0.000019
45663 0.000011
45664 0.000007
45665 0.000029
45666 0.000038
45667 0.000020
45668 0.000025
45669 0.000014
45670 0.000025
45671 0.000008
45672 0.000039
45673 0.000008
45674 0.000023
45675 0.000031
45676 0.000017
45677 0.000028
45678 0.000029
45679 0.000007
45680 0.000018
45681 0.000018
45682 0.000007
45683 0.000009
45684 0.000007
45685 0.000029
45686 0.000011
45687 0.000025
45688 0.000007
45689 0.000006
45690 0.000015
45691 0.000027
45692 0.000023
45693 0.000015
45694 0.000015
45695 0.000015
45696 0.000009
45697 0.000014
45698 0.000005
45699 0.000005
45700 0.000010
45701 0.000014
45702 0.000042
45703 0.000022
45704 0.000013
45705 0.000016
45706 0.000026
45707 0.000025
45708 0.000010
45709 0.000009
45710 0.000007
45711 0.000045
45712 0.000051
45713 0.000017
45714 0.000037
45715 0.000021
45716 0.000019
45717 0.000016
45718 0.000017
45719 0.000016
45720 0.000031
45721 0.000009
45722 0.000012
45723 0.000006
45724 0.000006
45725 0.000013
45726 0.000008
45727 0.000014
45728 0.000015
45729 0.000010
45730 0.000022
45731 0.000011
45732 0.000008
45733 0.000018
45734 0.000006
45735 0.000026
45736 0.000024
45737 0.000019
45738 0.000026
45739 0.000019
45740 0.000039
45741 0.000030
45742 0.000026
45743 0.000025
45744 0.000019
45745 0.000022
45746 0.000026
45747 0.000015
45748 0.000010
45749 0.000020
45750 0.000018
45751 0.000018
45752 0.000019
45753 0.000017
45754 0.000017
45755 0.000028
45756 0.000016
45757 0.000019
45758 0.000011
45759 0.000015
45760 0.000013
45761 0.000019
45762 0.000020
45763 0.000027
45764 0.000028
45765 0.000007
45766 0.000047
45767 0.000023
45768 0.000028
45769 0.000015
45770 0.000016
45771 0.000006
45772 0.000015
45773 0.000039
45774 0.000036
45775 0.000029
45776 0.000024
45777 0.000032
45778 0.000012
45779 0.000010
45780 0.000004
45781 0.000007
45782 0.000019
45783 0.000012
45784 0.000024
45785 0.000019
45786 0.000006
45787 0.000014
45788 0.000035
45789 0.000028
45790 0.000034
45791 0.000025
45792 0.000015
45793 0.000036
45794 0.000053
45795 0.000050
45796 0.000026
45797 0.000024
45798 0.000031
45799 0.000023
45800 0.000026
45801 0.000015
45802 0.000006
45803 0.000032
45804 0.000026
45805 0.000010
45806 0.000018
45807 0.000010
45808 0.000017
45809 0.000019
45810 0.000012
45811 0.000020
45812 0.000019
45813 0.000011
45814 0.000011
45815 0.000009
45816 0.000024
45817 0.000020
45818 0.000034
45819 0.000047
45820 0.000057
45821 0.000027
45822 0.000036
45823 0.000021
45824 0.000020
45825 0.000017
45826 0.000028
45827 0.000017
45828 0.000022
45829 0.000022
45830 0.000038
45831 0.000033
45832 0.000020
45833 0.000018
45834 0.000014
45835 0.000031
45836 0.000035
45837 0.000013
45838 0.000020
45839 0.000015
45840 0.000017
45841 0.000013
45842 0.000016
45843 0.000014
45844 0.000014
45845 0.000015
45846 0.000009
45847 0.000018
45848 0.000027
45849 0.000035
45850 0.000022
45851 0.000025
45852 0.000019
45853 0.000028
45854 0.000011
45855 0.000005
45856 0.000011
45857 0.000019
45858 0.000019
45859 0.000017
45860 0.000023
45861 0.000016
45862 0.000029
45863 0.000024
45864 0.000018
45865 0.000014
45866 0.000011
45867 0.000027
45868 0.000027
45869 0.000024
45870 0.000022
45871 0.000007
45872 0.000022
45873 0.000017
45874 0.000019
45875 0.000026
45876 0.000010
45877 0.000027
45878 0.000015
45879 0.000015
45880 0.000021
45881 0.000016
45882 0.000010
45883 0.000019
45884 0.000024
45885 0.000030
45886 0.000044
45887 0.000013
45888 0.000021
45889 0.000031
45890 0.000028
45891 0.000020
45892 0.000015
45893 0.000007
45894 0.000018
45895 0.000015
45896 0.000020
45897 0.000026
45898 0.000053
45899 0.000039
45900 0.000018
45901 0.000012
45902 0.000022
45903 0.000008
45904 0.000008
45905 0.000009
45906 0.000009
45907 0.000010
45908 0.000035
45909 0.000023
45910 0.000057
45911 0.000023
45912 0.000018
45913 0.000012
45914 0.000021
45915 0.000034
45916 0.000017
45917 0.000014
45918 0.000017
45919 0.000006
45920 0.000005
45921 0.000017
45922 0.000018
45923 0.000022
45924 0.000034
45925 0.000020
45926 0.000014
45927 0.000007
45928 0.000020
45929 0.000011
45930 0.000015
45931 0.000037
45932 0.000027
45933 0.000039
45934 0.000041
45935 0.000049
45936 0.000051
45937 0.000023
45938 0.000023
45939 0.000022
45940 0.000013
45941 0.000011
45942 0.000022
45943 0.000031
45944 0.000019
45945 0.000014
45946 0.000012
45947 0.000005
45948 0.000007
45949 0.000027
45950 0.000039
45951 0.000025
45952 0.000018
45953 0.000009
45954 0.000021
45955 0.000015
45956 0.000006
45957 0.000014
45958 0.000017
45959 0.000026
45960 0.000019
45961 0.000010
45962 0.000019
45963 0.000018
45964 0.000017
45965 0.000012
45966 0.000012
45967 0.000028
45968 0.000018
45969 0.000012
45970 0.000018
45971 0.000030
45972 0.000017
45973 0.000022
45974 0.000029
45975 0.000015
45976 0.000013
45977 0.000006
45978 0.000019
45979 0.000034
45980 0.000040
45981 0.000060
45982 0.000040
45983 0.000029
45984 0.000015
45985 0.000051
45986 0.000037
45987 0.000016
45988 0.000026
45989 0.000037
45990 0.000021
45991 0.000025
45992 0.000020
45993 0.000032
45994 0.000037
45995 0.000022
45996 0.000020
45997 0.000013
45998 0.000025
45999 0.000014
46000 0.000039
46001 0.000030
46002 0.000023
46003 0.000020
46004 0.000022
46005 0.000009
46006 0.000025
46007 0.000024
46008 0.000023
46009 0.000009
46010 0.000019
46011 0.000028
46012 0.000031
46013 0.000012
46014 0.000013
46015 0.000011
46016 0.000009
46017 0.000006
46018 0.000018
46019 0.000013
46020 0.000016
46021 0.000015
46022 0.000035
46023 0.000028
46024 0.000021
46025 0.000021
46026 0.000010
46027 0.000027
46028 0.000022
46029 0.000009
46030 0.000018
46031 0.000032
46032 0.000024
46033 0.000043
46034 0.000032
46035 0.000018
46036 0.000014
46037 0.000009
46038 0.000008
46039 0.000014
46040 0.000012
46041 0.000021
46042 0.000038
46043 0.000032
46044 0.000018
46045 0.000041
46046 0.000035
46047 0.000021
46048 0.000016
46049 0.000019
46050 0.000021
46051 0.000038
46052 0.000019
46053 0.000014
46054 0.000016
46055 0.000020
46056 0.000016
46057 0.000006
46058 0.000009
46059 0.000024
46060 0.000038
46061 0.000019
46062 0.000024
46063 0.000020
46064 0.000019
46065 0.000019
46066 0.000015
46067 0.000014
46068 0.000021
46069 0.000012
46070 0.000007
46071 0.000013
46072 0.000025
46073 0.000009
46074 0.000019
46075 0.000026
46076 0.000029
46077 0.000038
46078 0.000022
46079 0.000039
46080 0.000034
46081 0.000024
46082 0.000027
46083 0.000040
46084 0.000018
46085 0.000010
46086 0.000023
46087 0.000008
46088 0.000020
46089 0.000039
46090 0.000040
46091 0.000026
46092 0.000008
46093 0.000008
46094 0.000010
46095 0.000024
46096 0.000010
46097 0.000028
46098 0.000036
46099 0.000046
46100 0.000018
46101 0.000008
46102 0.000012
46103 0.000019
46104 0.000011
46105 0.000010
46106 0.000017
46107 0.000023
46108 0.000036
46109 0.000010
46110 0.000014
46111 0.000009
46112 0.000011
46113 0.000011
46114 0.000016
46115 0.000040
46116 0.000023
46117 0.000010
46118 0.000040
46119 0.000042
46120 0.000025
46121 0.000016
46122 0.000008
46123 0.000017
46124 0.000010
46125 0.000005
46126 0.000011
46127 0.000012
46128 0.000016
46129 0.000029
46130 0.000021
46131 0.000015
46132 0.000012
46133 0.000019
46134 0.000011
46135 0.000019
46136 0.000020
46137 0.000022
46138 0.000009
46139 0.000013
46140 0.000012
46141 0.000011
46142 0.000012
46143 0.000034
46144 0.000022
46145 0.000009
46146 0.000007
46147 0.000004
46148 0.000004
46149 0.000005
46150 0.000022
46151 0.000016
46152 0.000015
46153 0.000011
46154 0.000015
46155 0.000012
46156 0.000009
46157 0.000016
46158 0.000036
46159 0.000018
46160 0.000017
46161 0.000012
46162 0.000020
46163 0.000024
46164 0.000014
46165 0.000014
46166 0.000020
46167 0.000006
46168 0.000011
46169 0.000017
46170 0.000014
46171 0.000009
46172 0.000005
46173 0.000014
46174 0.000006
46175 0.000014
46176 0.000018
46177 0.000029
46178 0.000013
46179 0.000012
46180 0.000024
46181 0.000033
46182 0.000016
46183 0.000022
46184 0.000023
46185 0.000016
46186 0.000020
46187 0.000026
46188 0.000040
46189 0.000029
46190 0.000015
46191 0.000007
46192 0.000010
46193 0.000011
46194 0.000014
46195 0.000017
46196 0.000008
46197 0.000016
46198 0.000025
46199 0.000022
46200 0.000014
46201 0.000011
46202 0.000016
46203 0.000019
46204 0.000013
46205 0.000022
46206 0.000012
46207 0.000035
46208 0.000025
46209 0.000041
46210 0.000027
46211 0.000018
46212 0.000022
46213 0.000011
46214 0.000011
46215 0.000029
46216 0.000021
46217 0.000013
46218 0.000019
46219 0.000008
46220 0.000005
46221 0.000015
46222 0.000013
46223 0.000007
46224 0.000018
46225 0.000011
46226 0.000028
46227 0.000031
46228 0.000012
46229 0.000024
46230 0.000038
46231 0.000024
46232 0.000016
46233 0.000019
46234 0.000027
46235 0.000015
46236 0.000012
46237 0.000013
46238 0.000018
46239 0.000007
46240 0.000019
46241 0.000008
46242 0.000028
46243 0.000020
46244 0.000023
46245 0.000042
46246 0.000030
46247 0.000028
46248 0.000008
46249 0.000015
46250 0.000027
46251 0.000011
46252 0.000020
46253 0.000021
46254 0.000007
46255 0.000016
46256 0.000023
46257 0.000029
46258 0.000025
46259 0.000046
46260 0.000025
46261 0.000019
46262 0.000012
46263 0.000007
46264 0.000026
46265 0.000023
46266 0.000043
46267 0.000019
46268 0.000014
46269 0.000010
46270 0.000014
46271 0.000026
46272 0.000031
46273 0.000035
46274 0.000015
46275 0.000011
46276 0.000019
46277 0.000017
46278 0.000006
46279 0.000008
46280 0.000016
46281 0.000006
46282 0.000042
46283 0.000028
46284 0.000009
46285 0.000016
46286 0.000013
46287 0.000013
46288 0.000008
46289 0.000034
46290 0.000017
46291 0.000026
46292 0.000017
46293 0.000016
46294 0.000012
46295 0.000006
46296 0.000007
46297 0.000004
46298 0.000007
46299 0.000017
46300 0.000016
46301 0.000021
46302 0.000006
46303 0.000021
46304 0.000009
46305 0.000010
46306 0.000009
46307 0.000012
46308 0.000009
46309 0.000027
46310 0.000017
46311 0.000006
46312 0.000013
46313 0.000019
46314 0.000025
46315 0.000034
46316 0.000032
46317 0.000028
46318 0.000019
46319 0.000008
46320 0.000021
46321 0.000032
46322 0.000034
46323 0.000027
46324 0.000031
46325 0.000018
46326 0.000013
46327 0.000023
46328 0.000052
46329 0.000047
46330 0.000050
46331 0.000024
46332 0.000018
46333 0.000025
46334 0.000029
46335 0.000039
46336 0.000022
46337 0.000013
46338 0.000012
46339 0.000015
46340 0.000006
46341 0.000014
46342 0.000013
46343 0.000009
46344 0.000015
46345 0.000020
46346 0.000026
46347 0.000045
46348 0.000018
46349 0.000015
46350 0.000008
46351 0.000005
46352 0.000013
46353 0.000025
46354 0.000038
46355 0.000037
46356 0.000030
46357 0.000059
46358 0.000014
46359 0.000033
46360 0.000035
46361 0.000028
46362 0.000030
46363 0.000027
46364 0.000022
46365 0.000034
46366 0.000023
46367 0.000033
46368 0.000016
46369 0.000015
46370 0.000014
46371 0.000010
46372 0.000019
46373 0.000016
46374 0.000035
46375 0.000030
46376 0.000024
46377 0.000015
46378 0.000021
46379 0.000024
46380 0.000016
46381 0.000010
46382 0.000012
46383 0.000034
46384 0.000011
46385 0.000022
46386 0.000043
46387 0.000024
46388 0.000034
46389 0.000023
46390 0.000023
46391 0.000023
46392 0.000022
46393 0.000023
46394 0.000011
46395 0.000008
46396 0.000013
46397 0.000007
46398 0.000013
46399 0.000010
46400 0.000024
46401 0.000013
46402 0.000009
46403 0.000009
46404 0.000018
46405 0.000009
46406 0.000023
46407 0.000015
46408 0.000013
46409 0.000029
46410 0.000035
46411 0.000016
46412 0.000039
46413 0.000037
46414 0.000035
46415 0.000018
46416 0.000030
46417 0.000030
46418 0.000031
46419 0.000019
46420 0.000020
46421 0.000013
46422 0.000016
46423 0.000020
46424 0.000021
46425 0.000034
46426 0.000041
46427 0.000021
46428 0.000012
46429 0.000012
46430 0.000011
46431 0.000019
46432 0.000036
46433 0.000044
46434 0.000021
46435 0.000009
46436 0.000029
46437 0.000027
46438 0.000015
46439 0.000020
46440 0.000019
46441 0.000011
46442 0.000010
46443 0.000016
46444 0.000008
46445 0.000031
46446 0.000015
46447 0.000016
46448 0.000020
46449 0.000017
46450 0.000041
46451 0.000020
46452 0.000014
46453 0.000031
46454 0.000024
46455 0.000013
46456 0.000024
46457 0.000022
46458 0.000025
46459 0.000013
46460 0.000016
46461 0.000013
46462 0.000016
46463 0.000013
46464 0.000012
46465 0.000018
46466 0.000028
46467 0.000019
46468 0.000007
46469 0.000016
46470 0.000032
46471 0.000023
46472 0.000032
46473 0.000037
46474 0.000038
46475 0.000025
46476 0.000016
46477 0.000015
46478 0.000014
46479 0.000010
46480 0.000011
46481 0.000019
46482 0.000014
46483 0.000014
46484 0.000015
46485 0.000010
46486 0.000010
46487 0.000007
46488 0.000014
46489 0.000011
46490 0.000015
46491 0.000015
46492 0.000023
46493 0.000015
46494 0.000015
46495 0.000014
46496 0.000023
46497 0.000012
46498 0.000013
46499 0.000014
46500 0.000034
46501 0.000023
46502 0.000009
46503 0.000029
46504 0.000028
46505 0.000015
46506 0.000017
46507 0.000021
46508 0.000007
46509 0.000045
46510 0.000026
46511 0.000031
46512 0.000020
46513 0.000013
46514 0.000027
46515 0.000015
46516 0.000026
46517 0.000021
46518 0.000028
46519 0.000033
46520 0.000027
46521 0.000026
46522 0.000040
46523 0.000027
46524 0.000006
46525 0.000011
46526 0.000011
46527 0.000013
46528 0.000021
46529 0.000018
46530 0.000010
46531 0.000018
46532 0.000014
46533 0.000007
46534 0.000020
46535 0.000012
46536 0.000022
46537 0.000015
46538 0.000011
46539 0.000013
46540 0.000009
46541 0.000006
46542 0.000005
46543 0.000011
46544 0.000019
46545 0.000028
46546 0.000012
46547 0.000025
46548 0.000042
46549 0.000034
46550 0.000014
46551 0.000027
46552 0.000027
46553 0.000016
46554 0.000011
46555 0.000013
46556 0.000011
46557 0.000017
46558 0.000015
46559 0.000024
46560 0.000017
46561 0.000021
46562 0.000026
46563 0.000031
46564 0.000015
46565 0.000025
46566 0.000036
46567 0.000027
46568 0.000020
46569 0.000017
46570 0.000028
46571 0.000035
46572 0.000013
46573 0.000013
46574 0.000029
46575 0.000028
46576 0.000023
46577 0.000014
46578 0.000016
46579 0.000017
46580 0.000011
46581 0.000026
46582 0.000014
46583 0.000012
46584 0.000010
46585 0.000008
46586 0.000012
46587 0.000018
46588 0.000008
46589 0.000006
46590 0.000004
46591 0.000007
46592 0.000026
46593 0.000028
46594 0.000014
46595 0.000032
46596 0.000023
46597 0.000014
46598 0.000029
46599 0.000011
46600 0.000031
46601 0.000007
46602 0.000020
46603 0.000021
46604 0.000017
46605 0.000022
46606 0.000021
46607 0.000015
46608 0.000025
46609 0.000013
46610 0.000015
46611 0.000009
46612 0.000015
46613 0.000024
46614 0.000035
46615 0.000038
46616 0.000033
46617 0.000029
46618 0.000020
46619 0.000019
46620 0.000018
46621 0.000013
46622 0.000012
46623 0.000013
46624 0.000029
46625 0.000044
46626 0.000022
46627 0.000020
46628 0.000017
46629 0.000008
46630 0.000019
46631 0.000008
46632 0.000009
46633 0.000010
46634 0.000007
46635 0.000008
46636 0.000015
46637 0.000012
46638 0.000017
46639 0.000018
46640 0.000020
46641 0.000019
46642 0.000016
46643 0.000024
46644 0.000030
46645 0.000029
46646 0.000014
46647 0.000009
46648 0.000039
46649 0.000030
46650 0.000020
46651 0.000025
46652 0.000015
46653 0.000024
46654 0.000019
46655 0.000024
46656 0.000024
46657 0.000019
46658 0.000015
46659 0.000009
46660 0.000022
46661 0.000038
46662 0.000025
46663 0.000021
46664 0.000017
46665 0.000026
46666 0.000025
46667 0.000022
46668 0.000045
46669 0.000022
46670 0.000013
46671 0.000014
46672 0.000004
46673 0.000011
46674 0.000029
46675 0.000007
46676 0.000017
46677 0.000018
46678 0.000014
46679 0.000014
46680 0.000050
46681 0.000034
46682 0.000032
46683 0.000019
46684 0.000029
46685 0.000018
46686 0.000008
46687 0.000015
46688 0.000007
46689 0.000005
46690 0.000013
46691 0.000022
46692 0.000027
46693 0.000016
46694 0.000032
46695 0.000021
46696 0.000031
46697 0.000035
46698 0.000033
46699 0.000057
46700 0.000023
46701 0.000027
46702 0.000017
46703 0.000014
46704 0.000017
46705 0.000014
46706 0.000008
46707 0.000029
46708 0.000023
46709 0.000013
46710 0.000014
46711 0.000017
46712 0.000010
46713 0.000007
46714 0.000019
46715 0.000011
46716 0.000007
46717 0.000020
46718 0.000033
46719 0.000035
46720 0.000042
46721 0.000031
46722 0.000011
46723 0.000016
46724 0.000019
46725 0.000019
46726 0.000014
46727 0.000012
46728 0.000024
46729 0.000022
46730 0.000012
46731 0.000016
46732 0.000057
46733 0.000025
46734 0.000040
46735 0.000048
46736 0.000016
46737 0.000024
46738 0.000034
46739 0.000038
46740 0.000014
46741 0.000017
46742 0.000020
46743 0.000039
46744 0.000044
46745 0.000029
46746 0.000009
46747 0.000017
46748 0.000008
46749 0.000033
46750 0.000020
46751 0.000021
46752 0.000027
46753 0.000022
46754 0.000031
46755 0.000008
46756 0.000009
46757 0.000027
46758 0.000008
46759 0.000013
46760 0.000020
46761 0.000024
46762 0.000024
46763 0.000015
46764 0.000006
46765 0.000011
46766 0.000015
46767 0.000010
46768 0.000026
46769 0.000031
46770 0.000036
46771 0.000012
46772 0.000014
46773 0.000016
46774 0.000014
46775 0.000009
46776 0.000011
46777 0.000039
46778 0.000036
46779 0.000023
46780 0.000020
46781 0.000039
46782 0.000045
46783 0.000029
46784 0.000021
46785 0.000018
46786 0.000007
46787 0.000005
46788 0.000012
46789 0.000010
46790 0.000015
46791 0.000017
46792 0.000012
46793 0.000044
46794 0.000028
46795 0.000039
46796 0.000018
46797 0.000024
46798 0.000020
46799 0.000026
46800 0.000044
46801 0.000037
46802 0.000052
46803 0.000025
46804 0.000008
46805 0.000014
46806 0.000009
46807 0.000017
46808 0.000028
46809 0.000030
46810 0.000040
46811 0.000011
46812 0.000011
46813 0.000005
46814 0.000028
46815 0.000039
46816 0.000028
46817 0.000023
46818 0.000008
46819 0.000027
46820 0.000030
46821 0.000020
46822 0.000020
46823 0.000013
46824 0.000038
46825 0.000035
46826 0.000013
46827 0.000009
46828 0.000023
46829 0.000007
46830 0.000019
46831 0.000012
46832 0.000008
46833 0.000018
46834 0.000016
46835 0.000007
46836 0.000009
46837 0.000010
46838 0.000020
46839 0.000015
46840 0.000009
46841 0.000035
46842 0.000016
46843 0.000025
46844 0.000012
46845 0.000014
46846 0.000009
46847 0.000022
46848 0.000007
46849 0.000019
46850 0.000034
46851 0.000024
46852 0.000019
46853 0.000039
46854 0.000030
46855 0.000012
46856 0.000013
46857 0.000014
46858 0.000011
46859 0.000020
46860 0.000023
46861 0.000021
46862 0.000013
46863 0.000021
46864 0.000045
46865 0.000018
46866 0.000025
46867 0.000018
46868 0.000016
46869 0.000032
46870 0.000021
46871 0.000026
46872 0.000045
46873 0.000019
46874 0.000014
46875 0.000030
46876 0.000019
46877 0.000024
46878 0.000025
46879 0.000018
46880 0.000018
46881 0.000006
46882 0.000032
46883 0.000018
46884 0.000018
46885 0.000007
46886 0.000040
46887 0.000038
46888 0.000018
46889 0.000035
46890 0.000022
46891 0.000018
46892 0.000019
46893 0.000014
46894 0.000014
46895 0.000024
46896 0.000013
46897 0.000046
46898 0.000037
46899 0.000039
46900 0.000033
46901 0.000035
46902 0.000042
46903 0.000036
46904 0.000013
46905 0.000011
46906 0.000017
46907 0.000011
46908 0.000008
46909 0.000019
46910 0.000023
46911 0.000022
46912 0.000024
46913 0.000016
46914 0.000070
46915 0.000040
46916 0.000023
46917 0.000026
46918 0.000023
46919 0.000017
46920 0.000017
46921 0.000013
46922 0.000021
46923 0.000025
46924 0.000018
46925 0.000052
46926 0.000061
46927 0.000029
46928 0.000041
46929 0.000029
46930 0.000046
46931 0.000041
46932 0.000036
46933 0.000022
46934 0.000013
46935 0.000018
46936 0.000010
46937 0.000007
46938 0.000016
46939 0.000012
46940 0.000010
46941 0.000005
46942 0.000019
46943 0.000006
46944 0.000012
46945 0.000021
46946 0.000021
46947 0.000038
46948 0.000023
46949 0.000017
46950 0.000019
46951 0.000016
46952 0.000019
46953 0.000018
46954 0.000011
46955 0.000005
46956 0.000011
46957 0.000021
46958 0.000012
46959 0.000028
46960 0.000030
46961 0.000021
46962 0.000041
46963 0.000017
46964 0.000018
46965 0.000011
46966 0.000006
46967 0.000014
46968 0.000029
46969 0.000036
46970 0.000046
46971 0.000011
46972 0.000020
46973 0.000006
46974 0.000034
46975 0.000042
46976 0.000046
46977 0.000032
46978 0.000014
46979 0.000020
46980 0.000014
46981 0.000046
46982 0.000015
46983 0.000021
46984 0.000046
46985 0.000015
46986 0.000029
46987 0.000020
46988 0.000016
46989 0.000008
46990 0.000009
46991 0.000008
46992 0.000022
46993 0.000019
46994 0.000020
46995 0.000012
46996 0.000014
46997 0.000031
46998 0.000029
46999 0.000021
47000 0.000024
47001 0.000013
47002 0.000029
47003 0.000015
47004 0.000020
47005 0.000006
47006 0.000004
47007 0.000012
47008 0.000010
47009 0.000019
47010 0.000026
47011 0.000033
47012 0.000025
47013 0.000010
47014 0.000027
47015 0.000011
47016 0.000019
47017 0.000014
47018 0.000009
47019 0.000016
47020 0.000011
47021 0.000026
47022 0.000020
47023 0.000021
47024 0.000012
47025 0.000021
47026 0.000010
47027 0.000025
47028 0.000017
47029 0.000020
47030 0.000022
47031 0.000008
47032 0.000013
47033 0.000009
47034 0.000039
47035 0.000011
47036 0.000020
47037 0.000023
47038 0.000022
47039 0.000012
47040 0.000006
47041 0.000010
47042 0.000011
47043 0.000005
47044 0.000010
47045 0.000014
47046 0.000022
47047 0.000025
47048 0.000028
47049 0.000027
47050 0.000037
47051 0.000032
47052 0.000022
47053 0.000012
47054 0.000019
47055 0.000025
47056 0.000014
47057 0.000028
47058 0.000021
47059 0.000018
47060 0.000021
47061 0.000039
47062 0.000014
47063 0.000021
47064 0.000025
47065 0.000031
47066 0.000013
47067 0.000018
47068 0.000008
47069 0.000013
47070 0.000021
47071 0.000015
47072 0.000016
47073 0.000008
47074 0.000005
47075 0.000007
47076 0.000023
47077 0.000014
47078 0.000016
47079 0.000019
47080 0.000011
47081 0.000020
47082 0.000031
47083 0.000023
47084 0.000008
47085 0.000010
47086 0.000012
47087 0.000027
47088 0.000022
47089 0.000024
47090 0.000018
47091 0.000015
47092 0.000016
47093 0.000011
47094 0.000009
47095 0.000015
47096 0.000011
47097 0.000014
47098 0.000017
47099 0.000037
47100 0.000022
47101 0.000015
47102 0.000018
47103 0.000016
47104 0.000014
47105 0.000020
47106 0.000007
47107 0.000026
47108 0.000015
47109 0.000020
47110 0.000018
47111 0.000013
47112 0.000014
47113 0.000009
47114 0.000012
47115 0.000013
47116 0.000013
47117 0.000008
47118 0.000015
47119 0.000021
47120 0.000031
47121 0.000029
47122 0.000023
47123 0.000028
47124 0.000028
47125 0.000041
47126 0.000022
47127 0.000019
47128 0.000031
47129 0.000038
47130 0.000016
47131 0.000029
47132 0.000014
47133 0.000014
47134 0.000015
47135 0.000015
47136 0.000009
47137 0.000024
47138 0.000025
47139 0.000023
47140 0.000025
47141 0.000007
47142 0.000008
47143 0.000004
47144 0.000031
47145 0.000018
47146 0.000011
47147 0.000014
47148 0.000020
47149 0.000024
47150 0.000012
47151 0.000019
47152 0.000017
47153 0.000007
47154 0.000021
47155 0.000041
47156 0.000021
47157 0.000019
47158 0.000012
47159 0.000015
47160 0.000009
47161 0.000014
47162 0.000008
47163 0.000011
47164 0.000041
47165 0.000028
47166 0.000016
47167 0.000017
47168 0.000011
47169 0.000009
47170 0.000011
47171 0.000013
47172 0.000012
47173 0.000019
47174 0.000007
47175 0.000022
47176 0.000009
47177 0.000012
47178 0.000022
47179 0.000013
47180 0.000007
47181 0.000008
47182 0.000019
47183 0.000008
47184 0.000005
47185 0.000021
47186 0.000011
47187 0.000038
47188 0.000024
47189 0.000020
47190 0.000016
47191 0.000015
47192 0.000029
47193 0.000011
47194 0.000011
47195 0.000015
47196 0.000018
47197 0.000010
47198 0.000009
47199 0.000012
47200 0.000013
47201 0.000013
47202 0.000011
47203 0.000010
47204 0.000009
47205 0.000015
47206 0.000019
47207 0.000008
47208 0.000024
47209 0.000013
47210 0.000017
47211 0.000005
47212 0.000021
47213 0.000012
47214 0.000009
47215 0.000026
47216 0.000010
47217 0.000023
47218 0.000037
47219 0.000032
47220 0.000042
47221 0.000024
47222 0.000014
47223 0.000022
47224 0.000008
47225 0.000010
47226 0.000010
47227 0.000011
47228 0.000007
47229 0.000015
47230 0.000022
47231 0.000035
47232 0.000020
47233 0.000011
47234 0.000015
47235 0.000028
47236 0.000034
47237 0.000013
47238 0.000020
47239 0.000028
47240 0.000028
47241 0.000043
47242 0.000023
47243 0.000030
47244 0.000016
47245 0.000019
47246 0.000020
47247 0.000019
47248 0.000030
47249 0.000022
47250 0.000014
47251 0.000036
47252 0.000037
47253 0.000019
47254 0.000024
47255 0.000032
47256 0.000012
47257 0.000005
47258 0.000025
47259 0.000030
47260 0.000018
47261 0.000021
47262 0.000026
47263 0.000019
47264 0.000011
47265 0.000014
47266 0.000007
47267 0.000018
47268 0.000006
47269 0.000005
47270 0.000005
47271 0.000014
47272 0.000007
47273 0.000006
47274 0.000017
47275 0.000020
47276 0.000034
47277 0.000010
47278 0.000041
47279 0.000046
47280 0.000026
47281 0.000021
47282 0.000009
47283 0.000007
47284 0.000005
47285 0.000011
47286 0.000034
47287 0.000013
47288 0.000008
47289 0.000037
47290 0.000014
47291 0.000019
47292 0.000030
47293 0.000036
47294 0.000013
47295 0.000005
47296 0.000013
47297 0.000025
47298 0.000017
47299 0.000011
47300 0.000013
47301 0.000014
47302 0.000021
47303 0.000031
47304 0.000020
47305 0.000025
47306 0.000014
47307 0.000007
47308 0.000022
47309 0.000015
47310 0.000015
47311 0.000009
47312 0.000015
47313 0.000009
47314 0.000016
47315 0.000008
47316 0.000012
47317 0.000015
47318 0.000037
47319 0.000011
47320 0.000032
47321 0.000008
47322 0.000015
47323 0.000019
47324 0.000026
47325 0.000026
47326 0.000026
47327 0.000021
47328 0.000007
47329 0.000013
47330 0.000022
47331 0.000012
47332 0.000034
47333 0.000031
47334 0.000046
47335 0.000033
47336 0.000033
47337 0.000015
47338 0.000017
47339 0.000005
47340 0.000012
47341 0.000017
47342 0.000011
47343 0.000017
47344 0.000025
47345 0.000014
47346 0.000023
47347 0.000037
47348 0.000018
47349 0.000011
47350 0.000017
47351 0.000015
47352 0.000010
47353 0.000021
47354 0.000007
47355 0.000033
47356 0.000022
47357 0.000033
47358 0.000031
47359 0.000040
47360 0.000023
47361 0.000019
47362 0.000024
47363 0.000018
47364 0.000008
47365 0.000016
47366 0.000017
47367 0.000014
47368 0.000017
47369 0.000017
47370 0.000008
47371 0.000015
47372 0.000012
47373 0.000030
47374 0.000025
47375 0.000032
47376 0.000025
47377 0.000029
47378 0.000050
47379 0.000036
47380 0.000024
47381 0.000010
47382 0.000040
47383 0.000045
47384 0.000026
47385 0.000044
47386 0.000036
47387 0.000015
47388 0.000025
47389 0.000011
47390 0.000015
47391 0.000014
47392 0.000037
47393 0.000008
47394 0.000017
47395 0.000020
47396 0.000010
47397 0.000014
47398 0.000015
47399 0.000025
47400 0.000016
47401 0.000016
47402 0.000017
47403 0.000010
47404 0.000007
47405 0.000025
47406 0.000025
47407 0.000034
47408 0.000030
47409 0.000012
47410 0.000010
47411 0.000017
47412 0.000030
47413 0.000021
47414 0.000013
47415 0.000012
47416 0.000016
47417 0.000011
47418 0.000019
47419 0.000008
47420 0.000013
47421 0.000012
47422 0.000021
47423 0.000015
47424 0.000011
47425 0.000015
47426 0.000008
47427 0.000016
47428 0.000009
47429 0.000012
47430 0.000013
47431 0.000009
47432 0.000007
47433 0.000010
47434 0.000015
47435 0.000018
47436 0.000014
47437 0.000018
47438 0.000016
47439 0.000027
47440 0.000026
47441 0.000021
47442 0.000012
47443 0.000017
47444 0.000011
47445 0.000014
47446 0.000036
47447 0.000023
47448 0.000013
47449 0.000011
47450 0.000016
47451 0.000033
47452 0.000017
47453 0.000012
47454 0.000009
47455 0.000033
47456 0.000031
47457 0.000017
47458 0.000015
47459 0.000023
47460 0.000016
47461 0.000027
47462 0.000022
47463 0.000011
47464 0.000011
47465 0.000005
47466 0.000012
47467 0.000021
47468 0.000015
47469 0.000017
47470 0.000014
47471 0.000039
47472 0.000020
47473 0.000025
47474 0.000009
47475 0.000031
47476 0.000025
47477 0.000024
47478 0.000020
47479 0.000010
47480 0.000019
47481 0.000014
47482 0.000006
47483 0.000007
47484 0.000009
47485 0.000023
47486 0.000020
47487 0.000029
47488 0.000015
47489 0.000016
47490 0.000021
47491 0.000033
47492 0.000043
47493 0.000051
47494 0.000026
47495 0.000014
47496 0.000028
47497 0.000026
47498 0.000027
47499 0.000033
47500 0.000022
47501 0.000023
47502 0.000027
47503 0.000014
47504 0.000038
47505 0.000031
47506 0.000016
47507 0.000016
47508 0.000024
47509 0.000045
47510 0.000038
47511 0.000026
47512 0.000026
47513 0.000017
47514 0.000024
47515 0.000031
47516 0.000019
47517 0.000018
47518 0.000008
47519 0.000008
47520 0.000011
47521 0.000015
47522 0.000022
47523 0.000014
47524 0.000015
47525 0.000018
47526 0.000024
47527 0.000017
47528 0.000016
47529 0.000024
47530 0.000011
47531 0.000012
47532 0.000018
47533 0.000018
47534 0.000019
47535 0.000024
47536 0.000036
47537 0.000013
47538 0.000014
47539 0.000009
47540 0.000012
47541 0.000016
47542 0.000013
47543 0.000007
47544 0.000006
47545 0.000011
47546 0.000013
47547 0.000019
47548 0.000008
47549 0.000013
47550 0.000012
47551 0.000009
47552 0.000012
47553 0.000008
47554 0.000023
47555 0.000010
47556 0.000026
47557 0.000024
47558 0.000026
47559 0.000012
47560 0.000022
47561 0.000038
47562 0.000017
47563 0.000027
47564 0.000033
47565 0.000025
47566 0.000010
47567 0.000007
47568 0.000007
47569 0.000019
47570 0.000024
47571 0.000010
47572 0.000016
47573 0.000015
47574 0.000023
47575 0.000013
47576 0.000012
47577 0.000008
47578 0.000009
47579 0.000020
47580 0.000009
47581 0.000014
47582 0.000007
47583 0.000020
47584 0.000025
47585 0.000008
47586 0.000017
47587 0.000008
47588 0.000021
47589 0.000024
47590 0.000024
47591 0.000029
47592 0.000018
47593 0.000016
47594 0.000023
47595 0.000034
47596 0.000024
47597 0.000026
47598 0.000029
47599 0.000018
47600 0.000047
47601 0.000023
47602 0.000033
47603 0.000017
47604 0.000008
47605 0.000017
47606 0.000025
47607 0.000028
47608 0.000019
47609 0.000012
47610 0.000012
47611 0.000018
47612 0.000007
47613 0.000013
47614 0.000032
47615 0.000010
47616 0.000007
47617 0.000013
47618 0.000028
47619 0.000052
47620 0.000028
47621 0.000019
47622 0.000022
47623 0.000027
47624 0.000014
47625 0.000037
47626 0.000023
47627 0.000008
47628 0.000017
47629 0.000025
47630 0.000026
47631 0.000017
47632 0.000024
47633 0.000018
47634 0.000024
47635 0.000016
47636 0.000017
47637 0.000020
47638 0.000009
47639 0.000027
47640 0.000039
47641 0.000015
47642 0.000030
47643 0.000008
47644 0.000024
47645 0.000032
47646 0.000020
47647 0.000010
47648 0.000009
47649 0.000028
47650 0.000011
47651 0.000019
47652 0.000024
47653 0.000013
47654 0.000010
47655 0.000013
47656 0.000009
47657 0.000010
47658 0.000011
47659 0.000023
47660 0.000029
47661 0.000028
47662 0.000011
47663 0.000014
47664 0.000018
47665 0.000006
47666 0.000033
47667 0.000035
47668 0.000037
47669 0.000023
47670 0.000009
47671 0.000012
47672 0.000020
47673 0.000024
47674 0.000028
47675 0.000028
47676 0.000024
47677 0.000032
47678 0.000023
47679 0.000030
47680 0.000014
47681 0.000029
47682 0.000021
47683 0.000009
47684 0.000020
47685 0.000023
47686 0.000009
47687 0.000014
47688 0.000022
47689 0.000015
47690 0.000020
47691 0.000009
47692 0.000005
47693 0.000009
47694 0.000013
47695 0.000005
47696 0.000030
47697 0.000023
47698 0.000027
47699 0.000048
47700 0.000044
47701 0.000048
47702 0.000059
47703 0.000035
47704 0.000020
47705 0.000006
47706 0.000009
47707 0.000019
47708 0.000026
47709 0.000021
47710 0.000019
47711 0.000020
47712 0.000018
47713 0.000025
47714 0.000024
47715 0.000018
47716 0.000011
47717 0.000027
47718 0.000027
47719 0.000013
47720 0.000047
47721 0.000026
47722 0.000016
47723 0.000010
47724 0.000004
47725 0.000016
47726 0.000012
47727 0.000030
47728 0.000018
47729 0.000021
47730 0.000009
47731 0.000024
47732 0.000014
47733 0.000024
47734 0.000024
47735 0.000021
47736 0.000027
47737 0.000010
47738 0.000016
47739 0.000011
47740 0.000022
47741 0.000008
47742 0.000040
47743 0.000038
47744 0.000010
47745 0.000008
47746 0.000013
47747 0.000030
47748 0.000041
47749 0.000039
47750 0.000020
47751 0.000027
47752 0.000011
47753 0.000020
47754 0.000012
47755 0.000038
47756 0.000019
47757 0.000017
47758 0.000007
47759 0.000045
47760 0.000022
47761 0.000057
47762 0.000027
47763 0.000023
47764 0.000047
47765 0.000038
47766 0.000012
47767 0.000010
47768 0.000019
47769 0.000021
47770 0.000026
47771 0.000022
47772 0.000024
47773 0.000013
47774 0.000021
47775 0.000016
47776 0.000016
47777 0.000015
47778 0.000040
47779 0.000024
47780 0.000046
47781 0.000013
47782 0.000019
47783 0.000030
47784 0.000029
47785 0.000012
47786 0.000010
47787 0.000028
47788 0.000060
47789 0.000035
47790 0.000020
47791 0.000016
47792 0.000021
47793 0.000036
47794 0.000043
47795 0.000021
47796 0.000030
47797 0.000033
47798 0.000024
47799 0.000016
47800 0.000032
47801 0.000016
47802 0.000012
47803 0.000019
47804 0.000018
47805 0.000013
47806 0.000005
47807 0.000008
47808 0.000021
47809 0.000012
47810 0.000032
47811 0.000010
47812 0.000017
47813 0.000013
47814 0.000023
47815 0.000030
47816 0.000035
47817 0.000024
47818 0.000023
47819 0.000021
47820 0.000009
47821 0.000025
47822 0.000014
47823 0.000030
47824 0.000019
47825 0.000007
47826 0.000020
47827 0.000009
47828 0.000005
47829 0.000004
47830 0.000013
47831 0.000009
47832 0.000011
47833 0.000029
47834 0.000032
47835 0.000022
47836 0.000023
47837 0.000013
47838 0.000015
47839 0.000009
47840 0.000018
47841 0.000026
47842 0.000043
47843 0.000027
47844 0.000022
47845 0.000039
47846 0.000032
47847 0.000053
47848 0.000054
47849 0.000048
47850 0.000031
47851 0.000025
47852 0.000045
47853 0.000026
47854 0.000018
47855 0.000008
47856 0.000009
47857 0.000036
47858 0.000014
47859 0.000006
47860 0.000013
47861 0.000011
47862 0.000025
47863 0.000015
47864 0.000014
47865 0.000016
47866 0.000018
47867 0.000020
47868 0.000023
47869 0.000016
47870 0.000014
47871 0.000019
47872 0.000014
47873 0.000017
47874 0.000010
47875 0.000005
47876 0.000009
47877 0.000027
47878 0.000015
47879 0.000024
47880 0.000015
47881 0.000006
47882 0.000015
47883 0.000033
47884 0.000030
47885 0.000056
47886 0.000061
47887 0.000028
47888 0.000015
47889 0.000019
47890 0.000011
47891 0.000021
47892 0.000040
47893 0.000015
47894 0.000020
47895 0.000026
47896 0.000031
47897 0.000029
47898 0.000024
47899 0.000022
47900 0.000015
47901 0.000021
47902 0.000053
47903 0.000050
47904 0.000014
47905 0.000012
47906 0.000026
47907 0.000015
47908 0.000028
47909 0.000019
47910 0.000011
47911 0.000020
47912 0.000012
47913 0.000009
47914 0.000013
47915 0.000008
47916 0.000005
47917 0.000020
47918 0.000006
47919 0.000013
47920 0.000014
47921 0.000015
47922 0.000041
47923 0.000023
47924 0.000016
47925 0.000012
47926 0.000019
47927 0.000013
47928 0.000020
47929 0.000015
47930 0.000015
47931 0.000006
47932 0.000008
47933 0.000005
47934 0.000005
47935 0.000017
47936 0.000015
47937 0.000007
47938 0.000015
47939 0.000020
47940 0.000017
47941 0.000007
47942 0.000009
47943 0.000018
47944 0.000013
47945 0.000008
47946 0.000018
47947 0.000013
47948 0.000017
47949 0.000025
47950 0.000034
47951 0.000020
47952 0.000025
47953 0.000039
47954 0.000035
47955 0.000034
47956 0.000010
47957 0.000035
47958 0.000039
47959 0.000037
47960 0.000044
47961 0.000040
47962 0.000041
47963 0.000025
47964 0.000017
47965 0.000025
47966 0.000007
47967 0.000005
47968 0.000005
47969 0.000021
47970 0.000006
47971 0.000014
47972 0.000027
47973 0.000014
47974 0.000007
47975 0.000012
47976 0.000023
47977 0.000017
47978 0.000031
47979 0.000026
47980 0.000016
47981 0.000005
47982 0.000004
47983 0.000007
47984 0.000017
47985 0.000011
47986 0.000009
47987 0.000015
47988 0.000015
47989 0.000033
47990 0.000011
47991 0.000008
47992 0.000021
47993 0.000033
47994 0.000058
47995 0.000020
47996 0.000020
47997 0.000013
47998 0.000006
47999 0.000004
48000 0.000005
48001 0.000007
48002 0.000010
48003 0.000011
48004 0.000011
48005 0.000005
48006 0.000015
48007 0.000009
48008 0.000023
48009 0.000023
48010 0.000013
48011 0.000005
48012 0.000014
48013 0.000016
48014 0.000016
48015 0.000023
48016 0.000010
48017 0.000012
48018 0.000023
48019 0.000039
48020 0.000020
48021 0.000017
48022 0.000010
48023 0.000007
48024 0.000007
48025 0.000008
48026 0.000007
48027 0.000017
48028 0.000013
48029 0.000015
48030 0.000022
48031 0.000025
48032 0.000047
48033 0.000055
48034 0.000051
48035 0.000029
48036 0.000019
48037 0.000021
48038 0.000015
48039 0.000025
48040 0.000019
48041 0.000012
48042 0.000012
48043 0.000013
48044 0.000007
48045 0.000012
48046 0.000007
48047 0.000021
48048 0.000007
48049 0.000006
48050 0.000012
48051 0.000019
48052 0.000008
48053 0.000013
48054 0.000032
48055 0.000012
48056 0.000013
48057 0.000023
48058 0.000031
48059 0.000009
48060 0.000018
48061 0.000009
48062 0.000023
48063 0.000017
48064 0.000016
48065 0.000014
48066 0.000024
48067 0.000015
48068 0.000041
48069 0.000039
48070 0.000011
48071 0.000027
48072 0.000010
48073 0.000014
48074 0.000016
48075 0.000026
48076 0.000014
48077 0.000020
48078 0.000010
48079 0.000005
48080 0.000034
48081 0.000020
48082 0.000036
48083 0.000040
48084 0.000022
48085 0.000026
48086 0.000007
48087 0.000012
48088 0.000013
48089 0.000012
48090 0.000006
48091 0.000005
48092 0.000014
48093 0.000019
48094 0.000011
48095 0.000015
48096 0.000015
48097 0.000009
48098 0.000017
48099 0.000021
48100 0.000036
48101 0.000022
48102 0.000021
48103 0.000014
48104 0.000023
48105 0.000018
48106 0.000032
48107 0.000018
48108 0.000009
48109 0.000020
48110 0.000010
48111 0.000025
48112 0.000017
48113 0.000020
48114 0.000018
48115 0.000007
48116 0.000017
48117 0.000012
48118 0.000018
48119 0.000006
48120 0.000022
48121 0.000046
48122 0.000016
48123 0.000011
48124 0.000006
48125 0.000019
48126 0.000021
48127 0.000033
48128 0.000020
48129 0.000022
48130 0.000010
48131 0.000015
48132 0.000026
48133 0.000022
48134 0.000016
48135 0.000022
48136 0.000016
48137 0.000009
48138 0.000006
48139 0.000023
48140 0.000013
48141 0.000010
48142 0.000028
48143 0.000028
48144 0.000026
48145 0.000012
48146 0.000013
48147 0.000025
48148 0.000011
48149 0.000020
48150 0.000027
48151 0.000015
48152 0.000010
48153 0.000025
48154 0.000013
48155 0.000014
48156 0.000020
48157 0.000021
48158 0.000005
48159 0.000009
48160 0.000015
48161 0.000017
48162 0.000007
48163 0.000014
48164 0.000015
48165 0.000028
48166 0.000037
48167 0.000025
48168 0.000006
48169 0.000031
48170 0.000038
48171 0.000023
48172 0.000013
48173 0.000022
48174 0.000011
48175 0.000009
48176 0.000022
48177 0.000031
48178 0.000033
48179 0.000015
48180 0.000019
48181 0.000014
48182 0.000036
48183 0.000013
48184 0.000024
48185 0.000024
48186 0.000013
48187 0.000024
48188 0.000011
48189 0.000008
48190 0.000018
48191 0.000039
48192 0.000023
48193 0.000036
48194 0.000016
48195 0.000048
48196 0.000023
48197 0.000028
48198 0.000021
48199 0.000012
48200 0.000018
48201 0.000011
48202 0.000014
48203 0.000020
48204 0.000005
48205 0.000006
48206 0.000022
48207 0.000033
48208 0.000016
48209 0.000031
48210 0.000034
48211 0.000023
48212 0.000013
48213 0.000025
48214 0.000020
48215 0.000017
48216 0.000008
48217 0.000038
48218 0.000036
48219 0.000011
48220 0.000009
48221 0.000037
48222 0.000014
48223 0.000009
48224 0.000011
48225 0.000019
48226 0.000024
48227 0.000022
48228 0.000019
48229 0.000014
48230 0.000020
48231 0.000018
48232 0.000015
48233 0.000030
48234 0.000029
48235 0.000039
48236 0.000039
48237 0.000034
48238 0.000030
48239 0.000027
48240 0.000027
48241 0.000014
48242 0.000018
48243 0.000014
48244 0.000015
48245 0.000019
48246 0.000026
48247 0.000016
48248 0.000018
48249 0.000013
48250 0.000010
48251 0.000016
48252 0.000038
48253 0.000040
48254 0.000026
48255 0.000014
48256 0.000014
48257 0.000005
48258 0.000024
48259 0.000010
48260 0.000013
48261 0.000023
48262 0.000013
48263 0.000019
48264 0.000016
48265 0.000011
48266 0.000014
48267 0.000034
48268 0.000020
48269 0.000020
48270 0.000025
48271 0.000034
48272 0.000020
48273 0.000014
48274 0.000040
48275 0.000014
48276 0.000031
48277 0.000019
48278 0.000026
48279 0.000014
48280 0.000029
48281 0.000007
48282 0.000007
48283 0.000018
48284 0.000018
48285 0.000023
48286 0.000010
48287 0.000030
48288 0.000031
48289 0.000012
48290 0.000034
48291 0.000020
48292 0.000021
48293 0.000021
48294 0.000007
48295 0.000005
48296 0.000012
48297 0.000005
48298 0.000016
48299 0.000047
48300 0.000026
48301 0.000029
48302 0.000037
48303 0.000023
48304 0.000013
48305 0.000009
48306 0.000007
48307 0.000031
48308 0.000041
48309 0.000015
48310 0.000027
48311 0.000035
48312 0.000033
48313 0.000009
48314 0.000015
48315 0.000015
48316 0.000026
48317 0.000015
48318 0.000031
48319 0.000025
48320 0.000071
48321 0.000039
48322 0.000014
48323 0.000015
48324 0.000026
48325 0.000012
48326 0.000008
48327 0.000024
48328 0.000013
48329 0.000013
48330 0.000009
48331 0.000012
48332 0.000008
48333 0.000022
48334 0.000018
48335 0.000007
48336 0.000024
48337 0.000028
48338 0.000044
48339 0.000016
48340 0.000006
48341 0.000010
48342 0.000017
48343 0.000016
48344 0.000008
48345 0.000018
48346 0.000016
48347 0.000030
48348 0.000037
48349 0.000037
48350 0.000019
48351 0.000027
48352 0.000025
48353 0.000025
48354 0.000027
48355 0.000016
48356 0.000007
48357 0.000008
48358 0.000021
48359 0.000012
48360 0.000015
48361 0.000020
48362 0.000021
48363 0.000019
48364 0.000016
48365 0.000019
48366 0.000077
48367 0.000030
48368 0.000020
48369 0.000026
48370 0.000017
48371 0.000011
48372 0.000010
48373 0.000014
48374 0.000007
48375 0.000014
48376 0.000021
48377 0.000035
48378 0.000034
48379 0.000020
48380 0.000014
48381 0.000009
48382 0.000019
48383 0.000019
48384 0.000024
48385 0.000028
48386 0.000029
48387 0.000014
48388 0.000009
48389 0.000017
48390 0.000010
48391 0.000020
48392 0.000010
48393 0.000015
48394 0.000017
48395 0.000009
48396 0.000013
48397 0.000019
48398 0.000027
48399 0.000026
48400 0.000040
48401 0.000011
48402 0.000021
48403 0.000017
48404 0.000016
48405 0.000022
48406 0.000022
48407 0.000009
48408 0.000016
48409 0.000019
48410 0.000021
48411 0.000023
48412 0.000026
48413 0.000017
48414 0.000033
48415 0.000028
48416 0.000013
48417 0.000019
48418 0.000024
48419 0.000030
48420 0.000046
48421 0.000056
48422 0.000013
48423 0.000007
48424 0.000022
48425 0.000011
48426 0.000018
48427 0.000029
48428 0.000023
48429 0.000042
48430 0.000054
48431 0.000075
48432 0.000027
48433 0.000008
48434 0.000034
48435 0.000011
48436 0.000028
48437 0.000027
48438 0.000026
48439 0.000017
48440 0.000017
48441 0.000010
48442 0.000024
48443 0.000013
48444 0.000011
48445 0.000021
48446 0.000039
48447 0.000019
48448 0.000021
48449 0.000019
48450 0.000008
48451 0.000005
48452 0.000005
48453 0.000027
48454 0.000022
48455 0.000031
48456 0.000026
48457 0.000013
48458 0.000043
48459 0.000027
48460 0.000026
48461 0.000020
48462 0.000010
48463 0.000017
48464 0.000010
48465 0.000015
48466 0.000016
48467 0.000012
48468 0.000021
48469 0.000015
48470 0.000010
48471 0.000021
48472 0.000008
48473 0.000005
48474 0.000006
48475 0.000022
48476 0.000014
48477 0.000012
48478 0.000014
48479 0.000015
48480 0.000033
48481 0.000018
48482 0.000007
48483 0.000013
48484 0.000010
48485 0.000035
48486 0.000036
48487 0.000044
48488 0.000028
48489 0.000047
48490 0.000023
48491 0.000013
48492 0.000007
48493 0.000007
48494 0.000026
48495 0.000019
48496 0.000022
48497 0.000018
48498 0.000018
48499 0.000017
48500 0.000017
48501 0.000013
48502 0.000009
48503 0.000017
48504 0.000011
48505 0.000006
48506 0.000022
48507 0.000015
48508 0.000012
48509 0.000016
48510 0.000028
48511 0.000016
48512 0.000024
48513 0.000014
48514 0.000024
48515 0.000022
48516 0.000025
48517 0.000014
48518 0.000017
48519 0.000013
48520 0.000021
48521 0.000012
48522 0.000008
48523 0.000027
48524 0.000014
48525 0.000030
48526 0.000023
48527 0.000031
48528 0.000012
48529 0.000024
48530 0.000021
48531 0.000037
48532 0.000024
48533 0.000029
48534 0.000014
48535 0.000022
48536 0.000016
48537 0.000024
48538 0.000026
48539 0.000024
48540 0.000013
48541 0.000008
48542 0.000025
48543 0.000020
48544 0.000018
48545 0.000016
48546 0.000020
48547 0.000016
48548 0.000010
48549 0.000027
48550 0.000027
48551 0.000032
48552 0.000027
48553 0.000020
48554 0.000019
48555 0.000014
48556 0.000029
48557 0.000008
48558 0.000018
48559 0.000023
48560 0.000021
48561 0.000019
48562 0.000021
48563 0.000014
48564 0.000016
48565 0.000044
48566 0.000019
48567 0.000011
48568 0.000021
48569 0.000012
48570 0.000005
48571 0.000015
48572 0.000020
48573 0.000016
48574 0.000016
48575 0.000020
48576 0.000018
48577 0.000027
48578 0.000018
48579 0.000038
48580 0.000025
48581 0.000012
48582 0.000009
48583 0.000006
48584 0.000011
48585 0.000031
48586 0.000014
48587 0.000009
48588 0.000006
48589 0.000010
48590 0.000019
48591 0.000010
48592 0.000016
48593 0.000026
48594 0.000028
48595 0.000006
48596 0.000020
48597 0.000020
48598 0.000017
48599 0.000014
48600 0.000013
48601 0.000024
48602 0.000018
48603 0.000026
48604 0.000008
48605 0.000018
48606 0.000028
48607 0.000015
48608 0.000016
48609 0.000020
48610 0.000007
48611 0.000018
48612 0.000015
48613 0.000017
48614 0.000029
48615 0.000018
48616 0.000021
48617 0.000017
48618 0.000014
48619 0.000024
48620 0.000020
48621 0.000009
48622 0.000006
48623 0.000012
48624 0.000016
48625 0.000045
48626 0.000021
48627 0.000021
48628 0.000026
48629 0.000014
48630 0.000024
48631 0.000029
48632 0.000020
48633 0.000012
48634 0.000012
48635 0.000021
48636 0.000012
48637 0.000011
48638 0.000025
48639 0.000014
48640 0.000023
48641 0.000018
48642 0.000012
48643 0.000024
48644 0.000008
48645 0.000014
48646 0.000009
48647 0.000017
48648 0.000013
48649 0.000015
48650 0.000019
48651 0.000006
48652 0.000041
48653 0.000008
48654 0.000024
48655 0.000021
48656 0.000020
48657 0.000014
48658 0.000009
48659 0.000011
48660 0.000008
48661 0.000007
48662 0.000015
48663 0.000007
48664 0.000011
48665 0.000015
48666 0.000027
48667 0.000028
48668 0.000016
48669 0.000015
48670 0.000018
48671 0.000026
48672 0.000019
48673 0.000011
48674 0.000016
48675 0.000042
48676 0.000040
48677 0.000052
48678 0.000042
48679 0.000042
48680 0.000031
48681 0.000022
48682 0.000044
48683 0.000034
48684 0.000018
48685 0.000020
48686 0.000009
48687 0.000019
48688 0.000016
48689 0.000019
48690 0.000015
48691 0.000006
48692 0.000014
48693 0.000018
48694 0.000021
48695 0.000020
48696 0.000024
48697 0.000018
48698 0.000008
48699 0.000014
48700 0.000006
48701 0.000016
48702 0.000024
48703 0.000011
48704 0.000014
48705 0.000015
48706 0.000034
48707 0.000038
48708 0.000032
48709 0.000029
48710 0.000015
48711 0.000022
48712 0.000037
48713 0.000039
48714 0.000030
48715 0.000021
48716 0.000026
48717 0.000008
48718 0.000012
48719 0.000009
48720 0.000008
48721 0.000011
48722 0.000019
48723 0.000013
48724 0.000027
48725 0.000037
48726 0.000015
48727 0.000023
48728 0.000013
48729 0.000022
48730 0.000016
48731 0.000022
48732 0.000023
48733 0.000013
48734 0.000027
48735 0.000048
48736 0.000025
48737 0.000031
48738 0.000014
48739 0.000023
48740 0.000020
48741 0.000014
48742 0.000023
48743 0.000026
48744 0.000024
48745 0.000032
48746 0.000045
48747 0.000021
48748 0.000039
48749 0.000020
48750 0.000020
48751 0.000016
48752 0.000009
48753 0.000018
48754 0.000041
48755 0.000019
48756 0.000019
48757 0.000010
48758 0.000007
48759 0.000019
48760 0.000014
48761 0.000023
48762 0.000018
48763 0.000034
48764 0.000018
48765 0.000013
48766 0.000014
48767 0.000021
48768 0.000012
48769 0.000016
48770 0.000014
48771 0.000024
48772 0.000027
48773 0.000028
48774 0.000020
48775 0.000013
48776 0.000013
48777 0.000013
48778 0.000025
48779 0.000007
48780 0.000023
48781 0.000054
48782 0.000026
48783 0.000011
48784 0.000010
48785 0.000016
48786 0.000012
48787 0.000012
48788 0.000013
48789 0.000027
48790 0.000054
48791 0.000025
48792 0.000013
48793 0.000011
48794 0.000011
48795 0.000009
48796 0.000011
48797 0.000015
48798 0.000024
48799 0.000018
48800 0.000009
48801 0.000005
48802 0.000010
48803 0.000017
48804 0.000025
48805 0.000023
48806 0.000009
48807 0.000010
48808 0.000016
48809 0.000009
48810 0.000017
48811 0.000014
48812 0.000012
48813 0.000053
48814 0.000026
48815 0.000030
48816 0.000043
48817 0.000027
48818 0.000039
48819 0.000018
48820 0.000039
48821 0.000027
48822 0.000020
48823 0.000019
48824 0.000016
48825 0.000013
48826 0.000014
48827 0.000007
48828 0.000009
48829 0.000010
48830 0.000006
48831 0.000004
48832 0.000005
48833 0.000014
48834 0.000027
48835 0.000013
48836 0.000007
48837 0.000016
48838 0.000014
48839 0.000027
48840 0.000041
48841 0.000023
48842 0.000019
48843 0.000012
48844 0.000045
48845 0.000019
48846 0.000021
48847 0.000023
48848 0.000020
48849 0.000020
48850 0.000019
48851 0.000028
48852 0.000019
48853 0.000008
48854 0.000014
48855 0.000007
48856 0.000006
48857 0.000008
48858 0.000015
48859 0.000008
48860 0.000007
48861 0.000023
48862 0.000021
48863 0.000018
48864 0.000018
48865 0.000014
48866 0.000020
48867 0.000013
48868 0.000018
48869 0.000030
48870 0.000032
48871 0.000014
48872 0.000014
48873 0.000016
48874 0.000029
48875 0.000013
48876 0.000012
48877 0.000007
48878 0.000005
48879 0.000006
48880 0.000011
48881 0.000023
48882 0.000037
48883 0.000028
48884 0.000013
48885 0.000013
48886 0.000015
48887 0.000013
48888 0.000030
48889 0.000013
48890 0.000010
48891 0.000011
48892 0.000024
48893 0.000012
48894 0.000014
48895 0.000020
48896 0.000016
48897 0.000019
48898 0.000016
48899 0.000040
48900 0.000023
48901 0.000006
48902 0.000020
48903 0.000036
48904 0.000018
48905 0.000008
48906 0.000006
48907 0.000023
48908 0.000010
48909 0.000007
48910 0.000028
48911 0.000033
48912 0.000015
48913 0.000028
48914 0.000017
48915 0.000006
48916 0.000017
48917 0.000025
48918 0.000014
48919 0.000023
48920 0.000020
48921 0.000018
48922 0.000007
48923 0.000005
48924 0.000028
48925 0.000062
48926 0.000013
48927 0.000020
48928 0.000030
48929 0.000022
48930 0.000016
48931 0.000010
48932 0.000020
48933 0.000035
48934 0.000023
48935 0.000021
48936 0.000039
48937 0.000019
48938 0.000015
48939 0.000018
48940 0.000028
48941 0.000024
48942 0.000026
48943 0.000045
48944 0.000015
48945 0.000011
48946 0.000017
48947 0.000019
48948 0.000017
48949 0.000013
48950 0.000011
48951 0.000010
48952 0.000029
48953 0.000031
48954 0.000023
48955 0.000016
48956 0.000028
48957 0.000027
48958 0.000017
48959 0.000019
48960 0.000011
48961 0.000016
48962 0.000015
48963 0.000006
48964 0.000017
48965 0.000020
48966 0.000015
48967 0.000017
48968 0.000021
48969 0.000012
48970 0.000006
48971 0.000011
48972 0.000013
48973 0.000007
48974 0.000020
48975 0.000026
48976 0.000019
48977 0.000031
48978 0.000054
48979 0.000049
48980 0.000026
48981 0.000013
48982 0.000007
48983 0.000007
48984 0.000019
48985 0.000014
48986 0.000046
48987 0.000013
48988 0.000010
48989 0.000012
48990 0.000013
48991 0.000022
48992 0.000006
48993 0.000008
48994 0.000016
48995 0.000021
48996 0.000038
48997 0.000017
48998 0.000008
48999 0.000007
49000 0.000009
49001 0.000009
49002 0.000005
49003 0.000005
49004 0.000016
49005 0.000017
49006 0.000027
49007 0.000032
49008 0.000021
49009 0.000019
49010 0.000013
49011 0.000011
49012 0.000020
49013 0.000016
49014 0.000018
49015 0.000014
49016 0.000034
49017 0.000009
49018 0.000011
49019 0.000012
49020 0.000014
49021 0.000015
49022 0.000019
49023 0.000027
49024 0.000014
49025 0.000019
49026 0.000014
49027 0.000014
49028 0.000023
49029 0.000017
49030 0.000010
49031 0.000007
49032 0.000013
49033 0.000015
49034 0.000019
49035 0.000011
49036 0.000008
49037 0.000017
49038 0.000017
49039 0.000014
49040 0.000016
49041 0.000014
49042 0.000007
49043 0.000009
49044 0.000018
49045 0.000021
49046 0.000047
49047 0.000015
49048 0.000021
49049 0.000028
49050 0.000039
49051 0.000037
49052 0.000033
49053 0.000021
49054 0.000034
49055 0.000016
49056 0.000020
49057 0.000031
49058 0.000043
49059 0.000008
49060 0.000006
49061 0.000011
49062 0.000013
49063 0.000009
49064 0.000009
49065 0.000026
49066 0.000015
49067 0.000022
49068 0.000008
49069 0.000014
49070 0.000015
49071 0.000027
49072 0.000025
49073 0.000017
49074 0.000026
49075 0.000038
49076 0.000014
49077 0.000045
49078 0.000027
49079 0.000020
49080 0.000014
49081 0.000018
49082 0.000019
49083 0.000053
49084 0.000018
49085 0.000021
49086 0.000039
49087 0.000018
49088 0.000013
49089 0.000014
49090 0.000011
49091 0.000005
49092 0.000018
49093 0.000036
49094 0.000022
49095 0.000033
49096 0.000034
49097 0.000010
49098 0.000007
49099 0.000006
49100 0.000013
49101 0.000026
49102 0.000021
49103 0.000016
49104 0.000015
49105 0.000016
49106 0.000038
49107 0.000011
49108 0.000018
49109 0.000012
49110 0.000015
49111 0.000024
49112 0.000021
49113 0.000009
49114 0.000017
49115 0.000020
49116 0.000020
49117 0.000032
49118 0.000028
49119 0.000015
49120 0.000033
49121 0.000043
49122 0.000015
49123 0.000022
49124 0.000015
49125 0.000016
49126 0.000021
49127 0.000024
49128 0.000029
49129 0.000029
49130 0.000014
49131 0.000006
49132 0.000020
49133 0.000007
49134 0.000009
49135 0.000011
49136 0.000016
49137 0.000006
49138 0.000007
49139 0.000014
49140 0.000023
49141 0.000012
49142 0.000014
49143 0.000023
49144 0.000013
49145 0.000025
49146 0.000035
49147 0.000019
49148 0.000007
49149 0.000012
49150 0.000022
49151 0.000024
49152 0.000025
49153 0.000024
49154 0.000010
49155 0.000010
49156 0.000019
49157 0.000017
49158 0.000027
49159 0.000014
49160 0.000009
49161 0.000011
49162 0.000015
49163 0.000033
49164 0.000018
49165 0.000019
49166 0.000013
49167 0.000007
49168 0.000012
49169 0.000015
49170 0.000020
49171 0.000015
49172 0.000018
49173 0.000020
49174 0.000026
49175 0.000018
49176 0.000024
49177 0.000013
49178 0.000021
49179 0.000012
49180 0.000008
49181 0.000006
49182 0.000013
49183 0.000044
49184 0.000032
49185 0.000048
49186 0.000048
49187 0.000028
49188 0.000029
49189 0.000027
49190 0.000017
49191 0.000018
49192 0.000018
49193 0.000008
49194 0.000015
49195 0.000022
49196 0.000014
49197 0.000012
49198 0.000022
49199 0.000017
49200 0.000030
49201 0.000036
49202 0.000025
49203 0.000020
49204 0.000009
49205 0.000017
49206 0.000020
49207 0.000007
49208 0.000007
49209 0.000028
49210 0.000020
49211 0.000034
49212 0.000034
49213 0.000025
49214 0.000034
49215 0.000024
49216 0.000027
49217 0.000022
49218 0.000068
49219 0.000025
49220 0.000019
49221 0.000011
49222 0.000010
49223 0.000006
49224 0.000010
49225 0.000009
49226 0.000011
49227 0.000022
49228 0.000011
49229 0.000010
49230 0.000023
49231 0.000016
49232 0.000010
49233 0.000007
49234 0.000004
49235 0.000008
49236 0.000011
49237 0.000014
49238 0.000016
49239 0.000010
49240 0.000007
49241 0.000012
49242 0.000019
49243 0.000022
49244 0.000024
49245 0.000018
49246 0.000016
49247 0.000036
49248 0.000024
49249 0.000010
49250 0.000025
49251 0.000035
49252 0.000028
49253 0.000032
49254 0.000025
49255 0.000028
49256 0.000043
49257 0.000065
49258 0.000024
49259 0.000025
49260 0.000023
49261 0.000017
49262 0.000007
49263 0.000024
49264 0.000012
49265 0.000010
49266 0.000023
49267 0.000028
49268 0.000011
49269 0.000017
49270 0.000018
49271 0.000013
49272 0.000015
49273 0.000021
49274 0.000016
49275 0.000021
49276 0.000022
49277 0.000014
49278 0.000014
49279 0.000016
49280 0.000008
49281 0.000012
49282 0.000008
49283 0.000010
49284 0.000018
49285 0.000017
49286 0.000037
49287 0.000024
49288 0.000032
49289 0.000014
49290 0.000014
49291 0.000011
49292 0.000022
49293 0.000026
49294 0.000009
49295 0.000008
49296 0.000029
49297 0.000047
49298 0.000028
49299 0.000009
49300 0.000020
49301 0.000016
49302 0.000027
49303 0.000037
49304 0.000028
49305 0.000013
49306 0.000021
49307 0.000030
49308 0.000020
49309 0.000013
49310 0.000022
49311 0.000011
49312 0.000039
49313 0.000053
49314 0.000025
49315 0.000035
49316 0.000018
49317 0.000029
49318 0.000021
49319 0.000040
49320 0.000029
49321 0.000021
49322 0.000018
49323 0.000022
49324 0.000012
49325 0.000013
49326 0.000025
49327 0.000015
49328 0.000021
49329 0.000017
49330 0.000015
49331 0.000014
49332 0.000017
49333 0.000023
49334 0.000013
49335 0.000040
49336 0.000044
49337 0.000010
49338 0.000027
49339 0.000037
49340 0.000040
49341 0.000024
49342 0.000023
49343 0.000013
49344 0.000017
49345 0.000016
49346 0.000019
49347 0.000015
49348 0.000029
49349 0.000009
49350 0.000011
49351 0.000012
49352 0.000014
49353 0.000024
49354 0.000025
49355 0.000014
49356 0.000021
49357 0.000026
49358 0.000031
49359 0.000016
49360 0.000023
49361 0.000034
49362 0.000042
49363 0.000032
49364 0.000025
49365 0.000014
49366 0.000022
49367 0.000018
49368 0.000017
49369 0.000012
49370 0.000013
49371 0.000013
49372 0.000024
49373 0.000013
49374 0.000015
49375 0.000015
49376 0.000006
49377 0.000010
49378 0.000015
49379 0.000023
49380 0.000017
49381 0.000032
49382 0.000035
49383 0.000038
49384 0.000021
49385 0.000021
49386 0.000036
49387 0.000021
49388 0.000022
49389 0.000014
49390 0.000033
49391 0.000022
49392 0.000026
49393 0.000033
49394 0.000016
49395 0.000043
49396 0.000024
49397 0.000010
49398 0.000034
49399 0.000013
49400 0.000015
49401 0.000037
49402 0.000041
49403 0.000015
49404 0.000011
49405 0.000015
49406 0.000013
49407 0.000008
49408 0.000009
49409 0.000011
49410 0.000010
49411 0.000018
49412 0.000025
49413 0.000029
49414 0.000027
49415 0.000020
49416 0.000017
49417 0.000023
49418 0.000024
49419 0.000016
49420 0.000010
49421 0.000022
49422 0.000029
49423 0.000010
49424 0.000037
49425 0.000021
49426 0.000032
49427 0.000032
49428 0.000033
49429 0.000021
49430 0.000012
49431 0.000006
49432 0.000007
49433 0.000011
49434 0.000034
49435 0.000024
49436 0.000022
49437 0.000038
49438 0.000026
49439 0.000042
49440 0.000023
49441 0.000028
49442 0.000009
49443 0.000006
49444 0.000013
49445 0.000031
49446 0.000029
49447 0.000019
49448 0.000013
49449 0.000019
49450 0.000027
49451 0.000038
49452 0.000053
49453 0.000027
49454 0.000041
49455 0.000030
49456 0.000028
49457 0.000028
49458 0.000012
49459 0.000022
49460 0.000040
49461 0.000020
49462 0.000034
49463 0.000013
49464 0.000017
49465 0.000010
49466 0.000018
49467 0.000033
49468 0.000039
49469 0.000036
49470 0.000018
49471 0.000026
49472 0.000010
49473 0.000022
49474 0.000014
49475 0.000015
49476 0.000017
49477 0.000022
49478 0.000011
49479 0.000030
49480 0.000019
49481 0.000020
49482 0.000026
49483 0.000022
49484 0.000012
49485 0.000024
49486 0.000029
49487 0.000009
49488 0.000045
49489 0.000014
49490 0.000012
49491 0.000008
49492 0.000004
49493 0.000020
49494 0.000013
49495 0.000005
49496 0.000028
49497 0.000007
49498 0.000021
49499 0.000019
49500 0.000036
49501 0.000028
49502 0.000029
49503 0.000018
49504 0.000015
49505 0.000009
49506 0.000015
49507 0.000006
49508 0.000014
49509 0.000024
49510 0.000025
49511 0.000017
49512 0.000016
49513 0.000011
49514 0.000016
49515 0.000019
49516 0.000033
49517 0.000028
49518 0.000031
49519 0.000019
49520 0.000021
49521 0.000038
49522 0.000049
49523 0.000031
49524 0.000035
49525 0.000024
49526 0.000017
49527 0.000020
49528 0.000035
49529 0.000019
49530 0.000048
49531 0.000026
49532 0.000046
49533 0.000057
49534 0.000030
49535 0.000050
49536 0.000031
49537 0.000013
49538 0.000006
49539 0.000004
49540 0.000025
49541 0.000043
49542 0.000021
49543 0.000009
49544 0.000011
49545 0.000008
49546 0.000017
49547 0.000008
49548 0.000015
49549 0.000011
49550 0.000020
49551 0.000016
49552 0.000025
49553 0.000012
49554 0.000022
49555 0.000019
49556 0.000010
49557 0.000012
49558 0.000011
49559 0.000035
49560 0.000038
49561 0.000014
49562 0.000014
49563 0.000009
49564 0.000027
49565 0.000009
49566 0.000017
49567 0.000007
49568 0.000013
49569 0.000007
49570 0.000007
49571 0.000016
49572 0.000011
49573 0.000013
49574 0.000023
49575 0.000014
49576 0.000019
49577 0.000014
49578 0.000007
49579 0.000010
49580 0.000021
49581 0.000036
49582 0.000036
49583 0.000034
49584 0.000026
49585 0.000013
49586 0.000014
49587 0.000015
49588 0.000021
49589 0.000012
49590 0.000018
49591 0.000023
49592 0.000028
49593 0.000008
49594 0.000012
49595 0.000014
49596 0.000014
49597 0.000019
49598 0.000017
49599 0.000010
49600 0.000012
49601 0.000017
49602 0.000008
49603 0.000009
49604 0.000010
49605 0.000017
49606 0.000011
49607 0.000015
49608 0.000010
49609 0.000018
49610 0.000023
49611 0.000015
49612 0.000007
49613 0.000013
49614 0.000023
49615 0.000023
49616 0.000012
49617 0.000014
49618 0.000020
49619 0.000012
49620 0.000017
49621 0.000011
49622 0.000019
49623 0.000007
49624 0.000007
49625 0.000016
49626 0.000034
49627 0.000034
49628 0.000013
49629 0.000041
49630 0.000019
49631 0.000011
49632 0.000016
49633 0.000014
49634 0.000034
49635 0.000035
49636 0.000040
49637 0.000020
49638 0.000018
49639 0.000031
49640 0.000025
49641 0.000017
49642 0.000021
49643 0.000036
49644 0.000028
49645 0.000011
49646 0.000017
49647 0.000008
49648 0.000008
49649 0.000020
49650 0.000026
49651 0.000022
49652 0.000014
49653 0.000021
49654 0.000021
49655 0.000025
49656 0.000014
49657 0.000015
49658 0.000015
49659 0.000016
49660 0.000010
49661 0.000005
49662 0.000023
49663 0.000017
49664 0.000012
49665 0.000014
49666 0.000018
49667 0.000028
49668 0.000026
49669 0.000015
49670 0.000026
49671 0.000014
49672 0.000016
49673 0.000017
49674 0.000020
49675 0.000020
49676 0.000014
49677 0.000016
49678 0.000010
49679 0.000012
49680 0.000014
49681 0.000018
49682 0.000011
49683 0.000015
49684 0.000033
49685 0.000026
49686 0.000029
49687 0.000021
49688 0.000021
49689 0.000029
49690 0.000009
49691 0.000011
49692 0.000012
49693 0.000023
49694 0.000023
49695 0.000023
49696 0.000011
49697 0.000020
49698 0.000013
49699 0.000023
49700 0.000016
49701 0.000015
49702 0.000018
49703 0.000013
49704 0.000013
49705 0.000008
49706 0.000014
49707 0.000021
49708 0.000016
49709 0.000036
49710 0.000016
49711 0.000016
49712 0.000010
49713 0.000004
49714 0.000004
49715 0.000021
49716 0.000038
49717 0.000028
49718 0.000022
49719 0.000014
49720 0.000014
49721 0.000024
49722 0.000027
49723 0.000048
49724 0.000038
49725 0.000023
49726 0.000008
49727 0.000010
49728 0.000008
49729 0.000010
49730 0.000014
49731 0.000011
49732 0.000011
49733 0.000015
49734 0.000042
49735 0.000016
49736 0.000026
49737 0.000009
49738 0.000028
49739 0.000011
49740 0.000008
49741 0.000024
49742 0.000029
49743 0.000019
49744 0.000014
49745 0.000006
49746 0.000043
49747 0.000023
49748 0.000010
49749 0.000007
49750 0.000010
49751 0.000013
49752 0.000020
49753 0.000016
49754 0.000018
49755 0.000008
49756 0.000011
49757 0.000012
49758 0.000032
49759 0.000022
49760 0.000010
49761 0.000020
49762 0.000017
49763 0.000008
49764 0.000016
49765 0.000013
49766 0.000023
49767 0.000013
49768 0.000015
49769 0.000026
49770 0.000037
49771 0.000029
49772 0.000041
49773 0.000036
49774 0.000026
49775 0.000025
49776 0.000008
49777 0.000015
49778 0.000016
49779 0.000020
49780 0.000025
49781 0.000020
49782 0.000009
49783 0.000015
49784 0.000020
49785 0.000014
49786 0.000025
49787 0.000023
49788 0.000010
49789 0.000014
49790 0.000021
49791 0.000007
49792 0.000016
49793 0.000021
49794 0.000015
49795 0.000016
49796 0.000007
49797 0.000010
49798 0.000011
49799 0.000008
49800 0.000019
49801 0.000016
49802 0.000035
49803 0.000018
49804 0.000024
49805 0.000007
49806 0.000020
49807 0.000020
49808 0.000010
49809 0.000018
49810 0.000020
49811 0.000031
49812 0.000049
49813 0.000058
49814 0.000034
49815 0.000017
49816 0.000013
49817 0.000008
49818 0.000025
49819 0.000035
49820 0.000031
49821 0.000024
49822 0.000010
49823 0.000023
49824 0.000032
49825 0.000017
49826 0.000010
49827 0.000010
49828 0.000022
49829 0.000012
49830 0.000019
49831 0.000008
49832 0.000015
49833 0.000011
49834 0.000019
49835 0.000028
49836 0.000011
49837 0.000022
49838 0.000021
49839 0.000020
49840 0.000020
49841 0.000006
49842 0.000021
49843 0.000022
49844 0.000021
49845 0.000022
49846 0.000029
49847 0.000024
49848 0.000028
49849 0.000018
49850 0.000011
49851 0.000027
49852 0.000042
49853 0.000021
49854 0.000063
49855 0.000029
49856 0.000042
49857 0.000036
49858 0.000033
49859 0.000017
49860 0.000026
49861 0.000027
49862 0.000011
49863 0.000014
49864 0.000037
49865 0.000034
49866 0.000043
49867 0.000021
49868 0.000012
49869 0.000008
49870 0.000010
49871 0.000009
49872 0.000005
49873 0.000020
49874 0.000028
49875 0.000008
49876 0.000006
49877 0.000012
49878 0.000015
49879 0.000006
49880 0.000009
49881 0.000010
49882 0.000015
49883 0.000030
49884 0.000015
49885 0.000009
49886 0.000032
49887 0.000030
49888 0.000016
49889 0.000015
49890 0.000006
49891 0.000016
49892 0.000009
49893 0.000017
49894 0.000029
49895 0.000033
49896 0.000019
49897 0.000033
49898 0.000015
49899 0.000014
49900 0.000007
49901 0.000009
49902 0.000007
49903 0.000007
49904 0.000004
49905 0.000007
49906 0.000009
49907 0.000023
49908 0.000022
49909 0.000034
49910 0.000021
49911 0.000019
49912 0.000014
49913 0.000012
49914 0.000018
49915 0.000013
49916 0.000014
49917 0.000006
49918 0.000012
49919 0.000021
49920 0.000034
49921 0.000017
49922 0.000046
49923 0.000017
49924 0.000018
49925 0.000007
49926 0.000012
49927 0.000032
49928 0.000026
49929 0.000022
49930 0.000037
49931 0.000018
49932 0.000019
49933 0.000023
49934 0.000033
49935 0.000026
49936 0.000014
49937 0.000016
49938 0.000012
49939 0.000007
49940 0.000022
49941 0.000029
49942 0.000016
49943 0.000020
49944 0.000032
49945 0.000020
49946 0.000011
49947 0.000014
49948 0.000012
49949 0.000029
49950 0.000011
49951 0.000009
49952 0.000023
49953 0.000021
49954 0.000007
49955 0.000014
49956 0.000016
49957 0.000026
49958 0.000028
49959 0.000016
49960 0.000010
49961 0.000010
49962 0.000005
49963 0.000012
49964 0.000010
49965 0.000013
49966 0.000019
49967 0.000011
49968 0.000014
49969 0.000015
49970 0.000007
49971 0.000026
49972 0.000014
49973 0.000024
49974 0.000015
49975 0.000020
49976 0.000012
49977 0.000013
49978 0.000007
49979 0.000004
49980 0.000045
49981 0.000016
49982 0.000027
49983 0.000022
49984 0.000017
49985 0.000023
49986 0.000012
49987 0.000011
49988 0.000019
49989 0.000010
49990 0.000036
49991 0.000018
49992 0.000011
49993 0.000016
49994 0.000012
49995 0.000025
49996 0.000011
49997 0.000011
49998 0.000015
49999 0.000016
Sum of ranks: 1.000000
Iterations: 15
Converged: true
Execution time: 72.2950 ms
