Algorithm: Kruskal's MST
MST edges:
31 49202 1
93 183 1
139 1467 1
306 10247 1
340 9694 1
658 14557 1
679 10583 1
921 14219 1
924 30898 1
977 1447 1
1157 1985 1
1291 5000 1
1327 16463 1
1761 45989 1
2217 3649 1
2304 34284 1
2449 16284 1
2625 24529 1
2699 14151 1
3005 21879 1
3127 11769 1
3418 19596 1
3817 6863 1
3889 7550 1
3891 28005 1
4031 8287 1
4073 5699 1
4658 10090 1
4849 48315 1
5005 6447 1
5230 18237 1
5806 12816 1
6600 21184 1
6651 45030 1
6691 6874 1
6701 23196 1
6823 15095 1
7046 25618 1
7255 40322 1
8610 23116 1
8825 26799 1
8988 36237 1
9338 32841 1
9837 45830 1
11115 29657 1
11128 41644 1
11327 15666 1
11336 48429 1
11774 15480 1
12542 32394 1
12885 39254 1
13133 46684 1
13410 25878 1
14014 23855 1
14112 44972 1
14668 46836 1
14950 22528 1
15074 43533 1
15255 42991 1
15426 25675 1
16100 48823 1
16457 34754 1
16798 36784 1
16946 47988 1
17739 43791 1
18292 32050 1
18363 36247 1
18485 26338 1
18534 39445 1
19015 25716 1
19691 25950 1
19864 35704 1
19943 22723 1
20068 35843 1
20098 39054 1
20704 25293 1
20854 34899 1
21113 21197 1
21207 36037 1
21775 30076 1
21820 27443 1
22846 24481 1
24703 41929 1
24873 27309 1
25158 28895 1
26115 28191 1
26954 45794 1
27175 36231 1
27273 45855 1
27554 44652 1
28586 38950 1
29528 40938 1
29610 34559 1
30591 34122 1
30885 33787 1
31119 38364 1
32042 37792 1
32229 39143 1
32252 44048 1
33582 38370 1
36657 45983 1
38905 49276 1
42334 48469 1
5 7369 2
240 436 2
407 7237 2
628 32800 2
804 7517 2
928 24213 2
1062 9145 2
1073 4019 2
1305 1317 2
1395 24502 2
1945 16602 2
1959 2055 2
2327 38481 2
2370 3858 2
2401 10181 2
2538 46199 2
2602 3733 2
2800 47043 2
3258 7132 2
3555 4686 2
3777 17012 2
3900 44556 2
3976 7108 2
4193 47221 2
4207 36509 2
4261 24301 2
4520 12144 2
4561 5574 2
4785 7471 2
4856 46901 2
4966 25325 2
5682 20499 2
6036 43774 2
6342 10515 2
6361 29999 2
6576 10064 2
6761 26434 2
6869 13848 2
7663 8320 2
7724 42047 2
8065 12274 2
8177 39160 2
8270 10236 2
9558 40813 2
9612 39921 2
10234 18319 2
10903 43254 2
11951 16981 2
13288 43378 2
14000 21561 2
14292 24474 2
15248 35417 2
15307 26996 2
15490 20369 2
15552 48084 2
16009 18218 2
16387 23153 2
17016 35034 2
17457 33973 2
17549 28128 2
18306 27507 2
18388 35376 2
19061 31380 2
19844 44495 2
20932 42196 2
21639 45054 2
21959 22543 2
22820 26597 2
23203 42444 2
24259 32784 2
24953 42796 2
25660 32664 2
26191 44174 2
26658 29087 2
27061 37652 2
28786 37113 2
29341 29691 2
31230 49568 2
33262 34419 2
35593 46089 2
40524 47743 2
42047 43168 2
45781 47178 2
261 3577 3
276 6242 3
463 6534 3
513 12877 3
698 14208 3
796 1599 3
871 17234 3
924 25629 3
970 5949 3
1147 13527 3
1308 10641 3
1391 42758 3
1618 32110 3
1725 44459 3
1760 11750 3
1961 20531 3
2253 45663 3
2472 19530 3
2578 44756 3
3130 4733 3
3169 9867 3
3289 32577 3
3564 10364 3
3660 6351 3
3854 16821 3
4061 45776 3
4223 19774 3
4363 15510 3
4519 7932 3
4658 19498 3
4717 17575 3
4767 15048 3
4908 7253 3
5773 48564 3
6992 8209 3
7157 16205 3
7504 17347 3
7875 17910 3
8245 38528 3
8937 26244 3
9102 32090 3
9517 42526 3
9605 39501 3
9668 21389 3
9807 39442 3
9923 49620 3
10444 42408 3
11370 29794 3
11774 40709 3
12448 15521 3
12520 33325 3
13299 17066 3
13389 21892 3
13743 31868 3
14819 16603 3
15121 34042 3
15289 41826 3
15498 42450 3
16025 48025 3
16754 34910 3
17046 18046 3
18741 29872 3
20572 35202 3
22652 29260 3
22663 28793 3
25536 41560 3
27380 38400 3
27477 42031 3
28444 40920 3
29386 48552 3
30465 36373 3
30778 39491 3
31188 45603 3
31298 33632 3
32246 42056 3
33517 39577 3
33840 37625 3
35306 48897 3
35515 37667 3
40360 45503 3
43089 49689 3
47323 48005 3
163 1115 4
204 17590 4
408 1483 4
443 1209 4
500 49770 4
535 950 4
545 42130 4
639 4101 4
1135 30364 4
1171 39418 4
1252 7071 4
1861 2542 4
1905 14669 4
1983 29341 4
2115 16324 4
2323 12544 4
2481 29974 4
2516 41181 4
3209 43089 4
3307 8567 4
3428 9233 4
4693 14264 4
4787 5439 4
5553 25725 4
5589 43191 4
5781 10226 4
6042 16896 4
7146 22953 4
7836 8474 4
7926 30034 4
7992 16849 4
8049 14605 4
8843 15246 4
8868 29438 4
9292 37257 4
9681 13542 4
10298 18888 4
10302 44733 4
10629 13539 4
10834 25311 4
10922 41593 4
11420 21818 4
11508 13944 4
11629 31912 4
12255 49821 4
12448 16181 4
12818 13000 4
12924 40639 4
12965 32125 4
13805 15599 4
14567 27254 4
14870 28571 4
14979 29030 4
16580 44210 4
16767 22790 4
17715 38518 4
17767 20437 4
18348 25240 4
18728 22085 4
18847 37692 4
19244 19332 4
20118 21862 4
20381 21981 4
21509 38856 4
22172 37677 4
22285 47359 4
22632 23772 4
22909 43318 4
23067 40965 4
24022 25682 4
25732 46804 4
26866 40798 4
27383 30426 4
28507 40285 4
29232 33584 4
29844 34066 4
30210 33569 4
30493 36636 4
30771 48571 4
31185 46123 4
32540 37867 4
33028 49940 4
37776 43299 4
37814 42911 4
42536 43666 4
43320 47619 4
44300 45225 4
93 31892 5
125 222 5
229 354 5
580 5438 5
849 48705 5
917 1259 5
1081 1089 5
1316 7662 5
1378 10895 5
1381 7016 5
1469 1604 5
1480 13342 5
2058 19783 5
2158 7162 5
2240 19499 5
2393 10101 5
2398 3387 5
2783 45676 5
3009 11286 5
3108 43851 5
3346 21596 5
3776 31915 5
3993 5528 5
4384 29351 5
5091 8843 5
5238 48703 5
5328 16694 5
5415 39308 5
5472 29241 5
6083 11576 5
6167 8460 5
6218 7888 5
6219 23419 5
6344 44878 5
6615 7136 5
7151 46673 5
7482 17496 5
8894 18802 5
9699 36323 5
10581 46847 5
11036 30113 5
11191 48569 5
11439 11522 5
11455 49109 5
11500 46368 5
11748 48978 5
12078 33896 5
12430 25042 5
12590 37356 5
12832 36751 5
12879 14626 5
13018 26991 5
13543 45498 5
13801 23972 5
13950 45779 5
15024 44674 5
15184 34721 5
15727 45326 5
16072 36927 5
16544 22932 5
17447 23465 5
17501 29443 5
17751 49066 5
19191 48059 5
19553 37814 5
19976 25455 5
21076 26462 5
21090 25460 5
22222 34312 5
22428 24026 5
22478 25996 5
22627 35796 5
22918 46788 5
23261 37396 5
23561 29838 5
23572 23904 5
24062 28272 5
24397 37091 5
24417 30896 5
24593 27841 5
27011 43697 5
27087 48341 5
28263 43377 5
28420 44741 5
28538 46764 5
29077 47839 5
31318 44847 5
31434 44669 5
32902 35187 5
33580 44861 5
33992 48929 5
34469 48598 5
39725 46895 5
42320 44182 5
14 57 6
108 42708 6
304 28863 6
362 370 6
514 18782 6
642 6230 6
649 19598 6
691 26361 6
776 30686 6
909 39380 6
915 10837 6
1155 11916 6
1373 14602 6
1485 20606 6
1978 3135 6
2083 3328 6
2112 6956 6
2258 40371 6
2571 2818 6
2770 24601 6
2922 16507 6
3036 27875 6
3176 7181 6
3235 38223 6
3409 29707 6
3500 8609 6
3726 7170 6
4007 19039 6
4237 38118 6
4271 37069 6
4750 43697 6
5087 36164 6
5386 29893 6
5500 41095 6
5577 10510 6
5597 38138 6
6898 38384 6
6962 12219 6
7453 24958 6
7545 10083 6
7665 42308 6
7677 36974 6
7685 24567 6
7900 22419 6
8118 27537 6
8338 44762 6
8527 14987 6
8897 17862 6
9548 20694 6
9748 14751 6
9857 27404 6
10105 37417 6
10630 20257 6
11850 43345 6
12006 39267 6
12181 31462 6
12285 13396 6
13402 13792 6
13484 13617 6
13654 40707 6
13869 43713 6
14188 28201 6
14766 35027 6
16093 24388 6
16304 35066 6
16334 18178 6
16715 29813 6
16853 37179 6
16909 49210 6
17729 29573 6
18063 24040 6
18324 48895 6
18358 28430 6
19164 30470 6
19554 23873 6
19920 29376 6
20119 45068 6
20136 46124 6
20675 37600 6
21136 29519 6
21786 28920 6
24687 30873 6
26144 40398 6
26666 39647 6
27794 36736 6
28060 32996 6
28279 30162 6
29326 33145 6
29332 33216 6
29880 49140 6
30276 48680 6
31427 41905 6
31665 46790 6
31777 37617 6
34470 41846 6
34533 41466 6
34949 49711 6
35292 48651 6
35430 45334 6
35786 40925 6
39961 48609 6
21 47 7
101 136 7
151 261 7
367 15769 7
534 9575 7
610 1356 7
907 1618 7
994 35160 7
1006 14484 7
1143 5432 7
1185 7617 7
1186 3160 7
1249 12104 7
1265 23455 7
1331 17669 7
1363 3474 7
1556 5119 7
1798 16105 7
1827 23185 7
1991 9902 7
2402 9647 7
2452 35688 7
2613 49530 7
2738 12000 7
3163 3261 7
3194 5253 7
3303 37423 7
3377 39102 7
3705 6361 7
3735 7484 7
3914 14635 7
4610 46186 7
5150 16138 7
5630 47166 7
5882 8675 7
6188 13979 7
6256 19038 7
6382 24489 7
6580 18217 7
6894 24777 7
7106 49070 7
7198 22123 7
7238 29286 7
7763 17814 7
8266 49451 7
8548 12509 7
8952 9324 7
9061 26875 7
9935 45534 7
9998 14384 7
10053 10325 7
10059 15560 7
10503 17343 7
10853 37123 7
11302 20372 7
11407 34158 7
11769 12776 7
11962 32073 7
11989 46464 7
12225 48931 7
13067 40703 7
13243 43904 7
14064 38774 7
14561 14977 7
14985 21567 7
15148 15594 7
15740 43748 7
15741 49024 7
15963 39473 7
16041 21540 7
16051 35071 7
17308 18022 7
17777 19553 7
18070 35266 7
19069 24038 7
19368 23253 7
19401 22056 7
19443 41388 7
19634 22232 7
20279 25061 7
20421 42838 7
20777 35864 7
21011 48777 7
21070 35008 7
21259 47611 7
23194 44947 7
24997 37579 7
26166 47450 7
27704 44410 7
28245 46043 7
28798 40732 7
28911 37320 7
28968 49335 7
30121 42115 7
32425 40514 7
32559 49106 7
33111 43644 7
34251 43851 7
34709 39552 7
35019 36048 7
35779 48072 7
36503 42466 7
37472 46708 7
38155 45408 7
38716 48037 7
40219 42347 7
40237 47987 7
40448 49884 7
41528 41785 7
42736 43241 7
467 3711 8
568 11320 8
608 30707 8
715 1958 8
791 4629 8
857 7479 8
1052 34212 8
1077 48903 8
1202 3667 8
1225 5313 8
1293 5247 8
1355 12814 8
1528 14740 8
1748 9378 8
1828 39969 8
1989 3734 8
3031 18917 8
3091 3351 8
3985 8548 8
4220 16435 8
4387 32180 8
4686 5773 8
4790 18097 8
4827 10252 8
4874 37672 8
4988 32215 8
4992 25817 8
5180 44408 8
5579 7008 8
6124 24422 8
6252 35277 8
6425 33932 8
6815 20569 8
7015 14957 8
7052 39930 8
7140 24865 8
7817 38367 8
8186 49400 8
8278 13179 8
8607 30786 8
8772 31418 8
8965 28400 8
9417 29456 8
9460 43187 8
10147 20435 8
10342 40568 8
10693 35994 8
11403 32257 8
11741 23022 8
11749 44411 8
11783 16379 8
12196 34825 8
12370 26588 8
12548 25567 8
12659 13696 8
13307 24777 8
14104 30963 8
16974 20070 8
17106 47002 8
17201 23241 8
17679 29848 8
17984 46149 8
18893 24916 8
19469 20103 8
19744 42946 8
20099 49407 8
20313 34191 8
20655 33815 8
20920 22517 8
21226 27484 8
22049 49058 8
23863 35877 8
24443 34904 8
26785 39981 8
28286 42751 8
28767 31861 8
32046 38069 8
33155 49353 8
35058 49051 8
35608 40852 8
36260 42739 8
37089 42825 8
37484 42477 8
37927 42827 8
39552 44005 8
39739 43073 8
41593 43791 8
43745 45135 8
36 1092 9
136 16077 9
209 1001 9
308 36650 9
308 49621 9
622 22378 9
979 1130 9
1205 6517 9
1251 40608 9
1293 12186 9
1313 10197 9
1335 1867 9
1460 19444 9
1535 6221 9
1979 24063 9
2547 39463 9
2607 10872 9
2760 49084 9
2841 34890 9
2845 3186 9
2953 43811 9
3305 5263 9
3524 18362 9
3863 7043 9
4128 39266 9
4354 6113 9
5037 48074 9
5240 17974 9
5323 36586 9
5445 7024 9
6280 26457 9
6423 9872 9
6525 18678 9
6829 28943 9
7041 29246 9
8546 29750 9
9080 16149 9
9461 41849 9
9475 31052 9
9610 15784 9
9755 29867 9
9924 10338 9
10383 11408 9
11849 27163 9
11964 25870 9
12120 30797 9
12413 26882 9
12889 21661 9
12988 47851 9
13063 13515 9
13097 49321 9
13236 19789 9
13272 28729 9
13668 37746 9
13895 16376 9
14261 24809 9
14371 25628 9
14762 26714 9
15026 19604 9
15670 23343 9
15731 42883 9
16482 46908 9
17110 46160 9
17365 42627 9
17521 33344 9
17991 32904 9
18534 37707 9
19359 21250 9
19441 23513 9
20900 30707 9
21826 43023 9
22035 45514 9
22626 49034 9
22764 33874 9
23421 47613 9
23436 38818 9
23568 41413 9
24819 33583 9
25372 47230 9
26038 34441 9
26527 31895 9
28464 49372 9
28480 43750 9
29635 44737 9
29684 32561 9
30353 32280 9
31970 44023 9
32361 35176 9
33796 36400 9
34220 39618 9
34915 38032 9
36108 49432 9
36231 38168 9
37556 42369 9
38796 48543 9
43850 46010 9
45128 49211 9
45960 48655 9
85 1657 10
200 28836 10
402 799 10
592 12349 10
599 8939 10
1082 2100 10
1581 11588 10
1621 3107 10
1820 44321 10
1882 34569 10
1900 6228 10
2651 34063 10
2832 39274 10
3122 26171 10
3128 14999 10
3220 16834 10
3396 36987 10
4535 10842 10
4691 49997 10
5010 20375 10
5786 47910 10
5848 33210 10
6366 23888 10
6643 43499 10
7907 39335 10
8026 11554 10
8091 29079 10
8372 20483 10
8590 11027 10
8748 16430 10
9070 29814 10
9206 38604 10
11244 40808 10
11653 43932 10
11691 15802 10
11975 12914 10
12761 34316 10
13164 35459 10
13248 30719 10
14478 28395 10
14623 46738 10
14884 46741 10
15083 20427 10
15998 33831 10
17070 30624 10
17118 42334 10
17395 46871 10
17615 26951 10
17771 35559 10
18582 19829 10
19687 49336 10
19799 26567 10
20190 31044 10
20372 33606 10
20545 24682 10
22121 36877 10
22388 35933 10
22489 35903 10
22556 42819 10
24216 37466 10
24417 26099 10
25155 34575 10
26104 26597 10
26142 37335 10
26183 30097 10
26489 30856 10
26881 37112 10
27967 36178 10
28038 34723 10
30024 43093 10
30577 46574 10
31576 41466 10
35319 43673 10
37552 47867 10
39076 47055 10
39719 46735 10
42470 46619 10
42527 42964 10
45189 47164 10
9 87 11
171 24629 11
285 1484 11
347 10408 11
408 1971 11
532 10907 11
649 1812 11
879 957 11
1023 14326 11
1137 1576 11
1481 35944 11
1523 7485 11
1654 44025 11
1677 6403 11
1930 5732 11
2104 48268 11
2307 17405 11
2599 7248 11
2726 46909 11
3225 16159 11
3290 24604 11
3581 49163 11
4043 45621 11
4188 12141 11
4699 18740 11
4708 31205 11
5381 17976 11
5397 34931 11
5830 13702 11
6254 26690 11
6269 44648 11
6470 15942 11
6574 13045 11
6645 17632 11
6851 43311 11
6900 19100 11
6916 27520 11
7099 25420 11
7153 10549 11
7278 22967 11
7616 7730 11
7722 31270 11
7743 17023 11
7852 12541 11
8351 18886 11
8429 39180 11
8681 36885 11
8725 12629 11
8763 23085 11
9148 20323 11
9177 43298 11
9289 46536 11
9422 13451 11
9494 27870 11
9816 29746 11
9899 36517 11
10369 38153 11
10626 21351 11
10647 36247 11
10698 30329 11
10733 12937 11
12517 37504 11
12557 28585 11
12946 43277 11
13049 19014 11
13493 47473 11
14227 32595 11
14622 26896 11
15542 33335 11
16053 27034 11
16063 32784 11
16145 25522 11
17035 31655 11
19262 37478 11
19460 20225 11
19521 27685 11
20352 25912 11
20546 22440 11
20756 44852 11
20848 49917 11
21030 40861 11
21344 21925 11
22433 35703 11
22455 34308 11
23928 42807 11
24298 29278 11
25134 25845 11
25254 33814 11
25268 45324 11
25825 47801 11
26607 32353 11
28007 38202 11
28913 40345 11
30472 32242 11
31034 31036 11
31758 34191 11
31803 42952 11
31967 33323 11
32512 38601 11
34646 38308 11
35823 38200 11
36628 44025 11
40478 49686 11
40942 48157 11
78 16686 12
95 1891 12
270 20631 12
285 5046 12
388 1031 12
410 43653 12
507 33766 12
534 3765 12
576 1097 12
736 49765 12
848 31783 12
1019 5904 12
1067 21413 12
1226 3753 12
1359 47586 12
1699 3240 12
1751 38159 12
1818 18773 12
1963 30296 12
2025 32022 12
2039 3308 12
2271 21290 12
2481 2787 12
2581 12703 12
2616 3481 12
2619 5410 12
3151 26058 12
3214 20477 12
3344 26746 12
4053 31569 12
4211 18249 12
4405 34829 12
4536 10856 12
4614 11779 12
5099 21474 12
5229 45935 12
5866 43298 12
6123 12279 12
6293 9312 12
6323 19124 12
6428 12467 12
6724 7924 12
6729 28889 12
6767 16124 12
6769 20285 12
6998 8410 12
7009 49687 12
7689 22225 12
8416 20899 12
9075 30935 12
9793 38542 12
10043 44037 12
10068 16736 12
10335 19371 12
10740 14533 12
11749 26584 12
11935 17599 12
11963 30172 12
12003 15781 12
12274 25010 12
12384 47767 12
12444 16494 12
12740 21234 12
12800 22357 12
12814 20930 12
13513 29107 12
14069 15160 12
14183 33587 12
14622 39928 12
15159 21368 12
15465 43891 12
15855 27961 12
16130 21609 12
16413 42934 12
17885 47341 12
19123 34153 12
19220 39053 12
19311 33502 12
19349 28951 12
20144 33159 12
22638 40780 12
22787 35778 12
22888 34328 12
24320 38762 12
24559 33771 12
25945 36388 12
26998 45556 12
27651 34641 12
29214 38912 12
29738 37447 12
31053 45001 12
33584 44022 12
33805 42502 12
34203 40878 12
34229 49302 12
34358 45097 12
35229 39843 12
36580 40723 12
37644 44721 12
39164 42216 12
39901 41213 12
42270 46864 12
42553 43397 12
45475 47587 12
47021 47811 12
48158 49708 12
189 3405 13
226 229 13
287 1687 13
915 2432 13
946 30471 13
1272 42925 13
1755 2077 13
1795 3094 13
2387 9458 13
2753 17272 13
3202 3965 13
3319 34816 13
3533 21478 13
3919 12629 13
4153 26694 13
4182 14143 13
4306 12523 13
4697 24523 13
4739 11652 13
4744 10137 13
4946 28736 13
5008 48989 13
5170 5946 13
5172 46783 13
5803 20527 13
5817 30633 13
5839 9930 13
6519 13443 13
6665 19406 13
6994 10785 13
7384 48253 13
8040 18724 13
8130 22224 13
8269 23390 13
8368 19482 13
8377 12801 13
10055 23413 13
10465 23794 13
10824 20269 13
10979 29120 13
11050 45795 13
11092 27793 13
11280 20450 13
11522 44005 13
11532 29244 13
12653 46443 13
12797 44142 13
13125 41361 13
13164 19862 13
13203 45281 13
13267 33860 13
13425 44171 13
13490 16668 13
13572 44559 13
14267 32485 13
14476 39818 13
14989 22026 13
15798 16486 13
16699 36274 13
16765 46157 13
17444 37508 13
17500 23466 13
18175 36343 13
18429 38232 13
18432 26307 13
20625 47464 13
20974 46742 13
21916 33140 13
22022 24323 13
22911 42197 13
23501 39658 13
23706 45215 13
24556 46756 13
26223 31896 13
26752 37333 13
26859 34866 13
27071 49045 13
28634 36803 13
29668 45839 13
30221 43684 13
32400 38643 13
32507 43971 13
32977 43410 13
33252 44121 13
33883 48918 13
33993 49900 13
34321 39843 13
35154 35989 13
35543 45139 13
35657 36401 13
36762 39961 13
38603 46225 13
38968 40988 13
39007 49311 13
39196 43125 13
40036 46437 13
47760 49901 13
48896 49922 13
163 6604 14
208 2088 14
240 256 14
241 479 14
442 1474 14
716 7927 14
782 6459 14
950 1041 14
1072 12873 14
1175 4780 14
1233 1818 14
1404 46768 14
1439 8607 14
1442 30197 14
1649 38495 14
1857 36878 14
1916 11968 14
2100 34438 14
2300 32103 14
2303 3158 14
2573 44247 14
2820 25131 14
3625 38652 14
3637 10130 14
3764 23240 14
4226 20231 14
4261 11440 14
5153 41374 14
6552 31233 14
6565 29041 14
6802 27174 14
7370 15079 14
7434 25984 14
7642 20225 14
7964 26719 14
8046 25452 14
8111 25712 14
8169 17180 14
8579 17598 14
8832 47235 14
8921 44762 14
9135 9177 14
9205 41463 14
9215 23561 14
9511 19904 14
9559 33433 14
10378 14006 14
10640 11307 14
10706 49953 14
10905 38991 14
11111 35230 14
11185 29733 14
11306 28411 14
12561 12620 14
12583 33705 14
12623 19179 14
12909 21645 14
13115 20098 14
13624 42202 14
13625 42042 14
13792 16393 14
14020 26432 14
14045 23845 14
14132 34234 14
14373 20851 14
14657 49471 14
15679 35166 14
16511 20196 14
16616 33670 14
17300 18531 14
17499 48773 14
17613 23031 14
17991 40199 14
18098 44941 14
18532 30436 14
18602 29042 14
19019 20556 14
19243 39966 14
19483 24705 14
19506 34098 14
19932 26782 14
20195 39935 14
20332 43534 14
20955 40050 14
21265 49370 14
21885 26217 14
21929 44987 14
22696 32826 14
23641 36120 14
24045 42588 14
25010 47857 14
25059 25285 14
25125 46613 14
25912 28022 14
26517 31842 14
27494 49713 14
27992 34428 14
28373 28555 14
28407 41839 14
29116 31197 14
29630 31074 14
29758 45499 14
30205 35327 14
30642 47244 14
32046 41032 14
32765 49280 14
34420 43574 14
35735 37010 14
35776 47641 14
36002 37342 14
37372 48971 14
38663 41330 14
42497 43345 14
43006 47190 14
43119 48380 14
45218 47115 14
326 2160 15
859 1024 15
1056 34136 15
1205 8638 15
1275 8626 15
1379 2236 15
1816 36511 15
2130 3153 15
2140 7019 15
2195 6611 15
2255 26488 15
2395 7261 15
2463 3545 15
2507 40084 15
3202 9212 15
3900 4180 15
4271 15132 15
4464 40188 15
4652 15613 15
4657 29437 15
4860 10585 15
4961 24283 15
5079 9812 15
5136 8042 15
5198 5699 15
5626 18695 15
5727 11675 15
5897 17165 15
6289 18248 15
6390 23138 15
6689 7221 15
7045 43466 15
7081 47813 15
7983 34357 15
8047 9770 15
8314 46921 15
8734 23531 15
8992 36145 15
9018 40491 15
9063 34350 15
9146 12137 15
10175 15122 15
10518 35486 15
10730 21740 15
10832 31095 15
11444 13244 15
11504 13032 15
11540 32521 15
11613 31038 15
11729 30629 15
11861 46872 15
12426 38063 15
12838 35727 15
13182 49641 15
13862 32221 15
14079 14313 15
14186 37957 15
14479 49346 15
14538 47794 15
14544 32881 15
14598 41783 15
14759 42131 15
15018 21743 15
15917 31730 15
16069 23427 15
16448 17581 15
16595 38435 15
18126 21659 15
18501 32151 15
18960 42551 15
19148 20280 15
19238 48800 15
19844 20390 15
20005 45998 15
20298 45053 15
20558 25076 15
20611 20771 15
21178 36418 15
25722 39193 15
25788 48730 15
28089 36728 15
28181 32851 15
28310 34920 15
28365 49853 15
28807 34203 15
28814 44218 15
29593 35090 15
29678 34515 15
31510 43388 15
34485 45171 15
35028 39481 15
35488 42742 15
35581 48755 15
36511 43994 15
37650 49266 15
40305 40727 15
40383 43388 15
40618 42447 15
41247 41799 15
41712 42738 15
41922 43515 15
42776 45630 15
104 122 16
166 1059 16
528 9020 16
665 15409 16
1009 26169 16
1185 1610 16
1300 29541 16
1671 19345 16
1721 11764 16
1750 3069 16
1985 7022 16
2634 17962 16
2712 8662 16
2816 2936 16
2844 23433 16
2962 25272 16
3128 8414 16
3441 27742 16
3505 4561 16
3780 10305 16
4161 15289 16
4337 25680 16
4571 19668 16
4675 9458 16
4696 44337 16
5293 34642 16
6745 41824 16
6779 24609 16
7029 46280 16
7377 45434 16
7632 14216 16
7673 36734 16
7702 9487 16
7986 22352 16
8056 8869 16
8510 36045 16
9153 14240 16
9249 24302 16
9605 14744 16
10170 20621 16
10325 23419 16
10674 36343 16
11177 49140 16
11231 17104 16
11276 42914 16
12311 29957 16
12744 33103 16
13009 37474 16
13212 17694 16
14061 23934 16
14725 14801 16
15113 38072 16
16494 36929 16
16612 46151 16
17065 35668 16
17122 29924 16
17317 42247 16
17569 38812 16
17723 43883 16
18338 26310 16
19016 20390 16
19548 20939 16
20357 31041 16
21117 39283 16
21193 33877 16
21220 29509 16
21320 22317 16
23247 38443 16
25462 42489 16
26074 42522 16
26636 44514 16
27121 36004 16
27174 47186 16
27451 41673 16
28220 31964 16
28336 41707 16
28437 34622 16
29494 44588 16
30262 44944 16
30521 31614 16
31557 45541 16
33008 39611 16
35967 48605 16
36056 48595 16
36152 49713 16
36576 37038 16
36786 42061 16
36797 49690 16
37208 48622 16
38210 46400 16
38308 48220 16
38841 44956 16
38897 39616 16
39379 44679 16
43769 46536 16
44943 45213 16
11 12676 17
95 25555 17
612 1751 17
639 37076 17
655 16103 17
921 1765 17
1002 6710 17
1568 17932 17
1700 27610 17
1764 5031 17
1979 9869 17
2039 8173 17
2165 8878 17
2210 45428 17
2267 3573 17
2394 3081 17
2440 3556 17
2788 24090 17
3172 36028 17
3215 22481 17
3875 9135 17
4008 27625 17
4066 9017 17
4516 5546 17
4917 45204 17
5025 18495 17
5432 7522 17
5799 15650 17
6290 26558 17
6361 31434 17
6962 38139 17
7521 29951 17
7835 48994 17
8342 41698 17
8438 41377 17
9336 16861 17
10531 23629 17
10812 14363 17
10848 27467 17
10966 22028 17
11040 20686 17
11219 37210 17
11316 16495 17
11735 47665 17
12154 24865 17
13304 42984 17
13903 21740 17
14010 46866 17
15017 42901 17
15336 40189 17
15598 22087 17
15694 17386 17
15858 29601 17
15939 32546 17
16468 29676 17
16497 39129 17
16783 30603 17
16811 23156 17
18532 24026 17
18748 45721 17
18992 38657 17
19478 38191 17
20244 29012 17
20701 47366 17
20886 30099 17
21344 21614 17
21740 22305 17
21979 24332 17
22546 26672 17
22605 25837 17
23003 34643 17
23390 25188 17
23482 27152 17
23591 33883 17
23697 25423 17
24305 30621 17
24780 49403 17
24976 47062 17
25031 40330 17
25690 28597 17
26924 28987 17
27649 38167 17
28379 32519 17
28459 28556 17
28669 39232 17
29240 32711 17
30674 44867 17
30987 43538 17
31073 42935 17
31341 45440 17
33953 49414 17
35621 43668 17
35823 41053 17
36449 38265 17
36905 42352 17
38868 45877 17
38997 49990 17
40127 44779 17
42092 49340 17
48370 49170 17
48769 49246 17
100 422 18
284 39361 18
307 35544 18
346 17492 18
355 435 18
368 6770 18
434 17524 18
460 6191 18
815 10014 18
885 3105 18
1029 7686 18
1292 14299 18
1364 8243 18
1602 8645 18
1804 8868 18
2553 2970 18
2607 19590 18
2872 3718 18
3007 44669 18
3143 21892 18
3278 22821 18
3282 28175 18
3461 38727 18
3498 22483 18
3735 31981 18
4253 7949 18
5022 33631 18
5331 26714 18
5554 15737 18
5703 29956 18
6448 26303 18
6815 7993 18
6898 37517 18
7113 7313 18
7540 9737 18
7563 12792 18
7743 45925 18
7855 10399 18
8178 11460 18
8646 45359 18
8764 26454 18
8768 13014 18
8983 23406 18
9119 14462 18
9591 10895 18
9636 36456 18
10374 14060 18
10732 47948 18
10801 28541 18
10866 33453 18
10934 49662 18
11127 16974 18
11410 27806 18
11600 15551 18
12687 19550 18
13028 25564 18
13466 38046 18
13816 28191 18
13826 36492 18
13940 16472 18
14189 41907 18
15713 16758 18
16634 16902 18
16636 20542 18
17216 22022 18
17697 49982 18
18771 45112 18
18850 22433 18
19337 45498 18
20088 33919 18
21372 37043 18
22065 28099 18
22309 25250 18
22568 46448 18
23688 38669 18
24725 49576 18
26863 41789 18
27413 31010 18
28329 36113 18
28559 45014 18
28572 44471 18
28901 44057 18
29146 46281 18
29173 35336 18
32972 40345 18
34358 46090 18
35777 38571 18
35822 45131 18
36950 37350 18
38307 39993 18
39086 46477 18
39117 41505 18
39232 45605 18
41080 47284 18
42176 47623 18
42348 45141 18
43285 44077 18
266 1806 19
399 16315 19
672 12431 19
817 8315 19
972 3580 19
1000 9014 19
1099 29424 19
1308 5171 19
1457 48206 19
1702 21272 19
1735 17422 19
1864 2581 19
1975 47485 19
2033 42861 19
2089 5739 19
2227 15923 19
2413 47572 19
2490 45847 19
2524 47012 19
2653 8618 19
2747 47649 19
2754 27476 19
2893 30053 19
2996 3093 19
3110 40840 19
3172 6919 19
3275 16214 19
3436 33801 19
5112 8789 19
5425 36911 19
5678 40738 19
5722 6889 19
6090 40173 19
6386 35699 19
6618 48857 19
6661 7820 19
6669 8121 19
6711 16807 19
7058 15850 19
7129 13969 19
7210 23768 19
7601 21141 19
7662 43803 19
7750 30467 19
7905 32679 19
7938 32516 19
8068 11861 19
8791 29551 19
9169 27332 19
9375 46380 19
9829 44933 19
9950 36544 19
10092 16262 19
10313 15062 19
10398 48362 19
10622 35378 19
10747 17651 19
10797 13488 19
11104 15351 19
11522 25736 19
11750 13755 19
12088 36345 19
12194 24961 19
12576 26603 19
12697 17182 19
13094 16290 19
13281 27545 19
13402 31758 19
13590 35352 19
13960 15676 19
14121 42421 19
14311 48157 19
14367 14523 19
14501 17692 19
14663 17634 19
14754 38585 19
16640 41284 19
16863 33279 19
17339 47079 19
17427 32963 19
17579 22352 19
17669 29702 19
17748 29616 19
18283 43538 19
18713 30078 19
19072 34005 19
19074 31768 19
19981 23560 19
21246 37574 19
21965 45877 19
22340 24246 19
22559 22568 19
23084 35405 19
23264 26617 19
23750 48100 19
25469 36244 19
25753 32011 19
26031 28499 19
26327 47350 19
26518 38700 19
26565 36821 19
26675 29419 19
27329 34529 19
27585 44803 19
27646 35622 19
27829 47953 19
28060 36727 19
28160 46224 19
28903 46079 19
29162 29958 19
30923 45113 19
31349 32128 19
32422 47079 19
33558 35091 19
33759 37927 19
34520 46750 19
34934 37614 19
36568 46755 19
37614 46651 19
40964 47794 19
41418 41939 19
41730 44884 19
44953 48963 19
8 37706 20
156 488 20
301 8571 20
506 5856 20
548 1886 20
564 26256 20
714 8122 20
827 1493 20
829 2231 20
1194 33662 20
1233 4998 20
1515 5950 20
1745 20229 20
1890 18633 20
2094 6105 20
2160 20663 20
2259 9082 20
2643 41933 20
2673 45335 20
2801 6395 20
3126 5458 20
3170 4941 20
3287 12871 20
3465 20019 20
3508 9159 20
3765 11164 20
3898 42127 20
3909 44658 20
4544 49181 20
4758 20919 20
4991 19899 20
5202 16607 20
6198 17324 20
6800 16244 20
6980 33015 20
7073 8311 20
7119 8153 20
7119 38743 20
7365 37038 20
7404 8850 20
7580 24577 20
7724 39241 20
7914 13246 20
8034 14128 20
8568 11035 20
8816 46952 20
8862 9384 20
9012 19461 20
9108 13089 20
9180 11538 20
9460 14917 20
9596 9792 20
9708 23856 20
9865 27287 20
10167 44107 20
10428 25968 20
10643 42390 20
10806 33853 20
10941 14876 20
11149 36815 20
11215 11782 20
11243 45590 20
11809 37934 20
12299 42252 20
12857 17053 20
13165 17282 20
13551 19357 20
14047 27100 20
14489 42215 20
14533 36097 20
15317 36040 20
15792 18060 20
16539 43888 20
17328 40264 20
17593 37541 20
17748 36981 20
18015 21838 20
19180 35361 20
19390 30540 20
19629 43672 20
20053 31771 20
20336 41405 20
20504 45308 20
20790 30681 20
20807 32094 20
21138 27737 20
21229 33900 20
21470 28386 20
22403 27707 20
23259 44338 20
23277 37467 20
23897 44001 20
24319 27654 20
24730 49127 20
25496 35142 20
26238 32889 20
26571 28949 20
27530 37277 20
27896 37119 20
28943 33773 20
28989 45650 20
30752 36415 20
31612 46830 20
31971 36141 20
32662 37820 20
32868 48393 20
37048 49092 20
38623 39321 20
41197 42538 20
42227 47004 20
44688 46186 20
45544 48679 20
6 69 21
145 3327 21
160 5321 21
178 3742 21
303 19642 21
422 22153 21
509 4307 21
636 37866 21
702 1322 21
1012 1379 21
1090 48884 21
1335 2137 21
1475 45271 21
1636 13725 21
1703 47293 21
1900 19703 21
1991 35357 21
2749 8958 21
2848 34985 21
2911 9886 21
2927 29763 21
3078 20361 21
3131 4775 21
4218 48008 21
4607 18745 21
4974 8472 21
5107 34606 21
5200 5677 21
5515 25096 21
5586 14349 21
5639 21290 21
5792 12890 21
5871 22537 21
5925 14827 21
6149 40226 21
6523 7255 21
6705 35088 21
7325 29644 21
7518 32266 21
7760 26317 21
8006 11869 21
8221 11142 21
8364 9014 21
8803 23686 21
8899 11309 21
9565 39072 21
9725 41891 21
9823 49556 21
10100 40906 21
10551 12333 21
11125 40509 21
11269 16084 21
11779 28305 21
11965 40754 21
12315 12648 21
12581 38805 21
12694 23136 21
13413 20563 21
14286 43158 21
14993 16251 21
15296 42245 21
15445 48274 21
15778 22269 21
15940 41518 21
16095 33114 21
16307 28374 21
16417 22302 21
17153 20815 21
17610 48179 21
18538 28217 21
18796 27012 21
19226 23148 21
19350 25671 21
20741 38047 21
20792 25708 21
21126 49793 21
21193 45879 21
21447 23162 21
22439 27420 21
22983 37844 21
23632 45626 21
23961 37028 21
24158 44859 21
25417 43055 21
25482 32300 21
25632 35475 21
26036 33101 21
26267 31580 21
27032 35472 21
27042 31268 21
27876 45019 21
29149 29340 21
29831 42438 21
30047 42106 21
32876 36602 21
34417 34863 21
35216 43415 21
35958 38355 21
36817 47803 21
39168 48962 21
39192 43694 21
43359 46014 21
43979 45738 21
44114 49481 21
44573 49478 21
44977 47111 21
504 4149 22
715 18033 22
1257 4649 22
1448 3233 22
1811 20025 22
1813 41252 22
1814 44153 22
1842 33274 22
1982 21025 22
2097 12181 22
2172 30494 22
2173 46273 22
2207 10044 22
2393 14645 22
2710 20562 22
2939 42257 22
2955 7134 22
3398 21709 22
3483 20029 22
3586 12785 22
4935 25668 22
5137 13485 22
5184 12095 22
5187 10315 22
5410 10878 22
5799 8922 22
6354 46780 22
7860 14683 22
8346 38033 22
8662 45821 22
8936 9083 22
9398 40486 22
9765 18017 22
9947 20173 22
10550 26210 22
11456 13387 22
11740 19632 22
11846 27359 22
12011 20240 22
12164 12808 22
12790 35285 22
13025 35302 22
13191 13713 22
14335 44169 22
14552 30066 22
14710 37373 22
15130 21877 22
15608 30507 22
15655 32512 22
15705 28450 22
16586 42328 22
16754 31381 22
17307 21572 22
17519 36935 22
18634 23841 22
19452 28149 22
19744 30903 22
21566 37919 22
21633 25763 22
21925 39110 22
23104 31372 22
23689 26882 22
24068 38507 22
25132 35976 22
25395 45554 22
26244 48932 22
26824 45071 22
27929 32182 22
28677 33864 22
28947 43888 22
29617 30247 22
30159 48992 22
31158 46628 22
31330 39762 22
31792 36358 22
31994 48041 22
32758 39760 22
33022 45841 22
34282 45128 22
35183 45250 22
35336 41871 22
35373 36140 22
37674 47175 22
41384 47476 22
42261 48696 22
44911 45602 22
122 17217 23
168 2608 23
232 3855 23
324 1263 23
464 8116 23
491 499 23
776 3728 23
1411 36583 23
1521 5281 23
1525 20253 23
1697 8875 23
2202 8424 23
2352 19337 23
2436 38005 23
2820 7571 23
3128 13667 23
3157 22019 23
3541 36200 23
3561 16894 23
3811 4364 23
4028 40223 23
4136 24437 23
4745 46677 23
4851 37852 23
4905 28915 23
4953 45633 23
5237 15161 23
5846 17411 23
5949 23077 23
6025 36650 23
6465 6488 23
6574 9854 23
6916 41122 23
7242 25521 23
7347 30480 23
7621 36469 23
7756 32425 23
7981 28418 23
8164 34155 23
9174 13068 23
9312 43125 23
9774 30852 23
10276 26060 23
10587 38853 23
10625 13164 23
10743 12081 23
10806 18402 23
11175 41188 23
11355 22918 23
11874 36504 23
12034 24808 23
12149 37374 23
12280 43624 23
12361 15784 23
13226 38250 23
13321 24855 23
13680 23266 23
14177 31007 23
14715 31825 23
15724 48034 23
15978 36825 23
16273 49040 23
17268 47443 23
17277 42009 23
17498 49095 23
17791 27960 23
17863 24050 23
17917 35376 23
17927 21166 23
18043 41208 23
18694 42646 23
18700 40008 23
19536 37735 23
19819 21744 23
20636 21028 23
21031 46413 23
21369 30923 23
21437 23984 23
21710 23929 23
22229 38692 23
22951 49631 23
25651 26902 23
25752 41231 23
27111 36530 23
27443 35037 23
28396 45365 23
28458 39426 23
28535 29258 23
29116 43833 23
29163 35176 23
29829 45689 23
32512 46234 23
32908 37398 23
33889 42029 23
35829 36942 23
37534 48491 23
40440 41197 23
42478 45723 23
43943 46729 23
42 38106 24
123 1907 24
172 2625 24
319 15596 24
588 1633 24
596 32992 24
1089 1854 24
1155 25764 24
1311 28428 24
2245 3221 24
2352 39555 24
2363 41024 24
2420 2942 24
2481 35772 24
2624 5480 24
2786 20395 24
3160 3644 24
3265 32605 24
3375 14716 24
3451 4917 24
3810 25443 24
3909 3931 24
4094 40572 24
4556 13878 24
4627 38694 24
4919 18335 24
4951 22148 24
5136 36702 24
5632 33734 24
6441 12007 24
7228 11970 24
7541 16976 24
7636 27528 24
7706 31615 24
8131 9785 24
8135 11138 24
8188 16596 24
8875 22715 24
8886 29737 24
9369 18736 24
9418 19809 24
9509 21993 24
9548 41149 24
9811 30975 24
11095 33826 24
11323 17216 24
11543 39549 24
12183 21194 24
12667 21523 24
13340 44177 24
13486 27893 24
13638 42095 24
13842 38566 24
14037 28260 24
14319 20066 24
14517 24938 24
15060 19039 24
15478 27968 24
15828 29983 24
16525 47829 24
16562 28577 24
16957 38681 24
17004 33824 24
17323 42512 24
17533 22071 24
18308 34304 24
18534 28692 24
18635 29164 24
18786 43135 24
18868 34780 24
19487 26051 24
20107 20893 24
20199 25280 24
21002 38869 24
21270 28826 24
22118 29211 24
22186 32885 24
23040 37083 24
23203 36799 24
23641 35906 24
24121 27978 24
24845 26260 24
24884 26656 24
25519 44979 24
26372 37205 24
26384 46707 24
26592 47304 24
26776 35691 24
27032 34377 24
27362 36132 24
27647 47222 24
27827 42598 24
28116 45182 24
28419 48005 24
29115 32845 24
29810 33415 24
29882 40348 24
30681 44801 24
32501 46818 24
35115 37057 24
35926 36295 24
36826 49736 24
40218 41848 24
42010 45728 24
3 934 25
8 217 25
74 126 25
300 1324 25
326 1423 25
396 4847 25
396 12866 25
422 699 25
491 709 25
693 3735 25
1073 12903 25
1114 23906 25
1120 37811 25
1459 2947 25
1812 46765 25
1932 4580 25
1960 3347 25
2244 7697 25
2248 29174 25
2386 22369 25
2477 18011 25
2633 23212 25
3030 17931 25
3218 5539 25
3256 43232 25
3488 5969 25
4445 36446 25
4531 44487 25
4994 11273 25
4998 31653 25
5325 14826 25
5472 41055 25
5778 9313 25
5828 19233 25
5934 13249 25
6698 20016 25
6831 42591 25
7264 12611 25
7740 9881 25
9324 30900 25
9629 21944 25
10024 14281 25
10148 49773 25
11005 13111 25
11108 36951 25
11231 32588 25
12272 28049 25
13167 42173 25
13259 23159 25
13541 18061 25
14849 19204 25
15046 34139 25
15414 40196 25
15792 47383 25
16064 24386 25
17288 45770 25
18040 21565 25
18401 45006 25
18423 26966 25
18460 27312 25
18578 49599 25
18708 30868 25
18907 40188 25
19312 49537 25
19748 30167 25
19969 35053 25
20581 29611 25
20601 27377 25
20721 28305 25
21032 24887 25
21332 24404 25
22285 27812 25
22287 43776 25
23703 34863 25
23735 42184 25
24791 42645 25
25033 45929 25
25559 29733 25
25680 39092 25
26347 45871 25
27499 31115 25
27585 30444 25
27820 32566 25
30990 34225 25
31092 31503 25
32188 34417 25
33168 47452 25
33429 46585 25
33456 34781 25
33924 44609 25
34113 34751 25
36082 41117 25
36364 47541 25
38857 43012 25
47315 48445 25
341 2467 26
534 10237 26
756 20407 26
816 49324 26
968 18381 26
997 9163 26
1014 1910 26
1102 17650 26
1244 18681 26
1325 27842 26
1501 14073 26
1881 6737 26
1984 33630 26
2049 29155 26
2520 7175 26
2604 4258 26
2849 28566 26
2976 44065 26
3070 47727 26
3289 11826 26
3485 8214 26
3514 36132 26
3628 11394 26
3714 23652 26
3733 10983 26
3759 12402 26
3977 6776 26
4440 15221 26
4567 29365 26
5189 22802 26
5232 33900 26
5328 29642 26
5331 38674 26
5371 34343 26
5593 18572 26
5789 10463 26
6270 21433 26
6453 26026 26
6733 9667 26
7986 46227 26
8126 17799 26
8126 25875 26
8142 12690 26
8488 22986 26
8549 18363 26
9544 36484 26
9800 49560 26
11238 35093 26
12222 26331 26
13257 13812 26
13299 29789 26
14373 19794 26
15773 48697 26
17246 28427 26
17508 48531 26
17513 27079 26
17651 34510 26
18180 38563 26
18633 47525 26
18759 37576 26
20919 35982 26
20951 35158 26
22363 29583 26
22675 40427 26
22679 48235 26
23496 24398 26
24272 48987 26
24379 26367 26
24497 49847 26
24577 49890 26
25146 34558 26
26772 36870 26
27278 39198 26
27664 28028 26
30425 44971 26
31009 49852 26
31801 49710 26
31984 38360 26
32171 48623 26
33126 44263 26
33309 33816 26
33578 34950 26
37771 44698 26
43961 47818 26
47041 48275 26
22 8898 27
32 1833 27
56 3126 27
199 27701 27
339 35734 27
400 44525 27
425 11160 27
499 1071 27
631 37305 27
706 48552 27
1077 3068 27
1132 29912 27
1407 35707 27
1437 12300 27
2367 33348 27
2484 40142 27
2618 33815 27
2761 8653 27
2815 48001 27
2879 11041 27
3015 23191 27
3044 27889 27
3187 6737 27
3291 17971 27
3377 5187 27
3590 8268 27
3716 24226 27
3790 35327 27
3903 28906 27
3929 13410 27
4322 6131 27
4418 37590 27
4518 5333 27
4534 15761 27
4987 11918 27
5164 21902 27
5323 33388 27
5344 15601 27
6536 35545 27
6551 34318 27
6563 47616 27
6660 21319 27
6745 11410 27
7044 40747 27
7080 44826 27
7324 24272 27
7343 20136 27
7359 16082 27
8694 20958 27
8787 9644 27
9038 9353 27
9273 28436 27
9510 41683 27
10080 26289 27
10347 17141 27
10403 46925 27
10910 18456 27
12006 36069 27
12497 17988 27
12540 27772 27
12940 17439 27
13505 16785 27
14793 49774 27
15094 21055 27
15383 29814 27
17105 23296 27
17108 24674 27
17815 38724 27
18326 38865 27
18402 23437 27
18709 32021 27
18939 28978 27
19328 20563 27
19400 23858 27
20351 33205 27
21116 45071 27
21275 35403 27
21570 28064 27
21672 43698 27
22114 37665 27
23106 31877 27
23475 43347 27
23508 34938 27
23729 24270 27
24746 49534 27
25324 32322 27
25329 35096 27
25452 44046 27
25713 31108 27
26402 34199 27
26703 48908 27
27659 41703 27
28175 32955 27
28297 39189 27
28560 48542 27
28674 31369 27
31778 41733 27
33113 46407 27
33174 33592 27
35126 35404 27
38054 49429 27
39126 44249 27
40565 45201 27
200 2213 28
312 21458 28
359 5322 28
380 931 28
443 2837 28
703 36356 28
777 31776 28
827 9260 28
1408 48879 28
1699 39353 28
1852 8776 28
1971 19806 28
2047 7511 28
2116 3156 28
2181 14890 28
2185 6487 28
2273 19254 28
2435 8791 28
2812 41194 28
3031 17835 28
3105 23621 28
3106 27170 28
3321 14142 28
3492 11514 28
3572 40924 28
3859 33648 28
3950 37935 28
4796 22276 28
5462 20705 28
5685 14694 28
5733 7847 28
6114 17619 28
6119 44016 28
6176 12100 28
6268 7165 28
6600 8866 28
6804 15823 28
7082 49362 28
7132 22719 28
7141 7209 28
7775 46915 28
7797 22606 28
7875 15196 28
8376 12737 28
9990 28162 28
10028 30295 28
10437 13677 28
11004 45148 28
11042 43380 28
11313 14130 28
11678 36346 28
11740 38608 28
11940 37444 28
12390 29184 28
13420 49271 28
13895 14036 28
14127 36934 28
14167 19991 28
14362 21573 28
14827 49096 28
14950 22267 28
15350 39895 28
15477 49569 28
15810 45568 28
16190 47759 28
16235 43796 28
16437 40740 28
16758 45670 28
17474 44474 28
18127 39610 28
18171 29441 28
18581 49293 28
18981 23001 28
19231 27910 28
19393 20925 28
20522 34441 28
20712 21587 28
20905 47213 28
21377 44229 28
22233 49047 28
22493 37559 28
22860 44869 28
23356 39786 28
23419 35520 28
26117 38800 28
26269 47254 28
27093 41993 28
27659 35052 28
28976 37569 28
30771 40120 28
31231 35224 28
31921 44235 28
33331 39215 28
34093 43623 28
38124 38674 28
38493 47687 28
39478 42301 28
40258 45608 28
46157 46512 28
46539 49894 28
48862 48886 28
11 38794 29
224 17772 29
341 6429 29
569 43214 29
640 10188 29
689 7368 29
700 25310 29
1283 24042 29
1356 27701 29
1364 5967 29
1622 2710 29
2361 5186 29
2402 16640 29
2449 42656 29
3705 3959 29
3754 48392 29
3992 13844 29
4569 8066 29
4918 12309 29
5284 11856 29
5353 21649 29
5360 15977 29
5442 33237 29
5697 39708 29
5903 24837 29
5908 47577 29
6212 11843 29
6367 6684 29
7070 19553 29
7124 16751 29
7402 13438 29
7978 34274 29
8062 30161 29
8221 21336 29
8246 12792 29
8731 21940 29
8905 22627 29
9705 34044 29
10153 23735 29
10324 21761 29
10400 46605 29
10463 42237 29
10614 31988 29
11136 17277 29
11359 37713 29
11965 16794 29
11976 25241 29
12641 14735 29
13789 27546 29
13931 23057 29
14852 34201 29
15041 45318 29
15277 32325 29
15411 46007 29
15987 26681 29
16229 38639 29
16503 18271 29
17414 45802 29
17685 37382 29
18500 32604 29
18757 42379 29
19338 21605 29
19929 43977 29
20074 39271 29
21016 40916 29
21044 47551 29
21708 38383 29
21747 39031 29
23071 32895 29
23625 40113 29
23923 42001 29
24455 42158 29
24618 48263 29
25177 33109 29
25329 41383 29
25510 49072 29
25612 26106 29
26418 43265 29
26640 29842 29
26693 35565 29
27463 36007 29
27899 44081 29
27991 36751 29
29229 30393 29
30679 43309 29
31858 47520 29
32021 41364 29
33125 49767 29
33232 42712 29
34776 39621 29
35629 45440 29
36044 48195 29
36431 49939 29
37685 48726 29
39361 40518 29
46598 46895 29
93 171 30
451 15965 30
518 616 30
888 23795 30
1153 5369 30
1314 21231 30
1363 45876 30
1610 11775 30
1659 4509 30
1720 4096 30
2350 6460 30
2403 33264 30
2403 42391 30
2488 29357 30
3139 10640 30
3370 8980 30
4153 12093 30
4442 5573 30
4778 5611 30
4912 6426 30
5065 6564 30
5073 37090 30
5309 27222 30
5327 33504 30
6703 10683 30
7279 7540 30
7280 27140 30
7508 38002 30
7518 28351 30
7579 11725 30
8343 26189 30
8429 32443 30
8611 17583 30
9051 45772 30
9357 37089 30
9771 43148 30
9783 16915 30
10372 19704 30
10407 41000 30
10905 44283 30
11000 31816 30
11301 14393 30
11394 20155 30
11491 34497 30
11765 41640 30
12008 39324 30
12910 36930 30
12919 16652 30
13646 34181 30
13671 30413 30
14415 22412 30
14661 40317 30
14692 31412 30
14899 30737 30
15157 20258 30
16349 17856 30
17523 34081 30
18627 36759 30
18650 29932 30
18920 38725 30
19661 46322 30
20554 22648 30
20787 47684 30
21093 35582 30
21183 35338 30
21974 45962 30
22689 39725 30
22700 29238 30
22703 43052 30
23268 29628 30
23791 29747 30
25041 40640 30
25086 27497 30
26199 46503 30
26469 28401 30
26606 48745 30
26657 36565 30
28745 35091 30
28976 41682 30
29413 41601 30
31561 40585 30
31894 43905 30
32057 44052 30
32331 44962 30
32333 33501 30
33817 49371 30
34290 49045 30
34444 37942 30
36758 38694 30
38801 39982 30
41889 46702 30
41925 42470 30
44533 47619 30
48528 49868 30
62 2037 31
310 1714 31
477 1455 31
638 12236 31
897 1194 31
1044 40044 31
1197 8747 31
1203 7698 31
1737 9207 31
2013 38839 31
2049 42558 31
2134 41691 31
2166 15386 31
2342 18493 31
2646 7306 31
2926 9776 31
3318 13699 31
3528 28419 31
3597 18390 31
3613 7010 31
3742 14077 31
3757 14859 31
3759 35858 31
3974 5509 31
4194 42481 31
4377 5511 31
4484 10748 31
5266 43968 31
5342 14031 31
5534 28833 31
5728 24195 31
6039 38321 31
6401 13088 31
6837 16990 31
6882 44488 31
7291 10740 31
7568 13787 31
7700 18375 31
7849 37527 31
7852 22899 31
7869 29741 31
8841 48858 31
9016 10030 31
9712 38238 31
10152 49245 31
10190 39552 31
10553 15998 31
11598 41638 31
11612 12875 31
12326 24274 31
15145 46931 31
16933 22733 31
17111 18890 31
17193 37912 31
17353 18523 31
17455 17647 31
17660 33374 31
17822 30928 31
18209 20472 31
18469 28741 31
18712 24785 31
18961 30696 31
19402 21735 31
19423 38864 31
20098 20560 31
20764 44730 31
20862 21297 31
22052 27561 31
22068 33131 31
23261 37601 31
23418 39523 31
23506 49345 31
23524 42302 31
23534 26542 31
24034 38816 31
24531 39424 31
25945 45863 31
29444 30160 31
29653 43076 31
31064 46715 31
33392 43765 31
33761 36960 31
36231 39722 31
36549 44007 31
36642 43483 31
36826 47233 31
36980 40613 31
39632 43852 31
39926 41073 31
49221 49360 31
290 37142 32
416 7168 32
538 6370 32
557 34472 32
680 48823 32
911 12083 32
1073 1519 32
1112 12439 32
1157 8126 32
1223 49728 32
1536 12031 32
1674 36271 32
1794 17631 32
1800 5323 32
1943 8180 32
2261 5721 32
2608 46750 32
3493 8382 32
3629 36487 32
4131 26793 32
4226 45648 32
4230 16862 32
4320 24582 32
4452 35820 32
4464 30371 32
4756 35997 32
5042 43711 32
5523 6100 32
5677 19603 32
5863 31917 32
5951 48264 32
6223 39068 32
6328 37526 32
6413 17594 32
6487 9263 32
6522 9259 32
6977 9408 32
7546 15498 32
7562 42703 32
8042 24301 32
8491 31563 32
9468 48761 32
10331 27044 32
10361 11703 32
10393 23272 32
10651 15774 32
10779 27242 32
11216 23378 32
11384 14119 32
11528 15653 32
12678 21085 32
12807 38173 32
12906 24196 32
13117 31702 32
13180 26434 32
13382 39507 32
13533 47693 32
13604 19210 32
13769 32138 32
13855 16832 32
13933 14506 32
14406 39410 32
14559 22906 32
14574 46401 32
14837 27898 32
15450 29614 32
15602 32006 32
15689 38325 32
15719 39933 32
16255 44383 32
16474 33436 32
16974 48997 32
17316 20638 32
17842 42346 32
17950 31304 32
18258 49503 32
18648 31804 32
18847 35675 32
19402 46516 32
19596 22714 32
19916 31161 32
20183 39579 32
20638 37594 32
21033 44716 32
21514 36008 32
21847 36615 32
22069 23886 32
22761 37978 32
22868 47477 32
24954 32291 32
25638 48938 32
25877 35811 32
27413 30049 32
27618 48435 32
27913 48220 32
29083 35930 32
29481 44239 32
29598 42980 32
29998 36030 32
31652 46655 32
35579 44684 32
36079 38286 32
36091 43076 32
36268 39378 32
39484 46740 32
39948 49205 32
40116 46162 32
43298 44458 32
44906 46462 32
48594 48865 32
277 47473 33
322 10416 33
528 7575 33
530 633 33
674 10558 33
1149 2116 33
1254 28533 33
1458 15742 33
1584 2249 33
1658 11886 33
1784 2622 33
1883 44230 33
1889 9996 33
2318 5040 33
2394 8690 33
3232 15793 33
3479 4449 33
3512 29030 33
4207 37940 33
4215 11831 33
4233 14478 33
4381 26271 33
4446 12371 33
4835 20511 33
5479 30858 33
5665 38021 33
5923 8483 33
6498 38033 33
6515 41246 33
6955 49869 33
7372 17287 33
7554 32659 33
7697 27478 33
7709 42706 33
7794 37883 33
7799 9283 33
8275 9110 33
8663 11412 33
9208 21323 33
9369 13240 33
9610 38179 33
9626 16493 33
10386 37933 33
10438 43301 33
11106 47455 33
11177 22248 33
11295 26719 33
11316 26420 33
11633 32715 33
11939 25397 33
13228 23530 33
13826 40292 33
14443 36783 33
14508 23236 33
14976 38314 33
15119 35749 33
15301 34210 33
15803 37952 33
16510 32975 33
16513 23481 33
17495 20683 33
17624 43399 33
18854 29598 33
19036 39019 33
21898 32463 33
23439 28785 33
25982 38225 33
26261 43402 33
27911 47550 33
28812 35161 33
30162 30819 33
30654 43794 33
30710 36188 33
31167 45003 33
31640 32984 33
32116 48538 33
32256 39854 33
32286 49610 33
32488 45616 33
33403 41394 33
34723 48881 33
35740 37931 33
38147 47210 33
38450 47972 33
38580 40263 33
41332 47198 33
42665 47570 33
84 5644 34
91 5824 34
352 42358 34
500 685 34
502 12718 34
624 29579 34
881 18724 34
940 8484 34
1232 14057 34
1293 17251 34
1505 6197 34
1533 40895 34
1574 2417 34
1803 48768 34
1920 9143 34
1982 33229 34
2046 40595 34
2065 24501 34
2266 13701 34
2434 4765 34
2470 26157 34
2552 6235 34
2974 3628 34
3177 16274 34
3395 37177 34
3892 41887 34
4163 36181 34
4450 41769 34
4502 9165 34
4546 5465 34
4560 6065 34
4841 41598 34
4911 17726 34
5217 11265 34
5359 34341 34
5421 13453 34
5455 47533 34
5562 35444 34
5668 40372 34
5807 36649 34
5888 11729 34
5921 18419 34
6022 35109 34
6302 25948 34
6330 47349 34
6409 34643 34
6443 12156 34
7376 23190 34
7706 43562 34
8158 35971 34
8691 11996 34
9070 17303 34
9074 44897 34
9954 37763 34
10088 13717 34
10521 18030 34
10532 25126 34
10779 22326 34
11459 14148 34
12803 20935 34
13113 30859 34
13427 37803 34
13817 18156 34
14105 32988 34
15539 32032 34
15910 17245 34
16004 23402 34
16972 24360 34
17385 24385 34
17637 29054 34
18355 30475 34
19196 34715 34
19250 39309 34
19664 38948 34
20435 41906 34
21033 24611 34
21648 33475 34
22977 25738 34
23058 31629 34
23561 47538 34
23668 34265 34
24658 25506 34
25146 49867 34
26803 33163 34
28272 37853 34
28733 42397 34
29188 30211 34
29481 37398 34
30144 34431 34
32428 45802 34
33641 38157 34
33890 37591 34
34081 42839 34
35641 39835 34
36093 41983 34
36747 47176 34
36925 46070 34
41216 49328 34
44109 48261 34
44150 48159 34
231 272 35
366 3007 35
467 24642 35
470 5205 35
497 1304 35
506 8169 35
741 22289 35
1044 18203 35
1193 38455 35
1809 21828 35
1838 3833 35
2173 7781 35
2183 18207 35
2219 2394 35
2427 15841 35
2789 33605 35
2918 48676 35
3171 12754 35
3488 9961 35
3784 34198 35
3851 18162 35
4116 36003 35
4134 4678 35
4157 13228 35
4267 7627 35
4385 6669 35
4652 39409 35
4749 26486 35
4783 32039 35
4845 22053 35
4850 36335 35
5242 13208 35
5374 11710 35
5496 23924 35
5597 27771 35
5733 12500 35
5748 28413 35
5862 18023 35
6362 34690 35
6369 37415 35
6381 29746 35
6654 7029 35
6828 21635 35
6914 15274 35
7016 7478 35
7248 17314 35
7525 10113 35
7797 15995 35
8070 28247 35
8102 32248 35
8553 11019 35
8647 18268 35
9091 40877 35
9420 14815 35
9578 11152 35
11772 45149 35
11857 35165 35
11961 22861 35
11987 42204 35
13285 44226 35
13382 28845 35
13677 43884 35
14180 24569 35
14202 14491 35
14287 48191 35
14296 46992 35
14349 25714 35
14401 38151 35
14467 46658 35
15617 47136 35
15671 37076 35
16642 44247 35
16646 21917 35
17372 18037 35
17877 42299 35
18840 40869 35
19182 32093 35
19546 25779 35
19805 26314 35
20079 22441 35
20095 30153 35
21763 23055 35
22444 22621 35
23325 44443 35
23686 36559 35
23995 26497 35
24194 45877 35
24469 45032 35
25594 33395 35
25957 37870 35
26777 36796 35
27055 37517 35
28209 37526 35
30117 49452 35
30725 47158 35
31290 39424 35
31747 43542 35
32148 36828 35
32255 49236 35
32787 44779 35
32955 33281 35
33413 37781 35
34412 38012 35
34631 47087 35
36701 38098 35
36990 40206 35
38987 40595 35
39129 47420 35
39519 46077 35
41998 49768 35
42043 49353 35
42126 43547 35
43488 48710 35
43544 44514 35
104 509 36
199 11702 36
487 1214 36
635 1617 36
1031 6192 36
1091 2123 36
1415 40871 36
1448 2379 36
1467 1500 36
1516 27540 36
1696 5078 36
1837 24285 36
2229 3456 36
2305 5806 36
2360 2637 36
2482 8133 36
2740 41754 36
2768 4061 36
2990 10721 36
3046 13088 36
3599 12261 36
3613 22798 36
3769 9183 36
3877 7287 36
3951 44698 36
4155 15912 36
4169 13049 36
4172 16055 36
5156 12571 36
5315 45971 36
5583 12142 36
6457 17100 36
7369 11377 36
7741 11031 36
7825 38196 36
8918 23002 36
9147 25771 36
9185 29591 36
9318 34562 36
9349 9588 36
9504 14733 36
9536 25234 36
10448 39253 36
11204 30830 36
11283 29396 36
11440 21832 36
11606 38331 36
12230 33147 36
12262 37342 36
12454 43212 36
12698 21269 36
13195 31272 36
13382 18674 36
13456 16595 36
13471 13858 36
13746 42715 36
14207 20512 36
14376 16677 36
14600 46193 36
14835 48294 36
15179 37038 36
15221 15385 36
15766 19710 36
15819 46761 36
15827 23060 36
16020 48117 36
16050 17895 36
16246 33244 36
17003 27662 36
18027 29425 36
18269 19858 36
18450 34899 36
18832 32376 36
18935 41762 36
19775 31639 36
19927 43404 36
20500 39136 36
20618 37552 36
20711 36981 36
20837 21749 36
21035 28953 36
21273 35984 36
21312 36847 36
21360 25586 36
21487 34968 36
21674 40079 36
21873 23938 36
22589 39747 36
23020 45936 36
23309 28164 36
24344 39797 36
24491 40681 36
24612 34422 36
24805 35353 36
26239 36144 36
26368 39294 36
26410 43343 36
26961 34628 36
27085 34339 36
28175 34839 36
28775 39201 36
31072 42945 36
32743 44138 36
33709 42384 36
33788 45724 36
34832 41133 36
35637 48169 36
38078 46749 36
38741 48430 36
39492 42376 36
40441 46850 36
43910 43922 36
57 2575 37
137 189 37
205 34003 37
307 21217 37
334 4725 37
360 27592 37
469 21203 37
473 18602 37
633 5835 37
763 3306 37
788 5892 37
839 1100 37
915 1067 37
954 3871 37
1019 1359 37
1056 42804 37
1086 40950 37
1141 15445 37
1237 2073 37
1518 1702 37
1771 2324 37
2006 13626 37
2475 38965 37
2504 15003 37
3705 5099 37
3755 5174 37
3995 36830 37
5027 45800 37
5251 34353 37
5643 18027 37
5943 16099 37
6047 40391 37
6243 10070 37
6536 32500 37
6558 48572 37
6740 15259 37
6756 39813 37
6976 18425 37
7191 47139 37
7382 23942 37
7919 28047 37
8324 38746 37
8671 8863 37
8718 31999 37
8773 9068 37
9183 26174 37
9660 24890 37
9679 11560 37
9745 31417 37
10870 32142 37
11065 14171 37
11272 19331 37
11306 19190 37
11603 14321 37
11641 28811 37
11978 41300 37
12464 13494 37
12554 30501 37
13121 36051 37
13302 15349 37
14755 17978 37
14977 28463 37
15725 16663 37
16085 43012 37
16438 20791 37
16788 46002 37
17096 47890 37
17559 35254 37
17983 32974 37
18032 23816 37
18035 38850 37
18133 43407 37
18468 31606 37
18757 33603 37
19615 32316 37
19712 27073 37
20329 22503 37
21622 33525 37
22195 32774 37
24131 32088 37
25086 37957 37
25238 46469 37
26453 36852 37
28478 34918 37
29697 33945 37
29701 34276 37
29816 31362 37
29897 30106 37
31047 46221 37
31266 39859 37
31685 36163 37
31786 33802 37
34791 35173 37
34987 38029 37
37545 40824 37
42035 49132 37
42989 45462 37
43077 49424 37
44033 49233 37
44312 45164 37
108 773 38
176 2349 38
241 308 38
598 1135 38
689 2821 38
830 7311 38
1076 41099 38
1610 24571 38
1631 37704 38
1847 13706 38
2084 17040 38
2370 41840 38
2430 9201 38
2660 16426 38
2699 33198 38
2945 8538 38
3168 3177 38
3620 37476 38
3995 14005 38
4048 6498 38
4155 32809 38
4224 24600 38
4411 9288 38
4627 7190 38
5886 17809 38
5992 7904 38
6259 41397 38
6289 16707 38
6617 11522 38
6816 18635 38
6824 18050 38
7332 31034 38
7426 11618 38
7724 45301 38
8230 16967 38
8408 10497 38
8432 41773 38
8502 18072 38
8591 28749 38
9023 38288 38
9181 40978 38
10149 39687 38
10301 29665 38
10333 25926 38
10388 28384 38
10514 25854 38
10561 40431 38
10681 42213 38
10823 39506 38
12102 36924 38
12395 39744 38
12824 29079 38
13659 19473 38
14790 41379 38
15558 40694 38
15580 17686 38
15696 36141 38
16438 42965 38
16764 30039 38
17079 19839 38
17242 22769 38
17718 27704 38
18727 38478 38
18772 45866 38
19574 23489 38
19818 31282 38
20096 43147 38
20121 23808 38
20290 31634 38
20336 32845 38
20834 35808 38
21062 34093 38
21332 29247 38
24358 28020 38
25761 29681 38
25911 37773 38
26193 43235 38
27966 39160 38
28387 32393 38
29394 34990 38
30947 49509 38
30995 42989 38
31324 45064 38
31586 49504 38
32479 47413 38
32596 33735 38
34694 45651 38
35893 48197 38
36102 38654 38
40220 46255 38
44788 47334 38
45292 45548 38
148 10256 39
484 6476 39
502 10198 39
749 33276 39
850 17271 39
957 1905 39
1138 14089 39
1282 10311 39
1371 30470 39
1395 41978 39
1457 2662 39
1526 4660 39
1936 9350 39
2061 9537 39
2142 38551 39
2187 29039 39
2442 30101 39
2761 9625 39
2952 9228 39
3006 17194 39
3008 6782 39
3636 15778 39
3850 14171 39
3879 38047 39
4585 38820 39
4696 29172 39
5013 36495 39
5085 15329 39
5286 44627 39
6621 7782 39
6669 41541 39
7054 19583 39
7076 9503 39
7310 26667 39
7343 20364 39
7418 36076 39
7969 14985 39
8061 47758 39
8532 35517 39
8637 8948 39
9239 18643 39
9268 15013 39
9309 20075 39
9788 10206 39
10051 34653 39
10347 49767 39
11146 20504 39
11462 13106 39
11551 23733 39
12090 42303 39
13469 32813 39
13539 38665 39
13667 23423 39
14437 46543 39
14954 43816 39
15351 26459 39
15849 30996 39
17462 21564 39
17573 17645 39
18328 39831 39
18514 20896 39
18923 33732 39
20283 23426 39
20473 27555 39
21080 21369 39
21278 28393 39
21634 31511 39
22449 34554 39
22632 31088 39
23996 43175 39
24674 40686 39
24869 46197 39
25130 27794 39
25414 43046 39
25528 32214 39
26901 32131 39
28321 34084 39
28813 31888 39
29062 41034 39
29906 42385 39
30251 45876 39
30449 43317 39
30648 31895 39
32711 32771 39
34066 43554 39
34536 47192 39
34540 40860 39
37845 43031 39
38343 44165 39
45760 48003 39
1 24347 40
183 358 40
204 373 40
221 1005 40
540 7946 40
673 23749 40
678 22308 40
690 1314 40
742 44180 40
1121 15854 40
1542 8058 40
1645 1931 40
2105 16665 40
2225 13059 40
2280 10943 40
2296 14255 40
2418 3276 40
2491 18545 40
2570 2647 40
2652 23462 40
2666 24541 40
2686 21652 40
2750 27527 40
2770 31179 40
3662 14968 40
3770 30376 40
4310 22708 40
4476 10493 40
5071 47957 40
5274 17624 40
5498 8296 40
5691 40787 40
5855 11078 40
5945 9210 40
6190 49587 40
6250 8041 40
6521 25008 40
7276 32200 40
7731 32367 40
8499 15853 40
9037 42421 40
9465 13309 40
10017 27561 40
10323 21733 40
10854 43905 40
10885 30308 40
10950 45754 40
12392 48423 40
12799 26632 40
13016 14657 40
13238 31272 40
13981 45474 40
14208 39172 40
14259 25572 40
15252 20855 40
15254 34737 40
15780 32655 40
16054 43475 40
16113 20424 40
16259 16600 40
16497 31241 40
16854 21889 40
17602 30812 40
17959 33825 40
18104 19142 40
18475 31333 40
19127 38660 40
19592 25472 40
21476 34379 40
22181 23277 40
22208 31258 40
22541 43664 40
23715 46731 40
24175 49144 40
24318 48560 40
24827 49752 40
25656 44823 40
26755 48657 40
26878 42259 40
27287 35982 40
27489 29270 40
27576 41939 40
27922 32593 40
27985 48672 40
28320 33273 40
29060 38586 40
29140 46563 40
29786 49098 40
29921 43422 40
30133 31168 40
30684 47308 40
30900 49873 40
31619 32719 40
32386 44990 40
32707 35899 40
33733 39145 40
35044 41712 40
36759 47946 40
38249 39378 40
39520 41001 40
40273 44218 40
41559 47091 40
43486 46163 40
44718 46190 40
45927 46797 40
215 3516 41
426 10331 41
671 4272 41
766 4843 41
1154 1176 41
1173 48427 41
1594 3146 41
1703 12676 41
1855 4971 41
1987 5665 41
2175 30148 41
2453 26391 41
2545 21482 41
2771 7285 41
2829 7004 41
2834 3271 41
3130 3416 41
3383 42535 41
3500 6010 41
3691 47939 41
3935 37561 41
3991 41237 41
4235 7674 41
4747 6721 41
4903 13096 41
5014 26747 41
5016 37406 41
5394 38015 41
5952 24986 41
6426 6902 41
7260 16601 41
7616 49165 41
8098 45345 41
8110 48092 41
8205 16928 41
8280 23260 41
8896 27201 41
9272 15403 41
9432 39556 41
10327 15070 41
10456 34593 41
10926 42202 41
11342 37897 41
11432 34382 41
11715 23165 41
12356 18874 41
12394 15902 41
12410 26170 41
13123 25219 41
13439 36751 41
13912 29657 41
14139 16745 41
14349 17659 41
14444 36275 41
15097 25619 41
15837 16347 41
17091 22143 41
17233 42121 41
17406 40748 41
17575 31737 41
17801 46160 41
18475 45172 41
19218 36482 41
19798 44463 41
19825 35454 41
20261 48493 41
20897 24211 41
21232 35728 41
21445 35663 41
22012 30917 41
22506 48906 41
22927 33397 41
23017 48033 41
23473 48736 41
23745 35447 41
23933 45400 41
24055 37662 41
24688 31969 41
24968 31483 41
25582 49902 41
25802 40132 41
25822 47949 41
26717 44695 41
27608 39250 41
27734 46748 41
28138 31286 41
28915 35915 41
30296 39396 41
31618 43681 41
32075 49969 41
32520 42565 41
32930 44703 41
34352 34805 41
37520 45576 41
37643 41576 41
38819 44706 41
39340 42007 41
39539 49854 41
39544 45586 41
40704 49481 41
41039 48115 41
41690 44989 41
44985 47100 41
132 14820 42
339 1095 42
422 843 42
440 7123 42
1101 4227 42
1204 5655 42
1462 23174 42
1617 9573 42
1715 2212 42
2302 2858 42
2464 3925 42
2851 19718 42
3320 22246 42
3395 39979 42
3616 39669 42
3629 34779 42
3761 26471 42
4012 15906 42
4183 26682 42
4414 9727 42
4641 35672 42
5127 18441 42
5187 45551 42
5235 46986 42
5662 12525 42
5789 16219 42
6044 31490 42
6712 30723 42
6820 36211 42
6941 29121 42
7230 26773 42
7416 18950 42
7558 9860 42
7723 33568 42
7862 29369 42
8055 20228 42
8427 37937 42
8794 12270 42
9005 32325 42
9069 28338 42
9152 25102 42
9251 24732 42
10215 37805 42
10823 46650 42
10975 41423 42
10976 12421 42
12070 47443 42
12229 13670 42
12376 33688 42
13703 18470 42
13968 24728 42
14128 16099 42
14136 15983 42
15332 20539 42
16233 22046 42
16990 48065 42
17175 31823 42
17253 26384 42
17521 47558 42
17615 20820 42
18116 20070 42
18672 47274 42
19605 44694 42
19867 32610 42
20486 25972 42
21126 30917 42
21369 41820 42
21463 41551 42
22609 34055 42
23833 37998 42
23969 25888 42
25212 43448 42
27346 33784 42
27678 49845 42
28536 32482 42
28584 35248 42
28774 29465 42
29439 39416 42
30884 47280 42
31080 37851 42
31841 37664 42
33262 43960 42
33388 43047 42
33548 41616 42
33579 40399 42
34042 39509 42
34598 36523 42
35955 42639 42
36526 45306 42
37742 49189 42
38797 41551 42
39740 43448 42
41423 43548 42
22 7980 43
213 15804 43
288 13960 43
558 731 43
1011 15185 43
1132 1823 43
1207 3760 43
1243 40380 43
1561 10039 43
1917 26096 43
2676 7733 43
2735 3436 43
3152 20799 43
3248 45005 43
3608 17189 43
4231 9034 43
4641 44660 43
4729 9223 43
4791 27031 43
5447 22193 43
5699 19525 43
6210 13935 43
6467 32725 43
6712 48853 43
7564 25203 43
7670 29254 43
8236 48290 43
8632 16281 43
9192 9416 43
9588 20220 43
9781 21684 43
9875 9929 43
10708 18405 43
11202 41294 43
11785 17582 43
11799 25474 43
11924 43177 43
12119 34170 43
12123 28095 43
12747 37735 43
12899 16163 43
12938 34187 43
13982 14798 43
13982 40609 43
14217 14865 43
15772 31450 43
16211 26850 43
16316 35045 43
17225 33586 43
17437 48468 43
18004 38883 43
18027 40314 43
18060 24766 43
18236 38966 43
18484 43572 43
18519 21941 43
19601 46663 43
19677 20555 43
20157 27626 43
20785 47847 43
21471 45024 43
22048 23431 43
22219 45840 43
22289 22749 43
22503 48274 43
22706 30339 43
23197 44911 43
23211 25878 43
23674 45898 43
23734 41663 43
24088 24384 43
24845 40777 43
25652 41385 43
26121 47232 43
27362 36351 43
27673 40581 43
28245 46093 43
30695 47328 43
31354 36493 43
32012 47311 43
32978 47106 43
33705 46532 43
35421 48650 43
38548 49699 43
39023 42298 43
41334 42467 43
82 218 44
454 19871 44
483 20727 44
562 774 44
594 22957 44
684 1247 44
1088 7331 44
1307 17246 44
1689 38472 44
1860 37452 44
1884 37352 44
1934 48494 44
2090 7398 44
2090 28963 44
2302 12381 44
2359 3361 44
3321 9580 44
3589 41915 44
4244 33023 44
4419 40004 44
4886 11590 44
5202 49223 44
5746 23494 44
5899 49821 44
5958 48477 44
6174 19379 44
6205 40730 44
7206 35925 44
7218 20521 44
7362 33104 44
8020 44480 44
10795 18716 44
11216 30447 44
11551 21220 44
11555 41895 44
11755 20182 44
11890 31881 44
11965 46962 44
12193 13746 44
12907 13815 44
13014 37671 44
13165 16310 44
13174 14332 44
13768 48316 44
14193 46610 44
14225 33965 44
14775 40161 44
15048 42886 44
15213 18860 44
15498 17680 44
16417 29212 44
17851 26123 44
18567 22242 44
18577 41299 44
18896 26568 44
19038 30766 44
19111 36087 44
19565 24937 44
19725 23770 44
19747 37344 44
20110 40440 44
20943 26321 44
21246 35966 44
21644 39210 44
21894 35495 44
22447 31956 44
23258 40506 44
24161 24179 44
24476 27966 44
24703 27827 44
26957 28931 44
27749 46837 44
28973 39052 44
29385 44563 44
29431 41506 44
29727 37179 44
31165 33706 44
31878 38349 44
32636 39015 44
34107 48668 44
34515 48633 44
35798 49187 44
35991 39420 44
37333 40741 44
38364 42953 44
39676 48425 44
42683 48732 44
44928 46627 44
47422 47670 44
41 16716 45
464 1295 45
512 609 45
712 24592 45
739 36779 45
845 26183 45
864 15924 45
954 1183 45
1067 6400 45
1517 39991 45
1717 3870 45
1750 26812 45
1957 15972 45
1994 8738 45
2006 15439 45
2025 15281 45
2382 27164 45
2392 16712 45
2514 2681 45
2553 9134 45
3202 10596 45
4149 25726 45
4190 14773 45
4196 20120 45
4243 10178 45
4418 16689 45
4581 9422 45
4798 9183 45
5395 9551 45
5492 23283 45
5671 14512 45
5852 20805 45
6164 39169 45
6662 49607 45
6814 26233 45
7218 39724 45
7446 16997 45
7728 30930 45
7853 8007 45
8638 32045 45
8825 13446 45
9310 35920 45
9528 35325 45
9590 13466 45
9621 46575 45
9627 14882 45
10281 40221 45
10521 25288 45
10596 10824 45
10713 17323 45
10866 45588 45
10880 24955 45
11063 13172 45
11231 44950 45
11928 37026 45
11992 48963 45
12181 41141 45
12837 34967 45
13000 25728 45
14269 22550 45
15366 29531 45
15557 16111 45
15893 21375 45
15918 18725 45
16099 20745 45
16461 29056 45
17052 20036 45
17172 18516 45
17285 36094 45
18810 28335 45
19771 24891 45
19938 45615 45
21457 25770 45
21583 38022 45
21772 23499 45
22080 22125 45
22431 36366 45
22613 47808 45
22626 41237 45
23211 35607 45
23526 43125 45
24386 37617 45
24419 41404 45
24695 26366 45
24835 27175 45
26513 49722 45
28835 47225 45
28911 30373 45
30430 39467 45
30763 40982 45
31596 46175 45
32129 38691 45
33824 40395 45
35021 39059 45
35390 46021 45
35522 39249 45
36939 38897 45
37503 46868 45
38369 44452 45
40236 49560 45
45137 47230 45
102 45338 46
141 33931 46
270 1556 46
469 3244 46
553 16610 46
639 19958 46
693 28643 46
865 7982 46
876 38880 46
1054 35337 46
1059 37676 46
1141 10903 46
1222 45665 46
1532 8826 46
1930 6124 46
2673 48540 46
2882 21401 46
2939 4186 46
2947 15175 46
3148 22408 46
3638 38973 46
3685 6972 46
3781 14713 46
4332 36065 46
4528 36407 46
4688 4726 46
5096 15544 46
5147 32479 46
5160 5408 46
5178 47184 46
5304 29409 46
5550 18213 46
5925 6699 46
6204 33525 46
6242 19572 46
6667 8019 46
6828 10095 46
6841 42677 46
6914 34291 46
7132 45875 46
7268 24979 46
7863 39462 46
8876 16713 46
8976 48205 46
9009 42843 46
9082 33441 46
9374 41308 46
9642 12846 46
9924 21991 46
10262 10654 46
10663 41611 46
10826 28117 46
11228 12879 46
11486 21473 46
11546 18401 46
12093 14950 46
13248 29206 46
13269 28628 46
13457 40014 46
13539 40981 46
14453 30519 46
14945 17842 46
15848 41754 46
16001 48453 46
16437 24096 46
16659 23527 46
16721 32409 46
17394 44215 46
17418 23292 46
17821 44108 46
18026 25440 46
18272 34341 46
18557 22624 46
19147 31518 46
19208 48817 46
19408 28964 46
21059 42544 46
21300 43676 46
21440 26170 46
21769 37647 46
21808 30510 46
21941 28738 46
22552 24236 46
24156 30172 46
24293 40415 46
25532 49990 46
25634 34228 46
25797 29487 46
25857 37282 46
25881 38329 46
26486 35629 46
26648 40490 46
28027 29900 46
28103 29482 46
28917 30019 46
30276 33914 46
31107 46996 46
31467 35647 46
31534 40411 46
33226 48935 46
34264 49534 46
36038 39861 46
36377 37650 46
37491 47744 46
38502 46427 46
40035 41033 46
40514 42478 46
40914 47525 46
41753 46194 46
42878 43111 46
44929 49163 46
47472 49097 46
527 26234 47
709 6214 47
735 9618 47
1103 5708 47
1286 24776 47
1287 7742 47
1457 3350 47
1532 11199 47
1578 5303 47
1811 4643 47
1870 23211 47
2181 5102 47
2267 24796 47
2809 31646 47
2890 3342 47
3245 44379 47
3346 8669 47
3797 29375 47
3911 17179 47
4610 34611 47
4957 16776 47
5037 8901 47
5232 38173 47
5489 40623 47
5665 7531 47
5880 13780 47
6004 17816 47
6118 35114 47
6367 6844 47
6901 29251 47
7150 10015 47
7321 21984 47
7397 40200 47
7528 10371 47
8118 8639 47
8397 47831 47
8502 10617 47
8796 32780 47
10096 10392 47
10325 20038 47
10740 26128 47
10986 36696 47
11354 34498 47
11623 45966 47
11850 40047 47
11947 37563 47
12468 27890 47
12841 22012 47
12909 35324 47
13385 19592 47
13942 23547 47
14228 29766 47
14346 40446 47
14392 34314 47
14585 29791 47
14595 46200 47
14873 21277 47
15059 37825 47
16246 39200 47
16457 24440 47
16679 46556 47
16893 47180 47
17333 34059 47
18280 43553 47
18975 21901 47
19704 46839 47
19748 25210 47
22485 39374 47
22731 28640 47
23200 34967 47
25284 38568 47
25970 32907 47
26527 32460 47
27348 38784 47
27495 36603 47
28365 46506 47
28765 31383 47
28895 43873 47
29043 37692 47
30402 35000 47
31293 47547 47
32026 49720 47
32818 33819 47
36202 36745 47
36398 37176 47
37465 37676 47
38274 47852 47
38321 43821 47
38723 44391 47
38882 47643 47
105 475 48
146 15546 48
185 643 48
203 22760 48
550 15483 48
559 32103 48
709 8006 48
722 25508 48
767 1191 48
782 20705 48
937 1010 48
959 2400 48
979 30455 48
1064 31874 48
1358 10245 48
1690 21322 48
1742 38629 48
1786 11540 48
2049 46402 48
2268 7888 48
2449 40862 48
2610 8267 48
2709 26710 48
2813 7481 48
2942 13641 48
3289 5455 48
3525 20608 48
3596 29517 48
3634 8490 48
3904 18565 48
4058 15344 48
4118 17011 48
4258 43485 48
4425 10631 48
4560 29600 48
4802 7937 48
5492 8908 48
5583 15507 48
6513 22506 48
6595 7497 48
6855 35188 48
7567 16646 48
7839 43457 48
7905 32797 48
8117 33091 48
8524 23266 48
8712 9805 48
9687 43897 48
9768 38310 48
9930 12640 48
10018 28584 48
10293 22373 48
10462 21043 48
10542 12387 48
10963 16133 48
11455 29931 48
12208 14571 48
12468 16579 48
12766 17518 48
13283 44753 48
13479 21821 48
13589 18838 48
14026 28153 48
14066 43005 48
14334 30262 48
14538 21251 48
14619 35423 48
15081 42822 48
15396 35854 48
16582 17782 48
17510 36027 48
17575 20044 48
17809 32272 48
18089 33685 48
18791 49196 48
18903 22951 48
19621 21681 48
20082 35062 48
20992 45174 48
21697 41929 48
21888 36229 48
22091 35524 48
22326 27460 48
22330 44523 48
23138 39461 48
23558 37694 48
23731 39140 48
24740 36627 48
26632 41701 48
28036 38648 48
29158 37376 48
30418 46014 48
31882 40540 48
32864 38557 48
33916 48348 48
34225 47987 48
34381 38972 48
36767 40081 48
36849 43243 48
38208 41240 48
38339 47940 48
46249 49191 48
47862 49734 48
185 2817 49
269 1587 49
344 13419 49
863 2106 49
905 44417 49
1089 11942 49
1092 2223 49
1174 39185 49
1746 14531 49
2152 36849 49
2259 9779 49
2949 11741 49
3257 48923 49
3332 11049 49
3435 33312 49
3503 28935 49
4168 4634 49
4203 13890 49
4431 45561 49
4902 29157 49
5412 48695 49
5447 10064 49
5656 45159 49
5837 23864 49
5843 24521 49
5899 35553 49
5947 33018 49
6234 48832 49
7371 11107 49
7378 22452 49
8394 30045 49
8535 20326 49
8641 8664 49
9039 22292 49
9345 15289 49
9995 47537 49
10142 29082 49
10393 10950 49
10676 32256 49
10780 36495 49
11267 13070 49
11436 15972 49
11492 40978 49
11846 14850 49
11907 42259 49
12389 40325 49
12799 13353 49
12826 19937 49
13208 20952 49
13636 22397 49
13830 22413 49
14555 20424 49
14625 16055 49
14687 34022 49
14696 19514 49
15328 16632 49
15542 44821 49
15705 16083 49
15879 39583 49
16424 38232 49
16598 25211 49
16925 46798 49
17356 24119 49
17797 25518 49
17809 43310 49
18123 39442 49
18201 20971 49
18861 38871 49
19234 24323 49
19342 44565 49
19642 36475 49
20536 29833 49
20740 25442 49
21699 46085 49
23174 32444 49
23208 38629 49
23363 44653 49
23527 46486 49
24848 34316 49
24903 44688 49
25443 25486 49
26083 31303 49
27654 49840 49
28450 32084 49
28505 33536 49
28892 49993 49
30301 46550 49
30821 48902 49
31416 36688 49
31496 40107 49
32986 33734 49
34284 39416 49
34609 43623 49
35698 39067 49
37075 40593 49
37650 43587 49
40498 43773 49
308 15482 50
395 9186 50
597 41636 50
960 25815 50
978 10325 50
1288 12175 50
1319 20372 50
1625 9204 50
1992 26674 50
2110 26841 50
2414 9741 50
2424 27334 50
2546 25415 50
2899 7840 50
3134 11501 50
3297 32297 50
3651 18667 50
3699 47656 50
3703 10838 50
3892 4102 50
4031 38901 50
4122 20119 50
4713 38664 50
4779 34473 50
5014 5563 50
5144 5797 50
5385 23660 50
5549 17256 50
5635 45065 50
5667 16615 50
6020 24769 50
6304 6412 50
6552 10835 50
6583 10569 50
7080 11115 50
7226 12558 50
7507 49555 50
7544 10417 50
7653 30538 50
8067 23465 50
8346 34189 50
9152 18069 50
9166 32428 50
9648 22900 50
9695 12194 50
10162 17749 50
10351 23458 50
10355 23894 50
10584 25730 50
10624 20344 50
10736 29506 50
11090 19556 50
11234 20605 50
11258 45914 50
11965 14887 50
12437 48276 50
12758 14251 50
12917 26064 50
13454 26752 50
14638 32135 50
14738 26288 50
15142 16148 50
15664 38994 50
17111 38765 50
17208 21574 50
17484 43112 50
17963 49486 50
18638 31406 50
18738 44967 50
19170 23392 50
19520 28703 50
19791 25427 50
20386 27280 50
20854 43582 50
21718 24669 50
22730 46892 50
23209 31536 50
23521 30334 50
25399 28650 50
25835 40485 50
26413 37511 50
26546 27161 50
26555 31867 50
27809 40589 50
27973 33458 50
28163 33020 50
32206 36704 50
33187 46415 50
33355 39086 50
36791 49991 50
43842 49585 50
188 10092 51
276 648 51
366 661 51
727 3650 51
1074 3794 51
1199 18339 51
1412 5816 51
1588 3551 51
1809 14813 51
1891 30744 51
2026 45709 51
2261 44396 51
2390 9869 51
2665 7947 51
2668 24714 51
2676 2873 51
2885 36026 51
2999 9653 51
3224 34834 51
3434 10186 51
3456 13290 51
3564 7579 51
3584 48608 51
3677 35515 51
3838 48974 51
4467 7601 51
4469 26300 51
4639 47510 51
5660 24638 51
5668 18061 51
5684 10258 51
5845 11306 51
6271 32681 51
6465 17898 51
6572 6680 51
6574 14085 51
6587 33212 51
6831 39629 51
6840 32749 51
7875 14514 51
8003 8853 51
8297 32713 51
8349 46594 51
8427 8956 51
8530 12424 51
9418 12796 51
9564 41647 51
9700 48082 51
9922 19756 51
10707 41316 51
10997 16571 51
11327 49920 51
11900 45834 51
12089 16996 51
12684 18550 51
13221 19121 51
13306 23581 51
14202 17679 51
14473 38276 51
14502 17192 51
14511 21686 51
15490 34405 51
16056 27757 51
16325 44125 51
17392 31283 51
17576 44793 51
18506 39434 51
18633 25267 51
18648 29857 51
19047 31521 51
19377 23269 51
19558 20178 51
19833 38361 51
19875 33978 51
19998 30203 51
20010 29452 51
20751 34644 51
21198 46070 51
21273 44327 51
21539 35516 51
21570 39482 51
21791 30031 51
22040 33818 51
22186 26323 51
23475 33551 51
23588 32499 51
23904 48741 51
23905 33010 51
24609 27437 51
24829 28698 51
24867 24995 51
25676 32452 51
25687 40369 51
25692 30840 51
26707 32796 51
27126 41033 51
27764 36207 51
27960 40661 51
28523 35741 51
28823 36727 51
30329 49232 51
31478 48504 51
35830 48142 51
36327 43923 51
37318 44142 51
37671 40423 51
38272 44328 51
38603 49382 51
39611 41453 51
43889 49434 51
44041 48665 51
44414 46506 51
49227 49642 51
0 3 52
68 1706 52
105 212 52
427 49832 52
740 29839 52
904 6989 52
912 24231 52
980 4630 52
1033 41195 52
1155 1585 52
1463 29828 52
1519 4731 52
1775 2562 52
1822 32704 52
1909 32062 52
2160 48651 52
2215 32818 52
2256 30775 52
2441 25820 52
2523 17648 52
2552 14686 52
2611 38399 52
2712 20193 52
2918 24712 52
2987 21353 52
3233 28034 52
3279 13599 52
3433 42707 52
3729 39276 52
4031 7936 52
5083 24292 52
5433 46199 52
5514 6041 52
5948 37157 52
5958 18288 52
7563 37710 52
7916 14580 52
8918 36089 52
9312 26943 52
9413 20959 52
9525 28937 52
10341 17925 52
10477 18651 52
10771 20493 52
10797 47362 52
12037 45220 52
12413 27979 52
12571 20880 52
12666 31019 52
12938 40512 52
13232 13478 52
13279 29015 52
13281 43030 52
14087 30299 52
14283 33932 52
14310 27210 52
14571 48434 52
14626 24486 52
14737 43489 52
14751 18513 52
14816 16473 52
15074 24292 52
15157 19628 52
15641 15774 52
15674 42651 52
16867 20481 52
17996 46889 52
20185 46544 52
20222 37800 52
21987 27566 52
22631 37226 52
23679 30123 52
24223 49817 52
24349 26866 52
24710 34034 52
25820 26625 52
26115 44514 52
26337 49369 52
26677 37166 52
27091 42568 52
29604 44662 52
30166 43332 52
32328 39721 52
33370 42244 52
33446 36724 52
33589 41411 52
36179 49523 52
38381 48447 52
38416 41560 52
39531 45857 52
43936 49651 52
43956 47966 52
180 34002 53
230 1712 53
264 25641 53
332 19216 53
834 27901 53
894 38951 53
1122 2764 53
1509 1517 53
1537 2452 53
1723 41228 53
1858 16876 53
2233 4171 53
2404 8480 53
2407 7780 53
2448 4803 53
2538 3626 53
2768 7524 53
2954 3669 53
3046 15251 53
3114 17084 53
3410 25084 53
3493 23922 53
3514 6003 53
4123 35254 53
4188 26385 53
4727 36954 53
4923 40617 53
5401 49207 53
5787 41249 53
5991 9371 53
6160 9072 53
6331 37390 53
6583 34755 53
7303 29559 53
7325 9871 53
7893 22782 53
8106 15018 53
8244 16700 53
8393 13175 53
8565 41122 53
8599 15057 53
8645 36093 53
8925 13859 53
9052 13756 53
9247 10322 53
9878 22539 53
10127 36454 53
10384 39343 53
10694 24642 53
10992 15663 53
11053 48825 53
11118 40497 53
11392 38698 53
11729 42082 53
11895 27619 53
11902 15451 53
11961 37429 53
12037 26907 53
12151 13501 53
12185 24349 53
12349 12597 53
12370 37301 53
12466 13566 53
13081 32445 53
13508 49761 53
13713 30635 53
13732 33035 53
14414 41518 53
15569 40651 53
18094 45279 53
18507 37095 53
18621 22782 53
18736 23852 53
18957 28062 53
20088 38494 53
20677 25544 53
21045 31758 53
21844 30906 53
22247 30937 53
22416 33685 53
22648 48598 53
22772 30299 53
22855 31479 53
23068 26466 53
24134 45352 53
24393 25186 53
26494 39228 53
27981 41933 53
28682 47879 53
31441 33559 53
31458 48951 53
33118 39966 53
34020 42928 53
34187 39474 53
35081 45393 53
36329 43260 53
37384 41903 53
40741 49003 53
45211 49094 53
41 366 54
104 990 54
371 18700 54
559 23523 54
587 15545 54
1089 3989 54
1265 2738 54
1555 2149 54
2253 3846 54
2474 39688 54
2506 4855 54
3103 7610 54
3120 30204 54
3235 23365 54
3245 41135 54
3304 24717 54
3901 40640 54
4225 5551 54
4381 10912 54
4440 22675 54
4556 35685 54
5398 33846 54
5877 29801 54
6266 7171 54
6514 34381 54
6598 25191 54
6801 17386 54
6901 19747 54
7083 42625 54
7168 19161 54
7805 9619 54
8387 42029 54
9006 11198 54
9296 17966 54
9338 25809 54
10018 16937 54
10292 19527 54
10646 38216 54
11066 49237 54
11085 34436 54
11105 29316 54
11963 24370 54
12108 18418 54
12276 17031 54
12878 48325 54
12897 37278 54
12970 32696 54
13636 39048 54
13722 46484 54
14219 17392 54
14610 20098 54
14694 49058 54
14705 29065 54
14816 27488 54
14897 38855 54
15256 30820 54
15630 42714 54
16159 37701 54
16265 33706 54
16301 45501 54
16678 47050 54
16763 32258 54
17293 38011 54
17303 30025 54
17671 18152 54
19450 35907 54
20038 28307 54
20334 31573 54
21005 40231 54
21712 31531 54
22525 49575 54
22886 40125 54
23566 31388 54
23754 44873 54
24220 24909 54
24314 40844 54
24316 42885 54
24467 48470 54
25485 37395 54
25640 40685 54
25792 48530 54
26132 36541 54
26586 38959 54
28592 40163 54
29528 46497 54
29654 45913 54
31158 40577 54
31476 43437 54
32356 35152 54
34214 34732 54
34917 49129 54
35337 49525 54
35772 43001 54
37456 47952 54
38967 42694 54
39627 44181 54
39864 42104 54
41160 48459 54
43716 44576 54
43929 49612 54
44817 45012 54
44873 46627 54
47429 47647 54
81 818 55
90 115 55
382 10164 55
508 1839 55
732 1240 55
1059 16205 55
1569 28640 55
1733 7645 55
1738 15906 55
2106 3822 55
2151 33342 55
2356 3779 55
2423 27536 55
2837 23164 55
2938 37255 55
2969 27483 55
3112 25813 55
3133 42879 55
3668 8602 55
4061 37768 55
4131 15941 55
4231 13985 55
4239 9876 55
4970 31132 55
5555 27784 55
5824 32560 55
6514 24511 55
7238 44325 55
7329 28347 55
7351 17603 55
7511 26298 55
8275 43264 55
8484 14133 55
8499 42833 55
8529 15397 55
9257 29182 55
9623 24894 55
10048 43299 55
11031 22215 55
11070 35403 55
11200 18028 55
11253 20362 55
11470 17774 55
11608 35241 55
11742 26853 55
12049 18499 55
12070 35050 55
13031 32312 55
14331 44412 55
14504 16790 55
14701 17648 55
14943 17735 55
15834 34948 55
15933 47541 55
15973 20630 55
15986 29768 55
16190 39430 55
16750 48821 55
17796 37357 55
18148 29518 55
18465 44490 55
18976 22094 55
19035 37947 55
19224 32326 55
20933 36019 55
21029 46249 55
21472 43968 55
21932 28511 55
22778 43310 55
23129 42450 55
24144 32792 55
25175 29614 55
25990 30685 55
27393 39909 55
28149 32400 55
28809 31665 55
28846 38849 55
28867 44300 55
28960 41811 55
29304 47993 55
30462 35194 55
32784 36987 55
33218 49188 55
33807 46599 55
35043 45850 55
36814 46047 55
37387 41621 55
38026 48627 55
38226 38964 55
39083 39897 55
40903 47884 55
42554 46286 55
42832 44317 55
49162 49459 55
8 25 56
188 49089 56
228 967 56
270 1754 56
839 14641 56
855 3632 56
2041 6491 56
2086 3898 56
2355 9485 56
2355 18993 56
2713 3563 56
2933 3001 56
3018 3875 56
3024 11608 56
3035 33858 56
3183 28271 56
3299 13011 56
3453 17671 56
3488 14809 56
4354 31465 56
4405 12549 56
4709 9874 56
5427 18398 56
5598 42286 56
6009 12412 56
6077 10089 56
6090 17190 56
6184 49093 56
6222 15388 56
6375 8672 56
6514 10954 56
6537 21980 56
6828 8949 56
7029 26226 56
7582 41496 56
8489 22645 56
9266 17552 56
9514 39530 56
10669 18960 56
11878 18555 56
11952 22853 56
12356 28500 56
12554 31498 56
12711 32183 56
12823 22927 56
13762 37593 56
14235 30485 56
15258 41033 56
15397 31377 56
15583 27004 56
16155 48645 56
16757 28585 56
17060 42784 56
17155 24899 56
17617 24631 56
18112 41505 56
18435 18662 56
18524 45262 56
18604 21249 56
20934 31030 56
21954 31890 56
22185 39323 56
22539 34956 56
23084 46898 56
23434 44374 56
23646 48887 56
24922 49309 56
25794 38110 56
25908 26240 56
26334 48930 56
26447 32505 56
26738 30480 56
27458 33018 56
27547 30233 56
27907 40641 56
29303 42637 56
29521 45845 56
30240 36875 56
30260 32159 56
31814 43021 56
35144 37092 56
35213 36462 56
35245 49664 56
35339 38976 56
35382 49516 56
36429 48114 56
36451 41793 56
37203 42843 56
49 8266 57
53 31497 57
184 3313 57
397 4506 57
484 2429 57
653 9166 57
901 11553 57
916 6527 57
1070 10324 57
1265 31745 57
1287 11432 57
1354 12517 57
1386 6106 57
1420 1871 57
1939 2079 57
2044 20002 57
2222 2967 57
2439 7462 57
3129 31698 57
4106 42304 57
4422 13718 57
4537 47543 57
4815 6978 57
4966 22259 57
5118 33397 57
5557 31257 57
6047 23744 57
6172 8136 57
6189 6252 57
6308 23294 57
6320 17633 57
6543 46499 57
6801 40148 57
8116 43028 57
8238 15508 57
9266 39276 57
10108 43432 57
10137 20681 57
10349 12979 57
10423 14730 57
10490 21373 57
10845 49929 57
10864 18131 57
10991 31367 57
11453 35244 57
13306 27720 57
13432 35439 57
13856 21005 57
14348 25193 57
14477 15487 57
14511 33609 57
14599 30621 57
14752 37732 57
14854 39819 57
15454 36945 57
16051 29664 57
16285 31836 57
16293 26676 57
18197 40534 57
18221 36430 57
18331 37063 57
18561 24757 57
18681 37839 57
19368 22522 57
19549 28020 57
19936 30594 57
20506 37061 57
20707 40285 57
21392 30255 57
25397 44172 57
25930 41276 57
26694 26759 57
26746 27686 57
27433 46906 57
27761 40890 57
28140 32327 57
28793 35769 57
29622 30682 57
30842 32733 57
31128 38109 57
31146 35255 57
33827 43883 57
34423 47261 57
34677 37615 57
35542 45772 57
37699 40025 57
38082 43771 57
38275 42281 57
38327 42376 57
38405 45315 57
39196 40294 57
46665 49206 57
46735 47854 57
681 1457 58
807 32314 58
1079 13783 58
1229 14333 58
1376 21631 58
1500 4187 58
1558 7612 58
1744 41691 58
1753 49327 58
1852 19011 58
2268 18579 58
2329 2584 58
2887 13871 58
3073 8083 58
3267 32241 58
3695 46440 58
3892 44603 58
4493 14027 58
4798 43060 58
5081 8612 58
5741 25433 58
5890 34322 58
5905 31308 58
5924 10547 58
6082 8265 58
6262 35228 58
6811 14452 58
7458 16818 58
7657 13381 58
7708 48591 58
8116 14281 58
8944 13126 58
9035 23980 58
9241 12146 58
9875 47576 58
9926 31346 58
10038 40397 58
10298 40830 58
10333 12506 58
10550 36023 58
10699 15435 58
10953 22854 58
11021 12646 58
11401 36595 58
11443 17707 58
12498 27357 58
12911 15052 58
12928 16530 58
13071 15028 58
13414 40165 58
13639 26823 58
14756 18822 58
15719 23024 58
15744 32878 58
15861 15997 58
16059 27005 58
16130 33923 58
17821 34886 58
17891 42914 58
18329 45723 58
18456 26358 58
19148 20841 58
19601 45964 58
19735 24272 58
20708 28242 58
21559 34749 58
21692 24324 58
23844 40137 58
23930 24284 58
24154 32744 58
24531 48899 58
24949 47716 58
25725 46972 58
26560 31359 58
26999 37038 58
27463 40957 58
28050 33958 58
29378 46035 58
30717 38197 58
32330 44359 58
33274 45777 58
33527 34756 58
34131 44950 58
37928 48487 58
39041 49002 58
39336 45593 58
39579 44578 58
42293 49793 58
42596 43190 58
44120 46860 58
44362 44974 58
47910 48355 58
62 276 59
73 1432 59
81 9864 59
111 19412 59
505 2654 59
515 11151 59
663 2203 59
729 21676 59
737 37528 59
1171 25265 59
1221 14793 59
1737 17028 59
1765 4372 59
2221 9254 59
2576 21111 59
3126 15468 59
3245 23605 59
3325 19517 59
3350 10755 59
3743 6696 59
3808 7867 59
3896 14980 59
3900 7682 59
4105 32855 59
4347 32868 59
4355 35408 59
4511 33480 59
4659 43509 59
4964 29271 59
5008 33705 59
5116 6121 59
5237 16673 59
5322 9619 59
5398 6448 59
5483 47197 59
5571 19482 59
5683 22587 59
5784 19763 59
5791 49265 59
6150 20207 59
6285 39513 59
6335 42704 59
6703 44989 59
6832 17024 59
6883 7952 59
6959 24594 59
7364 23425 59
7472 12844 59
7498 17135 59
7654 43441 59
7835 11914 59
8031 23485 59
8085 23550 59
8454 11777 59
8797 12490 59
10227 14189 59
10481 13076 59
10755 12070 59
10774 13104 59
11330 38654 59
11377 31811 59
11651 28719 59
12010 17751 59
12275 28737 59
12348 35645 59
12795 48621 59
12815 38935 59
12911 34879 59
13020 45240 59
13199 16634 59
14358 14667 59
15588 23948 59
15832 35453 59
15874 16203 59
16523 27147 59
16704 32196 59
16811 41615 59
16831 41346 59
17299 37019 59
17586 42447 59
17735 23342 59
18233 38872 59
18391 29770 59
19199 24321 59
19614 46212 59
19753 37062 59
19804 41569 59
20413 31461 59
21126 34691 59
21140 49197 59
21809 46584 59
22102 42334 59
22224 23411 59
22728 24391 59
22878 39247 59
23382 45910 59
23803 26720 59
23833 38764 59
23977 31299 59
24053 36968 59
24123 47424 59
24216 35817 59
24249 24410 59
24456 25480 59
25451 47654 59
25905 47215 59
26147 30229 59
26541 40529 59
26929 27175 59
27713 46762 59
27997 31723 59
28437 42279 59
28935 43477 59
29664 32628 59
29838 31292 59
30640 45193 59
32042 44387 59
32380 36436 59
32435 48269 59
33965 48016 59
34483 40046 59
34866 36515 59
36301 43835 59
36954 40194 59
37491 40221 59
40588 48465 59
213 25246 60
386 1676 60
416 457 60
539 655 60
786 7490 60
830 22165 60
857 999 60
876 11563 60
1124 5148 60
1283 47976 60
1382 1393 60
1600 4039 60
2304 34109 60
2350 2463 60
2482 18398 60
2738 24028 60
2964 3845 60
3384 49696 60
3663 34993 60
4260 21497 60
4526 32700 60
4676 8298 60
4678 17586 60
5157 12561 60
5250 23637 60
6387 17916 60
6418 13505 60
6590 34064 60
6793 20715 60
7917 48022 60
8215 28722 60
9253 23769 60
9431 19161 60
9453 24088 60
9487 45595 60
9503 14300 60
9692 17406 60
9903 40467 60
9904 42574 60
10205 11191 60
11169 32863 60
11369 31230 60
11411 15031 60
11464 13408 60
11565 31145 60
12254 25441 60
12476 36903 60
12950 15094 60
12969 17598 60
13618 23158 60
13682 20028 60
15083 38376 60
15928 25173 60
16251 23994 60
16647 41562 60
17065 44630 60
17400 17511 60
18383 23351 60
19677 35033 60
19801 30384 60
20657 47523 60
20706 22247 60
20933 26192 60
20951 39237 60
21334 45651 60
21453 35846 60
21839 26952 60
22222 27773 60
22426 28545 60
23278 43835 60
23797 26205 60
24208 46519 60
24219 40193 60
25309 46860 60
26149 46378 60
26279 49543 60
26310 37184 60
26340 47157 60
27365 40327 60
27822 32285 60
29001 37429 60
29930 45721 60
30506 37437 60
30660 35642 60
30810 33159 60
31274 42065 60
34516 48433 60
36200 48267 60
36426 36878 60
36974 43199 60
38565 39069 60
38823 42218 60
41013 45429 60
41189 42872 60
42008 42141 60
47842 49673 60
246 7965 61
332 3212 61
698 32274 61
705 9509 61
727 8976 61
817 30010 61
831 35813 61
942 1753 61
947 18355 61
963 1270 61
1034 24279 61
1375 5385 61
1419 9656 61
1786 4773 61
1840 25298 61
1845 5752 61
2082 16739 61
2088 12346 61
2515 31639 61
3183 7806 61
3278 48980 61
3364 5476 61
3538 29593 61
3713 5536 61
3775 36930 61
4123 6202 61
4135 14581 61
4720 23239 61
4743 14596 61
5209 28407 61
5744 13214 61
5766 11008 61
6162 15324 61
6184 12090 61
6369 31601 61
6570 49497 61
6714 30987 61
7545 48303 61
8239 36125 61
8325 49717 61
8869 16674 61
9266 23780 61
9566 17457 61
9570 29494 61
10089 37125 61
10991 30152 61
11045 44630 61
11169 39784 61
11298 47871 61
11367 42367 61
11453 35694 61
11494 42902 61
11591 14818 61
11716 48464 61
11840 20533 61
11948 22628 61
12284 36481 61
13053 27563 61
13162 39757 61
13188 21005 61
14848 43205 61
15836 47035 61
16213 25617 61
17175 37644 61
17601 40219 61
17884 19398 61
17889 34031 61
18383 45354 61
18618 33511 61
18955 29765 61
19277 19413 61
19393 46906 61
19439 41417 61
20228 41390 61
20457 28992 61
20578 32951 61
20676 31092 61
21252 39045 61
22418 49573 61
22560 47936 61
23107 38958 61
23367 39198 61
23583 26842 61
23874 39671 61
25265 49312 61
26332 47614 61
26605 30271 61
27810 34013 61
28109 33762 61
28737 33279 61
30479 35204 61
31644 42387 61
31673 36642 61
31913 44236 61
34986 45250 61
35464 48260 61
38645 42812 61
39653 44046 61
40587 48946 61
40675 47848 61
41488 47323 61
43234 43529 61
47621 48916 61
8 42085 62
225 572 62
363 32006 62
504 3010 62
779 13124 62
804 16143 62
806 6727 62
1324 31880 62
1699 15299 62
1917 11289 62
2162 5673 62
2333 2487 62
2689 14212 62
2722 37294 62
2802 37567 62
2946 11268 62
3181 6401 62
3896 24564 62
4005 40366 62
4011 41860 62
4014 21437 62
4047 15124 62
4183 49974 62
4312 35406 62
4351 11174 62
4648 22595 62
4881 22270 62
4893 7226 62
5315 42722 62
5593 8510 62
5741 12711 62
5924 13816 62
7182 21193 62
7901 15740 62
8335 18136 62
8806 43793 62
8857 42150 62
9093 43085 62
9196 36778 62
9598 24910 62
10668 20037 62
10903 44769 62
11381 46084 62
11385 11724 62
11510 17674 62
11681 27971 62
11711 17448 62
11735 31023 62
12044 14172 62
12061 19119 62
12529 37540 62
12814 47549 62
13521 26985 62
13713 30865 62
14302 49831 62
14539 25103 62
15021 35641 62
15327 39922 62
16474 45713 62
17917 22684 62
18401 40356 62
18434 25189 62
18942 33929 62
20270 21582 62
20363 31928 62
20373 35566 62
21302 37188 62
22447 45116 62
22984 35117 62
23451 33602 62
26996 42677 62
27002 34516 62
27016 49516 62
29001 44825 62
29194 47817 62
29614 40494 62
29834 49619 62
30393 32095 62
30449 35131 62
30968 33512 62
31007 41436 62
31706 44212 62
31885 46292 62
32928 39719 62
33948 34747 62
34781 41520 62
36667 46949 62
38701 39888 62
45279 47955 62
6 4642 63
95 42123 63
142 24106 63
522 1463 63
546 33612 63
710 6983 63
1313 49984 63
1562 4913 63
1698 47259 63
1938 32468 63
2227 48897 63
2417 40933 63
2484 11121 63
2625 16325 63
2933 34849 63
3038 10444 63
3135 30843 63
3580 44172 63
3848 8022 63
4022 16688 63
4170 19165 63
4591 14184 63
4935 21758 63
5388 9697 63
5817 8451 63
5827 34086 63
5901 12548 63
6058 47526 63
6137 14229 63
6708 31913 63
6724 8425 63
7157 41911 63
7344 10829 63
7629 24335 63
7956 48073 63
8122 44550 63
8700 17403 63
8891 16172 63
9678 42610 63
9832 27809 63
9849 21740 63
10033 35015 63
10054 30852 63
10260 12755 63
10868 29375 63
10902 18481 63
11062 36386 63
11640 37318 63
12150 19891 63
12219 23089 63
12527 39447 63
13359 25039 63
14038 21307 63
14292 21322 63
14423 30568 63
14817 40427 63
15586 39518 63
16003 34522 63
17269 18575 63
18543 24364 63
19303 23731 63
19891 38163 63
20029 34256 63
20538 33904 63
20638 21347 63
20802 47280 63
21086 32297 63
21104 47114 63
21468 28069 63
22306 45543 63
22400 24947 63
22899 34742 63
23157 32110 63
23365 24786 63
24005 43601 63
24205 29693 63
25299 31244 63
25372 44687 63
26195 30987 63
26510 36709 63
26728 48614 63
29111 33235 63
29148 43330 63
29496 49288 63
30744 33349 63
31601 40478 63
31932 48556 63
32851 42510 63
33414 36021 63
36046 41605 63
36673 42644 63
37414 48053 63
41524 44674 63
42570 43153 63
45755 49435 63
46108 47621 63
81 17313 64
169 1072 64
171 12118 64
435 46632 64
616 21586 64
630 1094 64
780 2760 64
967 10313 64
1327 22343 64
1536 10704 64
1676 45916 64
2022 48244 64
2089 5069 64
2163 2353 64
2276 2696 64
2465 5444 64
2607 22126 64
2717 8578 64
2774 17490 64
3008 4920 64
3173 9660 64
4037 22202 64
4675 30026 64
4796 46639 64
4881 35222 64
4979 43450 64
5472 15088 64
5734 34665 64
6084 8542 64
6145 6478 64
6302 48056 64
6442 16517 64
6615 13254 64
6655 35036 64
6743 44343 64
6902 13529 64
7027 9606 64
7080 32642 64
7414 19431 64
7477 42616 64
7685 28573 64
7708 13665 64
8446 47265 64
8560 43589 64
8616 9129 64
8796 37318 64
9012 34842 64
10168 29371 64
10293 49577 64
11356 20237 64
11450 30584 64
11535 14259 64
11683 16369 64
11687 29214 64
11703 31804 64
11807 15836 64
11847 43510 64
12071 39782 64
12176 25721 64
12314 22772 64
12575 42234 64
12586 13041 64
12788 21412 64
12826 15518 64
13363 39689 64
13625 45210 64
14493 25105 64
15604 16684 64
16404 48741 64
16855 28648 64
17444 31860 64
18228 36570 64
19217 36916 64
19348 31048 64
19973 40367 64
20139 39724 64
20334 39125 64
20704 21455 64
21063 46325 64
22485 38213 64
22603 42717 64
22990 31557 64
23038 27050 64
23178 41538 64
23414 36785 64
24812 25831 64
25092 34380 64
25325 32789 64
25673 38411 64
27334 48551 64
27486 42386 64
27865 34831 64
27910 32376 64
30374 34676 64
30926 47260 64
31612 41876 64
35398 42675 64
36328 43979 64
37573 41640 64
37727 47285 64
38949 39136 64
41077 43035 64
42845 47689 64
46926 48485 64
237 630 65
290 507 65
331 2804 65
345 1852 65
471 25754 65
519 34016 65
782 2611 65
922 48777 65
987 19173 65
1107 1142 65
1210 15526 65
1340 1931 65
1528 3811 65
1642 44473 65
1991 45145 65
1993 6120 65
2064 22465 65
2531 4372 65
2537 23146 65
2656 13049 65
2685 25335 65
3446 27149 65
3486 21354 65
3892 19697 65
3920 25432 65
3926 9889 65
4107 8113 65
4324 41849 65
4343 8633 65
4371 40821 65
5081 33953 65
5352 9212 65
5358 19870 65
5474 26467 65
5511 39665 65
5907 14020 65
6071 6814 65
6516 27696 65
6761 34649 65
6836 17002 65
6895 7586 65
7652 31417 65
7883 13757 65
8283 19701 65
8452 25003 65
8663 12027 65
8683 26791 65
8928 10370 65
9255 9385 65
9257 18960 65
9417 29188 65
9575 21699 65
9809 21722 65
9929 49018 65
10101 26353 65
10487 15334 65
11423 47691 65
11964 17844 65
11995 26593 65
12273 15757 65
12693 19285 65
13459 39270 65
14648 33054 65
15278 17585 65
15323 20008 65
15594 22321 65
15867 47915 65
16807 32015 65
16918 39287 65
17244 31124 65
17301 49868 65
18012 43675 65
18225 48256 65
18567 44863 65
18852 44231 65
19386 30723 65
19440 42864 65
19689 38054 65
20155 32791 65
20548 23269 65
21671 47258 65
22074 24218 65
22871 25208 65
23511 41636 65
23514 29299 65
23720 39835 65
23953 44138 65
24320 47535 65
25149 48015 65
25439 35563 65
25591 29115 65
25770 39271 65
26530 32948 65
27596 34934 65
27793 48382 65
27965 42123 65
28516 37058 65
28755 31243 65
29022 38302 65
31876 33516 65
32077 33169 65
32785 46956 65
32922 34221 65
33844 42958 65
33927 34940 65
35889 47058 65
38047 47592 65
41629 44675 65
43543 49822 65
43817 48675 65
45881 47611 65
46678 48635 65
333 2336 66
354 44553 66
401 40524 66
532 8288 66
669 31356 66
971 2851 66
981 16146 66
1135 28839 66
1265 6869 66
1295 7299 66
1481 5103 66
1598 41128 66
1748 6032 66
2057 37370 66
2130 14288 66
2353 10586 66
2370 33092 66
2437 8074 66
2449 35838 66
2464 22166 66
2505 4127 66
2778 9314 66
3245 24288 66
3283 18367 66
3367 16037 66
3419 5910 66
3534 15572 66
3751 21094 66
4226 39686 66
4444 31077 66
5141 12265 66
5663 28020 66
5701 28267 66
5854 17992 66
5939 30180 66
5973 40330 66
6603 7150 66
6690 10215 66
6771 24945 66
6991 21422 66
7084 11756 66
7518 20163 66
8021 29453 66
8390 19341 66
8416 13145 66
8557 29022 66
9063 35286 66
9212 9887 66
9222 37853 66
9498 11773 66
10102 16165 66
10264 19119 66
10415 19845 66
10700 48993 66
10727 24935 66
10794 40624 66
10909 27676 66
11126 35404 66
11346 13603 66
11560 18368 66
11658 15669 66
11776 13746 66
11801 19459 66
11896 18118 66
12208 28815 66
12794 28336 66
12922 27525 66
13095 36657 66
13170 36157 66
13468 23093 66
14034 36907 66
14341 14677 66
14617 21498 66
14674 47660 66
15055 40012 66
15236 20960 66
15410 18746 66
15507 29046 66
16415 17523 66
16560 25150 66
16767 31048 66
17566 48712 66
17637 43912 66
18070 32363 66
18234 33110 66
18471 49832 66
18820 24620 66
19660 20629 66
19877 34944 66
19900 21495 66
20388 29523 66
21098 27100 66
21124 27332 66
21288 44853 66
21761 29545 66
21766 39901 66
22280 41621 66
22682 37695 66
22953 23904 66
23902 42197 66
24161 25975 66
25436 47644 66
25717 39585 66
26026 32495 66
26047 31124 66
26059 27761 66
26149 29685 66
26682 34660 66
26774 40955 66
26919 41195 66
28760 33645 66
28799 47629 66
31106 47213 66
33421 44208 66
34601 45020 66
35533 46290 66
35709 46180 66
35794 48912 66
35847 42553 66
36042 40989 66
36519 49595 66
37808 48928 66
38067 40614 66
38959 45501 66
39282 48281 66
39969 44532 66
40365 43862 66
40586 46887 66
43983 49757 66
47958 48294 66
105 359 67
215 404 67
481 1830 67
590 10249 67
1136 1212 67
1203 9770 67
1364 23238 67
1385 35798 67
1479 2248 67
1887 2018 67
2054 31088 67
2225 4521 67
2268 2962 67
2336 2630 67
2926 3876 67
3454 8582 67
3509 38711 67
3525 39604 67
4591 28390 67
5350 49133 67
5413 27356 67
5712 38205 67
5713 49884 67
6310 36018 67
6541 14984 67
6768 25419 67
7286 46798 67
7287 35950 67
7291 41183 67
7333 41960 67
7591 41686 67
7769 49702 67
7984 12242 67
8422 18539 67
8781 29034 67
8874 32490 67
8994 30535 67
9230 42040 67
9249 14265 67
9296 19042 67
9977 14140 67
10957 31845 67
11078 24177 67
11207 17218 67
11558 29669 67
12040 24233 67
12181 20903 67
12504 38489 67
12654 32262 67
12662 15824 67
13561 26825 67
13745 18638 67
14842 30097 67
15506 41696 67
16130 20008 67
16698 28532 67
16801 32994 67
17213 32484 67
17943 44873 67
18124 23851 67
18539 41191 67
18585 19058 67
20032 35539 67
20086 24679 67
20184 28029 67
20192 31004 67
20527 39985 67
21550 23331 67
23211 40861 67
23244 26957 67
23561 31398 67
24825 32107 67
25150 41139 67
25580 30317 67
26820 48592 67
27067 31458 67
27947 44675 67
28489 44692 67
29470 37878 67
29478 33015 67
30207 43947 67
32253 42407 67
32271 33716 67
32441 44419 67
32627 34678 67
32648 32669 67
32848 42453 67
33014 45164 67
35390 36871 67
36428 49530 67
36751 38974 67
38102 38975 67
39672 47868 67
41119 46851 67
41164 41201 67
42201 43939 67
179 822 68
191 262 68
1024 14991 68
1122 23540 68
1509 22586 68
1646 30203 68
1865 5796 68
1922 16726 68
1948 45547 68
2026 42635 68
2099 13718 68
2216 21190 68
2506 25881 68
2679 7933 68
2737 16573 68
3420 23271 68
3474 23375 68
4526 17177 68
4640 22898 68
4654 12491 68
4724 7709 68
5339 43445 68
5888 32461 68
6342 46652 68
6852 16545 68
7259 30707 68
7407 24426 68
7579 16860 68
7669 43726 68
8460 16971 68
8506 46485 68
8782 26734 68
8788 12943 68
9149 35225 68
9331 44056 68
9341 13887 68
10873 26152 68
11047 12353 68
11763 31594 68
11797 31218 68
11839 24675 68
12212 13277 68
12441 13860 68
12536 19438 68
12855 24523 68
13159 24315 68
14321 32222 68
14907 44452 68
15768 29310 68
15981 40246 68
16143 44473 68
16253 30293 68
16366 25078 68
16631 18821 68
17271 39756 68
17758 28756 68
18050 26461 68
18726 31039 68
18732 28709 68
18996 25623 68
19195 21834 68
19213 43375 68
19805 26053 68
20215 33713 68
21280 25856 68
21923 33371 68
22231 23845 68
22840 26738 68
22877 38530 68
23189 42534 68
24173 36402 68
24257 47980 68
25154 49366 68
25471 33332 68
25473 29316 68
26355 41310 68
26643 36681 68
27639 41215 68
27720 40354 68
28177 46876 68
28441 49955 68
29328 34970 68
30277 39524 68
31017 39867 68
31142 44785 68
31537 34718 68
31944 42798 68
32573 45124 68
33017 48918 68
34140 40074 68
34232 47257 68
35445 39849 68
35967 45880 68
37159 40171 68
41199 44754 68
41483 43374 68
44071 47220 68
44600 47337 68
44 49543 69
194 257 69
252 10843 69
299 38161 69
307 7202 69
540 26102 69
562 2268 69
658 877 69
996 6867 69
1070 32633 69
1276 6319 69
1390 41263 69
1542 36545 69
1634 30099 69
1790 48341 69
1800 21339 69
2071 46455 69
3021 3206 69
3950 36000 69
4373 5887 69
4426 19221 69
4440 25321 69
4516 31449 69
4531 23452 69
4772 45295 69
4793 38052 69
4887 6331 69
4929 13520 69
4941 40615 69
5065 15695 69
5323 10140 69
5561 44756 69
6150 27187 69
6308 26942 69
6461 42850 69
6701 15643 69
6737 22225 69
7082 9845 69
7276 17626 69
7395 10681 69
7560 15270 69
7902 34330 69
8660 11824 69
8689 23526 69
8730 9863 69
8909 20395 69
10325 28391 69
10672 13414 69
10808 14570 69
11042 35526 69
11084 38253 69
11391 20702 69
12140 27958 69
12401 44484 69
12923 15638 69
12934 19313 69
13067 25068 69
13536 22162 69
13699 38555 69
13950 28250 69
14548 47828 69
14828 15895 69
15468 19602 69
15670 36443 69
16002 31863 69
16067 39218 69
16987 23096 69
17457 20063 69
17629 21040 69
18143 19048 69
18273 18808 69
20147 34633 69
20437 25852 69
20513 44684 69
21141 23561 69
21233 43247 69
21792 24090 69
21901 34697 69
22456 49939 69
23766 32222 69
24945 25733 69
25225 47887 69
26774 41772 69
26949 37256 69
27398 38039 69
28478 45154 69
28652 49319 69
28820 46627 69
28863 40226 69
29175 37071 69
29272 32753 69
29820 36361 69
29873 49852 69
30590 48204 69
33171 37359 69
33972 45992 69
34560 39415 69
36099 36592 69
36698 42922 69
38290 44672 69
40013 43683 69
45617 48221 69
45648 48892 69
47787 48656 69
189 39444 70
265 1368 70
452 17032 70
491 31293 70
1478 10368 70
1620 3296 70
1665 16288 70
1853 10455 70
1872 27828 70
1897 25107 70
2008 11935 70
2026 3974 70
2439 10193 70
2530 37603 70
2578 42909 70
2912 13135 70
2934 9505 70
3011 3927 70
3361 43487 70
3392 17261 70
3463 4530 70
3941 5429 70
4128 7913 70
4555 36543 70
4713 21400 70
5138 41808 70
5252 48895 70
5471 8477 70
5825 38551 70
5896 15290 70
5979 18261 70
6638 27394 70
6755 25901 70
7116 26489 70
7206 8343 70
7514 14967 70
8480 40472 70
8544 13111 70
9161 24442 70
9531 19187 70
9539 14861 70
9713 11119 70
10186 20508 70
10764 17349 70
10799 21188 70
11734 43719 70
11808 29018 70
11917 41070 70
12086 16188 70
12529 41998 70
12545 14800 70
12701 31621 70
12758 21292 70
12891 24756 70
14068 16475 70
14122 27575 70
15229 16986 70
15262 20888 70
15826 16675 70
16684 45385 70
16802 39185 70
17204 17822 70
17378 32542 70
17472 19962 70
17571 25819 70
18558 31643 70
19173 23086 70
19661 20274 70
20219 49216 70
21014 41634 70
22552 26626 70
23286 32341 70
23295 25805 70
23485 38453 70
23599 37232 70
24329 42089 70
25106 33747 70
26474 28867 70
27017 44622 70
27412 28547 70
27616 37788 70
28054 41093 70
28629 48746 70
29095 38450 70
31394 44883 70
31819 49694 70
33530 34278 70
34507 35360 70
34772 41798 70
34966 39505 70
36790 39506 70
37322 48809 70
38040 40354 70
38758 46059 70
39825 41407 70
40006 44085 70
41283 46280 70
44352 47302 70
31 67 71
220 38733 71
325 33654 71
707 8210 71
753 2422 71
1014 7883 71
1264 13540 71
1277 8289 71
1694 16115 71
1713 21859 71
2289 29264 71
2416 36317 71
2583 38220 71
2587 2759 71
2822 21962 71
2852 6496 71
2935 3532 71
2941 5223 71
3038 4720 71
3100 3894 71
3273 5815 71
3496 21981 71
3725 5500 71
4157 33384 71
4241 48450 71
5429 27208 71
5626 12546 71
5886 13939 71
5975 38777 71
5983 40333 71
6326 27268 71
6337 16337 71
6375 22830 71
6504 39826 71
6532 20333 71
7013 27415 71
7132 40440 71
7278 37109 71
8206 14724 71
9157 19980 71
9321 42670 71
9571 18449 71
9963 32064 71
10576 15464 71
10762 39235 71
11004 45719 71
11464 43177 71
11515 48232 71
11987 23726 71
12180 32916 71
13898 29836 71
14280 40119 71
14652 47474 71
15149 21915 71
15208 43425 71
15274 47701 71
15524 15550 71
15703 33417 71
16407 43546 71
17765 39508 71
18359 28273 71
18430 35752 71
19394 45038 71
20397 38689 71
21322 38224 71
22058 28736 71
22096 43756 71
23042 45617 71
24457 48432 71
25203 26267 71
25238 48239 71
25746 29265 71
25938 40948 71
28057 38643 71
28238 42648 71
28449 32555 71
28450 29501 71
29594 39749 71
29708 37143 71
32985 34668 71
33129 48261 71
34023 42113 71
34100 37513 71
34263 39038 71
34325 34645 71
34801 39876 71
37667 48790 71
38270 47528 71
38316 49380 71
38476 45785 71
39637 40250 71
44144 45235 71
45736 47005 71
46721 48921 71
297 23642 72
413 19136 72
431 46692 72
663 2006 72
1557 42937 72
1565 27820 72
1777 33863 72
2130 9576 72
2239 15752 72
2332 2695 72
2649 3730 72
3100 10876 72
3404 9822 72
3921 5590 72
4118 22599 72
4363 26017 72
4425 7339 72
4559 30769 72
4560 43458 72
4896 33985 72
4982 38542 72
5257 26229 72
5322 14130 72
5683 34285 72
5909 7744 72
6123 40470 72
6222 18945 72
6546 24182 72
7087 41782 72
7141 49618 72
7319 9325 72
8465 15248 72
8537 23684 72
8622 14499 72
8658 30422 72
8770 49252 72
8999 20679 72
9136 32938 72
10046 38711 72
10211 42241 72
10851 14753 72
11328 48225 72
11580 25286 72
12077 28130 72
12257 34816 72
12339 49014 72
12858 49489 72
13685 21017 72
13944 34235 72
14311 14655 72
14702 19837 72
15542 44234 72
16012 22077 72
16249 22278 72
16324 20807 72
16382 36997 72
16609 17344 72
16725 33409 72
17431 45492 72
17485 44681 72
18115 38034 72
18249 39576 72
18410 25233 72
19115 23697 72
19329 47685 72
19443 37525 72
20417 43534 72
20661 29105 72
20949 35204 72
21047 30926 72
22664 47646 72
22932 23659 72
23601 24906 72
23635 49507 72
24561 25561 72
25410 49228 72
25556 49370 72
26050 36358 72
26447 41736 72
27324 46985 72
27781 31724 72
27864 49397 72
28275 48288 72
28551 40769 72
30476 39407 72
30938 42779 72
31441 46201 72
32923 46953 72
33367 43188 72
34652 42513 72
36202 46742 72
38502 45117 72
38927 45883 72
39038 40430 72
39444 49354 72
40020 44914 72
134 18549 73
155 32979 73
191 40184 73
312 29493 73
770 20281 73
1189 6005 73
1327 11789 73
1441 34282 73
1660 8381 73
1834 3675 73
1901 15168 73
1949 42445 73
2842 16624 73
3030 3329 73
3079 40756 73
4104 15465 73
4423 7832 73
4592 46225 73
4765 10422 73
4980 21763 73
5250 17253 73
5290 6107 73
5303 20648 73
5385 18129 73
5766 17096 73
6044 8928 73
6095 42986 73
6356 20441 73
6544 15586 73
6911 22095 73
7714 23940 73
7738 38208 73
8178 11208 73
8222 16780 73
8263 18079 73
9064 19143 73
9991 27645 73
9999 41280 73
10624 16263 73
12435 38758 73
12760 27642 73
12925 17826 73
13319 48670 73
13538 48791 73
13544 22151 73
13989 18449 73
14149 21377 73
14359 15573 73
14386 16994 73
14554 28060 73
14700 39041 73
14727 41286 73
14736 24313 73
14830 35966 73
14970 20799 73
15496 16613 73
16323 28466 73
16667 29690 73
17119 31023 73
17378 38329 73
17722 24847 73
18612 32291 73
19571 45545 73
22189 45283 73
23200 29953 73
24966 42781 73
26429 48382 73
26957 42258 73
27099 28523 73
27169 47406 73
27258 44045 73
28240 29021 73
28288 33589 73
28500 47362 73
28887 33391 73
30207 43580 73
35021 44921 73
36152 40647 73
36297 43126 73
36314 43814 73
36443 37372 73
37094 37516 73
38024 42007 73
41951 43003 73
43248 48682 73
45970 46012 73
265 11444 74
657 42592 74
791 8061 74
969 20380 74
1111 1885 74
1421 1632 74
1558 2316 74
1946 6178 74
2092 32434 74
2100 26308 74
2222 43885 74
2769 6541 74
2958 10966 74
3224 40481 74
3332 6598 74
3472 21304 74
3517 13502 74
3910 4663 74
4178 6743 74
4185 18462 74
4543 25977 74
4758 35665 74
5623 29577 74
5708 34447 74
5769 26483 74
5978 48189 74
6059 42113 74
6766 8654 74
6965 33534 74
8260 26371 74
8333 30046 74
9020 22752 74
9380 17771 74
9469 45719 74
10385 17988 74
10961 25930 74
11462 32853 74
11926 32424 74
11964 17178 74
12516 14149 74
12824 12857 74
13111 37932 74
13169 18392 74
13998 23971 74
14084 30666 74
15211 34607 74
15231 49254 74
15384 23850 74
15524 16320 74
16338 47029 74
16374 38286 74
16455 30124 74
17033 17637 74
17880 23336 74
18362 41146 74
18677 29850 74
19161 25076 74
19576 28374 74
20194 22148 74
20318 24313 74
20547 41913 74
20736 42304 74
20915 29754 74
21010 43107 74
21298 34318 74
21800 40406 74
21915 29888 74
23084 42059 74
23850 44836 74
24934 25458 74
25183 26130 74
26415 31810 74
28345 46198 74
28611 39144 74
32345 46073 74
34841 46919 74
34896 46003 74
35144 40853 74
35177 48320 74
35519 35563 74
36040 37655 74
36296 42585 74
36406 43079 74
40806 41409 74
41039 47438 74
49 223 75
431 1369 75
723 1816 75
883 38974 75
1109 43816 75
1208 5445 75
1271 2711 75
1314 1900 75
1354 5361 75
1501 1557 75
1755 40835 75
1919 17337 75
1938 2049 75
1968 5729 75
1981 46743 75
2058 16892 75
2219 45476 75
2530 8670 75
2608 36809 75
2919 8665 75
2928 11011 75
2952 3858 75
3011 36839 75
3299 20105 75
3315 26978 75
3591 22975 75
3673 10065 75
4327 9637 75
4608 18551 75
4995 22161 75
5034 21982 75
5148 14919 75
5231 8900 75
5249 43870 75
5588 26269 75
5697 7440 75
5793 15527 75
6270 35182 75
6399 18400 75
6923 41721 75
7067 16956 75
7232 25849 75
8395 32725 75
8512 34421 75
10193 26764 75
10300 27406 75
10644 24221 75
11254 32548 75
13414 20623 75
14117 26393 75
14334 35482 75
14466 15770 75
14531 19395 75
14768 34516 75
15284 42679 75
15907 31834 75
16035 21242 75
17671 45413 75
17809 25062 75
18314 27430 75
18776 24467 75
18809 47159 75
19398 32788 75
20466 25257 75
20860 41078 75
21631 30209 75
22939 41770 75
23330 37204 75
24576 29907 75
24624 34207 75
26340 27745 75
26762 47475 75
27390 39381 75
27551 45677 75
28569 35123 75
28759 42373 75
32050 33659 75
33176 36283 75
34765 44304 75
35275 36797 75
35331 49819 75
35690 38241 75
35799 43506 75
37810 38728 75
38781 49783 75
41330 46814 75
0 18726 76
281 904 76
369 754 76
476 43294 76
608 49071 76
955 11927 76
1158 2707 76
1229 5542 76
1408 2214 76
1523 11219 76
1566 23672 76
1588 23752 76
1768 2632 76
1827 36173 76
1856 8332 76
2156 8041 76
2331 47509 76
2412 19969 76
2478 37517 76
2706 24939 76
3005 7793 76
3077 4739 76
3179 30660 76
3290 5914 76
3935 4820 76
4515 5316 76
4571 6145 76
4737 10152 76
4756 31833 76
5308 12110 76
5325 19189 76
5359 8409 76
5546 46613 76
5715 49476 76
6185 31767 76
6345 49328 76
6457 40070 76
6635 7625 76
6936 8734 76
7487 27879 76
7763 21212 76
7835 15920 76
8309 18516 76
8352 21971 76
8587 35024 76
8657 21255 76
8665 25057 76
8677 31631 76
8819 24299 76
8940 17921 76
8948 47818 76
9086 11874 76
9096 16213 76
9117 49814 76
9202 11998 76
9271 37935 76
9530 39980 76
9596 12693 76
10540 34444 76
10809 27533 76
11575 46626 76
11644 39446 76
12232 31550 76
12359 30798 76
12742 28612 76
12764 41107 76
13019 17365 76
13271 45265 76
13377 16596 76
13428 39741 76
13690 35102 76
14106 30940 76
14394 23561 76
14434 20074 76
14473 37490 76
14600 19775 76
14980 16230 76
15000 40497 76
15350 28381 76
15475 18199 76
15511 40634 76
15989 18875 76
16853 33014 76
17672 40465 76
18180 23353 76
18186 21522 76
18638 21631 76
19458 40821 76
19993 20560 76
20024 23416 76
20075 21270 76
20143 39164 76
21654 26405 76
22108 37687 76
22515 48122 76
22801 44914 76
23973 30803 76
24623 25355 76
24861 31289 76
25605 32906 76
25714 31823 76
26408 45794 76
27271 35857 76
27747 28322 76
28905 46844 76
29141 38954 76
30562 32280 76
30699 49874 76
30833 33408 76
30904 44811 76
33447 49281 76
33554 37854 76
33633 39163 76
35009 41486 76
35471 37918 76
35527 40705 76
35621 38468 76
36365 36782 76
41020 41035 76
46125 47249 76
10 382 77
11 30625 77
49 915 77
259 41412 77
584 18313 77
611 20358 77
821 39997 77
848 10461 77
1482 17700 77
1548 21585 77
1642 22638 77
1916 49435 77
2034 41523 77
2314 27678 77
3081 9356 77
3198 4743 77
3549 20473 77
3773 15318 77
3809 44371 77
4579 19116 77
4773 9716 77
4796 30080 77
4867 24316 77
4895 9361 77
5094 32813 77
5234 15026 77
5265 19262 77
5298 16020 77
5936 24097 77
6282 22796 77
6682 7714 77
6785 23634 77
6927 27350 77
7745 47648 77
8115 16206 77
8432 21284 77
8511 37197 77
8643 19147 77
8899 12949 77
9040 17289 77
9086 42169 77
10018 42695 77
10284 40390 77
10335 34134 77
10756 13431 77
11590 48567 77
12680 23952 77
12709 45090 77
12947 19693 77
13503 34377 77
14069 45203 77
14277 43746 77
14534 30642 77
14557 34994 77
14590 15462 77
14652 24847 77
16061 32460 77
17047 30684 77
17158 47580 77
17614 32242 77
17764 44887 77
18225 30856 77
18264 41865 77
18904 44775 77
18989 38693 77
19209 28839 77
19257 27197 77
19885 42194 77
19897 20718 77
20366 49121 77
20849 48914 77
21702 27982 77
22570 23232 77
22591 45299 77
22649 32676 77
22893 33444 77
22929 25308 77
23596 46796 77
24988 32481 77
25178 45713 77
26737 33105 77
26758 28565 77
26851 41887 77
26856 48348 77
27341 40362 77
28056 38493 77
28250 44485 77
28283 41180 77
29117 29934 77
29140 38342 77
30335 36748 77
31632 34523 77
32209 41372 77
32264 48820 77
33443 37662 77
35204 45137 77
35817 42779 77
38611 41479 77
39075 49841 77
40147 46975 77
8 2046 78
28 452 78
101 49566 78
123 12162 78
285 14966 78
302 43039 78
463 4095 78
1059 40640 78
1323 5923 78
1349 3005 78
1826 10848 78
2197 46656 78
2215 4320 78
2392 18012 78
2543 2956 78
2586 2831 78
2747 8632 78
3081 49508 78
3205 6494 78
3225 11733 78
3291 48453 78
3654 10170 78
4040 37397 78
4555 25695 78
4585 25104 78
4605 38318 78
4745 34121 78
5088 47454 78
5241 31948 78
5255 47349 78
5318 12837 78
5504 15103 78
5614 33356 78
5730 23457 78
5983 12114 78
6383 8688 78
6435 10340 78
6564 44042 78
6615 7431 78
6720 19230 78
7056 14524 78
7302 40657 78
7481 40489 78
7739 26449 78
8090 35199 78
8281 36285 78
8344 21930 78
8710 9879 78
9520 37431 78
9615 38527 78
9647 46510 78
10099 25850 78
10333 25764 78
10351 38659 78
10667 31187 78
10881 12064 78
11409 14023 78
12129 49976 78
12725 48922 78
12754 47461 78
12795 19505 78
13699 47236 78
14838 29984 78
15813 17613 78
16771 17190 78
17076 45549 78
17284 31005 78
17299 47602 78
17815 27899 78
18310 47395 78
19006 22771 78
19597 32038 78
19726 26050 78
20425 49748 78
20563 34857 78
22329 26409 78
22765 26928 78
22867 47792 78
23249 48384 78
23339 31796 78
24243 37489 78
24250 43572 78
24607 38973 78
24863 26314 78
25242 32197 78
25315 25638 78
25761 49504 78
26363 27310 78
26518 35045 78
27331 47067 78
27652 40770 78
28137 47822 78
28345 30408 78
29209 32110 78
30839 45532 78
30945 47141 78
31309 35539 78
32882 38595 78
35530 41743 78
39512 45563 78
40657 49771 78
42024 44001 78
42151 49595 78
43328 46840 78
74 11180 79
119 7341 79
237 47065 79
488 20584 79
560 36043 79
689 2039 79
767 11992 79
917 2402 79
1316 3036 79
1821 13591 79
2555 3608 79
3269 31293 79
3287 4334 79
3367 26382 79
5043 23703 79
5091 24706 79
5144 11339 79
5274 11854 79
5574 25164 79
5578 15118 79
5622 20727 79
7001 15588 79
7046 39133 79
7116 8465 79
7345 29173 79
7375 34398 79
7909 8027 79
9455 11375 79
9663 45819 79
10558 15105 79
10652 24092 79
11430 40683 79
12065 29495 79
12314 33663 79
12390 24753 79
12999 24883 79
13046 15749 79
13497 15713 79
13539 17604 79
13759 46294 79
14259 43136 79
14800 37800 79
15746 36372 79
16125 37111 79
16519 33684 79
16999 27656 79
17340 25287 79
18615 40232 79
19185 24696 79
21178 32779 79
21485 22936 79
21639 47184 79
21772 47714 79
21887 38742 79
22043 28696 79
22438 48374 79
22684 39528 79
23120 25055 79
23506 25374 79
23563 45630 79
23663 47436 79
25099 35466 79
25839 30041 79
26009 48572 79
26078 28326 79
26401 34148 79
26524 47906 79
26692 28564 79
28095 30826 79
28882 39975 79
29943 49460 79
31465 32828 79
33709 47138 79
35178 36669 79
36404 42924 79
39149 44073 79
39333 40369 79
39775 45389 79
40800 47633 79
43879 47901 79
48 8766 80
125 8324 80
194 39125 80
294 24094 80
529 27759 80
646 23962 80
733 32952 80
748 23018 80
841 27337 80
1063 7417 80
1137 2763 80
1298 1496 80
1895 2589 80
2126 4603 80
2132 5400 80
2275 28820 80
2333 26332 80
2380 3744 80
2508 8636 80
2733 37507 80
2898 6180 80
2916 6466 80
2944 9646 80
3153 43686 80
3301 6246 80
3824 6493 80
4077 26814 80
4307 16246 80
4653 26739 80
4883 8778 80
5007 32822 80
5361 31143 80
6151 11091 80
6162 6651 80
6214 17132 80
6799 22129 80
7241 26592 80
7763 31374 80
7779 33855 80
8260 12394 80
8318 11074 80
8524 32487 80
8773 10849 80
8815 10521 80
9010 39927 80
9211 45533 80
9598 29092 80
10304 16558 80
11343 37408 80
11466 12420 80
11868 22338 80
11937 21414 80
13281 18626 80
14083 36164 80
14291 47344 80
14398 45518 80
14546 14823 80
14636 26282 80
15014 45465 80
15234 25479 80
15572 18067 80
16401 46582 80
16621 28780 80
16808 32081 80
16928 47760 80
16954 28382 80
17050 49823 80
17450 36757 80
17661 29700 80
17851 20668 80
17945 18254 80
19338 40260 80
19956 29412 80
20323 30618 80
20546 46433 80
21958 27331 80
23119 44554 80
25221 45277 80
25770 44247 80
26269 39943 80
26304 31210 80
27059 28105 80
27304 49737 80
27833 39335 80
29066 40691 80
29425 49650 80
30489 36550 80
30849 33272 80
31562 47248 80
32322 46633 80
32373 42107 80
32964 46526 80
33031 46093 80
34568 36795 80
35956 41702 80
36011 42535 80
39886 43871 80
40062 47716 80
41988 44881 80
42083 42638 80
46400 48862 80
440 6508 81
929 34208 81
1112 18124 81
1117 1133 81
1201 9379 81
1679 2663 81
1895 22249 81
1987 37483 81
1992 28832 81
2075 2783 81
3000 29786 81
3782 34352 81
4092 31391 81
4203 4728 81
4299 11791 81
4632 30657 81
4640 6857 81
4848 36056 81
5307 28379 81
5508 29602 81
5655 34444 81
6537 21268 81
6637 38499 81
6860 37520 81
6881 8105 81
6882 41950 81
6960 48789 81
7005 27128 81
7037 27518 81
7355 32003 81
7409 22173 81
7851 24768 81
7927 11023 81
8149 35211 81
8292 17284 81
8457 37510 81
8805 44426 81
8964 49905 81
9119 49509 81
9409 32587 81
9667 30367 81
10207 12036 81
10560 31301 81
11118 16237 81
11557 42653 81
12220 36513 81
12559 24037 81
12568 33432 81
12968 24389 81
12993 18264 81
13094 14666 81
13099 45212 81
13480 24005 81
13751 19039 81
14131 28809 81
14237 35700 81
14372 45667 81
14676 21071 81
14677 18386 81
14896 41584 81
15662 34676 81
15801 30490 81
15875 19945 81
16731 23160 81
16753 32227 81
17517 17685 81
17686 28652 81
17755 38716 81
19199 39901 81
19227 28570 81
20702 42102 81
21181 36548 81
21398 34080 81
21792 26070 81
21929 23798 81
21955 43247 81
22287 49750 81
22363 30580 81
22757 39936 81
23292 47009 81
24889 40252 81
25101 48696 81
25137 44345 81
25378 45325 81
25779 30170 81
26326 44658 81
26679 35624 81
27474 36181 81
28321 39472 81
29136 32410 81
29229 44475 81
30001 47277 81
30036 38824 81
33403 43461 81
34754 35030 81
35043 35806 81
37230 39646 81
41117 47370 81
42789 45308 81
42835 45333 81
44995 47956 81
30 46223 82
40 21290 82
593 12524 82
673 7903 82
956 32426 82
974 48714 82
1052 12028 82
1052 43495 82
1331 10867 82
1449 10914 82
1666 20430 82
1944 47616 82
1998 13942 82
2040 48595 82
2354 5791 82
2569 8015 82
2585 41497 82
2894 28522 82
3396 7263 82
3420 35608 82
3439 12968 82
4085 24199 82
4304 41318 82
4446 21725 82
4627 44439 82
4918 22815 82
5077 15611 82
5355 6226 82
5503 9518 82
5749 41212 82
5988 26635 82
6518 12813 82
6733 11810 82
6981 18209 82
7112 14474 82
7203 39235 82
7808 11989 82
7813 31707 82
7843 12050 82
7993 41088 82
8178 23617 82
8852 33964 82
8928 40214 82
9049 42561 82
9432 49212 82
9550 27292 82
9728 10341 82
10040 33094 82
10221 35105 82
10566 42899 82
10622 11083 82
10740 18121 82
10933 16764 82
11023 29713 82
11194 39757 82
11386 43935 82
11489 42533 82
11636 17049 82
11750 14680 82
12040 19973 82
12381 23645 82
13164 14258 82
14219 42069 82
14628 41794 82
15526 43991 82
15543 42611 82
15907 40192 82
16279 19290 82
17114 41052 82
17892 43404 82
19636 37551 82
21521 26728 82
21785 30446 82
21934 36112 82
22284 23614 82
22496 49563 82
22584 32644 82
22950 32008 82
23340 41823 82
23998 37806 82
25158 49833 82
26247 28804 82
26297 46497 82
26550 36182 82
26852 28168 82
27684 39877 82
28135 43742 82
29268 35210 82
30567 47895 82
31510 39753 82
34256 38729 82
35376 39795 82
35870 46970 82
37613 38065 82
43602 46823 82
49510 49558 82
35 36660 83
307 1262 83
349 48269 83
593 5645 83
993 22080 83
1094 8702 83
1207 33005 83
1246 12783 83
1271 18600 83
1272 11207 83
1325 3093 83
1461 4086 83
1689 19389 83
1842 21048 83
1912 6764 83
2014 2598 83
2140 42848 83
2442 38189 83
2873 10216 83
4017 39966 83
4045 25083 83
4369 17294 83
4432 27240 83
4507 21705 83
4578 8630 83
4744 8858 83
4750 27550 83
4842 37437 83
4929 11708 83
5488 21801 83
5603 13268 83
5772 15839 83
5802 38917 83
6067 36557 83
6098 44749 83
6462 6999 83
6607 28100 83
6853 47328 83
6874 15792 83
6902 12705 83
7068 12546 83
7226 15337 83
7673 26767 83
8008 28568 83
8395 19215 83
9888 29282 83
11272 30337 83
12462 39009 83
13392 47204 83
13579 23200 83
14377 30682 83
14550 21051 83
14971 24680 83
15086 15501 83
15325 44647 83
15586 17110 83
15880 22843 83
17038 27400 83
17132 28989 83
17895 35161 83
17961 32176 83
18327 44522 83
18617 28535 83
19253 26459 83
19388 35382 83
19623 25768 83
20388 22770 83
21021 39641 83
21091 25250 83
21876 24273 83
21983 46145 83
21988 27300 83
22877 38691 83
22880 28284 83
23240 33623 83
23575 30627 83
25316 30945 83
26763 31394 83
27443 45080 83
28138 47210 83
28660 42807 83
30537 46154 83
30859 48355 83
31881 46067 83
31931 48834 83
32476 47564 83
33635 34901 83
33933 37340 83
39921 42795 83
41279 44630 83
41546 41805 83
42420 43355 83
45650 49213 83
47081 47363 83
183 3710 84
247 3503 84
353 6556 84
383 2403 84
412 2256 84
526 7973 84
720 31874 84
819 28303 84
891 49172 84
1156 1878 84
1225 2031 84
1366 3676 84
1606 47175 84
1626 9777 84
1700 3155 84
1735 7382 84
1751 3185 84
2052 28519 84
2057 2117 84
2080 18334 84
2103 5794 84
2182 28776 84
2194 38226 84
2313 21292 84
2343 6668 84
2489 43439 84
2496 8703 84
3162 18513 84
3300 18202 84
3645 4145 84
3948 49446 84
4095 11698 84
4107 24653 84
4396 39454 84
4550 11553 84
4576 36896 84
4578 7230 84
4620 23501 84
5898 12243 84
6061 7187 84
6606 25818 84
6690 19892 84
6713 32669 84
7101 8174 84
8206 11997 84
8403 42552 84
8680 32325 84
8778 11347 84
8901 37308 84
9022 32989 84
9047 20953 84
9116 13850 84
9191 18770 84
9573 45901 84
9884 14847 84
11034 49224 84
11053 21236 84
11200 15554 84
11555 42657 84
12448 30853 84
12565 38325 84
12663 21166 84
12697 29370 84
12835 18110 84
13610 30601 84
13846 40014 84
14375 17148 84
14391 27804 84
14907 37804 84
15054 35739 84
15223 41047 84
15891 20445 84
16972 37767 84
18253 26149 84
18316 45171 84
18549 33418 84
18824 45286 84
18908 21668 84
19873 22082 84
20289 23615 84
20500 22076 84
21169 32879 84
21332 38459 84
21414 25283 84
21431 35417 84
21431 44031 84
21517 24691 84
21518 44716 84
21694 27605 84
21837 33590 84
22087 47702 84
22321 27705 84
22564 49326 84
23648 26628 84
23776 48450 84
23825 41128 84
24773 44580 84
24837 26655 84
25190 28133 84
26803 46379 84
27181 42614 84
27226 40239 84
27284 45193 84
27678 38523 84
27685 42227 84
28249 44447 84
28285 46412 84
30193 40392 84
32428 38239 84
33574 37829 84
35400 39743 84
36125 39950 84
36155 45289 84
38377 47366 84
41711 45656 84
43496 48994 84
45206 45539 84
46205 48259 84
9 110 85
88 1375 85
185 927 85
606 1545 85
613 40622 85
692 11290 85
695 9457 85
864 17939 85
1231 31313 85
1319 21910 85
1655 40491 85
1998 12966 85
2235 27525 85
2296 32890 85
2586 44717 85
2588 24463 85
2823 17502 85
2934 15115 85
3154 48454 85
3236 13360 85
3324 10760 85
3453 20161 85
4176 47847 85
4474 49007 85
4746 45931 85
4773 9846 85
5605 42810 85
5928 38574 85
6071 6258 85
6737 23016 85
6975 40561 85
7034 30235 85
7424 23133 85
8511 18843 85
8987 20136 85
9726 39354 85
9877 13643 85
10149 13828 85
10662 22110 85
10836 16096 85
12167 15188 85
12837 22122 85
13547 41685 85
14208 23112 85
15198 32708 85
15351 35911 85
15856 33283 85
16340 38123 85
16905 34733 85
17781 29570 85
17965 31029 85
19083 21083 85
19097 45214 85
19750 46970 85
19892 36811 85
19954 22179 85
20229 25381 85
20898 32326 85
20985 47865 85
21483 23819 85
21552 40071 85
21792 45088 85
22016 22486 85
22643 26439 85
22905 23111 85
23048 46205 85
23581 42291 85
23581 47643 85
24033 49831 85
25217 30912 85
25990 32624 85
26921 27354 85
27024 40215 85
27038 44695 85
27247 33097 85
28316 39094 85
28381 37356 85
29896 42172 85
30721 37664 85
30843 42389 85
32006 49414 85
32700 39461 85
34420 42531 85
35400 47821 85
37908 44775 85
39669 47368 85
41288 48727 85
43640 47833 85
47080 48942 85
84 10836 86
160 6420 86
218 10747 86
419 8100 86
519 885 86
588 1872 86
848 48613 86
938 3249 86
1009 32216 86
1033 8019 86
1194 17930 86
1344 3191 86
1707 20113 86
1712 13809 86
1731 11721 86
1755 46978 86
1872 17653 86
1903 12411 86
2571 17973 86
3549 6081 86
3722 15894 86
3967 37117 86
4058 45623 86
4121 14833 86
4343 11036 86
4475 39815 86
4502 7828 86
4738 7375 86
4941 40467 86
5063 10255 86
5232 21907 86
5561 37702 86
5930 35358 86
5936 6086 86
6432 7388 86
6623 30715 86
6699 25604 86
6706 28890 86
7459 16926 86
7459 23740 86
7623 40670 86
7704 13128 86
8054 28917 86
8097 20021 86
8130 39199 86
8492 34321 86
9187 48889 86
9246 36482 86
10238 12090 86
10431 14720 86
10794 32457 86
11233 17484 86
11346 46821 86
11584 15694 86
11855 20740 86
11943 44685 86
12777 40609 86
13220 44778 86
13598 16415 86
14445 20249 86
14614 15675 86
14888 18484 86
15228 37041 86
15526 22198 86
15922 16458 86
16450 33575 86
17020 18654 86
17304 19588 86
17331 40655 86
17427 18123 86
17561 48232 86
17639 30049 86
19661 32243 86
19876 32636 86
19977 47315 86
20888 49509 86
21723 28633 86
22583 22589 86
22892 25322 86
24050 28322 86
25026 40826 86
25843 34319 86
25864 29588 86
26383 38959 86
26923 38085 86
27694 47866 86
28312 38067 86
28669 41455 86
29499 44699 86
29673 44881 86
29769 43561 86
30210 30378 86
30999 39442 86
35814 38401 86
36131 49779 86
37569 41340 86
39019 43003 86
43721 44169 86
46279 49539 86
48524 48807 86
35 135 87
113 35864 87
198 205 87
237 10169 87
1044 46297 87
1212 1583 87
1442 44424 87
1523 9982 87
1997 31729 87
2221 46652 87
2436 22578 87
2470 49737 87
2731 21523 87
2744 13835 87
3227 19809 87
3282 5466 87
3308 8848 87
3871 5225 87
3906 35161 87
4145 8114 87
4638 44223 87
4645 11096 87
5071 10122 87
5075 32510 87
5375 16018 87
5521 34911 87
5527 44486 87
6256 32073 87
6335 13208 87
6389 11923 87
6707 31650 87
6711 8757 87
6922 13874 87
6989 14203 87
7018 12006 87
7708 42784 87
7752 11861 87
7786 37039 87
8500 30915 87
8655 21880 87
8778 48077 87
8945 35462 87
8959 20917 87
9182 11772 87
10544 21710 87
11210 28728 87
11211 46171 87
11255 31459 87
11288 40080 87
11417 27048 87
12232 18495 87
12479 36241 87
13355 15310 87
13633 27688 87
14073 31925 87
14205 19099 87
14412 37144 87
14768 44544 87
14927 44880 87
15270 31849 87
15516 28483 87
15606 34580 87
15747 19654 87
15901 47077 87
16021 29338 87
17214 44450 87
17299 37442 87
17576 18059 87
17704 32878 87
17739 31646 87
17984 32292 87
18447 43326 87
19097 40738 87
19281 28816 87
19575 37749 87
20128 29552 87
20355 23706 87
20539 34405 87
20748 23044 87
21870 47201 87
22730 30312 87
22815 48102 87
24076 46691 87
24277 48977 87
24365 43100 87
24441 25290 87
24530 30785 87
24549 26239 87
25708 26109 87
26292 45143 87
28549 36358 87
29007 35226 87
29664 43765 87
29743 48825 87
30250 42816 87
30779 31561 87
30792 31995 87
31333 37243 87
31504 38918 87
31530 38813 87
32209 34120 87
33226 35380 87
33409 38240 87
33738 40371 87
33964 41269 87
34581 41222 87
35067 40435 87
35169 40744 87
35237 46601 87
35738 45394 87
36268 36730 87
37065 47950 87
40454 44833 87
43654 45872 87
44578 47723 87
47739 49968 87
218 10094 88
310 2261 88
424 31210 88
513 981 88
558 27683 88
587 11016 88
630 11739 88
682 7569 88
1104 18686 88
2286 28469 88
2360 9564 88
2529 24835 88
2750 11965 88
3383 41396 88
3410 19125 88
3466 8653 88
3556 42605 88
3786 33967 88
4507 49583 88
4701 44957 88
4958 21106 88
5474 36106 88
5592 28835 88
6308 12662 88
6551 18164 88
6672 7635 88
7097 24892 88
7332 20186 88
7473 28230 88
8100 42938 88
8255 32981 88
8349 44136 88
8415 44832 88
9066 49634 88
9645 19560 88
9735 17233 88
9767 12038 88
10176 20309 88
10675 40495 88
11058 36237 88
11963 38291 88
12192 49624 88
13425 45238 88
14363 30243 88
14520 43500 88
15422 31361 88
15646 30698 88
16008 40002 88
16217 38772 88
16640 23080 88
17449 27190 88
18389 48734 88
19986 48317 88
20218 38178 88
20440 42548 88
20566 32467 88
20685 39531 88
21070 22120 88
21486 39129 88
21773 39013 88
21940 38803 88
22050 30916 88
23024 35865 88
23314 33487 88
23896 44423 88
24884 34812 88
27016 45865 88
27897 35795 88
27934 48088 88
29223 48185 88
29886 43292 88
29909 32263 88
31637 41366 88
32338 48291 88
32686 46002 88
32789 33967 88
32941 48421 88
33922 35279 88
34213 46102 88
36221 44673 88
36550 39954 88
37265 48838 88
37427 38582 88
37977 46105 88
39452 44873 88
45174 46261 88
45992 49908 88
147 2669 89
279 1002 89
329 10240 89
339 1988 89
548 44282 89
681 2433 89
979 2498 89
1049 30964 89
1093 43502 89
1243 1413 89
1413 30609 89
1471 39139 89
1525 4637 89
1585 26695 89
1672 27692 89
1906 48525 89
2034 17877 89
2492 13928 89
2690 26705 89
2727 44805 89
3326 19052 89
3965 9220 89
4042 5870 89
4169 30009 89
4223 6138 89
4230 5488 89
4255 20103 89
4379 23109 89
4649 37061 89
4856 18660 89
4910 22203 89
4934 19933 89
5709 42448 89
6131 28326 89
6450 40600 89
6709 25970 89
6991 41236 89
7121 8044 89
7687 17788 89
7711 34376 89
7815 38698 89
8159 23749 89
8330 19639 89
8444 15181 89
8932 14043 89
8946 29647 89
9089 22391 89
9138 15293 89
9383 14788 89
11161 34104 89
11346 11609 89
11375 28716 89
11434 14295 89
11641 22492 89
11766 27492 89
11930 46664 89
12258 45747 89
13618 33042 89
13678 35693 89
13965 43089 89
15119 32164 89
15340 19523 89
15528 30386 89
15819 37534 89
16956 40224 89
17316 48135 89
17360 33331 89
17964 34607 89
18294 34793 89
18698 47099 89
18862 46371 89
19146 21270 89
19298 20099 89
20013 23565 89
20528 47167 89
21366 26179 89
21484 29945 89
24629 41923 89
24689 40437 89
24987 29548 89
25477 39129 89
25715 40099 89
26013 49492 89
26129 31619 89
26651 34108 89
26816 34117 89
27247 46672 89
27919 46625 89
28048 44704 89
28089 46423 89
28623 29014 89
30041 30694 89
30874 31407 89
30875 33681 89
31664 49986 89
31800 47446 89
35099 35776 89
36029 48735 89
36205 43691 89
36376 44767 89
40721 42805 89
42296 49169 89
46047 47372 89
46575 46811 89
47213 49694 89
103 5933 90
238 1348 90
388 39196 90
393 18839 90
396 3984 90
475 41915 90
784 30081 90
873 25372 90
976 30657 90
1284 29566 90
1346 31009 90
1434 25587 90
1564 37398 90
1586 38606 90
1722 3183 90
1974 5495 90
2048 8396 90
2291 30586 90
2507 6414 90
2572 3943 90
2649 2725 90
2828 48538 90
3404 4060 90
3462 4505 90
3531 30339 90
4420 10349 90
5381 6587 90
5559 10798 90
5569 33448 90
5582 10791 90
5722 8227 90
5772 27132 90
6549 8362 90
6566 22084 90
6573 14539 90
6844 48265 90
7042 22601 90
7137 8969 90
7191 20506 90
7425 10998 90
7461 8029 90
7529 39805 90
7595 28537 90
8146 33435 90
8330 37192 90
8692 46478 90
8729 25608 90
8808 43133 90
9364 18067 90
9447 14392 90
9619 15305 90
10067 48646 90
10438 38576 90
10554 10693 90
11001 17380 90
11003 14281 90
11028 17070 90
11172 34227 90
11457 32439 90
11584 18804 90
11662 44638 90
11870 16003 90
11935 27561 90
12205 44965 90
12247 31013 90
12354 20097 90
12872 46061 90
12961 18877 90
13111 19405 90
13146 22466 90
13168 37182 90
13294 22561 90
13625 36234 90
14453 29153 90
14947 16933 90
16158 29966 90
16281 30467 90
16382 20961 90
17518 41136 90
17751 42846 90
17881 36052 90
18141 22507 90
19352 46109 90
20191 39295 90
20456 29776 90
20561 28456 90
21463 32890 90
21889 35679 90
22018 25844 90
22948 34260 90
23838 42072 90
24342 26438 90
24522 25338 90
25151 48873 90
25207 29711 90
25671 31765 90
25700 49614 90
27803 28839 90
28116 39315 90
28378 33369 90
28497 47468 90
28847 29827 90
28969 38843 90
29090 41915 90
29458 32986 90
30740 40724 90
30963 44094 90
31217 45315 90
33406 43952 90
33976 43217 90
35517 43492 90
35860 43773 90
37103 43860 90
43169 43281 90
44 10267 91
235 1723 91
1689 21626 91
1790 6108 91
1864 32793 91
1868 12993 91
1982 5849 91
2001 44019 91
2083 3300 91
2184 17116 91
2308 25852 91
2431 40379 91
2699 40456 91
2737 38122 91
2771 5213 91
3083 5257 91
3153 45092 91
3198 49328 91
3275 11981 91
3539 45686 91
3853 35660 91
4290 12417 91
4527 18439 91
4662 18868 91
4804 8089 91
5210 12580 91
5796 42824 91
6163 44768 91
6403 21531 91
6505 9235 91
6554 48427 91
7005 14545 91
7266 20590 91
7603 40044 91
7943 11957 91
8128 36175 91
8269 40638 91
8688 27388 91
8756 16010 91
8993 9699 91
9744 25505 91
10182 42596 91
10351 17758 91
10395 10603 91
10553 43848 91
11223 40347 91
11234 11569 91
12248 32341 91
12719 41850 91
13049 22348 91
13120 49841 91
13252 42969 91
13299 49143 91
14191 45356 91
14750 15567 91
15772 42860 91
16057 44892 91
16131 17650 91
16250 27369 91
16489 45922 91
17664 22562 91
18811 22012 91
18999 26503 91
19489 29492 91
19914 32486 91
20300 49729 91
20799 24561 91
21336 31087 91
21856 36745 91
22307 41076 91
22807 36464 91
24066 33075 91
24444 24863 91
24837 25874 91
25556 28842 91
25927 45983 91
26323 36422 91
26553 45251 91
27023 28068 91
27876 33782 91
28805 30670 91
30139 32100 91
30152 48449 91
31959 43644 91
31974 38174 91
33011 46130 91
33687 37090 91
34110 38841 91
35459 41121 91
35969 42972 91
37436 39395 91
38804 43883 91
39250 44207 91
39820 46724 91
42404 43914 91
10 23 92
312 44633 92
319 783 92
546 4919 92
685 745 92
793 49518 92
1046 40172 92
1187 26470 92
1204 30057 92
1447 9740 92
1512 7669 92
1555 47973 92
1913 1914 92
2202 23265 92
2835 45135 92
2862 22813 92
2945 9753 92
2951 8077 92
3127 44770 92
3181 19576 92
3300 5461 92
3599 12087 92
3739 14705 92
4125 5624 92
4487 24405 92
5110 44360 92
5162 14685 92
5311 6518 92
6168 43061 92
6170 37151 92
6603 26130 92
7007 41378 92
7237 43540 92
7302 13545 92
7577 20896 92
7722 36435 92
8060 48722 92
8426 14615 92
9306 44314 92
10685 25508 92
10865 18711 92
11512 39300 92
11669 24679 92
12213 13183 92
13593 45965 92
13761 31655 92
15003 40105 92
15452 23861 92
15683 46940 92
15717 47782 92
17538 30666 92
18152 27820 92
18454 40863 92
18732 30639 92
18785 27946 92
19022 23949 92
20063 25825 92
20685 23263 92
20886 39552 92
21391 24837 92
21398 45112 92
21570 31426 92
21795 31937 92
22073 22710 92
22775 40695 92
23716 40575 92
23809 34102 92
24408 25473 92
25480 41226 92
27404 32881 92
27755 43899 92
28250 42499 92
29205 33104 92
29849 34605 92
31993 46280 92
32344 33898 92
33050 41572 92
33417 40230 92
34682 47416 92
35297 43205 92
35584 48947 92
35706 40255 92
36848 40043 92
37553 46056 92
39905 41968 92
41165 49900 92
41257 46708 92
41700 44059 92
43681 45256 92
48985 49014 92
19 39531 93
177 6154 93
198 49339 93
294 580 93
435 39061 93
599 40770 93
902 2832 93
978 1070 93
1096 31756 93
1497 4553 93
1589 15633 93
1638 47156 93
1652 21171 93
1706 4900 93
1723 33735 93
1760 37191 93
1869 23976 93
1966 47114 93
2154 48163 93
2314 21828 93
2315 9458 93
2353 29562 93
2379 38828 93
2472 10636 93
2542 8353 93
2979 11337 93
3017 5681 93
3354 30558 93
3542 14833 93
3542 40981 93
3613 5147 93
3933 32681 93
4060 15750 93
4401 13118 93
4688 19401 93
5061 23028 93
5426 7408 93
5881 10099 93
5940 6781 93
6094 15011 93
6179 20460 93
6545 9727 93
7019 34798 93
7202 27852 93
7275 23563 93
7298 24913 93
7782 20598 93
8150 33679 93
9190 13545 93
9232 20993 93
9256 49012 93
9274 30755 93
9293 28312 93
9399 37055 93
9546 28007 93
10003 40419 93
10863 20770 93
11067 35636 93
11418 22644 93
11588 32633 93
11657 37395 93
11748 24410 93
11885 37891 93
12015 41256 93
12149 43839 93
12632 49271 93
12834 15003 93
12876 17407 93
13268 14046 93
13400 32392 93
13444 41285 93
13522 18239 93
13915 33339 93
14039 41560 93
14274 49463 93
14442 18140 93
15117 44300 93
15180 24581 93
16444 23189 93
17634 25232 93
17784 25145 93
18361 39002 93
18567 23166 93
19582 41424 93
19829 49588 93
21060 32608 93
21281 46284 93
21657 24559 93
21864 45968 93
22022 32010 93
22367 26822 93
22498 22951 93
22520 25235 93
22677 36881 93
23064 27689 93
23117 31438 93
23241 36530 93
23825 48421 93
25165 38500 93
25176 26134 93
25496 26313 93
26369 32312 93
26582 39589 93
26607 38538 93
27226 44116 93
27370 31108 93
27521 49191 93
27745 28331 93
28095 30212 93
28221 34236 93
29436 49327 93
29962 38315 93
35039 44301 93
35187 40015 93
37415 38437 93
37939 39823 93
38029 38677 93
38356 42439 93
39198 39702 93
40446 49142 93
43117 46769 93
44358 48911 93
46144 46286 93
15 21071 94
85 49334 94
330 19170 94
807 28154 94
878 3292 94
1157 21048 94
1176 3320 94
1212 3337 94
1462 33319 94
1576 24174 94
1625 2857 94
1679 2627 94
1768 7196 94
1911 33303 94
1953 3476 94
2000 10369 94
2032 7256 94
2345 3801 94
2368 46312 94
2455 24601 94
2774 8166 94
2841 8106 94
2955 11471 94
3066 33762 94
3134 8013 94
3392 4770 94
3396 10832 94
3417 30237 94
3702 45706 94
3821 46949 94
3905 27085 94
4187 8127 94
4201 9633 94
4384 16892 94
4596 9815 94
4608 17629 94
4936 12900 94
5106 14934 94
5126 5359 94
5175 25906 94
5396 23309 94
6211 6432 94
6634 26930 94
7063 12558 94
8601 44391 94
8696 49445 94
8776 45685 94
8820 38762 94
8994 18231 94
9237 21157 94
9554 10962 94
9978 13869 94
10584 30750 94
10665 33062 94
11236 33711 94
12184 31390 94
12268 21107 94
12286 24949 94
12656 42950 94
12811 14797 94
12906 22718 94
12911 44920 94
13070 37680 94
13227 27585 94
13433 26301 94
14432 32906 94
15457 24915 94
15789 33026 94
15953 19469 94
16199 22288 94
16773 32917 94
16823 39727 94
17172 27055 94
17357 35655 94
18437 33415 94
20190 38193 94
20237 48786 94
20979 48992 94
21038 21108 94
23060 25592 94
23313 46518 94
23859 48254 94
24349 28348 94
24599 35684 94
24753 33152 94
24936 36603 94
24960 48033 94
26111 42581 94
27714 43069 94
27957 32292 94
28346 49019 94
29344 41214 94
29512 33517 94
29590 32843 94
29642 42247 94
31497 38609 94
33069 33457 94
33275 34883 94
37306 41763 94
38183 42677 94
38863 41748 94
32 86 95
33 134 95
79 3928 95
167 37338 95
324 3763 95
326 44175 95
378 44989 95
386 1399 95
422 3604 95
1000 2145 95
1193 1495 95
1230 2809 95
1231 10439 95
1351 42552 95
1406 32422 95
1549 10926 95
1682 24633 95
1754 21990 95
1878 37114 95
2114 2192 95
2450 11190 95
2864 31584 95
3020 4948 95
3382 4797 95
3693 40183 95
3916 10818 95
4045 22717 95
4349 9172 95
4639 33700 95
4662 18188 95
4965 31780 95
6094 7441 95
6215 25386 95
6237 14026 95
6276 27000 95
6506 22294 95
6513 10530 95
7039 15910 95
7067 8330 95
7068 45233 95
7213 34519 95
7299 39878 95
7373 8720 95
7409 34434 95
7560 15354 95
7597 39671 95
8179 38546 95
8412 43092 95
8454 28816 95
8597 25610 95
8845 26311 95
9363 16736 95
9640 48384 95
9641 12041 95
9780 49776 95
9812 22920 95
10154 24064 95
10471 23722 95
11850 23380 95
11996 27020 95
12017 16426 95
12382 38826 95
12624 22439 95
12732 33906 95
12757 33617 95
13481 40470 95
13983 14400 95
15659 48061 95
16979 45370 95
17004 38812 95
17110 32804 95
17737 43339 95
17855 35628 95
17955 41882 95
18616 34451 95
18880 32317 95
19631 41319 95
20672 35340 95
21095 31902 95
21963 47768 95
22229 40226 95
22578 44991 95
22845 34884 95
23642 30808 95
23786 38758 95
25379 41790 95
25387 37317 95
25775 29318 95
25790 48890 95
27127 44847 95
27745 30764 95
27880 35277 95
28177 38052 95
28511 38205 95
28868 42797 95
28980 30060 95
30389 31684 95
30427 36848 95
30680 46256 95
30913 32403 95
31080 35645 95
32409 49117 95
32665 34565 95
34178 36392 95
35626 45361 95
38744 47931 95
39577 41428 95
41080 46455 95
45602 48258 95
48347 49446 95
271 801 96
361 12441 96
509 1743 96
861 20195 96
1043 37841 96
1461 1919 96
1630 3799 96
1653 5239 96
1702 3484 96
2159 28432 96
2216 7095 96
2322 15050 96
2344 4567 96
2398 35659 96
2403 8795 96
2643 15327 96
2699 29597 96
2845 6098 96
3126 41552 96
3192 35129 96
3616 7113 96
3643 38634 96
3933 16727 96
3951 22646 96
4101 49575 96
4322 4990 96
4586 35916 96
4588 6500 96
5134 16941 96
5267 15362 96
5577 24621 96
5643 35654 96
5796 30999 96
6076 11139 96
6193 12518 96
6741 34782 96
6763 31809 96
6875 21187 96
7094 37676 96
7096 9006 96
7107 14551 96
7116 21055 96
7273 20438 96
7959 28008 96
7974 29162 96
7998 42455 96
8294 22329 96
8614 46824 96
8762 37329 96
9019 9909 96
10653 34261 96
11156 24314 96
11257 11287 96
11400 29112 96
11763 20241 96
11824 45782 96
12791 30474 96
12891 16191 96
13699 25793 96
13950 48676 96
14134 27013 96
14458 40218 96
15621 22716 96
15784 46965 96
15991 27508 96
16307 44669 96
17504 22313 96
17663 26615 96
17730 44465 96
18223 29944 96
18663 24548 96
19155 29132 96
19464 34918 96
19676 31764 96
20388 35431 96
20399 26258 96
21562 31568 96
21807 49466 96
22061 37202 96
22579 33245 96
22654 38505 96
22863 45288 96
23359 29386 96
23781 48067 96
23850 43479 96
23908 32073 96
24073 41287 96
24280 46448 96
24577 45127 96
24841 39560 96
26126 37752 96
26267 38285 96
26806 48121 96
27197 47661 96
27380 42461 96
28043 45818 96
29340 37784 96
29472 33558 96
29725 41492 96
29762 46261 96
30557 31324 96
30701 37203 96
31029 38829 96
31273 40805 96
31534 49373 96
33152 48164 96
34586 48555 96
34820 35282 96
35128 45240 96
36555 40966 96
37378 47188 96
37427 47022 96
38350 48673 96
38435 46303 96
39851 46657 96
40414 43047 96
41047 46624 96
42857 47669 96
43562 44791 96
33 599 97
41 8302 97
472 1565 97
686 1937 97
788 6948 97
870 4750 97
1005 16273 97
1091 2749 97
1172 12716 97
1281 6029 97
1296 20737 97
1435 1947 97
1457 27976 97
1562 28642 97
1584 23492 97
1691 2511 97
1757 7971 97
1851 5694 97
1969 18618 97
2109 13624 97
2116 4860 97
2121 11801 97
2139 28443 97
2702 17203 97
2856 13246 97
2910 5298 97
3061 11269 97
3419 6792 97
3718 40450 97
3777 5636 97
3790 26056 97
3800 12659 97
4166 44248 97
4241 13636 97
4468 12393 97
4831 36627 97
5135 22064 97
5362 24479 97
5400 19889 97
5411 12375 97
5709 48796 97
5879 47206 97
5965 12393 97
6339 14609 97
6656 45840 97
7115 12899 97
7625 28720 97
7850 34650 97
7934 15654 97
8484 20508 97
8541 17414 97
8653 28768 97
8682 32674 97
10364 33046 97
10571 32402 97
10988 15219 97
11102 17268 97
11132 14106 97
11533 22312 97
12740 19883 97
12829 46485 97
13454 23398 97
13906 22532 97
15028 49681 97
15611 32914 97
15679 18665 97
15695 41977 97
16279 32535 97
16741 26152 97
16945 18408 97
18593 46746 97
19944 24529 97
20220 25657 97
20414 27901 97
21227 33206 97
21762 47430 97
22221 24507 97
23482 33663 97
24350 38730 97
24651 42671 97
26128 49185 97
26192 33385 97
26308 32402 97
26921 40733 97
26949 30120 97
28107 41287 97
28535 36246 97
29019 31951 97
29457 34123 97
30470 36832 97
32455 46438 97
33167 42743 97
33919 41664 97
33944 48988 97
34412 47471 97
35236 43837 97
38360 42356 97
38749 48178 97
40694 44404 97
42201 45271 97
42369 45516 97
13 9906 98
21 13733 98
371 39770 98
473 3536 98
523 842 98
643 3310 98
791 1292 98
922 1352 98
1152 1460 98
1249 29361 98
1555 24327 98
1615 6241 98
1825 5035 98
2002 16153 98
2136 16658 98
3080 44610 98
3321 13817 98
3541 37934 98
3985 48990 98
4136 20524 98
4206 4865 98
4682 26024 98
4782 30068 98
4998 31674 98
5031 22900 98
5086 37161 98
5451 19337 98
5925 8761 98
6595 43158 98
7194 16825 98
7307 23760 98
7775 12373 98
7829 27246 98
7840 31934 98
8066 24688 98
8235 41042 98
8273 31179 98
9090 12385 98
9236 30556 98
9489 10065 98
9521 21369 98
9548 29002 98
9725 21546 98
10156 21019 98
10202 49614 98
10562 40190 98
10734 26371 98
11484 17010 98
11662 13134 98
11694 41150 98
11955 17968 98
13591 20039 98
14352 43072 98
14661 34177 98
14908 25456 98
15046 17140 98
15622 49920 98
15761 17986 98
15773 35925 98
15860 45837 98
16357 36251 98
16570 49938 98
16841 47391 98
17102 48343 98
17122 26154 98
17364 35076 98
17582 47683 98
17700 45948 98
17846 47173 98
17950 26239 98
19442 24859 98
20745 32069 98
20778 28181 98
20877 30059 98
21497 28372 98
21826 22005 98
22393 28838 98
22841 40321 98
22926 32351 98
23193 23475 98
23819 42102 98
23860 46193 98
24016 42342 98
24264 40717 98
24809 29578 98
25368 47985 98
26075 28842 98
28373 48893 98
28419 41737 98
28480 43967 98
29271 31975 98
30557 42639 98
30636 47617 98
31208 46578 98
31415 33334 98
32578 40481 98
33751 48144 98
34414 44591 98
34711 38343 98
36618 44832 98
37116 37439 98
40064 47265 98
44887 46015 98
46411 47189 98
12 31978 99
17 2564 99
153 37458 99
480 12382 99
1126 1720 99
1244 38840 99
1425 20638 99
1609 46997 99
2291 6103 99
2655 12264 99
2718 29180 99
3248 14764 99
3310 39267 99
3348 47844 99
3534 26004 99
3602 9218 99
3606 22344 99
3891 20269 99
4361 17055 99
4484 21190 99
4740 6390 99
4931 36797 99
5089 42563 99
5675 16386 99
7259 42704 99
7647 27139 99
7732 11528 99
7976 40991 99
8337 12312 99
8813 10777 99
8815 26907 99
9644 9818 99
10223 44237 99
10849 16818 99
11570 44856 99
11612 16278 99
12070 29922 99
12134 31824 99
12289 21056 99
12774 30581 99
13145 18511 99
13165 22869 99
13403 40490 99
13582 18880 99
13601 35083 99
14951 34199 99
15038 17208 99
15808 38212 99
15842 25542 99
16177 36480 99
16242 43425 99
17445 18405 99
17515 47136 99
18010 37412 99
18083 35284 99
18715 31197 99
18776 20303 99
19055 37197 99
19232 22447 99
19842 33866 99
20507 44482 99
20557 34272 99
21561 36451 99
21768 29608 99
21830 26726 99
22094 29530 99
22235 49400 99
22350 34324 99
22786 25640 99
25168 28666 99
28539 48020 99
28575 36650 99
28622 44475 99
29142 31407 99
29346 32839 99
29525 34344 99
29877 30150 99
29911 30367 99
30493 46312 99
30547 37647 99
30598 47312 99
31324 40431 99
31354 39110 99
31421 42528 99
31475 46011 99
31622 43732 99
31707 46718 99
31885 35046 99
32555 48658 99
34385 49709 99
34735 40203 99
34926 38815 99
35066 36142 99
36522 48313 99
39511 41345 99
40903 47953 99
45010 49019 99
45613 47462 99
40 36608 100
201 44302 100
257 28419 100
340 43394 100
362 28638 100
364 705 100
482 2682 100
830 30167 100
1071 4818 100
1280 14556 100
1284 10655 100
1591 4500 100
1634 17215 100
1697 28491 100
1704 26745 100
2050 8986 100
2139 49095 100
2226 22823 100
2275 16983 100
2823 6017 100
3103 18607 100
3367 45581 100
3376 32454 100
3952 48508 100
4445 33386 100
4504 30976 100
4623 47934 100
5205 31586 100
5369 49518 100
5680 8986 100
6261 14552 100
6324 40277 100
6456 11265 100
6576 31894 100
6674 46276 100
7089 14134 100
7276 27994 100
7325 46023 100
7859 20062 100
7885 39671 100
8452 20182 100
8624 9828 100
9385 16690 100
9724 42736 100
9840 34208 100
10071 19433 100
10334 28115 100
10900 33939 100
11060 17984 100
11108 45027 100
11373 32184 100
12561 48323 100
12672 13273 100
13243 45650 100
13249 49863 100
13365 15968 100
14083 33460 100
14218 31390 100
15419 38183 100
15981 48085 100
16545 27135 100
16843 24908 100
18226 41311 100
18945 42278 100
18954 22457 100
19121 21721 100
19363 31414 100
20092 21966 100
21679 24482 100
21758 48797 100
22304 43994 100
22801 31933 100
23348 46181 100
23576 43803 100
24255 26445 100
25860 29411 100
26083 30795 100
27025 28908 100
27320 31218 100
27498 45513 100
27930 35816 100
27965 45860 100
29774 34687 100
30049 33244 100
30147 44552 100
30369 44444 100
30761 49561 100
31152 42913 100
35515 48237 100
36568 45161 100
38295 47054 100
39817 41959 100
0 79 101
22 35568 101
102 1093 101
280 36371 101
305 587 101
679 45494 101
848 20059 101
881 43018 101
974 37825 101
1164 18759 101
1192 6565 101
1282 23714 101
1576 6142 101
1784 2369 101
1914 28852 101
1986 19338 101
2610 4313 101
2696 6996 101
3192 26069 101
3405 31319 101
3755 6355 101
4245 33420 101
4756 17890 101
4765 6569 101
4844 18826 101
5221 16186 101
5453 8178 101
5856 34994 101
6401 32850 101
6690 13754 101
6751 29841 101
7862 10104 101
8546 23667 101
8931 40833 101
9838 25652 101
10036 29388 101
10502 44500 101
10687 26115 101
10936 14828 101
11681 25851 101
11766 17517 101
12059 27748 101
12111 48638 101
12324 33007 101
12424 39716 101
12584 36097 101
12794 38082 101
14351 45395 101
14648 26514 101
15027 22728 101
15165 22645 101
16348 27264 101
17042 40211 101
17177 39023 101
17416 42988 101
17449 33804 101
18314 47414 101
18705 25596 101
19551 20518 101
19607 45004 101
19651 29987 101
19780 29769 101
19792 31664 101
19877 35242 101
20046 47466 101
20387 38228 101
21008 28224 101
21200 33234 101
21402 31542 101
21587 30366 101
22308 26596 101
23169 44314 101
23852 30736 101
25451 44963 101
26001 42632 101
26705 43027 101
26797 32415 101
26849 30410 101
27123 38006 101
27890 45310 101
27985 41992 101
28604 47705 101
29282 46564 101
30049 35911 101
30308 32418 101
30676 41657 101
33958 37186 101
34697 39621 101
35267 37775 101
36422 42146 101
36668 48487 101
39056 46724 101
39262 47809 101
39521 40556 101
39994 46241 101
40330 47393 101
84 283 102
145 459 102
366 18345 102
555 3571 102
811 47328 102
977 11204 102
1087 1166 102
1457 2507 102
1538 3568 102
1698 4555 102
1883 8337 102
2085 6794 102
2228 5999 102
2282 5304 102
2575 26081 102
2771 47997 102
2878 15772 102
2931 12542 102
3036 35800 102
3338 48236 102
3718 8257 102
4220 44263 102
4251 7414 102
4286 16680 102
4479 15029 102
4706 6001 102
5120 45348 102
5282 5823 102
5501 33631 102
5667 14309 102
5795 14012 102
6309 48001 102
6432 23732 102
6645 8471 102
6681 20387 102
6772 9366 102
6843 47882 102
6969 26208 102
7067 28127 102
7254 21682 102
7571 9892 102
9119 11270 102
9177 15113 102
9203 31197 102
10637 10930 102
10908 11177 102
10978 13583 102
11064 27723 102
11560 24598 102
11690 49951 102
12035 12470 102
12252 41120 102
12366 41117 102
12549 18783 102
12549 18884 102
13746 29185 102
13857 42174 102
14555 46291 102
14867 44620 102
15182 24742 102
15307 41728 102
15398 47286 102
15506 25817 102
15577 20773 102
16521 21858 102
17103 43095 102
17828 42417 102
17907 29136 102
18457 40036 102
18945 42815 102
19442 22222 102
20052 24953 102
20704 30425 102
20854 42726 102
20901 45450 102
20942 48228 102
20972 36012 102
21865 32364 102
23786 30949 102
24315 27530 102
24696 49250 102
25035 34068 102
25878 47980 102
28708 47610 102
30232 33846 102
30534 35953 102
31796 32611 102
32491 41906 102
33760 38348 102
34562 38842 102
36400 43163 102
36784 49912 102
37556 45246 102
37838 47564 102
40224 42580 102
40626 49133 102
47510 48890 102
49449 49562 102
45 578 103
105 17715 103
117 15033 103
234 35565 103
449 42372 103
554 23829 103
738 7977 103
1034 9248 103
1293 39194 103
1594 6352 103
1882 44681 103
1934 9284 103
1958 8934 103
2203 6334 103
2260 6520 103
2598 38045 103
2630 8377 103
3008 4710 103
3081 28410 103
3418 45981 103
4273 15765 103
4297 46713 103
4384 18199 103
4489 14839 103
4629 39122 103
4672 21937 103
4986 17138 103
4988 35491 103
5189 9113 103
5663 46605 103
5758 20754 103
6116 11142 103
6461 19331 103
6510 47140 103
6812 38054 103
6976 30304 103
7213 43519 103
9269 12986 103
9387 23078 103
9399 35456 103
9593 48697 103
9904 16455 103
10644 12785 103
10937 44771 103
11431 48730 103
11760 20546 103
12753 27143 103
12918 26116 103
13091 21622 103
13394 22642 103
14114 48376 103
14668 15649 103
15161 31848 103
15883 34880 103
15959 22839 103
16697 17509 103
16775 45418 103
16958 46639 103
17076 47698 103
17687 27677 103
17885 43605 103
18213 26993 103
18840 49629 103
20741 39219 103
20754 30148 103
21142 23126 103
21746 40025 103
22693 49063 103
24560 45292 103
24806 33893 103
25468 40171 103
26264 35501 103
26338 27808 103
26770 34801 103
27757 43676 103
28289 36803 103
28953 37760 103
29042 33733 103
29472 33287 103
30868 37913 103
31236 40638 103
31889 32302 103
32670 33798 103
33996 38276 103
37304 47428 103
38019 43600 103
38410 46967 103
40427 42672 103
40699 41914 103
40829 40846 103
41006 48013 103
43430 43576 103
45843 46648 103
48833 49385 103
49555 49877 103
26 27 104
120 21303 104
167 1406 104
231 11748 104
290 1481 104
559 1228 104
604 3167 104
606 5028 104
758 43879 104
1197 12063 104
1297 24186 104
1338 14273 104
1433 15960 104
1597 13117 104
1698 44372 104
1945 44194 104
2271 2395 104
2294 32801 104
2397 14183 104
2838 3506 104
2841 5388 104
3061 43290 104
3167 19447 104
3278 42463 104
3297 8551 104
3434 4155 104
3515 8481 104
3744 33435 104
4063 15184 104
4467 8070 104
4638 9874 104
4669 15059 104
5315 6206 104
5422 7365 104
5572 18571 104
5808 24410 104
5998 16647 104
7490 35170 104
7828 8546 104
7876 17514 104
7889 23608 104
8293 20626 104
8457 47880 104
8553 8742 104
8568 23451 104
9098 13144 104
9105 17521 104
9679 16009 104
9697 46690 104
9850 18275 104
10206 40176 104
10252 23824 104
10512 36309 104
10872 20584 104
10954 34052 104
11064 38182 104
11168 44458 104
11197 24265 104
11280 24725 104
12343 13375 104
12819 21404 104
12891 44124 104
12999 20847 104
13217 26924 104
14011 36347 104
14539 25478 104
14948 15506 104
15084 30625 104
15545 21717 104
15736 31951 104
15744 20792 104
15922 34252 104
19137 22653 104
19397 24038 104
19465 19741 104
19497 46229 104
20444 36682 104
21209 30590 104
23804 49825 104
24142 36705 104
24187 45886 104
24268 37880 104
24948 49365 104
25430 30125 104
25546 35173 104
25856 42658 104
26576 28853 104
27240 46885 104
27512 32010 104
27966 35454 104
28113 45345 104
28153 34409 104
28565 37025 104
29624 33611 104
30405 36108 104
30579 37007 104
31531 42022 104
32181 49028 104
34722 43599 104
35793 46105 104
37757 44441 104
37845 43556 104
38304 46302 104
39255 48558 104
137 5351 105
214 1069 105
313 5825 105
333 17733 105
886 29449 105
993 28668 105
1191 33949 105
1251 44279 105
1394 49389 105
1455 20643 105
1713 17444 105
2181 7570 105
2419 6362 105
3395 3617 105
3505 14858 105
4644 4927 105
4706 45145 105
4711 13750 105
4954 7868 105
5442 26087 105
5510 7081 105
5911 25960 105
5964 18619 105
6017 28657 105
6824 7475 105
6971 48613 105
7384 17560 105
7488 15628 105
7690 21251 105
7950 14722 105
8519 23450 105
9263 33738 105
9269 16265 105
9298 17896 105
9302 16343 105
9673 11932 105
9862 44283 105
10015 16500 105
10202 33121 105
10887 35140 105
10968 33454 105
11013 32602 105
11035 29534 105
11381 14264 105
11471 21240 105
11593 36062 105
11716 15686 105
12457 20725 105
13044 21034 105
13116 16430 105
14191 15091 105
14279 29974 105
14456 27713 105
14983 45522 105
15111 38771 105
15228 39197 105
16106 44129 105
16284 19258 105
16335 31206 105
16368 28298 105
17148 33459 105
17906 27159 105
18196 49550 105
18276 30761 105
20716 25339 105
23045 26278 105
23406 38742 105
23901 24448 105
24250 47398 105
25395 36476 105
25407 42986 105
26088 45153 105
26202 32932 105
27039 44415 105
27608 48092 105
27987 28571 105
29319 36080 105
30394 34654 105
30398 31290 105
30529 39219 105
32049 47174 105
32395 41582 105
34727 47118 105
36240 45389 105
36609 40571 105
38453 49278 105
39808 42023 105
40411 42608 105
42972 47222 105
44176 48110 105
45345 47652 105
45345 48898 105
22 1043 106
33 59 106
394 1222 106
459 47348 106
833 3424 106
906 9933 106
1667 7158 106
1775 13851 106
2264 41103 106
2311 40759 106
2607 45260 106
2662 4691 106
2902 10998 106
3048 10698 106
3383 36241 106
3780 11399 106
3880 5007 106
3967 35590 106
4118 31459 106
4412 15806 106
4577 22816 106
4622 39815 106
5301 12061 106
5428 12405 106
5472 20570 106
5545 14869 106
6672 8284 106
6948 44841 106
7022 30977 106
7102 32061 106
7244 11891 106
7354 32358 106
7358 32858 106
7731 19364 106
8499 13219 106
8554 28258 106
8681 37012 106
8983 42985 106
9298 33227 106
9387 10907 106
9768 20795 106
9791 40272 106
10090 26249 106
10092 36151 106
10104 12345 106
10762 49131 106
10783 33885 106
11009 11038 106
11455 16465 106
11633 18854 106
11886 18111 106
12302 38873 106
12431 42062 106
13295 33496 106
13982 39140 106
14622 27414 106
14948 27621 106
15017 30539 106
15716 17097 106
15751 48225 106
15872 31185 106
16387 43066 106
16748 20208 106
17194 36049 106
18109 34922 106
18204 18798 106
18599 48462 106
19016 19089 106
19042 45904 106
20564 27548 106
20683 33205 106
20782 25663 106
21904 30382 106
23110 34060 106
23925 40226 106
25555 27296 106
25926 37774 106
26366 39734 106
27225 40876 106
27570 47348 106
27914 29301 106
28284 29820 106
29951 35027 106
30719 32939 106
31512 33637 106
33494 47259 106
33630 34691 106
33699 35437 106
36120 37063 106
36761 48080 106
36965 41952 106
37195 37387 106
37407 46720 106
37495 47424 106
39648 47091 106
41269 46054 106
42651 47210 106
43340 47251 106
2 1920 107
45 5362 107
48 568 107
855 32760 107
1186 5521 107
1347 3553 107
1441 7090 107
1483 24837 107
1629 26201 107
1943 7643 107
1981 49279 107
1984 35681 107
2397 18531 107
2397 27906 107
2419 14651 107
2430 3648 107
2921 28013 107
3455 22678 107
3570 40652 107
3749 28091 107
3920 42347 107
3937 32579 107
4003 28909 107
4008 43884 107
4183 6273 107
4523 12587 107
4595 19543 107
4683 24549 107
4914 10002 107
5533 5554 107
5625 9608 107
5965 14695 107
6280 24590 107
6518 30287 107
6667 46983 107
6811 30118 107
6914 13688 107
7231 24900 107
7755 21719 107
7793 27086 107
7809 10132 107
7812 39506 107
8067 35715 107
8233 13678 107
8415 11756 107
8751 44805 107
8855 19135 107
9390 11531 107
9746 16918 107
9802 43486 107
10259 23268 107
10305 20442 107
10443 29585 107
10639 26283 107
11481 29420 107
11571 22361 107
11594 20675 107
11785 25034 107
12570 33401 107
12668 22465 107
13446 30422 107
13526 27950 107
13604 36841 107
14165 19065 107
14201 30783 107
14497 19428 107
15854 20706 107
16888 27520 107
18284 26670 107
18574 24832 107
19048 44730 107
19533 40618 107
19541 41228 107
19767 35946 107
20045 22339 107
20545 23407 107
20936 38738 107
20957 21045 107
21044 40685 107
21362 22144 107
21933 37298 107
22525 23245 107
22668 29900 107
25791 49848 107
26373 33415 107
26826 26848 107
27476 30670 107
27529 49631 107
27674 35974 107
29095 30095 107
29377 32548 107
30460 31721 107
34260 39030 107
35786 47327 107
39818 40054 107
44874 45506 107
47147 49873 107
47376 48539 107
109 12925 108
122 10214 108
218 10279 108
252 45390 108
557 9278 108
577 40177 108
776 4292 108
1351 3337 108
1490 3334 108
1529 2232 108
1703 25471 108
1767 41028 108
1995 21325 108
2019 20308 108
2520 42534 108
3252 5675 108
3724 22592 108
3739 11787 108
3840 14763 108
3848 41651 108
3885 6114 108
4057 13148 108
4475 25744 108
4487 28852 108
4653 16223 108
4853 43195 108
5055 32063 108
5342 27397 108
5383 15788 108
5516 27489 108
6208 9674 108
6843 35270 108
7593 22445 108
7745 19321 108
8362 19176 108
9140 26913 108
9814 44577 108
9964 42954 108
10165 28581 108
10390 37354 108
10891 23102 108
11025 32568 108
11039 33366 108
11218 18970 108
11488 49605 108
11508 42689 108
12340 31970 108
12988 25662 108
13773 32348 108
14001 31936 108
14021 19724 108
14141 21226 108
14177 41650 108
14448 17967 108
14643 43788 108
15306 31289 108
16230 23123 108
16308 43164 108
17443 25981 108
17501 18474 108
17790 32522 108
17962 43857 108
18133 38407 108
18909 49875 108
19026 27906 108
19281 49966 108
19340 29263 108
19522 33194 108
19612 32724 108
19859 34129 108
20883 20908 108
21498 40972 108
23375 28537 108
24111 37846 108
24369 42475 108
24673 24865 108
25614 25785 108
25974 39975 108
26333 41410 108
26442 29385 108
29378 33291 108
29472 40264 108
29555 40690 108
29572 33868 108
30258 45796 108
32334 41623 108
36451 38532 108
38061 40312 108
38074 49583 108
40112 48546 108
40827 47047 108
42175 44265 108
37 1461 109
60 8075 109
327 12387 109
640 20783 109
783 4323 109
837 1382 109
1781 23751 109
1919 17350 109
2029 34145 109
2313 3483 109
2509 8144 109
2853 49013 109
2992 41782 109
3388 7529 109
3620 11388 109
4084 16870 109
4981 21763 109
5141 17405 109
5365 31736 109
6242 8894 109
6321 17944 109
6710 15967 109
6992 7602 109
7005 42457 109
7152 15344 109
7533 10328 109
7639 23966 109
7847 44088 109
8015 17776 109
8035 46662 109
8292 30678 109
8312 39068 109
8917 14792 109
8919 40000 109
9317 30173 109
9750 48270 109
9878 25992 109
9981 15776 109
10102 41951 109
10109 49299 109
10529 17944 109
10577 14428 109
10835 15225 109
11537 12535 109
12255 44498 109
12558 15184 109
12649 43177 109
13115 37956 109
13268 30534 109
13740 43828 109
13789 16534 109
14835 24446 109
15507 41999 109
15965 33196 109
16388 19226 109
16508 49597 109
16569 34939 109
16734 46258 109
16915 33066 109
17445 25660 109
17613 43640 109
18076 46050 109
18138 49560 109
19111 25179 109
19195 29202 109
19302 24841 109
20051 36139 109
20426 27585 109
20458 47211 109
20745 34111 109
20910 47283 109
21123 34133 109
21303 23367 109
21620 21720 109
22361 42746 109
23032 49142 109
23505 48219 109
25370 44435 109
26096 32854 109
26169 36507 109
26350 35916 109
26374 37065 109
27776 32965 109
28237 38254 109
28249 34643 109
28257 31752 109
30803 41398 109
31114 39806 109
31801 45774 109
31852 37699 109
32748 45520 109
34197 47681 109
35363 49531 109
35675 45254 109
36029 49348 109
39051 39948 109
40154 44068 109
41910 44856 109
42802 49793 109
43067 46076 109
440 1254 110
502 3791 110
767 16988 110
1188 2778 110
1211 34967 110
1217 21455 110
1632 22032 110
1650 13193 110
1692 4178 110
1740 4449 110
2021 26964 110
2125 9762 110
2216 2278 110
2526 10470 110
2881 36284 110
3458 32538 110
3694 3846 110
3869 41251 110
3951 43379 110
4135 6579 110
4316 36174 110
4563 11479 110
4593 10612 110
4659 6402 110
4695 26077 110
5336 6917 110
6399 25618 110
6511 33990 110
6592 12769 110
6736 34700 110
7042 19130 110
7119 8914 110
7420 21052 110
7476 18882 110
7902 35126 110
8237 49427 110
8799 11116 110
8814 9148 110
9161 33902 110
9293 20099 110
10320 36518 110
10647 36414 110
10732 36916 110
10993 13263 110
11274 45585 110
11295 32221 110
11650 41505 110
11672 29116 110
11902 19110 110
11978 14100 110
11984 12273 110
12536 19691 110
13080 23053 110
13649 43409 110
13778 35740 110
14610 20967 110
14725 16000 110
15299 38009 110
15592 20745 110
15904 47618 110
17479 28645 110
17688 36811 110
17995 33171 110
19130 32691 110
19277 24117 110
19387 47365 110
19497 34862 110
20350 32385 110
20877 42227 110
21144 28746 110
21443 33241 110
21474 22360 110
21874 45475 110
22070 33133 110
22224 36060 110
22299 23653 110
22689 41980 110
23708 25022 110
24244 49477 110
24563 49685 110
24727 35215 110
25871 48137 110
26349 41856 110
29113 43086 110
30399 45434 110
31031 47686 110
31708 39590 110
32578 43659 110
35704 37118 110
42123 47334 110
42157 48736 110
75 32343 111
89 3715 111
360 17438 111
384 425 111
407 5195 111
421 9997 111
466 972 111
716 43895 111
1315 21342 111
1347 2981 111
1455 17849 111
1466 35459 111
2082 8087 111
2157 20399 111
2310 33251 111
2890 4475 111
3619 41715 111
3632 26043 111
3693 27090 111
3946 33705 111
3992 18739 111
4032 27998 111
4039 32676 111
4623 6392 111
4857 34928 111
5476 44649 111
5545 13737 111
6103 32246 111
6295 39864 111
6411 23163 111
6915 22574 111
6927 22025 111
7235 14754 111
7255 15332 111
8170 15254 111
8563 13186 111
8932 39633 111
8941 12093 111
9179 14860 111
9837 30389 111
10414 28345 111
10817 11751 111
10928 28186 111
11309 20790 111
11749 23734 111
12880 48888 111
13284 33235 111
13710 33455 111
13849 17949 111
14246 43583 111
14634 35233 111
14655 29802 111
14892 45410 111
15161 49386 111
15806 28589 111
16159 46684 111
16327 43925 111
17120 33644 111
17311 22150 111
18775 30132 111
19487 33147 111
19567 25217 111
19780 20972 111
20801 49287 111
21059 49177 111
21278 46139 111
21540 29617 111
21589 47086 111
22435 24463 111
22470 37637 111
22769 22967 111
23180 26242 111
23548 23828 111
23637 30275 111
24343 27231 111
25610 33722 111
27753 47662 111
28355 34414 111
28443 48100 111
28584 34611 111
28951 41498 111
29053 41253 111
29632 49721 111
30002 34124 111
30491 48255 111
30539 38958 111
31661 34359 111
32818 41471 111
33283 47357 111
35048 45597 111
35711 36868 111
37257 38283 111
37652 47757 111
38717 48131 111
39130 47286 111
40280 40576 111
44178 49291 111
42 26965 112
164 5479 112
182 2506 112
326 16827 112
500 1021 112
523 9633 112
585 10175 112
661 40690 112
671 1283 112
678 31221 112
997 26437 112
1275 48784 112
1725 13790 112
1891 8830 112
2022 19690 112
2123 12062 112
2239 45895 112
2246 2321 112
2448 8680 112
2644 7954 112
2963 19098 112
3108 18254 112
3432 24069 112
3897 41734 112
4026 39820 112
4167 19659 112
4442 45891 112
4512 6141 112
4750 5491 112
4820 6888 112
4883 28893 112
5421 13128 112
5719 32212 112
6441 29650 112
6581 14997 112
7278 20889 112
7476 43666 112
7557 37287 112
7920 8488 112
8127 25030 112
8205 10420 112
8256 26834 112
8643 45040 112
8815 43664 112
9124 11928 112
10079 41202 112
10345 47408 112
10370 31541 112
10517 21028 112
10860 23254 112
10877 29165 112
11371 26947 112
11510 33038 112
11954 30520 112
12046 33890 112
12138 17948 112
12161 42138 112
12169 20030 112
12481 20181 112
13104 22207 112
13146 22351 112
13154 24424 112
13243 34615 112
14669 22454 112
14765 42218 112
15205 36844 112
15360 41634 112
15505 28835 112
15680 21921 112
15798 28813 112
16805 31600 112
16927 33925 112
17035 20048 112
17352 42099 112
17685 19186 112
19321 39759 112
19528 21867 112
19719 21525 112
20297 27547 112
21154 25835 112
21814 35759 112
22509 32577 112
23846 40598 112
23967 41500 112
25649 39787 112
25996 49496 112
26384 41275 112
27303 29051 112
27458 30961 112
27942 37679 112
29703 38863 112
31459 47327 112
32355 37289 112
33518 37180 112
34561 35955 112
37185 43946 112
37908 40373 112
38337 42658 112
64 6877 113
230 3960 113
451 722 113
479 21161 113
703 19151 113
718 3231 113
842 6870 113
852 4558 113
1108 3524 113
1194 7039 113
1688 2166 113
1997 17785 113
2026 2806 113
2054 49975 113
2088 6594 113
2269 25570 113
2308 22915 113
2365 48301 113
2794 12940 113
2892 33265 113
3195 25114 113
3318 5116 113
3695 43379 113
4443 49096 113
5448 47957 113
5496 31712 113
5766 23075 113
5975 42282 113
5987 27734 113
6017 26512 113
6109 13883 113
6244 19890 113
6438 31385 113
6476 23859 113
6671 37907 113
6823 22112 113
7029 35424 113
7186 7952 113
7364 49987 113
7642 12635 113
7803 45147 113
7937 25697 113
8619 8775 113
9692 41386 113
9747 44804 113
9920 24485 113
9984 33150 113
10222 39485 113
10272 29684 113
10339 11819 113
10475 38199 113
11134 25073 113
11417 28236 113
12321 29079 113
13045 26415 113
13597 20627 113
14437 14665 113
14880 18747 113
15485 19609 113
15582 41731 113
15934 41329 113
15946 37565 113
16104 24653 113
16106 23055 113
17083 27112 113
17651 38133 113
20339 36440 113
20483 46922 113
20523 25815 113
20878 37805 113
21538 39524 113
21658 22060 113
22139 43200 113
23671 26814 113
25528 31800 113
26146 38462 113
26244 29243 113
26574 31186 113
26645 28199 113
26756 34676 113
27966 43885 113
29009 48302 113
29899 38542 113
30057 38288 113
30427 43318 113
31106 37153 113
31645 33531 113
32020 47090 113
32283 43182 113
34528 34877 113
40686 49481 113
43276 48530 113
44552 46233 113
48385 49304 113
159 204 114
324 29358 114
416 29159 114
434 7094 114
851 49139 114
1035 4552 114
1385 19897 114
1594 24845 114
1766 42586 114
1885 11682 114
2027 2093 114
2207 2435 114
2574 2782 114
2620 5929 114
2711 10896 114
2863 7769 114
2934 6815 114
3110 28803 114
3339 12866 114
3419 7364 114
3710 39789 114
3782 22491 114
4101 28426 114
4526 38752 114
5029 7507 114
5286 7002 114
5620 42044 114
5722 25462 114
5833 21280 114
6018 15034 114
6102 39197 114
6137 13970 114
6228 17452 114
6244 27018 114
6342 41401 114
6741 11163 114
7530 8124 114
7896 12575 114
8593 27035 114
9624 37728 114
9740 26493 114
9776 13027 114
10314 25942 114
10331 16086 114
10586 10951 114
10651 30546 114
10718 22087 114
11044 11532 114
11602 29958 114
11918 29121 114
12128 38737 114
12980 42825 114
13464 30137 114
13836 45984 114
13958 31040 114
14166 22604 114
14207 31553 114
14215 34087 114
14543 28650 114
14860 48408 114
14920 21812 114
14975 34950 114
15359 22990 114
15696 18903 114
16509 19546 114
16637 46290 114
17333 37253 114
17427 20858 114
17830 22167 114
18210 27244 114
18346 38329 114
18423 40276 114
18436 49314 114
18721 41515 114
19051 28320 114
19177 22184 114
20013 33263 114
20263 38508 114
20315 36571 114
20660 45411 114
21743 46354 114
21882 25336 114
22221 30259 114
22600 24082 114
22760 30595 114
23441 34176 114
24370 43398 114
24503 37058 114
25469 28058 114
26390 27940 114
26936 37096 114
27475 34050 114
28140 32541 114
28289 49367 114
28624 33574 114
29195 40220 114
29541 35741 114
31228 38649 114
31630 34914 114
32052 42740 114
32242 39286 114
32260 49063 114
32719 33002 114
32721 45125 114
33587 47228 114
34688 45939 114
34878 43000 114
34945 36710 114
40383 43843 114
41271 47851 114
41619 49219 114
42334 42977 114
42896 48368 114
43403 49457 114
43702 46873 114
16 3217 115
234 298 115
255 430 115
413 27518 115
601 5242 115
616 27035 115
774 8646 115
921 17266 115
1019 44714 115
1239 12207 115
1245 6379 115
1752 47155 115
1846 19577 115
2040 40575 115
2552 35573 115
3046 9216 115
3311 4680 115
3563 39898 115
3984 15885 115
4796 8965 115
5611 33807 115
5687 14649 115
5756 6637 115
5774 6036 115
5912 47164 115
6481 16255 115
7108 24118 115
7135 22171 115
7301 17880 115
7563 16552 115
8157 46094 115
8204 38153 115
8676 26348 115
8726 38549 115
8883 21779 115
9267 15908 115
9297 33767 115
9649 26881 115
9982 30178 115
10303 30455 115
10510 15259 115
10772 44022 115
11380 48161 115
11412 15236 115
12606 40960 115
13350 15513 115
13635 20739 115
13663 24790 115
13669 13932 115
13995 35054 115
14010 34860 115
14228 15279 115
14344 15452 115
14451 28725 115
15088 22077 115
15113 16749 115
15617 45232 115
16505 46443 115
16725 19898 115
16825 35687 115
16896 28606 115
18558 22217 115
19137 22777 115
19313 49119 115
19548 27850 115
19579 29306 115
19639 26338 115
20470 48016 115
20553 33848 115
20665 38972 115
20878 35035 115
21503 26841 115
21674 24963 115
21852 33840 115
23112 45806 115
24338 44773 115
27515 34391 115
27701 39663 115
28814 40713 115
28904 40408 115
29342 46101 115
30187 39121 115
31427 33917 115
32259 48708 115
32540 37387 115
32622 42470 115
33396 35074 115
35435 36440 115
35795 49405 115
38277 43235 115
38509 39627 115
40733 41472 115
41392 42186 115
43586 45573 115
6 32 116
183 44162 116
260 45035 116
503 869 116
658 2713 116
933 1189 116
1263 17933 116
1486 17487 116
1637 39204 116
2000 17048 116
2235 34314 116
2269 12311 116
2956 5453 116
2973 20397 116
3020 6151 116
3075 30990 116
3425 12760 116
3489 40954 116
4163 36522 116
4246 7279 116
4514 6187 116
4774 40592 116
4795 34255 116
5436 8508 116
5450 22125 116
5797 46772 116
6032 32870 116
6954 30045 116
7034 49497 116
7449 25045 116
7551 16796 116
7633 18272 116
7799 26175 116
8080 16908 116
8227 9346 116
8262 11558 116
8735 10632 116
9025 21051 116
9069 21244 116
9416 15201 116
9619 38217 116
9983 28109 116
10148 13669 116
10368 46402 116
10708 26328 116
10834 45929 116
11049 41114 116
11224 16236 116
11370 32273 116
11611 17683 116
11824 45108 116
11882 40854 116
12001 18828 116
12543 14047 116
12668 35154 116
13927 20536 116
13943 16918 116
14063 22466 116
14525 28726 116
15446 16360 116
15579 19118 116
15600 49782 116
15664 40846 116
15849 23769 116
17358 21237 116
18148 20112 116
18733 38723 116
18857 23997 116
19044 27008 116
22191 36849 116
22685 38984 116
22879 30594 116
24514 34315 116
25077 40791 116
25779 39488 116
29036 38542 116
29731 31076 116
29858 31680 116
30361 36853 116
30875 49041 116
31151 34805 116
31192 40731 116
31234 31624 116
32575 34188 116
32898 41962 116
33036 41058 116
33329 40342 116
34653 34801 116
39043 49932 116
39781 48906 116
39876 46934 116
43279 48827 116
44193 49825 116
44507 45252 116
45260 46719 116
23 40546 117
99 8139 117
306 833 117
921 5543 117
998 22503 117
1282 29827 117
1364 10827 117
1456 24583 117
1464 14880 117
1749 6984 117
1937 25275 117
2085 18125 117
2225 3910 117
3073 10646 117
3291 3750 117
3940 39529 117
4226 7156 117
4244 34070 117
4421 16075 117
4506 19344 117
5013 43824 117
5341 34641 117
5534 17248 117
6062 12275 117
6096 20010 117
6201 7880 117
6205 19910 117
6329 8801 117
6477 13451 117
6832 31365 117
7308 43248 117
7402 9168 117
7445 34671 117
8441 15568 117
8704 9234 117
9259 33128 117
9539 47111 117
9736 10216 117
10511 42487 117
10698 49035 117
10716 21261 117
11271 14106 117
12333 13723 117
12350 12654 117
12394 38181 117
12472 17375 117
12714 14230 117
13047 35298 117
14556 19700 117
14822 25107 117
15490 30560 117
16172 16905 117
17871 29460 117
19573 38505 117
20237 21554 117
21062 31650 117
21360 44752 117
22063 29201 117
22094 41110 117
22384 46943 117
22772 28751 117
26082 38308 117
26917 29739 117
27744 40972 117
28379 40838 117
28877 30508 117
29181 47501 117
31604 40427 117
32174 39822 117
34467 46414 117
36533 43140 117
37149 49157 117
38928 42554 117
38972 44110 117
39082 41230 117
12 411 118
41 1620 118
164 25468 118
248 36826 118
320 343 118
373 47598 118
476 43428 118
1416 40736 118
1741 3788 118
1767 44610 118
1902 12435 118
2181 3259 118
2251 11734 118
2361 17830 118
2393 16606 118
2887 9963 118
3088 36349 118
3218 5709 118
3227 23324 118
4179 22159 118
4211 45800 118
4372 24482 118
4722 45352 118
4790 12166 118
5755 7011 118
5844 36177 118
6023 17857 118
6162 38284 118
6429 46130 118
6745 31805 118
7136 16114 118
7445 11223 118
7734 15707 118
7933 9989 118
8085 14758 118
8200 10603 118
8275 30078 118
9082 39422 118
9360 28605 118
9871 17643 118
10184 31952 118
10513 31294 118
12023 24340 118
12035 25039 118
12190 26265 118
12706 18533 118
12855 29254 118
13052 13644 118
13186 22908 118
13483 44749 118
13509 39893 118
13779 21178 118
13932 44599 118
14359 45005 118
14660 26216 118
14746 18180 118
14752 36763 118
15637 24089 118
16133 44147 118
17245 17255 118
17456 18355 118
18151 29919 118
19479 20688 118
20128 46015 118
20375 30725 118
21042 37524 118
21664 30491 118
22871 32522 118
23410 40471 118
23752 32972 118
24743 43155 118
24940 39304 118
25751 49433 118
25845 45139 118
25865 44524 118
26707 34228 118
26986 30219 118
27244 37645 118
27703 37984 118
28547 47348 118
28627 39368 118
28847 40170 118
29021 35595 118
29826 46181 118
32303 48575 118
32529 40618 118
33689 48017 118
34630 48834 118
42962 45198 118
280 5607 119
284 3927 119
378 42759 119
560 24083 119
614 3692 119
751 34602 119
870 35281 119
996 4312 119
1247 37008 119
1488 35048 119
1765 4607 119
2477 37792 119
2929 10302 119
2976 19962 119
3450 8506 119
3459 39768 119
3626 14922 119
3794 27873 119
3795 34665 119
4066 5952 119
4342 49716 119
4391 45945 119
4473 32170 119
4475 30897 119
4830 47057 119
5146 7415 119
5226 14353 119
5497 8032 119
5600 7679 119
6126 35736 119
6178 10384 119
6216 6221 119
6384 22661 119
6418 39877 119
6799 38488 119
6969 46766 119
7101 9177 119
7348 19365 119
7814 33641 119
8149 32750 119
8642 22335 119
8717 12116 119
8735 44115 119
8947 10525 119
9213 44177 119
9707 20550 119
9863 13453 119
10090 26703 119
10295 22857 119
10940 25583 119
11230 40317 119
11275 23077 119
11375 35103 119
11951 49651 119
12697 13651 119
12717 24818 119
13320 13847 119
13397 40995 119
14605 26465 119
14831 28444 119
14877 18912 119
15149 49931 119
15972 27712 119
15995 44140 119
16794 33192 119
17320 17504 119
17809 38061 119
18115 42131 119
18472 25272 119
18967 27479 119
19055 42764 119
19406 40999 119
20833 46904 119
20856 27280 119
21264 47433 119
21409 30246 119
21465 25796 119
21527 32547 119
21541 42249 119
21731 28833 119
23398 33979 119
23902 25346 119
23957 31773 119
24506 27763 119
25358 41240 119
26266 34072 119
27282 34097 119
27292 39089 119
29219 44164 119
29506 39501 119
32023 43123 119
32148 36853 119
32545 40543 119
32808 36825 119
32836 35833 119
33762 35397 119
35172 41914 119
35720 38296 119
35908 49085 119
36468 40020 119
36557 40890 119
36773 43697 119
38780 39201 119
39126 44885 119
40600 47743 119
40898 42695 119
40980 48510 119
41507 47363 119
42750 49004 119
13 939 120
53 33308 120
144 15235 120
314 15960 120
367 2955 120
373 5964 120
501 654 120
1086 9595 120
1316 36686 120
1459 1665 120
1827 44735 120
1892 10655 120
1897 10207 120
2029 33896 120
2157 34153 120
2215 36480 120
2468 25731 120
2897 3564 120
3616 3936 120
3722 6467 120
3776 38469 120
4968 13656 120
5212 13592 120
7060 9978 120
7663 36293 120
7759 30726 120
8070 22766 120
8290 15773 120
9215 13763 120
9275 29792 120
9503 13905 120
10037 16168 120
10352 12413 120
10760 26747 120
10876 31840 120
11107 17299 120
11129 39674 120
11149 24341 120
11252 41033 120
11987 28350 120
12343 40553 120
12709 40045 120
12789 47746 120
13627 24847 120
13728 25496 120
14088 34020 120
14091 49802 120
14466 45256 120
14929 19792 120
15062 45914 120
15693 29565 120
16141 34964 120
16244 25638 120
17116 36313 120
17539 38266 120
17692 31942 120
17874 22319 120
19076 47743 120
19941 47777 120
20260 27508 120
20349 36917 120
22838 23987 120
23240 35464 120
24113 44948 120
24292 30892 120
24610 30147 120
24781 44414 120
24919 27066 120
25143 27012 120
25165 44038 120
26152 37419 120
26155 33287 120
26546 29002 120
26679 49119 120
27012 31974 120
27815 41174 120
28563 42857 120
29018 35015 120
30348 32321 120
30614 39050 120
30727 34920 120
30801 41823 120
32107 46870 120
32587 43645 120
33258 33488 120
33470 33663 120
33828 43276 120
34909 42591 120
35344 41836 120
35451 45165 120
36722 37037 120
37128 49376 120
37302 40350 120
37509 48257 120
37780 41522 120
38636 40660 120
38681 40441 120
39581 46334 120
39837 40921 120
41117 47087 120
44556 46279 120
45254 47448 120
132 13956 121
171 40047 121
210 558 121
330 25824 121
561 8870 121
562 919 121
936 8282 121
1072 29771 121
1264 45884 121
1313 23469 121
1418 11524 121
1755 38898 121
1829 11944 121
2101 18445 121
2224 14814 121
2300 44913 121
2353 3054 121
2415 8621 121
2544 8479 121
2675 26451 121
2808 25713 121
2962 44808 121
3103 43360 121
3257 27853 121
3298 19113 121
3613 6752 121
3633 13373 121
3889 45511 121
4182 16824 121
4468 41420 121
4828 21023 121
4905 31779 121
5062 34995 121
5316 8672 121
5811 43385 121
5933 20869 121
5959 11027 121
5960 19078 121
5973 22255 121
6067 17568 121
6335 30855 121
6478 24255 121
6490 13243 121
6740 17281 121
6850 25309 121
6898 44366 121
7097 27984 121
7180 33661 121
7338 29684 121
7409 26383 121
7599 10836 121
7612 7812 121
7699 19877 121
8467 15001 121
8856 14985 121
9276 45459 121
9470 32132 121
9516 38309 121
9524 18307 121
10174 13965 121
10199 49059 121
10337 47014 121
10378 24487 121
11241 12403 121
11325 28212 121
11343 21544 121
12037 14277 121
12871 38748 121
13273 14982 121
13472 23594 121
13779 35922 121
13912 21256 121
14201 19787 121
14301 45788 121
15098 20157 121
15143 42508 121
15871 31526 121
16022 38130 121
16031 47399 121
16376 18370 121
16406 19080 121
16442 19595 121
16848 32701 121
17134 28046 121
17953 37635 121
18254 24968 121
18461 29842 121
18738 39742 121
20110 39242 121
23026 23933 121
23799 29106 121
24611 41433 121
24729 34951 121
25153 33902 121
25223 47386 121
27201 42846 121
27727 37788 121
29611 38119 121
29654 29745 121
31839 48407 121
31942 41463 121
37958 42676 121
39634 48633 121
40963 46988 121
42023 43346 121
61 24754 122
152 1899 122
161 2753 122
251 29287 122
446 1149 122
470 1932 122
719 12850 122
729 1288 122
860 6337 122
1179 20107 122
1373 2556 122
1979 26920 122
2117 13647 122
2890 10202 122
2906 16822 122
3053 10660 122
3090 21598 122
3095 33464 122
3345 24099 122
3546 6158 122
3587 15530 122
3680 48659 122
3829 28675 122
3867 37321 122
4018 23124 122
4216 44096 122
4252 15189 122
4324 30150 122
4546 4609 122
5098 38176 122
5607 16744 122
6011 7118 122
6104 24862 122
6281 24562 122
6739 24849 122
6901 47757 122
7154 25885 122
7581 42892 122
7705 37151 122
7884 48515 122
8016 14890 122
8035 16972 122
8161 14942 122
8425 36066 122
8584 46968 122
8615 21733 122
8807 45983 122
8990 43605 122
9130 29127 122
9442 41354 122
9930 25980 122
9975 47657 122
10195 12803 122
10605 24059 122
11333 36559 122
11881 29025 122
12063 18718 122
12096 31755 122
12502 44676 122
12670 17931 122
13464 33692 122
13711 24997 122
14911 31923 122
15152 47875 122
15202 45570 122
15339 30466 122
15545 21791 122
15759 38534 122
15852 20699 122
15873 23558 122
16319 38753 122
16361 16631 122
17950 20062 122
18539 23594 122
18945 41711 122
19220 31294 122
19226 49293 122
19417 49318 122
19434 30746 122
19540 27280 122
20218 29095 122
20404 26669 122
22350 40893 122
22810 46088 122
22882 36600 122
23399 41377 122
23839 24716 122
24407 44404 122
24514 42448 122
25021 39627 122
26173 46840 122
26801 30375 122
27271 44513 122
27965 37535 122
30576 42325 122
32954 42581 122
33212 42146 122
33264 41941 122
33496 40232 122
34037 43529 122
34514 36013 122
36069 40779 122
36883 44186 122
37756 47171 122
38680 41951 122
39813 43553 122
40280 44958 122
42268 46753 122
42496 45549 122
43918 45580 122
44362 46503 122
44968 49935 122
47621 48581 122
4 44816 123
12 3437 123
151 582 123
278 10202 123
685 908 123
827 37250 123
1079 1433 123
1360 20831 123
1410 31783 123
1752 9864 123
2044 16720 123
2176 3428 123
2658 27783 123
3034 12830 123
3137 12159 123
3697 24818 123
3824 6673 123
3857 13685 123
4191 5557 123
4226 8713 123
4395 15569 123
4969 10890 123
5061 37779 123
5116 34305 123
5560 49269 123
5884 11487 123
6198 12047 123
6309 28260 123
6350 7594 123
6422 15957 123
6688 27541 123
6696 37993 123
7260 10633 123
8555 37562 123
8557 32770 123
8880 40385 123
9250 40112 123
9625 15592 123
10048 17728 123
10376 10754 123
10677 25077 123
11181 30644 123
11266 27941 123
11292 30388 123
11612 38519 123
12158 37661 123
12669 43496 123
13477 26938 123
13543 15949 123
13744 28631 123
13821 29174 123
13925 29933 123
15091 23913 123
15274 38916 123
15626 48658 123
16122 44756 123
16390 22747 123
16575 20628 123
16898 38428 123
17769 31751 123
18009 19896 123
18022 26557 123
18883 22976 123
21541 37059 123
21900 44458 123
21958 47388 123
22273 30395 123
22328 49975 123
22660 47060 123
23676 27189 123
24117 42004 123
24249 41746 123
24847 38166 123
25196 45928 123
25217 26998 123
26093 49809 123
26121 47562 123
26808 36434 123
27232 33024 123
27268 28134 123
27290 37542 123
27748 46038 123
27819 30566 123
28532 42226 123
28740 31162 123
28992 43171 123
29290 29544 123
30116 33368 123
30452 43858 123
30781 35354 123
31625 42960 123
31965 43276 123
32475 33330 123
33956 45338 123
35759 42406 123
37388 38567 123
37669 41549 123
39050 39603 123
40963 49626 123
42370 46950 123
42706 49235 123
43470 44810 123
43783 45590 123
16 8764 124
37 838 124
153 31329 124
230 6780 124
502 25243 124
535 37544 124
696 2425 124
738 1778 124
1014 28108 124
1016 4443 124
1080 12615 124
1102 2421 124
1605 2753 124
1620 26107 124
1631 46280 124
1853 10523 124
1983 21538 124
2192 31896 124
2661 9286 124
2970 15641 124
3144 15998 124
3432 12640 124
3970 40040 124
4199 7167 124
4272 19987 124
4314 21698 124
4537 17833 124
4838 7076 124
5169 36250 124
5265 18649 124
5760 16593 124
6000 43652 124
6371 12377 124
6413 44516 124
6664 11136 124
7276 16225 124
7322 10231 124
8056 14718 124
8451 13345 124
8463 21604 124
8617 38348 124
8675 40237 124
9565 14439 124
9907 46991 124
10258 34353 124
10282 19825 124
10506 32631 124
10510 36273 124
10901 43778 124
11345 44416 124
11765 28338 124
12153 41341 124
12231 24496 124
12262 44600 124
12948 20034 124
13079 33034 124
13543 27350 124
13701 19709 124
13954 23899 124
14092 38944 124
15201 15902 124
15466 18987 124
15918 44504 124
16028 34996 124
16225 16730 124
16721 49391 124
17783 25596 124
18137 28097 124
18427 33286 124
18518 31327 124
18664 41598 124
18932 34140 124
20227 27007 124
20455 22615 124
22416 36540 124
22758 40230 124
22789 28081 124
23598 29594 124
25128 44849 124
26617 46329 124
27154 47340 124
27295 45783 124
27727 36402 124
28073 32602 124
28438 33448 124
28633 30962 124
28668 41014 124
28763 39517 124
29823 31553 124
29826 42262 124
30497 30711 124
31270 42542 124
32346 40856 124
32768 34971 124
33062 38505 124
34190 47326 124
34208 43177 124
35404 49282 124
35857 41318 124
35873 49840 124
35915 44265 124
36239 38249 124
36434 38152 124
38513 46577 124
43328 49087 124
587 959 125
664 12324 125
690 6148 125
758 21961 125
855 26535 125
863 6562 125
874 11267 125
1202 15753 125
1206 4361 125
1262 7297 125
1324 49473 125
1410 39330 125
1481 2771 125
1657 12486 125
2118 2294 125
2236 2493 125
2300 36033 125
2412 14531 125
2551 7756 125
2636 5332 125
2989 45477 125
3000 11067 125
3255 19274 125
3311 27816 125
3472 13593 125
3586 38095 125
3640 17401 125
4146 11423 125
4163 7418 125
4984 40466 125
5260 8855 125
5303 13052 125
5348 45368 125
5419 11260 125
5660 17762 125
6225 24650 125
6699 43271 125
7101 16022 125
7620 32383 125
7750 11344 125
8124 46987 125
8213 15190 125
8603 47590 125
8670 48926 125
10167 15725 125
10454 16262 125
10505 47029 125
10546 44341 125
10574 43944 125
10835 25075 125
11028 36539 125
11181 39415 125
11919 31572 125
12852 35309 125
12944 40388 125
13040 25400 125
13093 24776 125
13545 24073 125
13638 43574 125
13884 17796 125
13893 19430 125
13977 35742 125
14208 23194 125
14545 33616 125
14553 15062 125
15048 41197 125
15393 20040 125
15463 19218 125
15764 42145 125
15849 48224 125
15944 36947 125
16171 18827 125
17003 31230 125
17271 44955 125
17300 21860 125
17371 38858 125
17450 36839 125
17480 40982 125
17502 49264 125
17781 24176 125
18846 43992 125
19185 42282 125
19355 32197 125
19958 22981 125
19962 45867 125
20050 46658 125
20880 44781 125
20908 39211 125
21441 27613 125
22453 31064 125
23935 37059 125
24045 40356 125
25025 45942 125
27680 48194 125
28246 46717 125
30560 49126 125
31289 47778 125
31629 33607 125
31795 31866 125
33744 41892 125
33939 44984 125
34292 47751 125
36975 41884 125
39429 43923 125
40626 47506 125
41659 48739 125
83 717 126
188 16710 126
279 27482 126
294 1008 126
462 3798 126
593 16287 126
680 2836 126
978 5601 126
1192 1750 126
1451 16954 126
1975 12775 126
2031 8445 126
2110 18871 126
2155 15142 126
2490 16305 126
2518 6104 126
2704 26514 126
2712 12231 126
2856 3732 126
2991 41583 126
3187 11973 126
3320 19620 126
3442 18921 126
3467 4245 126
3518 44023 126
3630 10355 126
3735 19600 126
3980 30491 126
4166 19641 126
4418 9478 126
4420 45948 126
4459 5818 126
4508 24942 126
4593 27404 126
4622 27576 126
4966 11567 126
4981 19042 126
5192 8041 126
5535 47365 126
6052 36011 126
6338 36171 126
6658 7743 126
6994 15557 126
7035 49863 126
7860 44200 126
7905 29908 126
8411 27420 126
8608 18624 126
9074 41267 126
9519 10984 126
10685 34083 126
10971 44493 126
11173 40206 126
11659 29080 126
12964 33886 126
13000 22533 126
13084 33906 126
13940 23710 126
14223 17610 126
14523 21146 126
15463 21015 126
15555 21256 126
15759 19548 126
16849 24318 126
17796 31605 126
18071 21059 126
18539 35652 126
18957 48681 126
19268 25331 126
19677 24672 126
19997 45295 126
20405 43847 126
20484 32585 126
20694 47026 126
20898 40096 126
20999 27988 126
22072 36252 126
22317 29354 126
22765 24682 126
23560 46003 126
24043 27313 126
24323 44402 126
24457 31975 126
25720 49189 126
26560 30696 126
26840 38330 126
27650 34643 126
27915 42851 126
29425 30749 126
32734 39615 126
32846 41971 126
35283 36410 126
35294 38512 126
35304 36272 126
41070 41729 126
41163 43153 126
438 5403 127
441 41662 127
890 17296 127
958 7409 127
1214 3258 127
1228 29825 127
1296 44611 127
1432 1723 127
1604 9033 127
1713 3229 127
1745 23244 127
2159 20175 127
2294 38620 127
2360 41567 127
2643 4613 127
2693 27377 127
2996 6720 127
3075 11148 127
3309 11088 127
3451 23180 127
3528 7519 127
3529 34214 127
3595 28040 127
3624 4165 127
3630 15648 127
3728 12016 127
3834 8207 127
3849 29255 127
4011 5862 127
4352 16982 127
4369 32065 127
4590 21731 127
5326 17172 127
5586 26500 127
5654 44601 127
5681 42358 127
6250 25703 127
6322 30496 127
6758 18750 127
6819 27242 127
6868 44866 127
6954 37031 127
7401 9862 127
7682 12242 127
8185 33332 127
8249 23415 127
8263 24497 127
8518 18454 127
8909 12681 127
10328 24566 127
10872 18361 127
11781 38162 127
12044 44596 127
12589 23286 127
12677 22227 127
12730 12949 127
12775 26836 127
13136 28137 127
13437 49914 127
13494 23855 127
13599 29995 127
13680 44124 127
13724 40624 127
15559 31479 127
15615 17428 127
15642 21513 127
15691 49719 127
16002 42889 127
16624 19911 127
16639 19962 127
17019 44400 127
17028 17784 127
17105 45527 127
17142 48207 127
17208 39845 127
17901 19479 127
18266 27908 127
18598 47362 127
18840 35688 127
19304 46936 127
22348 43203 127
22606 41626 127
23006 33180 127
23302 34006 127
23895 36890 127
24527 44324 127
25503 38370 127
25604 42913 127
25717 44747 127
27460 48660 127
28492 40442 127
29200 39764 127
30492 45782 127
35322 46979 127
35324 35422 127
37757 49278 127
40537 44484 127
40799 47826 127
43060 49479 127
43336 46398 127
43511 44149 127
141 176 128
271 847 128
496 1448 128
689 5855 128
807 23722 128
1020 7044 128
1072 4887 128
1323 23458 128
1448 15236 128
1497 12531 128
1631 38552 128
1959 41350 128
1979 2087 128
2295 49504 128
2547 17336 128
2715 38365 128
2830 49312 128
2939 22551 128
3242 11840 128
3833 26191 128
3998 33367 128
4048 9409 128
4154 20836 128
4220 49786 128
5140 7340 128
5141 41872 128
5733 42126 128
5905 45740 128
6127 14975 128
6170 34944 128
6229 14008 128
6512 12428 128
6590 41313 128
6737 38590 128
7992 28298 128
8119 44663 128
8236 27498 128
8357 16395 128
8982 18941 128
9171 9434 128
9313 44207 128
9410 25404 128
9461 32325 128
9728 23537 128
9949 42285 128
10188 12299 128
10486 17482 128
10941 34763 128
11116 12731 128
11275 24147 128
11584 32470 128
12388 27660 128
13126 49576 128
13168 24181 128
13292 48647 128
13344 34735 128
13854 18626 128
13934 32894 128
13957 20687 128
14107 34847 128
14132 19514 128
14221 32415 128
14298 30043 128
14623 32381 128
15828 32477 128
16202 22986 128
16233 41221 128
16933 26501 128
17166 25932 128
17861 49343 128
17911 21962 128
17936 18331 128
18281 35670 128
19581 49281 128
20269 22935 128
20342 34012 128
20744 26590 128
20969 26612 128
20978 38913 128
21126 45391 128
21631 49955 128
21759 48501 128
21851 29130 128
21894 30703 128
22110 45635 128
22143 36764 128
22714 43399 128
23123 27342 128
24213 33557 128
24759 49946 128
24865 34737 128
25402 40505 128
25714 38652 128
26422 32262 128
26802 34100 128
27833 28777 128
27942 36565 128
28484 34157 128
28530 42346 128
28569 34538 128
28573 43831 128
29947 32468 128
30432 34164 128
32742 39011 128
33572 47745 128
35045 46795 128
35412 42145 128
37680 42711 128
40538 46614 128
40860 45819 128
47743 49306 128
2 49032 129
171 1625 129
598 1104 129
623 3491 129
909 3103 129
1051 20117 129
1352 4346 129
1899 48400 129
1982 6000 129
2177 24570 129
2932 7939 129
3027 21511 129
3069 3813 129
3353 22049 129
3841 7713 129
3863 17710 129
3885 12815 129
3895 21470 129
4199 6833 129
4475 41310 129
4612 13275 129
4671 17065 129
4703 23325 129
5346 7175 129
5423 28900 129
5453 45542 129
5637 10278 129
5971 10440 129
6143 17359 129
6222 9965 129
6616 42375 129
7018 36267 129
7679 11938 129
8142 33250 129
8494 27732 129
8966 22461 129
9068 49576 129
9306 16752 129
10587 37971 129
10696 12356 129
11000 44461 129
11599 21320 129
12878 16219 129
13134 29902 129
13667 31843 129
13812 38521 129
13814 18547 129
14273 39453 129
14275 38435 129
14449 18633 129
14576 19870 129
14633 35329 129
14787 24466 129
14821 21362 129
14860 45522 129
15062 28188 129
15158 21497 129
16081 46724 129
16534 42154 129
16930 18003 129
17480 33611 129
17514 37623 129
18217 36642 129
18565 19325 129
18634 42747 129
18689 40351 129
18956 46166 129
20004 42807 129
20428 30311 129
21373 26892 129
24413 33974 129
24620 39231 129
25236 29882 129
25238 40303 129
25567 46954 129
26112 30984 129
27867 33421 129
28200 48274 129
28613 29432 129
29069 37000 129
30211 45103 129
30947 31170 129
31163 33138 129
32208 43950 129
33677 43300 129
36516 45738 129
39467 44468 129
46670 46968 129
35 1127 130
61 33848 130
106 109 130
300 5360 130
714 25823 130
780 7805 130
928 38744 130
1286 13779 130
1918 16736 130
1924 2561 130
2083 2639 130
2142 13673 130
2213 29637 130
2953 32162 130
2992 10555 130
3059 27655 130
3258 22692 130
3271 28245 130
3473 46778 130
3516 28904 130
3780 34166 130
3960 43942 130
4834 32911 130
4875 17248 130
5184 14599 130
5277 5289 130
5279 20429 130
5623 28475 130
5885 19813 130
5938 33345 130
5969 36046 130
6366 13209 130
6710 17402 130
6876 25006 130
6991 24217 130
7071 28380 130
7150 14369 130
7171 43205 130
8125 31545 130
8654 34586 130
8672 9782 130
9014 36516 130
9095 23146 130
9137 14124 130
9364 33392 130
9650 30024 130
10008 44705 130
10354 18208 130
10944 23064 130
11064 43988 130
12086 29637 130
13103 40787 130
13197 47602 130
13740 41674 130
13817 41557 130
14405 31120 130
14584 49581 130
15410 17636 130
16169 21385 130
16904 23625 130
17486 17829 130
18176 35812 130
18334 24565 130
18487 27093 130
18823 49123 130
19781 41894 130
19975 33285 130
20297 30132 130
20422 35546 130
20456 20587 130
20678 37276 130
21249 30008 130
21558 32459 130
21766 34998 130
21806 38184 130
22798 32149 130
22810 37227 130
23092 25124 130
23358 43384 130
23531 26619 130
23651 36868 130
24089 43688 130
24284 40351 130
24352 30282 130
24540 28405 130
24842 41201 130
25321 47314 130
26080 44638 130
26639 49669 130
27136 30385 130
27348 35954 130
28626 36812 130
28748 36079 130
29245 46379 130
30447 36541 130
35522 37238 130
35606 38763 130
35723 43274 130
35797 37975 130
36341 39371 130
37301 39280 130
37743 44048 130
38072 44005 130
39202 42456 130
39263 41696 130
43373 43838 130
44307 45395 130
45910 48843 130
102 659 131
408 993 131
463 22696 131
474 5845 131
490 7858 131
736 41948 131
1121 45806 131
1124 47016 131
1173 25763 131
1225 4003 131
1227 37142 131
1318 1526 131
1465 1677 131
1597 16483 131
1971 49548 131
2012 2520 131
2393 48436 131
2907 4801 131
3335 7174 131
3433 37548 131
4149 40877 131
4574 20297 131
4845 39118 131
4866 44571 131
4897 8824 131
4906 35303 131
5253 45748 131
5266 12233 131
5371 24805 131
5430 6240 131
5785 6315 131
6004 49036 131
6052 24013 131
6252 8254 131
6269 11369 131
6551 7562 131
6915 18553 131
6942 12597 131
7398 7722 131
7587 16106 131
7876 10630 131
8012 47919 131
8241 30142 131
8389 17285 131
9043 37777 131
9309 9858 131
10792 21137 131
11130 40228 131
11892 17665 131
12134 43239 131
12279 24283 131
12671 17977 131
12832 33379 131
13348 43371 131
13688 48671 131
14331 35418 131
14358 31402 131
14451 41870 131
14474 25242 131
14599 27136 131
14681 25615 131
16028 20449 131
16898 16914 131
17248 42372 131
17747 47130 131
17994 44889 131
18016 21098 131
19448 35479 131
19461 38377 131
19553 24522 131
21242 28016 131
21366 31668 131
22079 25289 131
22173 40844 131
22176 28551 131
22460 41790 131
22620 35580 131
22985 24522 131
23733 46584 131
23810 26011 131
24275 27085 131
24952 46463 131
25984 26992 131
26767 40175 131
27490 44795 131
27656 31483 131
29042 39432 131
29861 34706 131
30480 44623 131
30701 35554 131
31130 37739 131
31460 37545 131
32651 36323 131
32669 40091 131
33113 43275 131
33395 41536 131
33996 37055 131
34361 36321 131
34496 39441 131
35182 49232 131
37896 45382 131
40142 42058 131
11 37 132
67 43044 132
320 4191 132
327 18803 132
564 2150 132
778 2190 132
784 11990 132
802 17977 132
1035 35113 132
1347 17084 132
1588 13558 132
1690 2029 132
1729 40710 132
1797 13653 132
1893 43883 132
2449 41635 132
2553 13025 132
2554 24211 132
2556 48954 132
2607 5427 132
2768 14715 132
2819 18408 132
2900 22488 132
3139 31197 132
3216 4134 132
4117 42988 132
4300 15559 132
4338 11508 132
4384 7995 132
4495 27227 132
4543 17440 132
4686 6250 132
4757 18634 132
5364 18995 132
5507 18179 132
6034 9326 132
6178 24479 132
6414 6615 132
6687 13406 132
6899 16348 132
7652 32419 132
7733 15045 132
7982 13625 132
8245 11915 132
8348 11525 132
8391 43543 132
9036 18681 132
9119 19376 132
9772 14757 132
10225 13596 132
10792 47839 132
11096 44263 132
11184 22778 132
11520 45558 132
11931 42850 132
12382 23522 132
12406 22551 132
12427 32833 132
12511 39760 132
13085 18093 132
13305 31460 132
13405 44039 132
14035 47613 132
14057 39812 132
14141 28848 132
14246 38162 132
15078 45342 132
16199 20856 132
16790 31795 132
17232 29209 132
17413 22968 132
18112 48670 132
18895 32559 132
19472 36242 132
19511 47056 132
20272 23724 132
20661 38375 132
20672 26819 132
20679 46905 132
21117 23170 132
21482 23364 132
21576 23977 132
22263 44198 132
22438 26520 132
22519 40860 132
23304 48516 132
23841 26824 132
23953 49231 132
24124 42537 132
24312 44436 132
24769 31617 132
24835 42356 132
25989 29067 132
26173 42882 132
26429 45330 132
27664 37893 132
28879 49845 132
28930 43303 132
29156 34873 132
29185 29515 132
29280 45965 132
29332 31802 132
29507 47591 132
29513 43992 132
31891 45936 132
32743 39685 132
33013 35061 132
34822 38583 132
35619 42001 132
36430 41865 132
37607 38319 132
38815 45731 132
39089 46051 132
39260 48606 132
44631 47613 132
273 4012 133
299 2867 133
651 1139 133
720 3847 133
767 11281 133
787 14508 133
866 5803 133
1574 6953 133
2029 16257 133
2298 7168 133
2430 22317 133
2869 5417 133
2985 14132 133
3132 3165 133
3529 4466 133
3602 15628 133
3715 43878 133
3819 41556 133
3971 39092 133
4176 9379 133
4835 4839 133
4851 8416 133
5093 22429 133
5396 47449 133
6722 40006 133
6727 15631 133
7232 18285 133
7293 28883 133
7294 28202 133
7497 46734 133
7852 19706 133
8430 42542 133
8451 25033 133
8660 10303 133
9394 22137 133
9987 12841 133
10134 21044 133
10385 15256 133
10419 16453 133
10620 14117 133
10812 45428 133
11072 45457 133
11164 18244 133
11614 13599 133
12060 43139 133
12747 21451 133
13529 16118 133
13894 22740 133
14046 14750 133
14112 46537 133
14171 39289 133
14269 35533 133
14871 35112 133
14906 44828 133
14957 48874 133
15463 23157 133
15529 17273 133
15830 19178 133
16262 24926 133
16534 32013 133
17064 29637 133
17088 42718 133
18142 42045 133
18859 19464 133
19596 47013 133
19859 27017 133
20458 28054 133
21760 32404 133
21778 25620 133
22322 37565 133
22987 25180 133
23065 29126 133
23077 41131 133
23179 44302 133
24203 28127 133
24240 28623 133
25058 42997 133
25095 32521 133
25367 38381 133
28263 49430 133
28515 34474 133
29517 36348 133
29946 35991 133
30781 42318 133
32221 37451 133
32856 38013 133
33272 42989 133
33472 35586 133
36081 48428 133
37858 44748 133
39066 42405 133
39925 43889 133
41700 43832 133
42927 46976 133
44528 45337 133
45639 47075 133
47 6323 134
159 3507 134
299 12842 134
310 780 134
312 10623 134
707 4278 134
993 4169 134
1031 49074 134
1163 2748 134
1294 14907 134
1880 20001 134
2513 3926 134
3398 4075 134
3597 10668 134
3854 42389 134
4174 13232 134
4312 25943 134
4340 46879 134
4471 38922 134
4609 10317 134
4756 6333 134
5176 21526 134
5219 35557 134
5662 29125 134
5732 37352 134
5983 37436 134
6169 26572 134
7006 13470 134
7019 21774 134
7219 26220 134
7540 40191 134
7656 8219 134
8452 35100 134
9136 34403 134
9155 23167 134
9244 15496 134
9296 28055 134
10026 47375 134
10092 44220 134
10290 16535 134
10656 30634 134
10812 21954 134
11360 49386 134
11708 29372 134
11796 44483 134
12303 23786 134
12769 31000 134
13055 28029 134
13201 31572 134
13617 18427 134
13868 33846 134
13982 22878 134
14033 22514 134
14347 18568 134
15027 34057 134
15114 25626 134
15514 28214 134
15707 22562 134
16412 45384 134
16507 44871 134
16746 36855 134
16798 29320 134
17075 23630 134
17288 49521 134
18708 48442 134
18809 34033 134
18893 36837 134
19246 48613 134
19597 19873 134
19857 36029 134
19969 28463 134
20000 28352 134
20075 30097 134
20415 48983 134
20455 28015 134
21050 49158 134
21217 25249 134
21387 31443 134
21542 38509 134
21803 29773 134
22265 38316 134
22299 48787 134
22497 45077 134
23665 31139 134
23798 30480 134
25023 29454 134
25870 38972 134
26467 36668 134
26589 30502 134
27245 45775 134
27432 43189 134
27942 40659 134
31166 48872 134
34735 39506 134
36924 47244 134
38025 44228 134
39023 39560 134
39187 48793 134
43509 46342 134
45355 48804 134
121 1332 135
144 35775 135
275 12945 135
374 1026 135
385 14843 135
583 1151 135
653 14289 135
1397 5515 135
1512 8325 135
1597 15290 135
1671 18308 135
1754 12218 135
1926 5652 135
2012 2217 135
2114 32298 135
2354 23538 135
2622 43394 135
2624 3106 135
2813 14329 135
2893 29464 135
3169 15201 135
3332 34565 135
3344 8159 135
3407 30391 135
3627 27288 135
3888 10312 135
3914 11909 135
4127 43715 135
4254 37811 135
4295 49978 135
4673 38907 135
4694 42150 135
4755 38406 135
4962 23739 135
5059 23330 135
5734 9531 135
5792 18741 135
6011 48029 135
6433 12634 135
6854 32234 135
6905 36394 135
6933 8649 135
7435 16897 135
7475 36299 135
7845 9348 135
8070 46063 135
8228 18845 135
8232 43821 135
8395 14600 135
8649 23872 135
9049 11298 135
10732 12240 135
10786 49933 135
10950 16136 135
11185 25833 135
11685 12912 135
11864 38933 135
12139 47842 135
12942 27429 135
13009 15753 135
13588 14771 135
14240 45106 135
14707 41940 135
15098 32132 135
15115 43749 135
16073 46732 135
16804 46240 135
16847 40466 135
17258 37131 135
18439 20293 135
18610 47417 135
18873 41555 135
20319 35800 135
20638 24681 135
20788 23034 135
20843 46061 135
20892 37635 135
21335 21526 135
21481 44368 135
21706 34717 135
22067 44988 135
22689 31634 135
23011 37061 135
23077 38636 135
24512 49577 135
25223 41103 135
25378 37505 135
26284 45253 135
27308 31475 135
27830 46037 135
28517 33601 135
29223 39363 135
31371 43185 135
36485 39543 135
36939 45642 135
39157 40163 135
39416 41829 135
40514 48596 135
40823 45083 135
46316 49534 135
46788 48628 135
48129 49149 135
210 839 136
237 543 136
424 12918 136
425 2276 136
616 12250 136
757 16100 136
1148 32953 136
1285 6109 136
1310 46826 136
1427 3434 136
1832 3368 136
2020 23785 136
2278 2482 136
2517 37127 136
2610 5134 136
2724 6761 136
2902 26821 136
2930 32235 136
3081 5202 136
3389 11840 136
3392 41532 136
3480 4699 136
3774 10051 136
3853 4969 136
3907 26001 136
5056 12215 136
5199 14562 136
5235 15894 136
5652 19083 136
5686 38973 136
6206 19512 136
6465 35642 136
6480 9217 136
6559 12201 136
6685 9029 136
6869 45690 136
6935 25181 136
7333 48758 136
7708 11070 136
7838 32064 136
8083 15574 136
8951 11089 136
8978 26720 136
9422 23722 136
9464 33957 136
9490 43239 136
10141 26961 136
10418 12627 136
10772 16529 136
10842 16881 136
10948 48848 136
11262 21177 136
11556 32157 136
11569 28660 136
11691 17603 136
11898 44167 136
11960 35115 136
12362 42260 136
12841 26436 136
13216 14256 136
13643 38255 136
13770 49744 136
13916 23300 136
14942 23518 136
15125 17414 136
15264 22512 136
15377 43996 136
15549 34996 136
15646 28602 136
16492 42086 136
16677 22685 136
16866 26883 136
17160 49851 136
17374 43933 136
18950 24560 136
19498 34963 136
19593 47210 136
20362 29707 136
21605 29035 136
21830 44616 136
22206 41363 136
22885 37974 136
22927 28713 136
23045 42084 136
23060 48181 136
23112 39505 136
23848 45969 136
23942 26028 136
23974 31330 136
24953 45865 136
25807 42597 136
25816 44621 136
25910 47100 136
29055 29610 136
29536 40411 136
31934 43676 136
32218 42387 136
32321 37988 136
33099 47467 136
34820 36428 136
35016 48342 136
36662 38332 136
37249 43589 136
37887 45201 136
38401 45925 136
39224 45907 136
42958 47287 136
44452 48717 136
45052 45722 136
42 146 137
70 511 137
249 13167 137
268 15309 137
335 23107 137
435 14700 137
480 18322 137
1053 7430 137
1298 17953 137
1404 49560 137
1461 1763 137
1565 16922 137
1891 15273 137
1958 26882 137
2343 33393 137
2465 10189 137
2675 14770 137
2690 49895 137
3246 34423 137
3829 18216 137
4082 10287 137
4289 11719 137
4861 44018 137
4906 6581 137
5060 47501 137
5164 5594 137
5199 18699 137
5246 18964 137
5273 7436 137
5644 38723 137
6389 7451 137
6397 27983 137
6781 39369 137
6793 10979 137
7113 25037 137
7145 17720 137
7329 25581 137
7353 31511 137
7431 36090 137
7628 40554 137
7673 29922 137
7915 32641 137
8930 42278 137
9026 31918 137
9657 29246 137
10006 18160 137
10052 25105 137
10142 29323 137
10467 30488 137
10536 10671 137
11906 44533 137
12504 40501 137
12607 18310 137
12742 20849 137
13689 49952 137
13843 33965 137
14524 23756 137
15172 18541 137
15803 16388 137
16122 43547 137
16232 27491 137
16529 49745 137
16540 25796 137
16857 26632 137
17117 34041 137
17572 41054 137
18001 22282 137
18327 20421 137
18382 20058 137
19544 24527 137
19746 27970 137
20102 23308 137
20122 32093 137
20395 23142 137
20680 41946 137
21395 39468 137
21583 32131 137
22102 23089 137
22221 32281 137
22988 23105 137
23065 42913 137
24476 48871 137
24779 47664 137
25104 38827 137
25472 32377 137
25962 36846 137
26825 27299 137
27164 40257 137
27381 31442 137
28088 31989 137
28732 31701 137
29641 34459 137
29691 30038 137
31405 49612 137
31485 36877 137
32182 36871 137
32742 32968 137
32764 40675 137
33038 44263 137
33966 36818 137
34741 36087 137
35099 49227 137
35294 40686 137
37215 39446 137
40077 46637 137
43328 47490 137
45217 45588 137
25 345 138
82 201 138
131 3049 138
227 49481 138
507 4788 138
511 3703 138
778 1197 138
1186 1414 138
1336 30869 138
1647 29960 138
1715 11425 138
1727 3281 138
1753 15307 138
1761 2021 138
1979 28302 138
2180 3431 138
2294 40515 138
2313 3528 138
2590 8946 138
2693 27437 138
2722 7103 138
2751 21555 138
2944 30973 138
3155 11572 138
3212 32144 138
3440 4242 138
3597 6004 138
3616 7151 138
3731 21486 138
4292 28983 138
4896 14293 138
5467 10298 138
5546 14158 138
5911 11384 138
6282 25511 138
6404 7173 138
6442 39168 138
6571 35628 138
6820 28630 138
7049 32720 138
7090 28984 138
7302 38848 138
7503 9630 138
8019 27376 138
8196 35849 138
8255 21713 138
8728 14784 138
9178 9374 138
9337 15705 138
10201 41975 138
10469 17949 138
11016 20543 138
11432 32108 138
11869 30076 138
12656 31775 138
13042 21833 138
14090 17211 138
14188 19041 138
14939 19105 138
15579 41151 138
15744 19017 138
16139 23227 138
16335 45999 138
16447 18414 138
16530 46828 138
17571 44222 138
17794 43677 138
18011 27556 138
18097 45458 138
18208 22410 138
18714 34448 138
18826 32664 138
19105 19909 138
19755 32755 138
20049 27553 138
20171 49736 138
21934 27227 138
22423 37732 138
22423 45361 138
22900 25257 138
23624 28011 138
23885 45932 138
24107 39108 138
24898 44168 138
25068 35085 138
27074 33474 138
27461 33009 138
27612 29554 138
28807 41118 138
30896 43873 138
31190 32592 138
32216 49921 138
33229 36398 138
33854 34416 138
34580 43341 138
35604 36768 138
36258 44165 138
38397 41737 138
40818 41386 138
40820 44001 138
41639 47563 138
43071 43460 138
43307 44550 138
43400 46025 138
43909 48851 138
47017 48146 138
83 1547 139
136 23118 139
210 899 139
228 6067 139
268 12709 139
280 23825 139
514 639 139
601 2692 139
887 4536 139
1082 29730 139
1173 23130 139
1555 17142 139
1589 25355 139
1665 9292 139
1676 3461 139
1805 27036 139
1834 17425 139
1937 18257 139
1957 23405 139
2144 4981 139
2235 24117 139
2697 20090 139
2781 8350 139
3764 38413 139
4373 25086 139
4534 6115 139
4655 16636 139
5771 24568 139
5915 24531 139
5938 9242 139
6022 13744 139
6029 12271 139
6147 21942 139
6608 13816 139
6986 37290 139
6986 38734 139
7487 36963 139
7596 12266 139
7768 13854 139
8355 25357 139
8705 36884 139
8735 19751 139
8841 45303 139
9346 12774 139
9615 14411 139
10506 39479 139
10615 48146 139
10757 40591 139
10877 40778 139
11885 27567 139
11915 19439 139
12203 49529 139
12434 23542 139
12440 18424 139
13211 24264 139
14458 40652 139
14653 46656 139
14827 16783 139
15537 26517 139
15948 21268 139
15993 16438 139
16120 43858 139
16231 21882 139
17206 42815 139
17353 49586 139
17859 37260 139
17900 24077 139
18065 33428 139
18363 29385 139
18780 29533 139
19025 28490 139
19200 49210 139
19336 37482 139
19561 28241 139
20305 42835 139
20719 27250 139
21534 23813 139
23768 43350 139
24506 25887 139
24592 41046 139
26163 47120 139
27045 39158 139
27361 30083 139
27433 34243 139
29838 45821 139
30364 30409 139
31042 34450 139
31766 42929 139
31989 44320 139
32277 42373 139
32595 43917 139
32725 36036 139
35585 35905 139
35929 47046 139
37267 45544 139
38554 45841 139
39213 44019 139
39720 40968 139
41725 42199 139
43449 44149 139
44339 44500 139
79 29222 140
281 9093 140
309 36082 140
534 41696 140
549 20573 140
609 42018 140
661 22605 140
687 1609 140
727 8852 140
749 2060 140
867 24083 140
1175 28124 140
1177 11237 140
1202 1640 140
1272 2475 140
1332 38794 140
1395 12541 140
1538 26834 140
1708 11918 140
1772 22142 140
1792 20089 140
1858 24866 140
1874 3334 140
2026 2200 140
2088 8259 140
2470 47174 140
2513 45367 140
2685 32998 140
2695 3381 140
3007 7276 140
3043 34850 140
3096 8356 140
3273 5496 140
3546 3556 140
3763 4303 140
4183 20903 140
4244 19786 140
5062 13962 140
5082 5830 140
5699 46338 140
6023 12729 140
7133 17303 140
7434 45232 140
7768 34835 140
8337 38071 140
8707 28800 140
8713 28162 140
8846 30396 140
9844 24834 140
9934 22964 140
10494 26802 140
11090 32026 140
11398 15390 140
11602 13202 140
11789 14389 140
12010 18604 140
12350 39659 140
14087 25147 140
14092 33417 140
14166 30128 140
15067 45277 140
15111 28656 140
15133 45578 140
15208 26761 140
15233 46812 140
15283 38181 140
15630 49011 140
16669 44697 140
16820 47753 140
17681 29882 140
18147 19077 140
18154 41563 140
18784 39041 140
19463 35119 140
19912 27772 140
20883 36955 140
21209 45028 140
21260 22757 140
22596 27568 140
24705 26542 140
25912 26446 140
26667 31169 140
27908 41342 140
28156 28329 140
28189 47143 140
28262 36437 140
28486 34215 140
28737 32116 140
29766 49299 140
30046 41721 140
31105 38523 140
31851 48040 140
35204 46436 140
36823 36889 140
41708 41969 140
41851 47183 140
43232 49573 140
49007 49798 140
3 54 141
34 561 141
61 89 141
195 250 141
394 1680 141
407 989 141
564 1113 141
674 7096 141
926 953 141
1323 2008 141
1472 33383 141
2033 42924 141
2078 43516 141
2103 25169 141
2210 11319 141
2214 20327 141
2334 31773 141
2343 22529 141
2372 21864 141
2434 28991 141
2508 8992 141
2527 12567 141
2597 15270 141
2659 33452 141
2779 3702 141
2833 14196 141
2852 34906 141
3612 8923 141
3858 15230 141
4224 15317 141
4349 4440 141
4538 44666 141
4996 8596 141
5026 8241 141
5586 5841 141
5598 23748 141
5694 13346 141
5811 19890 141
5818 35599 141
6388 13271 141
6629 30042 141
6640 12337 141
6696 13414 141
7572 8143 141
8503 43226 141
9485 20299 141
9726 44627 141
10095 19103 141
10577 16304 141
10701 40584 141
11244 34884 141
11709 32237 141
12900 14017 141
13097 25804 141
13323 27587 141
13523 41582 141
13586 29885 141
13636 29687 141
13685 14446 141
14223 41347 141
14364 25921 141
14481 23903 141
14491 16697 141
14966 33875 141
15089 35863 141
16005 38407 141
16299 22532 141
16666 41768 141
16708 25753 141
17118 37657 141
18199 26565 141
18430 46428 141
19225 20197 141
19266 41753 141
19361 19770 141
19562 39454 141
19908 47098 141
20386 26753 141
22904 25238 141
23057 44172 141
24779 26262 141
25456 43226 141
28178 40919 141
28809 46420 141
28924 43670 141
29264 35116 141
29358 45347 141
29538 47816 141
29820 41176 141
29825 32090 141
31635 33494 141
31737 47803 141
34784 44043 141
35883 38604 141
37779 41191 141
37912 45065 141
38013 38080 141
38184 41012 141
40933 48047 141
42320 43164 141
44302 45054 141
46496 46825 141
8 10 142
50 225 142
66 26396 142
217 17397 142
352 960 142
368 35093 142
377 35654 142
401 15647 142
528 21692 142
528 40036 142
693 8020 142
916 36712 142
1039 35094 142
1050 34111 142
1100 32404 142
1273 23648 142
1352 6589 142
1450 22668 142
1534 19868 142
1711 22530 142
2039 17382 142
2237 48844 142
2259 6958 142
2407 6128 142
2525 24311 142
2913 6060 142
3392 5800 142
3551 46827 142
3833 30463 142
4119 47199 142
4544 8351 142
4877 19158 142
4957 38221 142
5162 18071 142
5293 19986 142
5316 43037 142
5456 6750 142
5568 27288 142
5664 24277 142
5701 28510 142
6023 8090 142
6146 38684 142
6196 21031 142
7518 22576 142
7780 39008 142
7825 26860 142
7979 13726 142
8044 22768 142
8314 18297 142
8434 16843 142
8470 21705 142
9307 13958 142
9315 44699 142
9546 37969 142
9641 14923 142
10100 11673 142
10231 26722 142
10233 43835 142
10288 33780 142
10650 18312 142
10849 25893 142
11343 28877 142
11356 42505 142
11756 20170 142
12191 20738 142
12387 46395 142
12660 14565 142
13322 18979 142
13946 33286 142
14042 16608 142
14081 21653 142
14490 32325 142
14701 20108 142
14895 34503 142
16010 22365 142
16033 41469 142
17182 23284 142
18663 26817 142
20038 45916 142
21463 33537 142
21821 29191 142
22275 42865 142
22290 35504 142
22420 23005 142
22974 43395 142
23087 36187 142
23310 31494 142
23539 30054 142
23829 40213 142
24283 43188 142
25035 49257 142
25128 49656 142
25625 35608 142
27258 47659 142
27378 46483 142
29599 32596 142
30083 30422 142
30258 48900 142
35404 41387 142
35476 37801 142
37181 43629 142
38303 40319 142
38780 44196 142
39616 46233 142
40266 48413 142
40839 46225 142
42734 42916 142
42983 49391 142
43560 48528 142
47165 48884 142
206 1269 143
289 7838 143
415 591 143
451 18567 143
459 30416 143
508 9643 143
604 42822 143
872 942 143
994 15472 143
1445 10321 143
1703 36980 143
1776 40933 143
1970 3820 143
2036 3340 143
2312 3736 143
2547 5634 143
2865 4918 143
2986 46847 143
3020 6285 143
3167 42123 143
3346 37640 143
3571 47641 143
5008 35828 143
5030 35875 143
5041 20188 143
5336 49080 143
5506 7518 143
6257 27357 143
6509 40474 143
6678 25049 143
7630 39743 143
8146 42426 143
8382 19386 143
8805 45587 143
9242 16208 143
9742 11080 143
9844 21894 143
9926 10919 143
9961 49146 143
10582 11287 143
10761 23916 143
10901 21855 143
12298 44787 143
12946 33180 143
13014 27462 143
13032 24741 143
13085 26900 143
13224 14059 143
13506 46566 143
13559 29702 143
13762 27401 143
15032 21517 143
15089 39712 143
15397 42547 143
16334 19407 143
17142 22707 143
17194 46220 143
17257 26610 143
17265 44969 143
18109 48542 143
18317 20056 143
18717 47787 143
18738 20771 143
18805 24810 143
19840 41590 143
20037 28686 143
20224 40222 143
20426 21337 143
20976 37858 143
21250 40685 143
22703 44084 143
22746 26601 143
23096 39405 143
23099 24667 143
23436 37032 143
23752 25406 143
23910 49056 143
24209 42221 143
25131 35541 143
26290 44429 143
27086 40885 143
27386 31830 143
27390 28667 143
28553 38878 143
29027 41689 143
32594 43495 143
32615 36647 143
34264 34722 143
34553 43114 143
34612 42845 143
34635 37240 143
35322 44519 143
35806 43582 143
37373 44190 143
38480 45505 143
38728 47813 143
38991 41769 143
40763 48378 143
42015 46816 143
47846 48059 143
4 8999 144
92 5116 144
269 909 144
474 26764 144
596 1906 144
741 785 144
938 1612 144
1138 15443 144
1227 43075 144
1334 46956 144
1351 3346 144
1446 39135 144
1619 8247 144
1679 11832 144
1733 9620 144
1772 9037 144
1986 48304 144
2128 6572 144
2851 16354 144
2902 16461 144
2991 4585 144
3965 12843 144
4045 44951 144
4112 10391 144
4382 47685 144
4708 34705 144
4834 21139 144
4873 31239 144
5228 16606 144
5340 19280 144
5636 16202 144
6534 8065 144
6809 7334 144
6995 17367 144
7175 42557 144
7351 8334 144
7693 45141 144
7930 29793 144
8952 18935 144
8989 22486 144
9280 29251 144
9447 37272 144
9467 30869 144
10099 32417 144
10352 14566 144
10563 14663 144
10986 13653 144
11171 44160 144
11555 46044 144
11991 24096 144
13371 34364 144
13787 49614 144
13791 25123 144
13816 35564 144
13820 23907 144
14292 44898 144
15334 46377 144
16253 23559 144
16538 41998 144
16562 28915 144
16862 28767 144
17035 21734 144
17115 29586 144
17188 30013 144
17891 19004 144
18857 35365 144
19105 48776 144
19171 36650 144
19971 25310 144
20200 43366 144
22759 48520 144
22882 29671 144
24460 49539 144
24681 41020 144
24880 45162 144
25266 25356 144
25307 33489 144
26491 44970 144
26558 38550 144
28654 49702 144
28986 30643 144
30548 34464 144
31772 47953 144
32664 32739 144
33923 39647 144
34193 38849 144
37382 40054 144
37765 49578 144
42962 47828 144
43536 46328 144
44060 49100 144
44811 49746 144
44917 49973 144
44933 49208 144
167 5625 145
320 27180 145
360 5611 145
396 6588 145
635 1543 145
1217 9304 145
1295 8079 145
1333 6665 145
1931 4985 145
2104 47501 145
2225 41546 145
2457 4480 145
2660 49036 145
2795 41403 145
2956 12652 145
2976 4737 145
3541 46015 145
3707 36544 145
3718 4631 145
3948 14588 145
3952 36083 145
4302 46011 145
4529 39300 145
4791 12957 145
5217 41423 145
5742 29300 145
5939 42166 145
6010 19848 145
6107 8755 145
6259 30361 145
6316 40006 145
6391 36427 145
6558 25522 145
6566 20474 145
6884 39026 145
6985 29267 145
8470 20338 145
8703 15909 145
9252 48892 145
9352 32994 145
9684 22845 145
10221 10811 145
11440 42622 145
11506 47212 145
11725 41369 145
11920 21813 145
12184 23197 145
12377 38862 145
12432 22823 145
13073 27780 145
13110 29128 145
14262 28977 145
14589 14838 145
15010 44044 145
15086 21588 145
15284 31481 145
15427 42302 145
16826 18175 145
17341 37765 145
17560 34154 145
17801 35150 145
17962 46755 145
18515 49048 145
19188 44438 145
20284 31318 145
20357 23232 145
20987 23595 145
21528 26214 145
21738 41354 145
21840 25151 145
21924 35964 145
23404 35759 145
26020 38973 145
26765 38462 145
27602 41632 145
27720 48064 145
27780 47090 145
27901 49858 145
27917 48165 145
29218 30156 145
30083 48307 145
31247 49072 145
31393 35939 145
32109 46249 145
32172 37064 145
34130 40253 145
34841 40295 145
38402 43145 145
42513 43579 145
42746 46740 145
46223 46644 145
47082 49559 145
207 19018 146
289 20838 146
304 1343 146
487 508 146
578 40424 146
755 27996 146
785 47211 146
791 8830 146
1054 17682 146
1179 37239 146
1390 38877 146
1406 2687 146
1564 21589 146
1881 25864 146
1990 8837 146
2497 47633 146
3352 47932 146
3416 5229 146
3625 10203 146
3638 36510 146
3652 18320 146
3936 21333 146
3972 27432 146
4326 45969 146
4342 5169 146
5585 26293 146
6187 31627 146
6257 46952 146
6462 30406 146
6518 19530 146
6848 7509 146
6928 22594 146
6987 26440 146
7000 22898 146
7031 34851 146
7077 21372 146
7380 37057 146
7632 21613 146
7978 47861 146
9378 12965 146
9525 15331 146
9600 11125 146
9986 40169 146
10297 37484 146
10486 38885 146
10543 15789 146
10778 19000 146
11303 13187 146
12136 14464 146
12470 19814 146
12661 26019 146
13227 48124 146
13838 31710 146
14399 21904 146
15276 28256 146
16721 40246 146
17517 49851 146
18028 38769 146
18124 27623 146
18152 37609 146
18516 46204 146
19758 37859 146
20085 48266 146
22839 31096 146
23461 44459 146
23540 26036 146
25171 30996 146
25660 38046 146
27122 33515 146
27549 46514 146
27779 39753 146
27885 28661 146
28426 43716 146
29195 40151 146
29391 32510 146
33322 33936 146
36105 45762 146
36312 42019 146
36334 43474 146
36848 37125 146
38478 39431 146
40231 43259 146
40616 40963 146
40737 42178 146
41393 47784 146
45922 49115 146
47371 49400 146
448 34541 147
464 44164 147
525 2120 147
593 42196 147
737 40667 147
739 1870 147
1432 11632 147
1762 2697 147
2041 2124 147
2544 6074 147
2793 6505 147
2948 16279 147
2952 6483 147
3091 14254 147
3149 33725 147
3194 49536 147
3251 3302 147
3413 45706 147
4028 6780 147
4216 7695 147
4390 17958 147
6029 23563 147
6047 15022 147
6111 48239 147
6186 20194 147
6432 28116 147
6520 42462 147
6961 9042 147
6981 15137 147
7009 46769 147
7210 14339 147
7251 25002 147
7409 37162 147
7876 35037 147
8100 26531 147
8200 35303 147
8936 26234 147
9126 10222 147
9908 28143 147
10420 28824 147
10582 25955 147
10692 24791 147
10874 25951 147
11143 16913 147
11247 19364 147
12297 49402 147
12305 35107 147
12477 37475 147
12616 24080 147
13472 41025 147
13708 16616 147
13940 24146 147
14273 47404 147
14754 49291 147
14839 34980 147
14991 38671 147
15055 21262 147
15092 22647 147
15785 41276 147
16369 17441 147
16603 20833 147
17249 26805 147
19417 22647 147
19848 41631 147
19877 26997 147
20471 32750 147
21665 22962 147
22283 32644 147
24325 37651 147
24661 36056 147
24799 48785 147
25540 40567 147
26217 44468 147
26380 42161 147
26405 27691 147
26953 34038 147
27453 29216 147
28405 48971 147
28985 44567 147
29213 43381 147
29886 43444 147
30103 48433 147
30997 41804 147
33095 38058 147
33583 36136 147
34834 38244 147
37735 39412 147
37757 39338 147
37858 40960 147
40043 44383 147
40553 42559 147
41240 45366 147
41486 41796 147
44195 45577 147
44717 44879 147
46516 47233 147
47867 48388 147
57 2185 148
206 48434 148
809 1903 148
868 16074 148
928 4955 148
1107 27185 148
1138 22141 148
1299 5558 148
1841 25052 148
1893 5022 148
1955 35710 148
2271 23640 148
2291 2893 148
2333 6289 148
2516 41918 148
2606 17421 148
2615 5421 148
2651 26179 148
2675 10109 148
2726 23862 148
2784 35645 148
3389 4389 148
3752 5079 148
3946 22633 148
4065 15733 148
4233 7431 148
4234 39267 148
4366 19402 148
4870 23581 148
4937 5617 148
4958 28051 148
5135 11821 148
5228 37836 148
5503 10434 148
5756 25283 148
5864 22540 148
6396 10372 148
6527 32195 148
6824 9525 148
6896 9720 148
7042 7659 148
7100 9126 148
7152 39059 148
7727 43850 148
7832 36426 148
8381 48727 148
8442 9053 148
8617 46558 148
8849 17412 148
9236 27448 148
9414 18608 148
9732 44963 148
9739 36253 148
10137 36241 148
10447 31634 148
10560 36226 148
11472 14646 148
11742 36666 148
12032 18962 148
12456 39897 148
12807 24051 148
13372 32775 148
14160 38251 148
14440 23077 148
15380 15591 148
15836 17201 148
16558 16774 148
17317 19559 148
17535 18960 148
17586 43025 148
17746 26894 148
18194 21458 148
19297 25952 148
19738 49209 148
20231 41886 148
20735 35471 148
20981 33915 148
21111 37004 148
22114 27795 148
22139 31361 148
22476 31655 148
23170 36950 148
25174 45370 148
25315 29468 148
25519 31537 148
26484 34251 148
26980 27397 148
27838 30432 148
27900 28403 148
28391 32997 148
28838 44100 148
29082 37865 148
29266 41542 148
29768 46998 148
33431 43466 148
34423 47350 148
34691 45044 148
35581 43602 148
36866 42366 148
36868 40454 148
37612 38399 148
37886 39685 148
43247 43890 148
43446 48043 148
13 65 149
64 180 149
109 3555 149
132 11617 149
198 1037 149
372 6211 149
459 24003 149
488 20801 149
714 21918 149
923 19395 149
1042 3514 149
1350 35733 149
1393 5822 149
1414 13977 149
1561 3695 149
2713 5549 149
2831 9202 149
2831 47355 149
3170 23161 149
3772 5162 149
3890 12955 149
3957 20448 149
4059 11613 149
4373 10807 149
4500 46956 149
4563 20119 149
4587 33565 149
4787 5487 149
4790 11331 149
5384 22499 149
5416 40520 149
5607 37868 149
5787 13392 149
6066 47821 149
6081 30141 149
6084 18853 149
6768 45801 149
6807 41108 149
6859 32183 149
7001 35933 149
7464 10485 149
7506 9192 149
7589 25122 149
7850 17726 149
8289 20682 149
8369 47830 149
8479 23349 149
8524 17921 149
8558 49623 149
9319 39842 149
9735 12789 149
9822 16391 149
9842 42484 149
9979 26574 149
10309 16670 149
10658 35767 149
10692 25003 149
10713 18125 149
10722 26674 149
11789 48333 149
12006 26983 149
12388 14508 149
12921 19683 149
13090 16305 149
14094 44505 149
15057 46949 149
15743 47034 149
15765 48451 149
16208 38392 149
16210 43014 149
17359 25614 149
17391 18831 149
17531 28169 149
17790 27486 149
19465 35837 149
20515 22637 149
20666 30712 149
21306 39536 149
21312 27565 149
22610 43114 149
22746 42041 149
23046 30697 149
24872 43784 149
26154 26940 149
27564 30180 149
28761 29881 149
28925 34587 149
30601 37284 149
31141 33189 149
32838 35172 149
32926 33521 149
34014 44247 149
34477 42418 149
34998 40257 149
36344 40062 149
37891 43606 149
39249 39390 149
39804 40742 149
41136 43607 149
42202 44931 149
42305 46246 149
43295 43744 149
43641 45483 149
43769 46113 149
74 34476 150
224 665 150
302 1367 150
477 5414 150
864 32231 150
1017 31877 150
1071 8047 150
1205 19076 150
1243 25412 150
1306 42465 150
1471 18379 150
1543 14983 150
2125 22770 150
2168 3687 150
2182 2941 150
2444 35062 150
2732 18282 150
2776 24369 150
2795 9728 150
3135 8760 150
3588 21332 150
3677 7829 150
3812 9976 150
4286 38339 150
4820 18853 150
4966 14181 150
5107 12022 150
5707 36807 150
5797 7546 150
5870 9109 150
6934 34047 150
6940 26878 150
7321 15094 150
7352 10116 150
7409 40719 150
7481 46635 150
7558 10948 150
7706 20243 150
7908 24166 150
8137 20293 150
9365 16524 150
9777 34156 150
10082 26837 150
10291 22710 150
10553 18937 150
11126 30640 150
11501 21256 150
11658 13094 150
11931 35966 150
14499 48378 150
14534 36382 150
14592 15283 150
15768 49156 150
15917 21670 150
16126 19860 150
16733 19811 150
17066 38675 150
17098 22312 150
17335 24409 150
17766 22731 150
18429 45383 150
18598 27534 150
18663 20172 150
19867 45565 150
20137 35596 150
20279 48537 150
21362 31072 150
21401 23949 150
21411 40089 150
22098 37502 150
22275 43805 150
22351 44237 150
22493 25412 150
23229 49411 150
23792 41885 150
25426 48624 150
25581 41164 150
25968 37035 150
26062 29389 150
27085 49582 150
27691 29048 150
27763 40443 150
29638 36575 150
29701 45887 150
29858 41355 150
32204 47741 150
32396 39092 150
32480 34714 150
33923 34210 150
34056 47445 150
34968 43549 150
37392 47285 150
37475 47416 150
40151 43537 150
41921 44809 150
42406 42593 150
292 11216 151
471 42042 151
504 971 151
592 1661 151
626 31495 151
798 1828 151
938 1028 151
941 7448 151
1499 43457 151
1519 20592 151
1598 10547 151
1604 2209 151
1753 18168 151
2000 8604 151
2212 41705 151
2408 11914 151
2445 9365 151
2655 20435 151
2942 3520 151
3075 44755 151
3165 30055 151
3331 5771 151
3491 9007 151
3608 25382 151
3764 4805 151
4285 7136 151
4494 38416 151
5260 16068 151
5659 29258 151
5758 36242 151
6250 11193 151
6390 47597 151
6638 34927 151
6728 18137 151
7904 35227 151
8576 34937 151
9133 21363 151
9293 11354 151
9466 11443 151
9565 21584 151
9662 28525 151
9685 11228 151
9757 47933 151
10451 14883 151
11279 15488 151
11507 44233 151
11558 19398 151
11561 33647 151
12048 42692 151
12894 49929 151
13525 18742 151
13701 43956 151
14071 41904 151
14669 44588 151
15086 20570 151
15315 25431 151
15886 33578 151
16526 24315 151
16761 21694 151
16876 38667 151
17380 35571 151
17749 23285 151
18305 27616 151
18778 36628 151
18905 22533 151
19373 22546 151
19646 44277 151
19894 39577 151
20423 21022 151
20801 36266 151
21064 36625 151
22127 47272 151
22832 26508 151
24117 48889 151
24137 43332 151
24319 35383 151
24557 42348 151
24845 48502 151
25563 44594 151
26158 39810 151
26161 28372 151
27290 48054 151
27848 39365 151
28832 49460 151
30532 31033 151
30616 48956 151
31566 39809 151
31916 37909 151
32534 46838 151
32966 49108 151
37559 44557 151
38119 38983 151
38229 41017 151
40923 42232 151
40984 46590 151
41703 48054 151
42855 44191 151
44060 49812 151
215 14297 152
273 702 152
328 3840 152
524 28283 152
536 5963 152
575 3315 152
601 9160 152
785 29103 152
1179 2583 152
1448 3550 152
1455 32620 152
1501 1590 152
1546 21024 152
1797 2366 152
1952 2269 152
2105 40206 152
2244 41757 152
2809 4605 152
2920 6504 152
3544 33419 152
3698 5952 152
3762 19888 152
4691 48102 152
4702 7073 152
4971 12454 152
5937 15824 152
6085 47162 152
6478 11192 152
6957 19386 152
7343 40611 152
7754 38863 152
7781 11760 152
8304 12797 152
8446 30930 152
8755 10726 152
9024 21742 152
9024 27800 152
9356 47618 152
9558 22150 152
9871 10105 152
10021 29164 152
10152 21532 152
10304 10905 152
10872 23966 152
11148 18903 152
11378 19670 152
11472 14990 152
11707 40558 152
11948 14946 152
13264 15682 152
13600 46156 152
13968 43727 152
14071 21501 152
14446 39653 152
14517 17337 152
14697 32068 152
15125 27689 152
15224 49802 152
15610 26189 152
15752 26832 152
15847 42101 152
16366 21094 152
16629 49293 152
17112 28443 152
17782 26595 152
18168 25538 152
18852 47644 152
19090 34527 152
19193 46820 152
19818 38466 152
19849 28129 152
19929 31028 152
20649 31247 152
21271 38196 152
21628 41734 152
21928 29626 152
22460 47857 152
23147 27387 152
23529 25384 152
24298 29789 152
25265 43936 152
25872 46802 152
26016 45923 152
26549 30100 152
27175 32255 152
27816 44676 152
28232 36323 152
28892 46934 152
31054 39010 152
31296 45414 152
32121 48308 152
33897 39062 152
38093 40659 152
39415 47792 152
42285 45634 152
43173 46920 152
44280 46832 152
52 556 153
145 17731 153
216 601 153
392 4144 153
588 25406 153
604 13521 153
622 770 153
676 10570 153
679 5596 153
709 13734 153
896 18751 153
1201 33472 153
1395 13663 153
1839 38775 153
2084 25106 153
2227 16504 153
2289 7790 153
2301 41375 153
2496 20914 153
2632 15222 153
3266 12964 153
3430 15394 153
3560 3641 153
4303 44166 153
4579 19117 153
5970 9383 153
7148 39183 153
7535 43329 153
7842 14165 153
7948 45517 153
8255 35516 153
8578 17560 153
8816 47403 153
9593 47911 153
9625 23524 153
9804 11971 153
10292 11614 153
10408 25188 153
10527 38690 153
10553 10770 153
10862 41615 153
11303 30172 153
11399 22060 153
11489 14545 153
11534 23310 153
12082 43533 153
13436 41210 153
13911 30089 153
14053 27545 153
14115 25170 153
14127 34207 153
14130 22317 153
14435 15941 153
14502 41290 153
14848 24816 153
15392 28471 153
16230 45793 153
16566 45319 153
17105 28957 153
17121 25802 153
17323 30687 153
17988 41259 153
18055 25454 153
18849 49460 153
20706 34945 153
21091 47897 153
21161 25671 153
21932 39652 153
22150 49136 153
22198 34056 153
22398 35884 153
22923 24271 153
23275 24439 153
23797 44173 153
24690 40816 153
25038 41776 153
25281 35589 153
25301 26315 153
25376 47458 153
26270 49084 153
26779 48828 153
28875 44393 153
29178 42108 153
29473 35871 153
29503 33505 153
29675 40642 153
29984 47587 153
32278 41655 153
32930 39254 153
33372 48464 153
34342 36799 153
34369 35548 153
34374 41229 153
35185 39157 153
35302 49566 153
35628 48872 153
36269 36380 153
38238 45860 153
40535 43138 153
40856 44650 153
42006 47636 153
46856 47318 153
154 37877 154
175 344 154
401 4949 154
438 43722 154
598 1697 154
712 5315 154
1224 13226 154
1342 1875 154
1371 8630 154
1447 2235 154
1582 11338 154
1737 6155 154
2051 44962 154
2168 13403 154
2567 44312 154
2594 44253 154
2771 13826 154
2866 41662 154
3106 18980 154
3300 4992 154
3467 7995 154
3547 12520 154
3553 14056 154
3821 16724 154
3976 15739 154
4383 8695 154
4598 14601 154
4955 34368 154
5039 9169 154
5410 34440 154
5483 6865 154
5496 8244 154
5503 5798 154
5690 31704 154
5772 15714 154
5980 12964 154
6219 46879 154
6573 21953 154
6633 49563 154
7054 11474 154
7433 7588 154
7525 48879 154
7667 26659 154
7684 7846 154
7813 43083 154
8399 9108 154
9065 9279 154
9179 23758 154
9528 30962 154
9556 29070 154
9560 22395 154
10062 16730 154
10074 37078 154
10145 11481 154
10213 43274 154
10787 11769 154
10928 15864 154
11044 47789 154
11061 16588 154
11547 31981 154
12074 17789 154
12195 38824 154
12205 20443 154
12887 14528 154
13231 25482 154
13386 44424 154
14263 21706 154
15247 21669 154
15682 36649 154
17262 41144 154
18823 35905 154
18936 19589 154
19089 20845 154
19181 21088 154
19828 37479 154
20005 41609 154
20021 29807 154
20312 25251 154
21338 41933 154
21493 34508 154
22524 33078 154
22611 31232 154
23105 41558 154
23822 47286 154
24220 31342 154
24395 49956 154
24918 29178 154
25486 33081 154
26317 46523 154
26364 44949 154
28723 43705 154
28877 43292 154
29700 39305 154
31444 35911 154
32378 46915 154
34282 36532 154
34341 35305 154
34761 49193 154
36357 41308 154
36536 43941 154
36885 39535 154
37019 38087 154
37051 48334 154
38014 49476 154
40046 40649 154
41352 48745 154
46186 48660 154
104 1371 155
421 1400 155
729 1877 155
783 31083 155
1009 27835 155
1014 31471 155
1117 1221 155
1195 40455 155
1370 27048 155
1474 27585 155
1677 16928 155
1679 34110 155
1764 3496 155
1886 27745 155
1949 49232 155
2343 48240 155
2610 39835 155
2707 5484 155
2725 32559 155
2972 11347 155
3248 17195 155
3381 46180 155
3734 30369 155
3771 43686 155
3957 24606 155
3995 27240 155
4272 47297 155
4372 32573 155
4758 7699 155
5156 32823 155
5855 14724 155
6140 28284 155
6211 48280 155
6451 13629 155
6528 10559 155
6535 7907 155
6800 7218 155
6826 9714 155
6978 24646 155
7151 24932 155
7773 21387 155
7851 40771 155
7995 40381 155
8011 43742 155
8919 17038 155
8986 10855 155
9379 37601 155
9545 29083 155
9768 16483 155
9839 48347 155
10169 18714 155
10193 31912 155
10570 38698 155
10814 48938 155
11179 18610 155
11839 15242 155
11851 38854 155
12178 47415 155
12181 42517 155
12223 13832 155
12256 40998 155
12364 27793 155
12545 19629 155
13154 15376 155
13258 42141 155
13424 44368 155
13722 37215 155
14031 33049 155
14146 15789 155
14282 26287 155
14876 16815 155
15390 42169 155
15900 17240 155
16004 33077 155
16112 20797 155
16233 28008 155
17162 37213 155
17172 32369 155
18397 41893 155
18456 39214 155
18932 39561 155
19361 19673 155
19579 23267 155
20534 47229 155
21130 47800 155
21314 44718 155
21378 29655 155
21582 31580 155
22574 34102 155
22733 23397 155
23937 33847 155
25058 33727 155
25171 48497 155
25466 49816 155
25724 46757 155
25853 32969 155
26711 38633 155
28010 36016 155
28557 35111 155
29187 36869 155
29515 34803 155
29603 43769 155
29943 39296 155
30482 43141 155
31396 48055 155
32874 47577 155
33425 45355 155
33704 41666 155
34920 48096 155
35522 39728 155
37095 43619 155
37858 45227 155
38161 39159 155
38730 40177 155
44063 49844 155
44439 47699 155
323 15945 156
441 2490 156
1139 10520 156
1231 7147 156
1351 15399 156
1382 11159 156
1489 18625 156
1623 1893 156
1835 38900 156
2037 10190 156
2093 24001 156
2495 24552 156
2638 13798 156
3045 7400 156
3384 7347 156
3584 10714 156
3770 8417 156
3855 34625 156
4070 21390 156
4106 47522 156
4223 12011 156
4470 38811 156
4537 17499 156
4587 13655 156
4896 42225 156
4995 20287 156
5101 10944 156
5152 46313 156
5937 34915 156
5959 8657 156
6563 19530 156
6702 6927 156
6735 9975 156
7137 12116 156
7190 44101 156
7534 32080 156
7664 16820 156
7909 37042 156
8356 15176 156
8697 37683 156
9280 44893 156
9451 27017 156
9517 26072 156
9939 14783 156
10110 16399 156
10798 40306 156
12116 12464 156
12125 30753 156
12296 29967 156
12564 25442 156
12643 27192 156
12907 49272 156
13006 17449 156
13188 39222 156
13921 43705 156
13968 24684 156
14035 14331 156
14396 43087 156
14800 34808 156
14843 27109 156
15009 25373 156
15369 20750 156
15374 37050 156
15376 33679 156
15520 44719 156
16045 20341 156
16160 43865 156
16795 43803 156
17153 38732 156
17298 40778 156
17773 33740 156
17865 34272 156
17987 25859 156
18022 25391 156
18273 41842 156
18550 20936 156
19448 20348 156
19760 36664 156
19993 34379 156
20478 24071 156
20480 33702 156
21123 47205 156
21218 35349 156
21440 26161 156
21568 47808 156
21596 25430 156
22076 23607 156
22758 38529 156
22891 26534 156
22939 41992 156
23252 45503 156
23815 44327 156
23828 36992 156
24243 28220 156
24272 41863 156
24506 32643 156
24551 36222 156
24789 31241 156
24992 35381 156
25966 43993 156
26637 31929 156
28244 40243 156
29131 39638 156
30634 48240 156
30884 32993 156
31142 44885 156
31380 32956 156
31468 35988 156
32472 35762 156
32776 43738 156
37133 43795 156
37239 46340 156
37381 43357 156
38748 39450 156
40061 41041 156
42659 45222 156
44044 44308 156
44593 45842 156
197 315 157
266 3768 157
482 19174 157
493 10033 157
539 8049 157
579 5718 157
622 2554 157
651 1234 157
672 2431 157
807 1224 157
1349 36793 157
1837 11369 157
1899 2878 157
1943 6301 157
2679 12001 157
2715 5519 157
2726 8107 157
2956 6858 157
3268 12971 157
3419 7026 157
3539 20844 157
3742 17987 157
3990 18172 157
4074 10118 157
4093 7732 157
4563 5998 157
4709 22053 157
4753 6132 157
4863 7824 157
5246 5810 157
5506 28761 157
5833 10743 157
5833 13284 157
6314 21862 157
6347 15400 157
6616 42341 157
7250 43432 157
7308 21891 157
7327 19820 157
7410 34465 157
7524 29163 157
8219 34851 157
8505 19090 157
9001 48522 157
9145 10724 157
9344 23918 157
9391 33566 157
9907 10913 157
10515 24388 157
10697 17055 157
10809 13304 157
10843 28498 157
11443 36446 157
11533 24026 157
11573 37208 157
11658 45071 157
11754 24505 157
11827 47142 157
11947 26568 157
12097 16794 157
12432 29649 157
12684 14044 157
12749 31741 157
13725 15072 157
14564 38977 157
14639 44419 157
15267 47738 157
15516 37076 157
15893 17243 157
16235 41171 157
16271 17244 157
16757 49498 157
16922 43646 157
17138 46351 157
17709 39711 157
17761 41191 157
18064 40321 157
18595 20420 157
19095 23693 157
19180 44541 157
19574 26901 157
20317 42015 157
20377 25786 157
20457 23770 157
20847 23702 157
21013 29061 157
21184 44235 157
21314 27037 157
21629 33600 157
21760 39733 157
22177 48381 157
22480 29154 157
22777 46509 157
23624 31173 157
23708 45179 157
23844 31649 157
25777 39549 157
25875 26875 157
26135 28159 157
26682 45724 157
26997 48101 157
27830 32859 157
28562 42566 157
30845 46512 157
31329 38705 157
33791 35299 157
33991 41813 157
34583 45084 157
39305 48920 157
40983 49224 157
42211 46984 157
198 1150 158
375 10245 158
803 13700 158
828 49640 158
1046 8493 158
1128 6399 158
1415 5407 158
1421 3533 158
1442 19601 158
1454 4560 158
1479 6437 158
1641 21837 158
1843 22359 158
2276 27739 158
2967 19349 158
2971 7520 158
2986 14624 158
2988 8610 158
3017 3569 158
3019 20244 158
3116 27662 158
3169 33075 158
3205 10922 158
3509 7165 158
3587 7419 158
3877 18425 158
3973 41002 158
4045 29735 158
4318 7854 158
5698 47981 158
6083 39187 158
6319 12694 158
6730 49576 158
7970 39701 158
9123 13673 158
9795 26426 158
10725 29954 158
10819 15626 158
11201 40237 158
11221 46180 158
11224 44751 158
11852 13961 158
12921 35057 158
13102 15429 158
13470 22098 158
13912 16215 158
14105 21068 158
15597 47448 158
15787 24855 158
15878 29430 158
16206 23739 158
17109 36799 158
17872 32008 158
17914 47661 158
18112 41802 158
18489 20337 158
18880 45842 158
19551 32832 158
19560 33773 158
19648 21171 158
21004 27521 158
21139 28847 158
21289 42824 158
22294 42757 158
23169 25581 158
23471 29931 158
24096 41331 158
24199 38195 158
25893 28372 158
26048 32334 158
26382 36887 158
26952 40040 158
28036 29656 158
28282 33189 158
29784 31112 158
30063 35608 158
30965 48187 158
31081 42412 158
31278 31551 158
31572 37768 158
31843 35814 158
32504 42451 158
32621 34214 158
34174 43788 158
34993 43084 158
36235 48904 158
36427 49097 158
37329 47532 158
39228 42213 158
39410 39511 158
40894 42430 158
40953 45392 158
42465 46923 158
42957 44900 158
47395 47461 158
48703 49296 158
162 1025 159
327 12478 159
502 27726 159
602 9039 159
1735 3038 159
1914 33530 159
2704 8421 159
2741 21399 159
2842 19659 159
3182 23361 159
3503 4041 159
3515 11017 159
3552 28728 159
3912 47122 159
4134 12709 159
4554 26027 159
4884 42107 159
5703 21515 159
6090 41812 159
6478 35313 159
6813 39591 159
7679 15856 159
8110 21739 159
8388 46844 159
8710 33655 159
8836 36450 159
9337 10929 159
9548 21105 159
10186 12610 159
10499 39675 159
10955 25350 159
11117 11954 159
11229 17646 159
11362 22742 159
12213 18570 159
12438 12497 159
12469 49616 159
12699 46093 159
13051 30033 159
13061 43703 159
13147 20218 159
13198 40641 159
13214 27713 159
13765 29934 159
14254 15482 159
14931 18282 159
15728 19053 159
15768 49166 159
16016 31774 159
16241 19490 159
16416 22494 159
16869 39820 159
17324 47470 159
17348 33019 159
17367 38815 159
17864 37716 159
18625 34369 159
19411 20942 159
19679 47903 159
19856 46597 159
19926 39667 159
20751 27637 159
20876 22008 159
21621 48486 159
23867 41491 159
23870 33051 159
24056 44265 159
24949 39329 159
25413 49795 159
26367 30727 159
26473 47447 159
26909 46954 159
27521 42182 159
27718 34427 159
28612 46593 159
30075 38966 159
33377 45058 159
33946 48693 159
35271 46077 159
35848 35887 159
36146 44992 159
36544 45313 159
38102 41365 159
44682 48460 159
47317 49910 159
13 4605 160
90 4068 160
417 447 160
478 1644 160
502 5391 160
635 20983 160
840 17510 160
958 13322 160
1099 22625 160
1173 21681 160
1212 27815 160
1672 44945 160
2073 2985 160
2302 38760 160
2430 45633 160
2835 12502 160
2963 10621 160
3156 24926 160
3190 4881 160
3342 48478 160
3388 5579 160
3750 46440 160
3903 27122 160
4041 36132 160
4980 6563 160
5316 24575 160
5353 19278 160
5434 12314 160
6412 13291 160
6942 33611 160
7399 38412 160
7421 25740 160
8221 36767 160
8391 24929 160
8453 35964 160
8849 38818 160
9046 9834 160
10330 39604 160
10893 44090 160
10958 36664 160
11432 18432 160
11446 48362 160
11495 40962 160
11970 28263 160
12017 13943 160
12421 21928 160
13003 17612 160
13557 23106 160
13606 49364 160
14352 40638 160
14393 18974 160
14409 18893 160
14629 49894 160
14768 25396 160
15900 17056 160
18036 44226 160
18160 42771 160
18485 47413 160
18696 47391 160
19554 34171 160
19918 25208 160
20216 32907 160
20235 48138 160
20495 26646 160
20795 24340 160
20862 44893 160
20914 35130 160
21193 40493 160
21285 34062 160
21408 26742 160
23944 45984 160
24368 46513 160
25537 29136 160
25552 32870 160
25853 39166 160
26524 28984 160
26869 38655 160
27166 46911 160
27671 31041 160
27691 43196 160
28117 44249 160
28154 41673 160
28167 42299 160
29481 42332 160
29748 36149 160
31971 48996 160
32663 42267 160
34247 44102 160
34798 45946 160
37308 46182 160
39485 40893 160
41282 49544 160
41713 44236 160
42120 43036 160
42430 43713 160
46389 47207 160
173 45380 161
244 4310 161
334 1946 161
382 4785 161
442 1650 161
446 825 161
510 688 161
741 18666 161
926 2103 161
991 38350 161
1080 43043 161
1478 18810 161
1636 19525 161
2069 5974 161
2094 4993 161
2461 4810 161
2628 7219 161
2639 36663 161
2761 26748 161
2894 4045 161
2926 8018 161
3406 7034 161
3417 30349 161
3514 4701 161
3955 14250 161
4435 32256 161
4769 24534 161
4872 13143 161
5317 32132 161
5332 30242 161
5370 12545 161
6002 14685 161
6474 34205 161
6553 44247 161
6741 32061 161
6839 44147 161
7060 40709 161
7203 7223 161
7420 25992 161
7517 18798 161
8106 23827 161
8152 33340 161
8681 15717 161
9831 16787 161
9979 46014 161
10719 20441 161
11160 44248 161
11273 18861 161
11795 26444 161
11824 21541 161
11883 22877 161
11947 18482 161
12384 35804 161
12438 42371 161
12530 13205 161
12610 48466 161
13022 29134 161
13381 24570 161
13640 39346 161
13726 38509 161
13827 28356 161
14187 19227 161
14464 48864 161
14833 30871 161
15104 22456 161
15131 28711 161
15891 33815 161
15893 21712 161
16875 33100 161
17238 33160 161
17344 43020 161
17858 18043 161
18093 23221 161
18291 35876 161
18493 48594 161
18991 35135 161
19102 38475 161
19361 27755 161
19634 35303 161
21340 32665 161
21641 42275 161
23024 38639 161
23031 28893 161
23368 40575 161
23724 32682 161
24156 37376 161
26494 37177 161
26527 33587 161
26805 27504 161
27654 30532 161
27700 45283 161
28175 36860 161
28190 49302 161
28269 46611 161
28802 49848 161
29385 46066 161
31189 48986 161
32212 45012 161
36051 39849 161
36164 40995 161
38160 41447 161
39749 40676 161
45668 46541 161
11 4672 162
13 20 162
140 242 162
189 464 162
415 34962 162
597 694 162
807 4255 162
857 19711 162
952 11150 162
1291 47238 162
1745 9952 162
2125 46709 162
2496 11401 162
2507 40063 162
3047 48700 162
3184 4151 162
3535 39967 162
3682 8031 162
3965 29299 162
4173 20203 162
4569 21508 162
4625 9386 162
4798 11711 162
5186 35833 162
5338 30638 162
5763 15883 162
5796 7062 162
6175 26985 162
6354 7873 162
6357 39363 162
6440 8655 162
6717 43412 162
6731 21021 162
7461 13085 162
8060 14563 162
8150 25590 162
9249 32033 162
9770 30914 162
9802 9954 162
10211 11408 162
10322 17791 162
10543 12730 162
10704 44746 162
10782 39963 162
10910 39136 162
11357 48953 162
11878 28583 162
12067 20204 162
12317 35508 162
12336 13507 162
12587 28407 162
12791 33271 162
13030 23967 162
13057 14618 162
13564 19811 162
13719 14368 162
13941 18404 162
14260 47552 162
14351 20859 162
14410 16178 162
14882 48191 162
15262 29188 162
15457 33762 162
15566 31255 162
15809 42773 162
17292 32266 162
17792 21859 162
18916 26945 162
19141 22745 162
19544 40857 162
19568 40294 162
20027 43143 162
20205 49632 162
20449 38133 162
20974 37185 162
21600 29902 162
22195 30693 162
22673 46019 162
23851 31571 162
23923 39626 162
24001 39953 162
24084 49078 162
24425 44674 162
24828 49177 162
25005 48802 162
25095 33281 162
25632 46631 162
25912 32884 162
26092 45004 162
26665 42935 162
26703 36519 162
26775 40190 162
27809 29905 162
28396 36657 162
28718 41351 162
29424 46301 162
30494 43981 162
30529 46347 162
31288 45095 162
32203 48151 162
32408 48801 162
32508 40195 162
33781 45342 162
34883 38307 162
35413 49010 162
35986 42945 162
36108 49264 162
37007 45268 162
38002 41593 162
38874 48367 162
40222 40982 162
42216 44457 162
43097 48129 162
65 21429 163
110 220 163
141 567 163
346 14194 163
351 4589 163
393 8284 163
428 3391 163
531 817 163
616 4083 163
660 12990 163
745 17854 163
1259 15116 163
1387 9046 163
1435 30091 163
1628 11985 163
1716 24452 163
1757 8875 163
1908 3970 163
2085 4537 163
2390 5390 163
2779 11197 163
2848 26854 163
3173 20552 163
3189 3601 163
3222 44801 163
3407 47641 163
3510 9084 163
4564 29986 163
4877 6516 163
5127 41783 163
5562 11849 163
5935 11105 163
5936 35775 163
5936 48089 163
6114 7392 163
6491 38887 163
6674 21174 163
6678 45707 163
6850 7584 163
6888 38261 163
6929 42112 163
7054 46451 163
7169 44243 163
7382 23410 163
7575 43948 163
7666 15335 163
7836 47911 163
7932 31857 163
8087 10751 163
8114 10635 163
8223 23627 163
8376 25242 163
8618 24492 163
9497 38066 163
9743 27681 163
9960 26707 163
10366 12543 163
10715 47239 163
11029 23942 163
11295 49910 163
12053 17981 163
12204 33721 163
13297 18906 163
13967 22011 163
14165 37950 163
14187 39915 163
14353 44943 163
14877 17606 163
14887 20881 163
14961 43592 163
15066 16991 163
15694 22841 163
16122 40820 163
16159 40327 163
16856 40983 163
17858 28353 163
18091 48210 163
18613 35480 163
18618 26852 163
18687 41308 163
19659 49838 163
19710 46060 163
20275 29291 163
20387 31214 163
20435 36555 163
21365 23900 163
21434 45170 163
21549 39233 163
22769 34027 163
22920 34486 163
23139 24366 163
23966 29245 163
24613 25499 163
26450 28830 163
26566 33108 163
26875 30096 163
27379 37015 163
27609 38421 163
27701 37986 163
27838 46804 163
29286 33202 163
29900 43807 163
30885 42775 163
30962 43381 163
33237 43051 163
35514 42212 163
35768 41942 163
38411 40271 163
38939 47274 163
43637 45063 163
12 23249 164
74 274 164
140 10128 164
191 429 164
428 6713 164
581 12546 164
1233 23782 164
1388 2457 164
1713 7531 164
2117 9735 164
2287 6625 164
2308 7268 164
2388 6475 164
2576 8686 164
2806 17434 164
3037 16184 164
3180 38085 164
3403 38848 164
3455 3627 164
4025 5527 164
4158 20949 164
4910 26956 164
6147 18342 164
6264 10727 164
6287 10046 164
6671 31737 164
6724 42953 164
6812 14253 164
6966 11731 164
7098 25907 164
7116 36898 164
7388 34336 164
7431 48316 164
7444 19071 164
7682 33124 164
8074 47395 164
8076 30725 164
8450 11759 164
8450 30869 164
8719 10519 164
8736 27129 164
9185 16411 164
9352 28161 164
9356 10881 164
9517 32386 164
9596 49786 164
9932 43298 164
9934 10875 164
10011 35652 164
10423 10956 164
10440 34282 164
10808 23399 164
10827 48265 164
11391 11661 164
11420 48789 164
11547 18830 164
11905 12012 164
11938 46454 164
11980 40069 164
11985 35407 164
12453 22820 164
12454 23800 164
13961 23017 164
14057 37347 164
14894 44139 164
15135 38136 164
15957 38859 164
16476 48696 164
16561 33991 164
16811 18927 164
16846 46598 164
17417 41387 164
17475 19646 164
17593 48827 164
17920 23024 164
18122 25890 164
18439 21267 164
19036 36931 164
19688 31275 164
19875 37444 164
19997 49781 164
20341 38308 164
20527 31708 164
20593 37589 164
20784 48932 164
21413 41855 164
21728 38736 164
21893 22625 164
22105 29835 164
24112 43274 164
25234 45997 164
25753 39009 164
25934 41442 164
26886 32440 164
27374 46086 164
27663 47502 164
28003 37627 164
30058 31798 164
32219 36806 164
32402 32506 164
36530 47767 164
37804 39089 164
38639 46433 164
42822 43376 164
42989 43266 164
44277 46467 164
45805 47487 164
49176 49289 164
1 173 165
15 38960 165
188 46542 165
297 12143 165
1165 20468 165
1172 39178 165
1284 4560 165
1435 1975 165
2618 41497 165
2848 16074 165
3358 29735 165
3550 48550 165
3621 44814 165
3628 13229 165
3981 5379 165
5112 7052 165
5268 14688 165
5511 25940 165
5540 39301 165
5630 22292 165
5698 22833 165
6015 23687 165
6306 33176 165
6566 43090 165
6775 39275 165
6892 13155 165
7268 10815 165
7902 26720 165
8247 16983 165
8924 13278 165
9493 32672 165
9761 33356 165
10697 33383 165
10989 44138 165
11179 29567 165
11871 43256 165
11981 18958 165
13630 36688 165
14298 44457 165
14844 37683 165
15116 39126 165
15180 20802 165
15745 20257 165
15920 35641 165
15998 29349 165
16235 34417 165
16240 28828 165
16417 31414 165
16533 27123 165
16643 22873 165
16931 22256 165
17000 49645 165
17345 42314 165
17580 43303 165
17777 19887 165
17876 21375 165
18014 44063 165
18445 42640 165
18467 25119 165
18744 22921 165
19044 47851 165
20233 40079 165
21091 30198 165
21188 42259 165
22146 22581 165
22255 32523 165
22282 30571 165
22696 40535 165
22758 45820 165
23567 27427 165
24128 25366 165
24575 37250 165
24704 49484 165
25715 32380 165
26109 28234 165
26663 46004 165
27436 35621 165
28028 32089 165
29310 42934 165
30499 39362 165
32596 42898 165
33022 41396 165
33209 48693 165
36855 41011 165
39310 42844 165
40807 48237 165
41197 43115 165
41246 43015 165
42273 45064 165
43004 45881 165
46929 49888 165
1008 19058 166
2066 2744 166
2095 48876 166
2378 6817 166
2445 3291 166
2521 8638 166
3295 5448 166
3702 5757 166
3705 7188 166
3800 42676 166
3960 9609 166
4347 16179 166
4820 13183 166
5011 45986 166
5069 38016 166
5085 43837 166
5510 25500 166
5636 31182 166
5705 14649 166
5763 33992 166
6646 15305 166
7078 35229 166
7179 38418 166
7513 11767 166
7640 32685 166
7810 26556 166
7970 49182 166
8291 8912 166
8400 48443 166
8952 31613 166
9025 15735 166
9130 37893 166
9157 11579 166
9405 13448 166
9586 22878 166
9627 25370 166
9697 49466 166
9863 48842 166
10019 26586 166
10213 43876 166
11329 29632 166
11932 42437 166
12008 23932 166
12495 34895 166
12621 48646 166
12718 29380 166
12765 12929 166
12986 30821 166
13057 30712 166
13778 40883 166
13901 40731 166
14262 20698 166
15388 20826 166
15801 17346 166
16222 46230 166
16774 20207 166
17112 19329 166
18850 44022 166
19434 49808 166
19580 28582 166
20196 36597 166
20206 49572 166
21550 22303 166
21782 35809 166
22214 47979 166
23275 35515 166
24216 29104 166
24267 27673 166
25150 44540 166
25233 33558 166
26024 38507 166
26746 32786 166
27545 45966 166
27560 40988 166
27601 42760 166
27758 28979 166
28602 38091 166
28693 42711 166
29323 30952 166
29588 48701 166
29949 30104 166
30358 49127 166
30616 31948 166
30736 44594 166
31144 41590 166
31394 49208 166
31579 31724 166
32522 33731 166
32582 37610 166
33881 37315 166
34888 41043 166
35871 44448 166
36386 42758 166
36548 43310 166
36589 49737 166
38463 39014 166
40094 40573 166
41995 46934 166
46019 49119 166
46083 48528 166
46816 49715 166
42 1477 167
202 712 167
307 8534 167
425 20998 167
441 802 167
687 10098 167
999 22544 167
1242 5324 167
1272 2064 167
1452 42024 167
1654 11932 167
1809 19878 167
1984 13772 167
1984 30750 167
2004 22928 167
2090 15709 167
2468 21137 167
2538 23040 167
2628 2711 167
2632 6952 167
2696 26733 167
2715 21331 167
2851 14560 167
2939 22536 167
3002 4912 167
3668 15224 167
3820 8426 167
3895 10852 167
3995 14717 167
4470 49815 167
4497 12447 167
4500 4844 167
4678 6630 167
5083 41887 167
5741 6646 167
6149 25416 167
6452 27646 167
6599 14958 167
6803 26424 167
6842 39614 167
6969 16397 167
8139 26228 167
8190 27156 167
8440 49363 167
8856 42690 167
9318 19642 167
9462 11643 167
9558 40598 167
9779 16061 167
10595 22412 167
11245 31375 167
11280 12756 167
11331 14401 167
11433 17438 167
11928 28264 167
12232 29867 167
12374 13867 167
13216 34316 167
13337 29894 167
13581 47957 167
14185 17051 167
14243 42909 167
14757 28351 167
15005 39017 167
15400 33590 167
15889 46014 167
16652 42767 167
16831 17370 167
17447 37411 167
17731 24952 167
17772 31829 167
17789 33971 167
17813 21974 167
18355 33959 167
19169 22851 167
20223 27105 167
20824 49192 167
20970 37525 167
23906 27640 167
24173 41260 167
24575 40428 167
24643 39344 167
25733 31913 167
25825 28131 167
26404 35868 167
27640 29720 167
27995 38602 167
28554 35551 167
28640 28977 167
29007 33120 167
29344 31825 167
29994 30987 167
30928 42295 167
31378 34324 167
31610 40369 167
31629 47580 167
31874 47712 167
33644 45959 167
33986 43070 167
38155 43344 167
40405 46413 167
41172 47762 167
45163 48667 167
153 433 168
353 21939 168
407 48018 168
697 6909 168
1122 8443 168
1306 1462 168
1725 2494 168
2337 8754 168
2780 12688 168
2848 29433 168
2945 36096 168
3019 6386 168
3033 6026 168
3261 6471 168
3354 5355 168
3387 46399 168
3701 47731 168
3888 31010 168
4625 14203 168
4737 7653 168
5037 41566 168
6670 7675 168
6953 25037 168
7028 45197 168
7029 18192 168
7067 22074 168
7192 38766 168
7220 48760 168
8136 11450 168
8208 10625 168
8303 20784 168
8905 43061 168
8996 24420 168
9052 29434 168
9245 12074 168
9447 13194 168
9885 13133 168
10000 18797 168
10016 47903 168
10123 13739 168
10379 48608 168
10738 39935 168
10743 17798 168
12167 45100 168
12488 47879 168
13205 14696 168
13441 15089 168
13444 49434 168
14434 34867 168
14738 42315 168
14837 19705 168
15078 19347 168
15721 40259 168
15932 33442 168
16273 21976 168
16438 16482 168
17265 42948 168
17893 41340 168
18151 30787 168
18616 19572 168
19146 37421 168
19381 37073 168
19518 29950 168
19860 29457 168
20199 20999 168
20242 44915 168
20366 29573 168
22509 43588 168
23207 48897 168
23208 35524 168
23514 28220 168
23731 29876 168
24664 30829 168
25270 32622 168
26230 28967 168
26334 42718 168
27320 32325 168
27452 38894 168
28470 33467 168
30077 35558 168
31374 36030 168
31874 39598 168
32436 46592 168
34582 41599 168
34994 43776 168
35482 38246 168
35561 39304 168
39248 39690 168
39383 43214 168
39887 42714 168
41573 49726 168
43164 46348 168
25 29765 169
39 12653 169
42 3491 169
155 34606 169
209 2859 169
846 3257 169
862 1490 169
920 28796 169
927 22650 169
933 1141 169
1194 47556 169
1490 19572 169
1526 29208 169
1710 38269 169
2079 4661 169
3009 4093 169
3052 31164 169
3160 29304 169
3191 43200 169
3851 13997 169
4318 10805 169
4483 13497 169
5161 20126 169
5481 14789 169
5581 9127 169
5845 34080 169
6320 29514 169
6822 21575 169
6952 48302 169
7114 37817 169
7249 10629 169
7444 39114 169
7674 31169 169
8213 23025 169
9329 31558 169
9428 39570 169
9447 33595 169
9543 24632 169
9830 22801 169
9920 15997 169
10123 36037 169
10598 31037 169
11177 21448 169
11299 49684 169
13015 38339 169
13017 24605 169
14401 45740 169
14579 49409 169
14714 41720 169
15062 34698 169
15877 18232 169
15904 21387 169
15995 32301 169
16101 42177 169
17315 44804 169
17442 48589 169
18089 41110 169
18167 47516 169
18187 28204 169
18500 30713 169
19075 39090 169
21217 41704 169
21280 21973 169
21447 24989 169
23042 39016 169
23893 27709 169
24385 41811 169
24498 46586 169
24511 40065 169
25263 25908 169
25947 34005 169
26676 42468 169
26680 45507 169
27129 45084 169
28165 43865 169
28476 38468 169
28905 31316 169
30566 37854 169
31313 49462 169
31358 35762 169
32421 43806 169
32816 41531 169
33956 45699 169
34840 43823 169
35892 37633 169
36974 37754 169
37511 39828 169
37940 49863 169
38231 39718 169
39354 39465 169
39587 43130 169
40434 45638 169
35 8529 170
65 281 170
77 37200 170
515 1226 170
520 4008 170
540 47203 170
1007 16923 170
1009 14067 170
1265 14727 170
1306 14332 170
1501 42165 170
1814 2359 170
2672 3981 170
2740 6016 170
2848 6872 170
2920 25019 170
3174 37430 170
3193 12325 170
3436 40049 170
3668 37269 170
3819 5508 170
3955 49653 170
4079 12589 170
5097 11825 170
5135 10241 170
5835 35972 170
5848 10171 170
6115 10732 170
6156 28371 170
6366 16840 170
6385 18123 170
6683 30015 170
6701 19716 170
6786 43009 170
7027 38728 170
7395 12597 170
8177 22459 170
8209 33476 170
8857 10959 170
8894 43172 170
8987 19826 170
9128 9205 170
9448 45270 170
9593 48482 170
9769 15695 170
10040 44285 170
10380 17505 170
10530 23729 170
10797 30192 170
11257 19282 170
11945 16836 170
11953 26679 170
11999 18860 170
12100 46146 170
12172 24633 170
12204 12786 170
12276 40882 170
12489 22286 170
12672 41344 170
13138 14806 170
13358 43690 170
13982 26218 170
15374 17085 170
15697 45060 170
15914 43678 170
16680 31260 170
17069 26039 170
17093 23714 170
17449 48347 170
18103 36788 170
19021 20147 170
19326 19460 170
20147 28235 170
20410 47967 170
20697 26089 170
20800 25470 170
21262 23726 170
21548 25225 170
21750 21994 170
22766 46915 170
23254 25621 170
23560 39611 170
23740 47626 170
24176 31964 170
24762 34014 170
25650 47029 170
26040 36594 170
26269 27556 170
27388 30473 170
29680 35757 170
29908 36078 170
30170 44597 170
31828 42101 170
31966 48769 170
32148 42942 170
33348 38714 170
34138 48982 170
34311 44728 170
35630 40305 170
36099 40112 170
36703 42807 170
37209 46275 170
40558 41489 170
40887 46471 170
41194 41817 170
43813 46376 170
44007 45903 170
44790 46567 170
79 461 171
90 42668 171
128 3787 171
867 12178 171
1100 2560 171
1292 29481 171
1396 8326 171
1707 1795 171
2111 13316 171
2242 12286 171
2251 2601 171
2495 15691 171
2750 9719 171
2876 17133 171
3364 30435 171
3453 44939 171
4069 25967 171
4206 37186 171
4346 8281 171
4423 16101 171
4665 6605 171
5398 6296 171
5781 27853 171
5947 14427 171
5970 10373 171
6172 11882 171
6474 23441 171
6577 18655 171
7154 43671 171
7494 19566 171
7522 46288 171
8283 46854 171
8470 36752 171
8540 34311 171
8644 39815 171
8959 27270 171
9145 38150 171
9241 46220 171
9359 27430 171
9902 12320 171
9909 15295 171
10124 16419 171
10237 30328 171
10396 44248 171
10910 21703 171
11126 27206 171
11613 38710 171
11945 18074 171
11947 28231 171
12041 32604 171
12411 39812 171
12414 14699 171
12423 12440 171
12866 19309 171
13074 33042 171
13182 42338 171
13288 16442 171
13603 25896 171
13939 24455 171
14244 19717 171
14347 36194 171
15331 26356 171
16085 16658 171
16176 20577 171
16270 38548 171
16322 42259 171
16747 20010 171
17166 20699 171
18241 25814 171
18485 34049 171
18745 43508 171
19560 22628 171
20101 48033 171
21011 31936 171
21116 22435 171
22372 29366 171
22420 24824 171
23770 23961 171
23972 44102 171
25066 41485 171
26563 31197 171
28163 40204 171
28192 40222 171
33901 44292 171
35577 47218 171
36624 49445 171
38345 40011 171
38401 40550 171
40003 40014 171
43915 44173 171
45777 47116 171
133 147 172
219 11795 172
250 24052 172
270 6998 172
581 11403 172
713 44633 172
751 3023 172
762 13407 172
1000 47220 172
1102 38688 172
1165 3584 172
1171 7046 172
1301 42219 172
1309 10501 172
1344 8043 172
1764 28695 172
1965 12743 172
2079 4094 172
2459 41472 172
2840 31111 172
2854 11015 172
3188 29663 172
3394 38223 172
3422 33372 172
4199 42471 172
4479 6819 172
4551 22826 172
4608 47908 172
4754 8372 172
4958 31827 172
5307 7627 172
5329 35792 172
5537 19682 172
5584 20013 172
5617 22736 172
5740 13630 172
5864 9132 172
5923 16532 172
6633 28654 172
6700 9651 172
7454 34674 172
7646 23579 172
7700 36577 172
8059 47681 172
8117 23254 172
8461 36369 172
9461 47644 172
9481 14913 172
10035 30238 172
10398 18339 172
11536 23025 172
11701 35479 172
12158 17706 172
12449 31842 172
12505 34360 172
12801 15961 172
13128 36979 172
13139 25267 172
14006 34059 172
14046 42867 172
14881 42157 172
14995 27468 172
15257 42167 172
15294 40244 172
15613 20514 172
16230 20302 172
16256 22843 172
16470 34324 172
17742 36448 172
18171 31645 172
18314 36005 172
18325 47180 172
18362 38691 172
19139 28792 172
19320 35011 172
19558 35655 172
19811 45940 172
20653 48520 172
21495 37182 172
21583 34359 172
22803 38275 172
23138 25401 172
23182 31771 172
23387 44109 172
23583 31470 172
23898 27557 172
24435 48393 172
25140 36590 172
25798 41418 172
26896 27854 172
27933 46453 172
27977 31938 172
28485 37154 172
29604 33014 172
30080 37712 172
30206 30213 172
30857 42701 172
32061 38156 172
32323 41981 172
33517 34717 172
33823 48474 172
34995 40071 172
35664 44637 172
35828 37542 172
36030 47246 172
37295 47086 172
37341 42119 172
43488 48562 172
43797 49088 172
43868 49398 172
14 2181 173
99 911 173
219 443 173
351 2623 173
593 3657 173
636 7620 173
1071 5633 173
1204 15182 173
1299 27048 173
1423 5485 173
1469 3530 173
1844 4853 173
1887 47746 173
2013 3771 173
2072 19639 173
2093 47221 173
2234 9907 173
2629 29888 173
2882 5051 173
3100 5055 173
3114 26487 173
3376 5420 173
3386 25134 173
3711 25083 173
3858 12131 173
4250 9483 173
4355 46487 173
4739 19545 173
4784 10758 173
4844 11911 173
5095 40864 173
5313 29692 173
5780 9213 173
6506 35155 173
7044 40618 173
7719 36048 173
8083 27591 173
8217 40508 173
8270 22066 173
8617 38691 173
8899 10898 173
9183 12710 173
9364 14725 173
9689 27277 173
9985 39444 173
10674 25119 173
11262 31836 173
11327 39056 173
11679 22769 173
11939 21410 173
12095 29582 173
13170 32016 173
13315 23069 173
13341 31344 173
13619 27619 173
14083 34754 173
14686 26456 173
14901 28230 173
15278 25403 173
16222 17483 173
16242 43305 173
17282 34684 173
17845 39747 173
18207 49520 173
18405 32362 173
18946 45185 173
19273 43177 173
19510 45820 173
19710 36842 173
19763 36508 173
20183 41714 173
20209 30411 173
20338 45627 173
20426 40377 173
20486 28699 173
20803 23836 173
20855 32865 173
21668 37027 173
22839 28339 173
22984 30714 173
23574 49283 173
26923 36824 173
27241 36522 173
29094 31781 173
29324 41654 173
30178 45398 173
30796 44909 173
31110 37596 173
31866 34660 173
32135 35428 173
32224 42452 173
35694 47477 173
36802 46990 173
37246 40209 173
37315 38798 173
37717 40755 173
39601 44648 173
40468 45393 173
40469 47743 173
42987 43119 173
108 29980 174
194 3561 174
432 14617 174
782 47730 174
804 9640 174
1226 1249 174
1330 37004 174
1347 7850 174
1456 1511 174
1487 2619 174
1591 9361 174
1738 22830 174
1820 15321 174
1915 32163 174
2204 47934 174
2699 30885 174
2838 22760 174
3043 39414 174
3293 4519 174
3373 4137 174
3446 17315 174
3842 25352 174
3956 4789 174
4571 20580 174
4634 43703 174
4765 22583 174
4900 29500 174
5603 5864 174
5677 29440 174
5872 8997 174
6045 26119 174
6094 7240 174
6205 37554 174
6606 32468 174
7879 35603 174
7969 34794 174
8787 31295 174
9268 19521 174
9562 15327 174
10194 49262 174
10872 14787 174
11267 14012 174
11503 17831 174
11531 23070 174
11643 24432 174
12079 31062 174
12540 31079 174
13105 43245 174
13138 22734 174
13430 42554 174
13753 26620 174
13884 35067 174
13914 16975 174
14560 23205 174
14726 18005 174
15264 20728 174
15827 15933 174
16091 44114 174
16250 33198 174
16938 17334 174
17672 31925 174
17764 18273 174
17783 35821 174
18854 44204 174
19592 26046 174
20956 39949 174
21703 25701 174
21994 29550 174
22017 49024 174
22027 34876 174
23472 47161 174
25194 46920 174
25686 32160 174
26016 46086 174
26141 30476 174
26950 34886 174
28559 40139 174
29071 44879 174
29205 37587 174
29651 42545 174
29838 38278 174
31222 46727 174
31827 48041 174
31891 40712 174
32003 39465 174
34775 41406 174
35399 43985 174
36204 47881 174
37891 43393 174
38051 40784 174
40126 45953 174
41807 46239 174
55 28788 175
244 4619 175
302 4033 175
418 24083 175
519 10703 175
659 9164 175
1131 2304 175
1147 45358 175
1209 6614 175
1363 7534 175
1501 17147 175
1579 11939 175
1655 4100 175
1897 23195 175
1959 24654 175
2457 15161 175
2579 28643 175
2674 48520 175
2938 44719 175
2968 24212 175
3176 41561 175
3796 14513 175
4452 7235 175
4494 19237 175
4711 46521 175
4790 6087 175
4884 14057 175
5016 40969 175
5055 41052 175
5158 31145 175
5177 22568 175
5486 41695 175
5623 38497 175
5634 5866 175
5803 23407 175
6245 16482 175
6367 17764 175
6381 11387 175
6734 7068 175
7005 45062 175
7046 44578 175
7337 9239 175
7768 8561 175
7915 22868 175
8355 37773 175
8437 10303 175
8600 45159 175
8778 14489 175
9154 49961 175
9364 10085 175
9423 15313 175
9598 10998 175
10202 40270 175
10211 28343 175
10454 19000 175
10708 25341 175
11008 32296 175
11079 20092 175
11156 34492 175
11257 45663 175
11648 30477 175
11913 48315 175
12209 20098 175
12226 27226 175
12559 48308 175
13179 35751 175
13242 28457 175
14333 38060 175
14846 45634 175
15253 46291 175
16523 31746 175
16619 33673 175
17013 30479 175
17057 47426 175
17519 36883 175
17600 19403 175
17769 35828 175
17949 49519 175
18045 20052 175
18364 21050 175
18486 32721 175
19487 47815 175
19545 32714 175
19578 24775 175
19981 24885 175
20315 39696 175
20951 34496 175
21021 46218 175
21809 40971 175
22870 48673 175
23397 48822 175
23738 36652 175
24964 39799 175
25135 26975 175
26884 43963 175
29040 46257 175
29457 37143 175
30358 39534 175
30669 46199 175
32027 35435 175
32992 36913 175
34896 43808 175
35518 42084 175
36003 42004 175
36151 43249 175
36926 37468 175
38003 45411 175
39304 43763 175
40132 44773 175
42392 42488 175
48700 49225 175
93 233 176
513 39905 176
532 34323 176
611 26589 176
653 20954 176
777 15948 176
831 1200 176
931 41611 176
1303 38046 176
1305 2082 176
1434 48804 176
1445 9029 176
1688 39839 176
1721 7309 176
2517 2621 176
2649 16449 176
2746 24812 176
3091 8280 176
3287 6360 176
3828 7493 176
4070 14469 176
4416 13844 176
4679 6574 176
4834 17700 176
5669 29733 176
5701 10731 176
5740 30919 176
5824 26188 176
5904 45338 176
6064 41902 176
6191 48805 176
6272 7323 176
6609 25648 176
6662 18267 176
6683 46838 176
7341 29047 176
7481 8646 176
7531 22377 176
7852 35434 176
7877 12570 176
8014 8386 176
8302 12245 176
8339 17572 176
8670 8942 176
8751 22141 176
9218 31868 176
9229 19241 176
9591 39597 176
9656 49671 176
9698 22811 176
9721 42707 176
9807 10143 176
10287 33701 176
10836 45275 176
10926 15079 176
11036 37222 176
11286 48398 176
11528 14378 176
12656 38485 176
13452 22537 176
13720 28309 176
13981 42403 176
14104 44532 176
14199 23535 176
14533 17726 176
14711 18622 176
15672 29628 176
15971 18782 176
15986 21220 176
16203 26697 176
16470 20344 176
17419 29292 176
17801 27328 176
18898 25635 176
20988 47001 176
21381 35737 176
21604 43251 176
21627 46574 176
22404 48969 176
23296 37563 176
23663 44077 176
23838 41100 176
25232 32109 176
26151 29574 176
27773 49958 176
27979 49782 176
28510 49871 176
29715 31393 176
29973 42246 176
30375 37925 176
30741 40101 176
31356 32311 176
35929 49777 176
157 4756 177
264 32154 177
410 8370 177
496 29676 177
655 10152 177
803 3455 177
862 4831 177
1002 25270 177
1203 41501 177
1393 10374 177
2220 17033 177
2300 34782 177
3007 16380 177
3420 5873 177
3441 18968 177
3590 4839 177
3773 5269 177
3907 16250 177
4271 18784 177
4630 47908 177
4733 24947 177
5227 5246 177
5407 12151 177
5649 48760 177
5969 24792 177
5996 7835 177
6296 36139 177
6616 20072 177
6736 21321 177
6909 31650 177
7312 26349 177
7591 25196 177
8221 35225 177
8420 39146 177
8472 17399 177
8516 26252 177
8837 29435 177
9389 34184 177
9395 48529 177
9522 24554 177
9545 43680 177
9665 23715 177
9949 34075 177
10289 29312 177
10472 42203 177
10871 33600 177
10898 16519 177
11174 14213 177
11253 44843 177
11485 29090 177
11850 22732 177
12113 19101 177
12230 28209 177
12291 45849 177
12603 24193 177
12780 29432 177
12782 15918 177
13154 37232 177
13472 26289 177
13601 46160 177
13618 29242 177
13700 35836 177
14091 44713 177
14180 35048 177
14371 32180 177
14774 46658 177
15240 38752 177
16024 48207 177
16264 40536 177
16290 24287 177
16415 17181 177
16517 20847 177
16602 17204 177
17193 26894 177
17453 29439 177
17752 21155 177
18400 38023 177
18862 20442 177
20006 35730 177
20134 46112 177
20327 21462 177
20398 29015 177
20490 47962 177
20764 47638 177
20889 42316 177
23136 39419 177
23703 33604 177
23944 45962 177
24327 25814 177
26041 43287 177
26234 40881 177
26330 29474 177
27473 43527 177
28433 41547 177
28440 35571 177
28512 49150 177
30486 34204 177
30932 42594 177
32746 38406 177
33315 37091 177
33518 47627 177
36272 49295 177
37005 46254 177
37383 48190 177
38071 48210 177
41733 49156 177
42205 45601 177
38 739 178
305 330 178
402 5204 178
497 1138 178
596 954 178
863 48293 178
1163 2504 178
1351 12135 178
1564 19828 178
1600 28598 178
1779 28549 178
1959 26258 178
2153 11189 178
2158 7629 178
2709 41801 178
2756 46352 178
3023 25222 178
3320 5878 178
3422 44482 178
4713 9480 178
5271 42287 178
5372 8623 178
5775 8260 178
5795 6411 178
6120 11125 178
6284 9624 178
6725 34505 178
7421 27256 178
7826 35509 178
8187 11405 178
8831 43421 178
9587 46984 178
9771 13647 178
10441 11348 178
10579 16242 178
11101 25455 178
11194 24085 178
11351 13454 178
11501 45207 178
11685 33506 178
11913 48657 178
12071 18288 178
12421 38637 178
12516 45788 178
12596 25202 178
13011 29834 178
13225 18595 178
14709 49025 178
14730 26710 178
15124 41864 178
15197 15349 178
15281 33114 178
15934 34394 178
16657 18201 178
16892 31953 178
17183 21775 178
17222 21380 178
17342 48434 178
17598 39176 178
18434 38135 178
18515 44019 178
19030 26887 178
19116 19492 178
19405 23113 178
19607 34156 178
19979 23827 178
20111 37493 178
20173 46907 178
20805 45047 178
21578 42526 178
22515 24055 178
23338 29883 178
23640 38241 178
23754 44300 178
24135 27202 178
24582 35500 178
24815 35724 178
24886 28962 178
26747 31349 178
27500 41870 178
28061 37759 178
29546 39607 178
29674 49068 178
30922 37067 178
31799 45037 178
31952 45385 178
32460 47535 178
33228 37002 178
34808 35614 178
34982 38110 178
36653 39422 178
36691 39566 178
37055 42025 178
37132 42049 178
42336 43376 178
43184 44703 178
2 47553 179
3 16 179
28 6883 179
96 1340 179
139 12291 179
174 4999 179
292 675 179
545 593 179
766 951 179
847 20485 179
987 4479 179
1096 10496 179
1149 39067 179
1549 46427 179
1694 1777 179
2055 44162 179
2347 2701 179
2525 13052 179
2641 3444 179
2736 47393 179
2824 3987 179
3217 13822 179
3362 6596 179
3434 14152 179
3520 38540 179
4197 33637 179
4231 5645 179
4249 5459 179
4664 38093 179
5389 15453 179
6204 6706 179
7027 44498 179
7118 8435 179
7198 11799 179
7248 16958 179
7497 18573 179
7880 17160 179
8506 15449 179
8787 42926 179
9117 10731 179
9641 19388 179
9690 46215 179
9736 28599 179
10005 15065 179
10042 30077 179
10278 46243 179
11046 26994 179
11772 12038 179
11897 47449 179
11976 17644 179
12324 35997 179
12530 13564 179
12642 44929 179
12760 25839 179
13290 32028 179
13379 33415 179
13912 39121 179
14092 38311 179
14359 21918 179
15049 31588 179
16549 17675 179
16626 45299 179
17705 34605 179
18354 34887 179
18741 28714 179
19203 44601 179
19560 23672 179
19911 22588 179
19960 47596 179
20225 27022 179
20242 31904 179
20652 22542 179
20728 46633 179
20806 32610 179
22514 27118 179
22618 42426 179
24620 44181 179
25588 31844 179
26710 30731 179
27122 29849 179
27186 45513 179
27274 30622 179
27537 37230 179
27771 45525 179
29467 41010 179
29474 46666 179
29934 47708 179
30036 35749 179
30436 38548 179
32318 43189 179
35751 44469 179
36352 42646 179
36544 37307 179
36935 41482 179
38520 40833 179
39779 46261 179
40985 47250 179
41110 46770 179
43673 46070 179
43838 43874 179
45169 47129 179
47043 49085 179
118 132 180
351 17209 180
545 47485 180
742 2293 180
813 23731 180
823 2661 180
1235 1302 180
1333 21315 180
1439 17246 180
1565 1784 180
1758 4823 180
1814 1949 180
1858 3345 180
2018 5154 180
2181 16241 180
2512 7038 180
2630 15603 180
2740 38360 180
3514 12469 180
4500 13031 180
4570 25855 180
4802 5883 180
4964 31433 180
5379 20486 180
5696 13035 180
6172 34856 180
6281 29602 180
6346 8751 180
6964 20159 180
7317 36006 180
8152 25166 180
8178 13669 180
8871 43204 180
9223 11397 180
9498 36137 180
9562 15331 180
9839 11612 180
9849 46614 180
10705 31571 180
11020 25199 180
11089 37996 180
11665 17820 180
11707 34748 180
12295 32718 180
12700 35388 180
12709 25115 180
12934 19038 180
13568 41308 180
13653 34818 180
14108 32447 180
14803 19131 180
15717 22675 180
15859 33523 180
17172 18486 180
17397 45484 180
17566 28860 180
17595 29612 180
18386 26944 180
19041 46166 180
19389 31874 180
19702 30390 180
21785 22655 180
22376 42897 180
22388 22725 180
24469 27481 180
24486 31357 180
25397 31691 180
25678 37456 180
26275 42014 180
26997 45625 180
27394 41530 180
28863 46980 180
29421 48712 180
29525 33864 180
29891 35448 180
30589 35757 180
34139 44413 180
34545 44758 180
34664 43223 180
36259 40713 180
37793 39860 180
37914 47240 180
38816 46105 180
38947 43324 180
40151 41571 180
40337 44635 180
41928 46760 180
42260 47495 180
42539 43629 180
42700 43699 180
43520 44568 180
44050 47606 180
46290 47515 180
74 7600 181
79 92 181
131 356 181
494 33940 181
508 5098 181
888 22056 181
944 45206 181
1025 2092 181
1106 4446 181
1393 3773 181
1524 45646 181
1556 28746 181
1623 45290 181
1873 34151 181
2368 22771 181
2457 2567 181
2463 31875 181
2589 49104 181
2818 45648 181
2860 30842 181
2946 17869 181
2990 36784 181
3115 29024 181
3378 14151 181
3419 39206 181
3425 5812 181
3481 17497 181
3521 34286 181
3707 24643 181
4143 37371 181
4209 7165 181
4409 7959 181
4412 18343 181
4441 30784 181
4871 4933 181
4905 22699 181
5009 6591 181
5626 33694 181
5689 13188 181
5710 6155 181
5851 44750 181
6357 23024 181
6358 49671 181
6547 26595 181
6619 29523 181
6809 7329 181
7021 30199 181
7314 9874 181
7595 18570 181
8073 15585 181
8424 34292 181
8829 49386 181
8874 17431 181
9490 24516 181
9890 22657 181
9962 21994 181
10126 37833 181
10243 44503 181
10656 17225 181
11109 39902 181
11564 21352 181
11996 25273 181
12391 27273 181
12943 16955 181
13341 25665 181
13618 23723 181
13925 33604 181
13968 20891 181
14587 15820 181
15551 34527 181
15990 20342 181
16412 49723 181
17414 32890 181
17566 34160 181
18472 29639 181
21265 43425 181
21822 45455 181
23249 29567 181
24621 36734 181
25760 28140 181
25803 36549 181
25906 47814 181
26214 29234 181
26330 44559 181
26385 26790 181
27432 29580 181
28069 29821 181
28432 41496 181
28813 30355 181
28995 39645 181
31516 44612 181
31980 48547 181
32175 37364 181
32496 48834 181
33299 48683 181
33772 46720 181
34440 38157 181
34759 48057 181
36452 48981 181
37288 37512 181
41028 44653 181
42679 48354 181
43917 47548 181
43 13966 182
85 3314 182
242 287 182
377 14286 182
944 7912 182
1095 1242 182
1271 1917 182
1547 17328 182
2333 29159 182
2439 41273 182
2856 32110 182
3094 34618 182
3125 7160 182
3183 17625 182
3338 4799 182
3584 22976 182
3757 7085 182
3840 25464 182
4191 45201 182
4422 22102 182
4494 28961 182
4561 37392 182
4720 35089 182
5010 21696 182
5082 9922 182
5189 41951 182
5402 48333 182
5412 46383 182
5489 14316 182
5617 24209 182
5729 46077 182
5893 45011 182
6838 45910 182
7068 47149 182
7073 13475 182
7363 35820 182
7705 49992 182
7818 41530 182
8404 9933 182
9096 28128 182
9294 27670 182
9325 19180 182
9618 20461 182
9758 21527 182
9858 26225 182
10077 10221 182
10315 11914 182
10759 43009 182
11045 43242 182
11312 26294 182
11681 31044 182
12011 46483 182
12737 19281 182
12921 22308 182
13072 47239 182
14206 38610 182
14802 31466 182
14972 48710 182
15105 33945 182
15474 15476 182
15564 48578 182
17979 26068 182
18008 39444 182
18468 36170 182
18491 28747 182
18824 34843 182
22517 44408 182
23882 30995 182
24542 26443 182
25899 32345 182
26461 45723 182
26855 38331 182
27038 28418 182
27864 32049 182
27878 48671 182
28378 29356 182
28996 33165 182
29227 32713 182
29519 49565 182
29952 33845 182
30162 46953 182
31098 48141 182
31166 43938 182
35701 49426 182
36253 39752 182
39485 45890 182
40371 42761 182
42727 45061 182
48395 49006 182
65 7660 183
114 1169 183
179 533 183
244 2607 183
754 33929 183
834 7326 183
1019 1346 183
1188 5504 183
1230 27483 183
1262 1694 183
1298 12905 183
1400 39028 183
1503 47957 183
1789 26539 183
2142 29632 183
2200 4692 183
2214 43041 183
2319 7755 183
2819 18257 183
3022 21569 183
3089 21731 183
3475 4632 183
3552 4038 183
3574 10862 183
3743 7614 183
3855 7587 183
4150 39836 183
4273 4520 183
4297 20611 183
4763 37902 183
5178 46709 183
5944 40940 183
6059 10336 183
6108 41797 183
6195 21424 183
6265 15473 183
6440 11488 183
6461 25680 183
6842 22050 183
7018 27798 183
7169 44413 183
7699 29683 183
7829 16203 183
7852 8629 183
8181 15684 183
8279 46650 183
9210 30652 183
9252 37832 183
9271 16525 183
9595 19086 183
10315 33196 183
10848 43048 183
11107 40598 183
11439 28384 183
11907 38042 183
12181 13844 183
12240 25668 183
12267 18308 183
12270 23735 183
12567 27455 183
12706 48924 183
13054 16040 183
13524 16527 183
13804 15269 183
14630 38664 183
14982 16462 183
15065 20079 183
17281 46687 183
17457 18809 183
17633 25411 183
18641 30807 183
19266 20723 183
20505 35722 183
20804 28840 183
21772 31493 183
21839 43287 183
22163 45414 183
22192 40922 183
23201 39040 183
23205 41644 183
23324 31713 183
23398 32252 183
23844 43996 183
24883 33491 183
24897 37411 183
26541 49037 183
26986 47110 183
27371 47493 183
27731 37131 183
28536 28557 183
30453 42088 183
31135 36488 183
31192 43137 183
31444 38356 183
32531 37395 183
34368 47556 183
34532 46525 183
39117 46301 183
39240 40406 183
39430 47227 183
39485 47329 183
41098 49591 183
41294 42254 183
41442 47998 183
42026 48179 183
42127 47147 183
42771 44592 183
43888 48453 183
44181 46236 183
16 39840 184
53 47196 184
56 32094 184
74 4654 184
93 10072 184
168 2983 184
169 14820 184
605 25835 184
700 41936 184
875 1800 184
1253 18784 184
1555 22698 184
1650 33158 184
1766 4809 184
1960 31906 184
2875 8453 184
3016 29599 184
3072 32192 184
3379 5861 184
3545 47623 184
3808 5342 184
3843 4001 184
4284 8051 184
4336 32864 184
4440 20059 184
4554 24944 184
4653 39902 184
4803 22842 184
4917 41500 184
4924 18936 184
5207 37965 184
5438 11077 184
5634 13716 184
5818 7739 184
5912 44299 184
6019 33478 184
6202 45110 184
6277 19273 184
6672 37563 184
6848 35506 184
6857 13747 184
7157 9420 184
7219 40732 184
7303 16929 184
7567 19180 184
7986 17263 184
8224 11818 184
8708 44821 184
9354 12584 184
9460 32992 184
9566 35995 184
9878 26948 184
9900 13229 184
10521 16022 184
11023 23972 184
11312 19154 184
11814 13434 184
11955 23167 184
12098 45921 184
12453 13232 184
13414 39620 184
14037 28488 184
14922 46749 184
15082 36382 184
15388 39922 184
16118 29217 184
16552 33507 184
16754 22849 184
18096 19513 184
18286 29453 184
18354 44759 184
18406 42271 184
18591 38814 184
18974 20911 184
19016 32096 184
19287 43307 184
19546 47128 184
19884 48957 184
20399 31838 184
20683 24664 184
20845 26354 184
22374 22688 184
23219 35822 184
23286 42790 184
23801 37647 184
24492 31221 184
25418 48748 184
25742 40519 184
26640 49238 184
27067 46351 184
27489 35639 184
27669 43978 184
27689 36685 184
28027 43392 184
28518 36697 184
32798 39141 184
33416 34003 184
33590 37863 184
34207 34264 184
34299 36272 184
34411 35222 184
41237 42630 184
41470 47202 184
42016 48646 184
43536 45096 184
44530 44735 184
228 14260 185
517 2552 185
640 30434 185
1090 10275 185
1125 2227 185
1327 6968 185
1410 11966 185
1626 7975 185
1670 17220 185
1853 29753 185
2238 17176 185
2318 2806 185
2925 20911 185
3241 13352 185
3600 41273 185
3666 4874 185
3961 23767 185
4139 5769 185
4369 6348 185
4720 15350 185
4910 26235 185
4945 49436 185
5387 15104 185
6123 20289 185
6134 41766 185
6197 34793 185
6582 11118 185
7155 29935 185
7546 9158 185
7909 32921 185
8211 24435 185
8478 13060 185
8717 25867 185
9057 47671 185
10119 41400 185
10286 27317 185
10321 47159 185
10532 43654 185
11181 17893 185
11440 14518 185
11864 47020 185
12274 28330 185
12343 35706 185
12553 41009 185
12878 16064 185
13044 27368 185
13200 22301 185
13474 20442 185
14443 26444 185
14480 37545 185
15114 32099 185
15143 15819 185
15520 15535 185
16547 48909 185
16688 29703 185
19245 48397 185
19532 21340 185
19543 48081 185
20141 28714 185
21201 22505 185
21219 22189 185
21442 42906 185
23683 31008 185
25057 28451 185
25800 40221 185
25858 38954 185
26020 33189 185
26452 36185 185
28007 40045 185
28602 47267 185
28676 46003 185
28999 40027 185
30190 44613 185
30345 36892 185
30436 43416 185
31102 44755 185
32973 41760 185
34285 48307 185
35256 39779 185
35428 36383 185
37191 39365 185
38813 45483 185
40501 46103 185
42517 43136 185
43026 46029 185
43476 46065 185
338 848 186
385 592 186
458 3869 186
469 1445 186
483 7225 186
524 42977 186
792 11907 186
1252 2282 186
1857 3999 186
2085 3333 186
2225 2939 186
2246 12959 186
2523 26278 186
2651 19571 186
2790 9677 186
4008 24670 186
4337 22320 186
5754 42941 186
6191 43906 186
6563 22473 186
6669 13843 186
6880 24142 186
7780 26518 186
8623 35625 186
8664 30420 186
8698 13892 186
9190 9563 186
9530 17380 186
9761 32700 186
10034 26660 186
10462 35146 186
10864 16946 186
11565 15050 186
12173 49872 186
12370 25099 186
12565 47428 186
12867 24430 186
12933 28571 186
13182 14209 186
13933 40357 186
14011 30376 186
14338 27333 186
14550 36908 186
15510 40379 186
15973 42067 186
16191 33944 186
16479 21363 186
16837 43000 186
16987 49919 186
17386 33708 186
18102 42550 186
18523 21498 186
18637 38977 186
18799 38022 186
19213 24762 186
19944 45379 186
20412 48030 186
22052 34901 186
22145 36265 186
23145 43979 186
24825 46210 186
24997 36093 186
25339 25775 186
26049 30662 186
26290 33736 186
27015 31091 186
27597 39432 186
27779 45160 186
27842 38305 186
27996 33509 186
29745 46517 186
30188 43395 186
31349 32522 186
34848 43823 186
35244 47512 186
37097 49098 186
37324 41900 186
39755 49081 186
39896 40746 186
43757 49431 186
43759 49938 186
45894 46917 186
114 653 187
214 1243 187
267 17602 187
337 2971 187
654 47859 187
695 1309 187
700 27696 187
898 10082 187
1013 47801 187
1256 7260 187
2135 10241 187
2140 32827 187
2209 33639 187
2277 3015 187
2301 4866 187
2624 4964 187
2733 8354 187
2822 23589 187
3501 39221 187
3555 41531 187
4776 49372 187
4988 18830 187
5692 19462 187
5740 13239 187
5954 9307 187
6130 10860 187
6736 7533 187
7155 27565 187
7288 12578 187
7409 23649 187
7462 17886 187
7521 7976 187
7997 25788 187
8722 15538 187
9153 18846 187
9264 30303 187
9726 42811 187
10415 12389 187
10483 12110 187
10924 13150 187
11412 40506 187
12199 17098 187
12451 38272 187
12707 13015 187
12772 14465 187
12969 48165 187
13101 37720 187
13185 29091 187
13565 26134 187
13738 29107 187
14408 25304 187
15760 19677 187
15772 33324 187
16077 42522 187
16347 37119 187
16581 48040 187
17095 43789 187
17168 23883 187
17540 46321 187
17717 42813 187
18022 44413 187
18277 38226 187
19668 48162 187
20297 35823 187
20322 32299 187
20983 40586 187
21225 39307 187
21684 46157 187
21929 33707 187
22256 26421 187
23161 37836 187
23795 44747 187
24029 49549 187
24044 27851 187
24152 46078 187
25433 29257 187
25822 39798 187
26433 34210 187
27254 31349 187
27495 37266 187
28236 49456 187
29828 31219 187
30858 47848 187
31419 39633 187
32436 40236 187
35252 45217 187
35727 39373 187
37069 49253 187
37844 39140 187
41303 45801 187
43729 46418 187
30 3492 188
49 4585 188
308 2597 188
796 11574 188
1635 17259 188
2108 2534 188
2276 18571 188
2432 24448 188
2570 15712 188
2788 15379 188
3321 44309 188
3757 7664 188
4106 26062 188
4151 39787 188
4358 33583 188
4563 11762 188
4567 32871 188
4661 44787 188
4731 12362 188
5082 34162 188
5158 19271 188
5241 29866 188
5520 7801 188
5657 6039 188
6023 8245 188
6148 43220 188
7313 42663 188
7601 47399 188
7664 48035 188
7836 17009 188
8511 47229 188
8571 48140 188
8948 22218 188
9112 22711 188
9337 15486 188
10438 49344 188
10857 21223 188
11114 13963 188
11325 36387 188
11343 14562 188
11480 11552 188
11783 39904 188
11957 37925 188
12342 12755 188
12386 41615 188
12611 27871 188
12968 35863 188
13185 33906 188
13435 34658 188
13479 22299 188
13682 28907 188
13962 19987 188
14592 17819 188
14855 35351 188
15480 22277 188
15640 28158 188
15941 29238 188
16116 30758 188
16218 42633 188
16820 47278 188
17099 21016 188
18389 41223 188
19037 36887 188
19705 36606 188
19935 27475 188
20093 40878 188
20155 27814 188
21128 45822 188
21570 27198 188
22031 26150 188
22300 36886 188
23686 45576 188
24088 37149 188
24211 31885 188
25858 44138 188
27648 46415 188
28599 33278 188
32116 49293 188
32169 49240 188
33535 42335 188
34483 44546 188
34579 42310 188
35628 38173 188
35678 37725 188
36129 40890 188
38278 43842 188
38312 44064 188
38521 49678 188
38848 40447 188
39069 41023 188
148 167 189
285 1981 189
310 22312 189
348 6555 189
450 18999 189
489 4757 189
672 798 189
676 2987 189
721 49925 189
1011 33726 189
1079 4034 189
1093 1260 189
1262 4214 189
1942 3116 189
1975 12651 189
1998 21856 189
2248 4281 189
2325 7332 189
2357 5413 189
2383 7229 189
2879 21647 189
3024 25425 189
3036 9754 189
3054 23725 189
3059 33625 189
3268 22601 189
3526 42859 189
3913 4252 189
4057 9136 189
4345 31909 189
4485 15081 189
4564 5927 189
4971 7593 189
5385 10352 189
5534 39601 189
5900 36394 189
5918 47748 189
6272 24530 189
6313 6427 189
7186 49765 189
7218 25614 189
7358 49488 189
8002 27785 189
8037 23562 189
8914 34598 189
9204 31638 189
9337 10869 189
9537 32551 189
9723 26554 189
9999 26082 189
10633 15786 189
10853 11876 189
11423 22491 189
12173 29507 189
12322 33628 189
12568 41425 189
12625 30622 189
12822 18248 189
13005 35740 189
13264 21692 189
13400 29838 189
13995 37673 189
14572 24702 189
15503 33466 189
15999 43871 189
16044 40807 189
16954 44254 189
17003 17773 189
17500 31326 189
17781 47298 189
18178 20835 189
19269 28911 189
19485 29041 189
19762 45918 189
20217 40058 189
20682 34779 189
21855 42079 189
23199 37733 189
23351 41567 189
23633 47990 189
23674 27487 189
24521 26419 189
25307 46641 189
26034 36360 189
27119 35729 189
27760 35108 189
27901 38674 189
28585 31744 189
28704 42680 189
28865 28944 189
29955 43973 189
30275 33675 189
30602 36263 189
31540 35081 189
32449 36999 189
32685 42127 189
34926 37121 189
36335 42661 189
37594 40979 189
38188 39049 189
38400 42613 189
39985 42823 189
43110 48934 189
44928 49085 189
45309 46672 189
118 27416 190
139 3735 190
194 588 190
605 2122 190
751 1705 190
839 34840 190
1194 39351 190
1248 6951 190
1541 2437 190
1553 8505 190
2286 6088 190
2455 14227 190
2551 17157 190
2853 16578 190
3292 15245 190
3531 21982 190
3635 47739 190
3734 39570 190
3800 7988 190
3927 21577 190
4020 6915 190
4404 20120 190
4495 8303 190
5209 33666 190
5279 23881 190
5841 47009 190
6147 37272 190
6622 32254 190
6804 43846 190
6830 17772 190
6935 31942 190
7197 20772 190
7391 37567 190
7405 11920 190
7932 14996 190
7932 27454 190
9291 44297 190
9515 21004 190
10132 11257 190
10143 17601 190
10591 43383 190
10758 39857 190
11230 39337 190
11531 33223 190
11891 14269 190
12437 22216 190
14782 34300 190
14807 17233 190
14921 26598 190
15022 16420 190
15067 16703 190
15749 31226 190
15801 42527 190
16177 20444 190
16269 29484 190
18224 20494 190
18272 22290 190
18334 26155 190
18908 42687 190
19166 20057 190
19222 45582 190
19796 23153 190
20325 28609 190
22264 23631 190
22643 28703 190
25141 28860 190
25313 34442 190
25437 25768 190
25539 32287 190
25550 46092 190
26381 30887 190
27456 40680 190
30116 39465 190
30182 47877 190
30246 41936 190
31408 44515 190
32235 42097 190
32411 45944 190
33882 46851 190
33903 36795 190
33911 46219 190
34714 36378 190
34789 41723 190
39182 46070 190
47020 48993 190
2 2401 191
52 102 191
161 13289 191
308 6424 191
479 1021 191
708 26661 191
769 5919 191
841 11373 191
972 34214 191
1045 2991 191
1274 15076 191
1315 7547 191
1434 13818 191
1506 28065 191
1665 2140 191
1814 46287 191
1829 8145 191
2084 6162 191
2112 10982 191
2601 27751 191
2943 19533 191
2999 30124 191
3188 4473 191
3289 35765 191
3312 10453 191
3743 41277 191
3953 26504 191
4115 4547 191
4391 4470 191
4585 9054 191
4681 6656 191
4793 46864 191
4883 15157 191
5055 47991 191
5339 19839 191
5508 27952 191
5633 21995 191
5855 9377 191
6005 7704 191
6027 9722 191
6282 16771 191
6334 40744 191
7051 40365 191
7464 24998 191
7483 15636 191
7492 32158 191
7943 48578 191
8509 21902 191
8531 39396 191
8660 48751 191
8768 23358 191
8832 29059 191
9138 27465 191
9151 27214 191
9371 13753 191
9494 40649 191
9783 10782 191
10469 46468 191
11061 18211 191
11215 13425 191
12269 14485 191
12551 34370 191
12606 14126 191
13485 19954 191
13888 30645 191
13929 20433 191
14274 16723 191
14588 19275 191
15267 42954 191
15351 19920 191
15753 37673 191
15936 45274 191
15970 34846 191
16207 47196 191
17275 21514 191
17953 47661 191
18610 37856 191
18769 48619 191
18880 39938 191
20114 48240 191
20487 46043 191
20706 30282 191
20710 25925 191
21125 32525 191
21167 37757 191
21374 42976 191
21809 29848 191
21952 48638 191
22396 46927 191
22459 41997 191
23979 31632 191
24405 24631 191
24602 33863 191
26132 31777 191
26651 27274 191
27504 44650 191
28451 41282 191
28669 37298 191
29623 47189 191
30060 30383 191
30083 39087 191
30353 36207 191
33223 48318 191
33761 37691 191
33775 35062 191
36418 42290 191
36812 47402 191
36988 42111 191
37240 41844 191
40737 46802 191
41035 46040 191
42564 43506 191
43154 45804 191
46568 47243 191
47676 49036 191
141 49048 192
147 837 192
263 2659 192
596 3830 192
719 1675 192
973 16038 192
1335 17994 192
2209 3192 192
2655 11300 192
2780 20952 192
2852 27107 192
3015 4623 192
3307 13008 192
3442 39473 192
3784 7282 192
3786 9261 192
3913 10600 192
4517 23720 192
4637 11127 192
4748 26405 192
4837 14985 192
4872 8190 192
5067 5368 192
5289 9341 192
5547 22395 192
6188 31881 192
6297 10131 192
6358 15949 192
6612 33288 192
6633 7775 192
7438 8377 192
8110 33873 192
8360 49895 192
8630 33190 192
8650 28397 192
8718 14733 192
9237 39566 192
9436 24797 192
9726 14517 192
10001 23779 192
10016 20662 192
10262 34518 192
10580 13727 192
10984 33510 192
11039 22173 192
11750 22334 192
12767 47775 192
13073 27391 192
13085 47192 192
13203 16569 192
13300 33695 192
13595 27726 192
15531 28942 192
16104 20758 192
16452 33737 192
17017 48093 192
17432 27427 192
17614 47262 192
18398 35149 192
18533 44759 192
19069 28422 192
19264 27912 192
19486 36130 192
19686 20861 192
19687 20067 192
19874 30764 192
21975 27472 192
23065 46113 192
23798 37745 192
24062 27078 192
27590 29738 192
27945 45999 192
28697 36614 192
29020 44403 192
32155 41745 192
32511 37353 192
33072 37389 192
33583 44052 192
33751 45209 192
35201 47532 192
36953 41151 192
37156 38185 192
37599 38955 192
38689 39578 192
28 10464 193
96 8506 193
298 23852 193
548 27255 193
832 37488 193
909 37918 193
934 4537 193
1050 28461 193
1091 12704 193
1119 46495 193
1213 11304 193
1534 2580 193
1695 44354 193
1823 3954 193
1916 13178 193
2169 10960 193
2194 6748 193
2347 3597 193
2491 26397 193
2587 9459 193
2695 26277 193
2751 6634 193
2927 27703 193
2963 38374 193
3233 22618 193
3485 11209 193
3967 16530 193
4081 5621 193
4246 13057 193
4391 40064 193
4675 35512 193
4843 16148 193
5661 35582 193
5784 10849 193
6621 9816 193
6823 9417 193
7041 14438 193
7263 7789 193
8287 44464 193
8445 11538 193
8631 20885 193
8771 21585 193
9073 24950 193
9097 48192 193
9382 12712 193
9981 22667 193
10350 36786 193
10905 32257 193
10967 42392 193
11435 33375 193
11821 32971 193
11967 17812 193
11998 31265 193
12005 28893 193
12436 17886 193
12964 17992 193
13338 14919 193
13539 41554 193
15449 37044 193
15509 48074 193
15982 43595 193
16093 25553 193
16769 29062 193
16945 31378 193
17193 33717 193
17209 30805 193
17817 18151 193
19254 38632 193
19741 28599 193
20196 36874 193
20446 31293 193
20845 24132 193
21376 44350 193
23143 42272 193
24211 44260 193
25900 41725 193
26434 30899 193
27569 48761 193
27623 30813 193
27855 36864 193
28072 37257 193
28182 35652 193
28891 31048 193
29691 40582 193
30120 43229 193
30808 34240 193
32061 38351 193
32449 44875 193
35573 47497 193
38642 46239 193
39225 47814 193
40227 44644 193
40648 49129 193
44533 47009 193
188 27426 194
279 13589 194
395 14221 194
450 5581 194
966 5751 194
1236 4461 194
1253 40229 194
1366 28793 194
1367 30021 194
1375 33159 194
1538 7961 194
2131 6102 194
2455 5768 194
3038 43136 194
3376 41478 194
3449 3611 194
3830 5875 194
3918 21540 194
4178 18017 194
4348 16999 194
4497 33224 194
4698 28713 194
4966 5104 194
4999 17981 194
5489 42061 194
5785 6070 194
6458 9279 194
6459 25494 194
6542 27302 194
6617 46904 194
7220 25228 194
7395 29942 194
7432 44537 194
8126 31910 194
8307 16577 194
8511 9158 194
9129 19979 194
9250 9901 194
9393 31753 194
9472 19130 194
9513 16038 194
9616 37273 194
10186 48461 194
10330 38296 194
10871 17727 194
11455 29673 194
11464 15511 194
12961 14901 194
13994 25333 194
14830 34490 194
14980 22630 194
15001 24599 194
15243 45579 194
15375 49680 194
16008 33228 194
16792 39244 194
16797 17287 194
17898 35934 194
17933 18654 194
19352 25456 194
19596 37239 194
19971 46891 194
20277 28112 194
21324 25250 194
21473 45511 194
23697 49077 194
23853 47422 194
24136 42582 194
24289 32232 194
24550 29672 194
26835 38375 194
26895 38040 194
27198 45191 194
28265 31795 194
28952 46872 194
32069 43394 194
32928 48069 194
34000 38683 194
34034 45016 194
35815 43647 194
36207 46363 194
36491 37559 194
37122 37713 194
39449 44419 194
41342 45857 194
41708 46508 194
42451 46418 194
45147 47112 194
45221 49338 194
21 72 195
35 7620 195
121 932 195
164 7760 195
265 3163 195
304 17349 195
541 1082 195
726 2802 195
732 47133 195
1000 1783 195
1122 18998 195
1191 2397 195
1354 33769 195
1488 15791 195
1709 15858 195
1729 18588 195
2184 32836 195
2250 15288 195
2255 6708 195
2728 24719 195
2779 10496 195
2928 45531 195
3017 30788 195
3193 32213 195
3465 20566 195
4425 26469 195
4669 9359 195
4907 24030 195
4925 6728 195
5064 16540 195
5370 13591 195
5534 48251 195
5657 34594 195
5669 12828 195
6147 27713 195
6192 44774 195
6571 41427 195
6575 47192 195
7108 20147 195
7847 8276 195
8394 13974 195
8577 20052 195
8658 21230 195
8757 13600 195
9055 13333 195
9770 31340 195
10352 45627 195
10561 22391 195
10883 41633 195
11565 14240 195
11759 27102 195
12016 45208 195
12558 19620 195
12582 13230 195
12898 27299 195
13914 47854 195
13945 14389 195
14318 27129 195
14460 28339 195
15102 17055 195
15464 15726 195
15824 34023 195
17445 43492 195
17985 30207 195
18237 19144 195
19904 34029 195
19936 43139 195
20467 25512 195
20548 40775 195
21229 38037 195
21676 24594 195
22247 37322 195
22257 45078 195
23567 36936 195
24928 39997 195
25057 48730 195
25576 26690 195
25947 48311 195
26857 28827 195
27032 32178 195
28102 47270 195
28868 42907 195
29394 36259 195
30116 48944 195
33708 41993 195
33909 37653 195
34774 38593 195
34986 43187 195
35107 47968 195
38320 49125 195
38380 40935 195
38583 39718 195
38633 42420 195
42890 49298 195
43999 47321 195
45076 49216 195
47405 49649 195
143 23088 196
278 25968 196
292 855 196
340 18577 196
559 1131 196
829 9019 196
1092 14125 196
1130 1301 196
1296 23790 196
1354 12800 196
1368 14979 196
1480 36297 196
1614 13247 196
1647 8032 196
1653 2998 196
1688 15213 196
1748 8073 196
1847 3776 196
1861 4053 196
1971 11297 196
2303 41348 196
2324 14320 196
2490 26317 196
2666 26175 196
2680 2963 196
3721 25558 196
4246 17797 196
4379 7119 196
4515 14082 196
4757 24954 196
4997 41296 196
5123 38390 196
5330 15427 196
5416 17742 196
5821 25052 196
6095 43290 196
6113 16253 196
6181 25321 196
6474 21215 196
6474 25256 196
6565 11468 196
7143 16882 196
7467 15295 196
7848 13784 196
7954 18753 196
8276 9188 196
8291 19773 196
8457 34380 196
8515 30904 196
8849 38553 196
9480 45086 196
9651 25445 196
10433 12745 196
10688 12056 196
10733 31473 196
13735 30342 196
14036 45105 196
14663 20768 196
14696 48761 196
14758 37425 196
15109 48450 196
15339 24106 196
15504 15652 196
15968 23773 196
16222 27052 196
16692 23738 196
18371 36874 196
18389 26819 196
18760 22838 196
19133 44420 196
19347 25029 196
19390 20134 196
19733 40770 196
20772 49387 196
20973 36618 196
21314 24904 196
21718 29315 196
22677 43883 196
23049 34113 196
23321 31100 196
23357 42817 196
23820 37536 196
25060 49732 196
25728 43130 196
27263 44293 196
28669 28932 196
28838 31024 196
28890 49710 196
29121 34091 196
29695 36589 196
29775 42833 196
30472 49879 196
33773 38053 196
35609 37709 196
35798 35965 196
35868 47227 196
35913 39100 196
36483 48748 196
38488 38766 196
40643 49662 196
41444 44190 196
41509 47695 196
41943 43539 196
44476 45373 196
45834 47990 196
327 5707 197
383 4535 197
511 19120 197
566 2786 197
585 2883 197
690 7199 197
878 15753 197
895 11433 197
912 28156 197
1154 3415 197
1218 2844 197
1448 30777 197
1514 13000 197
1539 44187 197
1578 12138 197
1664 3937 197
1829 43043 197
1924 25769 197
2907 47921 197
3068 8348 197
3082 18492 197
3332 15041 197
3838 18187 197
3855 33556 197
4099 39755 197
4349 28552 197
4569 7078 197
4825 43936 197
4936 35100 197
4959 34713 197
5481 23819 197
5549 14891 197
5940 9864 197
6141 28822 197
6520 11690 197
6572 18418 197
6781 16621 197
7028 35603 197
7224 11296 197
7262 17351 197
8105 8319 197
8489 43928 197
8730 43354 197
8960 19555 197
8964 43306 197
9271 37083 197
10023 20450 197
10198 45633 197
11299 15371 197
11562 18429 197
11637 43351 197
11965 34573 197
12435 33239 197
14504 46149 197
14779 33054 197
15248 32527 197
15258 44357 197
16195 45188 197
16583 36055 197
16944 41869 197
17240 43755 197
17319 23647 197
18625 38598 197
19395 49908 197
19693 23063 197
19718 32885 197
19839 39004 197
19889 44981 197
20495 25999 197
20627 44111 197
22269 34531 197
22500 44505 197
22522 49475 197
23708 31358 197
23830 35839 197
24158 25770 197
26073 37397 197
26141 38258 197
26323 27212 197
26335 28003 197
26439 47902 197
26925 41832 197
27272 39057 197
27309 32657 197
27925 31905 197
29972 48274 197
30026 37410 197
30979 31655 197
31076 44060 197
31303 33495 197
31529 41361 197
32955 36810 197
33885 37518 197
35924 37948 197
36445 48825 197
37191 47049 197
37571 40437 197
38448 46292 197
38664 44595 197
39493 40204 197
40136 42488 197
40687 45965 197
42550 43957 197
120 37723 198
285 21727 198
313 1755 198
425 2865 198
466 3504 198
758 765 198
847 11778 198
1066 21029 198
1639 35857 198
1841 22282 198
1917 22654 198
2332 39487 198
2733 44130 198
2748 25417 198
2828 33784 198
2879 13131 198
2898 43712 198
2989 46426 198
3213 3323 198
3343 8509 198
3685 38187 198
4504 20982 198
4562 5301 198
4713 6897 198
4843 5072 198
4909 7905 198
5499 15246 198
5715 24965 198
5914 8502 198
5938 16992 198
5992 30606 198
6055 10020 198
6223 8803 198
6409 11177 198
6455 8092 198
7538 19485 198
7835 26158 198
7978 27167 198
8603 47753 198
8637 15765 198
9162 16743 198
9868 34743 198
9971 36039 198
10206 23476 198
10647 14387 198
11037 48076 198
11165 44868 198
12275 49109 198
12615 17607 198
12811 13880 198
12878 20279 198
12931 44333 198
13051 16235 198
13250 21710 198
13922 49859 198
14204 18045 198
15065 24211 198
15527 40405 198
16083 20528 198
16319 22009 198
16408 28603 198
16518 36202 198
17229 19248 198
17913 39977 198
18626 40257 198
18739 22921 198
18740 36168 198
20974 22046 198
21203 49506 198
21455 41806 198
21821 33742 198
22518 49013 198
22599 24502 198
22949 30233 198
23440 43073 198
23624 47832 198
23705 25426 198
23992 32424 198
24080 31144 198
24139 33558 198
27166 46668 198
27201 33301 198
27216 27675 198
27446 31405 198
27529 31058 198
27580 27703 198
28074 41475 198
28134 47832 198
29213 45656 198
32258 35420 198
33425 34472 198
34312 40435 198
37062 45696 198
37079 48703 198
37983 48517 198
38464 40417 198
38544 38708 198
38571 43153 198
39858 48052 198
42503 49406 198
43357 44662 198
45637 49834 198
46032 48248 198
48411 49889 198
150 381 199
161 44052 199
205 45581 199
361 20989 199
473 29440 199
695 38234 199
770 1959 199
831 17033 199
1134 6262 199
1191 2487 199
1487 20379 199
1576 48190 199
2364 21629 199
2412 2673 199
2859 7545 199
3269 4532 199
3422 36650 199
3774 13572 199
4012 12422 199
4281 20668 199
4317 48380 199
4325 13022 199
4540 46101 199
4885 6940 199
5733 8146 199
5884 7559 199
5932 14676 199
6439 32899 199
6912 7233 199
7132 37837 199
7448 16939 199
7631 36336 199
7664 44965 199
7707 34943 199
8057 8474 199
8348 41752 199
8564 12579 199
9134 42150 199
9201 37167 199
9254 34841 199
9544 28159 199
9584 29013 199
9648 22233 199
9706 15623 199
10098 40532 199
10136 15271 199
10798 49845 199
11362 27368 199
11810 17257 199
11985 13547 199
12514 34496 199
12628 18364 199
12659 19980 199
12721 24146 199
13235 49543 199
14188 15042 199
14317 17479 199
14701 47604 199
14968 35347 199
15072 19761 199
15596 16487 199
15948 19578 199
16105 42645 199
16312 33343 199
16411 35019 199
16513 22358 199
16900 29252 199
17050 35772 199
17055 39110 199
17128 17243 199
17703 26723 199
18016 21334 199
18221 49899 199
18501 37137 199
18583 40889 199
19576 29798 199
19588 30418 199
20777 34176 199
20817 26541 199
20834 21824 199
21391 30651 199
21566 23409 199
24435 37988 199
24968 44531 199
26168 33073 199
27098 27511 199
27397 39036 199
28357 35208 199
28954 45703 199
30619 34237 199
31072 45646 199
32849 40297 199
33167 48664 199
34644 48461 199
37021 41467 199
37163 44815 199
38606 46013 199
38669 49527 199
42750 42800 199
44911 48753 199
46407 47411 199
34 27380 200
166 181 200
326 1170 200
717 6755 200
839 2768 200
934 46766 200
1217 8804 200
1362 8016 200
1524 25354 200
1569 11500 200
1727 43258 200
2011 35161 200
2020 13692 200
2415 4299 200
3111 4018 200
3222 6492 200
3284 7289 200
3340 13561 200
3381 20594 200
3560 6150 200
3636 41419 200
3793 13083 200
3796 18316 200
3810 28131 200
3851 37856 200
4287 13056 200
4390 6676 200
4491 6486 200
4689 6154 200
4731 37347 200
4855 12874 200
4921 36536 200
5247 28567 200
5317 12461 200
5983 29452 200
6423 40615 200
6560 23214 200
7537 21254 200
7779 14908 200
8053 47177 200
8567 37481 200
8976 10535 200
9172 21634 200
9398 12076 200
9465 40924 200
9571 19126 200
9790 44926 200
10361 34886 200
10403 22428 200
10560 14115 200
10756 29838 200
11270 15940 200
11915 37670 200
11926 24601 200
12043 23522 200
12053 27684 200
12368 15494 200
12655 34780 200
12894 38927 200
13399 22181 200
13461 19434 200
13853 36092 200
13977 29023 200
14742 34096 200
14832 24276 200
15117 31882 200
15200 21522 200
15585 43766 200
15910 25385 200
16073 28261 200
16701 39293 200
18950 49752 200
20165 27145 200
20465 48025 200
20700 33879 200
21558 23209 200
22185 34676 200
22483 31038 200
22588 44435 200
22758 47331 200
23508 30364 200
23852 44397 200
23866 34088 200
24516 45758 200
24570 31672 200
24954 45137 200
24984 36002 200
26053 27323 200
27575 37827 200
28290 34555 200
28989 47905 200
29943 46877 200
29946 42519 200
30257 30322 200
31976 43548 200
32078 38139 200
32469 33161 200
33519 45751 200
34216 42887 200
34620 48314 200
34667 37904 200
35800 47048 200
38411 40995 200
38827 39203 200
42125 45007 200
44572 45964 200
44808 48000 200
3 1647 201
111 25151 201
144 17131 201
407 11167 201
489 20141 201
532 47206 201
614 4938 201
1018 16870 201
1115 25290 201
1370 2189 201
1507 2588 201
1558 29340 201
1894 26695 201
1930 2399 201
2116 23333 201
2404 4222 201
2621 5554 201
2743 21250 201
2775 14630 201
2854 38213 201
2956 6168 201
3220 13375 201
3785 17092 201
3811 5178 201
4198 25004 201
4360 25709 201
4394 4432 201
5042 40781 201
5069 15041 201
5335 7787 201
5714 21929 201
6685 48232 201
6718 20211 201
6987 32109 201
7221 40771 201
7401 37138 201
7602 39020 201
7741 29903 201
7931 31277 201
8057 24648 201
8344 13125 201
8375 12883 201
8594 20831 201
8876 49913 201
9397 33382 201
10423 48458 201
10669 34508 201
10747 31409 201
10795 41438 201
10969 33077 201
12002 49896 201
12081 41565 201
12325 12975 201
12432 14480 201
12492 42933 201
12907 28186 201
13275 13756 201
13535 19056 201
13725 44925 201
14605 14631 201
15617 24258 201
16285 19638 201
16347 18314 201
16674 39543 201
16742 21331 201
17030 19631 201
17102 20915 201
17292 30739 201
17589 29721 201
17679 47201 201
17744 43308 201
18032 26446 201
19435 49363 201
19983 40061 201
21048 37915 201
21763 23297 201
21788 43319 201
22335 26277 201
23588 48628 201
25315 34483 201
25562 48714 201
26374 33624 201
28450 46233 201
28602 36559 201
30365 45965 201
31487 39146 201
31779 45913 201
32173 38135 201
32327 35284 201
33319 35267 201
34208 36098 201
37613 42786 201
38529 48397 201
39005 45501 201
40997 44877 201
42956 48268 201
211 656 202
1132 16813 202
1199 49097 202
1214 6590 202
1296 10315 202
1476 4025 202
2558 2790 202
2698 21507 202
2846 9191 202
3277 5670 202
3540 46211 202
3698 8867 202
4109 4487 202
4446 24775 202
4712 7493 202
5067 38363 202
5104 25274 202
5170 24689 202
5490 5872 202
5677 28927 202
5894 29700 202
6014 6918 202
6061 32635 202
6102 24180 202
6112 38255 202
6472 24485 202
6634 33899 202
6817 46187 202
6896 27151 202
7063 14440 202
7216 27597 202
7593 23125 202
7736 9265 202
8693 9004 202
9308 21638 202
10101 13730 202
10978 21308 202
11891 40119 202
12038 48395 202
12508 31462 202
12666 45611 202
12970 17343 202
13438 21854 202
13613 25727 202
14024 32780 202
14492 39797 202
15241 38430 202
15518 29319 202
15907 28431 202
15922 26860 202
15963 28456 202
16257 48362 202
16942 27618 202
17380 38350 202
17908 39240 202
17919 19377 202
18005 47294 202
18574 35585 202
18624 34844 202
18643 35339 202
19027 20206 202
19703 23706 202
19735 23113 202
20051 30810 202
20193 27648 202
21613 29852 202
21883 27426 202
22501 41906 202
22589 43820 202
23166 42053 202
23325 34202 202
24198 24458 202
24398 45796 202
24443 38937 202
25558 33292 202
26714 45586 202
28072 41301 202
30023 34976 202
30962 46573 202
31212 31576 202
31935 44280 202
33423 39696 202
33555 40431 202
34132 47217 202
34912 39692 202
37578 47841 202
38039 40492 202
38196 45307 202
39878 46992 202
40922 44018 202
41290 49993 202
220 36828 203
249 2422 203
341 6149 203
429 1126 203
440 5640 203
704 2237 203
774 41239 203
812 38537 203
873 7552 203
1211 2273 203
1314 1692 203
1401 2518 203
1689 2887 203
2142 38184 203
2206 45387 203
2760 17209 203
3090 46079 203
3172 3537 203
3263 47411 203
3294 3409 203
3377 44407 203
3385 4761 203
3549 49773 203
4327 6969 203
4370 12676 203
4458 6473 203
4481 25176 203
4883 45962 203
4963 20863 203
5098 15693 203
5739 30534 203
6093 20311 203
6428 26409 203
6475 37682 203
6735 17645 203
7903 42900 203
8058 21877 203
8549 25141 203
8711 30109 203
8760 30258 203
8954 39599 203
8995 27099 203
9975 47145 203
10217 46412 203
10339 37264 203
10368 12465 203
10724 47073 203
11141 15309 203
11151 35120 203
11326 32398 203
11606 14748 203
11639 43174 203
11917 31795 203
12076 28788 203
12276 42167 203
12376 26099 203
12535 28898 203
12593 41735 203
13194 49166 203
13279 13957 203
13876 29020 203
15381 15640 203
16256 16455 203
16431 49313 203
16681 25197 203
16928 43731 203
17488 41814 203
17729 33631 203
18075 43502 203
19438 28582 203
20610 38142 203
20653 47288 203
21464 23749 203
21576 26334 203
22064 28412 203
22332 25149 203
23391 25082 203
23409 33198 203
23798 45659 203
24093 28923 203
24348 39542 203
24819 46264 203
24843 33881 203
24978 48239 203
25067 30148 203
25298 44751 203
25915 27077 203
25978 41726 203
27370 49057 203
27821 43653 203
29230 34416 203
29876 47329 203
30336 38467 203
31060 42589 203
31202 35262 203
31942 49529 203
32240 42380 203
32462 48606 203
32930 37019 203
32977 36944 203
34717 47964 203
35664 44661 203
36088 39117 203
36392 47113 203
38673 38994 203
39819 44444 203
40230 45834 203
41260 47099 203
41516 49909 203
297 6236 204
345 1593 204
507 44015 204
575 6486 204
671 30768 204
946 12514 204
955 1805 204
1909 8270 204
1998 36329 204
2007 46192 204
2627 21793 204
2867 11090 204
2995 37460 204
3040 18352 204
3075 12779 204
3311 15050 204
3508 43456 204
3751 4043 204
4017 9501 204
4055 40045 204
4164 12522 204
4371 30658 204
4589 37071 204
4746 45496 204
4858 35658 204
5239 5999 204
5471 31964 204
5561 24296 204
5808 37454 204
6226 7448 204
6563 23766 204
6727 38271 204
7043 9436 204
7088 16074 204
7572 13801 204
7719 20372 204
8512 17400 204
8599 15918 204
8869 37305 204
8909 25418 204
8956 22020 204
9283 33183 204
10303 25224 204
10928 43374 204
11114 35278 204
11133 12437 204
11171 11269 204
11594 37388 204
11752 13144 204
11768 36136 204
12188 20140 204
12280 31878 204
12385 41560 204
12494 49620 204
13119 25466 204
13454 38432 204
13471 23550 204
13813 35312 204
13905 17246 204
17962 46858 204
18524 38486 204
19036 27588 204
19908 49669 204
21209 34251 204
21805 44688 204
22011 34500 204
22013 37593 204
22889 43586 204
23561 29422 204
23672 27995 204
23980 49633 204
24766 27285 204
24861 31954 204
24930 38185 204
24941 30798 204
25049 32721 204
25054 34033 204
25243 27455 204
25328 39956 204
25457 44634 204
26683 38929 204
27098 39746 204
27365 40523 204
28374 33293 204
29270 37839 204
29932 47822 204
30619 33176 204
30676 46079 204
32111 44074 204
32443 35237 204
33045 41243 204
35546 41076 204
35638 36678 204
37092 42830 204
38569 48829 204
42095 47879 204
43276 45572 204
43752 46629 204
47266 48787 204
48674 49948 204
12 1050 205
301 1177 205
396 35457 205
487 1722 205
588 30412 205
1069 3168 205
1096 3529 205
1149 19032 205
1450 9072 205
1690 32203 205
1726 26429 205
1829 22274 205
1896 22919 205
2081 42224 205
2107 18051 205
2645 3442 205
2681 24102 205
2909 42879 205
2993 12180 205
3084 5271 205
3527 39816 205
3702 9850 205
4088 13652 205
4098 43606 205
4142 49440 205
4231 49616 205
4300 10760 205
4402 43049 205
4645 11050 205
5094 5635 205
5106 27411 205
5410 13344 205
5494 11085 205
5538 6387 205
5560 28048 205
6182 40138 205
6778 16737 205
7271 13674 205
7562 21244 205
7631 17896 205
8017 39180 205
9037 26737 205
9212 33071 205
9294 31359 205
9348 36224 205
9362 28953 205
9800 22445 205
10087 21999 205
10247 29141 205
10275 24778 205
10338 44103 205
10471 17743 205
10559 34175 205
10580 35510 205
10623 38458 205
10776 11896 205
11128 34858 205
11298 43004 205
11327 17658 205
11446 26050 205
11619 47319 205
11774 45779 205
11951 21569 205
12254 28870 205
12255 17615 205
12349 31960 205
12736 36995 205
12752 27776 205
13235 14290 205
13741 14782 205
13750 19784 205
13799 40922 205
13804 20095 205
13842 28296 205
13904 40237 205
14570 23273 205
15172 32039 205
17128 18501 205
17956 39860 205
18084 23512 205
18207 20232 205
18368 19645 205
18805 41069 205
18857 27796 205
19090 31177 205
19306 26986 205
19446 24927 205
19803 31731 205
19997 42313 205
20310 45036 205
20857 22475 205
20926 39657 205
21315 42610 205
22092 27418 205
23278 29225 205
23410 40820 205
23861 25271 205
25743 44212 205
27668 31533 205
27751 30039 205
29087 49384 205
30333 37297 205
30429 43369 205
32128 40495 205
33144 40401 205
33470 43542 205
34132 41385 205
34151 45896 205
34458 48765 205
34559 39212 205
36005 42758 205
37892 42023 205
38454 48111 205
39351 42724 205
41209 42461 205
44378 49496 205
48009 49969 205
234 453 206
423 608 206
789 2996 206
891 7498 206
1257 2229 206
1597 12989 206
1625 6667 206
1695 25473 206
1730 10097 206
1973 18229 206
2191 2363 206
2199 23922 206
2220 6246 206
2435 49443 206
2499 44948 206
2521 2999 206
2646 27128 206
2744 30018 206
2771 6502 206
3063 5578 206
3100 44805 206
3281 12855 206
3462 4481 206
3633 31770 206
3807 36779 206
3908 14284 206
4249 7123 206
4280 16666 206
4582 44952 206
4636 10763 206
4710 38017 206
4964 35747 206
5090 26417 206
5118 21032 206
6717 7297 206
7163 33052 206
7255 29186 206
7466 38102 206
7825 12395 206
7875 37528 206
7962 29271 206
8177 47998 206
8507 9329 206
8655 10234 206
8685 28216 206
8690 20785 206
8765 15401 206
9396 32358 206
9443 41893 206
10453 23195 206
10783 16723 206
10808 32929 206
10823 47562 206
11146 24509 206
12059 14448 206
12465 39812 206
12631 41345 206
13454 15782 206
14197 19237 206
15932 19776 206
16833 41676 206
16943 32773 206
17131 45550 206
17991 36916 206
18201 30570 206
18272 22112 206
18337 36556 206
18465 41831 206
18569 47238 206
19393 21920 206
19686 28387 206
22233 29843 206
22965 45025 206
24123 29097 206
24187 42092 206
25463 45414 206
25911 43660 206
26147 32322 206
26676 33045 206
26995 44544 206
27224 48737 206
27840 44408 206
28007 28984 206
28163 48521 206
28517 29099 206
29467 29862 206
29927 37549 206
30422 49815 206
32629 41376 206
34981 45596 206
35283 44858 206
37256 45500 206
39408 47512 206
43043 44697 206
44515 49139 206
55 6966 207
186 247 207
866 1218 207
1217 28384 207
2146 33977 207
2150 4881 207
2592 20048 207
2838 31689 207
2894 3873 207
3434 28807 207
3490 6746 207
3553 37335 207
3782 22925 207
3826 15943 207
4179 30953 207
4439 48123 207
4602 13203 207
5091 10426 207
5408 42983 207
5413 33784 207
5910 28976 207
6040 21467 207
6080 7098 207
6119 6374 207
6294 30962 207
6319 7492 207
6473 30160 207
6550 18064 207
6638 27985 207
6979 10306 207
7026 17972 207
7557 8701 207
7708 41639 207
9889 28033 207
10093 47466 207
10216 36103 207
10476 28007 207
10690 12129 207
10766 17857 207
10893 34634 207
11389 27633 207
11419 42403 207
11780 15728 207
12732 47632 207
12813 47302 207
12839 29588 207
12841 17537 207
14113 26229 207
14201 34679 207
16369 24507 207
16716 44895 207
16767 18214 207
16953 40080 207
17534 46339 207
18268 26779 207
18333 37402 207
18994 29932 207
19802 30378 207
19875 37530 207
20054 35029 207
20118 47873 207
20208 25481 207
20470 31612 207
20685 29686 207
21827 42706 207
22328 22444 207
22964 48262 207
23278 23653 207
23696 37842 207
23935 37305 207
25244 40846 207
25887 45022 207
28812 31026 207
30255 47879 207
30897 41810 207
31145 35897 207
31282 47041 207
31548 48868 207
31723 43766 207
31880 41744 207
34048 39995 207
34445 45020 207
35030 38232 207
38288 43006 207
38922 44976 207
39272 48010 207
41010 45906 207
41800 48040 207
42368 49697 207
44184 45456 207
48095 49693 207
235 1326 208
599 2697 208
695 879 208
1095 36337 208
1202 11513 208
1312 29693 208
1722 45359 208
1762 45733 208
1901 2335 208
1952 4674 208
2259 30701 208
2278 15834 208
2852 5663 208
3143 4973 208
4083 14517 208
4184 7350 208
4703 46267 208
4726 5436 208
4869 41153 208
5126 17614 208
5179 19757 208
5330 26631 208
5421 10690 208
5527 25319 208
6221 14426 208
6222 10520 208
6240 16622 208
6279 9935 208
6298 39190 208
6437 43401 208
8023 42894 208
8432 9883 208
8590 48102 208
8929 9174 208
10700 48894 208
10802 46043 208
11238 21411 208
11275 12182 208
11694 15932 208
13012 41698 208
13050 47639 208
13477 21541 208
14618 43865 208
14634 23553 208
14653 34759 208
15156 21774 208
16365 16569 208
16368 26849 208
16448 29515 208
16776 36989 208
16783 41747 208
16809 19087 208
16951 25561 208
17277 43086 208
17310 18673 208
17826 20202 208
18813 28242 208
18854 23875 208
19537 42775 208
19696 31103 208
19823 27516 208
20990 37338 208
22402 25090 208
22975 27045 208
23766 32082 208
24157 24823 208
24499 25915 208
24835 49166 208
25114 43170 208
25789 29984 208
25808 41279 208
26134 41627 208
26167 35388 208
27622 28679 208
28221 33991 208
28287 44726 208
29412 37992 208
29935 47249 208
30121 37461 208
30529 34849 208
30646 37526 208
32196 34691 208
35032 44318 208
36000 43836 208
36125 42933 208
37658 49501 208
38606 44785 208
42151 44742 208
44010 47991 208
44133 44790 208
45459 46249 208
106 342 209
243 23169 209
309 4951 209
566 46100 209
941 945 209
1013 2158 209
1256 12400 209
1261 1286 209
1284 1358 209
1407 4829 209
1706 21093 209
2331 19545 209
2444 28888 209
2698 3517 209
2738 17162 209
2920 5666 209
3521 5539 209
3595 43446 209
3782 18785 209
3951 20580 209
3959 24260 209
4304 4400 209
4315 28319 209
4364 21705 209
4778 14832 209
4813 32119 209
4854 21685 209
5152 18456 209
5181 9539 209
5236 29381 209
5415 10831 209
5552 47532 209
5825 8312 209
6370 46671 209
6487 24182 209
6661 49731 209
7089 25526 209
7326 24411 209
7582 39137 209
7684 10264 209
8342 44528 209
8386 47005 209
8929 25704 209
9169 14876 209
9638 15315 209
9666 32435 209
9773 16382 209
9818 19072 209
10026 10884 209
10058 17173 209
10113 24387 209
10370 34311 209
10508 25485 209
10548 20694 209
10575 24033 209
10796 30188 209
11187 19799 209
11219 35237 209
11228 33950 209
11403 28058 209
11457 48149 209
12043 17034 209
12643 30021 209
12954 15899 209
12989 30944 209
13231 15779 209
13547 28107 209
14252 21092 209
14534 18426 209
14862 44231 209
15138 48032 209
15751 46762 209
16484 34720 209
16681 43343 209
16797 19002 209
17265 40111 209
17589 41933 209
18059 22623 209
18314 30089 209
18821 41140 209
19412 36539 209
19508 37223 209
19533 49837 209
19846 33884 209
19889 44980 209
20349 37934 209
20599 39687 209
20614 41581 209
20680 41208 209
20999 45250 209
21217 48152 209
21621 32379 209
22406 29188 209
22861 37105 209
23465 40589 209
23549 43413 209
24028 28920 209
24464 47924 209
24879 43899 209
25176 25815 209
25535 32786 209
26512 42255 209
26768 42839 209
26828 39897 209
29693 32255 209
30039 41221 209
30157 40967 209
33856 48408 209
34003 46182 209
34560 47477 209
34977 40994 209
35049 44856 209
35177 45016 209
36277 44324 209
36340 45263 209
40885 45243 209
8 8522 210
43 13752 210
138 249 210
211 260 210
287 6396 210
570 5365 210
688 25075 210
908 6482 210
924 3944 210
973 1080 210
1440 24392 210
2176 29085 210
2506 6969 210
2683 31082 210
2833 13461 210
3133 35897 210
3217 11345 210
3289 37080 210
3334 5290 210
3492 32309 210
3884 46217 210
3929 6578 210
4134 39578 210
4307 5262 210
4362 47379 210
4587 11447 210
4681 24296 210
4860 29287 210
5549 30533 210
5713 8598 210
6451 8891 210
6579 22997 210
6884 26874 210
6986 45738 210
7016 9941 210
7316 12562 210
7359 24866 210
7582 45993 210
7715 31804 210
7908 8977 210
8076 8127 210
8165 30338 210
8686 30007 210
8731 38795 210
9198 9678 210
10067 11541 210
10445 32084 210
10629 14192 210
10828 14739 210
11018 47275 210
11231 15631 210
11600 48479 210
11696 19740 210
11924 35579 210
12382 12961 210
12467 42482 210
12583 18887 210
12856 48036 210
13414 22431 210
14063 43470 210
14316 41340 210
14739 29418 210
14918 44115 210
15009 49784 210
15084 17223 210
15520 29398 210
15624 44656 210
15804 33050 210
16048 31114 210
16538 30862 210
16578 27475 210
17237 43816 210
19067 21392 210
19436 37149 210
20256 37745 210
20575 49779 210
21057 23696 210
21105 42709 210
21134 21464 210
21777 32715 210
22043 37431 210
22462 36972 210
23190 41945 210
24835 27079 210
25609 25821 210
26275 48212 210
26293 32538 210
27482 34460 210
28133 28611 210
28537 30929 210
28898 29102 210
31375 44257 210
33518 47632 210
34943 48245 210
35976 44904 210
36349 38940 210
37180 40090 210
37311 47489 210
37389 43632 210
38940 49685 210
41556 48260 210
41564 43425 210
42886 48357 210
43098 48313 210
44530 48759 210
45334 45530 210
45746 47007 210
66 407 211
201 32712 211
277 402 211
305 13539 211
522 4946 211
890 9040 211
948 8810 211
961 3470 211
1007 7153 211
1046 12803 211
1498 2854 211
1728 6245 211
1984 3603 211
2054 46007 211
2118 45009 211
2240 34128 211
2347 23848 211
2756 27723 211
3136 35118 211
3231 41426 211
3320 5394 211
3348 5088 211
3378 11032 211
3741 4604 211
3802 5149 211
4052 16619 211
4158 49664 211
4215 40018 211
4489 30268 211
5278 18074 211
5331 12335 211
5418 27716 211
5723 24485 211
5764 44137 211
5779 18734 211
6026 9934 211
6606 13295 211
6679 12838 211
6857 20156 211
6873 35194 211
7145 25283 211
7183 34909 211
7190 18698 211
7349 33928 211
7594 20715 211
8280 39054 211
8307 37697 211
8427 26186 211
8431 48250 211
8604 8643 211
8699 44460 211
8911 42274 211
9542 37244 211
10631 25785 211
10682 18112 211
10814 28476 211
10930 33428 211
11124 15812 211
11134 12948 211
11707 47651 211
11875 12684 211
12444 30805 211
12466 17454 211
14082 28495 211
15550 34241 211
16244 18917 211
16272 45971 211
17441 26343 211
17649 25153 211
18255 48700 211
18613 28605 211
19855 32267 211
20048 26453 211
21763 28995 211
22118 37154 211
22292 48882 211
22738 45408 211
22931 42678 211
23797 33343 211
25021 48919 211
26562 41146 211
26984 48168 211
28529 44399 211
29380 47309 211
30796 32730 211
31638 38336 211
32221 32446 211
32421 40434 211
33075 38379 211
35361 36132 211
36113 43495 211
36794 48244 211
37245 46893 211
38109 42368 211
38157 45046 211
7 22572 212
301 25017 212
379 5179 212
579 12338 212
675 5811 212
733 2061 212
786 4655 212
811 17447 212
833 10365 212
1001 42188 212
2102 8305 212
2211 19374 212
2269 12079 212
2803 18437 212
2974 3902 212
4527 11311 212
4712 31908 212
4964 22393 212
5125 42238 212
5373 10783 212
5510 32960 212
5710 8172 212
5914 29126 212
6006 21570 212
6533 21597 212
6646 32583 212
7194 35746 212
7319 44258 212
7397 19486 212
7998 43655 212
8002 36634 212
8539 16180 212
9228 37568 212
9456 19770 212
9481 31925 212
9811 17841 212
11067 12772 212
11068 48417 212
11123 19953 212
11294 14939 212
11338 31863 212
11482 24870 212
12290 26324 212
12445 49444 212
12698 38778 212
13043 16308 212
13082 40771 212
13092 17384 212
13739 23519 212
13997 24214 212
14412 25720 212
14482 41405 212
15554 17338 212
15648 29220 212
15879 29579 212
15882 44163 212
16360 19350 212
16840 17035 212
16904 45706 212
17593 18769 212
17758 36544 212
17881 35181 212
18853 26587 212
19199 47808 212
19406 39237 212
19892 35281 212
20293 38456 212
20329 31076 212
20751 21614 212
22127 31947 212
23003 40590 212
23311 42132 212
23643 41763 212
23652 48165 212
23975 29795 212
24233 38320 212
25447 28071 212
25662 32340 212
27309 37731 212
30818 33883 212
33110 37621 212
34078 47004 212
35270 41971 212
35447 41180 212
36287 37923 212
38456 45221 212
38646 44237 212
39821 48348 212
41180 41267 212
3 8 213
53 1027 213
58 4424 213
144 1036 213
248 22423 213
293 3622 213
552 11793 213
662 10618 213
684 1674 213
773 38892 213
898 16466 213
1165 5582 213
1244 36609 213
1250 14155 213
1364 16706 213
1847 45360 213
2004 47102 213
2138 4956 213
2185 34713 213
2217 3119 213
2241 2845 213
2568 38791 213
2619 5310 213
2783 22046 213
3140 5227 213
3358 49388 213
3686 6456 213
3819 24557 213
3899 27569 213
4083 39474 213
4638 25375 213
4782 17983 213
4910 29217 213
5016 35956 213
5607 5726 213
6035 44141 213
6083 7634 213
6386 7627 213
6774 18503 213
6861 8883 213
7064 49374 213
7142 41017 213
7678 27532 213
8121 15665 213
8134 40448 213
8851 10799 213
9442 43730 213
9677 44336 213
9761 18629 213
9861 36246 213
10091 15123 213
10188 47994 213
10923 11778 213
11119 47772 213
11354 48465 213
11787 36167 213
11812 27384 213
12324 33801 213
12703 39665 213
12786 39792 213
13527 39150 213
13601 15895 213
13651 26682 213
14209 35264 213
14245 35460 213
14717 38901 213
14753 23533 213
15936 42495 213
16440 24317 213
16780 49776 213
16938 33224 213
17138 18271 213
17603 46308 213
17647 23880 213
17725 20410 213
18233 23484 213
19421 20177 213
19882 30632 213
20000 22568 213
21198 25640 213
21209 24080 213
21686 44454 213
21841 45855 213
21854 38746 213
22099 28125 213
23042 32246 213
23904 29717 213
24488 42228 213
25569 45380 213
25908 27980 213
26323 34798 213
27014 45376 213
27271 43951 213
27340 39678 213
29954 31546 213
30060 44144 213
31006 38299 213
31592 37961 213
35357 48462 213
36775 44580 213
37703 45519 213
39420 45445 213
41498 44314 213
41762 46532 213
42315 49140 213
42392 46915 213
43102 45940 213
48346 49151 213
28 12759 214
159 1927 214
467 14407 214
480 45273 214
731 7791 214
731 46124 214
928 3259 214
948 5853 214
1271 33811 214
1571 4337 214
1591 6663 214
1606 2574 214
1873 16934 214
1991 4861 214
2025 2549 214
2370 40525 214
2627 11539 214
3323 8837 214
3377 10233 214
3486 11903 214
3519 8627 214
3723 6318 214
3874 5502 214
4025 13301 214
4048 39357 214
4135 41064 214
4492 36031 214
4529 38265 214
4736 9315 214
5128 16032 214
5253 24421 214
5294 13615 214
5625 15304 214
6076 33179 214
6083 45261 214
6199 7876 214
7030 19520 214
7470 26859 214
7769 24144 214
8097 11476 214
8426 35525 214
8479 35246 214
8631 19988 214
9161 23389 214
9248 41213 214
9463 28527 214
9549 42578 214
9708 39832 214
10770 12833 214
11174 11673 214
11703 22308 214
11906 18548 214
12185 19903 214
12323 15212 214
12606 23638 214
12869 44668 214
12878 29252 214
13444 33416 214
14129 47126 214
14192 22835 214
14532 32019 214
14751 34785 214
14864 19679 214
15063 19691 214
16700 26463 214
18046 26801 214
18287 37799 214
18868 35444 214
18954 49245 214
19568 24461 214
19786 31117 214
20232 48841 214
20341 35394 214
20530 30216 214
20673 28344 214
20711 21589 214
21294 34479 214
22302 25743 214
22918 38301 214
23256 44449 214
25346 28717 214
25368 31250 214
26134 49788 214
26758 42073 214
28982 29069 214
29255 40351 214
30081 31038 214
30265 31975 214
31564 47726 214
32211 40721 214
35252 43634 214
35500 49518 214
38112 41348 214
38814 42307 214
39743 40015 214
10 14646 215
115 1443 215
214 49612 215
259 16596 215
443 22097 215
587 635 215
628 3908 215
694 3738 215
844 3354 215
961 21683 215
963 39681 215
1058 7701 215
1192 2984 215
1294 45983 215
1378 1420 215
1494 31287 215
1723 45829 215
1770 10401 215
1977 5209 215
2041 44782 215
2148 22480 215
2198 40005 215
2387 29562 215
2527 33341 215
2890 3951 215
2985 16160 215
3063 3172 215
3256 4122 215
3365 42275 215
3735 47718 215
4227 7339 215
4678 41498 215
4762 16365 215
5391 20674 215
6005 46344 215
6033 28399 215
6072 32002 215
6144 26828 215
6731 21967 215
6851 34249 215
6946 16136 215
7003 15177 215
7012 30193 215
7035 8138 215
7077 19885 215
7330 25517 215
7615 38112 215
7623 17189 215
7764 35196 215
7771 31322 215
8309 10767 215
9322 47585 215
9351 12956 215
9383 30804 215
9410 34493 215
9541 20683 215
9880 28682 215
10099 14120 215
10217 49314 215
11081 49681 215
11618 24079 215
12205 31745 215
12274 28874 215
12441 30016 215
12782 30720 215
12865 28432 215
13285 20015 215
13313 34765 215
13317 47692 215
13618 44856 215
13813 39869 215
14572 18785 215
14770 48287 215
14902 29243 215
15334 44262 215
16290 30537 215
16559 41475 215
17159 27709 215
17374 39144 215
17979 20291 215
18000 47726 215
19549 36761 215
19954 49485 215
21292 38662 215
21419 25309 215
21583 28310 215
21970 39844 215
22225 22978 215
22472 22571 215
22522 24936 215
22916 26895 215
23096 31447 215
24821 36345 215
25333 26822 215
25792 44127 215
25792 47154 215
26653 27715 215
30515 40044 215
30571 33465 215
31068 39013 215
32414 39573 215
33034 46741 215
34204 47034 215
34704 37709 215
35543 48858 215
36032 37555 215
38993 42376 215
38999 43043 215
39115 48643 215
39458 40061 215
39713 45371 215
40457 43581 215
40496 46580 215
40921 49085 215
41626 46032 215
42878 45442 215
43745 45270 215
119 4940 216
129 43984 216
163 317 216
262 31106 216
349 29851 216
551 31790 216
791 6291 216
806 17321 216
830 14482 216
1052 29509 216
1242 12197 216
1338 20321 216
1385 27090 216
1439 7623 216
1945 6283 216
2007 15320 216
2125 9194 216
2223 14058 216
2389 5245 216
2691 43720 216
2735 8570 216
2797 8308 216
2811 6810 216
3139 21797 216
3157 16162 216
3212 7017 216
3326 39919 216
3382 13693 216
3507 5300 216
3543 5013 216
3732 49268 216
4378 15322 216
4431 5682 216
5093 8328 216
5123 7495 216
5241 23130 216
5322 16056 216
5605 17874 216
5656 18934 216
5774 44995 216
5890 9098 216
5955 16742 216
6677 34320 216
7190 19302 216
7521 25273 216
8418 39263 216
8699 48712 216
8700 46945 216
8726 35654 216
9089 9578 216
9516 26020 216
10108 28697 216
10148 10334 216
10328 11515 216
10520 45333 216
10885 16118 216
11755 42876 216
12519 17823 216
12554 43739 216
13011 25536 216
13030 20923 216
13449 39364 216
13828 22738 216
15001 17836 216
15138 46084 216
15233 46400 216
16727 21485 216
16837 42109 216
17416 39125 216
17516 42511 216
18538 47764 216
18948 35852 216
19452 48255 216
19838 25528 216
20195 36667 216
20658 49690 216
21758 42569 216
21905 29709 216
22037 41763 216
22483 27361 216
22592 29437 216
22859 26261 216
23868 36640 216
25362 48078 216
25587 29811 216
26065 42120 216
26557 33525 216
26798 38572 216
27952 38061 216
28529 35487 216
28741 30604 216
31251 44090 216
32973 35060 216
32990 43841 216
34436 37809 216
35045 42233 216
37720 48037 216
39299 41916 216
39322 48387 216
41649 41882 216
11 34630 217
90 19544 217
132 46384 217
147 421 217
208 902 217
250 6045 217
413 10821 217
494 775 217
725 7117 217
1045 3110 217
1239 18644 217
1346 2095 217
1382 5470 217
1431 3097 217
1467 5879 217
1479 17579 217
1633 8528 217
2712 46803 217
2781 5334 217
2985 23366 217
3075 41936 217
3300 13043 217
3783 33123 217
3946 14655 217
4006 13592 217
4224 7056 217
4373 28000 217
4507 29704 217
4532 7507 217
4865 40301 217
4936 13420 217
5682 42512 217
5853 41081 217
6236 33746 217
7297 43079 217
7472 38269 217
7716 38286 217
7736 28683 217
8063 21777 217
8284 22823 217
8492 32703 217
8894 39516 217
9082 10745 217
9342 23164 217
9731 14231 217
9791 10631 217
10324 30898 217
10474 33447 217
10529 46396 217
10547 34582 217
10804 32194 217
12080 37844 217
12593 16649 217
13156 26140 217
13214 40129 217
13545 14338 217
14063 39724 217
14392 39407 217
14405 25222 217
14432 46771 217
14483 15046 217
14607 15507 217
15036 32956 217
15137 49266 217
15749 22521 217
15758 21201 217
15795 45567 217
16300 28756 217
16460 18312 217
16886 30730 217
17244 18622 217
18251 35269 217
18280 27403 217
19097 38113 217
19188 24480 217
20800 43001 217
20822 30744 217
21556 21567 217
22700 35791 217
24194 44821 217
25016 35762 217
25158 44652 217
26303 35826 217
28687 41282 217
29848 30455 217
29967 34816 217
30520 35651 217
30722 32175 217
31450 39129 217
32062 36523 217
32316 38642 217
32374 36210 217
32375 44552 217
34320 42702 217
34338 38135 217
35476 44378 217
36902 37404 217
37114 49105 217
42128 49478 217
42673 44541 217
120 3006 218
272 19722 218
811 30747 218
932 17460 218
978 2255 218
1183 2524 218
1258 27110 218
1486 30732 218
1839 2258 218
2152 32943 218
2196 30001 218
2440 2592 218
2696 27013 218
2729 18544 218
2739 30630 218
2771 8304 218
3160 19813 218
3556 20857 218
3759 9545 218
3786 25277 218
3846 29679 218
4121 8341 218
4128 21647 218
4625 29177 218
4774 11983 218
4868 49081 218
5112 26867 218
5253 37583 218
5688 25382 218
5949 13415 218
5978 29902 218
7112 38567 218
8894 24323 218
9243 21930 218
9349 49044 218
9487 41993 218
9996 30737 218
10055 21230 218
10249 12120 218
10789 16471 218
11480 28299 218
11541 30700 218
11990 44155 218
12006 21628 218
12239 27480 218
12294 19477 218
12374 16458 218
12733 37960 218
12743 28982 218
12806 44815 218
13152 13518 218
13687 35623 218
13775 45378 218
13857 26411 218
13930 25042 218
13956 37453 218
14797 16383 218
15099 38039 218
15610 19842 218
15621 16872 218
15842 35487 218
15880 44608 218
16726 48954 218
16762 43372 218
16781 29756 218
16850 25349 218
17542 42315 218
17762 36369 218
17838 45658 218
17958 28175 218
18000 25525 218
18158 43669 218
18780 36382 218
20155 30823 218
21500 40103 218
21731 28569 218
22200 32597 218
23646 28588 218
25313 46962 218
25446 27146 218
26137 34597 218
26290 42638 218
27170 30044 218
27257 36782 218
28548 48690 218
29582 39614 218
29752 42006 218
30759 41693 218
30783 46086 218
31552 49082 218
33408 48053 218
34212 45066 218
34669 42982 218
34729 44793 218
34949 37087 218
37051 37952 218
38109 39480 218
38256 43535 218
39640 45210 218
40624 41772 218
41984 46335 218
42565 46635 218
15 59 219
58 37742 219
75 33830 219
164 9470 219
188 14025 219
290 741 219
363 3319 219
479 1611 219
524 4130 219
632 982 219
698 26042 219
769 32106 219
1050 4482 219
1069 24758 219
1481 39910 219
1729 8193 219
2041 6468 219
2143 32165 219
2218 13719 219
2967 9611 219
3180 11674 219
3400 12552 219
3415 26719 219
3773 20556 219
3830 27088 219
4378 31683 219
4380 32133 219
4628 49302 219
5090 35986 219
5194 48925 219
5212 5282 219
5691 18787 219
5733 35362 219
5847 7474 219
6189 20554 219
6728 10307 219
7058 48035 219
7413 8160 219
8027 22965 219
8144 36609 219
8196 13312 219
8711 47856 219
8798 41771 219
8974 42611 219
9004 15263 219
9483 37697 219
10086 26484 219
10269 12363 219
10317 20500 219
10745 13391 219
11608 32203 219
11683 12277 219
13131 17060 219
13519 29622 219
13545 15240 219
13625 35100 219
14426 27214 219
14557 42399 219
14565 34995 219
14658 21466 219
15090 21840 219
15498 19927 219
15687 17123 219
17000 19594 219
17089 27239 219
17098 32268 219
17274 41971 219
17462 43006 219
17567 22619 219
17991 18499 219
18313 20893 219
18394 46866 219
18451 32238 219
18589 48443 219
20130 28849 219
20295 41435 219
20428 26061 219
20702 30758 219
21615 48799 219
21695 23344 219
21764 48200 219
22167 44663 219
22620 40679 219
23493 35088 219
24602 41364 219
24686 47282 219
25515 25900 219
25520 37693 219
25876 43844 219
26526 46153 219
26951 38604 219
27461 48992 219
27960 42966 219
28316 29817 219
29749 48206 219
29896 49015 219
31280 45767 219
31714 38066 219
32216 39467 219
32639 47157 219
32676 47546 219
32917 49114 219
33222 35842 219
33385 37021 219
33398 47426 219
34982 44820 219
35006 44270 219
35287 36098 219
35937 42847 219
36450 48890 219
42897 48556 219
45556 48077 219
99 20545 220
924 1892 220
1028 1162 220
1050 7678 220
1245 2514 220
1804 6734 220
1935 2246 220
2103 5592 220
2688 29373 220
2753 17424 220
2801 3923 220
2838 30582 220
2991 29996 220
3035 37975 220
3330 44643 220
3353 10656 220
3620 29891 220
4018 45731 220
4560 43818 220
4681 45651 220
4701 12970 220
5232 24382 220
5680 9308 220
5717 23316 220
5815 10499 220
6160 31954 220
6233 42695 220
6237 45494 220
6907 14403 220
7916 9339 220
8292 24415 220
8613 11267 220
9748 21596 220
10110 25014 220
10268 21056 220
10272 39198 220
10337 14743 220
10656 23259 220
10857 17396 220
10986 29860 220
11821 32773 220
11948 18528 220
12554 47294 220
12797 35702 220
13958 28334 220
14838 26885 220
15084 26919 220
15574 44429 220
16268 41801 220
17031 42738 220
17032 18945 220
17327 39588 220
17426 34166 220
17515 41304 220
17948 40089 220
18121 46046 220
18494 24111 220
18532 46776 220
18630 45219 220
19535 22452 220
19804 28519 220
19987 36220 220
19994 34142 220
20934 31800 220
21188 21276 220
21256 29921 220
21840 44854 220
22145 42946 220
22430 24591 220
22880 28633 220
23724 35076 220
24547 49308 220
25791 32674 220
28130 33700 220
28131 46823 220
28795 39977 220
31847 49850 220
32150 32591 220
32409 42324 220
32798 41070 220
38632 45075 220
42889 46259 220
102 296 221
449 13463 221
592 21715 221
666 22481 221
672 1349 221
1208 10168 221
1509 11161 221
1607 1786 221
1751 5475 221
1809 28944 221
2345 22191 221
2773 8872 221
2995 35622 221
3012 12507 221
3162 33272 221
3709 20971 221
3733 14582 221
3989 8679 221
4618 8989 221
4708 31720 221
5004 49705 221
5113 20519 221
5513 7643 221
5945 13635 221
6352 32885 221
6357 27375 221
6537 24319 221
6831 36550 221
6929 21116 221
6965 22944 221
7287 7899 221
7462 25338 221
8246 23223 221
8251 49158 221
8342 24489 221
9422 18702 221
9467 47208 221
9904 20586 221
10145 19068 221
10439 11725 221
10522 39384 221
10797 24321 221
11041 23763 221
11047 44629 221
11364 19558 221
11376 39380 221
11644 21077 221
11798 15058 221
11947 20466 221
11971 15020 221
12407 23218 221
12786 49848 221
12910 39059 221
13982 38691 221
14411 15055 221
15011 35536 221
15180 25040 221
15598 29679 221
16391 46345 221
16427 42523 221
16501 44585 221
18118 45364 221
18574 38971 221
18849 43715 221
19180 36932 221
19535 40836 221
19763 37169 221
20657 46295 221
21985 40964 221
22187 44108 221
22409 26584 221
22736 34120 221
22958 41006 221
23104 40274 221
24040 34608 221
25252 46447 221
29590 42565 221
32489 43747 221
35955 42104 221
37996 39894 221
38853 46926 221
40467 44082 221
42721 48458 221
42917 49278 221
200 44494 222
346 9761 222
376 11669 222
792 14296 222
1031 7860 222
1069 18382 222
1443 21592 222
1488 8949 222
1495 3317 222
1593 29992 222
1739 1960 222
1739 6160 222
1819 29482 222
1883 26297 222
1945 10615 222
2048 49909 222
2298 12352 222
2496 46825 222
2560 20610 222
3022 20385 222
3109 30168 222
3404 34236 222
3460 34739 222
3518 10847 222
4032 16770 222
4705 20998 222
5344 32662 222
5654 28383 222
5797 42253 222
6096 20719 222
6114 38428 222
6126 6216 222
6851 30226 222
6867 17773 222
6977 48806 222
7097 9435 222
7765 25806 222
8109 13612 222
8168 27486 222
8307 39186 222
8310 31487 222
8490 38691 222
8668 9959 222
9119 14806 222
9127 21447 222
9671 25810 222
10085 12937 222
10920 44595 222
11250 21831 222
11348 40483 222
11595 20602 222
12339 12426 222
13001 29280 222
13069 13205 222
14038 35536 222
14263 19714 222
14357 23098 222
15053 37218 222
15093 17755 222
15302 35806 222
15384 30628 222
15659 48217 222
16081 19662 222
16724 16798 222
16886 49886 222
17417 49012 222
17950 42109 222
18478 31955 222
19341 22353 222
19602 36153 222
19994 29146 222
20162 40872 222
20376 37925 222
20431 31323 222
20532 32127 222
21108 29727 222
21511 30019 222
22220 39428 222
23097 25160 222
23173 30008 222
23222 32985 222
23572 39303 222
24169 34743 222
24639 49383 222
28605 36310 222
28838 30469 222
29298 32974 222
29940 47611 222
30476 38923 222
31219 42804 222
32510 37085 222
32521 46153 222
34727 40717 222
34892 37842 222
36048 39326 222
37082 41727 222
38317 45518 222
40929 49838 222
48009 48664 222
49347 49659 222
117 18618 223
447 632 223
464 6578 223
879 1244 223
882 15461 223
1331 5792 223
1605 4333 223
1698 14271 223
1802 47196 223
1836 23685 223
2314 8781 223
2604 4522 223
2939 7943 223
3004 19056 223
3444 34862 223
3590 44610 223
3734 34238 223
3841 5525 223
3947 22726 223
4091 36893 223
4421 26044 223
4556 40149 223
4563 43886 223
4608 29189 223
5247 5951 223
5536 22112 223
5560 9376 223
5786 6623 223
5792 10690 223
5952 32986 223
6250 27531 223
6404 19849 223
6832 28012 223
6910 21908 223
7018 47480 223
7315 16222 223
7362 34338 223
7962 8953 223
8157 41019 223
8307 12068 223
8452 47003 223
8455 20455 223
8800 15063 223
9214 32500 223
9229 15365 223
9438 24371 223
9974 18552 223
11686 23959 223
12042 44026 223
12196 15984 223
12317 31516 223
12444 38460 223
12904 39688 223
13556 19916 223
15226 16331 223
15719 45224 223
15892 37898 223
16078 48978 223
16307 40674 223
18169 47414 223
18808 40032 223
19320 30230 223
19346 42265 223
20601 43417 223
20718 28986 223
21395 48523 223
21554 24207 223
21675 26815 223
22250 23293 223
23118 36615 223
23223 27957 223
23795 25168 223
25526 29948 223
25837 30578 223
26659 27700 223
27955 32939 223
28230 35185 223
28794 38810 223
29292 48854 223
31257 35234 223
31722 43992 223
32305 46548 223
33386 48015 223
34750 37239 223
35055 35307 223
36871 45189 223
37217 49028 223
37339 49515 223
38558 43430 223
38734 41071 223
41200 48527 223
42270 44590 223
211 4885 224
261 12689 224
381 2089 224
635 3047 224
921 2398 224
949 2610 224
1003 31472 224
1071 4273 224
1289 30231 224
1352 14398 224
1450 3280 224
1454 6250 224
1547 5844 224
1739 27640 224
1812 29866 224
2049 14093 224
2132 28672 224
2141 2183 224
2146 37599 224
2188 15881 224
2376 22909 224
2405 23051 224
2438 24964 224
2511 43840 224
2587 20548 224
2958 26060 224
2960 34863 224
3621 25818 224
3692 13367 224
4172 10400 224
4205 37619 224
4251 19821 224
4262 10898 224
4481 5816 224
4783 44426 224
4826 16879 224
4930 33058 224
5121 36226 224
5372 15150 224
5442 22848 224
6150 25166 224
6164 39923 224
6281 16025 224
6845 46359 224
6879 9057 224
6899 12284 224
6904 30583 224
7072 8286 224
7135 30765 224
7146 38338 224
7579 13514 224
7700 16465 224
8293 8544 224
8546 43968 224
8604 28706 224
8996 14314 224
9188 10620 224
9513 28723 224
10056 43340 224
10221 10301 224
11133 48620 224
11509 29455 224
11526 23675 224
12046 34229 224
12062 29708 224
12251 20982 224
12367 46036 224
12405 36797 224
12638 35650 224
13370 29163 224
13576 17450 224
13628 17464 224
13865 29859 224
13922 27792 224
14099 26689 224
14746 29888 224
15066 23657 224
16169 34651 224
17569 37658 224
18155 38564 224
18430 21785 224
18885 35673 224
18902 46730 224
19255 29041 224
20737 38942 224
20742 48954 224
21091 25521 224
21580 36529 224
22246 36980 224
22307 35881 224
24141 38226 224
24237 42719 224
24349 38686 224
25348 29893 224
25471 42155 224
25491 46993 224
26378 28693 224
27061 27310 224
27595 28291 224
27913 47756 224
29105 47276 224
29654 30414 224
30409 49050 224
30481 48155 224
31363 35083 224
32560 32825 224
34663 39465 224
35244 42193 224
35727 37221 224
35957 43832 224
36153 47830 224
36358 41404 224
36685 47203 224
37269 46631 224
37628 49050 224
38385 39803 224
38518 48047 224
38595 41065 224
40031 48869 224
41147 41324 224
45764 47795 224
158 6438 225
290 21848 225
358 360 225
533 12758 225
583 20491 225
633 12566 225
679 3929 225
695 14617 225
715 3380 225
989 29886 225
1616 1989 225
1661 2080 225
1675 48605 225
1741 14989 225
1927 8161 225
2089 42422 225
2152 7650 225
2479 11655 225
2562 9179 225
2652 15980 225
3210 16723 225
3335 8063 225
3685 9942 225
3691 15573 225
4574 14443 225
5570 12137 225
5644 10256 225
5720 28226 225
5783 12048 225
5811 32746 225
6380 13398 225
6471 39018 225
6551 24402 225
6742 30549 225
7039 9707 225
7428 43380 225
7579 14267 225
7615 11493 225
8078 15863 225
8461 34846 225
8577 18855 225
9018 30913 225
9265 42212 225
9437 17111 225
9643 19092 225
10558 37568 225
10577 34126 225
10703 34978 225
10896 29965 225
11383 19966 225
11690 31723 225
11720 25643 225
11912 20267 225
12556 36873 225
13286 20701 225
14407 44803 225
14570 29156 225
15751 38328 225
15987 49100 225
16214 18354 225
16350 32592 225
16457 37758 225
16747 42473 225
17080 38248 225
17217 29609 225
17465 25873 225
17710 22712 225
17916 41257 225
18191 38887 225
18232 38800 225
18742 26300 225
19384 36293 225
19754 35084 225
20114 35566 225
20140 30726 225
20561 21860 225
22129 33832 225
22212 49919 225
22829 24745 225
22909 40050 225
23364 28540 225
23712 38921 225
25288 27010 225
25709 49305 225
25726 46053 225
28130 39790 225
28428 29686 225
29006 46391 225
29975 39417 225
30543 43786 225
31588 42072 225
32108 33505 225
32578 35713 225
34663 47121 225
35232 44868 225
35394 42593 225
36674 48650 225
37008 43056 225
37087 38720 225
38329 40865 225
42064 45172 225
42215 45049 225
43343 46474 225
46652 47023 225
17 49006 226
300 21431 226
349 4827 226
595 26678 226
634 34285 226
1009 3761 226
1617 35793 226
1925 9526 226
1999 9418 226
2353 7934 226
2465 39779 226
2497 22860 226
3045 5091 226
3051 11745 226
3059 4803 226
3502 28950 226
3569 6908 226
3785 6287 226
4066 42393 226
4535 22206 226
4695 6762 226
4787 34047 226
4977 8221 226
5021 21898 226
5173 36992 226
5397 18857 226
5582 11515 226
5619 13686 226
5659 15254 226
5788 47663 226
5898 14872 226
5956 46496 226
6111 48867 226
6137 11713 226
6261 22485 226
6340 45071 226
6516 15796 226
6602 44787 226
6969 15570 226
7151 8758 226
7266 12339 226
7671 12163 226
7749 45754 226
8200 20924 226
8338 22071 226
8593 10923 226
9194 22934 226
9321 44637 226
9676 45681 226
9743 28060 226
10162 11683 226
10166 47767 226
10184 21622 226
10750 24773 226
10850 40087 226
11498 25207 226
12201 34933 226
12368 40750 226
12495 25285 226
12833 15555 226
12986 35266 226
13162 32575 226
13792 46319 226
13887 27389 226
14288 41120 226
14368 19032 226
14738 33285 226
15207 29171 226
15458 20734 226
15931 28782 226
16015 49067 226
16610 44817 226
16878 43517 226
17442 38380 226
17624 41053 226
18011 20599 226
18145 36441 226
18192 19272 226
18315 30898 226
18356 33352 226
19064 34209 226
19346 20135 226
19467 33367 226
20160 30597 226
20677 29117 226
20712 28455 226
21520 31359 226
22082 24312 226
22191 44246 226
23018 33942 226
23294 31010 226
23496 33488 226
24196 46378 226
24861 43302 226
25184 26197 226
25945 47270 226
26929 39822 226
27182 38102 226
27273 35078 226
29017 36093 226
29194 46887 226
29646 46190 226
31286 32122 226
33080 39143 226
33183 39928 226
33269 33415 226
34332 36002 226
34345 39195 226
35106 35970 226
35195 43622 226
36643 42347 226
37773 39957 226
41101 42331 226
43322 45239 226
160 5867 227
356 4437 227
382 994 227
390 5801 227
530 2477 227
685 17828 227
873 1123 227
1444 30461 227
2304 16253 227
2455 14480 227
2543 12678 227
2743 10472 227
3014 24015 227
3133 39176 227
3184 3838 227
3336 26505 227
3387 9665 227
3487 5938 227
3632 22800 227
3759 30717 227
3804 47243 227
3816 37246 227
4298 21940 227
4463 49385 227
4500 48873 227
5057 33995 227
5224 48666 227
5281 36508 227
5471 25936 227
6670 27107 227
7410 31054 227
7664 45885 227
7809 16081 227
8134 19731 227
9769 12364 227
9874 13678 227
10250 42864 227
10608 34908 227
10875 42354 227
11789 19237 227
11992 21662 227
12905 40068 227
13049 30650 227
13101 17658 227
13190 21369 227
13194 25059 227
13891 16256 227
13891 48293 227
13904 46776 227
14946 18818 227
15226 20992 227
15715 47157 227
15973 38164 227
16108 40940 227
16215 48343 227
16713 23817 227
17362 35724 227
17714 29786 227
17766 29478 227
17937 29995 227
18341 27384 227
18664 28548 227
20370 21821 227
21360 28946 227
21602 23277 227
22038 36549 227
22776 37998 227
23147 40505 227
23156 29310 227
23287 41571 227
23459 26210 227
23526 41153 227
24538 30697 227
26257 31623 227
29442 29450 227
29676 42414 227
30178 49599 227
32485 36804 227
32573 35286 227
36475 40456 227
37405 39860 227
38377 47734 227
38805 47031 227
39098 44721 227
39661 41153 227
42632 45105 227
44746 49384 227
37 18085 228
44 12000 228
50 26265 228
148 19378 228
449 35582 228
703 8570 228
949 14235 228
965 31861 228
998 35983 228
1223 33933 228
1233 12465 228
1632 32805 228
1677 49194 228
1908 45734 228
2559 46177 228
2602 46296 228
3111 32281 228
3569 31549 228
3624 7325 228
3721 25255 228
3925 24342 228
4053 6373 228
4386 7898 228
4739 30988 228
4835 7824 228
5100 9991 228
5189 31775 228
5533 13368 228
5543 26036 228
5665 22647 228
6456 13859 228
6865 13621 228
7198 10118 228
7955 12689 228
8534 10557 228
9708 39775 228
10334 33443 228
10523 16312 228
10816 44363 228
10934 48425 228
10998 22727 228
11877 49751 228
12773 25578 228
13053 48603 228
13487 31189 228
14365 38229 228
14781 21436 228
14791 39836 228
15052 40831 228
15516 39276 228
16268 24376 228
16584 20015 228
16848 28920 228
17062 39037 228
17157 21763 228
17400 25544 228
17551 24335 228
20716 31420 228
20777 37331 228
21473 47333 228
21668 38890 228
21734 29471 228
21754 33211 228
23062 35043 228
26120 29527 228
26169 28938 228
26701 41163 228
26718 34909 228
26957 35798 228
27613 42759 228
28084 30669 228
28144 34502 228
28330 49554 228
29149 32827 228
29350 29934 228
29362 48941 228
29985 37473 228
30746 49186 228
32190 40889 228
33799 42513 228
34715 47184 228
34931 37759 228
35180 43547 228
37209 38896 228
37246 41922 228
37324 47918 228
37579 37642 228
39116 49513 228
40345 46838 228
41966 46831 228
42008 46653 228
274 22700 229
435 30950 229
1065 6970 229
1205 43619 229
1757 30798 229
1970 8854 229
2058 3693 229
2248 35063 229
2526 3656 229
2858 3303 229
3118 19743 229
3510 5044 229
3890 16072 229
3993 8402 229
4350 41258 229
4388 34792 229
4598 6298 229
4708 7146 229
5058 16313 229
5223 12805 229
5494 22315 229
5655 45798 229
7135 19906 229
7455 10773 229
8108 10610 229
8351 27307 229
8737 19102 229
8905 32566 229
8928 37680 229
8975 13001 229
8993 43854 229
9355 34128 229
9502 17883 229
9531 10614 229
9799 15023 229
9834 47198 229
9964 14512 229
10014 12594 229
10264 18933 229
10352 24136 229
10492 10694 229
10515 37872 229
10609 33234 229
11176 33221 229
11380 43111 229
11382 16490 229
11497 40029 229
11983 18262 229
12433 24294 229
13064 24380 229
13429 49616 229
13668 29887 229
13796 16407 229
14200 27817 229
14264 21829 229
14276 43552 229
14510 44363 229
14668 33907 229
15505 19926 229
16637 20606 229
18622 25198 229
21196 42092 229
21387 28808 229
21769 39622 229
22232 23666 229
23207 43449 229
24200 30406 229
25632 43335 229
25942 26607 229
26793 27846 229
27797 29091 229
28714 49951 229
29003 48665 229
29507 43207 229
30923 32075 229
31063 31550 229
32069 45164 229
32813 43638 229
32909 39672 229
33019 48207 229
33420 36171 229
34050 45223 229
35990 43293 229
36018 44132 229
37595 46641 229
39142 46099 229
39973 40027 229
43024 46213 229
43175 49866 229
0 119 230
99 121 230
151 20275 230
202 812 230
206 12247 230
260 3472 230
577 35225 230
636 12281 230
737 28214 230
1297 2074 230
1442 18392 230
1454 14543 230
1458 2230 230
1569 6429 230
1907 42811 230
1994 10031 230
2236 11950 230
2525 6479 230
2572 10050 230
2577 5351 230
3043 12677 230
3550 34716 230
4263 34871 230
4716 22651 230
5367 11858 230
5419 41506 230
5682 6720 230
5807 8444 230
6101 16593 230
6858 31460 230
7000 21012 230
7614 32115 230
7855 8951 230
7970 21247 230
8051 12092 230
8057 49999 230
8791 31916 230
8922 49870 230
9053 34997 230
9078 20133 230
9752 29458 230
9881 12455 230
10173 27308 230
10776 38720 230
10969 20889 230
11163 34778 230
11392 46080 230
11502 28142 230
11635 45146 230
12087 36738 230
12236 13576 230
12468 30986 230
12602 19521 230
13799 36167 230
14200 33134 230
14582 48725 230
14637 40261 230
14712 20169 230
14812 17011 230
14936 28332 230
15602 41455 230
15688 19041 230
15834 48420 230
16118 22752 230
16437 25203 230
16610 24232 230
17058 35968 230
17838 20895 230
17992 28479 230
18691 28354 230
18964 47471 230
18996 32126 230
19886 20710 230
20205 25589 230
20374 39754 230
20450 45131 230
20569 39699 230
20948 37784 230
21196 25906 230
21900 26319 230
22846 32457 230
22906 34462 230
23021 37192 230
23189 41137 230
24202 45675 230
25254 49811 230
26745 47639 230
26972 29623 230
28164 40653 230
28601 47268 230
28895 29590 230
32520 39913 230
32799 42203 230
34800 43617 230
37235 44489 230
42721 44443 230
45681 45879 230
56 6305 231
205 41281 231
210 40043 231
390 5395 231
535 27837 231
569 22570 231
571 45356 231
585 12632 231
797 34064 231
976 32267 231
997 10863 231
1373 4882 231
1415 19449 231
1606 3724 231
1642 4629 231
1654 9672 231
1794 39821 231
2118 22825 231
2414 7791 231
2427 21748 231
2540 7676 231
2939 25995 231
3192 8624 231
3202 6521 231
3341 24238 231
3506 19661 231
3552 45090 231
3671 21011 231
3896 11867 231
4357 36813 231
4418 6963 231
4522 10866 231
4986 47653 231
5072 28140 231
5275 28422 231
5286 45463 231
5735 12773 231
5951 27034 231
6053 13622 231
6055 23257 231
6380 44703 231
6426 7189 231
6473 7084 231
7119 46027 231
7309 29295 231
7347 7560 231
7350 34677 231
7493 22106 231
7881 13033 231
8294 27795 231
8801 45209 231
9196 49776 231
9348 12752 231
9373 35143 231
9780 36484 231
9807 39929 231
9950 25816 231
9978 46448 231
10297 39913 231
10727 18079 231
11858 13814 231
11920 18727 231
12158 25629 231
12735 36678 231
12738 34919 231
12843 14092 231
13395 22434 231
13471 43865 231
13600 16381 231
13623 19563 231
14193 31783 231
14469 33620 231
14872 32657 231
15402 33788 231
15655 32234 231
15730 42734 231
15891 24290 231
15927 27413 231
16563 39275 231
16643 38883 231
17040 31800 231
17188 41295 231
17202 22295 231
17242 19247 231
17437 42628 231
17531 31072 231
17765 39695 231
17848 31830 231
19240 30504 231
19265 33365 231
19826 28346 231
20829 46596 231
21157 36623 231
21536 34048 231
21565 21898 231
21758 22779 231
22092 39104 231
22700 37462 231
23036 36040 231
23902 44734 231
24036 40333 231
25960 39034 231
26581 39943 231
26695 26813 231
26744 28607 231
29670 41426 231
29773 37139 231
30349 31207 231
31279 42952 231
31332 49206 231
32260 49224 231
32269 40403 231
33651 37553 231
34943 49369 231
34981 35341 231
35655 36066 231
36544 48134 231
41272 46699 231
46507 49544 231
47963 49644 231
36 275 232
85 294 232
127 372 232
452 42193 232
597 5934 232
742 7515 232
920 2210 232
1028 31086 232
1299 12645 232
1313 5741 232
1404 28350 232
1723 42029 232
1784 19262 232
2016 3588 232
2193 8454 232
2298 46648 232
2363 7179 232
2476 17362 232
2674 10537 232
2759 3809 232
2810 3590 232
3484 41932 232
3497 16443 232
3557 19612 232
3634 3660 232
3919 14042 232
3947 6902 232
4061 34223 232
4286 10040 232
4326 5626 232
4440 8782 232
4526 49964 232
4576 48857 232
5184 39354 232
5382 41736 232
5816 25478 232
5859 42927 232
5910 49821 232
6207 22959 232
6421 9570 232
6747 21717 232
6791 7241 232
7601 19751 232
7921 44865 232
8032 12789 232
8089 43923 232
8514 20689 232
9034 13262 232
9226 11802 232
9533 27424 232
9562 14022 232
9858 25958 232
10150 24804 232
10359 14593 232
10413 19275 232
10668 11268 232
10688 19592 232
11041 26559 232
11048 42246 232
11396 38143 232
11623 13721 232
11984 37780 232
13808 15280 232
14233 48839 232
14291 14422 232
14333 39806 232
14791 23036 232
14818 34875 232
14886 36523 232
15477 16883 232
15658 43577 232
15819 16243 232
15875 28331 232
16305 16837 232
17590 21919 232
18379 28061 232
18990 43692 232
19388 22245 232
19869 37022 232
19932 42979 232
20056 23966 232
20355 39485 232
20619 38043 232
20823 39990 232
21402 22146 232
22411 40099 232
22867 29490 232
23057 27241 232
24538 42057 232
24984 30466 232
25986 27115 232
29901 42872 232
29982 45945 232
34081 47756 232
38747 44059 232
39025 44118 232
40703 41193 232
40782 46382 232
41399 42291 232
41614 41731 232
43416 46262 232
45120 48907 232
45818 48132 232
11 791 233
912 38531 233
1010 1685 233
1116 1656 233
1295 34233 233
1513 23594 233
1783 43014 233
1850 15682 233
1862 42731 233
1940 31463 233
2068 6410 233
2135 26576 233
2303 2423 233
2518 37980 233
2609 30658 233
2722 5106 233
2818 13331 233
2854 31030 233
2888 26585 233
3024 24022 233
3074 30896 233
3428 11477 233
3476 12685 233
3918 33759 233
4569 24615 233
5143 23850 233
5336 45017 233
5497 21774 233
5705 6398 233
6085 42514 233
6221 31188 233
6295 29292 233
7397 18116 233
7483 46760 233
7843 17929 233
7913 48978 233
8330 34843 233
8410 38577 233
8546 35834 233
8591 9959 233
8764 27465 233
9491 36332 233
10009 13536 233
11075 28426 233
11146 27987 233
11295 20251 233
11478 13713 233
11587 29658 233
11632 27483 233
11677 45620 233
11723 27324 233
11896 12440 233
12480 37949 233
12566 49279 233
12672 34173 233
12890 32577 233
13233 43732 233
13842 46213 233
13855 41601 233
13973 26359 233
14552 46888 233
15387 18360 233
15602 25307 233
16009 16869 233
16531 38852 233
16795 26573 233
17516 42009 233
17850 46480 233
19080 40144 233
19604 21552 233
19995 23129 233
20561 49377 233
21119 27204 233
23875 25774 233
23927 40643 233
24149 38937 233
25204 38673 233
25759 32377 233
25803 38626 233
25927 38734 233
27101 27800 233
29210 43209 233
29800 33039 233
30035 47822 233
30575 39784 233
31229 32739 233
32169 36628 233
32833 46986 233
34518 45058 233
35050 37234 233
35405 37670 233
36569 47730 233
37159 48375 233
37192 45330 233
37576 38696 233
42140 49032 233
46442 47324 233
190 22040 234
259 821 234
301 29037 234
885 16092 234
1216 1525 234
1254 23628 234
1335 4596 234
1339 49960 234
1588 2408 234
1713 45746 234
1846 2752 234
2078 6465 234
2193 21805 234
2239 11564 234
2446 10005 234
2464 5714 234
2502 7928 234
2611 43009 234
2641 31141 234
2769 27325 234
2874 4895 234
3358 18006 234
4270 17536 234
4561 8308 234
4587 17545 234
4781 7126 234
4801 7800 234
5080 47157 234
5095 24104 234
5356 19501 234
5470 21330 234
5629 47235 234
5653 22641 234
5654 7822 234
6051 9484 234
6325 19626 234
6644 10518 234
6727 32414 234
6758 37565 234
6808 22088 234
7159 34333 234
7273 41677 234
7472 20868 234
8421 17240 234
8510 48708 234
8581 9144 234
8965 34636 234
9054 38682 234
9176 40082 234
9336 45045 234
9384 19756 234
10695 30720 234
10826 25567 234
11004 49677 234
11456 39181 234
12068 19317 234
12437 37901 234
12617 30884 234
12750 29872 234
13582 22923 234
14240 16965 234
16143 27807 234
16695 26601 234
16751 21437 234
16789 19849 234
17072 47742 234
17178 19030 234
17590 31351 234
17767 33897 234
18527 21104 234
20415 25089 234
20770 24860 234
21092 27765 234
21245 37945 234
21562 48955 234
21696 48240 234
21939 22343 234
22188 47450 234
22454 23387 234
22466 31750 234
23320 49136 234
23653 29139 234
24223 48588 234
25709 38384 234
25974 40394 234
26580 33598 234
27335 31155 234
29552 49252 234
30041 41806 234
30447 37939 234
31900 43660 234
32840 39073 234
33785 36461 234
34691 36960 234
34887 44507 234
35289 35724 234
37134 37408 234
38389 48812 234
39278 41219 234
41632 47903 234
43453 43880 234
81 6726 235
91 4193 235
179 449 235
202 6093 235
387 34504 235
578 3921 235
708 1184 235
878 887 235
898 2547 235
1347 2637 235
1641 44969 235
1673 35522 235
1725 23657 235
1763 20962 235
2216 3443 235
2226 3489 235
2266 3466 235
2468 40867 235
2605 7141 235
2702 5212 235
3126 42395 235
3132 3401 235
4446 6046 235
4942 14936 235
6015 49705 235
6106 27062 235
6107 9733 235
6126 13835 235
6217 13439 235
6576 31999 235
6908 43106 235
7115 16640 235
7490 18396 235
7769 8984 235
7807 22115 235
9508 18983 235
9974 27997 235
10338 35889 235
10378 26132 235
11284 45186 235
11341 21071 235
11980 18163 235
12192 33234 235
12485 42176 235
12604 20930 235
12885 36994 235
13106 18896 235
13395 19728 235
14341 32699 235
14510 34017 235
14833 45512 235
14931 34124 235
15342 19465 235
16125 40102 235
16181 32169 235
16368 47236 235
17525 25982 235
17780 31387 235
18472 47814 235
19040 41085 235
19464 48309 235
19486 35296 235
19910 49396 235
20613 30708 235
20694 49852 235
20829 26509 235
20851 37060 235
21798 43100 235
22494 31893 235
22650 29205 235
23021 49771 235
23177 38317 235
23340 36982 235
23751 36018 235
25176 41356 235
26113 36193 235
26532 35057 235
26872 31456 235
29027 41230 235
30075 49734 235
31055 32378 235
31264 45006 235
31418 41344 235
31469 32707 235
33364 48204 235
36038 39318 235
36612 43175 235
38075 46062 235
39313 42704 235
40270 49834 235
42814 43945 235
42829 44313 235
43659 46476 235
45944 47769 235
46648 48624 235
11 1250 236
153 29806 236
189 4206 236
217 45916 236
371 40253 236
661 3138 236
797 15181 236
1168 3121 236
1246 44854 236
1358 42007 236
1418 5545 236
1635 3492 236
2038 47907 236
3180 17424 236
3232 21173 236
3642 39213 236
3814 12150 236
4183 49449 236
4222 10185 236
4235 26440 236
4954 43960 236
5209 22178 236
5384 29815 236
5646 20822 236
5879 7906 236
5904 16459 236
6722 40768 236
6744 18721 236
6810 26999 236
7013 11196 236
7164 44667 236
7189 8821 236
7667 11292 236
7675 30118 236
7930 8514 236
7939 14340 236
8041 29206 236
8248 8719 236
8571 28619 236
10300 13514 236
10557 17387 236
10592 41096 236
10852 22797 236
11498 33687 236
11537 15229 236
12149 20205 236
12372 19191 236
14793 24531 236
14795 49217 236
14975 18107 236
15098 34579 236
15620 48382 236
16483 26867 236
16587 39838 236
16661 29525 236
16772 18160 236
18170 39466 236
18225 21643 236
18455 43382 236
19663 27878 236
19849 44456 236
20927 43065 236
20936 42511 236
21666 38598 236
22077 26861 236
23436 31260 236
23776 46829 236
23830 48447 236
23954 40886 236
27756 34205 236
27929 29326 236
28478 35369 236
28664 30638 236
28821 45121 236
30076 33739 236
30444 38839 236
30535 49285 236
30563 34485 236
31540 42564 236
31715 40172 236
31732 40764 236
33517 47494 236
33698 37860 236
34379 42173 236
34644 45391 236
36574 48564 236
36855 42837 236
36983 48702 236
37971 39905 236
38512 38980 236
39289 44295 236
39390 45450 236
39708 44761 236
41002 45107 236
42287 49262 236
42417 44877 236
44268 47748 236
46110 46311 236
399 1321 237
620 1022 237
773 5036 237
800 32181 237
907 1245 237
1432 12442 237
1511 33527 237
2120 13414 237
2359 33833 237
2584 23970 237
2671 16013 237
2788 44986 237
2816 32641 237
2888 37346 237
3022 16610 237
3683 8773 237
3836 6369 237
4473 9773 237
4866 8589 237
4941 7894 237
5417 8158 237
5590 24553 237
5761 7307 237
6081 27988 237
6140 35656 237
6604 27203 237
7009 45081 237
7255 9298 237
7340 27204 237
7421 38798 237
7532 42370 237
7895 15885 237
9349 37535 237
9662 37956 237
9761 49327 237
9770 26212 237
11268 35223 237
11280 13936 237
11603 21161 237
12735 13519 237
12749 48172 237
13350 17841 237
13373 23497 237
13603 30352 237
13653 16233 237
14033 21883 237
14106 18435 237
14154 27629 237
14402 23072 237
14616 26024 237
14688 29864 237
15460 48416 237
15689 34869 237
16298 39881 237
16449 35195 237
17584 34822 237
17603 38332 237
17864 37427 237
18598 36274 237
18608 45387 237
19427 47837 237
19722 31344 237
19979 45913 237
20108 25040 237
20880 28271 237
21273 40812 237
21401 47152 237
21682 40748 237
22263 42103 237
22413 23713 237
22456 49710 237
23181 26936 237
23271 26429 237
23497 48613 237
23535 31174 237
23723 37718 237
23877 40448 237
23962 40067 237
24208 24377 237
24449 24566 237
25847 39998 237
26218 47862 237
27927 44963 237
28765 30551 237
30033 31225 237
30130 40068 237
30593 42014 237
30808 41502 237
30875 34685 237
32415 48637 237
36222 41643 237
36909 48932 237
36985 48702 237
41363 42313 237
46682 47922 237
66 124 238
85 2898 238
244 27361 238
453 9868 238
481 46413 238
555 600 238
745 2508 238
780 6722 238
879 4943 238
910 8387 238
1078 3374 238
1197 6313 238
1853 36271 238
1919 43190 238
1999 5120 238
2431 11291 238
2867 46159 238
2875 33618 238
2950 10974 238
3196 7154 238
3239 8193 238
3444 13184 238
3754 21525 238
4680 5176 238
4727 29760 238
4762 11202 238
5257 11588 238
5904 11463 238
6101 6127 238
6185 35108 238
6236 13173 238
6428 37911 238
6501 27752 238
6608 25150 238
7304 49604 238
7327 19167 238
7656 8306 238
7898 40129 238
8048 10074 238
9653 41691 238
10133 49957 238
11023 48250 238
11413 32706 238
11862 16214 238
12184 42739 238
12246 33512 238
12625 39626 238
14090 47862 238
14251 17347 238
14793 39493 238
14959 19505 238
15458 18335 238
15794 48791 238
15821 43297 238
16996 19681 238
17372 42936 238
17582 49530 238
17867 32086 238
17895 30972 238
18012 44972 238
18995 46163 238
19013 49513 238
19202 24830 238
20185 20830 238
20363 41090 238
20377 47640 238
20688 26698 238
20745 28707 238
21857 44536 238
22330 45983 238
22929 40055 238
23524 27901 238
23676 37742 238
24166 34222 238
24192 27446 238
24643 31043 238
24989 41808 238
26681 47095 238
27223 32740 238
29197 41236 238
29655 34788 238
33876 39969 238
35668 43806 238
36087 42533 238
36193 46231 238
37334 46160 238
40224 40488 238
41966 42870 238
45358 46901 238
12 4910 239
45 11623 239
150 5446 239
204 19195 239
304 24752 239
613 977 239
849 41117 239
1052 45547 239
1161 43115 239
1310 2333 239
1315 34802 239
1589 35746 239
1669 26374 239
2002 46343 239
2243 27781 239
2331 13924 239
2396 4773 239
3044 8419 239
3111 8713 239
3446 12484 239
3781 4804 239
3851 4414 239
4104 48243 239
4560 5482 239
4570 13159 239
4669 15582 239
5152 21852 239
5166 30934 239
5321 24641 239
5805 20044 239
6165 22464 239
6789 26742 239
6920 30630 239
6938 18486 239
7227 30966 239
7556 9010 239
8004 30223 239
8448 40144 239
9058 15055 239
9383 13891 239
9851 41524 239
9903 25291 239
10027 12731 239
10167 25490 239
10465 12966 239
11007 39848 239
11412 43573 239
11698 13013 239
12527 30980 239
12815 40973 239
13063 38915 239
13336 37695 239
14322 28632 239
14615 19006 239
14668 43631 239
15488 25791 239
15858 28339 239
15959 34987 239
16252 19865 239
16454 34819 239
16925 42077 239
16932 29772 239
17250 25498 239
17341 20000 239
17661 27532 239
18803 42713 239
19258 20334 239
19459 23128 239
19629 21970 239
20251 43393 239
20609 45952 239
20842 47632 239
21033 39492 239
21081 32279 239
22071 23288 239
22719 42204 239
23049 40468 239
23177 44639 239
23317 49069 239
24607 44324 239
24631 29299 239
25235 47723 239
26464 41851 239
27334 28065 239
27433 30686 239
27873 43404 239
28048 41151 239
29375 29663 239
30792 43034 239
31393 31449 239
31865 47375 239
32435 49112 239
33161 36889 239
34127 34193 239
34938 35630 239
35007 38102 239
37527 46790 239
38581 47417 239
42615 46049 239
48510 49665 239
58 14130 240
129 2052 240
251 12751 240
262 4109 240
608 27022 240
768 34837 240
905 4021 240
1141 2469 240
1706 17609 240
1773 29275 240
1823 21841 240
1970 7145 240
2231 15135 240
2704 12683 240
2723 8495 240
2768 49751 240
2795 16433 240
3066 8234 240
3141 17860 240
3405 34449 240
3487 18096 240
3553 17858 240
4102 17205 240
4120 11885 240
4270 11406 240
4291 16229 240
4712 23980 240
4998 5651 240
5539 47701 240
5585 16169 240
5602 30492 240
6145 26873 240
6404 43028 240
7960 15158 240
8134 48769 240
8222 43433 240
8588 49621 240
9050 21686 240
9433 10462 240
9478 9691 240
9720 10628 240
9725 37850 240
9863 11389 240
10381 47577 240
10828 27435 240
10912 28251 240
10993 42146 240
11324 20924 240
11404 46248 240
11758 35101 240
12023 43893 240
12027 40428 240
12059 44109 240
12308 45247 240
12766 35103 240
13214 43855 240
13983 19697 240
16029 22524 240
17612 47617 240
18519 39039 240
18714 45199 240
18800 36296 240
19557 35947 240
19636 41902 240
19730 21508 240
19736 32919 240
19857 25791 240
19983 25573 240
20080 20192 240
20327 33254 240
20794 45099 240
21987 49954 240
22054 45627 240
22460 45812 240
23296 39717 240
23908 39959 240
25635 32904 240
26109 47576 240
26969 30930 240
27000 32909 240
29032 47952 240
29519 42352 240
30562 40981 240
33104 40930 240
33736 41312 240
34176 41809 240
36073 39115 240
36646 40396 240
36918 45297 240
37598 44712 240
38973 41140 240
39009 40824 240
41502 44718 240
47058 48677 240
47493 48307 240
77 12534 241
96 214 241
329 36519 241
600 28238 241
661 11598 241
708 1397 241
727 30891 241
1130 17128 241
1284 20625 241
1343 17052 241
1421 1665 241
1460 22806 241
1526 24306 241
1792 15356 241
1957 20396 241
2069 15870 241
2477 3515 241
2617 4402 241
3059 47856 241
3146 9170 241
3370 22177 241
3635 17311 241
4207 21047 241
4268 17872 241
4491 41342 241
4694 30189 241
4712 16972 241
5177 6441 241
5351 6078 241
5535 8121 241
5631 25465 241
5675 25859 241
5725 23690 241
6024 12185 241
6497 42063 241
6962 23064 241
7033 9759 241
7378 27512 241
7480 20355 241
7578 28999 241
7930 11505 241
8121 37037 241
8649 34340 241
8819 22520 241
8827 40338 241
9008 18260 241
9194 44518 241
9792 31525 241
10121 11596 241
11947 36190 241
12272 43339 241
12497 19461 241
13040 27732 241
13692 19074 241
13979 18063 241
14572 42273 241
15071 34166 241
15221 47275 241
16068 26400 241
16255 49201 241
16533 49064 241
16786 44646 241
16795 32995 241
16813 18415 241
17828 36202 241
18315 18458 241
18909 22473 241
19027 33360 241
19112 42269 241
19133 19797 241
19509 30269 241
19537 38975 241
20220 46204 241
20875 31094 241
20896 47048 241
21086 41497 241
23041 33238 241
23056 29104 241
23572 30409 241
24081 46802 241
24476 45501 241
24950 41458 241
26170 40795 241
27135 43898 241
27552 33000 241
28086 49407 241
28603 32781 241
30382 32443 241
30385 41974 241
31566 35035 241
31620 49475 241
32396 47106 241
34158 49554 241
37475 38808 241
37557 47524 241
37584 38641 241
38516 48884 241
38952 49423 241
39563 46349 241
39733 48828 241
41578 49230 241
41803 45321 241
46813 47001 241
1 123 242
21 613 242
75 138 242
100 277 242
153 33479 242
434 11771 242
465 1581 242
995 30826 242
1416 18881 242
1559 11548 242
1596 1876 242
1754 11823 242
2052 44679 242
2251 23758 242
2545 35009 242
2825 3212 242
2885 49390 242
2971 5994 242
3015 26723 242
3046 28615 242
3398 18377 242
3482 29872 242
3667 38398 242
3735 13570 242
3766 33491 242
3968 21956 242
4455 35510 242
4645 10003 242
4648 43504 242
4706 19874 242
4769 31056 242
4812 31986 242
5584 9783 242
6047 33039 242
6272 12314 242
6580 14143 242
6621 9875 242
6660 21866 242
7188 30331 242
7473 8981 242
7601 17901 242
8206 9765 242
8281 10265 242
8840 36707 242
9204 20258 242
9330 31280 242
9452 25361 242
9594 37233 242
9840 44576 242
10083 18957 242
11178 38924 242
11221 36451 242
11357 24315 242
11916 15443 242
12560 33925 242
12592 49642 242
12648 42006 242
12829 39139 242
13348 36787 242
13456 42002 242
13496 24611 242
13775 17600 242
13944 20047 242
14132 17753 242
14145 40374 242
14378 17850 242
14533 35188 242
14652 40275 242
15071 30228 242
15453 21130 242
16150 18772 242
16198 17045 242
16402 19823 242
16409 25390 242
17389 27511 242
17430 43889 242
17479 33069 242
18145 20937 242
18318 36458 242
18351 27977 242
18692 26855 242
19902 40920 242
20423 20697 242
20774 26857 242
21068 48115 242
21098 26784 242
21223 46075 242
21592 26287 242
21926 24376 242
22214 22308 242
22503 49795 242
22658 31198 242
23055 45502 242
23474 36717 242
23766 36741 242
24103 46701 242
24542 34447 242
25314 40422 242
26105 43142 242
26683 32960 242
27217 45426 242
27586 41149 242
28036 28217 242
28393 34556 242
29423 33980 242
29675 42754 242
29898 47503 242
30033 48846 242
30323 31531 242
31268 34734 242
31631 36832 242
32149 34796 242
32368 43681 242
33491 40747 242
33762 43494 242
37134 49147 242
37762 49098 242
38168 45076 242
39824 43043 242
40115 45201 242
41102 41874 242
41 693 243
190 3027 243
225 38649 243
450 19746 243
483 35395 243
719 7325 243
874 34972 243
940 19476 243
1006 49866 243
1418 4308 243
1702 36553 243
2230 2906 243
2361 49381 243
2505 2944 243
2770 8177 243
3093 28540 243
3771 43210 243
3980 6950 243
3994 5978 243
4268 25418 243
4923 17272 243
5195 14574 243
5239 41299 243
6070 8981 243
6670 6968 243
6799 11264 243
7048 8765 243
7930 37279 243
7954 8674 243
8061 10779 243
8359 28795 243
9059 23289 243
9560 44263 243
9807 12331 243
10588 31327 243
10797 42931 243
11237 29487 243
11508 16539 243
11708 21130 243
11921 37703 243
12346 20974 243
12505 27980 243
13383 48007 243
14056 20931 243
15455 42139 243
15468 18412 243
15597 33596 243
15718 42492 243
16048 16581 243
16068 19901 243
16136 48754 243
16605 48586 243
18318 21553 243
18427 32801 243
18841 34084 243
19641 45635 243
19843 20445 243
19961 21052 243
20016 36467 243
20801 24164 243
20807 40574 243
20989 43619 243
21006 35878 243
21706 45552 243
21801 27738 243
21931 28858 243
22573 35043 243
22800 49802 243
23984 33490 243
26013 31820 243
29020 36663 243
29181 41992 243
29884 44462 243
30688 33351 243
31617 45580 243
31855 38040 243
31989 32475 243
32130 47394 243
32213 42939 243
33051 41001 243
33829 49354 243
33945 42877 243
36709 48658 243
37613 48087 243
37846 41780 243
38869 48800 243
40428 44637 243
40892 45848 243
40916 42734 243
15 10144 244
84 22867 244
275 16468 244
283 1563 244
372 15580 244
452 36766 244
504 15763 244
742 4197 244
1186 32454 244
1541 2626 244
1584 23459 244
1801 4223 244
1802 39630 244
2016 47632 244
2095 42464 244
2120 45491 244
2355 20612 244
2469 21959 244
2531 3414 244
2558 2940 244
2687 39273 244
3053 7422 244
3070 30608 244
3285 11555 244
3871 4010 244
4008 29028 244
4335 12119 244
4802 7864 244
5098 34128 244
5359 9979 244
5539 9160 244
6322 16237 244
6477 18964 244
6525 7150 244
6531 9491 244
6631 21699 244
7262 13150 244
7536 25322 244
7566 45185 244
8244 17540 244
8286 13440 244
8551 10375 244
8773 42414 244
9084 16392 244
9172 33093 244
9351 45475 244
9425 35798 244
9618 36343 244
9649 37738 244
9705 10269 244
9823 42564 244
9875 17954 244
9909 41986 244
10044 27373 244
10616 18182 244
10961 20947 244
11251 17296 244
11459 34629 244
12504 37839 244
12569 49753 244
12908 40993 244
13123 13858 244
13644 17079 244
14103 24375 244
14302 23931 244
14660 36455 244
16139 22510 244
16312 43604 244
16937 44575 244
17185 18769 244
18308 30736 244
18647 34226 244
18678 26762 244
19521 24031 244
19803 43223 244
19821 37178 244
20477 22045 244
21795 45672 244
22436 29935 244
22768 47193 244
22773 31573 244
23740 46875 244
25476 27964 244
26107 40712 244
26264 38749 244
26354 40628 244
28331 29699 244
28592 49238 244
29425 30207 244
30401 34704 244
33358 34244 244
33951 39169 244
34831 44777 244
35091 49611 244
37345 44277 244
38455 46779 244
38609 46565 244
40295 43870 244
42524 44106 244
47457 48812 244
48814 49843 244
219 5142 245
243 1788 245
271 352 245
424 9617 245
484 47826 245
598 46135 245
644 42339 245
676 19283 245
723 29722 245
938 5140 245
1141 3998 245
1193 4365 245
1259 9375 245
1381 21672 245
1478 37598 245
1755 21962 245
1896 12202 245
1988 44973 245
2210 46120 245
2339 42561 245
2408 20912 245
2834 27936 245
2861 3988 245
2994 37779 245
3379 19738 245
3737 37704 245
3930 23412 245
4130 6526 245
4173 22158 245
4246 34619 245
4306 48685 245
4777 45643 245
4780 38056 245
5231 31598 245
5274 10834 245
5297 39321 245
5685 31941 245
5992 7152 245
6081 49145 245
6149 9878 245
6356 7455 245
6532 37970 245
6600 38252 245
6623 23657 245
6645 34663 245
6657 46992 245
6683 47127 245
6717 29765 245
6791 28775 245
6953 9300 245
7181 42318 245
7709 13962 245
7744 15277 245
8166 38643 245
8570 24428 245
8608 28830 245
9146 49680 245
9747 11750 245
9756 41339 245
10163 10946 245
10912 27241 245
11078 12395 245
11364 40123 245
11575 45102 245
11590 26026 245
11686 41961 245
11941 15355 245
11984 41916 245
12299 38577 245
12387 42619 245
13135 48062 245
13740 27791 245
13992 18973 245
14058 18709 245
14324 17465 245
15638 31739 245
15849 43026 245
15883 43110 245
16142 42817 245
16636 30900 245
16940 18579 245
17579 28772 245
18031 48102 245
18696 48007 245
18726 41665 245
18984 34409 245
19614 22856 245
19807 23659 245
20068 37268 245
20376 38489 245
20691 35450 245
21598 34656 245
21688 27749 245
22665 42201 245
22760 46094 245
23115 43927 245
23838 46952 245
23880 32661 245
24332 36739 245
25263 26124 245
25269 40764 245
25460 46888 245
26273 27987 245
26612 48079 245
27253 43629 245
27923 37125 245
28560 39320 245
29034 30602 245
29383 47040 245
30363 48892 245
32127 47866 245
32364 41683 245
33419 35426 245
33595 41029 245
34317 36663 245
35694 41088 245
36035 45155 245
36983 41143 245
38315 40626 245
40390 43408 245
40924 43607 245
169 403 246
179 4772 246
239 1667 246
296 7941 246
338 3269 246
466 29522 246
624 28355 246
682 1598 246
778 5643 246
1057 8780 246
1132 6868 246
1873 16258 246
1891 14658 246
1947 36742 246
2046 2766 246
2229 11194 246
2306 2494 246
2413 13982 246
2654 5805 246
2752 10944 246
3229 3883 246
3493 27650 246
3954 26594 246
4678 40966 246
4728 11683 246
5234 11921 246
5287 14628 246
5431 15120 246
5888 20383 246
7200 28454 246
7225 33150 246
7332 17929 246
7602 10785 246
7653 21216 246
8040 38680 246
8126 29031 246
8391 27724 246
8464 35081 246
8568 48661 246
9221 37494 246
9257 33256 246
9639 33246 246
9745 38234 246
9799 47572 246
9974 18944 246
10282 29871 246
10610 36714 246
10988 16367 246
11589 22039 246
11736 27200 246
11823 33029 246
12069 36627 246
12439 37161 246
13427 42904 246
13826 43445 246
13897 37508 246
14284 25048 246
14531 49950 246
14988 26617 246
15904 48215 246
16384 37039 246
16944 35242 246
16975 46620 246
17183 37584 246
17310 41453 246
17783 36095 246
17946 30690 246
18306 31923 246
18895 28780 246
19813 32973 246
21028 38247 246
21409 39865 246
21428 27126 246
21836 35159 246
21958 23805 246
22745 33871 246
24756 43648 246
25111 40678 246
25122 40713 246
27157 47500 246
29049 32473 246
29327 42272 246
30537 48869 246
30846 33591 246
30914 32869 246
32699 46027 246
33545 43860 246
34224 44053 246
34241 42639 246
34914 35618 246
38740 45843 246
20 36649 247
132 26329 247
705 13990 247
1051 11357 247
1107 7940 247
1137 27622 247
1584 1718 247
1615 28579 247
1693 16709 247
1728 3802 247
1800 21673 247
2124 14857 247
2196 48204 247
2257 35189 247
2931 8621 247
3209 33585 247
3271 5233 247
3277 23408 247
3645 24151 247
3716 8496 247
3754 47609 247
3810 15545 247
4249 11980 247
4607 27067 247
4665 32727 247
4674 5190 247
5336 35720 247
5679 49846 247
5700 19569 247
6154 7127 247
6303 24843 247
6430 6707 247
6458 41330 247
6551 17918 247
6708 10507 247
7212 38702 247
7498 24052 247
7666 14253 247
7771 34042 247
7805 33627 247
7810 24146 247
7978 12969 247
9179 31331 247
9456 21558 247
9987 41970 247
10224 30502 247
10516 12262 247
13321 23156 247
13350 29070 247
13763 26758 247
13941 26652 247
14157 28905 247
14162 29669 247
14375 15087 247
14510 19732 247
15183 15947 247
15548 24623 247
15553 20995 247
17045 47853 247
17145 29563 247
17155 34408 247
17621 24843 247
19288 20970 247
19654 28495 247
20156 35996 247
20478 32943 247
20536 30110 247
21549 36088 247
21832 43179 247
22605 26547 247
22658 47281 247
22956 27955 247
24630 26097 247
24703 35543 247
25317 34396 247
25665 26474 247
26673 32746 247
26696 49768 247
26896 32732 247
26959 28723 247
28214 36910 247
29212 42794 247
30131 31553 247
30959 39522 247
32192 43288 247
32262 41337 247
32351 47970 247
32388 36509 247
32801 34257 247
33442 42710 247
33532 39496 247
34100 34784 247
36153 39278 247
38425 46074 247
38463 45997 247
41592 46372 247
43353 47597 247
47745 48273 247
81 797 248
236 262 248
947 14141 248
1121 49161 248
1298 4633 248
1533 13745 248
1614 5686 248
2839 8967 248
2919 30992 248
3262 10247 248
3350 11913 248
3459 9055 248
3907 41966 248
4302 13921 248
4493 9895 248
4720 7930 248
4836 31392 248
4989 44640 248
5267 10304 248
5521 12502 248
6044 45024 248
6450 42818 248
6500 8849 248
6578 22657 248
6684 35910 248
7168 16354 248
7254 16517 248
7762 17213 248
7856 15451 248
7971 47140 248
8391 34230 248
8426 40494 248
9128 45694 248
9654 42938 248
9717 14353 248
10662 23062 248
10784 21388 248
10800 23331 248
11323 44569 248
11353 47861 248
11402 22528 248
11634 36180 248
12182 45928 248
12206 47151 248
12342 29922 248
13319 26639 248
13452 18535 248
14020 16330 248
14205 36870 248
15342 16635 248
15687 30992 248
16317 16502 248
17407 41535 248
17620 34612 248
18102 31577 248
18338 21105 248
18572 27436 248
18687 21106 248
19159 23147 248
19292 43490 248
19675 21822 248
19770 28538 248
21701 45441 248
22162 32772 248
22390 24715 248
22644 25956 248
22894 23233 248
23784 24426 248
24080 25210 248
24559 26653 248
24590 28223 248
24918 32177 248
27232 39226 248
27232 48241 248
28667 30071 248
28904 43388 248
29627 37887 248
29896 38113 248
30728 34661 248
32148 33555 248
33155 39830 248
33210 46772 248
34480 49485 248
36207 40569 248
40780 46609 248
632 14875 249
752 17510 249
836 995 249
868 1274 249
973 6553 249
1001 39184 249
1436 1544 249
1626 34074 249
1766 2474 249
1911 13491 249
1997 10376 249
2588 17235 249
2650 23047 249
3206 35907 249
3245 8905 249
3327 31996 249
3489 43083 249
3628 31479 249
3687 13598 249
3792 34377 249
4229 21050 249
4402 37219 249
5146 24140 249
5226 30023 249
5444 7708 249
5755 6824 249
6030 36716 249
6083 14020 249
6305 49412 249
6856 12022 249
7420 48815 249
7514 16898 249
7785 39664 249
8399 46421 249
9557 39814 249
10041 15842 249
10473 16074 249
10611 17112 249
10749 31821 249
10801 22959 249
10810 16802 249
11019 19544 249
11369 34669 249
11586 42333 249
11923 19856 249
12195 29218 249
12844 42348 249
12911 16592 249
12997 41262 249
13004 38257 249
13040 35673 249
13101 21792 249
13478 16610 249
13986 25771 249
14642 47154 249
14779 46786 249
15546 39024 249
15601 26115 249
15951 29224 249
16325 27688 249
16373 17314 249
17262 20644 249
17697 21132 249
17727 33837 249
17848 30195 249
17890 26250 249
18370 26447 249
19900 35650 249
20046 33531 249
20621 34878 249
21366 27768 249
21508 33314 249
21529 49124 249
21991 49322 249
22056 44866 249
23551 30534 249
23614 25144 249
24612 34190 249
24933 38686 249
25040 46059 249
25245 30217 249
25313 31913 249
26262 29304 249
27569 32157 249
27673 46362 249
27855 38729 249
28027 32658 249
29067 48901 249
30010 47849 249
31918 47046 249
32026 49268 249
33285 43896 249
33335 46685 249
34263 44657 249
35927 44029 249
36821 45549 249
40248 42881 249
46517 48971 249
6 347 250
107 1577 250
171 28451 250
233 3614 250
287 11055 250
418 41684 250
422 2112 250
630 16329 250
803 1978 250
1118 1167 250
1543 36959 250
1745 46912 250
1754 15907 250
1772 32912 250
2053 14457 250
2195 33998 250
2356 2909 250
3317 44481 250
3323 16204 250
3380 5366 250
3484 18193 250
3505 20390 250
3519 10672 250
3542 39102 250
3629 20078 250
4685 35470 250
4702 6631 250
5009 44458 250
5072 24453 250
5194 43717 250
5311 43289 250
5395 9509 250
5487 9926 250
5962 7470 250
6094 16434 250
6202 40825 250
7057 20745 250
7112 48488 250
7181 43311 250
8282 17957 250
8740 33757 250
9395 37391 250
9433 41899 250
9851 23745 250
10949 20978 250
11030 47252 250
11339 21507 250
11371 22672 250
11571 13510 250
11659 44448 250
11670 29955 250
11989 41791 250
12252 39575 250
12393 27209 250
13822 31180 250
14249 21610 250
14599 37965 250
14807 21066 250
15020 45068 250
16023 42419 250
16058 34994 250
16904 23988 250
17002 19829 250
17367 40482 250
17402 29712 250
18150 30144 250
18396 40761 250
18829 42978 250
20035 29049 250
20092 22070 250
21947 24918 250
22353 22370 250
22824 23502 250
23817 42715 250
24109 31977 250
24317 24742 250
24563 47853 250
25354 49713 250
25919 27573 250
26001 43471 250
26553 31628 250
26568 47818 250
26583 27627 250
27388 38975 250
27503 28972 250
28728 47332 250
31999 32716 250
32654 42537 250
38722 48048 250
39010 41241 250
39437 48905 250
40136 49557 250
40574 42181 250
41335 47295 250
41732 42667 250
41786 45499 250
45799 48296 250
46422 49608 250
47 32043 251
259 391 251
382 40985 251
689 46697 251
713 29047 251
768 45485 251
834 28991 251
982 26249 251
1377 26763 251
1804 8034 251
2160 22786 251
2575 3563 251
2693 12078 251
2749 49086 251
2766 13994 251
2824 16317 251
3125 3224 251
3180 20158 251
3202 47196 251
3520 3930 251
3750 39133 251
4647 43045 251
4920 15407 251
4956 7427 251
5181 7027 251
5263 28239 251
5519 10741 251
5626 19362 251
5971 10197 251
6218 13222 251
6405 41751 251
6423 11024 251
6515 20999 251
6903 27689 251
7130 18397 251
7236 48917 251
7248 32526 251
7386 30355 251
7575 35412 251
7653 42957 251
7686 11171 251
8668 14768 251
8830 42793 251
8878 37604 251
8961 33245 251
9116 33442 251
9197 39771 251
9437 34575 251
9482 46557 251
9548 43714 251
9645 23325 251
9908 25898 251
9998 17107 251
10176 39348 251
10430 13075 251
10452 18670 251
10551 39057 251
10858 16647 251
10941 19139 251
11015 22105 251
11654 37176 251
11967 39423 251
12784 15287 251
12785 24712 251
13038 16036 251
13078 28134 251
13218 39496 251
14068 39487 251
14894 38473 251
15134 21307 251
15631 15667 251
16153 30335 251
16272 31244 251
16286 27395 251
16863 47109 251
17791 32067 251
18019 32886 251
18071 45626 251
18279 42063 251
19649 22066 251
19820 32688 251
20106 22204 251
20248 37539 251
21872 47128 251
23398 43688 251
23933 30877 251
25522 43147 251
25537 44584 251
25842 31836 251
27052 47666 251
28701 45625 251
29590 39018 251
29705 39051 251
30512 34046 251
31555 41062 251
31693 48621 251
33143 47658 251
33981 45951 251
34761 49937 251
36901 47858 251
37093 45875 251
37867 49039 251
38813 45741 251
41568 45720 251
42868 46440 251
44112 49418 251
90 154 252
435 21425 252
522 19020 252
686 45163 252
718 7809 252
746 1725 252
752 4070 252
905 9209 252
1022 3193 252
1190 5863 252
1381 2375 252
1633 3717 252
1744 6391 252
1953 33502 252
1985 4693 252
2181 27783 252
2248 4330 252
2296 11511 252
2305 34525 252
2458 30267 252
2482 5435 252
2684 22458 252
2688 10958 252
2994 6488 252
3093 34638 252
3526 5695 252
3561 28159 252
3698 40512 252
4018 20801 252
4208 21443 252
4266 8641 252
4653 13791 252
5190 24572 252
5350 32082 252
5477 35810 252
5524 7411 252
6079 18723 252
6110 19386 252
6262 22985 252
6589 28342 252
6683 19286 252
6782 7435 252
6833 26851 252
6869 19714 252
7160 28541 252
7242 43826 252
7629 10277 252
8490 37905 252
8904 38290 252
9213 20741 252
9839 25139 252
10058 21624 252
10426 30842 252
10554 44503 252
10779 31927 252
11359 26251 252
11763 18168 252
11773 39537 252
11812 15444 252
11887 15528 252
14231 19905 252
14343 41852 252
16048 42222 252
16762 31088 252
17459 26112 252
17776 23623 252
17866 38344 252
17969 29542 252
18095 49588 252
18802 21642 252
19120 33009 252
19244 37621 252
19854 22331 252
20610 42358 252
20620 29229 252
21138 37067 252
21348 25236 252
22050 47912 252
22638 36444 252
23212 46086 252
23503 32247 252
23808 46200 252
24204 26345 252
24245 37972 252
24588 27776 252
24927 49716 252
26064 47425 252
26521 37269 252
27538 36719 252
27682 38697 252
27897 46833 252
27958 30702 252
28247 36270 252
28393 45351 252
30129 31525 252
30546 41553 252
31098 38874 252
32954 33442 252
33033 40157 252
37893 40829 252
38584 47150 252
39253 42146 252
40169 41713 252
42692 43581 252
43868 45055 252
45587 46908 252
47 858 253
401 784 253
782 18915 253
795 18543 253
942 10765 253
964 5510 253
966 10772 253
1019 7648 253
1090 6984 253
1369 7091 253
1407 17122 253
1499 2850 253
1518 1591 253
1641 5260 253
1855 27506 253
1856 40028 253
1996 48962 253
2030 29890 253
2134 28583 253
2582 34746 253
3018 10812 253
3074 43834 253
3173 13313 253
3200 33420 253
3504 5754 253
3528 39877 253
3577 44556 253
3658 32164 253
3728 7712 253
4091 7745 253
4576 20363 253
5046 6449 253
5407 34711 253
5551 28502 253
5745 9451 253
6070 48963 253
6349 27119 253
7120 15855 253
7122 43824 253
7504 28992 253
7564 48465 253
8041 45101 253
8293 48907 253
8373 21857 253
8893 19354 253
9099 17417 253
9574 43587 253
9653 37564 253
9892 43573 253
10206 11244 253
10277 29423 253
10329 16921 253
10557 45602 253
11399 19719 253
11460 21754 253
12195 21551 253
12596 19920 253
12624 23716 253
13193 25103 253
14080 15660 253
14574 20431 253
15432 20440 253
16101 21200 253
17143 30262 253
17287 41589 253
17977 37552 253
18065 20841 253
18355 21671 253
18840 33110 253
19198 38396 253
19599 41517 253
19600 45519 253
20328 46074 253
21144 38878 253
22116 47651 253
22700 44638 253
22809 47750 253
23050 33324 253
23857 40665 253
24098 33269 253
25275 33863 253
26030 48104 253
29314 39832 253
29856 47077 253
31260 31501 253
31814 42058 253
32155 42211 253
32281 43054 253
33677 40834 253
35062 44427 253
35510 40567 253
37606 38698 253
37872 45339 253
38564 39925 253
40774 48149 253
41113 43354 253
31 113 254
72 964 254
120 12057 254
228 21485 254
346 25998 254
355 748 254
479 3930 254
729 8332 254
797 5688 254
797 41507 254
826 10418 254
1391 21382 254
1916 43833 254
1923 2603 254
1953 44535 254
2023 33330 254
2166 18701 254
2294 26530 254
2344 42028 254
2356 4202 254
2360 7754 254
2637 7133 254
2763 24976 254
3213 46520 254
3304 23834 254
3415 22598 254
3624 23470 254
4000 12592 254
4005 18478 254
4008 11503 254
4165 6947 254
4407 22783 254
5770 43342 254
5942 29614 254
6151 11303 254
6831 7953 254
7341 45720 254
7500 20533 254
8356 30453 254
8496 21272 254
8664 27843 254
8811 47656 254
8996 48230 254
9035 15410 254
9069 20599 254
9265 34019 254
9606 38117 254
9688 10779 254
9971 20169 254
10434 16502 254
10616 24393 254
11030 33298 254
11870 35079 254
12289 14247 254
12553 29261 254
12949 32838 254
12969 24252 254
13849 25194 254
13871 47090 254
14929 16073 254
15118 22609 254
16125 27626 254
16944 18957 254
17084 41910 254
18342 19342 254
18380 42515 254
18734 38272 254
18903 45077 254
19787 28543 254
19959 36281 254
20270 39103 254
20941 21476 254
21204 47814 254
21261 42372 254
21389 25542 254
22231 24795 254
22484 24874 254
23229 29713 254
23724 28457 254
25639 45852 254
26746 47020 254
28136 38347 254
29209 30111 254
29484 35546 254
29774 40484 254
29838 42967 254
32010 48776 254
32950 34028 254
35634 44089 254
36827 42153 254
40707 49193 254
44798 48177 254
19 48123 255
430 2006 255
495 589 255
592 1145 255
843 930 255
959 5992 255
1075 5297 255
1151 26706 255
1225 33988 255
1400 1807 255
1787 7271 255
1790 6071 255
1800 19793 255
2013 11726 255
2220 6690 255
2316 46876 255
2520 4804 255
2534 37914 255
2605 45629 255
2636 6779 255
2867 22866 255
3528 6873 255
3573 5541 255
3654 7984 255
3970 39990 255
4178 24543 255
4344 33862 255
4641 24649 255
5056 44839 255
5074 6426 255
5176 7918 255
5438 25286 255
6116 21677 255
6234 11569 255
6260 8074 255
6721 40038 255
6775 44430 255
6824 34197 255
6832 19953 255
7006 23594 255
7071 20436 255
7407 10162 255
8325 27287 255
9227 12042 255
9369 24829 255
9401 23403 255
9462 25926 255
9522 38416 255
9999 17408 255
10255 27297 255
10928 48452 255
11004 34755 255
11079 33491 255
11212 14512 255
11434 17722 255
11457 15711 255
11932 23193 255
11984 39888 255
11996 43536 255
12299 47631 255
12392 44593 255
12642 43758 255
13127 38314 255
13186 14090 255
13196 36419 255
13400 31497 255
13436 35422 255
13564 36787 255
13622 18470 255
13878 33949 255
14278 47269 255
14762 48303 255
14856 43863 255
15062 41622 255
15107 41730 255
15843 22127 255
16517 25792 255
16541 25317 255
16686 39488 255
17151 18713 255
17162 43506 255
17163 49590 255
18925 30658 255
19113 37317 255
20128 34264 255
20201 48336 255
21060 31149 255
21227 23738 255
21771 24905 255
21937 28296 255
22163 39050 255
22310 32375 255
23202 43843 255
23292 39741 255
25085 38471 255
25213 42083 255
25443 31465 255
26121 39151 255
26929 35539 255
27024 28875 255
27093 29665 255
28514 36429 255
28689 29638 255
28994 49802 255
29736 45899 255
30134 41506 255
31263 45694 255
31809 46133 255
32472 48501 255
32819 41754 255
33308 47040 255
33906 41879 255
35574 45146 255
36752 41964 255
38203 49276 255
44567 49713 255
218 1168 256
259 393 256
266 29977 256
502 29964 256
531 2706 256
586 14136 256
666 44003 256
730 11271 256
1106 3548 256
1417 8221 256
1526 15209 256
1616 3020 256
1857 31475 256
2419 13269 256
2424 30525 256
2531 28624 256
2544 4035 256
2567 27983 256
2612 17891 256
2910 14045 256
3003 3865 256
3170 42942 256
3446 4873 256
3528 26437 256
5384 11352 256
5590 38998 256
5814 11639 256
6021 7867 256
6352 19208 256
6608 38044 256
7444 15174 256
7636 14634 256
7650 43510 256
8142 27939 256
8223 14552 256
8384 24760 256
8602 23104 256
8686 40353 256
8727 30926 256
8998 31263 256
9151 42105 256
9458 14851 256
9837 16454 256
10320 32644 256
10729 12177 256
11886 27352 256
12554 29769 256
13512 40560 256
13748 32050 256
15375 38106 256
15486 19435 256
15646 44434 256
15652 43017 256
15706 49365 256
15922 33026 256
16262 32855 256
16564 47995 256
16855 20073 256
17470 23155 256
19402 29794 256
19434 44395 256
19624 28635 256
19730 39030 256
21050 36596 256
22183 40540 256
22297 28084 256
22846 34152 256
23064 47992 256
23483 46753 256
23962 37788 256
24086 42760 256
24091 28517 256
24171 28017 256
25595 43837 256
25945 30335 256
26399 33188 256
26884 36289 256
27353 36959 256
28025 28372 256
28255 38672 256
28577 33098 256
29171 49227 256
29349 37044 256
29760 45794 256
30761 34401 256
30793 31555 256
35990 49526 256
37375 40714 256
37832 40793 256
38514 44190 256
38947 46552 256
40205 47204 256
41514 47796 256
44006 47346 256
45534 48009 256
46192 46464 256
13 336 257
90 159 257
347 15333 257
610 6790 257
725 43543 257
846 3566 257
1052 19600 257
1135 3411 257
1215 5207 257
1314 22721 257
1963 7658 257
2199 11906 257
2265 29677 257
2392 22507 257
2822 10848 257
2941 7909 257
4431 10092 257
4435 27014 257
4516 23663 257
4571 8379 257
4631 38140 257
4720 46129 257
5195 32433 257
5808 35164 257
5914 13596 257
6100 25392 257
6478 45833 257
6530 7897 257
6852 22195 257
6888 26634 257
7309 7582 257
7489 14654 257
7683 45072 257
7912 21504 257
8251 49708 257
8548 11232 257
9258 24949 257
9628 33309 257
9798 43813 257
10055 13147 257
10588 24235 257
10702 47283 257
10767 43561 257
11830 31403 257
12153 34469 257
12469 32195 257
13246 14817 257
13347 20872 257
13957 37512 257
13962 26843 257
14681 21933 257
15206 32844 257
17286 24283 257
17461 37755 257
17503 22664 257
17750 38941 257
18418 24112 257
18509 25271 257
18945 27259 257
19217 40740 257
19336 26824 257
19602 25971 257
19680 34260 257
20548 44800 257
20864 39266 257
21074 35883 257
21158 44702 257
21497 44139 257
21549 44194 257
22148 22308 257
23264 32104 257
23757 25596 257
23851 34172 257
24046 30541 257
24962 31500 257
25927 39951 257
26884 31647 257
27989 42770 257
28021 37582 257
29069 47102 257
29333 48398 257
30030 44833 257
30317 35814 257
31209 32362 257
33929 38517 257
38505 44336 257
39405 48961 257
42228 46932 257
46835 47945 257
97 35729 258
139 150 258
353 3602 258
369 3835 258
466 46188 258
576 21991 258
867 11765 258
1103 39373 258
1568 17441 258
1579 34577 258
1612 2812 258
1675 6450 258
1794 4588 258
1853 5353 258
1869 11638 258
1974 9685 258
2531 11525 258
2572 4677 258
2713 7483 258
2756 30277 258
3165 7246 258
3249 19486 258
3428 4260 258
3898 46834 258
4201 17980 258
4377 13195 258
4531 6896 258
4729 18082 258
4766 33915 258
5579 48013 258
5726 17354 258
6172 9684 258
6278 19252 258
6442 18580 258
6493 26384 258
6641 42079 258
6655 23293 258
6684 47595 258
7101 49426 258
7254 25602 258
7588 16966 258
7602 34582 258
8264 35849 258
8392 18800 258
9561 47467 258
9806 11852 258
9937 29393 258
10008 41040 258
10182 19488 258
10301 44615 258
10378 19434 258
10418 15687 258
10642 29296 258
11270 26912 258
11284 18660 258
11381 21706 258
11725 33948 258
11984 47368 258
13175 46118 258
13296 24963 258
13743 15771 258
13925 19200 258
14092 27122 258
14281 48041 258
14310 41371 258
14326 25641 258
14407 15483 258
14828 22432 258
15060 41443 258
15612 19954 258
15643 25664 258
15748 33703 258
15762 18374 258
16161 25959 258
17030 33790 258
17655 23991 258
18479 33876 258
18707 48262 258
19014 36176 258
19281 25574 258
19286 20677 258
19982 37949 258
21503 44194 258
22367 41408 258
22922 36414 258
23008 38429 258
23259 24987 258
23303 32795 258
23454 38295 258
23734 24805 258
24161 32738 258
24672 29970 258
24911 25065 258
25086 27291 258
25156 29513 258
25381 34016 258
28397 35683 258
28566 48125 258
28612 35528 258
29241 44037 258
29730 34252 258
30276 48437 258
30647 47412 258
31272 44202 258
31740 33119 258
32514 33927 258
33401 41248 258
34831 39064 258
35675 37879 258
35774 43399 258
35908 41206 258
37048 45583 258
38645 48382 258
38957 46491 258
41125 43099 258
34 2180 259
435 24261 259
497 27175 259
546 974 259
681 21773 259
771 3252 259
806 43767 259
1093 36092 259
1122 7638 259
1123 4153 259
1564 11974 259
2051 6135 259
2676 27510 259
3119 44206 259
3428 10895 259
3518 20389 259
3836 7830 259
4224 15186 259
5324 48085 259
5347 35372 259
5804 12939 259
5826 44002 259
6666 39973 259
6772 44791 259
6779 42581 259
6788 26508 259
7466 37210 259
7723 9190 259
7904 40795 259
8112 23267 259
8628 18907 259
8679 38164 259
8869 31320 259
8983 18404 259
9468 17655 259
9863 38678 259
10911 16941 259
11190 15659 259
11477 16516 259
11490 18091 259
11512 24396 259
11540 38064 259
11581 30107 259
12009 18880 259
12588 43961 259
12782 49301 259
12892 46533 259
13103 37509 259
14170 48964 259
14179 32701 259
14438 17349 259
14445 16742 259
14547 45747 259
14593 26220 259
14763 35604 259
14813 22737 259
15337 46548 259
16045 26432 259
16122 39409 259
16694 40860 259
16914 30279 259
16935 26710 259
20169 44952 259
20341 40935 259
20552 21312 259
21788 40314 259
22992 39330 259
23492 32338 259
23694 43234 259
24094 36724 259
24669 33704 259
25607 39216 259
26571 35032 259
28070 45440 259
29663 45783 259
31033 31860 259
32878 32995 259
33439 42197 259
35070 43000 259
35854 43971 259
36708 49315 259
36802 47074 259
37993 49909 259
38710 41727 259
41373 45357 259
42313 44588 259
44699 48941 259
45315 47678 259
334 1203 260
402 1858 260
452 42821 260
699 1054 260
735 7445 260
878 26368 260
1098 7089 260
1194 44461 260
1216 34707 260
1566 40340 260
1691 3149 260
1721 32575 260
1727 14257 260
1760 2367 260
2026 7279 260
2228 3136 260
3129 43297 260
3154 47911 260
3383 43227 260
3452 4217 260
3966 15926 260
4266 6330 260
4367 24571 260
4871 7884 260
5164 7694 260
5394 11647 260
5618 25629 260
6102 47608 260
6203 48442 260
6618 46492 260
7070 38987 260
7189 19578 260
7278 30738 260
7801 13657 260
8348 16559 260
8392 16941 260
8494 15904 260
8646 28764 260
8676 30680 260
8925 20317 260
9211 42200 260
9220 39040 260
9517 17637 260
9971 42323 260
10671 11087 260
11389 47158 260
11393 15043 260
11403 47839 260
12252 34518 260
12507 14841 260
12667 27409 260
13270 29343 260
13673 23707 260
13905 34769 260
13947 43953 260
13992 15361 260
14226 16171 260
14763 44488 260
15193 29048 260
15301 35823 260
15592 34488 260
15610 22627 260
15910 26330 260
16012 35200 260
16449 24342 260
16491 24448 260
17285 25784 260
18588 49897 260
20456 27274 260
20571 38050 260
20685 26159 260
21454 25356 260
21868 27628 260
22188 44581 260
22218 27262 260
22915 33207 260
23489 31691 260
23980 25559 260
24027 35724 260
25062 33844 260
25490 44090 260
25679 48688 260
26751 40830 260
26928 47914 260
28830 34192 260
29114 41507 260
30643 31034 260
30826 31570 260
30954 39306 260
32340 36863 260
32509 32542 260
32608 49633 260
32929 48212 260
33485 47579 260
33717 39535 260
39476 46676 260
40571 46253 260
40872 46471 260
44866 47846 260
47121 49976 260
541 13917 261
705 1085 261
852 1083 261
941 7580 261
1040 4114 261
1123 18154 261
1159 17614 261
1526 47404 261
1619 3572 261
1751 2098 261
1798 4934 261
1878 23370 261
1989 23930 261
2234 5398 261
2287 8972 261
2308 5294 261
2480 3275 261
2537 8718 261
2573 24774 261
2783 30567 261
3153 6425 261
3303 48404 261
3372 15324 261
3434 4434 261
3464 12347 261
3489 20181 261
3606 36803 261
3948 34973 261
4240 5372 261
4540 41207 261
4677 34611 261
4750 39115 261
5400 7109 261
5713 31607 261
5821 28720 261
6050 15474 261
6226 49079 261
6426 24685 261
6481 43998 261
7374 36573 261
7541 13864 261
8056 12608 261
8084 27945 261
8352 31704 261
8510 16152 261
8941 11613 261
9109 43271 261
10200 38708 261
11722 26885 261
11843 13762 261
12014 16342 261
12567 15449 261
12600 30405 261
12873 35795 261
12916 33137 261
13175 19676 261
14266 46260 261
14355 16318 261
14413 48946 261
14716 19088 261
15034 29300 261
15384 28459 261
15485 15645 261
15768 30119 261
15828 40804 261
17097 35137 261
17126 25045 261
17539 47969 261
17632 24981 261
17898 23840 261
18404 43180 261
18599 28884 261
18709 46176 261
18912 28381 261
19360 39576 261
19670 30381 261
19731 33635 261
20057 29758 261
20143 35871 261
20290 30139 261
20922 28343 261
21298 35050 261
22627 31233 261
23386 40056 261
24185 35717 261
24384 48406 261
24815 31309 261
25049 45531 261
25403 45211 261
25826 43340 261
25832 32609 261
27484 34965 261
27517 29202 261
28802 30835 261
29863 36887 261
30059 46559 261
31515 33472 261
32339 38667 261
32371 45773 261
33295 43761 261
35195 35344 261
35400 49582 261
35802 47774 261
36950 49718 261
37617 46360 261
41650 43593 261
42602 47173 261
45864 48774 261
67 660 262
100 1011 262
654 49719 262
689 18692 262
848 4963 262
928 4004 262
1436 23068 262
1730 8977 262
2082 2361 262
2368 24214 262
2396 36356 262
2677 20762 262
3036 7384 262
3356 41153 262
3893 5431 262
3923 6120 262
4080 25588 262
4159 34267 262
4342 15020 262
4631 6905 262
4851 14363 262
4868 26599 262
4902 7050 262
4918 34917 262
5254 44028 262
5462 17247 262
5804 29297 262
6038 23185 262
6040 22723 262
6096 7958 262
6112 30391 262
6117 20310 262
6196 19730 262
6816 9751 262
6834 25449 262
7169 39866 262
7516 24852 262
7686 39776 262
7864 11082 262
8342 14973 262
8392 27106 262
8447 39620 262
8464 43456 262
8516 25398 262
8645 12348 262
8719 29812 262
8865 40035 262
9114 23740 262
9379 15614 262
9918 19114 262
9952 36620 262
10134 26939 262
10413 19855 262
10985 21988 262
11158 44461 262
11734 43805 262
12100 19506 262
12156 37559 262
12370 26432 262
12435 25000 262
12944 48473 262
13090 19189 262
13096 28856 262
13119 44494 262
13957 40226 262
13982 43451 262
14408 15266 262
14721 29123 262
14749 29592 262
14782 28414 262
14856 23316 262
16024 32027 262
16120 38152 262
16789 19757 262
17089 27527 262
17751 31140 262
18258 38232 262
18597 35975 262
18719 36931 262
19070 42696 262
19444 26119 262
20613 25201 262
21080 31887 262
21509 38600 262
22345 31834 262
22668 47524 262
22938 49627 262
23072 26281 262
23185 24515 262
23249 38605 262
24053 29264 262
24436 47881 262
25267 25296 262
25588 33861 262
25801 34277 262
26239 38230 262
27726 43019 262
28452 33554 262
28488 39270 262
30414 43769 262
31243 48926 262
31816 36494 262
32354 34089 262
32656 34113 262
37252 41432 262
38930 42929 262
40836 43026 262
42106 49312 262
42365 44318 262
44575 45262 262
44734 44794 262
4 2934 263
31 20316 263
459 3088 263
611 18033 263
636 1019 263
1091 9026 263
1185 36282 263
2178 3063 263
2598 46421 263
2927 3341 263
2945 16766 263
3006 3979 263
3007 31198 263
3238 25316 263
3338 14626 263
3564 10135 263
4160 31417 263
4387 33236 263
4461 8135 263
4557 31086 263
4607 47760 263
4715 21715 263
4930 12364 263
5489 15604 263
5505 8920 263
5841 10200 263
6215 20351 263
6370 47618 263
6392 24940 263
6773 38403 263
6811 15992 263
7110 33022 263
7554 35722 263
7895 39987 263
7938 38130 263
8526 48419 263
8841 45197 263
8849 27654 263
9114 41267 263
9239 29681 263
9361 23967 263
9571 9832 263
9620 11276 263
9803 11385 263
9889 20686 263
10532 34378 263
10534 42654 263
11203 17825 263
11387 21761 263
11969 22007 263
12247 34094 263
12379 28528 263
12392 29935 263
13356 22844 263
14018 49874 263
14196 23187 263
14909 16395 263
15246 33867 263
17698 40686 263
17977 32805 263
18102 32808 263
18318 19915 263
19728 42435 263
19759 31832 263
20445 28890 263
20555 38469 263
22328 23486 263
22438 26358 263
22492 44088 263
22861 39064 263
22952 24734 263
23218 32560 263
24743 38744 263
25362 36840 263
25479 26774 263
26864 49967 263
26914 43149 263
27076 40636 263
27987 28639 263
28919 38675 263
29085 31764 263
29393 42687 263
29564 37790 263
29620 43682 263
29690 32465 263
30824 36309 263
31148 47884 263
34989 39651 263
36306 44394 263
37147 45220 263
38472 49455 263
39243 45565 263
43511 47620 263
45335 49454 263
45708 48815 263
83 1120 264
107 3502 264
126 36687 264
168 12358 264
318 399 264
330 34026 264
361 27027 264
727 4495 264
758 29564 264
1519 26199 264
1631 11040 264
2143 39988 264
2219 24417 264
2284 10132 264
2420 17985 264
2599 9705 264
3037 13659 264
3310 13869 264
3534 9399 264
3904 49796 264
4188 8749 264
4336 18376 264
4638 7253 264
4740 42059 264
4769 38776 264
4831 36633 264
4970 9692 264
6167 46125 264
6534 45818 264
6580 39161 264
6651 10306 264
7120 15584 264
7323 11731 264
7678 21907 264
8540 37359 264
9095 28753 264
10187 28337 264
10354 20701 264
10826 48559 264
10909 22181 264
11267 20786 264
11416 18994 264
11460 17633 264
11706 42514 264
12528 42561 264
12569 32830 264
12950 23748 264
13093 42931 264
13137 30256 264
13139 14126 264
13207 27019 264
13307 35948 264
13891 17523 264
14793 20925 264
14871 34217 264
14935 47791 264
15062 42985 264
16482 20086 264
16500 22387 264
17859 39432 264
17938 40937 264
18360 42862 264
19969 20649 264
20609 41280 264
21853 26308 264
22515 45088 264
22823 33908 264
22990 42168 264
23696 41539 264
23888 30161 264
25639 44983 264
25749 49600 264
27266 47986 264
28455 42673 264
29023 47533 264
29886 46576 264
31343 48306 264
32835 47332 264
33435 47292 264
34131 47507 264
34432 43244 264
35888 36708 264
36744 45314 264
43081 45446 264
43361 44872 264
321 39098 265
565 1759 265
678 25551 265
711 16486 265
874 17929 265
921 16116 265
1039 8275 265
1162 2065 265
1174 13498 265
1403 46610 265
1443 49778 265
1485 4880 265
1531 18649 265
1669 10273 265
1716 16376 265
1837 12044 265
1846 33947 265
1856 4929 265
1863 4189 265
1883 18485 265
1965 4669 265
2002 2024 265
2157 36480 265
2894 27968 265
2897 9821 265
3044 36607 265
3174 43086 265
3471 21457 265
3732 28692 265
3751 26379 265
3890 10553 265
3937 8083 265
3979 14161 265
4047 39054 265
4469 15815 265
4611 10220 265
4637 30857 265
4744 32936 265
5071 36070 265
5268 11166 265
5688 20018 265
5843 9142 265
5845 30947 265
6070 21544 265
6479 9314 265
6632 24191 265
6883 17768 265
7455 49732 265
7646 11391 265
7775 36724 265
7810 15304 265
8724 20929 265
8775 18744 265
8839 21923 265
8888 42193 265
9180 32680 265
9884 37502 265
9928 13358 265
10700 12432 265
11300 13632 265
11312 34454 265
12137 35509 265
12149 24694 265
12330 25808 265
12343 41863 265
12888 22119 265
13128 16070 265
13464 23245 265
13955 26046 265
14510 30001 265
14635 15201 265
14702 28402 265
14721 22157 265
15105 35987 265
15761 19635 265
16211 37110 265
16255 34842 265
16495 40048 265
17337 29715 265
17881 22211 265
18198 44690 265
18624 38345 265
18802 38575 265
19259 44342 265
19279 22332 265
19399 34022 265
19767 32193 265
19879 37898 265
19924 28503 265
20338 31618 265
21826 27623 265
21847 49037 265
21957 33048 265
22363 36514 265
23457 42483 265
24512 39008 265
25435 32637 265
25758 39416 265
25833 46985 265
26252 38830 265
27713 42877 265
27856 44045 265
29113 36523 265
29382 45517 265
29571 46282 265
30689 45568 265
31106 47503 265
31196 44579 265
32980 48587 265
34992 48996 265
36006 39499 265
37333 41195 265
37867 43080 265
39089 39612 265
39958 41929 265
52 166 266
343 20797 266
347 7205 266
542 963 266
612 12643 266
809 16056 266
826 1267 266
939 2091 266
949 19864 266
1390 47110 266
1436 19737 266
1440 12211 266
1448 20780 266
2564 46656 266
3078 10602 266
3118 10153 266
3816 7550 266
3879 32482 266
4119 28671 266
4146 39275 266
4286 33842 266
4375 40610 266
4396 9680 266
4412 47376 266
4938 33615 266
4974 13532 266
5160 27554 266
5275 12474 266
5812 33264 266
6039 11230 266
6140 11488 266
6176 28956 266
6573 18749 266
7420 46961 266
7535 22936 266
7698 43174 266
7710 11241 266
7738 16962 266
7935 31623 266
7997 12680 266
8073 10011 266
8244 29034 266
8731 15618 266
10235 16231 266
10280 25390 266
11223 15167 266
11229 28450 266
11524 19827 266
11795 16393 266
12316 36454 266
13212 38201 266
13583 17526 266
13863 20279 266
14065 35619 266
14373 15065 266
14415 40988 266
15624 21959 266
15805 22560 266
16342 35089 266
16774 30171 266
16854 46067 266
17008 26215 266
18896 34828 266
18925 33112 266
20876 43419 266
21205 39827 266
21610 24188 266
21662 31254 266
21945 33534 266
22201 29624 266
22495 39399 266
22600 40381 266
22952 31517 266
23081 23965 266
23838 49882 266
24161 45894 266
24951 49631 266
25076 34330 266
25402 28703 266
25793 41591 266
26246 29682 266
26292 49864 266
28202 43904 266
29287 49661 266
29543 44240 266
30855 32497 266
30966 47620 266
31672 36074 266
33459 46585 266
33475 35569 266
34955 38290 266
38721 41686 266
41763 42334 266
46940 47831 266
46980 47786 266
329 5765 267
343 806 267
353 1686 267
453 14948 267
564 620 267
666 4373 267
727 22139 267
869 3861 267
951 1698 267
1237 33231 267
1352 48714 267
1394 41093 267
1444 2922 267
1744 45375 267
1799 35813 267
2101 2531 267
2231 48370 267
2264 4428 267
2311 19381 267
2318 30678 267
2731 21482 267
2874 23170 267
3082 21429 267
3118 10991 267
3205 6309 267
3345 4444 267
3409 14592 267
4531 21361 267
4737 17888 267
4789 9215 267
4807 13409 267
5190 7832 267
5249 28659 267
5431 12893 267
5688 10447 267
5760 25041 267
6158 7851 267
6446 7770 267
6634 7266 267
6664 48056 267
7005 41955 267
7084 24785 267
7420 24945 267
7628 26891 267
7943 39874 267
7961 9448 267
8354 39528 267
8718 25772 267
8945 25163 267
9133 21748 267
9229 43919 267
9493 37338 267
9495 41774 267
9825 38609 267
9917 12158 267
10186 25807 267
10222 11774 267
10328 40390 267
10722 35860 267
10775 26203 267
11105 48034 267
11534 28315 267
11769 22676 267
12095 27324 267
12096 46255 267
12823 46985 267
13155 36372 267
13949 33946 267
13963 16107 267
14096 26844 267
14431 28379 267
14541 47743 267
14724 33966 267
15245 46775 267
15312 26819 267
15472 18835 267
15909 22620 267
15929 46716 267
15960 33202 267
16664 39471 267
16818 24616 267
17332 34630 267
17780 28276 267
18183 38294 267
18818 45008 267
18890 28379 267
19035 37405 267
19085 27425 267
19234 32002 267
19932 44525 267
20072 45849 267
21203 30746 267
21256 38764 267
22305 32427 267
22329 47332 267
22529 34258 267
22606 28861 267
23791 26539 267
24085 32599 267
24538 35513 267
24737 38235 267
26012 41830 267
26260 29718 267
26911 47885 267
26969 31627 267
26988 40676 267
28515 45679 267
29019 40700 267
29346 44451 267
30398 46736 267
31087 43490 267
31551 41461 267
35357 49146 267
35364 37358 267
36945 47547 267
39936 47376 267
39979 45018 267
40525 47517 267
41914 44371 267
48157 49177 267
103 23040 268
581 48045 268
718 39386 268
1070 1101 268
1141 1924 268
1504 29746 268
1752 6019 268
1776 6094 268
2052 8739 268
2137 5255 268
2421 43726 268
2533 6257 268
2801 4510 268
3592 34695 268
3911 45840 268
4005 18568 268
4010 47032 268
4458 35187 268
4640 18385 268
4802 19640 268
4922 9025 268
5160 40797 268
5192 48345 268
5325 10893 268
5519 33364 268
5883 32729 268
5922 10661 268
6063 6294 268
6221 11347 268
6368 24387 268
6514 16339 268
6583 43941 268
6929 10218 268
7225 24641 268
7266 25645 268
7403 49751 268
7558 31087 268
7693 33614 268
9106 13917 268
9109 48261 268
9394 14594 268
9575 29147 268
9599 36822 268
9665 14167 268
10546 29687 268
11444 42700 268
11448 16918 268
11549 23327 268
12023 48460 268
12068 43609 268
12193 21788 268
12354 28757 268
12554 21285 268
12561 32372 268
12925 25379 268
13028 26012 268
13439 49830 268
13694 29679 268
13937 38716 268
15049 17241 268
15094 15179 268
16501 22003 268
16733 17098 268
16818 16914 268
17034 38761 268
17744 45118 268
17843 22436 268
17847 39708 268
18949 21141 268
20760 43953 268
21824 23728 268
22671 25393 268
23450 42333 268
23949 40859 268
24105 45572 268
24200 34139 268
24227 34703 268
25998 30771 268
26932 35987 268
27175 39259 268
27360 28547 268
27579 47875 268
28520 41337 268
29354 42541 268
33150 46526 268
33450 49641 268
33541 34230 268
36204 40724 268
36701 41090 268
36757 39258 268
39816 46386 268
42006 42337 268
235 13587 269
295 12609 269
426 46567 269
438 11245 269
551 32331 269
589 19090 269
627 33856 269
1032 2638 269
1094 3370 269
1184 22700 269
1206 3266 269
1911 32899 269
2244 31612 269
2514 2891 269
2523 31618 269
2631 26270 269
3057 22137 269
3246 15223 269
3282 3532 269
3776 4235 269
3835 43291 269
3904 7352 269
4760 11386 269
4940 12298 269
5290 9504 269
5386 13315 269
5475 44949 269
5670 11448 269
5713 11557 269
5715 15262 269
5860 13533 269
5987 44749 269
6005 32245 269
6646 25475 269
6692 14236 269
7569 10529 269
7603 21736 269
7678 16657 269
8241 12665 269
8360 46555 269
8522 39586 269
8799 14716 269
9056 43919 269
9077 21135 269
9227 12001 269
9302 16444 269
9521 13083 269
9611 18406 269
9705 22996 269
10614 17839 269
11460 32435 269
12160 23744 269
12432 13081 269
12646 49347 269
13525 20003 269
13600 23453 269
13696 37720 269
13876 32445 269
14235 25502 269
15643 46129 269
16075 40541 269
16540 18975 269
16607 29223 269
17042 44375 269
17042 46626 269
17654 25867 269
17852 45099 269
18745 24155 269
19038 27170 269
19658 44649 269
19773 41305 269
20375 45034 269
20453 30897 269
20499 30058 269
21246 37744 269
21579 35641 269
21632 27374 269
22119 31811 269
23034 23774 269
23344 36687 269
23347 43699 269
23570 30063 269
24791 25083 269
24949 42828 269
26170 41000 269
26395 34602 269
26680 34475 269
26705 35004 269
27683 29060 269
27685 46107 269
27919 36354 269
28338 35401 269
29076 39707 269
29163 35767 269
31132 42148 269
31970 42480 269
32162 43639 269
34400 35264 269
34419 38165 269
35053 41335 269
37240 41450 269
38376 40281 269
38752 46797 269
39726 41755 269
39840 47921 269
39888 49498 269
44534 48965 269
25 12309 270
175 10709 270
222 14466 270
615 3471 270
642 41370 270
1045 15891 270
1212 25137 270
1266 14186 270
1617 13975 270
2000 3198 270
2175 34504 270
2224 3589 270
2372 15759 270
2372 22756 270
2880 3284 270
2941 6421 270
2982 38041 270
3149 32947 270
3182 16266 270
3353 35896 270
3376 30605 270
3500 46863 270
3616 23708 270
4294 39120 270
4300 8214 270
4303 18036 270
4771 46068 270
5309 49337 270
5374 14486 270
5381 30120 270
6354 13815 270
6422 9432 270
6569 26479 270
7118 23869 270
7189 10813 270
7246 37876 270
7523 44855 270
7815 16793 270
7822 16844 270
7998 27343 270
8011 19368 270
8568 40777 270
8600 42093 270
8704 25539 270
8822 17227 270
10004 16109 270
10883 14896 270
11367 27586 270
11654 41157 270
12607 20676 270
12948 21461 270
13626 35572 270
13960 22244 270
14460 25325 270
14745 19361 270
15305 41101 270
15459 16477 270
15787 24245 270
17174 25108 270
17245 47471 270
17534 34600 270
17885 30561 270
17994 38854 270
19286 29560 270
19299 42943 270
19587 47210 270
19789 22614 270
20295 29640 270
20879 25043 270
22423 46705 270
23905 39151 270
24921 31627 270
25399 28053 270
25515 35294 270
26337 30642 270
26522 37280 270
27479 47710 270
29543 44938 270
29757 46789 270
29864 45574 270
30750 34470 270
30894 47619 270
31869 32139 270
33166 33321 270
34509 44206 270
34529 45738 270
35097 47663 270
37179 37302 270
39628 42653 270
42746 48885 270
23 570 271
298 4243 271
379 3503 271
384 1560 271
677 18628 271
773 1714 271
981 32144 271
2017 44287 271
2023 27782 271
2376 4915 271
2696 48786 271
2785 28438 271
2808 41902 271
3196 42829 271
3585 28993 271
3681 29411 271
3698 9698 271
3737 13220 271
4068 22814 271
4264 44215 271
4945 11790 271
5020 23781 271
5083 46548 271
5211 10148 271
5308 22401 271
5312 12591 271
5336 34630 271
5495 7622 271
5664 38640 271
6869 13114 271
7038 21728 271
7151 42611 271
7324 10935 271
7726 22376 271
7793 21503 271
7939 21116 271
8406 23342 271
8610 14368 271
8790 31439 271
8996 46618 271
9369 45714 271
9616 10133 271
9757 37818 271
10004 27248 271
10192 47172 271
10265 21318 271
10442 15180 271
10717 48934 271
11889 23267 271
12314 32337 271
12367 36993 271
12388 31420 271
12554 30675 271
12740 21707 271
12834 28564 271
14051 37282 271
14170 21590 271
15370 19253 271
16086 19528 271
16118 33572 271
16347 20810 271
16732 42110 271
17156 27976 271
17468 35539 271
17597 33311 271
17628 29824 271
18834 46093 271
19071 32634 271
19104 28228 271
19232 43533 271
19279 22469 271
20184 41495 271
21361 26671 271
22247 28038 271
23042 24148 271
23190 38321 271
24895 45474 271
27247 36831 271
27315 31648 271
27469 38164 271
29234 35602 271
30582 36206 271
31025 45295 271
32257 34841 271
33781 48231 271
35015 37160 271
35223 38547 271
36245 42094 271
39976 46369 271
64 1605 272
92 10749 272
143 5218 272
188 28280 272
631 776 272
645 17102 272
670 40366 272
701 2274 272
1078 4949 272
1339 24999 272
1378 3004 272
1602 2830 272
1624 24697 272
2169 4372 272
2671 3189 272
3636 24869 272
3867 21947 272
3889 4143 272
4268 16031 272
4303 4492 272
4971 22391 272
5955 11696 272
6251 30168 272
6760 14984 272
6844 25358 272
7169 12340 272
7354 37721 272
7656 13868 272
7927 29086 272
8053 41031 272
9333 39805 272
9505 12806 272
9630 39087 272
10195 32451 272
11402 22014 272
11725 46231 272
11856 23951 272
12107 28325 272
12794 20003 272
12983 27661 272
13078 17884 272
13487 34232 272
13575 16357 272
13703 15723 272
13879 35744 272
14159 24263 272
14593 20449 272
15316 31724 272
16368 48509 272
16540 20770 272
16732 49993 272
17018 32667 272
17532 38006 272
17779 33719 272
17998 41038 272
18631 48377 272
18735 47904 272
18749 21975 272
18888 47004 272
19266 38093 272
19756 24191 272
20466 31735 272
20478 45633 272
20621 24372 272
20988 21091 272
21501 39642 272
21872 36714 272
22234 47221 272
23193 48932 272
23202 45690 272
23579 25300 272
24658 42102 272
24729 32215 272
25389 46091 272
25934 38592 272
26468 28774 272
26886 34358 272
27540 37971 272
28532 41919 272
28700 34714 272
31030 37940 272
32510 40142 272
33659 42716 272
36610 43704 272
38829 39960 272
39626 49374 272
40074 43522 272
42584 44276 272
43952 45409 272
44050 45468 272
45548 46589 272
47444 47796 272
293 2717 273
417 49974 273
450 1215 273
452 11865 273
805 7456 273
839 12914 273
852 6129 273
854 47615 273
937 1312 273
1052 40990 273
1090 4776 273
1125 12318 273
1254 2569 273
1575 17067 273
1957 38804 273
2159 16767 273
2281 45070 273
2348 20295 273
2380 10706 273
2736 12843 273
3010 12549 273
3034 36130 273
3075 7852 273
3989 26567 273
4011 14915 273
4033 16394 273
4230 13831 273
4496 9861 273
4573 44944 273
4840 16505 273
5128 30960 273
5391 10955 273
5472 8571 273
5525 8716 273
5695 40692 273
5936 12781 273
6179 15739 273
6580 42718 273
6953 49507 273
7464 13280 273
8368 14801 273
8484 13538 273
8885 26044 273
9802 22027 273
10325 41453 273
10432 13122 273
10585 14888 273
10828 30154 273
10872 14111 273
10957 48962 273
11060 38332 273
11107 40797 273
11523 45046 273
12255 38020 273
12464 48057 273
12975 15069 273
13392 41722 273
13616 20520 273
13898 32700 273
14213 42663 273
14778 18381 273
15288 27554 273
15527 22873 273
16057 19930 273
16293 44070 273
16698 28427 273
17425 25372 273
17532 46662 273
19668 28159 273
19764 26450 273
20055 35082 273
20730 42726 273
21197 23660 273
22168 28288 273
22323 45490 273
22673 40068 273
23119 39549 273
23170 29641 273
23250 30877 273
23416 41827 273
23856 47838 273
24086 31789 273
24474 48407 273
25774 42067 273
26391 30274 273
28259 32864 273
28311 41890 273
29902 35853 273
29922 47925 273
30001 47267 273
30434 46193 273
32135 45237 273
32492 45889 273
32707 44119 273
34243 42144 273
34286 46571 273
34672 37962 273
35481 42468 273
36479 38092 273
37200 37686 273
37916 40206 273
38518 43882 273
38542 44418 273
44719 48117 273
4 31 274
181 26561 274
264 7115 274
450 1426 274
485 9563 274
687 31337 274
765 3017 274
769 2247 274
802 6047 274
903 4198 274
1160 21408 274
1225 5081 274
1499 29447 274
1723 8836 274
2189 10820 274
2247 10017 274
3355 34498 274
3888 32282 274
4082 8903 274
4115 48986 274
4520 12414 274
4861 9550 274
4975 6288 274
5037 7306 274
5454 34988 274
5825 30716 274
6061 13944 274
6120 19922 274
6326 38597 274
6521 19468 274
6848 19606 274
6994 20304 274
7940 45257 274
8192 12372 274
8316 14684 274
8524 13238 274
9257 9472 274
9335 36900 274
10150 13861 274
10152 24884 274
10304 27666 274
10372 47763 274
10662 32782 274
11085 18155 274
11282 18417 274
11376 18044 274
11792 16814 274
11850 36070 274
11900 17966 274
12824 12954 274
13094 35626 274
13641 48459 274
14105 26820 274
14415 27309 274
14423 29411 274
14754 16719 274
15008 23662 274
15137 16054 274
15223 21101 274
15921 41621 274
16126 38405 274
16177 29723 274
16386 26182 274
16461 19791 274
17053 36109 274
17351 20953 274
17389 33429 274
18462 43393 274
18494 34480 274
18978 31428 274
20374 21508 274
20406 34982 274
20457 34281 274
23761 40840 274
23811 31799 274
24307 44693 274
24673 25985 274
25159 28813 274
25226 35375 274
27625 28430 274
27661 35367 274
27806 34303 274
28650 47174 274
32432 47285 274
32574 38565 274
32688 39467 274
34152 49588 274
34705 49155 274
35145 45773 274
36091 49740 274
41389 47686 274
42184 48610 274
45849 47033 274
46117 47028 274
396 14515 275
479 18562 275
733 11606 275
809 36046 275
989 1751 275
1520 30032 275
2035 16177 275
2143 47331 275
2664 2767 275
3261 25409 275
3503 7503 275
3506 23183 275
3513 4460 275
3646 27999 275
3970 5832 275
4023 6624 275
4273 21257 275
4299 25421 275
4598 17766 275
4610 25491 275
4719 44156 275
5238 5762 275
5252 9919 275
5261 5367 275
5531 20548 275
5838 31640 275
6342 15217 275
6530 30396 275
6863 49886 275
6936 31261 275
7153 11861 275
7330 25881 275
7528 47928 275
7638 8785 275
9242 30930 275
9522 16859 275
9856 12301 275
9940 10377 275
10302 39324 275
10582 29892 275
11228 35947 275
11341 27849 275
11382 29368 275
11526 33898 275
11556 33336 275
11626 25911 275
11863 49235 275
12954 13386 275
12967 22799 275
13139 19785 275
13361 44820 275
13505 25312 275
13580 47269 275
13914 28618 275
15220 26381 275
15325 41975 275
15771 19515 275
15883 29808 275
16042 49311 275
16623 33582 275
16742 31647 275
17016 38644 275
17098 20997 275
17922 19604 275
18144 19371 275
20002 48537 275
20016 22246 275
20511 37560 275
20883 29498 275
20999 42398 275
22803 36326 275
23167 30330 275
23230 28753 275
23724 33350 275
25843 42663 275
26036 34095 275
27463 35531 275
28038 39516 275
28419 40340 275
29704 42046 275
29779 37478 275
29975 47039 275
34904 48338 275
36790 44665 275
36946 41122 275
37844 41381 275
38073 39317 275
41026 49975 275
42601 43538 275
43765 45047 275
88 30341 276
167 1408 276
169 1727 276
347 32118 276
364 1696 276
402 13595 276
479 728 276
1508 2302 276
2238 10345 276
2271 30604 276
2501 43938 276
2605 37443 276
2691 12886 276
2801 31808 276
3392 16269 276
3427 8233 276
3573 11942 276
3702 19608 276
3728 8492 276
4187 43500 276
4604 8444 276
4860 5737 276
5047 49006 276
5455 28804 276
5520 25161 276
5745 20270 276
5797 44108 276
5990 43353 276
6067 12888 276
6190 7970 276
6668 10762 276
6971 37721 276
7301 11556 276
7324 16707 276
7421 18864 276
7542 36339 276
7702 35334 276
7893 10854 276
7944 8239 276
8436 15205 276
8456 49138 276
8891 13271 276
9049 41863 276
9439 29168 276
10021 12884 276
11293 29365 276
11958 13261 276
12023 19093 276
12542 33127 276
12569 25216 276
12703 49456 276
12723 22242 276
13030 18937 276
13698 23006 276
14152 16519 276
14195 20059 276
14897 39883 276
15015 16623 276
15025 41413 276
15544 38599 276
15795 19007 276
15805 28740 276
15964 43837 276
16092 30751 276
16378 44536 276
16386 18991 276
16899 38094 276
17577 27243 276
17715 23310 276
18120 46655 276
18449 41126 276
18544 31324 276
19586 29705 276
19741 37253 276
20065 33903 276
21581 45812 276
22221 45895 276
22442 37656 276
22818 33582 276
23291 23310 276
24753 49758 276
25160 48860 276
25718 29933 276
25778 37648 276
26100 41587 276
26437 39070 276
27124 27464 276
27729 39437 276
27895 44255 276
29205 43154 276
29222 47671 276
30334 42445 276
31321 47885 276
31437 34372 276
33234 44566 276
33365 38587 276
34071 42398 276
34220 35630 276
37641 41965 276
38126 45691 276
41625 44378 276
395 2582 277
650 32633 277
831 8827 277
1380 7794 277
1394 44913 277
1410 15690 277
1643 15971 277
1800 23687 277
1826 20258 277
1827 12041 277
1936 46496 277
1978 35812 277
2097 8722 277
2211 20417 277
2263 17056 277
2440 44769 277
2613 28720 277
2679 3712 277
3106 17106 277
3366 22243 277
3537 23223 277
3591 30922 277
3873 9139 277
4166 13332 277
4208 33785 277
4636 32238 277
4908 27986 277
4971 13866 277
5305 34433 277
5383 13053 277
5388 7543 277
5456 21663 277
6173 10829 277
6291 11784 277
7048 7694 277
7096 44978 277
7157 31336 277
7205 14508 277
8130 24447 277
8132 43101 277
8280 43348 277
8340 17021 277
8413 12583 277
9150 29725 277
9446 11704 277
9582 29378 277
9709 36390 277
9821 26901 277
10108 27602 277
10227 19789 277
10355 25284 277
10585 45389 277
11307 29913 277
11336 31772 277
11469 47482 277
11538 26799 277
11702 28428 277
11922 12538 277
12021 27207 277
12568 33766 277
12702 44012 277
12999 44716 277
13014 48423 277
13035 17563 277
13218 27215 277
13250 15587 277
13302 28894 277
14142 28443 277
14452 18914 277
14603 26023 277
14894 28013 277
15284 21870 277
15435 18189 277
17209 18595 277
17402 44257 277
18285 37140 277
18337 46732 277
18619 20997 277
19794 45426 277
19816 37622 277
20947 39417 277
22086 30768 277
22962 25728 277
23019 28789 277
23619 33764 277
23970 42340 277
24207 48618 277
24937 31532 277
25329 39495 277
25916 29722 277
26705 29051 277
26916 32528 277
27884 43158 277
28196 38752 277
28335 44410 277
28694 38412 277
29479 32002 277
29517 48435 277
30540 32855 277
31201 40856 277
33140 40299 277
33255 44687 277
33813 41144 277
35225 35784 277
37974 46702 277
38392 48246 277
39662 45510 277
139 36413 278
192 45758 278
198 1689 278
222 37973 278
378 811 278
468 1579 278
858 1088 278
884 3026 278
1162 34392 278
1197 1916 278
1336 4391 278
1497 31744 278
1576 28823 278
2421 14644 278
2431 27930 278
2551 33113 278
2685 31144 278
2751 8089 278
2813 31187 278
2947 23202 278
3055 23260 278
3625 14637 278
3783 7245 278
3802 26956 278
4158 49014 278
4295 5558 278
4412 19381 278
4493 29832 278
4802 24635 278
4879 37859 278
4983 39191 278
5134 28210 278
5218 30816 278
5253 49527 278
5663 15070 278
6787 47352 278
7065 37866 278
7262 9796 278
7775 45222 278
7848 15777 278
8135 26394 278
8357 30440 278
9141 9711 278
9405 31769 278
10163 14069 278
10301 37453 278
10458 14239 278
10480 34641 278
10886 17340 278
11086 14099 278
11119 44373 278
11120 13034 278
11125 26333 278
11265 39979 278
11349 36212 278
11637 42942 278
11757 12297 278
11853 44884 278
12378 33613 278
12684 19675 278
12863 19208 278
13156 41079 278
13664 25714 278
13767 16411 278
13950 30384 278
14592 33518 278
15403 43891 278
15861 18095 278
16364 48254 278
16679 35677 278
17128 48506 278
17480 47713 278
17700 44715 278
18285 29487 278
18468 29952 278
18495 41929 278
19010 19536 278
19815 45589 278
19929 35026 278
20383 45597 278
20450 24145 278
20869 22807 278
21167 30707 278
21852 45356 278
22044 29727 278
22652 25522 278
22688 47609 278
22744 23060 278
22765 40979 278
23197 48042 278
23653 45374 278
23753 26678 278
24281 41500 278
24403 35891 278
25582 38083 278
27755 48618 278
28452 36094 278
28756 33516 278
29199 30604 278
29940 38936 278
30302 48396 278
30961 35039 278
31267 37654 278
34597 41165 278
35021 35266 278
36302 46150 278
38264 41024 278
40974 41203 278
41987 42354 278
42745 45296 278
44566 48751 278
44852 45395 278
49407 49979 278
0 11013 279
6 5575 279
216 40799 279
648 28954 279
833 18844 279
1005 1482 279
1272 8434 279
1485 48831 279
2030 12089 279
2249 34822 279
2263 39004 279
2698 4766 279
2778 7558 279
3016 8674 279
3296 3429 279
3433 27035 279
3610 6854 279
4121 8140 279
4255 39962 279
4457 47971 279
4735 19723 279
4799 4885 279
5128 29837 279
5850 10504 279
6057 43479 279
7037 9178 279
8168 48242 279
8218 10016 279
8430 40163 279
8545 13323 279
9124 11462 279
9155 10387 279
9272 31365 279
9374 34823 279
10274 12236 279
10984 16899 279
11292 38743 279
11431 34130 279
11515 22090 279
12611 16772 279
12639 29778 279
13655 17549 279
14056 43180 279
14661 45349 279
14738 17628 279
14799 20660 279
15110 33802 279
15289 48862 279
16151 17642 279
16301 20526 279
16500 16662 279
16779 33516 279
16818 17933 279
16904 29654 279
17050 36111 279
17827 39975 279
18857 20309 279
19215 40027 279
20362 41081 279
21525 35009 279
22400 33040 279
22504 23016 279
23182 25307 279
23507 27519 279
23634 37214 279
23658 42607 279
23829 48128 279
24251 42581 279
24498 28583 279
26110 31582 279
26357 38292 279
27168 42147 279
27660 36998 279
27976 30127 279
28202 45368 279
29135 49270 279
29631 40166 279
29635 48292 279
29809 33133 279
30231 37977 279
30699 47662 279
33906 45337 279
35657 36964 279
37178 39380 279
37543 48821 279
43460 45187 279
11 24907 280
104 891 280
165 24664 280
552 16656 280
1434 21136 280
1504 9424 280
1568 36405 280
2064 3267 280
2065 5080 280
2104 45518 280
2359 43612 280
2534 8779 280
2552 3720 280
2594 21219 280
2706 10196 280
2897 6459 280
3236 36260 280
3450 5224 280
3521 25551 280
3560 4036 280
3765 15740 280
4196 21407 280
4571 30151 280
5219 25035 280
5674 15153 280
5731 20524 280
5828 7710 280
6118 43352 280
6165 11590 280
6289 22244 280
6447 44810 280
7035 43140 280
7161 7737 280
7327 21626 280
7646 39817 280
7850 15560 280
8050 16508 280
8165 20863 280
8310 9522 280
8399 17391 280
8958 23595 280
9036 13853 280
9342 20680 280
9725 21520 280
10017 44589 280
11017 14168 280
11095 25010 280
12130 18318 280
12336 18623 280
13102 38177 280
14405 24326 280
14572 26515 280
14997 33996 280
15909 21419 280
16015 22319 280
16506 22949 280
16632 34251 280
19124 40968 280
19400 26915 280
19460 43179 280
19494 39485 280
20840 36354 280
20855 46146 280
21183 26411 280
21316 23169 280
21490 29698 280
21859 29420 280
21884 32309 280
22568 48260 280
23996 33781 280
24845 34790 280
24959 43118 280
25377 29966 280
26112 30811 280
26274 37675 280
27060 36833 280
27140 28271 280
27907 40368 280
28237 32827 280
29732 45167 280
30627 44740 280
30836 35407 280
31535 36584 280
31695 35238 280
32437 48926 280
34969 37999 280
35589 45729 280
35918 39527 280
36829 37233 280
37051 45031 280
38164 42641 280
38995 44977 280
39054 40917 280
39585 48432 280
41377 48557 280
41984 43754 280
42336 48821 280
38 3248 281
68 6179 281
177 219 281
197 213 281
297 2593 281
653 36346 281
901 4470 281
1155 49703 281
1498 6099 281
1862 5623 281
1868 36860 281
2208 47170 281
2583 41412 281
2669 3387 281
2745 9628 281
2811 32399 281
3035 22274 281
3289 11249 281
3493 7224 281
3609 30810 281
3792 8457 281
4079 36400 281
4209 16080 281
4310 31014 281
4386 9880 281
4451 46210 281
4997 45393 281
5072 36748 281
5203 6749 281
5271 26104 281
5441 32386 281
5472 40273 281
5680 15901 281
5769 17011 281
6096 20582 281
6178 9334 281
6813 8812 281
6944 22504 281
6973 16741 281
7198 41379 281
7478 24594 281
7532 33153 281
8478 17171 281
9164 41903 281
9980 19643 281
10671 20311 281
10985 32873 281
11864 41409 281
12075 38215 281
12813 32754 281
12915 19886 281
13210 35735 281
13281 28629 281
13508 49729 281
13979 28726 281
14304 18758 281
14587 33427 281
15212 23417 281
15893 48860 281
16026 39383 281
16205 49087 281
16344 34031 281
16374 30142 281
16895 31676 281
17108 17677 281
17488 40441 281
17878 33553 281
18173 26732 281
18699 40271 281
19042 25086 281
19187 26223 281
19610 42338 281
19701 25914 281
19770 26692 281
20735 34363 281
21277 21807 281
21498 38456 281
21989 38570 281
22395 41417 281
23118 33741 281
23200 34504 281
23265 32222 281
23465 25727 281
24333 30126 281
24490 25174 281
24820 27229 281
25052 39942 281
26003 31170 281
26822 46942 281
27014 46180 281
27452 41618 281
28059 44837 281
28596 31314 281
28619 35789 281
28711 29476 281
28999 44921 281
30524 37386 281
31955 46614 281
32091 38519 281
32146 47050 281
33068 47919 281
34013 35994 281
34117 43401 281
34144 35977 281
35727 43023 281
38541 46453 281
40060 49230 281
41959 47905 281
41962 48070 281
42621 42662 281
47189 48229 281
148 9534 282
180 39497 282
191 557 282
338 12409 282
372 44079 282
569 44922 282
1163 16748 282
1345 14039 282
1796 11093 282
2153 24981 282
2154 21384 282
2216 23921 282
2275 4115 282
2376 14777 282
2760 41842 282
3286 29235 282
3292 24645 282
3606 36061 282
3768 47224 282
3966 7635 282
4267 22188 282
5716 25141 282
6055 34565 282
6313 44037 282
6535 21807 282
6584 13689 282
7166 31862 282
7375 29661 282
7777 10822 282
7891 26989 282
8016 19480 282
8730 47521 282
9177 19898 282
9588 45085 282
9743 40323 282
9759 38579 282
9933 15415 282
10133 22354 282
10179 11072 282
10208 23107 282
10620 14544 282
11373 39452 282
11400 12368 282
11587 31992 282
11604 16960 282
12356 24924 282
12373 22225 282
12735 18318 282
13000 26226 282
13203 27897 282
13277 29378 282
13634 31427 282
13926 18675 282
14647 46704 282
15186 33078 282
15887 23347 282
16012 29862 282
16298 31239 282
16657 32170 282
18530 22313 282
19147 34639 282
19164 27457 282
20253 44054 282
21654 23171 282
21763 26626 282
22121 37425 282
22491 30901 282
23246 47315 282
24034 32950 282
24265 28118 282
24699 34045 282
24710 27393 282
24781 43820 282
25079 40086 282
26080 32977 282
27134 30279 282
27710 47584 282
28464 48600 282
29170 38240 282
30335 32233 282
30615 37051 282
30860 45532 282
31408 34656 282
32250 33217 282
35809 44961 282
37615 49773 282
38276 49641 282
46442 47191 282
48943 49773 282
122 149 283
137 9409 283
516 546 283
581 40168 283
708 37017 283
856 36721 283
1343 4909 283
1555 3364 283
1858 8673 283
1906 4782 283
2012 29197 283
2119 20371 283
2241 35237 283
3070 11693 283
3770 39968 283
4903 25060 283
5059 44427 283
5340 37769 283
5822 45252 283
6172 19438 283
6366 38601 283
6710 18817 283
6716 34175 283
6938 22080 283
7078 13292 283
7526 16327 283
8737 19337 283
9009 9199 283
9429 44399 283
10351 27794 283
11436 48760 283
11606 22512 283
11695 26927 283
11867 32387 283
12416 21760 283
12490 26099 283
12825 31295 283
12986 46128 283
13269 18527 283
13481 36899 283
13679 46004 283
13807 24677 283
14431 37861 283
14873 29290 283
15095 49276 283
15766 39939 283
15948 21114 283
16576 23139 283
16870 43642 283
17551 29927 283
18614 46481 283
18924 39107 283
18964 20484 283
18973 20920 283
20321 38807 283
20468 32945 283
20601 25092 283
20868 25163 283
20924 45894 283
21977 31883 283
22497 41400 283
22593 40976 283
22678 38825 283
22785 45924 283
23074 27332 283
23320 40462 283
23413 26078 283
24741 33876 283
25714 36747 283
27477 41739 283
29735 29932 283
30452 42444 283
32327 49785 283
33324 34494 283
33547 40039 283
35869 45795 283
36172 43640 283
37669 39022 283
37907 42086 283
40964 43618 283
44115 46513 283
46883 46932 283
21 80 284
357 636 284
494 37354 284
675 3235 284
1203 23682 284
1310 36276 284
1409 28588 284
1504 12622 284
1758 7043 284
1883 5942 284
1902 25003 284
1972 10127 284
2049 24788 284
2127 30967 284
2141 6134 284
2391 4098 284
2766 19509 284
2976 5924 284
3283 46860 284
3702 8305 284
3790 3950 284
3958 7242 284
4494 46548 284
5396 41699 284
5887 39600 284
5912 25375 284
5946 19843 284
6142 27496 284
6268 6934 284
6457 27686 284
7059 48155 284
7166 27856 284
7372 34983 284
7666 23893 284
7731 44999 284
7904 24101 284
7945 14202 284
8135 48386 284
8218 49123 284
8342 24466 284
8434 9023 284
8521 21067 284
8549 10393 284
8731 15547 284
9028 17623 284
10232 10604 284
10622 49457 284
11047 20248 284
11667 41364 284
11775 32313 284
12351 43740 284
13175 19004 284
13433 21720 284
13696 24953 284
13755 38813 284
13901 45092 284
14094 28882 284
14438 16738 284
14457 18187 284
14655 45660 284
14690 29100 284
15463 40193 284
15957 31832 284
15991 19577 284
16494 34689 284
16922 35450 284
17259 40247 284
17563 31750 284
17579 26395 284
17662 35072 284
17970 49295 284
18423 18427 284
18550 43799 284
19130 22462 284
19153 43587 284
19731 20809 284
19876 29538 284
20216 43981 284
20867 25750 284
21323 21632 284
21476 49608 284
21552 45856 284
21818 36081 284
21947 22510 284
23862 31325 284
24477 29163 284
25049 37173 284
25879 46531 284
27576 44807 284
27669 47532 284
28358 37518 284
28472 34206 284
29300 38442 284
29604 41847 284
30316 39977 284
32261 35734 284
33854 39152 284
34255 34303 284
37005 42594 284
38193 43985 284
42431 48809 284
46987 48623 284
47313 49189 284
47321 49125 284
85 849 285
155 10305 285
758 841 285
759 7124 285
933 20530 285
1140 35120 285
1439 2188 285
1534 45420 285
1560 9466 285
1587 15108 285
1707 4199 285
1817 30898 285
1996 25997 285
2961 43736 285
3730 5133 285
3913 25459 285
3924 12045 285
4001 28114 285
4046 4110 285
4300 49881 285
4736 8194 285
4782 12234 285
5240 6484 285
5380 8142 285
5419 7541 285
5644 6676 285
5768 7013 285
5897 30535 285
5980 7516 285
6032 9018 285
6038 9908 285
6307 19132 285
6507 45467 285
7239 42332 285
7680 16196 285
7827 21699 285
7944 46732 285
8736 10622 285
9711 32958 285
10040 10699 285
10312 35738 285
10407 21835 285
10917 34351 285
11118 13193 285
12317 16184 285
12604 26329 285
12865 46031 285
13131 32600 285
13448 39803 285
13516 20210 285
13850 49183 285
14368 26292 285
14866 24192 285
14953 32480 285
15212 15859 285
15695 48341 285
15738 31225 285
16632 18560 285
17058 17197 285
18127 39508 285
18336 44372 285
19076 32517 285
19138 27003 285
19192 22033 285
19259 48142 285
19993 30464 285
20377 32897 285
20944 33645 285
21877 43829 285
24046 47588 285
24367 43910 285
24636 35556 285
25046 25565 285
25428 37200 285
26063 31874 285
29329 40737 285
32857 36899 285
33066 35232 285
33941 37115 285
37870 39905 285
42922 44956 285
43453 45828 285
44699 49108 285
45316 49512 285
46611 47834 285
49486 49840 285
40 539 286
51 1728 286
52 98 286
70 289 286
204 8995 286
260 16164 286
435 1195 286
924 5745 286
1015 12954 286
1067 33710 286
1481 3369 286
1528 31286 286
1608 8428 286
1751 36618 286
2441 40203 286
2910 46358 286
2918 42637 286
2945 31116 286
3143 20250 286
3406 11176 286
3479 22736 286
3491 34295 286
3505 11952 286
3662 39911 286
3825 24286 286
4468 47164 286
4606 6632 286
4753 16386 286
4964 11805 286
5065 12035 286
5127 21869 286
5162 15550 286
5627 9383 286
5727 49671 286
5878 15016 286
6048 39217 286
6179 6987 286
6281 42383 286
6929 17952 286
7424 23168 286
7541 28518 286
7808 13993 286
7887 7902 286
8013 23521 286
9393 27382 286
9516 9517 286
9711 37166 286
9988 18277 286
10007 24477 286
10203 26547 286
11253 19713 286
11791 22946 286
11842 30184 286
12125 21723 286
12691 38575 286
13241 32892 286
13740 14003 286
14067 15417 286
14136 29694 286
14187 14538 286
14435 41043 286
14563 22908 286
15123 24177 286
15212 21736 286
15778 19185 286
15971 41496 286
16123 18839 286
16780 42878 286
17354 43159 286
17663 24702 286
17868 31747 286
18126 20362 286
19566 27637 286
19587 21470 286
20026 49673 286
20069 48455 286
20569 46541 286
21297 47984 286
21785 26598 286
21973 23100 286
23241 28881 286
23389 26742 286
23946 28852 286
24491 29660 286
25133 26122 286
25533 26402 286
27576 47077 286
28531 40820 286
29097 34971 286
29291 49501 286
30565 33256 286
32506 38279 286
33088 41530 286
33991 44256 286
34511 49532 286
35006 49196 286
35148 41266 286
35250 44292 286
36358 45920 286
41054 42283 286
11 30 287
221 12602 287
439 638 287
693 2128 287
892 34820 287
1147 29263 287
1211 24652 287
1392 42401 287
1606 30061 287
1812 28393 287
1878 14974 287
3336 30675 287
3393 22885 287
3521 25213 287
3762 23347 287
3763 15213 287
3947 4210 287
4039 15031 287
4868 30574 287
5176 7518 287
5717 27918 287
6172 16107 287
6360 37813 287
6394 16644 287
6456 40176 287
6565 25438 287
7175 9002 287
7290 31420 287
7869 33800 287
8050 29117 287
8153 31480 287
8460 18143 287
9035 33872 287
9511 14799 287
9941 14182 287
10172 23976 287
10707 27261 287
11007 31269 287
11362 12320 287
11632 34909 287
12630 12710 287
12664 28866 287
12723 35159 287
13370 14323 287
13472 42090 287
13494 27371 287
14947 49577 287
15683 42933 287
15990 28040 287
16166 39778 287
16582 44199 287
16864 45098 287
17105 40373 287
17815 25018 287
17818 32039 287
19209 19905 287
19816 31523 287
20186 20640 287
20325 40729 287
21756 25680 287
22653 23210 287
22688 49265 287
23142 24739 287
23534 44392 287
24678 46809 287
25266 28137 287
28885 31139 287
29510 34178 287
29561 41502 287
31218 36965 287
31317 47284 287
31454 31656 287
32848 39557 287
32983 49782 287
36489 41920 287
39173 40503 287
40617 41432 287
44119 45093 287
47101 49246 287
51 49130 288
295 374 288
515 24794 288
571 4454 288
594 16520 288
718 8064 288
874 32452 288
1180 12346 288
1292 10353 288
1567 27545 288
1822 5970 288
2385 3613 288
2514 35980 288
2610 23890 288
2611 37518 288
2624 16673 288
2804 34303 288
2841 3919 288
2967 48710 288
3193 6253 288
3313 24243 288
4166 24716 288
4196 11568 288
4278 30898 288
4299 34789 288
4316 45527 288
4410 34947 288
4566 5922 288
4600 37823 288
5191 27145 288
5835 13152 288
5862 44405 288
6019 40730 288
6044 8097 288
6084 13527 288
6239 42157 288
6630 16926 288
6650 13544 288
6807 47295 288
7247 9668 288
7381 18383 288
7475 32899 288
8287 21912 288
8299 16324 288
8695 25094 288
8816 17977 288
9055 31927 288
9081 44635 288
9464 24238 288
9523 18736 288
9965 15112 288
10348 24836 288
11042 12819 288
11123 49739 288
11669 24896 288
13655 33417 288
14351 30179 288
14505 48322 288
15309 40812 288
15873 20564 288
16027 19237 288
17036 23404 288
17861 49584 288
18037 20128 288
18056 23322 288
18144 29093 288
19737 48344 288
19878 45584 288
20295 45904 288
20547 45960 288
20640 34525 288
20978 30522 288
21249 40260 288
21810 29948 288
22719 28791 288
23276 49601 288
23995 24431 288
26328 29010 288
26486 49478 288
26753 47378 288
27202 43250 288
27694 43132 288
28874 42473 288
29454 30389 288
29903 32318 288
30088 43590 288
31157 37346 288
31181 43904 288
31766 35061 288
32835 49291 288
33005 40312 288
34544 43033 288
36563 48211 288
41697 42872 288
42061 46358 288
42855 45485 288
450 43741 289
693 15495 289
953 1468 289
1061 15627 289
1304 32787 289
1442 9301 289
1460 43887 289
1649 9713 289
1747 7419 289
1915 48511 289
2250 3423 289
2391 4878 289
2435 26947 289
2664 49973 289
3170 30864 289
3315 15800 289
3411 46029 289
3472 34773 289
3565 14567 289
3862 19264 289
4148 44435 289
4418 20923 289
4565 9924 289
5834 11359 289
6370 36420 289
6937 15060 289
7038 26897 289
7397 27095 289
7423 28294 289
7550 15117 289
7786 27598 289
7802 8612 289
7845 8768 289
8198 43577 289
8662 18410 289
9341 32899 289
9805 10685 289
10004 13495 289
10087 25169 289
10140 13432 289
10547 24013 289
11056 35047 289
11192 38086 289
11256 12238 289
11493 23357 289
11633 28699 289
11761 48877 289
12186 29124 289
12256 43182 289
12360 35541 289
12379 44114 289
12678 48474 289
12928 44298 289
13042 13371 289
14086 15991 289
14771 18138 289
14990 17957 289
15259 33687 289
15323 46452 289
15649 32909 289
15783 23291 289
15938 33660 289
16445 33599 289
16710 23305 289
16845 46163 289
17391 31984 289
17558 41338 289
18316 22452 289
19236 29283 289
19285 35121 289
19583 33144 289
19776 32710 289
20345 21862 289
20540 27576 289
20856 30915 289
22632 35478 289
23526 42178 289
25472 40718 289
25516 30263 289
25772 34753 289
26453 30456 289
26827 33911 289
26912 29488 289
27385 42972 289
27447 33885 289
27937 42922 289
28079 45626 289
28269 37779 289
28416 31022 289
28761 29345 289
28960 38405 289
29062 48819 289
30629 40968 289
30790 47661 289
30974 37337 289
31267 37375 289
32150 47986 289
33059 47396 289
33427 34456 289
35829 36411 289
37372 42861 289
41454 49589 289
45396 48967 289
45644 48553 289
45665 46305 289
45744 46271 289
15 56 290
39 314 290
74 11043 290
106 32285 290
183 2312 290
243 4660 290
361 15950 290
467 25270 290
502 10575 290
1039 8158 290
1521 29457 290
1577 5981 290
1787 11292 290
2560 12459 290
2754 3101 290
2756 39199 290
2776 13908 290
3065 7476 290
3404 7996 290
3412 28002 290
3413 45244 290
3550 28562 290
4275 21210 290
4309 9420 290
4628 13954 290
4941 44014 290
5046 8297 290
5445 40213 290
5515 16006 290
5678 16139 290
5798 10608 290
6016 10316 290
6048 35880 290
6437 39471 290
6458 14227 290
6498 8743 290
7056 18902 290
7141 19284 290
7815 19760 290
7829 13951 290
8810 18737 290
8944 32329 290
9541 18283 290
9592 48543 290
10886 37063 290
11787 37650 290
12129 27936 290
12323 33604 290
12796 41285 290
13301 20112 290
13685 20520 290
13803 41917 290
15780 40778 290
16243 37190 290
16790 30527 290
16991 21298 290
17243 21179 290
17977 41161 290
18880 27508 290
18939 30684 290
20108 26119 290
20198 22753 290
21651 24247 290
21756 30364 290
22027 42776 290
23902 31954 290
24279 31051 290
24524 37079 290
25357 47856 290
26072 43869 290
26955 43782 290
27108 41357 290
27133 27788 290
27621 37237 290
27845 35839 290
28494 31690 290
29138 44957 290
29169 33784 290
29178 49322 290
29250 36932 290
29779 34794 290
29815 36361 290
32117 46210 290
32159 43908 290
32849 44321 290
32968 48021 290
33096 43517 290
33326 36333 290
33586 48386 290
36438 45950 290
38025 38219 290
38943 47412 290
39214 46343 290
40181 45784 290
40432 42281 290
40446 44421 290
40680 40804 290
42647 44699 290
176 5524 291
317 28943 291
364 5740 291
449 44252 291
518 5877 291
572 2773 291
711 2330 291
890 1491 291
992 33203 291
995 8518 291
1383 2558 291
1398 20830 291
1481 5054 291
1937 35862 291
1984 6609 291
2054 3558 291
2325 26412 291
2373 27156 291
2419 9044 291
2660 10006 291
2790 28844 291
3511 4624 291
3644 40603 291
3905 40288 291
4049 5009 291
4125 10684 291
4129 15438 291
4151 16066 291
4296 7065 291
4428 7494 291
4446 36845 291
4845 7289 291
4886 14712 291
5652 20185 291
5673 40474 291
5859 40974 291
6084 16463 291
6122 12030 291
6487 18130 291
6692 32952 291
7097 49632 291
7364 14920 291
7476 26717 291
7595 38201 291
7872 39470 291
8005 8606 291
8051 41019 291
8426 38367 291
8604 8838 291
8878 17263 291
9037 41509 291
9072 44343 291
9277 17729 291
9372 14053 291
9558 22549 291
10141 29024 291
10902 17609 291
10996 39622 291
11058 17297 291
11413 22316 291
11746 36323 291
12505 39525 291
12553 34760 291
13080 38566 291
13722 15583 291
13829 40230 291
13959 23147 291
14084 32373 291
14470 29631 291
14662 34173 291
14983 48742 291
15142 45920 291
15227 23021 291
15409 39579 291
15639 35049 291
16114 38123 291
16576 31509 291
17340 47075 291
17393 30531 291
19085 24696 291
19915 41263 291
20727 24526 291
21129 28550 291
21820 40995 291
22188 40449 291
22202 43447 291
22256 36346 291
24637 44227 291
25028 33472 291
25872 49514 291
26158 36621 291
26326 28966 291
26687 45529 291
26705 28447 291
27294 28871 291
27495 49415 291
27831 47280 291
28214 38301 291
28266 35815 291
28879 34400 291
29622 32410 291
29672 32346 291
29751 38448 291
29973 31378 291
30021 49113 291
32196 35832 291
32608 32894 291
34038 48618 291
34546 37963 291
36150 36195 291
36457 37287 291
37032 42996 291
37684 39663 291
39601 41175 291
40967 47378 291
41216 49282 291
42772 46941 291
44021 49382 291
47493 49299 291
6 505 292
88 31959 292
427 2175 292
753 4653 292
946 1065 292
1141 32466 292
1142 36547 292
1269 10396 292
1298 8363 292
1593 42031 292
1896 3807 292
2187 4176 292
2273 14430 292
2295 4801 292
2361 37215 292
2428 40015 292
2540 3704 292
2728 20546 292
3135 37762 292
3320 20391 292
3753 8008 292
4279 10503 292
4335 17748 292
4345 7873 292
4352 7923 292
4967 43039 292
5660 47291 292
5695 11860 292
5846 20429 292
6371 12154 292
6558 14027 292
6993 10487 292
7137 35300 292
7366 15799 292
9880 40077 292
10242 11048 292
10398 35677 292
11537 18413 292
12207 16424 292
12284 27631 292
12344 25015 292
13053 48704 292
13159 15406 292
13160 38669 292
13719 21037 292
14213 34299 292
14889 27858 292
15243 47289 292
15971 17884 292
16020 41921 292
16504 27672 292
16666 21628 292
16680 45972 292
16969 49407 292
17862 28203 292
17869 25840 292
18115 41344 292
18339 34360 292
18785 24209 292
18944 41744 292
19319 21348 292
19697 48941 292
20085 22400 292
20991 23539 292
21231 36723 292
21338 35829 292
21817 40345 292
22121 47832 292
22591 49674 292
23089 36505 292
23860 42930 292
25150 25571 292
25175 35836 292
26701 49604 292
27514 29601 292
29014 36952 292
29264 44590 292
30068 44804 292
30210 49570 292
30308 35220 292
30394 37220 292
31124 44940 292
31376 33849 292
32445 49843 292
32871 41762 292
34142 36937 292
34709 38420 292
35019 48258 292
35145 49155 292
36814 43396 292
39674 45489 292
42545 43982 292
43953 46267 292
44239 45836 292
19 328 293
48 1354 293
181 3938 293
396 5251 293
441 12868 293
487 20652 293
602 4248 293
604 3821 293
744 5328 293
869 6372 293
926 49440 293
1377 4399 293
1609 48257 293
1700 2327 293
1744 19356 293
1791 29156 293
2031 27707 293
2067 14573 293
2169 49567 293
2446 32101 293
2708 29108 293
3436 26580 293
3562 7292 293
3598 27517 293
4061 35474 293
4430 19390 293
4458 24574 293
4690 35457 293
5113 49143 293
5652 18031 293
5960 17592 293
6052 7079 293
6468 29841 293
6571 13747 293
6619 29691 293
6751 12591 293
6811 43431 293
7043 49149 293
7743 15705 293
8022 33922 293
8312 47883 293
8379 12574 293
8863 17948 293
8968 36918 293
8972 14741 293
9214 29189 293
9329 33782 293
9784 45635 293
10298 19539 293
10690 13277 293
10963 19130 293
11519 32070 293
12112 12344 293
12805 37072 293
13259 14119 293
13584 16239 293
13584 19700 293
14128 30591 293
14312 48011 293
14514 40862 293
14564 16731 293
14642 39661 293
15047 19513 293
15455 36131 293
15828 40063 293
16152 27708 293
16955 19351 293
16976 39494 293
19020 34190 293
19357 47184 293
20131 20479 293
20335 26987 293
20683 40539 293
21836 40075 293
21847 49341 293
22509 36598 293
22859 46368 293
23353 43821 293
23514 28594 293
24261 25822 293
24965 29186 293
25702 26665 293
26322 27559 293
26416 29764 293
26738 35958 293
26825 42763 293
27619 45340 293
27698 48908 293
28019 40846 293
28540 45176 293
29109 43971 293
31551 45817 293
31968 34293 293
32427 48513 293
33821 38718 293
36652 38034 293
39362 42994 293
39660 41760 293
41612 48108 293
42779 43735 293
44331 49937 293
201 36537 294
320 41162 294
346 14945 294
425 39847 294
559 43182 294
607 845 294
748 47107 294
777 2904 294
1118 8448 294
1246 13251 294
1413 1888 294
1426 7895 294
2827 46703 294
2840 20615 294
2997 5647 294
3244 28246 294
3358 29491 294
3451 20211 294
3577 22409 294
3965 16019 294
4212 9498 294
4312 44472 294
4558 15824 294
4983 46843 294
5264 31227 294
5370 24280 294
5390 20986 294
6919 24638 294
6964 40946 294
7014 42078 294
7164 21473 294
7450 9797 294
7554 16731 294
7569 21368 294
7768 26775 294
8616 35377 294
8987 32341 294
9104 36955 294
10001 12742 294
10740 31264 294
11244 25477 294
11638 12406 294
11996 26047 294
12019 36850 294
12211 37721 294
12371 22057 294
13150 24773 294
13615 27934 294
13826 21365 294
13989 17337 294
15126 32770 294
16079 19755 294
16700 41864 294
17584 43894 294
17816 18337 294
17841 31878 294
17933 49164 294
18588 24066 294
18954 41721 294
19254 41474 294
19410 36024 294
20048 38443 294
20265 26779 294
20517 32064 294
20673 27826 294
20742 40542 294
21079 39568 294
21239 34656 294
21972 31393 294
22473 48998 294
23555 26059 294
23582 31822 294
25376 48357 294
26957 40973 294
28003 32125 294
28171 37363 294
29105 34232 294
29684 38867 294
30273 48027 294
31267 43678 294
31612 32872 294
32500 38275 294
33813 46529 294
33928 44764 294
37053 42367 294
37849 42798 294
39097 40377 294
45635 48686 294
76 365 295
80 33776 295
108 30178 295
320 696 295
478 41797 295
660 1638 295
927 43480 295
938 13077 295
993 14810 295
1175 1869 295
1344 5217 295
1427 14910 295
1623 11430 295
1773 28486 295
1780 43368 295
1792 46143 295
1826 44121 295
1849 3841 295
2144 8417 295
2288 5703 295
3090 7641 295
3479 17566 295
4117 26087 295
4237 12884 295
4429 49060 295
4967 21402 295
5069 38175 295
6173 31869 295
6867 31045 295
7418 22188 295
7506 45000 295
7640 40585 295
7813 15842 295
8405 11044 295
8501 10431 295
8651 30275 295
8986 36286 295
9404 14647 295
9667 36314 295
9922 39665 295
10011 27028 295
10057 30416 295
10240 47655 295
10440 42307 295
10632 34814 295
10768 30046 295
11669 37021 295
11800 37663 295
11959 45735 295
12016 29584 295
12056 18980 295
12216 31881 295
12903 47796 295
14020 27920 295
14172 14586 295
14379 42000 295
15197 42842 295
15472 28563 295
15835 48290 295
16086 23138 295
16255 21615 295
16499 31078 295
16834 29968 295
17185 26885 295
17595 21726 295
18210 20647 295
18813 33629 295
19594 21602 295
20061 29126 295
20894 28427 295
21106 39787 295
22948 27278 295
23046 23762 295
23084 31706 295
23542 34160 295
23785 43998 295
24311 34641 295
24662 29050 295
24832 38872 295
25242 49762 295
25271 46276 295
25422 38166 295
25477 35130 295
25551 46715 295
27709 28419 295
28771 34259 295
29210 29862 295
29273 45463 295
29353 32439 295
29935 32319 295
30222 36232 295
30230 33696 295
30887 48565 295
32005 49712 295
32345 40091 295
32558 39933 295
32764 41480 295
34300 45810 295
34713 45190 295
35598 44027 295
35871 46917 295
35966 48495 295
36075 40698 295
36476 37799 295
37106 46833 295
37189 37274 295
38397 46174 295
39588 39991 295
133 33581 296
409 5477 296
567 4617 296
718 41223 296
1502 22482 296
1645 10387 296
1724 8104 296
1873 26020 296
1894 47187 296
1903 3684 296
2534 9520 296
2538 42575 296
2590 43575 296
2749 19919 296
2826 15368 296
2914 12763 296
2951 34811 296
3840 46182 296
3880 7649 296
4110 6050 296
4231 40746 296
4338 27244 296
4518 32695 296
4556 30052 296
4874 32151 296
4925 35761 296
5221 32038 296
5287 47187 296
6005 17993 296
6047 44325 296
6145 44970 296
6876 19857 296
8429 47117 296
8523 9793 296
8756 13243 296
8950 26590 296
8965 42540 296
9198 11925 296
9659 22541 296
10171 24433 296
10180 42905 296
10625 32893 296
11102 48836 296
12127 45963 296
12284 26629 296
13014 41030 296
13156 26439 296
14128 31363 296
14215 23244 296
14689 43238 296
14727 30432 296
15154 19661 296
15435 25567 296
15670 38802 296
16889 34280 296
17459 31627 296
17891 44116 296
18342 21819 296
18386 27080 296
18563 42596 296
18588 23545 296
20203 44306 296
20828 36364 296
21194 31980 296
21321 23709 296
21405 45153 296
22167 26282 296
23569 42121 296
23614 33774 296
23769 37807 296
23887 38481 296
24665 45037 296
24733 49447 296
25018 42439 296
25143 40119 296
25960 26988 296
26190 49044 296
26358 44681 296
27001 27731 296
27317 28840 296
27633 45123 296
27813 45013 296
29092 32146 296
29286 34125 296
30401 45950 296
31199 41958 296
31653 37828 296
33172 48877 296
33181 33714 296
33911 40819 296
37350 45513 296
39155 41803 296
39577 42758 296
42915 49942 296
47 17307 297
56 11306 297
122 4618 297
374 39370 297
430 3329 297
538 2045 297
689 27999 297
865 20273 297
1111 1964 297
1355 38318 297
1582 12564 297
1668 10624 297
1740 1796 297
2270 3151 297
2505 23291 297
2847 32876 297
2918 7074 297
3071 33153 297
3166 27983 297
3294 14472 297
3297 27832 297
3744 30693 297
3892 23582 297
4093 4489 297
4336 38173 297
4338 31538 297
4842 49663 297
5898 8450 297
6585 26877 297
6610 48489 297
6864 39395 297
8064 23148 297
8615 43789 297
8993 21300 297
9346 40757 297
9613 20046 297
9682 15725 297
9785 39205 297
9835 29604 297
9861 20212 297
10067 44342 297
11090 36843 297
11150 28821 297
11380 18807 297
11715 13019 297
12089 29978 297
12736 39630 297
12769 38014 297
12812 45453 297
13943 22764 297
14690 34064 297
15282 29092 297
15524 30218 297
15614 47069 297
16309 24681 297
16603 40570 297
16856 17522 297
17009 20230 297
17833 23816 297
18811 25002 297
19424 44335 297
19760 25051 297
19802 21743 297
20392 45523 297
20466 31710 297
21887 26347 297
22006 27836 297
23556 26381 297
24399 48007 297
25715 30761 297
25821 45596 297
25842 34020 297
26766 44116 297
26919 32438 297
27188 38404 297
29849 49308 297
30697 47027 297
31884 43679 297
33217 43255 297
35005 41852 297
35144 48470 297
35246 41999 297
36208 38549 297
36925 43467 297
37251 44008 297
38773 48614 297
42782 46943 297
43280 46849 297
45346 49514 297
47489 48001 297
60 2487 298
729 7557 298
854 15630 298
1399 3913 298
1414 10160 298
1680 9056 298
1860 47178 298
2263 35167 298
2289 10550 298
2452 32570 298
2581 26254 298
2625 5777 298
3086 17565 298
3327 5437 298
3792 41618 298
4146 38895 298
4213 27022 298
4278 12682 298
4708 39975 298
4736 16835 298
5074 37023 298
5168 47081 298
5968 47697 298
6183 29464 298
6947 45825 298
7451 20598 298
8071 23335 298
9205 17412 298
9457 42489 298
9679 46391 298
9692 12169 298
10196 48032 298
10854 17049 298
11003 43915 298
11108 14256 298
11187 14145 298
11362 12450 298
11650 34251 298
11809 41835 298
11827 38408 298
12210 46336 298
12533 40269 298
12627 31599 298
12753 32424 298
13157 44526 298
13335 40529 298
13998 22339 298
14038 27211 298
14683 38018 298
14769 24982 298
16083 27768 298
16227 33985 298
18920 26322 298
18932 26094 298
19328 19835 298
19805 49076 298
20301 47015 298
20517 49559 298
21404 23415 298
22416 38512 298
22459 30355 298
23029 31794 298
26123 44529 298
26498 26675 298
26698 29508 298
26847 29804 298
28179 46346 298
29382 39445 298
29867 49015 298
29897 34825 298
33055 39677 298
33406 43521 298
33461 39880 298
38400 38470 298
39519 40267 298
40130 48642 298
41268 41961 298
43108 47626 298
45630 48007 298
45898 48026 298
47164 47307 298
350 781 299
396 22590 299
402 27747 299
625 8229 299
782 10573 299
1283 2054 299
1337 22220 299
1431 44305 299
1828 15030 299
2082 41735 299
2141 40973 299
2679 9345 299
2905 4841 299
3305 3783 299
3333 11837 299
3439 6442 299
3831 6223 299
4171 13020 299
4473 25634 299
5562 31644 299
6006 26475 299
6038 25007 299
6427 8767 299
6596 14015 299
6610 8158 299
6692 8045 299
7051 20110 299
7603 44926 299
8031 19407 299
8651 10843 299
9360 46500 299
9520 15639 299
9693 40775 299
10006 15278 299
10878 26322 299
11240 15423 299
11373 40487 299
11570 12171 299
11615 43438 299
11642 21050 299
11660 16686 299
11785 32419 299
12645 37937 299
12828 27645 299
12935 14994 299
13009 37708 299
13028 16467 299
13165 18787 299
13718 19339 299
14676 35041 299
14733 35821 299
14910 32000 299
14921 39087 299
14929 45710 299
15465 46752 299
17021 41592 299
17363 28689 299
17394 29750 299
17428 27481 299
17446 34393 299
17879 30542 299
18175 31148 299
18275 46763 299
18464 25426 299
19675 37436 299
20208 22535 299
20781 29620 299
21490 49837 299
21811 43081 299
23034 39618 299
23458 42126 299
24936 43852 299
25792 32414 299
27661 33234 299
27862 39225 299
28424 40897 299
29681 33268 299
30391 47271 299
31354 39550 299
32249 39807 299
33341 38680 299
34330 45185 299
37352 43939 299
38205 45036 299
38790 48146 299
39004 41775 299
40631 45492 299
41085 45607 299
171 38849 300
213 40020 300
241 19650 300
328 385 300
357 34514 300
552 2382 300
607 721 300
614 1664 300
1076 18452 300
1157 6975 300
1351 8236 300
1576 47906 300
1615 10367 300
1946 11714 300
2475 46601 300
2801 31503 300
3372 4882 300
3413 32975 300
3461 45678 300
3625 12466 300
3635 42493 300
4086 32463 300
4530 47773 300
4813 11657 300
4984 33053 300
5122 10875 300
5334 7009 300
5390 32954 300
5653 47412 300
5950 22698 300
6133 42961 300
6931 38825 300
6950 19453 300
7288 29246 300
7768 14370 300
8598 15673 300
9702 19901 300
9831 27963 300
9980 12638 300
10421 20341 300
10519 16991 300
12583 13267 300
13112 42221 300
13877 32899 300
14073 35998 300
14224 48898 300
15499 44141 300
16870 17304 300
17032 24269 300
17501 49379 300
18027 36518 300
18080 28892 300
19320 42657 300
19747 26446 300
20263 31995 300
20632 49485 300
20908 29352 300
22160 40780 300
22305 34356 300
22354 30530 300
22970 24813 300
23090 26092 300
23712 28239 300
24699 34913 300
25435 47735 300
25762 26319 300
25839 33580 300
26199 47061 300
26847 32292 300
27399 32870 300
27926 48265 300
28499 49808 300
31012 47707 300
35676 37948 300
37359 47971 300
39657 42267 300
43103 46151 300
43331 49670 300
32 16302 301
91 237 301
417 13065 301
457 41831 301
477 17698 301
497 1198 301
516 46446 301
655 41843 301
696 29607 301
788 34276 301
989 1076 301
1493 47089 301
1563 4259 301
2120 8142 301
2263 5284 301
2479 31395 301
2479 31478 301
2593 35776 301
2604 13968 301
3018 32557 301
3187 11507 301
3221 49777 301
3741 9423 301
3908 6876 301
4303 10025 301
4683 22318 301
4712 18309 301
5280 32575 301
5344 20383 301
5499 19653 301
5541 8925 301
5694 30070 301
5856 40397 301
6034 18479 301
6056 48865 301
6210 12106 301
6220 15968 301
6661 13882 301
7269 36342 301
7404 14029 301
7467 8658 301
8050 43173 301
8359 34863 301
8617 43513 301
8891 41761 301
9482 27915 301
9555 15813 301
9802 29695 301
9945 30665 301
10124 12194 301
10218 31693 301
10921 16944 301
11506 12834 301
11744 13195 301
12436 31279 301
12587 42778 301
12720 31673 301
13106 15470 301
13720 43240 301
14128 27101 301
14306 16576 301
15004 34493 301
15453 41418 301
15588 20435 301
15667 18020 301
15735 43751 301
15995 28899 301
16140 29754 301
16612 37761 301
17495 48806 301
17772 36509 301
17875 27334 301
18330 29101 301
18524 40092 301
18769 29468 301
18934 37866 301
19785 30721 301
19871 29877 301
20143 35653 301
20552 28718 301
21985 31238 301
22027 42772 301
22515 29118 301
22687 27555 301
24049 42013 301
25698 48458 301
26064 43210 301
29891 36848 301
30618 42011 301
31910 39556 301
32210 32388 301
32371 46537 301
32408 41814 301
32740 40085 301
33331 48929 301
33518 45011 301
34307 37195 301
34358 47259 301
36769 39772 301
37351 45963 301
37624 41565 301
37959 39201 301
44563 47467 301
330 45526 302
362 549 302
495 24391 302
552 17358 302
558 25134 302
572 16565 302
593 43237 302
668 39757 302
676 19966 302
688 32147 302
704 3549 302
783 2020 302
1036 13876 302
1776 4142 302
1840 8306 302
1844 15421 302
2225 5945 302
2538 3178 302
3128 12306 302
3516 25380 302
3996 48999 302
4036 8817 302
4937 38887 302
5416 10069 302
5654 35090 302
5819 43031 302
5847 6195 302
6139 17009 302
6493 35488 302
6541 20273 302
8440 34848 302
8719 29594 302
10059 46355 302
10192 15395 302
10489 20399 302
10508 43440 302
11034 25872 302
11346 49267 302
12338 18614 302
12618 16502 302
12982 42043 302
13113 15160 302
13211 44041 302
13231 23925 302
13333 17073 302
13745 33276 302
14134 17050 302
14783 24097 302
15033 19043 302
15623 27424 302
16373 42562 302
16793 24693 302
17423 39076 302
18159 21618 302
18474 42459 302
18942 42923 302
19117 26787 302
19264 34594 302
19576 45007 302
19760 49165 302
20060 48678 302
20833 36162 302
21200 36844 302
21578 33971 302
21877 34031 302
21879 48995 302
22172 37831 302
23219 32058 302
23803 37610 302
25169 46754 302
25571 33215 302
26047 34700 302
28270 44501 302
28571 34398 302
28995 49304 302
30116 38073 302
30777 32821 302
33370 34329 302
35129 39728 302
35333 38191 302
38560 48207 302
39858 49287 302
40198 41589 302
99 15395 303
149 32698 303
190 6846 303
217 49215 303
304 4455 303
347 28970 303
425 7539 303
894 22169 303
965 10428 303
1391 4852 303
1713 11419 303
1739 4144 303
2092 16546 303
2100 19810 303
2419 49684 303
3043 15443 303
3966 12317 303
4275 7337 303
4475 12926 303
4846 41786 303
5200 28978 303
5238 5946 303
5265 26958 303
5311 46132 303
5361 14788 303
5605 22088 303
5613 11324 303
5660 10996 303
5730 37006 303
6227 44793 303
6243 30895 303
6350 11584 303
6636 20495 303
6767 32198 303
7471 32619 303
8008 47555 303
8178 32872 303
8541 24087 303
8754 11982 303
8876 17086 303
9089 14493 303
9109 19269 303
9308 27378 303
9535 39032 303
10123 11213 303
10168 48994 303
10361 31411 303
10558 44409 303
11165 33543 303
14065 26021 303
14611 35310 303
14681 49847 303
14897 35141 303
15647 27671 303
15985 36344 303
16199 17655 303
16370 21695 303
16800 35261 303
17051 19320 303
17680 32493 303
17947 36225 303
18345 42382 303
19235 19421 303
19277 28408 303
19626 32318 303
20675 41270 303
20870 30754 303
21283 25043 303
22462 31746 303
22612 28159 303
22679 41768 303
23736 37689 303
24054 30347 303
24193 38839 303
25538 31883 303
25789 36096 303
26503 31042 303
27090 39633 303
27104 32844 303
32264 45680 303
32826 33115 303
35800 43650 303
36031 36448 303
37849 45670 303
38021 44836 303
38449 45598 303
39937 48156 303
44726 48591 303
45525 47039 303
282 10603 304
315 1845 304
426 16685 304
434 35710 304
437 678 304
612 2195 304
855 864 304
882 8361 304
1035 5206 304
1057 11018 304
1065 2398 304
1299 46527 304
1687 10210 304
1857 9048 304
1920 4288 304
2319 8048 304
2435 17955 304
2684 16877 304
2698 28076 304
2938 3085 304
3701 42748 304
3723 10898 304
3821 36322 304
3867 30074 304
4226 9844 304
4461 16550 304
4678 8614 304
4808 44992 304
4843 46726 304
5253 39395 304
5634 28773 304
6090 30132 304
6270 23100 304
6598 17164 304
6844 11859 304
7509 37056 304
7902 40783 304
8105 28480 304
8253 26621 304
8319 27572 304
9347 45947 304
9353 20941 304
9532 10639 304
9641 28787 304
9812 9962 304
9941 41724 304
9950 30742 304
10661 12780 304
11549 15893 304
11569 20487 304
12909 25082 304
12978 32949 304
13301 14457 304
13336 23079 304
13758 20400 304
13759 29491 304
13966 30366 304
14141 20762 304
14890 18772 304
15534 34583 304
16118 21294 304
16219 16681 304
17460 31673 304
17871 32707 304
18307 33926 304
18713 30314 304
19276 28214 304
19520 49497 304
20518 37749 304
20670 30363 304
21345 40557 304
21392 36566 304
21492 26017 304
22639 34547 304
22916 25065 304
23208 44620 304
24153 37533 304
24832 46642 304
27424 43262 304
28463 33324 304
29948 49437 304
31019 39872 304
31507 48937 304
35214 39766 304
35983 46032 304
36431 48970 304
37261 38733 304
37394 49517 304
37536 37796 304
37558 48305 304
38333 49781 304
40422 47574 304
41532 43330 304
41701 43842 304
46 7581 305
302 501 305
667 10401 305
756 1335 305
1578 3752 305
1695 2050 305
1716 45231 305
1840 10278 305
2328 9636 305
2586 25865 305
2650 18990 305
2654 26574 305
2914 8943 305
3197 18675 305
3760 8521 305
4112 4928 305
4130 14573 305
4148 9296 305
4757 5419 305
4791 7728 305
5071 28049 305
5278 43383 305
5460 33704 305
5621 5868 305
5705 49391 305
5784 15320 305
5838 18688 305
5973 19240 305
6413 24553 305
6601 43491 305
7056 22766 305
7198 28371 305
7432 42776 305
8038 24999 305
8863 20084 305
8977 20045 305
9622 39190 305
9725 31906 305
10485 15024 305
10536 34469 305
10820 13905 305
10917 45316 305
11063 28372 305
11543 30060 305
12044 13218 305
12692 40799 305
12696 42087 305
12744 40121 305
12937 33107 305
13045 25262 305
13294 46071 305
13299 15963 305
14420 23825 305
14856 31135 305
15249 17035 305
15513 36050 305
15603 35000 305
15625 16666 305
15691 39501 305
15751 28690 305
17420 40543 305
18046 26305 305
18269 42512 305
18343 47390 305
18587 29790 305
18829 26157 305
18888 23669 305
19132 32501 305
20145 20170 305
20303 23137 305
21392 38105 305
21552 28449 305
22046 37846 305
22772 35117 305
22994 27912 305
25688 26462 305
26322 33651 305
26403 39874 305
26462 42660 305
26697 45330 305
27502 28505 305
28663 36105 305
29395 39623 305
29694 36184 305
30307 32529 305
30771 34564 305
31070 48464 305
33670 46470 305
35702 44428 305
36296 42152 305
36323 40752 305
36973 42504 305
38038 38720 305
38946 44253 305
39398 40312 305
42904 46397 305
44173 49099 305
46809 46946 305
36 7416 306
101 472 306
169 323 306
186 9461 306
244 23684 306
277 12927 306
343 1061 306
428 2332 306
605 14284 306
848 19352 306
897 925 306
906 11242 306
1112 2111 306
1133 25801 306
1160 3634 306
1316 19379 306
1366 2495 306
1423 33838 306
1459 34675 306
1592 11935 306
1644 49887 306
1713 14346 306
2007 25363 306
2014 9650 306
2479 10768 306
2541 16998 306
2683 9193 306
3256 19623 306
3868 11299 306
4352 33529 306
4480 9833 306
4650 44936 306
5014 25605 306
5317 30359 306
5333 31775 306
5512 19854 306
5989 36190 306
6013 38588 306
6741 26216 306
6838 21275 306
6941 49965 306
7375 14421 306
8044 45572 306
8319 40861 306
8326 10061 306
8546 19031 306
8786 26248 306
9077 10012 306
9297 39067 306
9461 11487 306
9571 9969 306
10032 22134 306
10712 20597 306
10723 18870 306
12130 16252 306
13381 14272 306
13872 18221 306
14063 34568 306
14104 25301 306
14261 22842 306
14981 20365 306
16150 49830 306
17644 33852 306
18456 37892 306
18649 46224 306
18828 19892 306
19198 33084 306
19278 31534 306
19307 28042 306
19365 45472 306
19559 34880 306
20945 23766 306
21129 33924 306
21131 21202 306
21142 47977 306
21294 29633 306
21584 33195 306
21808 30907 306
22370 47160 306
22526 34283 306
22667 30323 306
22848 37992 306
23207 33322 306
23404 37862 306
23482 46752 306
24120 41880 306
24252 28799 306
24465 26781 306
24730 44106 306
25748 39808 306
26383 31211 306
26791 49812 306
27497 44968 306
28850 29433 306
29148 48096 306
29792 42636 306
30319 31499 306
30575 34701 306
32052 37421 306
33465 46252 306
33768 39946 306
33820 46039 306
38111 38698 306
38313 40846 306
38386 40691 306
39044 45006 306
41377 49144 306
41437 44703 306
41730 48921 306
44090 44339 306
81 37819 307
113 40335 307
158 10823 307
210 34973 307
335 25317 307
367 30983 307
585 37747 307
673 5043 307
727 21600 307
744 16939 307
772 4752 307
1101 37659 307
1572 6685 307
1725 2600 307
2107 16993 307
2402 5338 307
3276 21123 307
3479 9651 307
3853 8889 307
3950 35889 307
4053 23847 307
4086 13423 307
4267 4314 307
4280 15642 307
4410 47131 307
4625 7885 307
4635 40220 307
5283 13899 307
5599 27250 307
5838 6405 307
6042 10713 307
6365 41616 307
6985 17538 307
7207 35908 307
7485 23023 307
7573 38273 307
7947 9788 307
8241 20953 307
8409 29574 307
8583 14801 307
10392 21566 307
11055 13051 307
11334 38586 307
11426 23694 307
12577 29370 307
12712 12802 307
13219 41588 307
13255 21873 307
14434 36243 307
14444 14842 307
14461 45101 307
14721 18084 307
15035 20224 307
15360 17298 307
15361 16801 307
15503 24352 307
15617 16887 307
15815 34115 307
16764 29309 307
17361 43506 307
17738 48706 307
18007 30872 307
18813 27469 307
18861 33173 307
19964 32147 307
20579 26097 307
20874 37347 307
20959 46939 307
21385 34534 307
22506 38599 307
23029 30510 307
24284 38985 307
24891 46682 307
25241 42440 307
25711 41746 307
25744 38747 307
25965 26580 307
26966 36104 307
28522 39332 307
30969 47447 307
31062 35445 307
32449 40300 307
32759 42425 307
32896 42098 307
33003 41242 307
33561 41329 307
34000 37680 307
34663 34826 307
34830 39745 307
35427 37473 307
35747 43768 307
36433 48542 307
36570 44440 307
37283 37303 307
37772 39777 307
43383 45363 307
45438 49693 307
45529 49540 307
63 32108 308
76 28614 308
256 28258 308
588 8592 308
668 41954 308
794 9394 308
1044 3679 308
1668 1934 308
2657 6435 308
2662 18601 308
2734 19487 308
3008 13989 308
3300 25154 308
3357 45323 308
3810 10166 308
4140 42644 308
4751 13610 308
4811 36124 308
5341 6577 308
5520 38465 308
5550 25375 308
6349 9281 308
6531 30968 308
7435 11527 308
7461 12380 308
7479 45059 308
7825 40849 308
8509 22230 308
8684 43433 308
8882 42509 308
8945 22659 308
8980 21199 308
9505 31461 308
9884 12812 308
10004 24579 308
10196 18250 308
10238 28562 308
10573 33034 308
11442 22349 308
12056 24303 308
12283 36697 308
12391 29728 308
12449 29869 308
12522 38030 308
12582 14836 308
12719 43893 308
12808 27156 308
13657 49484 308
14111 39914 308
14271 47770 308
15215 47095 308
15576 48379 308
16537 31743 308
17743 37460 308
17815 41266 308
19226 29844 308
19385 43675 308
19900 22659 308
20131 23555 308
20180 33333 308
20819 29137 308
20878 39704 308
21744 44727 308
21915 22963 308
22327 24430 308
22615 25537 308
23113 36645 308
23503 46656 308
23939 27874 308
23976 42753 308
24958 25402 308
25258 33070 308
25779 26843 308
25979 44510 308
26832 39260 308
28009 40947 308
28146 37133 308
28164 29296 308
29762 30461 308
31679 45630 308
32187 32652 308
32807 41174 308
33982 36909 308
34269 44943 308
35126 39889 308
36112 43008 308
38905 42875 308
44086 45003 308
255 3878 309
1083 33363 309
1206 32572 309
1291 2305 309
1326 33429 309
1402 18171 309
1577 8221 309
1584 36080 309
2415 48649 309
2686 41140 309
2723 25696 309
2823 5333 309
2936 4162 309
3061 7357 309
3088 10455 309
3294 5345 309
3579 6858 309
3805 36265 309
4051 4972 309
4575 25134 309
4789 7099 309
5115 5499 309
5316 32306 309
6430 7746 309
7474 13493 309
7858 28682 309
7884 16700 309
8320 40011 309
8611 19907 309
8861 35491 309
8919 15163 309
8970 28515 309
9056 39551 309
9248 37955 309
9623 25198 309
9959 42264 309
10052 20261 309
10755 26346 309
11235 28638 309
11588 26809 309
12717 32294 309
12887 19499 309
13346 30921 309
14156 34009 309
14263 14458 309
16132 22669 309
16367 41100 309
16656 30824 309
17137 33914 309
18180 29993 309
18557 34689 309
19033 37070 309
19053 31165 309
19144 25665 309
22077 42347 309
22596 43167 309
22702 34699 309
22962 34010 309
24313 43248 309
26044 42405 309
26680 36504 309
27554 49898 309
29511 35106 309
29954 35844 309
30227 31665 309
30805 33207 309
32002 45121 309
32220 36301 309
33533 45125 309
34078 34489 309
34501 34688 309
34963 39490 309
35115 35940 309
35345 44576 309
35840 43249 309
36268 38646 309
36339 40327 309
37825 42434 309
37867 46085 309
37994 40415 309
40621 42473 309
43697 47915 309
46473 48177 309
16 40123 310
258 339 310
352 36211 310
646 3784 310
847 49383 310
1610 3654 310
1864 15976 310
1939 10909 310
1990 30642 310
2013 42274 310
2331 19274 310
2627 41114 310
3051 14604 310
3077 14051 310
3530 33277 310
3537 11259 310
3668 48942 310
3701 25278 310
4249 9795 310
4258 7696 310
5030 34520 310
5228 17696 310
5630 49556 310
5696 43977 310
6172 26604 310
6177 44478 310
6287 26888 310
6624 22449 310
6626 17009 310
6674 32225 310
6737 33498 310
7683 39196 310
7703 13945 310
7731 32990 310
8016 46324 310
8161 37896 310
8301 44945 310
8550 20825 310
8904 37399 310
8982 46551 310
9194 46191 310
9216 9993 310
9381 33025 310
10702 16816 310
10889 17144 310
11310 21068 310
11376 38401 310
11730 17404 310
12424 47881 310
12455 28619 310
12621 46495 310
12654 46715 310
13035 44064 310
13570 37875 310
13989 22075 310
14317 19744 310
15713 41432 310
15820 24546 310
16209 42227 310
16592 44055 310
16605 31269 310
18341 25247 310
18833 48700 310
19625 33418 310
20350 25155 310
20566 24042 310
20996 47949 310
22097 42899 310
22652 35317 310
23437 48400 310
23716 48409 310
25466 41218 310
25954 36478 310
26022 32296 310
26088 45337 310
26312 31063 310
26548 33713 310
28233 32777 310
28869 45138 310
29001 30768 310
29167 47549 310
29484 49846 310
30531 34599 310
31970 42377 310
32690 37711 310
33154 36321 310
33862 41778 310
34559 38659 310
36372 48727 310
36556 40109 310
37907 40087 310
39026 42652 310
39374 46566 310
40596 46422 310
42021 46632 310
13 6337 311
77 25001 311
251 12013 311
593 20356 311
1320 1684 311
1699 6338 311
1935 5506 311
2057 9583 311
2537 15338 311
2717 4848 311
2979 18051 311
3171 39593 311
3247 10960 311
3251 33643 311
3771 4533 311
4371 16902 311
4627 36442 311
4949 16670 311
4969 26925 311
5278 45099 311
6199 42187 311
6620 11638 311
6725 10363 311
6798 9594 311
7875 23979 311
8092 9794 311
8648 24814 311
9517 12881 311
9760 10660 311
9918 15671 311
10280 23448 311
10294 32130 311
10308 33076 311
11111 46666 311
11139 43365 311
11244 24867 311
11311 23001 311
11516 13090 311
11645 11714 311
12555 26182 311
12766 14355 311
13290 38263 311
13403 14632 311
14207 46588 311
14398 33222 311
15100 16212 311
16359 39490 311
16627 22886 311
17493 38489 311
17730 26379 311
18200 48044 311
18525 20626 311
18788 32069 311
19392 38321 311
19398 20164 311
19748 25373 311
19807 28740 311
20586 31452 311
21344 46654 311
22844 23644 311
23675 29999 311
23873 38497 311
24107 43188 311
25312 42068 311
25506 49023 311
26352 39154 311
26771 36924 311
27150 33178 311
27329 41361 311
27364 35882 311
27726 42208 311
28968 44402 311
29329 38785 311
30046 45419 311
30677 32736 311
31231 35927 311
32898 35856 311
34313 34834 311
36721 45383 311
39465 49540 311
42803 49354 311
503 738 312
1103 46070 312
1226 12410 312
1238 18363 312
1334 4816 312
1563 5334 312
1682 1797 312
1817 19182 312
2093 14507 312
2406 14776 312
3767 44698 312
3992 32494 312
4076 22548 312
4116 31075 312
4409 20969 312
5051 16308 312
5550 14338 312
5678 14333 312
5870 12020 312
6416 21559 312
6461 49835 312
6482 10106 312
6620 12701 312
6734 47988 312
6758 23433 312
7466 14416 312
8745 22365 312
8888 49381 312
9357 10053 312
9643 34213 312
9895 30707 312
9913 12038 312
9931 28898 312
10029 29280 312
10703 26939 312
10965 34077 312
11605 34036 312
11628 23078 312
11782 35657 312
12171 45206 312
12388 17885 312
12574 39732 312
12647 38949 312
12948 30186 312
13325 22340 312
13469 19690 312
13626 19128 312
13629 25467 312
14052 21055 312
14174 30749 312
16156 49359 312
16164 26006 312
16395 32758 312
16476 34672 312
16694 35327 312
16970 29523 312
17016 36909 312
17398 32598 312
17617 25200 312
17779 41244 312
18051 47619 312
18135 34162 312
18272 34696 312
18324 29306 312
18346 38436 312
18358 37366 312
18399 28996 312
18844 45323 312
19728 20191 312
20179 34447 312
21054 29033 312
22563 35016 312
22772 25895 312
23338 26822 312
24529 38576 312
25246 37633 312
25325 27090 312
25371 35153 312
25909 37419 312
26003 48597 312
26715 36319 312
27120 31218 312
27578 33105 312
28287 28434 312
28578 30407 312
28662 49590 312
28833 34389 312
29083 32854 312
29659 44751 312
30750 44555 312
31163 48069 312
31713 33077 312
33584 42681 312
34684 46362 312
35623 41803 312
37495 42346 312
39278 46197 312
40867 48139 312
40892 42702 312
41380 46604 312
43657 44011 312
44924 48978 312
35 48446 313
517 763 313
907 1290 313
969 49686 313
1193 12421 313
1206 2118 313
1342 34086 313
1481 5299 313
1568 14246 313
1766 26493 313
2003 43353 313
2022 39292 313
2154 43388 313
2220 3681 313
2421 10088 313
2552 4960 313
2609 15882 313
2838 12191 313
3096 8443 313
3148 27523 313
3225 3619 313
3252 10269 313
3386 33144 313
3473 37524 313
3827 19393 313
3889 33690 313
4082 11775 313
4270 17375 313
4707 12999 313
5095 41607 313
6133 9446 313
6400 28040 313
6503 40776 313
6518 44186 313
6543 24295 313
6816 13564 313
7093 48472 313
7316 17131 313
8066 37351 313
8232 34025 313
8332 45689 313
8534 38684 313
9120 18004 313
9323 13709 313
9860 32163 313
10462 15727 313
11267 29526 313
11312 15842 313
11423 12493 313
11634 23395 313
12123 40014 313
12410 31946 313
12470 21159 313
12602 37362 313
12776 25594 313
12816 22892 313
12869 35995 313
13392 16991 313
13422 35863 313
13709 27848 313
14386 20756 313
14548 31341 313
15418 45917 313
15647 28758 313
15938 25913 313
16255 46684 313
16456 49522 313
16644 36881 313
17146 35410 313
17703 20282 313
17914 30155 313
18119 23211 313
18575 35020 313
19944 48032 313
20029 40320 313
20283 45737 313
21461 26565 313
21726 47269 313
22774 48447 313
23266 44380 313
23673 24463 313
23958 28924 313
24000 30312 313
24181 35068 313
25637 27682 313
26076 45544 313
26580 49881 313
27373 41713 313
27515 47312 313
28121 46160 313
28357 32315 313
28801 42325 313
30978 46705 313
31001 45473 313
32768 49666 313
33364 44303 313
33594 48871 313
35653 44689 313
36478 44879 313
40279 46445 313
41045 41848 313
41654 42974 313
41944 48663 313
42283 49826 313
44321 49982 313
261 2966 314
827 2418 314
1398 4152 314
1424 4409 314
1705 2090 314
1919 3952 314
2109 14542 314
2131 45068 314
3447 28476 314
3726 14567 314
3843 24760 314
4356 31405 314
4412 27623 314
4512 6013 314
4968 5409 314
5759 14327 314
6010 19992 314
6079 7180 314
6412 49553 314
6547 34351 314
7014 25936 314
7059 11615 314
7118 9689 314
7265 7315 314
7362 11248 314
7596 29467 314
7998 22197 314
8192 30682 314
8783 10760 314
9075 10395 314
9974 10229 314
9980 12457 314
10758 43604 314
11922 45506 314
12230 20690 314
12790 35332 314
13224 18153 314
13285 18170 314
13518 22881 314
14757 19297 314
15069 21858 314
15613 29783 314
16207 41332 314
16745 47599 314
16778 44054 314
17597 41631 314
18399 21053 314
18426 31165 314
18897 26301 314
18961 27495 314
18981 38543 314
19393 39594 314
19422 45628 314
19815 33067 314
21173 46996 314
23002 36673 314
25693 37760 314
26621 47783 314
27066 33006 314
27291 47891 314
27572 29646 314
27644 35606 314
28044 40834 314
29138 39412 314
31023 43118 314
31186 49217 314
32283 39006 314
32374 49589 314
34653 38144 314
36216 46987 314
36223 36452 314
36497 43109 314
36879 41515 314
42334 45199 314
44684 45520 314
45376 49660 314
46495 47797 314
41 130 315
78 175 315
90 13509 315
152 1276 315
450 1851 315
549 39076 315
551 26822 315
560 2358 315
894 1422 315
996 7735 315
1048 15009 315
1188 2616 315
1437 14078 315
1513 1562 315
1793 7066 315
1831 3579 315
2108 19852 315
2163 10627 315
2380 14214 315
2427 3616 315
2808 5436 315
3012 17457 315
3148 43733 315
3235 16978 315
3472 3949 315
4166 27466 315
4197 26273 315
4433 10197 315
4455 23355 315
4933 15597 315
5100 32240 315
5879 6189 315
6571 46929 315
6646 49283 315
6761 35898 315
7322 44371 315
7650 32441 315
7686 18462 315
7950 20173 315
8147 9155 315
8634 16223 315
9286 14496 315
9311 21970 315
9519 12510 315
9589 14646 315
9655 27257 315
9701 25776 315
9810 35935 315
10109 34965 315
10359 45456 315
10453 43755 315
10854 43261 315
11099 43584 315
11174 39537 315
11748 19651 315
11822 22624 315
11879 22649 315
12149 12351 315
12209 26937 315
12661 21212 315
13238 29890 315
13265 32197 315
13731 46751 315
13786 41680 315
13881 43811 315
14166 46967 315
14177 48824 315
14395 30289 315
14547 24688 315
15297 35428 315
16303 21729 315
16736 38536 315
19610 24858 315
19944 23767 315
20359 40594 315
20599 44255 315
23793 42930 315
26538 37550 315
26831 34521 315
27598 49581 315
29112 33416 315
29850 40003 315
30639 33232 315
31229 31288 315
32288 42504 315
34608 40845 315
34804 45664 315
37446 38820 315
40395 49855 315
41770 45305 315
41876 44322 315
41965 44863 315
44532 48519 315
45783 47530 315
46285 49039 315
48914 49701 315
42 1509 316
621 853 316
702 16807 316
752 1116 316
1025 1119 316
1095 2758 316
1179 10228 316
1232 41406 316
1258 21449 316
1270 4700 316
1299 19819 316
1442 20835 316
1517 8523 316
2076 49108 316
2106 8547 316
2443 2460 316
2507 4759 316
2520 4541 316
2578 15303 316
3260 34224 316
3290 29259 316
3426 43429 316
3997 6097 316
4375 10048 316
4638 28702 316
5457 8238 316
6010 20535 316
6418 14118 316
7426 45203 316
7687 11272 316
8129 15303 316
8186 9914 316
8250 21990 316
8315 21054 316
8351 30192 316
8730 16782 316
8922 37116 316
8943 45549 316
9066 9731 316
9215 13005 316
9496 40841 316
9556 16509 316
10471 14330 316
10585 14074 316
10794 21470 316
10920 28235 316
11248 13666 316
11451 37530 316
11662 43397 316
12526 20237 316
12634 28988 316
12656 24504 316
12704 35380 316
12956 42852 316
13176 48369 316
13563 35146 316
13809 29496 316
14162 46168 316
14330 32031 316
15805 16412 316
16957 31048 316
17575 31057 316
17977 48536 316
18779 35744 316
18829 29402 316
19807 34242 316
20456 21934 316
22048 39637 316
22316 24438 316
22509 36993 316
23964 47077 316
24525 46993 316
24707 27714 316
24967 44990 316
25711 25862 316
27633 28016 316
28802 49696 316
29693 40385 316
30426 37868 316
30962 37741 316
31714 49897 316
32018 45796 316
33348 45334 316
41401 43913 316
42901 43921 316
45648 49007 316
395 7356 317
635 4244 317
685 8149 317
1982 11110 317
2703 5876 317
2727 9592 317
2997 16048 317
3189 21095 317
3321 36798 317
4978 49407 317
6586 6856 317
6633 12958 317
7069 26435 317
8055 29034 317
8188 14707 317
8222 33981 317
8418 24127 317
9296 19648 317
9317 11006 317
9412 17544 317
9718 24184 317
10915 22091 317
11063 18084 317
11130 23815 317
11322 14249 317
11726 16544 317
11895 12005 317
11946 32568 317
12002 12956 317
12560 42341 317
12974 21241 317
15415 35251 317
16645 20252 317
17366 30996 317
18426 26277 317
18576 30913 317
18871 28959 317
19143 40111 317
19170 42741 317
19596 20111 317
19620 20604 317
20035 31673 317
20220 22434 317
20522 33689 317
21550 47776 317
21569 23396 317
22163 30692 317
24285 38209 317
25285 40814 317
25763 48553 317
26117 32887 317
29719 35463 317
30068 47673 317
30369 47798 317
30664 48889 317
30801 33660 317
31762 36689 317
32782 48200 317
33492 35541 317
33987 45777 317
35094 43899 317
35299 37098 317
36664 41362 317
37503 48871 317
39273 45470 317
40916 44927 317
41449 41825 317
43063 44600 317
177 3009 318
192 3571 318
444 5402 318
541 4189 318
694 43974 318
783 33912 318
1111 30840 318
1255 35341 318
2226 22072 318
2299 22667 318
2767 5017 318
3278 16297 318
3521 13741 318
4067 28039 318
5056 6835 318
5264 17139 318
5293 17887 318
5377 14013 318
5750 8322 318
5752 33354 318
6108 18841 318
6144 21497 318
6166 43748 318
6706 24172 318
7666 32803 318
8481 33183 318
8564 26079 318
8820 37842 318
9291 28963 318
10001 15468 318
10057 44909 318
10107 13357 318
10758 46886 318
11677 12695 318
11737 27735 318
11844 25843 318
11899 37547 318
12371 17610 318
12469 27301 318
12853 28393 318
12890 39796 318
13013 49807 318
13211 40613 318
14590 19960 318
14597 14967 318
15985 40334 318
16629 41853 318
16792 20196 318
17448 30014 318
17666 23513 318
18180 28637 318
18928 36862 318
19024 44186 318
19904 44375 318
20275 29782 318
20789 41657 318
22238 26956 318
23727 24005 318
23825 27367 318
25431 46702 318
25910 38158 318
26964 38218 318
27168 35874 318
27195 32674 318
27200 44509 318
28286 28763 318
28360 41956 318
28797 28857 318
29219 44851 318
29593 31582 318
30250 49706 318
30327 33942 318
30770 35180 318
32442 33408 318
37091 47061 318
37128 37530 318
38174 47918 318
42362 46334 318
44315 46781 318
66 40116 319
181 295 319
218 48948 319
305 9602 319
387 27469 319
1093 30340 319
1400 11848 319
1515 33810 319
1802 16091 319
2140 2350 319
2322 9671 319
2349 14453 319
2413 4539 319
2431 2576 319
2506 9527 319
2657 3716 319
2707 18126 319
2709 48824 319
3129 21983 319
3304 12953 319
3443 16977 319
3767 47810 319
4122 5033 319
4204 17348 319
4701 21813 319
5290 36601 319
5329 22578 319
5740 42392 319
5747 35825 319
6892 24755 319
6969 25724 319
6971 10046 319
7205 41875 319
7316 24999 319
8528 17199 319
8557 39351 319
8631 32777 319
9273 40329 319
9442 32877 319
9462 18900 319
10328 22803 319
10832 36825 319
10977 31889 319
11225 18548 319
12186 34975 319
12224 25269 319
12228 19505 319
12605 15121 319
12867 13238 319
13136 43427 319
13175 26293 319
13958 46254 319
14098 25882 319
14451 15735 319
14638 23122 319
14648 43564 319
14666 26842 319
14900 30401 319
15360 22355 319
15462 22904 319
15538 47703 319
16064 35122 319
16384 36502 319
16693 22183 319
16746 22499 319
17366 47806 319
17485 22730 319
17530 49764 319
18134 29728 319
18234 23596 319
18352 40743 319
18544 23298 319
18867 22186 319
18974 40306 319
19571 44629 319
20882 43972 319
21022 29228 319
21087 38412 319
21285 30822 319
21599 31758 319
22220 37515 319
22442 49792 319
22661 46483 319
24042 24197 319
27480 30351 319
27810 42473 319
28155 46123 319
28606 40426 319
29737 30108 319
31053 34239 319
35563 48949 319
36167 37951 319
39231 44523 319
40646 47992 319
40862 45903 319
46208 49090 319
46682 48532 319
113 7816 320
131 1004 320
345 7956 320
471 1756 320
552 11699 320
554 3316 320
672 756 320
777 824 320
801 49199 320
974 15743 320
1051 2928 320
1462 19158 320
2382 5584 320
2382 26434 320
3271 15414 320
3373 5148 320
3499 38181 320
3549 45891 320
4014 39698 320
4280 6503 320
4328 7737 320
4495 20553 320
4628 46465 320
4969 39468 320
4995 5657 320
5003 18435 320
5726 34904 320
5883 22297 320
6180 18676 320
6832 33305 320
7344 45152 320
8808 44953 320
8844 34428 320
8954 45789 320
9843 12865 320
10607 25185 320
11198 11529 320
11278 37917 320
11468 26449 320
11753 30396 320
12077 14607 320
12772 33681 320
13086 32304 320
13619 41485 320
13700 46782 320
13859 27299 320
14098 16053 320
14294 46076 320
14566 16800 320
14618 15239 320
14937 49139 320
15196 19045 320
15201 23862 320
16375 38087 320
17317 33892 320
17565 49162 320
17814 34345 320
18428 34543 320
18503 39378 320
18525 32862 320
18587 23070 320
19508 49723 320
20411 46507 320
20451 32455 320
20631 25623 320
20711 31060 320
21708 29836 320
21769 40231 320
23740 36225 320
25465 41751 320
25765 30428 320
25929 36891 320
26136 29822 320
27349 39837 320
27412 30386 320
29119 37388 320
29525 31882 320
30230 44822 320
30249 42974 320
30528 37880 320
31126 35915 320
32358 44864 320
35070 41720 320
37426 37895 320
38128 43415 320
44205 46172 320
47827 49020 320
48806 49514 320
8 367 321
59 8501 321
453 9897 321
548 5266 321
955 7178 321
1002 12793 321
1031 4271 321
1183 10769 321
1735 10335 321
1771 25011 321
1780 13376 321
1794 45745 321
1821 24962 321
1843 12703 321
2122 29325 321
2157 16950 321
2457 48990 321
2798 8648 321
3144 3408 321
3531 3781 321
3593 9247 321
3821 29629 321
3844 26036 321
3853 6890 321
4053 26466 321
4570 5931 321
4890 44332 321
5084 6212 321
5728 48257 321
5827 22616 321
6122 12837 321
6284 35501 321
6859 42454 321
7093 40115 321
7883 11459 321
7957 42717 321
8186 14612 321
8262 11361 321
8388 45070 321
8765 43613 321
8880 45721 321
9448 27935 321
9826 14151 321
9855 18551 321
9966 45959 321
10756 20763 321
11426 44615 321
11854 31757 321
11917 47053 321
12803 25459 321
12813 47876 321
12895 39163 321
13314 23659 321
13466 29180 321
14125 37166 321
15273 47537 321
15454 20769 321
16211 18356 321
16890 49856 321
17091 32719 321
18369 31950 321
20610 24872 321
20916 36649 321
21168 34882 321
21182 32387 321
21388 39608 321
21585 28064 321
21710 38575 321
22176 26243 321
22575 26295 321
22872 43487 321
23246 25750 321
23353 33425 321
23513 25973 321
23617 25737 321
23821 35438 321
24877 25827 321
25201 48315 321
25442 42918 321
29442 33172 321
30211 38893 321
30725 42652 321
31176 45452 321
32918 35669 321
35342 48353 321
36256 36718 321
37309 45990 321
44157 47197 321
45342 45919 321
136 23009 322
219 18697 322
312 2071 322
880 47764 322
1307 18848 322
1541 47572 322
2035 3397 322
2038 43385 322
2164 3053 322
2179 12121 322
2280 9260 322
3283 14954 322
3464 33350 322
4098 15296 322
4835 8660 322
5081 26881 322
5310 6642 322
5736 34178 322
5840 16564 322
6084 10097 322
6870 29930 322
6878 37348 322
7303 7846 322
7324 30683 322
8176 45656 322
8491 43039 322
8664 12307 322
8988 20258 322
9223 29210 322
9681 46391 322
10071 17904 322
10761 15282 322
10939 37651 322
11434 23234 322
11639 25956 322
12294 17423 322
12329 46302 322
13595 48141 322
13665 15250 322
13908 18332 322
14767 24549 322
15139 32404 322
15487 19000 322
15864 36170 322
16677 32031 322
17435 39347 322
17941 29078 322
18312 24356 322
18434 35426 322
19807 31974 322
19898 45326 322
20015 28313 322
20208 20918 322
20657 28667 322
20802 43196 322
21129 35528 322
21557 36172 322
21645 40870 322
22681 36561 322
23002 38617 322
23235 36688 322
23983 25495 322
25640 29744 322
26219 42750 322
26626 30105 322
27004 27528 322
27262 39226 322
28239 43299 322
28444 29985 322
28807 32968 322
28925 31820 322
29226 42030 322
29938 46907 322
29966 34333 322
30005 49005 322
30092 41646 322
30469 42122 322
31625 33385 322
31745 40444 322
31871 37294 322
32232 41382 322
32392 42623 322
33223 48366 322
34911 44848 322
35748 49083 322
37360 40475 322
37373 49273 322
37664 38706 322
39778 48629 322
42324 47199 322
45555 48193 322
45902 48733 322
202 983 323
395 615 323
422 4666 323
511 46737 323
1118 46129 323
1936 47643 323
2574 12211 323
2581 12496 323
2953 20035 323
3003 4637 323
3076 26916 323
3120 6703 323
3214 31203 323
3942 12417 323
4483 14519 323
4634 9616 323
4727 48979 323
4791 23940 323
5364 6272 323
5685 12952 323
5776 26547 323
5983 32920 323
6512 16765 323
6821 25877 323
7385 18276 323
7548 21268 323
9054 11422 323
9198 18475 323
9717 35007 323
9826 19502 323
9977 21198 323
10328 11578 323
10927 22695 323
10927 29648 323
11119 41239 323
11400 33743 323
11502 11905 323
11722 14107 323
12404 37444 323
12525 38070 323
12639 30827 323
12704 12791 323
12858 17667 323
13027 14691 323
13840 32865 323
14383 32532 323
14823 41860 323
15438 15948 323
16716 35522 323
17777 37078 323
18137 40965 323
18936 23841 323
19382 42998 323
19489 24275 323
20124 33728 323
20813 38073 323
21915 29821 323
22361 31339 323
22516 30228 323
23192 36530 323
23280 38841 323
23499 40757 323
24192 44849 323
24550 32748 323
24591 45283 323
24749 34726 323
25000 38603 323
25861 46966 323
26067 39975 323
27481 37448 323
28043 29547 323
28959 35273 323
29234 43754 323
31001 42592 323
31830 35415 323
32349 32701 323
32919 48653 323
34002 38249 323
35114 42249 323
35884 46964 323
36204 38296 323
36970 47737 323
38363 41733 323
40484 45992 323
48632 49860 323
46 2387 324
415 44461 324
451 44417 324
913 23738 324
1600 9220 324
2535 9896 324
3460 32947 324
3618 3688 324
3938 14116 324
4089 8187 324
4742 38026 324
5744 30782 324
5768 18732 324
6653 21448 324
6770 38108 324
7103 8798 324
7194 33949 324
7293 16304 324
7349 22168 324
7363 20909 324
7684 29660 324
8118 33671 324
8345 49241 324
8796 8828 324
8900 17528 324
9624 32465 324
11347 38768 324
11499 37226 324
11593 25006 324
11832 19796 324
12109 16679 324
12244 23132 324
12693 39191 324
13101 37065 324
13170 41321 324
13811 19395 324
14813 26007 324
15191 24223 324
15482 17996 324
15537 27478 324
15656 18513 324
16085 23709 324
16486 47449 324
17223 23067 324
17671 27861 324
18963 43852 324
19373 39694 324
19601 30653 324
20171 46406 324
22435 23388 324
22528 31505 324
23530 45930 324
23657 43744 324
24948 41142 324
26391 49400 324
27572 28595 324
28807 40396 324
29173 44224 324
30508 40502 324
34089 39374 324
35553 37813 324
35557 41114 324
35929 44657 324
38411 42961 324
41188 47743 324
45705 46113 324
59 11839 325
246 5097 325
683 29239 325
930 2291 325
939 1449 325
1595 49928 325
2054 3756 325
2406 3041 325
2519 16364 325
2608 29020 325
2807 8874 325
2826 4815 325
3196 40762 325
3813 4771 325
4027 24114 325
4080 12686 325
4197 19990 325
4382 10255 325
4401 48260 325
4488 46719 325
4673 40238 325
5008 6575 325
5078 15825 325
5442 20152 325
6522 29788 325
6605 9579 325
7014 24268 325
7460 35781 325
7889 30265 325
7928 12513 325
8081 28027 325
8218 37355 325
8365 9349 325
8475 39926 325
8519 29430 325
8916 31140 325
9938 13437 325
10251 30632 325
10378 20367 325
10890 18874 325
11029 33256 325
11132 18617 325
11154 19770 325
11511 13060 325
12283 43528 325
12874 33785 325
12985 22691 325
13729 36273 325
13876 43002 325
13883 18525 325
15462 47289 325
18460 33709 325
18502 30885 325
18902 33447 325
19905 38435 325
22313 36793 325
22640 34131 325
22663 37354 325
22944 43689 325
23279 42248 325
23519 47572 325
23592 38019 325
23927 39368 325
24041 42946 325
24232 49973 325
25109 27389 325
25143 31067 325
25716 30574 325
27603 37068 325
28021 34627 325
28413 38443 325
30355 46018 325
30957 36892 325
31209 40564 325
33120 45943 325
35157 38652 325
37400 41084 325
39186 44094 325
41165 45596 325
41189 43780 325
42718 45401 325
43293 48310 325
46559 49086 325
31 17874 326
138 16087 326
231 27767 326
616 47868 326
620 5588 326
721 2814 326
840 37920 326
870 1148 326
975 43275 326
1267 44466 326
1463 5220 326
1719 4768 326
1886 32437 326
2077 14071 326
2221 5090 326
2331 12004 326
2375 38388 326
2426 2959 326
2443 46308 326
2461 5017 326
3206 28312 326
4350 4441 326
4399 33939 326
5438 44829 326
5938 24121 326
7755 21376 326
7765 11428 326
7891 44940 326
8042 13550 326
8311 44040 326
8314 44014 326
9151 11545 326
9552 21014 326
10076 29390 326
10588 39738 326
10931 34791 326
11024 48360 326
11183 38004 326
11897 12136 326
11978 28083 326
12610 42156 326
12821 48837 326
12856 32972 326
12886 27680 326
13091 34613 326
13671 17679 326
15018 19523 326
15282 41760 326
15305 45995 326
15856 39511 326
17030 19946 326
17581 45991 326
17613 30965 326
17889 48724 326
18487 20757 326
18553 42458 326
18580 48945 326
18646 37752 326
18689 37631 326
19047 45282 326
19088 30414 326
19260 36153 326
19544 45478 326
20000 36214 326
20009 20857 326
20065 39321 326
21916 23016 326
24461 26796 326
24849 32046 326
29332 48947 326
31472 35583 326
31502 36057 326
32840 49365 326
35729 44971 326
36348 43549 326
36919 40687 326
39823 46965 326
40373 41382 326
40866 41278 326
43610 45894 326
45575 47147 326
234 14993 327
335 5979 327
421 38415 327
546 47030 327
686 1110 327
691 24107 327
971 22989 327
1032 3713 327
1172 33884 327
1743 3286 327
2224 23567 327
2286 49639 327
2377 36621 327
2580 24078 327
3343 28688 327
4182 10942 327
4217 11516 327
4269 23212 327
4298 9764 327
4502 5891 327
4849 16473 327
5000 18779 327
5268 20622 327
5718 30638 327
5950 43359 327
6148 21007 327
6372 15663 327
6452 44865 327
6648 7069 327
7112 17074 327
7606 31376 327
7756 10572 327
7821 19895 327
8452 13042 327
8683 44828 327
8746 14222 327
8998 24103 327
9967 46565 327
10002 27226 327
10020 33228 327
10080 20532 327
10318 18512 327
10417 25841 327
10608 31056 327
10710 43325 327
10792 42765 327
11054 29799 327
11135 13433 327
11332 40936 327
11389 17371 327
11628 30692 327
11711 24140 327
11760 36978 327
12779 28150 327
13033 29004 327
13961 29734 327
14121 48435 327
14496 20559 327
15068 42282 327
15235 26030 327
15411 25740 327
15716 32868 327
15845 20069 327
16520 43053 327
16534 29193 327
17395 32245 327
17596 19881 327
17982 20081 327
18275 26806 327
18896 34825 327
19809 40628 327
20500 23301 327
21609 36514 327
21751 23138 327
23142 38274 327
23538 32264 327
23552 40223 327
24684 47878 327
25297 41174 327
25954 44480 327
27589 36574 327
28090 36807 327
28261 44213 327
28262 36060 327
29099 33254 327
32046 40994 327
32574 36873 327
35735 47327 327
35850 44830 327
36006 43164 327
38565 39165 327
39062 41009 327
40847 48301 327
41332 41380 327
42616 47566 327
42735 49095 327
43954 44214 327
137 889 328
1058 5791 328
1315 39884 328
1584 8321 328
2012 26452 328
2104 10274 328
2174 25380 328
2251 2355 328
2352 29429 328
2552 16827 328
2694 15524 328
2727 5553 328
2954 31208 328
3061 41881 328
3063 5526 328
3129 5231 328
3411 12288 328
3596 26121 328
3619 3969 328
4932 11696 328
5420 17125 328
5995 38201 328
6738 43214 328
6897 27401 328
6990 31171 328
7257 31286 328
7407 14385 328
7819 44765 328
7875 48546 328
8258 44045 328
8305 40403 328
9237 13934 328
9625 49465 328
11278 12585 328
11301 22081 328
11512 45673 328
11754 18953 328
11826 22132 328
11878 34894 328
11928 19463 328
12263 44807 328
12356 36294 328
12779 34830 328
12862 28762 328
13158 17321 328
13389 32880 328
13793 14004 328
14320 40194 328
15602 17924 328
15803 39767 328
16193 36830 328
16400 31178 328
16952 33272 328
17127 28975 328
17401 45615 328
17635 43233 328
18131 36059 328
18603 32018 328
18648 18911 328
19076 20489 328
19089 21594 328
19328 27277 328
20752 40840 328
20754 37730 328
21334 49364 328
21458 22291 328
22040 22132 328
22143 37332 328
23276 23633 328
24465 25186 328
24926 32228 328
25129 37993 328
25167 31349 328
25336 46152 328
25900 47358 328
27300 35702 328
27325 48925 328
27326 31887 328
28037 47430 328
28581 35824 328
28987 33318 328
29253 31532 328
29525 48845 328
29930 35999 328
31309 44870 328
31512 33479 328
31523 38622 328
32124 38586 328
34228 48353 328
35165 48167 328
37183 42054 328
37628 46561 328
38525 40914 328
38553 41211 328
40172 49998 328
40958 47640 328
43460 45866 328
72 32189 329
445 4729 329
506 43094 329
724 39999 329
1151 24535 329
1175 5486 329
1466 15692 329
2231 7390 329
2671 18552 329
2875 2918 329
2891 10380 329
3296 45769 329
3297 29645 329
3767 23432 329
3823 6885 329
3834 9582 329
4314 28869 329
4589 7544 329
4617 49597 329
4721 4983 329
4777 9414 329
5258 21869 329
5383 8025 329
5663 20767 329
5728 5734 329
5814 35047 329
6098 31985 329
6961 10562 329
7138 8202 329
7198 9513 329
7590 12720 329
8066 19127 329
8183 38100 329
8428 27072 329
8555 23473 329
8573 20369 329
8757 17562 329
8972 46947 329
9021 17874 329
9904 9958 329
10226 26378 329
11196 19938 329
11686 29148 329
11886 17094 329
12928 19869 329
13006 16990 329
13409 25975 329
13578 25960 329
13654 21479 329
13925 37786 329
14010 40530 329
14031 20991 329
14121 19436 329
14930 20492 329
15860 38668 329
16160 17091 329
16417 31285 329
17512 44151 329
18229 31131 329
18980 42660 329
19573 46024 329
19849 20581 329
20084 28862 329
20836 35453 329
21717 35597 329
21902 39883 329
22824 25663 329
23204 42916 329
23436 24344 329
23727 28177 329
24478 27346 329
25312 46672 329
27240 41091 329
27776 33536 329
28946 47156 329
29068 38844 329
29108 45368 329
30069 39731 329
31347 37924 329
31870 34567 329
32720 40008 329
34388 48360 329
35427 37750 329
40326 41379 329
332 24693 330
361 2650 330
394 18347 330
404 27600 330
1070 26727 330
1485 1520 330
1776 41002 330
1863 6124 330
2201 2253 330
2308 11521 330
2598 46946 330
3089 38917 330
3378 43777 330
3488 38613 330
3535 22229 330
3620 21641 330
4288 9561 330
4492 10686 330
5293 39122 330
5347 7472 330
5347 31097 330
6037 37610 330
6129 20614 330
6892 24319 330
7071 23501 330
8191 16805 330
9785 10853 330
10001 39229 330
10151 20160 330
11005 42536 330
11512 12303 330
12057 13682 330
12319 26248 330
12446 46903 330
12521 45874 330
13301 18632 330
13423 16717 330
13523 43420 330
13852 30817 330
13937 32646 330
15920 29850 330
16736 35308 330
17118 32135 330
17196 34870 330
17899 20805 330
18206 38186 330
18458 22945 330
18814 44165 330
20121 26715 330
21854 36856 330
22311 27257 330
23010 30632 330
23971 26646 330
23984 46984 330
24388 33658 330
25249 35751 330
25289 42899 330
25414 32876 330
25458 25881 330
25464 46779 330
26749 41879 330
27372 35180 330
27742 39059 330
28519 38591 330
30683 35550 330
31813 36534 330
32068 48972 330
32482 41410 330
32505 34407 330
36099 44933 330
36183 43799 330
36358 49231 330
37440 38129 330
44131 49983 330
45209 49482 330
68 77 331
74 6744 331
116 1653 331
267 10067 331
281 649 331
313 36353 331
460 49180 331
551 31991 331
709 25939 331
758 13824 331
1003 5706 331
1488 5244 331
1750 13829 331
2396 6485 331
2444 30974 331
2449 3421 331
2567 33179 331
2572 8401 331
2834 12854 331
3503 20641 331
3884 24019 331
3913 23520 331
4258 5498 331
4460 41708 331
4488 14916 331
4568 21889 331
4605 7798 331
4866 43967 331
4892 48306 331
4894 42898 331
5254 37946 331
5384 5858 331
5467 30309 331
5871 40263 331
5899 15144 331
6153 25278 331
6344 8002 331
6452 24394 331
6516 16734 331
6761 11153 331
7008 13764 331
7917 16860 331
8996 27218 331
8998 31642 331
9236 20711 331
9414 36643 331
9483 29168 331
9499 38818 331
9862 46386 331
10006 26365 331
10205 22561 331
10874 21443 331
10953 18438 331
11140 46262 331
11258 33295 331
11413 24239 331
11677 21012 331
11780 18590 331
11849 16144 331
11913 21213 331
11947 13443 331
12066 27888 331
12241 21445 331
13435 44304 331
14737 18422 331
15248 18489 331
15267 20367 331
15295 21849 331
15629 36711 331
16365 25931 331
16655 17316 331
16678 31567 331
16685 36305 331
18053 33227 331
18086 25163 331
18181 36672 331
18231 21575 331
18402 26690 331
18912 19760 331
20398 23884 331
20518 37556 331
21852 35069 331
22285 33327 331
22575 25887 331
22821 28983 331
23061 29073 331
23464 31290 331
23771 47774 331
24800 46742 331
25057 30050 331
25280 47052 331
25560 30357 331
26852 36267 331
27224 38048 331
28876 43080 331
30300 47679 331
31089 36547 331
33881 48038 331
34839 39827 331
35192 47083 331
35353 37988 331
35703 46529 331
37652 39185 331
39206 46918 331
40183 42627 331
40249 47217 331
41389 43097 331
43470 49903 331
20 35634 332
186 9400 332
225 48279 332
276 36528 332
344 2742 332
398 43472 332
432 34259 332
440 800 332
1600 4888 332
1665 18790 332
1870 12471 332
1899 13988 332
1952 2961 332
2164 11173 332
2232 18002 332
2907 34367 332
3346 15860 332
3387 28189 332
3764 39220 332
3813 47864 332
3952 39609 332
4318 22873 332
4877 6886 332
4890 21025 332
5168 25323 332
5274 30262 332
5277 31820 332
6318 31807 332
6500 47680 332
7078 18077 332
8251 9230 332
8770 12429 332
8920 16695 332
9160 16604 332
9537 30548 332
9766 18426 332
9800 29397 332
9932 20041 332
10065 22905 332
10555 23370 332
10635 37039 332
11129 43688 332
11267 41884 332
11865 48414 332
11930 49133 332
12399 21936 332
12789 28147 332
13186 33484 332
13891 25383 332
14234 46351 332
14486 29637 332
14662 19255 332
15252 16557 332
15731 18752 332
16034 39434 332
16176 39359 332
16383 40358 332
17304 28375 332
17754 41881 332
18349 38044 332
18398 36970 332
19631 34091 332
20643 33410 332
21172 22649 332
21257 47639 332
22134 49152 332
22590 24490 332
23536 27282 332
23538 47165 332
23922 27283 332
24166 39404 332
25308 47031 332
25309 43718 332
26542 35006 332
26930 44346 332
30860 41002 332
31174 43561 332
31930 34589 332
34009 40023 332
34473 44526 332
34897 44131 332
35684 44598 332
36132 38295 332
182 5449 333
342 11706 333
370 35189 333
430 863 333
529 3378 333
1133 4991 333
1255 29104 333
1310 16878 333
1476 5589 333
1547 23199 333
2229 9775 333
2247 9050 333
2573 31846 333
3513 34359 333
3837 4479 333
4017 12838 333
4181 15796 333
4194 37360 333
4231 44462 333
4352 26519 333
4579 24092 333
4632 41712 333
4733 8011 333
5091 5595 333
5193 8553 333
5591 8323 333
5624 44866 333
5961 11684 333
6041 7310 333
6224 44250 333
6229 23814 333
6655 9048 333
7190 14009 333
7207 13075 333
7482 39676 333
7603 12404 333
7694 16197 333
7753 15045 333
8106 21063 333
8263 29061 333
8783 23394 333
9638 36549 333
9861 11725 333
11192 33155 333
11291 17057 333
11368 49764 333
11475 12913 333
11931 19394 333
11951 25513 333
12507 43432 333
13046 13554 333
14135 17696 333
15724 33668 333
16299 20238 333
16390 47515 333
16787 35655 333
18313 43398 333
19582 43057 333
19635 29595 333
20989 31654 333
20994 31637 333
21374 47025 333
22379 46679 333
23386 31018 333
23670 30174 333
23732 31081 333
25618 35600 333
25829 36110 333
26435 36423 333
26502 34337 333
27840 49684 333
28848 36564 333
29176 30646 333
30048 36231 333
36198 43117 333
37177 42396 333
37296 37322 333
38129 40487 333
44819 45311 333
45309 45831 333
146 5731 334
151 16924 334
779 13921 334
831 1672 334
860 40897 334
1621 3140 334
1659 5339 334
1896 3104 334
1990 14476 334
2050 40739 334
2231 12475 334
2747 18297 334
3619 9079 334
4447 25171 334
4537 5767 334
4582 8723 334
5093 32683 334
5141 17143 334
5541 24188 334
5606 10195 334
5673 29043 334
6085 20382 334
6086 37271 334
6119 22720 334
6288 44724 334
6629 33269 334
7147 10990 334
7356 29053 334
7788 39315 334
8415 49733 334
8481 47899 334
8788 18897 334
10159 13439 334
10224 38989 334
11488 17129 334
11800 36801 334
12482 21286 334
13012 47460 334
13762 26341 334
14874 22737 334
14874 31935 334
15062 41873 334
15144 27131 334
15997 47194 334
16684 17017 334
16964 34326 334
17344 27394 334
17719 28207 334
17845 38353 334
18634 22115 334
19638 29658 334
19673 29244 334
20052 24297 334
21002 31778 334
21763 23391 334
21829 24545 334
22125 33017 334
22391 43267 334
22840 48076 334
23660 35503 334
24310 38026 334
24824 46345 334
25890 42980 334
26955 30442 334
26996 28227 334
27283 48172 334
28936 38668 334
29701 44240 334
30254 43077 334
30873 42072 334
31933 39152 334
33408 40959 334
33638 36851 334
34836 41214 334
34982 39487 334
35682 44683 334
37339 41100 334
230 3661 335
460 15515 335
815 25044 335
829 27956 335
1058 24007 335
1240 3255 335
1284 18647 335
1287 23851 335
1296 2954 335
1319 24777 335
1429 24204 335
1845 17181 335
1970 32320 335
1982 2221 335
2297 12766 335
3074 10126 335
3258 46722 335
3955 16811 335
4278 43762 335
4838 49319 335
5739 6757 335
5912 6584 335
6053 29229 335
6891 17136 335
7348 14153 335
7500 14806 335
7711 17188 335
8136 34771 335
8361 37450 335
8417 40673 335
8687 10239 335
8802 12901 335
9270 11285 335
9770 47177 335
9908 26041 335
10143 27108 335
10467 46304 335
10972 48543 335
11033 14297 335
11309 20994 335
12283 35680 335
12693 27036 335
12792 36077 335
12895 35343 335
13242 34437 335
13802 33315 335
14539 48852 335
15860 36803 335
15897 30302 335
16472 25644 335
16662 28525 335
16738 28545 335
17360 19440 335
17774 27882 335
20134 35935 335
20151 25649 335
20307 36447 335
21331 35705 335
21402 25367 335
21408 45933 335
21684 22567 335
21710 32618 335
21863 39512 335
21932 25036 335
22128 46467 335
25120 30668 335
25894 27009 335
27392 47201 335
27616 28940 335
27966 30861 335
31704 38600 335
32461 34347 335
33137 47644 335
33538 42957 335
36319 37659 335
39001 48644 335
39353 43987 335
41387 44723 335
107 32168 336
428 18173 336
428 19999 336
767 21808 336
991 20085 336
1021 1458 336
1413 15130 336
1505 23694 336
1519 8212 336
1839 13751 336
2039 12619 336
2273 43840 336
2275 10597 336
2572 36619 336
2643 45793 336
3272 24424 336
4135 26100 336
4292 12220 336
4410 24948 336
4888 10517 336
4973 9081 336
5413 42251 336
5587 9746 336
6696 9402 336
6750 37711 336
7088 30556 336
7139 9097 336
7181 28599 336
7447 8354 336
7454 27073 336
7618 31699 336
7950 9337 336
8446 38019 336
9034 17533 336
9125 16925 336
9808 23294 336
10531 46588 336
10634 32637 336
11135 46801 336
11513 46071 336
11575 15678 336
11684 23766 336
11725 16216 336
11990 49545 336
12595 24308 336
13430 26928 336
14633 26752 336
14711 30845 336
14896 30449 336
15096 48059 336
15186 29546 336
15872 18862 336
16176 22606 336
16277 39793 336
16506 27612 336
16919 26114 336
17228 31516 336
17404 23246 336
18011 27984 336
18478 32611 336
18589 47831 336
18593 27052 336
19124 45956 336
19282 41464 336
19403 49218 336
19499 21484 336
20369 46602 336
20404 21243 336
20549 23397 336
22728 34311 336
22815 32370 336
23204 36280 336
23738 26623 336
24230 36433 336
25096 30012 336
27906 42054 336
31922 39080 336
34022 34721 336
36110 41574 336
37199 39074 336
38938 41688 336
39161 44271 336
40786 46541 336
41476 45200 336
42661 44066 336
47550 47614 336
121 8763 337
160 346 337
956 1952 337
976 2337 337
980 35201 337
1392 35711 337
1557 28498 337
1608 46287 337
1834 32829 337
1837 13697 337
1928 47548 337
2082 3070 337
2115 13631 337
2535 6594 337
2757 7032 337
3897 19950 337
4362 47253 337
4471 32663 337
5121 11786 337
5359 33172 337
5720 23216 337
6506 28801 337
6625 30687 337
6706 48144 337
6914 45019 337
6973 43722 337
7196 35383 337
7283 14362 337
7308 34602 337
7319 37205 337
7320 45770 337
7426 22913 337
7570 21469 337
8859 39863 337
9225 36341 337
9358 43830 337
9432 42183 337
9648 21369 337
10067 19562 337
11036 21746 337
11631 11892 337
12412 24145 337
13379 39954 337
15424 31886 337
16417 45980 337
16621 33597 337
16921 22712 337
17258 47152 337
17415 23010 337
17544 23541 337
19090 32989 337
19838 29817 337
20164 20991 337
20184 41637 337
20365 21678 337
21660 33426 337
22593 33412 337
23778 34041 337
24658 27230 337
25096 28211 337
25220 34384 337
25455 38468 337
26379 41254 337
26458 36560 337
26586 28831 337
29928 40735 337
30724 37879 337
31251 38910 337
31971 48916 337
32087 41989 337
32630 42164 337
33096 39392 337
35794 40681 337
36168 38394 337
36208 42895 337
37945 40369 337
38199 43598 337
38323 39451 337
43661 44339 337
47625 48678 337
85 4393 338
262 15401 338
493 15814 338
556 8898 338
841 5185 338
934 2892 338
1182 7885 338
1248 1794 338
1485 3963 338
1499 3542 338
1548 10952 338
1925 27494 338
2010 42930 338
3078 6823 338
3516 34157 338
3803 6431 338
4574 38536 338
4919 22471 338
5004 9277 338
6296 16474 338
6471 35364 338
6949 27468 338
7788 38304 338
8474 43814 338
8495 33712 338
9543 42527 338
10607 27505 338
10860 22964 338
11086 49926 338
11599 47051 338
12292 27250 338
12933 14218 338
14105 19531 338
14229 32961 338
14437 38326 338
14481 23092 338
15506 15795 338
16252 17979 338
16374 32253 338
17298 25571 338
18417 38792 338
18688 40513 338
18892 18918 338
20134 24876 338
20494 46517 338
21255 33378 338
21685 21831 338
22581 27834 338
24709 29230 338
25818 41348 338
26149 48709 338
26675 45684 338
26916 36370 338
28797 32860 338
28918 44820 338
30260 40401 338
31416 32525 338
31588 44126 338
32214 49300 338
32369 45324 338
32655 47917 338
33394 41739 338
35285 43018 338
36666 42515 338
36834 47437 338
38684 43830 338
38949 40994 338
41730 43099 338
44221 49892 338
44243 45178 338
387 31207 339
527 4407 339
746 11790 339
805 11614 339
1070 5363 339
1151 1586 339
2223 5033 339
2603 26712 339
2713 30699 339
2868 14796 339
3552 4469 339
3807 30217 339
3864 3966 339
3969 7295 339
4277 5397 339
4283 19040 339
4583 8724 339
5044 39668 339
5332 13156 339
6106 14266 339
6129 6650 339
6254 29904 339
6505 9291 339
6686 33071 339
6827 23478 339
7139 37492 339
7285 12054 339
8030 31107 339
8865 14945 339
9405 28730 339
11956 12636 339
11960 22855 339
12525 25578 339
12607 42261 339
13054 16806 339
13163 48004 339
14144 23674 339
14341 49959 339
14358 23939 339
15192 15300 339
17318 43362 339
18180 23302 339
18526 25847 339
18534 38097 339
18622 48282 339
19293 23999 339
19654 36851 339
19723 47002 339
19843 36538 339
20338 27615 339
20512 32006 339
20709 29923 339
20732 34896 339
21076 38322 339
21379 27471 339
21479 22585 339
21499 24450 339
23088 48679 339
23372 35144 339
23508 30289 339
24093 49725 339
24149 33667 339
24343 48953 339
26568 36604 339
27071 27658 339
27304 44201 339
27949 38982 339
28966 33853 339
31207 47498 339
32162 36233 339
32345 39230 339
32522 39945 339
33298 43257 339
36678 39049 339
38103 41350 339
40171 43235 339
40547 41011 339
42774 46528 339
544 9769 340
751 6788 340
823 16450 340
1413 11342 340
2139 30249 340
2145 28325 340
2423 34960 340
2484 7984 340
2587 10649 340
2930 10350 340
3038 26691 340
3044 20819 340
3263 5329 340
3653 21832 340
3869 4042 340
4481 7373 340
5058 35498 340
5295 38807 340
5466 41716 340
5588 16481 340
5658 6554 340
6425 24901 340
6756 24141 340
6878 26781 340
7015 12707 340
7107 21390 340
7204 33142 340
7715 39996 340
8779 19782 340
9164 25395 340
9285 9885 340
9521 10114 340
9598 45362 340
9735 32589 340
9930 37729 340
10065 30514 340
10104 23104 340
10704 32987 340
10708 18047 340
10998 23035 340
11287 31348 340
12387 46102 340
12911 23514 340
13034 19731 340
13340 14070 340
13639 41244 340
13790 15762 340
14286 45555 340
14327 49043 340
14502 30599 340
14901 43520 340
15023 35368 340
15133 38595 340
15240 36815 340
16414 26112 340
16639 17616 340
16866 24076 340
16968 33406 340
17167 36819 340
18755 34590 340
20265 43281 340
20370 41155 340
21359 46305 340
22620 29596 340
23264 46606 340
23309 34922 340
24215 43573 340
25638 39114 340
25877 39606 340
25923 30674 340
26338 36486 340
27463 31845 340
30560 41598 340
31623 40788 340
32541 48301 340
34216 36384 340
35335 37705 340
36659 36723 340
38194 46360 340
38566 39402 340
39458 45927 340
40169 42032 340
203 1077 341
244 6364 341
264 337 341
695 29226 341
1820 40096 341
2302 17827 341
2439 30623 341
2442 18040 341
2871 44558 341
3301 25577 341
3427 18384 341
3575 15138 341
3783 34511 341
4924 25811 341
5306 5860 341
5820 9390 341
6542 17491 341
7160 18170 341
7953 23052 341
8102 15550 341
8247 30344 341
8507 16333 341
8787 12379 341
8975 19834 341
9530 25013 341
9636 46188 341
10449 30239 341
10498 13087 341
10670 16494 341
11443 29336 341
11579 11881 341
12200 45087 341
12315 20813 341
13459 34439 341
13466 30988 341
13540 22343 341
16042 25415 341
16077 26145 341
16928 26536 341
17559 32795 341
17696 42801 341
17871 24877 341
18010 28900 341
18790 30060 341
20225 41527 341
20319 29950 341
20741 42947 341
20747 35377 341
20757 34667 341
20985 23986 341
21761 31249 341
22380 43302 341
22537 22677 341
23829 39355 341
24117 35198 341
24814 31429 341
25622 33807 341
25985 30728 341
26676 44801 341
26838 44574 341
28380 47440 341
28859 44249 341
29058 36541 341
29387 45040 341
30059 34325 341
30544 42971 341
32208 36369 341
33182 46124 341
34234 42294 341
34964 41160 341
35523 47744 341
40301 47689 341
40602 41004 341
41414 47318 341
43422 44276 341
134 10402 342
862 21295 342
1018 15442 342
1029 41924 342
1068 10144 342
1129 40923 342
1275 3465 342
1681 6411 342
1852 27664 342
2038 36306 342
2230 27836 342
2652 26747 342
3155 26261 342
3198 28106 342
3725 48460 342
4539 41732 342
4947 8862 342
5128 39697 342
5710 45154 342
6487 18010 342
6538 22339 342
6818 10890 342
6883 11155 342
7184 8293 342
7383 32230 342
8386 30802 342
8632 10775 342
9077 27311 342
10174 16249 342
10556 19538 342
11335 16958 342
11829 20674 342
12727 27345 342
12801 15382 342
13199 16231 342
14096 33593 342
14379 24932 342
15515 24281 342
15615 45770 342
16142 33913 342
17012 27567 342
17262 21484 342
17269 21166 342
17542 49526 342
17700 48774 342
18002 23344 342
18089 19346 342
18676 22356 342
18888 25782 342
19287 26606 342
19809 24345 342
21192 47433 342
21863 35894 342
22048 24159 342
22947 39200 342
23110 35075 342
23135 48040 342
24227 42400 342
24867 45300 342
26048 45082 342
26051 34135 342
27872 40418 342
28450 45067 342
30069 37804 342
31258 48240 342
31321 47730 342
32896 44394 342
33433 45150 342
33979 37206 342
34074 36220 342
35180 49647 342
37022 46087 342
37634 48612 342
37886 39807 342
38253 42442 342
39489 48138 342
42403 45976 342
43508 48084 342
43873 49772 342
44738 46831 342
47188 47568 342
35 44506 343
173 2032 343
199 3562 343
254 369 343
329 18391 343
439 35348 343
498 18181 343
811 1006 343
887 3174 343
1239 34099 343
1389 33766 343
1500 2689 343
1509 5939 343
1652 9450 343
1712 30882 343
1723 25982 343
1846 13857 343
1866 8141 343
1957 12678 343
2133 15085 343
2272 41812 343
2438 27246 343
2838 19265 343
2850 3473 343
2889 2958 343
3018 46318 343
3654 44729 343
3825 14291 343
4222 31780 343
4265 9043 343
4429 14241 343
5135 21619 343
5642 7308 343
5875 34548 343
6018 39460 343
6286 13918 343
6528 32705 343
6785 47377 343
6910 18477 343
7038 12428 343
7124 23566 343
7416 19432 343
7790 24839 343
8078 9659 343
8196 36008 343
8420 30336 343
9152 21104 343
9304 42206 343
9436 28900 343
10042 42852 343
10397 22613 343
10832 28624 343
10993 47337 343
11337 15493 343
11625 17950 343
11841 40918 343
12762 30963 343
12928 29454 343
13695 27232 343
15198 24137 343
15532 38165 343
16089 46956 343
16445 23940 343
17804 38359 343
17963 26577 343
18298 49462 343
18468 21115 343
19108 49870 343
19520 40195 343
19945 48476 343
20099 32335 343
20441 25567 343
21003 21872 343
21143 24829 343
21239 30313 343
21249 44415 343
21462 28421 343
21568 49725 343
21676 32072 343
21717 30745 343
22051 24382 343
22080 37947 343
22677 36605 343
22917 42318 343
23139 32581 343
23439 41603 343
25203 26566 343
25868 45969 343
26427 44441 343
28228 35082 343
29373 34981 343
29510 44214 343
29875 49024 343
30106 46469 343
30911 34302 343
32946 48357 343
33767 46299 343
34209 40133 343
35764 43209 343
36418 38421 343
36581 40106 343
37374 41063 343
38384 40908 343
38496 47341 343
39126 47235 343
41245 42834 343
43259 43368 343
43445 44980 343
444 17895 344
1162 8850 344
1619 20806 344
1832 12726 344
2060 13215 344
2086 12161 344
2807 5648 344
3161 10480 344
3861 19477 344
4553 9258 344
5039 45873 344
5702 6090 344
5730 23712 344
5949 39154 344
6071 21767 344
6455 20733 344
7265 49285 344
7860 29476 344
7883 33754 344
8363 28276 344
8415 27599 344
8644 10508 344
9207 47392 344
9795 15751 344
9862 38479 344
10665 12728 344
11137 19942 344
11524 25043 344
12494 42043 344
13311 14288 344
13532 17553 344
14128 26097 344
15131 41569 344
15291 31104 344
15935 24201 344
16189 37835 344
16586 17821 344
18441 20551 344
19165 35222 344
19891 35741 344
20138 39812 344
20174 29207 344
20266 22905 344
23922 27921 344
24888 30055 344
25657 35943 344
26928 32757 344
27214 28759 344
28576 30672 344
30690 34499 344
31408 40827 344
32683 35351 344
35313 49336 344
35349 43930 344
36742 45631 344
37129 39046 344
38058 49910 344
40334 42624 344
45417 45766 344
32 11541 345
472 542 345
1213 9661 345
1375 42503 345
1435 2180 345
1525 10846 345
1530 2698 345
1594 33376 345
1769 10601 345
2329 38699 345
2430 10310 345
2794 7424 345
2888 5357 345
3557 13439 345
3881 10925 345
3988 5018 345
4124 46246 345
4520 40221 345
4721 33327 345
5637 16951 345
5764 42736 345
6010 13884 345
6663 8037 345
7684 26136 345
7971 30791 345
9169 46539 345
9308 29997 345
9970 15655 345
11236 38610 345
11294 28385 345
12221 24413 345
13492 44330 345
13718 44582 345
14111 16120 345
16588 25307 345
16612 29089 345
16623 25402 345
17269 18344 345
17864 25575 345
18066 18911 345
18151 22403 345
18772 21068 345
20332 47571 345
20699 29722 345
23231 24436 345
23238 46796 345
23315 28453 345
24072 38266 345
24957 35987 345
25024 33008 345
25543 27504 345
25838 33174 345
26048 40205 345
26126 35900 345
26789 30165 345
27507 29740 345
28000 40258 345
29471 43579 345
29900 33037 345
30202 49282 345
30400 33650 345
30706 45785 345
32571 42710 345
32802 37601 345
32856 44959 345
33300 44705 345
33937 48418 345
35490 46714 345
35578 38859 345
36982 38706 345
39040 39469 345
39801 48293 345
40846 46938 345
42183 43949 345
43519 44969 345
47346 48569 345
470 2536 346
980 7844 346
1806 8096 346
2257 9724 346
3038 11025 346
3436 25524 346
3804 40817 346
3806 26928 346
3814 46678 346
3861 45408 346
4187 9706 346
4774 43165 346
4832 37698 346
4899 47951 346
5993 34246 346
6241 43173 346
6462 14818 346
6748 15494 346
7108 40517 346
7928 33428 346
8735 25637 346
9899 21114 346
9996 48487 346
10705 19107 346
11616 23092 346
11662 34959 346
12152 32499 346
12180 13385 346
12784 36632 346
13239 49356 346
13501 13705 346
14035 23535 346
14097 31460 346
15049 31920 346
15151 44184 346
15190 47307 346
15906 46392 346
15934 29578 346
16564 23310 346
16628 29678 346
17209 27293 346
17298 26313 346
17963 25098 346
18609 26567 346
20544 33605 346
20855 48182 346
21166 22777 346
21923 27592 346
22111 42702 346
23400 38791 346
23767 24247 346
23997 44087 346
26975 40559 346
27028 43139 346
27221 45126 346
27486 47923 346
27557 34427 346
28465 47852 346
29410 43038 346
29623 35022 346
30205 46295 346
32508 46289 346
32550 46956 346
34055 48109 346
35179 42537 346
37139 38652 346
40199 42869 346
40747 42964 346
41063 44553 346
41306 44376 346
89 318 347
406 596 347
412 4540 347
723 22012 347
830 2279 347
859 37323 347
1361 30441 347
1480 18401 347
1797 3510 347
2595 14118 347
2613 24038 347
2720 15532 347
2813 41481 347
2965 35570 347
3088 7428 347
3361 45598 347
4171 44634 347
4221 13429 347
4265 39890 347
4456 7131 347
4554 39042 347
4736 40459 347
5457 21986 347
6134 23108 347
6141 32623 347
6154 22338 347
6346 19632 347
6377 9574 347
6519 41283 347
7213 10120 347
7296 46004 347
7312 17315 347
7499 27158 347
8129 35686 347
8295 13909 347
8668 37551 347
9022 48626 347
9949 18134 347
10531 40884 347
10754 10885 347
10891 15918 347
10953 36062 347
11293 41957 347
12881 40134 347
13192 15065 347
13414 19346 347
13650 43977 347
14673 32258 347
15154 28546 347
15979 16936 347
16362 23387 347
16582 22839 347
16774 23374 347
17125 23248 347
17188 39886 347
18997 35615 347
19477 24458 347
19795 39128 347
21720 31971 347
22774 49698 347
23350 46076 347
23595 39143 347
24263 42810 347
24386 43621 347
25451 34608 347
25836 38292 347
26530 48413 347
26552 39803 347
26994 36461 347
27036 41359 347
27949 37472 347
30082 38085 347
32495 43128 347
33369 36149 347
33373 41107 347
33896 42225 347
35005 44199 347
35013 37164 347
35570 38215 347
36358 47264 347
38513 49619 347
39057 43459 347
39148 49162 347
39842 49265 347
100 8927 348
1416 3388 348
2055 31275 348
2310 11052 348
2633 11567 348
2895 11352 348
3651 29203 348
3717 28694 348
3803 15553 348
3955 14656 348
4060 7650 348
4440 16499 348
4643 31565 348
5069 31134 348
5392 12914 348
5623 36183 348
5666 7486 348
6006 14801 348
6079 27066 348
6254 7618 348
6266 6735 348
6356 43794 348
6558 7690 348
6749 42890 348
6849 28021 348
6858 39345 348
6929 41262 348
7213 19115 348
8471 23300 348
9315 47589 348
9841 9848 348
10259 30158 348
10455 41510 348
10496 21522 348
10679 21080 348
10932 27184 348
11753 44537 348
12169 24784 348
14164 40738 348
14509 41875 348
14658 39277 348
15767 37771 348
16278 30803 348
17338 38351 348
18739 37066 348
18897 44095 348
19191 45433 348
19234 33347 348
19553 33703 348
19863 48716 348
20012 42419 348
20430 33711 348
21572 27196 348
21739 40462 348
22107 33339 348
22247 45195 348
22647 28149 348
22977 26798 348
23186 34425 348
23354 26839 348
23601 42484 348
23833 37049 348
23907 32427 348
24765 41275 348
25449 30273 348
25939 30718 348
26710 39693 348
29375 39503 348
31625 35848 348
31779 49810 348
32104 47255 348
32929 41144 348
33311 43129 348
33959 34799 348
34349 39135 348
35395 35534 348
37513 38274 348
171 13531 349
311 19242 349
399 5454 349
417 4476 349
884 1634 349
1116 8790 349
1125 5118 349
1553 3410 349
1916 38219 349
2288 43986 349
2600 29756 349
3153 44745 349
3443 4238 349
3930 10348 349
4016 37126 349
4438 33940 349
5493 43749 349
5860 33702 349
6560 46519 349
6768 7523 349
7789 11520 349
7983 18898 349
8892 13661 349
9167 20151 349
11140 25216 349
11162 13279 349
11441 23135 349
11945 46049 349
11977 22170 349
12208 13861 349
13151 13437 349
13806 20851 349
14712 22041 349
16286 36338 349
17207 38135 349
17997 48531 349
19156 25650 349
19367 35870 349
19952 41736 349
20238 44180 349
20241 28617 349
20451 35458 349
20567 44061 349
20849 42583 349
21289 48749 349
22472 24709 349
22590 31204 349
22794 23218 349
23206 32353 349
23865 43553 349
24558 40034 349
24856 35825 349
25332 37441 349
25541 29931 349
25635 29129 349
27407 39343 349
27660 30326 349
27943 36692 349
29118 45583 349
30517 31839 349
31579 31892 349
31684 40159 349
32324 40147 349
34523 49542 349
34623 41258 349
36087 40477 349
36250 41186 349
36398 45664 349
36776 41370 349
37627 38792 349
38039 41450 349
38469 46504 349
42910 43284 349
45211 46136 349
46010 48395 349
256 19932 350
726 15686 350
1227 12870 350
1268 11313 350
1564 2315 350
1809 6641 350
1842 37459 350
2157 28294 350
2205 26031 350
2260 4218 350
2305 15192 350
2332 2493 350
2516 20790 350
2731 9547 350
2766 27674 350
2788 11983 350
2801 30065 350
2878 30203 350
3940 5048 350
4536 45892 350
4853 23679 350
5028 17293 350
5241 34446 350
5548 10470 350
6022 31252 350
6148 26263 350
6433 25488 350
6489 16693 350
6569 9104 350
6674 19946 350
7072 39624 350
7375 22511 350
8024 9589 350
8185 11621 350
9053 15130 350
9185 12344 350
9284 19033 350
9553 49664 350
9754 23360 350
10216 29214 350
10746 34040 350
11140 24909 350
11203 46011 350
11703 44400 350
12526 14829 350
12783 30149 350
13254 40114 350
14199 42035 350
14579 48147 350
14869 38712 350
15106 35136 350
15566 21820 350
16366 48650 350
17828 36948 350
19146 30850 350
19523 28648 350
19554 30658 350
19614 20510 350
19877 42851 350
20137 43357 350
20984 26372 350
21175 31685 350
21289 27824 350
21464 42894 350
21536 49429 350
23000 49740 350
23998 37610 350
24254 36747 350
24717 29364 350
24761 38804 350
25140 32455 350
25220 47055 350
25332 44686 350
26537 27102 350
27075 39519 350
27444 38332 350
27662 28014 350
36024 46634 350
37948 38713 350
39741 41015 350
44739 47800 350
242 12229 351
753 43151 351
829 33593 351
1452 3990 351
1664 13129 351
1900 36760 351
2955 3092 351
2984 30505 351
3168 10377 351
3444 4921 351
3662 13109 351
3769 11147 351
4041 17496 351
4609 8651 351
4857 17681 351
4910 6662 351
5162 6916 351
5793 28905 351
6261 26498 351
7374 18849 351
7663 46465 351
7815 43466 351
7946 39908 351
8084 17551 351
8228 21002 351
8587 25656 351
8946 22773 351
9007 39153 351
9141 26065 351
9196 44453 351
9695 12289 351
10094 14023 351
10199 12782 351
10793 19333 351
11517 16426 351
11812 21287 351
12077 25650 351
12180 13952 351
12278 19245 351
12941 37399 351
13121 37700 351
13341 43825 351
13792 15989 351
14447 34731 351
14509 24234 351
15398 20717 351
15916 37471 351
15971 44899 351
16047 33476 351
16871 27408 351
17611 33061 351
17613 27194 351
18111 43056 351
20900 46714 351
21023 43802 351
21421 37861 351
22721 26178 351
23033 39346 351
23541 47224 351
23556 25492 351
23761 27825 351
24171 31880 351
24399 44784 351
25522 41773 351
25523 29701 351
26812 30062 351
26871 37077 351
27679 44722 351
28365 33304 351
28743 31769 351
28952 36100 351
29158 33636 351
29281 30936 351
29418 47426 351
30278 32399 351
30386 48617 351
32259 34821 351
34875 48731 351
37494 47459 351
40613 41630 351
43226 47195 351
48043 48887 351
254 21582 352
316 5481 352
1134 2605 352
1482 45392 352
1819 45395 352
2235 3379 352
2602 7992 352
4800 8666 352
5147 22064 352
6306 7725 352
6593 13679 352
6743 9189 352
7296 33471 352
7300 35866 352
7890 9338 352
8647 45736 352
8677 48851 352
8702 21732 352
9565 34185 352
9978 26990 352
10103 12263 352
10730 31848 352
11026 35133 352
11629 14956 352
11802 12059 352
12434 41170 352
12594 19601 352
13165 14977 352
13649 14382 352
13775 18800 352
14608 21198 352
14778 25601 352
15160 42859 352
15478 16389 352
15871 24992 352
16884 48440 352
17317 36969 352
17457 28272 352
19599 23650 352
20588 27435 352
20619 23512 352
20755 34187 352
20779 37522 352
21531 24061 352
22876 29308 352
23817 24751 352
24051 28721 352
24308 42969 352
24848 33121 352
24993 34118 352
25320 47925 352
25322 26914 352
27399 37039 352
28656 35293 352
29115 33789 352
29935 35880 352
30441 38289 352
33911 39195 352
34309 42477 352
40121 42401 352
40170 40297 352
47753 48563 352
56 573 353
491 795 353
540 18476 353
882 41216 353
1198 2109 353
1429 15402 353
1533 3394 353
1653 4154 353
1666 7387 353
1833 10414 353
1864 18498 353
1913 31951 353
1918 12944 353
2273 5159 353
2329 38236 353
2916 18364 353
2986 4212 353
3079 11486 353
3217 32464 353
3432 32621 353
3433 3689 353
4042 6543 353
4482 21459 353
4608 6137 353
4812 5067 353
6228 38699 353
6276 10947 353
6367 46414 353
6454 11341 353
6598 8240 353
6935 39241 353
7185 17464 353
7200 29233 353
7785 47188 353
7809 15838 353
8107 13537 353
8595 49263 353
9272 31476 353
10263 48923 353
10809 36295 353
11660 37421 353
13572 24793 353
13794 47245 353
15866 26175 353
15948 29413 353
16113 22594 353
16114 44813 353
16178 37658 353
16371 48500 353
16491 19614 353
17477 26653 353
17590 46706 353
17696 46620 353
17715 46787 353
17757 44121 353
18537 41664 353
18686 33806 353
18804 33396 353
18815 40038 353
18868 26162 353
19016 35811 353
20070 37212 353
20227 40669 353
20320 42769 353
20418 40187 353
20651 27900 353
20732 36982 353
21238 21769 353
24130 30934 353
24957 30545 353
24961 40919 353
25658 43695 353
26666 39261 353
27034 49005 353
28510 34998 353
29506 45021 353
30890 44385 353
32967 42167 353
33041 42551 353
33513 48006 353
33757 37208 353
33759 36403 353
33809 38183 353
34413 36276 353
37416 46616 353
37689 40931 353
38996 48443 353
39526 45780 353
40193 43230 353
40401 42452 353
43427 46716 353
65 46117 354
368 19203 354
429 15036 354
676 24686 354
953 23010 354
1239 16812 354
1338 5653 354
1447 26023 354
1595 2572 354
1622 30837 354
1638 32895 354
2042 5089 354
2574 33730 354
3148 8892 354
3468 42355 354
4104 10079 354
4140 48272 354
4380 20272 354
4410 5693 354
4630 5464 354
4648 10574 354
4868 7751 354
4903 20115 354
5157 7595 354
7032 31284 354
7635 16166 354
8322 38313 354
8501 15330 354
9086 25936 354
9225 9320 354
9796 26441 354
9821 27663 354
9995 19315 354
10166 27804 354
10793 17683 354
10904 20284 354
11036 19720 354
11866 26712 354
12673 17730 354
12754 32187 354
13640 35407 354
13808 15002 354
14295 46988 354
15136 19159 354
15616 23189 354
15653 36217 354
16396 25882 354
17721 24508 354
18374 37581 354
18448 36391 354
18668 48767 354
18757 23736 354
18805 40493 354
20568 23045 354
21621 47058 354
22603 44424 354
22973 37471 354
23467 40489 354
23753 27411 354
25249 40066 354
26830 28455 354
28344 38525 354
33521 38607 354
33697 48028 354
34526 41064 354
34916 38231 354
35722 40372 354
36829 40172 354
37047 42836 354
37809 42684 354
38494 42277 354
38656 43084 354
38756 38910 354
40702 42852 354
41778 47841 354
42504 47527 354
42754 48533 354
43738 47524 354
44685 44903 354
83 14551 355
215 48099 355
452 823 355
739 38561 355
1044 1976 355
1609 3755 355
1654 36226 355
2287 45924 355
2754 12387 355
3124 20007 355
3624 33709 355
3868 31974 355
4198 6101 355
4571 45412 355
4907 17810 355
5012 23871 355
5092 9500 355
5426 31554 355
5607 18770 355
5669 34169 355
5964 19622 355
6301 44024 355
6513 39656 355
7066 22200 355
7335 32628 355
7972 36325 355
8141 48829 355
8543 26645 355
9632 10146 355
9727 45546 355
9871 26955 355
10048 22027 355
10129 48444 355
10704 49932 355
10786 24692 355
11136 48551 355
11206 15075 355
11475 33652 355
13261 28027 355
14133 17022 355
14410 25830 355
14693 27290 355
14803 41484 355
15265 19391 355
15408 40130 355
15605 38396 355
16053 17778 355
16541 20271 355
17288 22065 355
17448 33956 355
17597 20402 355
18923 23761 355
19425 34362 355
20235 43896 355
20362 23004 355
21235 27325 355
21627 37532 355
22499 48554 355
23426 33563 355
24397 36967 355
25562 28253 355
26092 26381 355
26127 38123 355
26569 30541 355
28158 38273 355
29937 42653 355
31689 49095 355
32722 38365 355
35268 41918 355
37647 48081 355
39165 46524 355
44188 45929 355
44392 45681 355
45483 48112 355
47690 49097 355
26 2155 356
574 988 356
1009 4616 356
1415 8137 356
1530 3148 356
2012 19519 356
2452 39783 356
2679 34428 356
2686 48910 356
2868 4559 356
3546 25308 356
4518 48066 356
5319 23791 356
5335 6343 356
5409 40512 356
5593 19495 356
5623 42994 356
5676 10179 356
6635 35058 356
7347 8431 356
7470 10715 356
7826 11207 356
8833 18644 356
9285 43104 356
9949 18776 356
10601 20916 356
10634 24899 356
10748 33501 356
10867 15166 356
11271 31597 356
12168 26189 356
12179 24630 356
12465 36542 356
12928 41105 356
13800 22084 356
14485 27618 356
15101 21612 356
15822 19908 356
16059 32352 356
17501 22303 356
18335 32391 356
18483 18767 356
18887 22399 356
19230 46424 356
19263 24243 356
19368 22694 356
19673 33073 356
19876 30891 356
20683 40275 356
20690 49848 356
24262 43228 356
24491 35383 356
25268 33500 356
25476 41788 356
25783 38959 356
26352 31828 356
26655 31435 356
28154 30847 356
29815 32893 356
29832 46179 356
33626 36827 356
34229 42311 356
34425 36266 356
35013 40574 356
35349 39442 356
35471 37588 356
38083 46643 356
38193 46252 356
1047 1049 357
1121 20454 357
1341 3210 357
1352 13260 357
1632 6378 357
1667 2358 357
1830 9150 357
2278 43463 357
2298 14397 357
2325 19214 357
2690 5764 357
3517 6056 357
3521 28141 357
3655 4724 357
3686 34664 357
4030 13868 357
4042 19761 357
4105 5743 357
4710 31297 357
5831 34811 357
6017 18198 357
6023 14278 357
6301 11103 357
6386 12923 357
6400 19063 357
6623 43884 357
6784 7015 357
7162 7182 357
7404 45232 357
8202 39078 357
8219 46374 357
8481 28089 357
8597 43785 357
9035 48449 357
9081 32188 357
9123 9290 357
9188 42241 357
9336 37215 357
9488 10584 357
9584 19001 357
9723 11589 357
9868 13915 357
9882 20436 357
9886 14985 357
10628 44860 357
11746 23810 357
11915 44846 357
13336 19863 357
14318 18919 357
14691 30221 357
14904 18690 357
15612 41533 357
15704 39972 357
16232 18333 357
16383 18932 357
16607 47500 357
18033 24346 357
18275 30741 357
20177 22978 357
21226 31379 357
22232 48683 357
24649 31892 357
26672 32298 357
27181 35100 357
27577 45059 357
28273 31681 357
28644 38400 357
30627 41609 357
32951 42238 357
35099 38656 357
35485 38310 357
35532 49578 357
36754 40817 357
41769 44203 357
42491 49384 357
24 979 358
367 24367 358
992 1546 358
1038 4863 358
1186 25918 358
1885 19738 358
2064 14905 358
2191 49549 358
2448 3203 358
2827 39256 358
3174 7619 358
3196 3905 358
3758 33613 358
4278 8698 358
4634 45789 358
4751 12346 358
5255 40607 358
5823 29144 358
6219 26295 358
6394 19206 358
6843 41136 358
6924 19729 358
7425 25434 358
7510 11190 358
8098 26092 358
8394 10526 358
8711 18794 358
8784 24191 358
9239 35560 358
9477 42701 358
9510 41828 358
9591 18637 358
9852 37804 358
10471 43058 358
11356 44602 358
11362 33648 358
11464 41877 358
12201 22073 358
12720 20348 358
13467 26168 358
13584 22916 358
14366 42767 358
14814 22569 358
14911 36865 358
15190 39096 358
15445 20384 358
15452 36310 358
15581 31801 358
15669 16170 358
16403 29044 358
16428 28955 358
16837 33028 358
16925 42295 358
17027 26433 358
17844 24315 358
18058 18954 358
18561 29255 358
18648 21784 358
18797 38773 358
19384 36808 358
19479 26627 358
19843 21989 358
21699 32649 358
23000 48470 358
23453 31171 358
23549 46595 358
25082 39426 358
25715 49703 358
26228 48448 358
26987 45629 358
29661 44374 358
30620 44825 358
31269 44461 358
31991 40654 358
32419 39582 358
35801 36686 358
40480 46704 358
8 335 359
80 46028 359
787 9912 359
1190 48837 359
1332 11330 359
1509 5374 359
1670 25265 359
1771 10473 359
1835 36477 359
1860 41204 359
2882 3874 359
3136 28886 359
3145 48387 359
3205 49587 359
3575 41592 359
4037 42298 359
4332 31880 359
4334 21629 359
4769 24109 359
6018 15899 359
6241 9806 359
6299 48215 359
6576 18480 359
6778 13321 359
8144 12722 359
8613 38647 359
9032 16098 359
10133 33817 359
12437 31716 359
13171 15744 359
13213 14836 359
13540 48967 359
14085 33972 359
16918 46467 359
18403 44572 359
18421 26058 359
20198 48531 359
20525 40808 359
21629 38524 359
22804 30201 359
23225 28507 359
23429 35502 359
23607 47214 359
24197 27163 359
26001 40429 359
28081 40095 359
29276 37035 359
29281 44850 359
29388 30749 359
29621 39826 359
29951 44245 359
32222 46097 359
34547 38563 359
35677 44355 359
36718 41257 359
36802 42042 359
37500 46708 359
37509 40962 359
39285 44243 359
40117 45460 359
42316 46353 359
202 30092 360
393 4786 360
981 5117 360
1185 6119 360
1330 20104 360
1561 7193 360
2691 35206 360
2865 39264 360
3310 29486 360
3736 32190 360
4126 30407 360
5424 48615 360
5736 15623 360
5810 6417 360
6531 9891 360
6983 16014 360
7767 39651 360
7898 24802 360
8468 25469 360
8558 10536 360
8803 28285 360
8831 16806 360
9031 41385 360
9416 15298 360
9757 31966 360
10151 46975 360
11242 31109 360
11585 43687 360
11787 25140 360
11806 42365 360
12012 21780 360
12326 15871 360
12429 30454 360
12476 46878 360
12650 41245 360
13417 37898 360
13736 34975 360
13955 18350 360
14342 22170 360
15351 20167 360
15510 44033 360
16684 42705 360
17008 35740 360
17181 25776 360
17235 49471 360
17319 21860 360
17384 48939 360
17454 20870 360
17519 29441 360
17831 30661 360
18645 35413 360
19264 26780 360
19679 40387 360
22612 23184 360
22690 35707 360
22890 35666 360
24056 30550 360
25166 49552 360
25326 32694 360
25347 49907 360
26250 30333 360
26654 49698 360
26961 47510 360
27497 41850 360
27523 49571 360
28451 35134 360
33499 46720 360
33897 34546 360
34318 49499 360
36687 42283 360
37386 41160 360
44274 47470 360
44537 48505 360
1 7 361
261 2025 361
301 1724 361
315 14710 361
366 2415 361
411 19491 361
535 619 361
746 3665 361
901 1770 361
1114 23279 361
2086 19778 361
2167 14207 361
2270 35294 361
2770 14591 361
3013 3082 361
3720 26075 361
4343 18949 361
4507 4614 361
4897 29088 361
5009 49592 361
5013 6892 361
6457 36133 361
7371 48229 361
7985 22827 361
8870 27606 361
8886 30806 361
9130 42560 361
9654 37623 361
9757 24731 361
10243 41896 361
10291 46692 361
11835 28549 361
12348 17803 361
12981 20231 361
13652 41222 361
14499 23941 361
14564 40034 361
15595 25380 361
15659 28867 361
16515 36804 361
16629 24943 361
16792 47812 361
17025 44280 361
17538 34528 361
17665 18290 361
17866 29010 361
18010 33135 361
18018 41854 361
18118 22089 361
18729 45508 361
19303 27868 361
20693 28988 361
21363 42243 361
21834 22604 361
23239 33284 361
25117 42158 361
25607 45790 361
25739 28871 361
26091 33540 361
26409 43202 361
27817 48110 361
27892 37249 361
29940 35992 361
30211 43584 361
31870 45384 361
31994 42442 361
32675 36501 361
33199 39773 361
33577 43531 361
33952 34789 361
34631 46238 361
34856 39310 361
37717 41217 361
38118 43691 361
40523 48896 361
41718 43503 361
43991 48285 361
45469 48607 361
45686 47261 361
889 3127 362
950 4640 362
1345 4584 362
1958 34603 362
2127 2949 362
2238 42486 362
2487 25344 362
2917 6702 362
3234 18985 362
3498 43926 362
3516 24266 362
4097 37316 362
4136 19210 362
4179 4236 362
4225 33843 362
4648 29846 362
5023 5137 362
5203 30041 362
5893 19941 362
6020 41627 362
6314 42885 362
6477 45740 362
6497 31150 362
6802 33678 362
7784 33587 362
8155 21875 362
8596 24527 362
9016 46265 362
9282 19544 362
9897 22750 362
10609 21079 362
11577 16625 362
12405 27479 362
12576 24775 362
13172 26402 362
13852 27446 362
14041 37426 362
14458 40809 362
15702 34188 362
16065 39036 362
16524 42139 362
17631 45169 362
18854 29813 362
20043 43823 362
20199 48344 362
21070 22508 362
21158 49522 362
21418 34483 362
22046 48648 362
23969 29237 362
24195 31312 362
24617 37880 362
26458 34761 362
26868 48389 362
29211 37678 362
29830 32267 362
30674 36423 362
31315 48693 362
32534 44651 362
33180 42819 362
33215 46170 362
35147 48576 362
37232 49837 362
37936 45085 362
44036 45047 362
45537 49146 362
49344 49872 362
186 13149 363
328 13738 363
449 1637 363
986 4967 363
1879 46533 363
2025 6862 363
2160 43993 363
2279 5165 363
2327 2526 363
2853 8931 363
2861 4115 363
4279 13660 363
4347 17113 363
4426 20720 363
4826 34374 363
5151 45871 363
5206 9354 363
5969 25495 363
5993 7168 363
6752 22120 363
7017 43389 363
7124 19084 363
7150 12972 363
7431 13918 363
7514 37597 363
7554 39623 363
7622 35213 363
7709 32980 363
8195 39851 363
8715 47482 363
8806 22762 363
9264 23359 363
9310 36677 363
10195 31110 363
11484 46038 363
13990 29018 363
15561 21189 363
15710 34039 363
15965 33664 363
16301 47103 363
17243 19901 363
17401 36052 363
17429 17618 363
17587 40641 363
17927 25981 363
18365 21186 363
19866 29344 363
19921 32202 363
20242 26340 363
20867 49487 363
21036 48282 363
21222 22593 363
21533 22162 363
23816 47369 363
24393 31658 363
26348 46430 363
26859 35220 363
27081 48145 363
28689 41328 363
29703 46269 363
30288 35793 363
31074 36038 363
31347 35669 363
32324 36809 363
33529 39218 363
33957 47562 363
34417 35590 363
35600 46747 363
38122 42702 363
38786 44271 363
39705 44276 363
46653 49672 363
60 25501 364
92 45492 364
322 4538 364
506 17642 364
1889 9982 364
1939 18559 364
1949 25795 364
2035 21741 364
2181 32019 364
2216 11811 364
2514 6540 364
2877 47999 364
2904 7023 364
2944 12821 364
3258 7172 364
3454 3664 364
3530 13523 364
3576 3944 364
3759 30318 364
3790 15829 364
3965 26704 364
4432 44148 364
4771 5838 364
4848 5717 364
5083 8965 364
5380 8358 364
5899 7866 364
6135 10035 364
7278 14620 364
7290 42027 364
8005 26843 364
8525 30254 364
8526 13782 364
8675 22901 364
8738 28486 364
9010 10268 364
9231 10176 364
9665 10578 364
10385 26213 364
10638 32701 364
11389 42788 364
11792 41727 364
11991 11994 364
12104 47924 364
12136 30292 364
12461 27819 364
12659 13938 364
12725 20834 364
12932 27238 364
13196 33596 364
13538 44451 364
13716 15892 364
13920 33500 364
14438 45472 364
14806 35745 364
15420 29914 364
17039 19232 364
17060 33455 364
19727 32429 364
19953 31477 364
21782 23006 364
23152 46564 364
23777 37461 364
24134 28918 364
25628 33863 364
27096 27203 364
30097 42755 364
31596 41969 364
31890 37608 364
34470 41472 364
38926 46131 364
47570 49002 364
770 23312 365
1189 48638 365
1412 46266 365
1554 31940 365
2432 41777 365
2519 5173 365
2535 36417 365
2803 42572 365
3288 40098 365
4495 13524 365
4504 48733 365
4746 37380 365
4926 18502 365
5521 26760 365
5693 18443 365
5832 17530 365
5851 11062 365
6498 32275 365
6499 43337 365
7021 49971 365
7693 15961 365
7735 33792 365
7821 8130 365
7881 37945 365
8030 39258 365
8262 16910 365
8793 13908 365
9098 30531 365
9410 36192 365
9943 36020 365
9977 45649 365
10018 22888 365
10193 39486 365
10549 43369 365
10711 32431 365
10782 17583 365
10856 44475 365
11070 13442 365
11187 23420 365
11414 33930 365
11465 13115 365
11626 12251 365
12839 43626 365
13060 47096 365
14127 42111 365
15494 18195 365
15793 25345 365
15996 42317 365
16148 26131 365
16368 42040 365
16656 22331 365
16721 21864 365
16994 37756 365
17991 47785 365
18544 19183 365
19096 43648 365
19197 37866 365
19219 23142 365
19370 20779 365
19883 44056 365
21537 25551 365
23168 33810 365
23742 28950 365
24647 45273 365
25419 43162 365
30808 33835 365
31812 34287 365
33300 42621 365
34748 44142 365
35826 45652 365
35878 41835 365
38427 38559 365
38614 38845 365
41904 44238 365
115 12446 366
332 43504 366
389 3851 366
536 1210 366
1134 22585 366
1411 5893 366
2014 2876 366
2220 21383 366
3745 4126 366
3801 22610 366
4001 36679 366
5260 6660 366
5261 7129 366
5383 30276 366
5897 8668 366
6060 6499 366
6088 17398 366
6812 23243 366
6864 7792 366
6927 20693 366
7352 7403 366
8587 25300 366
9302 16442 366
9734 37190 366
10179 10922 366
11365 48195 366
11474 22784 366
11855 24079 366
12176 45018 366
12506 47455 366
12938 28415 366
13137 35567 366
13194 48642 366
13196 34008 366
13317 15887 366
13606 34184 366
14728 33928 366
15394 33484 366
15889 21041 366
16309 26062 366
16346 39804 366
17466 25190 366
17706 20927 366
18251 19561 366
19196 25451 366
20901 30827 366
21152 38225 366
21254 21372 366
21329 39471 366
22147 35300 366
24798 33536 366
25239 39429 366
25762 27185 366
26443 29475 366
26652 41667 366
27478 46434 366
30274 40331 366
32278 43599 366
33238 41214 366
33502 42453 366
34674 36117 366
36045 47769 366
36437 38737 366
37848 38446 366
39792 41320 366
165 36808 367
416 5288 367
947 6964 367
1331 35221 367
1430 49392 367
2528 28494 367
2635 3331 367
2798 25527 367
2834 21693 367
3272 15797 367
3466 22215 367
3571 40939 367
3643 40110 367
3699 13139 367
3752 9787 367
4043 40449 367
4307 34744 367
4504 6697 367
4598 26614 367
4887 31871 367
5063 11424 367
5430 14803 367
5813 7765 367
6840 7215 367
6887 25449 367
7333 26794 367
7420 29262 367
8371 29979 367
8412 48935 367
8432 13401 367
9506 20198 367
9856 42949 367
10414 35136 367
10501 21637 367
10594 11332 367
11852 35316 367
12391 48833 367
12860 21657 367
13760 22552 367
13909 37087 367
14163 37336 367
14874 30662 367
15619 21617 367
16076 38230 367
16107 42390 367
16266 35076 367
17577 21873 367
18729 46408 367
19750 46115 367
21438 48728 367
21908 37700 367
21929 29269 367
22443 46333 367
24126 31685 367
24759 49487 367
25649 45982 367
25996 29989 367
26257 37645 367
27100 28908 367
31678 42893 367
32488 32979 367
32912 41018 367
36373 45870 367
37473 45787 367
37660 47056 367
38481 46472 367
38671 46550 367
41099 46385 367
41526 49108 367
42718 46235 367
63 2489 368
350 10378 368
424 454 368
750 13728 368
1381 45110 368
1453 3037 368
1570 9798 368
2124 8485 368
2136 44683 368
2372 49622 368
2849 5132 368
3099 9722 368
3259 4321 368
3747 36417 368
9690 48807 368
10666 25938 368
11750 43077 368
12065 14000 368
13109 15574 368
13648 30220 368
13780 47688 368
14255 15396 368
14468 19475 368
15094 38114 368
15199 42129 368
15291 24374 368
18738 22427 368
18766 19312 368
19350 33573 368
19652 24667 368
19828 29275 368
20050 24918 368
20859 21895 368
21415 26490 368
22065 27484 368
22115 22863 368
22651 37488 368
22884 37141 368
23190 27990 368
23261 32253 368
23759 39113 368
25285 38171 368
25508 48534 368
26026 34720 368
27005 30573 368
27649 29383 368
28151 42310 368
28420 49729 368
29371 34859 368
29591 39181 368
31136 36773 368
32713 33267 368
33471 45224 368
33869 40457 368
33911 46115 368
37898 43831 368
38198 39379 368
38453 45578 368
38530 41457 368
39207 46515 368
39705 49008 368
42266 48730 368
460 35708 369
528 13991 369
778 6787 369
1456 28096 369
1937 6304 369
2459 13927 369
2959 19917 369
3796 8774 369
4033 45717 369
4215 38147 369
4454 7776 369
5021 29741 369
5097 18656 369
5973 43013 369
6131 37088 369
6412 11098 369
6725 13771 369
8790 29089 369
8891 10432 369
9240 20457 369
9301 20023 369
9491 12662 369
11007 13691 369
11161 44860 369
12469 39804 369
13676 44642 369
13762 27075 369
13844 14339 369
14055 40843 369
15251 39750 369
15539 48222 369
15644 25330 369
16828 36589 369
17657 36661 369
19323 36940 369
19595 31657 369
19739 25135 369
21037 38483 369
21115 47855 369
21609 24627 369
21887 32244 369
22193 27253 369
22889 46721 369
23769 25812 369
23889 32520 369
24096 40556 369
24369 37387 369
24525 48306 369
24822 44936 369
24854 27233 369
25499 47990 369
26416 36431 369
27020 28504 369
27735 42192 369
29368 33794 369
30377 43343 369
31935 43269 369
33806 47875 369
34412 43252 369
36133 44039 369
36314 44583 369
36762 49237 369
38437 39937 369
39927 40021 369
40299 42880 369
45635 49880 369
47766 48961 369
26 41895 370
289 16452 370
404 16614 370
762 25704 370
894 4326 370
1806 49223 370
2028 20960 370
2127 4418 370
2193 24863 370
2895 5770 370
3017 6803 370
3814 20709 370
4081 4401 370
4366 8792 370
5293 11144 370
6015 22547 370
6177 13857 370
6835 14652 370
7204 17723 370
7330 26700 370
7869 42147 370
8257 36774 370
8523 15423 370
8706 11014 370
8953 34937 370
9162 17206 370
9347 36160 370
10066 18106 370
10282 12614 370
10345 37509 370
10487 28428 370
10933 39008 370
11100 25080 370
11266 33228 370
13669 22268 370
13792 26609 370
13960 15150 370
14367 20525 370
14374 14502 370
14413 30265 370
14515 21687 370
15805 23176 370
15838 18947 370
16326 38405 370
16521 49378 370
17023 21386 370
17711 40202 370
17751 34783 370
17832 21007 370
18301 38770 370
19102 28894 370
19621 42719 370
19752 20494 370
19882 24241 370
20272 46537 370
20685 40418 370
21418 42339 370
22271 27154 370
23026 39820 370
25547 37581 370
26199 31248 370
26206 48275 370
30667 41416 370
31037 44496 370
31061 33567 370
31383 43463 370
32703 42912 370
34852 46429 370
36897 44133 370
39673 48235 370
40990 49494 370
47163 48776 370
47963 49883 370
24 2352 371
325 25552 371
409 866 371
486 47393 371
949 31509 371
1559 23946 371
2226 17001 371
2544 3274 371
2870 15754 371
4042 29504 371
4495 13948 371
4516 29393 371
5040 47968 371
5340 14553 371
5638 21750 371
5697 49316 371
5700 25643 371
5817 13804 371
5823 44234 371
7786 42576 371
7958 35162 371
8773 25025 371
9882 30092 371
10313 44754 371
11019 16585 371
11238 41600 371
13063 34700 371
14119 43270 371
14377 22284 371
15797 40024 371
16260 44085 371
16667 27556 371
17618 48077 371
18016 24923 371
19899 38834 371
20055 41767 371
20491 21035 371
21795 28026 371
22002 25041 371
22460 24227 371
22707 41440 371
22852 36984 371
27250 30345 371
27714 37322 371
28037 43539 371
28471 46560 371
32206 34785 371
36444 47612 371
36463 38997 371
37210 39649 371
37256 38941 371
38735 47828 371
42780 47131 371
170 7130 372
198 4331 372
198 8560 372
539 16963 372
697 1146 372
735 5921 372
907 36115 372
1349 39539 372
1577 16583 372
2080 15366 372
2690 13037 372
2801 8516 372
2817 3293 372
3796 47600 372
3958 42075 372
4073 23654 372
4433 8366 372
4792 31693 372
4966 30677 372
5673 41617 372
5884 26404 372
5887 40476 372
6292 25616 372
6410 37250 372
6732 24403 372
6847 7748 372
6997 31294 372
7042 32562 372
7153 30457 372
7992 35969 372
8250 21355 372
9026 41719 372
9205 42055 372
9728 17354 372
10147 26800 372
10291 31237 372
10410 37812 372
10484 36762 372
10686 42288 372
12130 18962 372
12245 45294 372
12421 34970 372
12636 37799 372
13531 33487 372
14687 47237 372
15284 26977 372
16503 19239 372
16889 44754 372
16895 35762 372
16911 25541 372
16953 17486 372
17478 18926 372
19024 20635 372
19772 49720 372
20209 22310 372
20498 42688 372
21489 36075 372
21563 44757 372
22187 48764 372
22328 43563 372
22549 26248 372
22784 36209 372
23308 33797 372
25119 39168 372
25153 29355 372
25593 28104 372
26202 40827 372
27550 39104 372
27774 28807 372
28226 44640 372
28245 31780 372
28775 48085 372
29144 45113 372
31384 41094 372
32237 39435 372
32704 33290 372
33142 48103 372
33380 36713 372
35903 47187 372
36170 40375 372
37087 41462 372
37378 49363 372
38169 39245 372
39507 41391 372
44899 46026 372
30 8809 373
722 2034 373
877 1824 373
1427 2716 373
2043 15107 373
2386 5030 373
2456 21577 373
2813 27400 373
2912 11814 373
3489 4676 373
3643 46264 373
4091 45702 373
4450 26754 373
4554 34362 373
4968 14270 373
5164 13707 373
6391 37961 373
8640 31547 373
8897 45180 373
8995 15413 373
9066 39342 373
9163 36264 373
9338 10595 373
10363 25288 373
10618 40732 373
11346 17690 373
12008 15516 373
12028 19005 373
12121 22386 373
14348 20169 373
15227 46551 373
15711 28873 373
16211 25962 373
16573 42482 373
17283 40462 373
17905 37126 373
18968 19296 373
19877 47900 373
20185 28632 373
20316 27989 373
20717 32751 373
21388 38968 373
21833 49594 373
22863 43195 373
23039 29443 373
23121 33726 373
24015 33541 373
24406 46647 373
24431 46891 373
24532 46812 373
26131 32627 373
27108 38214 373
28040 43798 373
28434 35576 373
30170 46712 373
30340 39946 373
35843 47402 373
36314 39714 373
37586 43390 373
37802 41297 373
39260 41535 373
41661 43501 373
41739 42884 373
44317 48269 373
46456 47492 373
525 6768 374
642 3946 374
821 2009 374
824 21612 374
845 32397 374
867 2119 374
1601 1861 374
1629 38612 374
2673 7968 374
3145 19628 374
3546 5375 374
4265 45375 374
4324 47878 374
4792 39234 374
5145 44914 374
5201 18621 374
5425 49313 374
5968 42568 374
6556 42490 374
6620 48389 374
6729 34478 374
7149 46707 374
7394 18101 374
7894 39268 374
7983 18311 374
7985 21347 374
8089 26184 374
8325 33342 374
8580 13881 374
8827 31759 374
8903 33428 374
8972 29858 374
9404 40496 374
10244 26630 374
10338 41327 374
10495 23916 374
10652 21174 374
11583 39031 374
11793 29795 374
12939 40682 374
12947 17274 374
13066 47819 374
14422 43576 374
14613 28580 374
15061 26975 374
15998 24528 374
16634 43390 374
16930 44930 374
16958 32536 374
17256 17787 374
17458 17935 374
18295 23764 374
19303 45839 374
19435 22681 374
20264 20817 374
21529 25601 374
22439 35163 374
22991 36800 374
23104 39970 374
23251 28775 374
23780 43725 374
24325 32705 374
27188 43307 374
28803 38335 374
29889 39010 374
30253 39276 374
31647 41629 374
34815 43404 374
35912 40345 374
36150 47877 374
36192 41632 374
37564 46677 374
38879 41958 374
40055 42808 374
43120 46293 374
48620 48808 374
306 16217 375
391 21020 375
1624 14608 375
1929 21062 375
2211 22944 375
2351 17534 375
3129 25620 375
3396 49066 375
3561 5620 375
3695 35696 375
3999 30587 375
4144 6924 375
4268 18136 375
4501 28500 375
4624 11616 375
4854 8181 375
4914 6013 375
5384 34211 375
6120 12712 375
6934 26617 375
7063 16259 375
8148 49059 375
8628 33981 375
9687 11689 375
9709 34073 375
9733 11239 375
11065 20596 375
11206 11364 375
11226 35002 375
11830 21420 375
12789 27950 375
13471 36777 375
13888 33175 375
14007 21594 375
14148 31543 375
14260 27058 375
14777 21667 375
15170 17161 375
16248 26912 375
17619 41862 375
18080 36219 375
19277 42820 375
19768 35193 375
20126 42618 375
20631 49517 375
20958 45836 375
21412 28888 375
21981 29463 375
22093 47117 375
23880 40669 375
23964 37536 375
24138 29211 375
26500 35416 375
26726 44839 375
27054 36422 375
27573 29941 375
29787 44844 375
30451 39446 375
32228 49868 375
33168 49834 375
38808 42440 375
44396 49423 375
755 17779 376
1074 43512 376
1237 33359 376
1601 1895 376
2730 41577 376
2773 9275 376
2783 19079 376
3985 36866 376
4246 11893 376
5009 47670 376
5012 44134 376
6529 39522 376
6834 11125 376
7029 26204 376
7030 9031 376
7132 38395 376
7539 14495 376
7615 24248 376
8206 10757 376
8914 46439 376
9040 10022 376
9322 16570 376
9366 39279 376
9567 15049 376
9819 47557 376
10046 18105 376
10421 39265 376
11061 24822 376
11449 15535 376
12162 21091 376
12537 15635 376
12579 12829 376
12701 16485 376
14270 21343 376
14378 20611 376
14747 36413 376
15299 28665 376
15982 16071 376
16628 49121 376
18231 43322 376
18340 24944 376
18519 32889 376
19207 22933 376
19249 47927 376
20158 48431 376
20646 49333 376
22907 45827 376
24302 44054 376
25249 48766 376
25258 25749 376
27874 38545 376
27930 28407 376
28362 41512 376
28616 47478 376
29556 33924 376
30042 34824 376
30779 37782 376
32750 47750 376
34163 46279 376
34758 42755 376
34914 42995 376
35853 49371 376
37190 48454 376
40009 47761 376
41613 45299 376
41937 47916 376
43596 45506 376
45650 45828 376
78 15939 377
271 6627 377
1028 9704 377
1343 3887 377
1759 5327 377
2132 5505 377
2387 6327 377
3454 26286 377
3658 5688 377
3701 10809 377
4289 35066 377
4939 19688 377
5418 16972 377
5960 7437 377
7086 12787 377
7849 18855 377
8124 18462 377
9693 16547 377
10462 11649 377
10969 40580 377
11816 41915 377
11977 40902 377
12025 44455 377
12131 32684 377
12932 25099 377
13173 19853 377
13470 28872 377
13689 36389 377
13893 17179 377
15428 18868 377
15799 42443 377
17938 30173 377
18227 26457 377
19251 21075 377
19344 26481 377
19712 39063 377
19886 36858 377
19972 21608 377
20148 27452 377
24342 46265 377
25073 45657 377
26499 45141 377
27035 32931 377
27071 27294 377
29413 43530 377
29574 33482 377
30429 34864 377
31011 38756 377
33181 41068 377
33369 42795 377
33789 41439 377
33840 39868 377
35262 35767 377
37313 47748 377
37454 40951 377
40984 45558 377
41885 43150 377
63 32416 378
104 187 378
361 48593 378
515 12804 378
1761 14850 378
1985 6354 378
2337 9601 378
2370 39545 378
2418 14165 378
2443 7592 378
2588 34004 378
2934 20966 378
2975 3326 378
3286 18300 378
3788 25282 378
3997 26763 378
4085 10817 378
4476 9479 378
5466 19015 378
5543 14881 378
5941 39284 378
6297 8709 378
6387 45411 378
6435 8769 378
7192 34501 378
7391 39729 378
7590 48891 378
7804 32315 378
7919 23951 378
8036 33121 378
9107 16129 378
9528 49902 378
9797 11414 378
10223 25996 378
10418 19025 378
10786 28829 378
10825 23785 378
10918 17569 378
12142 24043 378
12528 26039 378
12533 18349 378
12572 23569 378
12700 22855 378
12940 37216 378
14552 27172 378
14674 27753 378
15199 26429 378
15827 35227 378
15903 49887 378
15905 21182 378
16119 45577 378
16477 28785 378
16648 33311 378
17270 32731 378
17341 46278 378
17812 43059 378
18819 30640 378
20133 28393 378
20611 33603 378
20791 30953 378
22492 28715 378
22697 24126 378
22764 33346 378
23471 39619 378
23546 29713 378
24336 28234 378
25591 29716 378
26302 34405 378
27332 38911 378
29136 44670 378
30925 33836 378
31595 41266 378
32916 36410 378
33504 38713 378
38431 42325 378
39169 39632 378
42817 49857 378
43810 44774 378
46928 49909 378
47926 49608 378
1251 38280 379
1561 4850 379
2128 3207 379
2718 48906 379
2755 35358 379
3371 7705 379
3580 44812 379
3973 27889 379
4190 13834 379
4491 4821 379
5507 7327 379
5766 16787 379
5798 24175 379
6138 25844 379
6248 46111 379
6463 9398 379
6508 43802 379
6854 14354 379
7250 35657 379
7400 44267 379
7648 26010 379
9707 24058 379
10017 25766 379
10084 32606 379
10384 13782 379
10541 15489 379
10747 13445 379
11665 32577 379
11685 15673 379
12192 14775 379
12449 36149 379
13121 41324 379
13457 14535 379
14029 24699 379
14280 16418 379
14499 30520 379
14575 21023 379
14749 37357 379
15973 34491 379
16854 23446 379
18765 25019 379
19471 30452 379
19699 41566 379
20229 42010 379
20825 36440 379
22979 43166 379
23435 38373 379
23827 36671 379
24239 39687 379
25180 47896 379
25347 43500 379
25516 36854 379
25871 32502 379
26244 26662 379
26731 42792 379
28515 33454 379
29053 39564 379
29223 49610 379
30895 49404 379
31505 44329 379
31755 39016 379
31868 43157 379
32270 35261 379
32276 39039 379
32360 42784 379
32504 34125 379
32681 48768 379
34205 44837 379
34310 39096 379
35736 39510 379
36025 42117 379
36159 48716 379
40314 45687 379
41461 45722 379
43263 43962 379
43346 48278 379
44508 46288 379
48 1761 380
799 48050 380
919 31020 380
1086 5191 380
1173 34054 380
1232 12717 380
1476 15680 380
1504 10870 380
1797 49321 380
2287 17075 380
2411 41333 380
2471 3021 380
3197 46861 380
3371 28763 380
3721 9349 380
3739 13516 380
3814 17703 380
3833 13840 380
4085 10770 380
4647 6857 380
4791 19027 380
6202 20223 380
6208 33742 380
7131 45141 380
7246 21844 380
7295 35379 380
7637 26051 380
8662 33665 380
9275 27758 380
9401 14772 380
10490 21573 380
11434 33457 380
11576 42650 380
11967 19982 380
12230 18873 380
12433 43206 380
12981 47650 380
13790 35841 380
14930 39072 380
15003 39780 380
15323 43523 380
15774 22937 380
15785 42012 380
15973 38491 380
17413 43727 380
19481 33154 380
19768 45682 380
20366 49203 380
20862 35615 380
21351 39748 380
22913 28663 380
23670 33057 380
24145 44209 380
24679 29569 380
25675 46854 380
28064 34708 380
28296 34289 380
28856 44086 380
29617 32589 380
30262 35370 380
30291 33972 380
30742 31150 380
30779 49692 380
31576 37770 380
32404 45692 380
41119 44930 380
43321 49726 380
45525 45965 380
49605 49706 380
56 42520 381
253 21423 381
883 4147 381
969 8749 381
1473 6683 381
1613 2525 381
1753 33960 381
2283 2793 381
2642 21800 381
2786 13534 381
4247 4705 381
6131 49711 381
6360 7643 381
7148 9428 381
7391 12852 381
8812 49466 381
9161 42135 381
10220 22234 381
10285 46333 381
11880 29125 381
12030 45466 381
12136 14241 381
12216 21779 381
13554 49042 381
13681 30950 381
13982 48295 381
14092 48300 381
15216 38650 381
16031 36567 381
16874 48341 381
17193 18110 381
18692 19777 381
19413 43701 381
19871 27094 381
20043 30961 381
20280 25261 381
21095 39803 381
21746 25961 381
22028 33437 381
22931 45750 381
23650 24685 381
23853 41493 381
23992 37254 381
24130 25253 381
24235 43410 381
24324 27944 381
25857 27438 381
26635 44660 381
32636 48763 381
33917 37818 381
35889 41608 381
36018 37094 381
40004 40235 381
41603 48563 381
42971 47231 381
43965 44122 381
55 4974 382
282 1819 382
606 7105 382
673 35731 382
2081 18548 382
2081 39751 382
2114 3978 382
2718 44281 382
2900 16013 382
3449 29882 382
3453 15578 382
3553 30793 382
4150 35059 382
5188 7088 382
5700 22145 382
7561 17195 382
7759 17342 382
7977 20723 382
8648 40965 382
8951 13299 382
8969 42691 382
9219 14532 382
9226 39711 382
9960 37605 382
10276 48499 382
10299 13340 382
10408 49162 382
10859 16343 382
10976 19974 382
11527 44938 382
12024 29874 382
12611 44659 382
13885 34950 382
14028 41503 382
16879 36620 382
17090 47709 382
17779 32170 382
17820 28559 382
17914 23443 382
18091 47245 382
19414 22312 382
19636 49358 382
20316 48575 382
21089 41479 382
21378 30269 382
21761 23198 382
22323 44195 382
22496 32663 382
22505 22631 382
23292 42323 382
24886 36132 382
25130 40400 382
25409 33448 382
26147 45979 382
26826 38563 382
27141 36191 382
29147 41393 382
29156 39548 382
37532 41303 382
38233 45861 382
39055 48061 382
41119 49726 382
93 45212 383
1178 9743 383
2388 6943 383
2908 32725 383
2970 32741 383
3094 21818 383
5005 23401 383
6326 32898 383
6848 39241 383
7272 47697 383
7679 16355 383
7964 37840 383
9346 17652 383
9634 14436 383
10120 20773 383
10323 45370 383
10775 42163 383
11846 29998 383
12121 38168 383
13782 45274 383
13838 16059 383
14398 21310 383
14490 33309 383
14664 32915 383
15202 20976 383
15916 23189 383
16578 41570 383
17134 31390 383
17381 49995 383
18286 40588 383
18789 21589 383
19037 48541 383
19753 24828 383
20137 30465 383
23643 29671 383
23643 46893 383
25666 27060 383
26726 44587 383
27245 28712 383
28141 37155 383
29465 34284 383
29996 37270 383
30038 35632 383
34509 48442 383
36024 36749 383
38433 40792 383
21 286 384
326 49511 384
353 1372 384
502 33131 384
1399 27471 384
1635 38696 384
2248 7726 384
2620 5418 384
2762 4072 384
3680 40995 384
3696 26654 384
3841 13910 384
4210 11732 384
4586 31898 384
4797 7673 384
5061 15275 384
6436 27029 384
6992 18526 384
7052 22028 384
7189 7228 384
7456 22763 384
7468 20856 384
7535 22212 384
8198 10960 384
9373 24630 384
9612 33780 384
9726 38464 384
10117 16108 384
10268 29956 384
10455 28439 384
10971 14317 384
11303 37636 384
12065 40800 384
12394 35080 384
12640 40886 384
13556 46521 384
13874 18116 384
14104 17837 384
14190 44273 384
15096 15231 384
15219 26038 384
15261 21922 384
16375 41901 384
16954 20662 384
17752 38495 384
18281 34988 384
18642 48439 384
18820 37497 384
19486 49017 384
20173 39811 384
20490 42016 384
20616 38617 384
20684 21645 384
22035 41306 384
25121 45128 384
25758 27233 384
25901 44613 384
28088 42111 384
28557 37821 384
30200 39567 384
32040 38434 384
34853 46151 384
35357 37981 384
36616 48190 384
37493 42549 384
37860 42832 384
42344 43575 384
45731 47071 384
46409 49245 384
66 49923 385
99 5490 385
507 46216 385
981 2113 385
1370 14773 385
1485 2642 385
1527 47176 385
1573 6215 385
1803 47305 385
1952 30705 385
2184 3440 385
2555 15191 385
3167 16590 385
3844 11530 385
4024 4345 385
4599 6131 385
4800 29531 385
5116 6945 385
5457 40362 385
5560 30094 385
5801 32167 385
6529 49735 385
6602 45672 385
6860 42506 385
6911 44641 385
7690 30034 385
7795 32826 385
8255 42841 385
8955 24911 385
9681 16425 385
9789 13728 385
11460 18764 385
12636 44916 385
12809 31967 385
13208 14629 385
13274 18345 385
13356 22237 385
14392 16311 385
15331 49163 385
15628 17721 385
16078 45931 385
16120 30272 385
16497 19029 385
17145 48656 385
17327 23346 385
17415 44386 385
17617 39677 385
17808 33133 385
18049 26263 385
18225 39085 385
18501 42975 385
20088 33699 385
21917 46686 385
21979 41636 385
23311 24863 385
23701 45104 385
24069 28878 385
24493 34619 385
24598 41837 385
25678 33365 385
26622 33224 385
29151 41717 385
30294 36465 385
32238 45851 385
33519 38995 385
34034 40266 385
35901 48728 385
36167 45619 385
37331 40399 385
39160 41828 385
39667 41125 385
39907 49565 385
40450 42050 385
42806 49216 385
292 34683 386
1129 17184 386
1900 48669 386
2485 21163 386
2616 10746 386
3041 15163 386
3219 10839 386
3359 13015 386
3458 31624 386
3873 10047 386
4077 6146 386
5877 47720 386
6071 11214 386
6208 7007 386
6416 28163 386
6618 36189 386
7849 16511 386
8217 12388 386
8697 10789 386
9076 18534 386
9412 38396 386
9631 11813 386
9992 39399 386
10735 44227 386
10822 19965 386
11212 12214 386
11410 16813 386
12718 14719 386
12875 14307 386
12960 46011 386
13290 25904 386
13444 15203 386
13757 43380 386
14745 24373 386
15808 19472 386
16907 30505 386
17251 32900 386
18372 27140 386
20360 21216 386
20381 22753 386
20746 29832 386
21543 24285 386
24119 38175 386
24652 36021 386
24761 35203 386
27557 35844 386
32627 42134 386
33125 49903 386
33380 42000 386
33925 47710 386
35219 44158 386
36104 36121 386
38447 41614 386
39073 47413 386
46710 47261 386
47547 49695 386
72 2454 387
94 35182 387
154 35976 387
606 49820 387
1224 11622 387
1492 19009 387
1546 4298 387
2416 29273 387
2755 5943 387
2901 15675 387
3029 34599 387
3814 39834 387
4304 6633 387
4760 25067 387
5156 9317 387
6003 13750 387
7311 49259 387
7575 45079 387
7687 10266 387
7688 40004 387
7855 27507 387
10462 17926 387
12336 25345 387
13449 26403 387
14529 32759 387
14866 44767 387
15198 44546 387
15969 18903 387
16000 28402 387
16633 25551 387
17402 49865 387
18234 30958 387
19252 31171 387
20438 43259 387
21949 39000 387
22205 24729 387
22481 23478 387
23627 25209 387
24701 45608 387
25057 49488 387
27855 42162 387
29116 30252 387
30215 36397 387
31222 39490 387
31345 48602 387
31587 46327 387
33550 38853 387
39107 49582 387
40019 47191 387
50 96 388
321 20956 388
606 24414 388
1263 9156 388
1813 10624 388
1956 2595 388
2063 30056 388
2172 6436 388
2734 27235 388
2977 29845 388
3397 7477 388
3902 12055 388
4147 11788 388
4830 21220 388
5529 17993 388
5889 39677 388
6444 42277 388
7433 19358 388
7461 8155 388
8380 23116 388
8684 12687 388
9048 16296 388
9173 24897 388
9612 18952 388
11284 14313 388
11328 37241 388
11392 18347 388
11398 47802 388
11910 18811 388
12824 29265 388
13630 18407 388
13877 35218 388
14276 49855 388
15286 20335 388
15928 21910 388
17432 21019 388
17533 21844 388
20537 28965 388
20667 42052 388
20736 28429 388
20853 30315 388
22362 47470 388
22608 26101 388
24925 27855 388
25881 46846 388
26288 41172 388
28161 42693 388
28607 38855 388
30495 30857 388
33719 43809 388
35233 36893 388
35521 47522 388
36613 42821 388
36785 44991 388
38805 43424 388
40422 47424 388
41671 42162 388
42139 43635 388
42336 42441 388
42369 47675 388
44248 45571 388
115 8407 389
129 6292 389
691 6210 389
1461 10425 389
1463 3816 389
1486 27939 389
2065 6612 389
3090 20183 389
3195 7184 389
3746 20449 389
3822 11828 389
4003 18299 389
4250 17942 389
4507 32756 389
4834 28318 389
6154 29460 389
6585 15450 389
6917 25489 389
7906 24603 389
8589 33313 389
9195 34254 389
9391 31385 389
9651 10839 389
9842 22699 389
10564 19624 389
11277 15893 389
11485 37531 389
11860 25429 389
13554 37973 389
13723 20755 389
14072 25370 389
15156 35014 389
15437 44307 389
15439 43991 389
17014 26522 389
17976 20239 389
19149 24045 389
19564 23282 389
20022 34856 389
21162 30537 389
22482 34318 389
22815 37725 389
22952 32182 389
23707 24724 389
24402 45424 389
25097 34090 389
26980 45056 389
27782 47945 389
28329 36568 389
29808 47585 389
30331 34864 389
30589 32514 389
31479 41232 389
32451 45869 389
32496 44479 389
34098 35969 389
34692 49084 389
35704 36675 389
36235 39504 389
40107 45882 389
384 2056 390
454 547 390
586 42251 390
1148 8814 390
1235 31784 390
1483 22805 390
1679 6967 390
2327 13223 390
2346 3522 390
2484 5725 390
2725 21724 390
2930 12895 390
3421 19671 390
3442 25532 390
3443 20011 390
3475 45688 390
3584 6163 390
3749 4031 390
4379 15432 390
4619 9700 390
4952 22411 390
5583 25327 390
5662 14179 390
6503 11427 390
8936 34899 390
9122 48322 390
9455 16617 390
10689 14164 390
10759 44776 390
11011 38676 390
11038 41093 390
11301 32907 390
11387 27252 390
12461 26153 390
13304 14200 390
13357 31482 390
14503 29353 390
14892 24282 390
17171 21640 390
17498 29759 390
17719 21112 390
17777 21611 390
18353 21303 390
19043 31591 390
19221 26798 390
19228 29213 390
19916 28572 390
20947 27519 390
21568 34900 390
21624 24167 390
22126 24730 390
22520 27706 390
22677 43558 390
22772 42944 390
22958 44551 390
23805 47769 390
25519 31182 390
26313 34811 390
27127 32111 390
27257 39525 390
27434 35609 390
28497 37576 390
28767 29635 390
29095 44499 390
29990 46317 390
32725 48839 390
34319 43073 390
35914 44375 390
37905 42401 390
38871 47448 390
42250 47505 390
88 47771 391
142 871 391
197 790 391
583 740 391
760 2419 391
1425 4328 391
1436 4498 391
1803 10724 391
2013 2133 391
2085 21623 391
2211 45461 391
2654 35785 391
2760 5182 391
2789 13181 391
3269 3893 391
3683 4436 391
3986 13129 391
4090 35500 391
4114 41673 391
4274 30880 391
4752 25228 391
5412 7935 391
5541 31153 391
6168 13585 391
7202 18451 391
7210 46431 391
9015 42067 391
9623 22035 391
10360 16234 391
11197 30555 391
11260 26414 391
11373 36035 391
11442 32522 391
11540 47296 391
12556 36891 391
12868 37523 391
13800 32963 391
15173 27472 391
17031 18728 391
17130 30300 391
17595 33571 391
18100 32285 391
19119 33087 391
21118 39409 391
22379 41194 391
26140 31215 391
27497 35890 391
28093 38404 391
30635 32954 391
31938 39006 391
34119 41467 391
35255 47499 391
37069 43658 391
39520 40526 391
41580 42361 391
42578 43972 391
45774 47985 391
46706 47536 391
47456 49847 391
237 26624 392
240 10393 392
597 7163 392
1180 21194 392
1470 3349 392
1652 37619 392
1810 14246 392
2235 44326 392
2648 47709 392
3069 4050 392
3370 24162 392
3515 5827 392
4368 19003 392
4853 8709 392
4861 44605 392
5119 18425 392
5235 13327 392
5426 11995 392
6317 31688 392
6398 24393 392
6906 31604 392
7652 28317 392
7697 9956 392
8195 13819 392
9122 18529 392
9408 14497 392
9610 19605 392
9753 40665 392
10723 43616 392
11083 44928 392
11204 36397 392
13163 44756 392
13874 22914 392
14054 18338 392
15484 41708 392
16113 34250 392
16274 27860 392
17152 32498 392
17385 18680 392
17484 28193 392
18735 37148 392
20004 38686 392
22098 37107 392
23156 32359 392
23740 35507 392
24844 46439 392
25023 25915 392
26655 49054 392
26738 39916 392
26984 28981 392
27414 32614 392
31096 44012 392
31677 41091 392
31693 43964 392
32915 38176 392
34870 40579 392
35192 41821 392
36852 45130 392
41029 44853 392
485 28858 393
570 6444 393
794 1165 393
991 8721 393
991 48024 393
1151 14361 393
1201 11671 393
1224 2840 393
1256 25411 393
1524 19637 393
1629 21795 393
2398 44982 393
2920 20280 393
3352 5622 393
3587 19242 393
3866 19026 393
3883 24973 393
4156 42268 393
4383 17317 393
4519 20876 393
4584 4902 393
4643 49220 393
5314 11314 393
5528 41477 393
6023 17804 393
6643 17696 393
6750 20903 393
7628 9538 393
7758 42179 393
7903 12992 393
7967 8819 393
8421 46848 393
8819 18326 393
8884 41322 393
8909 8913 393
9103 31205 393
9356 30140 393
9709 11898 393
11188 19924 393
12143 30598 393
12452 25264 393
12599 14843 393
13447 21394 393
13555 18889 393
13729 37449 393
14392 41421 393
14578 16039 393
14734 32736 393
14892 26314 393
15500 39827 393
15945 24310 393
16154 29993 393
16469 37795 393
16605 41298 393
16731 47873 393
18977 34452 393
19930 44773 393
21021 44890 393
21453 31815 393
21961 45939 393
22456 41767 393
22577 31270 393
22637 44876 393
22653 23429 393
23174 23777 393
23424 39043 393
25273 27225 393
28309 40359 393
28646 47539 393
29228 46851 393
30549 46857 393
31287 47833 393
31795 37739 393
32398 41195 393
33213 34845 393
34409 45786 393
36856 39288 393
37599 39953 393
38248 43677 393
38491 47092 393
39285 47300 393
39508 42163 393
40669 46817 393
41446 48369 393
733 28194 394
1023 43222 394
1277 48024 394
2709 33181 394
2868 19963 394
3189 43192 394
3310 16175 394
3456 5150 394
3802 40331 394
3872 15754 394
4857 40393 394
4919 25118 394
6076 45381 394
6101 26579 394
6971 49995 394
7784 13649 394
7983 44319 394
11040 32486 394
12616 35003 394
13346 31104 394
13562 18012 394
13684 38237 394
13866 21397 394
13951 15766 394
15083 26191 394
15135 29652 394
15619 15889 394
17557 30215 394
18221 45640 394
20181 43089 394
20516 32165 394
23330 36576 394
24478 35779 394
24758 47454 394
25415 36761 394
27153 45974 394
27790 49256 394
27952 43562 394
28111 28290 394
28986 41075 394
30408 49803 394
30687 35610 394
30879 39661 394
31691 49190 394
32002 33245 394
32276 40332 394
32630 33937 394
33425 44579 394
36619 48399 394
37225 48285 394
37913 45073 394
39636 41325 394
40392 45264 394
556 19555 395
755 25704 395
919 31256 395
1348 13784 395
1403 12646 395
1599 22846 395
1624 44360 395
2304 5306 395
2466 5779 395
2577 8367 395
2963 4518 395
3035 5015 395
3709 6339 395
3727 40684 395
4001 26103 395
4034 19586 395
4510 30196 395
4587 5843 395
4813 10142 395
4879 10179 395
4899 45430 395
5324 18642 395
5362 44128 395
5425 15348 395
5541 24253 395
5659 42411 395
6085 8131 395
6451 28190 395
6676 30185 395
6763 15420 395
7189 45883 395
7428 11467 395
8048 31749 395
8935 19187 395
9604 33812 395
10588 27728 395
11577 22320 395
11597 27412 395
12098 15128 395
12539 18696 395
12820 45813 395
15208 22036 395
15579 24693 395
16731 44795 395
17034 36584 395
18242 44517 395
18696 29400 395
19934 42715 395
20115 24590 395
20302 42133 395
20339 30181 395
21113 31788 395
21709 23368 395
23736 44038 395
24241 26360 395
25355 36658 395
27501 39956 395
27564 38386 395
29861 30692 395
31234 49797 395
31447 43205 395
32432 43034 395
35618 46658 395
202 35470 396
236 12327 396
405 3941 396
656 33424 396
706 34972 396
801 5478 396
852 16341 396
1007 37229 396
1362 22353 396
2332 40079 396
2924 4527 396
3160 7661 396
4015 47904 396
4928 7021 396
5222 38318 396
6344 40281 396
6628 18035 396
6934 26118 396
7003 38133 396
7752 19965 396
8837 33400 396
9026 22954 396
9115 17725 396
9335 29726 396
9397 27827 396
9627 48490 396
9659 36562 396
11664 11996 396
11908 37047 396
12139 21603 396
12198 36875 396
12366 46931 396
12759 31213 396
12794 32759 396
12984 20388 396
14417 24121 396
14703 39976 396
15707 40370 396
15811 34275 396
16076 33927 396
16196 19124 396
16912 42324 396
17331 41974 396
17691 30023 396
17801 24546 396
18129 36316 396
18586 22460 396
18697 35805 396
19950 44882 396
20576 35726 396
24392 36938 396
25332 32941 396
25508 39735 396
26703 37013 396
26896 42327 396
27161 32957 396
28041 29593 396
29214 36215 396
30277 36656 396
31637 34946 396
34276 42342 396
34933 43450 396
37192 40905 396
38704 40786 396
39805 44723 396
39845 45049 396
41986 45763 396
43992 49679 396
62 193 397
590 6884 397
677 2537 397
753 35032 397
1264 7177 397
1438 18820 397
1522 9578 397
1597 5600 397
2540 17861 397
2924 6529 397
2926 15236 397
3403 10841 397
3762 14041 397
4090 17437 397
4551 48861 397
5393 7172 397
6099 39983 397
6659 22593 397
6865 32961 397
7982 32342 397
8332 44130 397
8362 10136 397
8498 45047 397
8553 43208 397
9752 16436 397
10048 28704 397
10484 32251 397
12405 35753 397
13312 39931 397
13492 26858 397
13776 14670 397
13906 16804 397
13941 42357 397
14425 31042 397
15272 34968 397
15694 22048 397
15888 37140 397
18207 34979 397
18317 39387 397
18783 22243 397
19295 46772 397
19399 45015 397
20309 46268 397
20439 33999 397
21150 31859 397
23134 28658 397
23892 39125 397
24038 47226 397
24513 45056 397
24532 42856 397
24889 48212 397
24916 46769 397
26188 46208 397
26398 36824 397
26782 30613 397
27852 38126 397
30225 44463 397
30288 48380 397
31306 40252 397
33165 38204 397
33553 37175 397
34524 46211 397
35830 37263 397
36248 42976 397
36360 41896 397
38607 47805 397
39692 49024 397
39993 49051 397
44585 45485 397
44732 45279 397
1275 43325 398
2138 7808 398
2493 23487 398
2868 31537 398
4308 34436 398
4711 17547 398
4794 5337 398
5110 49450 398
5162 27863 398
5395 5982 398
6161 16498 398
7020 48511 398
7124 44042 398
7237 7989 398
7448 33570 398
7516 26255 398
8312 20860 398
8366 21302 398
8376 10138 398
9486 21578 398
10370 31616 398
11086 29636 398
11380 16803 398
12756 43522 398
13024 32245 398
13110 43985 398
13582 15265 398
13755 29203 398
13797 19137 398
14507 49628 398
15471 27134 398
15479 27777 398
16659 40718 398
16918 39372 398
17863 39167 398
17965 19160 398
19299 25068 398
20982 21075 398
20985 35395 398
21980 46408 398
22368 31217 398
23376 30889 398
23501 49422 398
23729 40466 398
24999 34144 398
25611 31542 398
27072 31049 398
27216 31674 398
28126 43819 398
28521 34734 398
28567 49989 398
28852 47534 398
30196 32940 398
31381 33651 398
34954 43772 398
42596 48917 398
45864 48328 398
118 14138 399
410 18040 399
482 3906 399
1063 9354 399
1248 7277 399
1325 23149 399
1456 48355 399
1560 7491 399
1875 6528 399
1941 28437 399
1959 12237 399
2258 5109 399
3509 15914 399
4073 17793 399
4686 24644 399
5676 7771 399
5762 5953 399
7422 46179 399
7892 44640 399
8696 44957 399
8945 10386 399
10975 33162 399
11538 17882 399
11568 13017 399
12122 19127 399
12225 21911 399
13056 43631 399
13402 47557 399
13999 37314 399
18201 18711 399
18906 49533 399
19235 40934 399
20535 23324 399
20619 21072 399
20971 27693 399
21313 30637 399
22950 29057 399
23217 28842 399
23383 28955 399
23612 42671 399
23678 29053 399
23816 25351 399
24200 26176 399
24242 39717 399
26057 49725 399
27219 36435 399
30125 37639 399
30270 46660 399
30685 38285 399
30810 39710 399
32599 32999 399
33322 39033 399
33403 48318 399
34183 36913 399
37823 40245 399
38480 43550 399
39336 48958 399
40887 45832 399
45426 46327 399
46283 49464 399
327 8499 400
397 44823 400
940 18076 400
946 2323 400
1037 43969 400
2510 6203 400
3025 6322 400
3039 20764 400
3042 18485 400
3429 21863 400
3649 9195 400
3780 6567 400
3799 40479 400
4245 33650 400
4736 15268 400
4918 6091 400
5006 15161 400
5457 25860 400
6149 15007 400
6153 37127 400
6317 41366 400
6847 7966 400
7179 24528 400
8486 20442 400
8671 18863 400
8686 21517 400
8799 38027 400
9568 12721 400
9623 37487 400
10092 35314 400
10117 40357 400
11190 32751 400
11365 38079 400
11428 13071 400
11460 42612 400
11680 18930 400
13340 13356 400
15054 35473 400
15183 49121 400
15835 49171 400
16174 43522 400
16253 33938 400
16885 48048 400
17771 42043 400
17859 46146 400
17933 36288 400
18509 43565 400
19110 35716 400
19170 26583 400
22135 40324 400
22357 33433 400
22564 33731 400
25108 48634 400
25172 49903 400
25957 37136 400
26009 36300 400
27175 39077 400
27634 48977 400
28508 46879 400
28636 46188 400
29121 30443 400
29235 37857 400
31439 45109 400
31486 39505 400
33168 43251 400
34378 38259 400
36483 37100 400
37242 43839 400
37437 47287 400
43090 43764 400
43920 46685 400
153 42519 401
250 33294 401
1080 1360 401
1848 5717 401
1901 6514 401
2292 8222 401
2476 26245 401
3749 9829 401
3781 31389 401
3787 6799 401
5024 9665 401
5256 27384 401
5259 22110 401
5754 7747 401
6431 37483 401
6618 30675 401
6695 13743 401
6823 37515 401
6891 27951 401
6928 13462 401
9058 39245 401
9871 11969 401
9913 41602 401
10067 23683 401
10586 48133 401
11414 22907 401
11892 33592 401
12315 32569 401
13297 44252 401
13611 14711 401
14003 30938 401
14007 43958 401
14375 17520 401
14487 15002 401
14878 25352 401
15110 16076 401
15111 33895 401
15400 15430 401
16281 49331 401
17184 39601 401
17666 36715 401
20150 27131 401
21445 33860 401
22212 24846 401
24260 27733 401
26482 38778 401
27213 27969 401
29739 38938 401
31579 37755 401
33002 38036 401
33412 39336 401
35101 44296 401
36841 45404 401
36906 42715 401
40664 44514 401
41407 46530 401
353 5783 402
695 9404 402
773 1087 402
1197 46460 402
1251 24008 402
1627 22717 402
2203 11509 402
2248 31318 402
2410 16421 402
2582 12397 402
2701 2772 402
3387 36228 402
3605 12014 402
4113 30156 402
4167 38121 402
4905 35712 402
5293 47153 402
6292 31029 402
6930 36966 402
7042 37319 402
8700 8845 402
8866 29022 402
9079 22364 402
10546 17450 402
12707 46001 402
13439 24803 402
13598 16280 402
14294 42185 402
14618 29714 402
14946 26008 402
15544 24240 402
15759 22865 402
15792 27600 402
16930 26840 402
17067 38360 402
17590 33657 402
17643 49682 402
18630 45496 402
19285 37075 402
19551 25922 402
19653 20105 402
19789 42315 402
19918 36256 402
20658 40017 402
20787 38397 402
21130 22152 402
25711 29161 402
26354 35530 402
26980 32970 402
28095 45905 402
28566 41883 402
28789 45131 402
28902 49048 402
30020 34670 402
34932 35013 402
36568 39112 402
36570 47237 402
38751 43124 402
39041 46228 402
40285 42766 402
44030 45909 402
652 10136 403
778 9695 403
972 38703 403
1785 5839 403
2116 5544 403
2350 20405 403
2607 36744 403
3075 25653 403
3812 29338 403
4398 25387 403
5042 10475 403
5048 30423 403
5268 17951 403
5405 12907 403
5880 25756 403
7311 17368 403
9057 21789 403
9459 29228 403
9598 24821 403
9775 11122 403
10009 21747 403
10504 36134 403
12166 25579 403
13368 32755 403
13990 41861 403
14706 15128 403
15003 19769 403
16925 18324 403
17322 39175 403
18892 25085 403
19452 27141 403
20103 42891 403
20476 45448 403
22182 29605 403
22475 48154 403
23070 49776 403
23279 42360 403
24747 37073 403
25735 47070 403
29312 47779 403
29343 46837 403
31014 38452 403
31285 49761 403
31760 39801 403
31771 36872 403
31999 35916 403
34591 49110 403
37390 42308 403
38088 47297 403
42020 44177 403
525 25162 404
1105 10969 404
1861 7910 404
2013 31046 404
2270 2310 404
2656 33546 404
2659 41540 404
3124 36961 404
4166 41550 404
5148 6434 404
7493 28445 404
8475 16816 404
8684 40242 404
9912 48097 404
10040 28507 404
10178 11073 404
10777 38402 404
11871 39822 404
12591 42458 404
13417 40174 404
13967 14550 404
14017 15253 404
14222 42896 404
14665 36176 404
14862 26399 404
15080 30649 404
15335 42385 404
15390 41060 404
15428 38324 404
16387 21149 404
16858 33049 404
17108 26649 404
17135 43273 404
17255 41586 404
17330 20644 404
17455 23358 404
17495 34143 404
18009 45637 404
18014 21490 404
18492 40941 404
20255 32028 404
20260 40458 404
22704 44380 404
23491 32504 404
23644 27877 404
23858 42657 404
24676 39947 404
25756 30623 404
26454 30934 404
28363 42400 404
30911 39457 404
32698 42737 404
32887 43534 404
33932 44753 404
34338 34871 404
35461 35759 404
36789 49872 404
37182 40688 404
38786 45846 404
41661 42761 404
43784 47066 404
48157 49128 404
736 19455 405
1156 20019 405
1637 3932 405
1833 2485 405
1963 13769 405
2113 45299 405
2351 19398 405
2417 28678 405
2770 19383 405
2908 45739 405
3137 35185 405
4447 10653 405
4531 12301 405
4735 22975 405
4765 29887 405
4819 20496 405
5171 18348 405
6011 9795 405
6295 20975 405
6458 30945 405
6531 29233 405
7150 38759 405
7260 8473 405
7321 48247 405
7652 14327 405
7720 17578 405
8257 12357 405
8941 15237 405
9272 19464 405
9560 44145 405
10233 18054 405
11209 36506 405
12587 25978 405
13108 14903 405
13462 45168 405
13686 22651 405
14772 15738 405
15382 32365 405
15553 49387 405
15569 48328 405
15727 47083 405
16445 36895 405
18303 28522 405
19045 34607 405
19150 47339 405
20294 25907 405
21209 39319 405
21916 22966 405
22110 36606 405
22381 27249 405
22983 39955 405
23685 29510 405
26919 30163 405
28140 41238 405
31037 42815 405
32772 49774 405
34418 47439 405
35202 36824 405
35206 44216 405
35436 43365 405
37380 43105 405
42119 46324 405
42178 42990 405
47626 49068 405
434 8973 406
1393 47342 406
1399 26712 406
1502 3117 406
1722 20576 406
1776 2522 406
3017 49510 406
4104 37455 406
4462 14756 406
5000 13388 406
5954 28007 406
7034 29784 406
7463 26370 406
7588 13803 406
7916 37673 406
8014 46082 406
8035 32121 406
8118 45100 406
8277 29521 406
8303 28225 406
8719 23943 406
9286 12626 406
9445 32920 406
9939 26699 406
10787 29052 406
10912 14210 406
11432 17478 406
11720 23878 406
13047 35957 406
13744 14076 406
14276 21286 406
14315 20589 406
14349 21186 406
14392 19106 406
14419 17269 406
14735 24967 406
15444 15771 406
15642 31648 406
18656 29589 406
18731 18866 406
19526 35691 406
19702 20332 406
19768 48983 406
19925 28691 406
20061 26941 406
20701 23008 406
20987 29366 406
21188 48349 406
21222 48924 406
24551 25909 406
25275 38837 406
25546 36400 406
26282 35112 406
27311 49629 406
29825 41315 406
29830 42289 406
30377 35502 406
31822 33064 406
32817 34421 406
32976 49766 406
35351 38593 406
37980 45049 406
41561 45053 406
42015 46854 406
42447 45487 406
44547 48518 406
1273 8772 407
1345 2720 407
2032 4817 407
2392 44134 407
2672 10248 407
2843 6320 407
3661 13554 407
3696 36024 407
3880 38049 407
5803 13788 407
5813 42264 407
6035 9820 407
7434 26792 407
7437 30086 407
7543 28368 407
8199 13840 407
8556 13538 407
9559 11825 407
10937 11829 407
12110 12468 407
12674 18275 407
13475 26778 407
14348 47409 407
14374 17902 407
14808 46120 407
14915 35942 407
18227 26904 407
18921 47344 407
18992 37830 407
19242 20850 407
19938 35846 407
20142 30783 407
21081 27002 407
21192 38706 407
21391 41085 407
21439 31837 407
22143 34617 407
22384 30135 407
22940 33781 407
23445 30924 407
24597 46586 407
25937 27573 407
26131 34868 407
26678 43265 407
27923 42005 407
28599 39563 407
28963 30942 407
29791 44008 407
31675 41036 407
31831 41609 407
33063 41728 407
34792 41172 407
40784 43413 407
756 3237 408
1024 20940 408
2251 5430 408
2890 17666 408
2938 5264 408
2973 4305 408
3480 12550 408
3729 41279 408
3839 12940 408
4566 48808 408
4662 41451 408
5083 18646 408
5322 8575 408
5921 14356 408
5956 14546 408
8865 36496 408
9100 45507 408
9317 38593 408
10904 17169 408
11353 45423 408
11692 13400 408
12109 21293 408
12308 20183 408
12409 45422 408
12731 40904 408
13122 25148 408
13352 18057 408
14772 35280 408
14800 35945 408
15245 29939 408
15442 46221 408
15887 33090 408
16711 39236 408
16922 38914 408
19206 37803 408
19534 49717 408
22528 32037 408
22644 34855 408
22663 29122 408
23401 49020 408
24206 44289 408
27092 39086 408
29392 29749 408
30245 37733 408
34262 49603 408
34690 46968 408
34773 38655 408
38390 40898 408
38629 41263 408
45034 49222 408
45186 47215 408
47002 47148 408
372 27428 409
417 10253 409
483 44757 409
630 1732 409
702 6693 409
1200 2062 409
1272 12851 409
1348 12892 409
1506 30611 409
1569 38541 409
2035 17054 409
3426 40979 409
4418 29451 409
5220 46603 409
5799 37420 409
6355 24595 409
7222 46461 409
7307 23978 409
7867 40251 409
7935 19327 409
8002 36038 409
8583 39700 409
8712 24412 409
8919 16238 409
9137 47968 409
10659 41604 409
10906 21153 409
10992 40753 409
12365 30124 409
13036 13687 409
13281 20166 409
13553 20232 409
13625 49243 409
14145 30037 409
14239 49058 409
14692 20390 409
15121 15326 409
15855 47054 409
16098 48390 409
17137 43979 409
17816 26298 409
18226 45564 409
18778 39853 409
19667 43928 409
20065 21935 409
21844 42492 409
22601 29135 409
22789 28667 409
22993 42357 409
23569 29360 409
23683 28323 409
24505 48803 409
25039 38919 409
25666 46735 409
25686 31805 409
27142 45319 409
27223 31549 409
28064 37156 409
29952 49316 409
30450 31578 409
31934 44146 409
32546 37477 409
33570 33764 409
36849 40463 409
38353 41448 409
296 1308 410
1111 1781 410
1718 3260 410
1950 9905 410
2548 4830 410
2629 18081 410
2734 6871 410
4427 12200 410
4643 24561 410
5018 48391 410
5252 34168 410
5289 20221 410
5355 40289 410
5645 23778 410
5697 11815 410
5972 22956 410
6222 23059 410
6926 32913 410
7480 31869 410
8112 9931 410
8777 27453 410
9093 49361 410
11282 11480 410
11525 34609 410
11700 19661 410
12008 31073 410
12206 33710 410
12538 18754 410
12651 15447 410
12823 30711 410
12826 20603 410
13031 33139 410
13135 15859 410
13627 20803 410
13719 33249 410
13780 34807 410
13793 41074 410
14783 18901 410
15663 37150 410
15756 33700 410
16034 22291 410
16359 45985 410
17889 37791 410
18165 44099 410
18434 41990 410
19318 45280 410
20040 43929 410
20135 46720 410
20353 32171 410
22236 28864 410
24619 33234 410
24665 36006 410
27891 46629 410
29052 40009 410
30681 35393 410
31633 46181 410
32962 34933 410
34237 40057 410
36148 47413 410
36435 49290 410
37264 49090 410
37294 46792 410
40118 40250 410
40288 40318 410
41189 43451 410
46072 47971 410
46886 48046 410
69 46600 411
467 33065 411
502 1651 411
1059 1492 411
2082 4714 411
2208 3175 411
2216 9946 411
2316 23989 411
2951 32014 411
3102 12126 411
4219 8688 411
4946 43462 411
5460 18777 411
6195 34473 411
7212 31734 411
7878 14751 411
9299 23017 411
9315 13511 411
9596 33030 411
9868 45716 411
11845 29298 411
12295 16548 411
12451 28508 411
12698 32137 411
12947 16852 411
13523 23345 411
13889 17784 411
14299 46969 411
14425 25439 411
16486 18289 411
16671 37972 411
17488 17608 411
18437 37822 411
19888 27491 411
21863 46653 411
23317 27760 411
24059 42395 411
25958 38817 411
26363 40280 411
26540 29184 411
26788 41547 411
27537 41925 411
28512 28745 411
29277 46982 411
32667 39327 411
32746 46681 411
32796 34512 411
37965 46927 411
39977 43112 411
42489 44905 411
42536 43224 411
46411 47672 411
544 25353 412
1375 4329 412
1670 32112 412
2584 33261 412
3389 12896 412
3567 3576 412
3859 37015 412
4386 21282 412
4478 43597 412
5296 17113 412
5811 13609 412
6229 30025 412
6541 18373 412
6667 38222 412
6812 11053 412
8370 35307 412
8661 28187 412
8851 27644 412
8885 29461 412
8992 46751 412
9232 23973 412
9317 12445 412
10129 38834 412
10498 30235 412
10515 27339 412
10705 48620 412
11003 18931 412
12122 17174 412
14217 34224 412
15326 22741 412
15344 34941 412
15365 27286 412
15577 18074 412
15821 39086 412
16024 41612 412
16815 44093 412
17286 47504 412
17388 26518 412
17651 45505 412
18949 34458 412
19427 47824 412
19500 40948 412
19695 36743 412
21737 46683 412
22003 26911 412
22147 46538 412
23014 35368 412
24861 43689 412
25397 35548 412
29173 47676 412
36500 40952 412
38847 39316 412
38880 49244 412
1357 3815 413
1917 41885 413
2095 39784 413
2107 27047 413
3259 39207 413
3434 30991 413
4071 4073 413
4966 46793 413
5316 24407 413
5343 36591 413
5533 9008 413
5772 38169 413
7163 41087 413
7717 11285 413
7939 9994 413
9170 28485 413
9279 33655 413
10054 20810 413
10066 46522 413
11481 16831 413
11830 20327 413
11900 21580 413
12132 22734 413
13228 17130 413
13249 22180 413
13465 25120 413
13569 41390 413
13980 28314 413
14125 23958 413
15082 42510 413
15341 27125 413
15695 24974 413
15795 21798 413
15907 47860 413
16302 20943 413
16654 18756 413
17413 32503 413
19526 48837 413
19655 20453 413
19843 30755 413
20247 24300 413
22572 40097 413
22631 49359 413
23186 41292 413
23603 30371 413
23631 32963 413
24682 35429 413
25102 37783 413
25258 34180 413
27046 37103 413
27496 31125 413
27715 37682 413
27775 39842 413
32891 44562 413
34044 46518 413
35214 36822 413
40680 42501 413
43313 47856 413
53 18088 414
164 245 414
1128 14061 414
1278 1785 414
1764 9427 414
1886 5057 414
2084 17202 414
2456 39156 414
2598 20628 414
3253 22037 414
4258 40767 414
5659 21211 414
5926 24291 414
6074 11076 414
6129 43283 414
6805 10782 414
7840 22792 414
8362 12995 414
8705 33578 414
9689 14066 414
10885 37209 414
10902 23783 414
11071 21904 414
11660 33164 414
11993 12356 414
12208 26786 414
12636 43890 414
14064 27534 414
14109 40835 414
14898 20926 414
15193 24244 414
15314 31113 414
15994 28205 414
16703 18444 414
16875 27452 414
17037 26395 414
17277 34468 414
18736 35587 414
19175 34076 414
21553 22042 414
21974 25946 414
22104 22328 414
22396 38180 414
22463 36705 414
23155 27356 414
23419 41384 414
24457 49505 414
27995 46270 414
28866 36067 414
30136 42762 414
31436 31559 414
35200 46916 414
38353 40662 414
40415 42485 414
43972 48475 414
522 14336 415
603 1535 415
914 24282 415
1138 20593 415
2171 9267 415
2287 7974 415
3061 32831 415
3099 19325 415
3748 29378 415
3881 10601 415
4448 6167 415
4683 8406 415
4745 16568 415
4982 48175 415
5370 45524 415
5377 11000 415
6375 17226 415
6544 13368 415
7688 47373 415
9061 25236 415
9113 16332 415
9690 18584 415
10589 13849 415
10625 11241 415
10747 38137 415
11239 21064 415
12713 19943 415
13731 31463 415
13832 20451 415
15404 27717 415
15706 35927 415
15790 23571 415
15857 17420 415
16014 16147 415
16186 18233 415
16211 49807 415
16893 33235 415
18395 22791 415
19592 31622 415
19596 44497 415
22063 28771 415
23143 24329 415
23527 31926 415
24669 26111 415
26832 48332 415
26845 31123 415
27696 41947 415
29183 32957 415
30676 32130 415
31186 37855 415
31532 32923 415
31903 34898 415
33038 49352 415
33771 34092 415
34538 36123 415
36164 49280 415
37311 39982 415
43481 45091 415
724 43231 416
1001 7267 416
1190 9370 416
1629 18007 416
1643 46511 416
2042 49198 416
2357 39761 416
2460 3778 416
3959 29348 416
4108 35477 416
4163 29870 416
5349 27916 416
5630 48426 416
5895 16351 416
6121 41519 416
7336 43824 416
7595 9938 416
7864 49418 416
8251 31373 416
8398 29108 416
9290 44013 416
9702 19054 416
9890 35467 416
9927 17754 416
10927 12150 416
11014 37626 416
11615 45865 416
12388 22974 416
12791 36334 416
12903 48969 416
13195 19742 416
13473 26106 416
13785 29825 416
14824 17630 416
14975 35483 416
16060 20214 416
16439 32574 416
16440 23746 416
17402 22251 416
19087 39036 416
19481 30344 416
19678 49181 416
19850 33606 416
20315 30855 416
20417 45269 416
21458 41112 416
21658 34930 416
22196 22557 416
22621 28680 416
22822 34528 416
23361 34030 416
24863 24878 416
28163 40370 416
28409 45514 416
28756 49160 416
28848 35217 416
29291 45950 416
30650 36245 416
31303 44215 416
31512 48928 416
32176 34941 416
32515 35026 416
33790 33966 416
33880 49635 416
38863 43455 416
40726 45807 416
40898 49841 416
41072 47274 416
41368 46623 416
96 38735 417
638 2488 417
1048 3385 417
1075 28662 417
1134 45766 417
1328 1762 417
1945 3758 417
3164 34619 417
3217 19985 417
4024 5378 417
4083 4216 417
4087 16272 417
4318 9951 417
4444 43263 417
4885 37734 417
5309 19682 417
5886 9687 417
6360 43454 417
6942 20213 417
8585 39769 417
8638 40145 417
8696 39727 417
9232 48744 417
10457 45097 417
10662 16021 417
11047 11069 417
12993 32530 417
13363 22130 417
13999 20030 417
15319 48562 417
15546 42907 417
15978 29969 417
16216 40632 417
17379 43002 417
19034 39416 417
19234 24871 417
19718 37046 417
20673 33043 417
21046 34351 417
21496 26237 417
21896 24641 417
22744 49757 417
25274 40296 417
26208 27083 417
26221 29790 417
26398 43815 417
26587 36166 417
29549 41093 417
30262 34682 417
30600 35068 417
31371 43515 417
31854 46002 417
32193 37027 417
34965 44642 417
35035 38831 417
35963 46944 417
37714 39480 417
41042 41367 417
42394 43380 417
255 12919 418
2629 43144 418
4050 32603 418
4413 5296 418
4453 9244 418
4734 14312 418
4841 12225 418
5170 31728 418
5764 15911 418
5770 28281 418
6212 31191 418
6627 10882 418
7130 16728 418
7404 25405 418
7851 13347 418
8944 41926 418
9264 21752 418
9332 47530 418
9442 45202 418
9705 31391 418
9724 27856 418
10544 11544 418
10747 21000 418
10922 42038 418
11298 30730 418
11653 15491 418
12151 46745 418
13553 36527 418
14703 46633 418
15979 18658 418
16182 38919 418
16221 27635 418
16383 33755 418
16789 26401 418
17325 37766 418
17608 18230 418
18543 36943 418
19145 26155 418
19221 48687 418
20625 34624 418
23666 41558 418
24879 37987 418
25930 39554 418
25986 45291 418
27261 37269 418
27587 49720 418
29240 47824 418
35359 48182 418
35469 38313 418
38230 40901 418
40745 45335 418
41326 48453 418
125 48149 419
344 47374 419
444 45464 419
787 3014 419
1680 20054 419
1848 21088 419
2032 46655 419
2548 41503 419
2631 5292 419
3201 9583 419
4039 20278 419
4173 22405 419
4512 45267 419
4743 7796 419
5433 36694 419
5582 19948 419
7021 21685 419
7193 21770 419
7725 49707 419
7817 20839 419
9385 25033 419
9501 48090 419
9587 38833 419
9654 24006 419
10008 16368 419
10258 31685 419
10682 20262 419
11141 16423 419
11322 27881 419
11325 27845 419
11758 26133 419
12302 22685 419
12433 43539 419
12940 28460 419
14396 15345 419
15255 29618 419
17949 25530 419
18714 46337 419
19310 25111 419
21698 33670 419
22146 28651 419
23480 46743 419
23607 47105 419
29177 32054 419
29826 46070 419
30235 32201 419
33955 47261 419
40064 47894 419
44177 46911 419
233 7077 420
418 10965 420
603 3719 420
881 32107 420
1954 10766 420
3139 27974 420
3470 29902 420
3475 49325 420
4120 15418 420
4551 26862 420
5413 10180 420
5948 21762 420
8432 23304 420
10646 12476 420
10758 26181 420
11058 14659 420
11400 20743 420
12455 46540 420
13050 14893 420
13573 32763 420
14774 47729 420
15198 23912 420
16299 39109 420
16985 26472 420
17080 18336 420
17141 45889 420
17158 46261 420
17353 31943 420
17379 31636 420
17949 30542 420
18852 21221 420
18861 22759 420
20134 38621 420
21334 27867 420
21837 42694 420
23026 35279 420
23974 36233 420
25533 27338 420
25760 33213 420
27765 30801 420
28626 45107 420
29187 40412 420
31334 37656 420
32861 36934 420
33001 37609 420
33102 40341 420
34907 38783 420
38933 42603 420
39710 40708 420
1308 4811 421
1321 3674 421
1898 45429 421
2684 5744 421
3698 19931 421
5186 38571 421
5559 35885 421
5771 20330 421
5908 48182 421
6585 12140 421
6818 40131 421
8445 32012 421
9048 13546 421
9244 16161 421
9729 46177 421
9968 20915 421
10405 22368 421
11503 21591 421
11554 19890 421
12160 47010 421
12638 31669 421
12881 30544 421
13319 23826 421
13747 36886 421
13949 23819 421
14111 26093 421
14855 26721 421
16065 22833 421
16248 44758 421
16542 35364 421
18693 18727 421
20198 24950 421
20942 33018 421
20946 26242 421
22023 29052 421
24921 40212 421
26907 28309 421
33078 39331 421
34108 48188 421
35106 46799 421
35166 42399 421
38538 43337 421
484 2532 422
1529 12906 422
2184 3197 422
2300 25192 422
3041 41659 422
3434 44294 422
4080 10028 422
4089 40628 422
4453 38025 422
4621 10812 422
4844 11635 422
4980 28044 422
5254 14895 422
6729 14744 422
6935 28184 422
9613 29662 422
10406 12536 422
10435 18159 422
11114 33880 422
11380 29907 422
11450 38615 422
11834 13941 422
12517 14835 422
12551 34631 422
12787 27963 422
12880 30303 422
12894 37634 422
13067 17735 422
13406 26086 422
14039 20650 422
14883 38105 422
15723 44700 422
16218 26831 422
18098 48551 422
18797 47697 422
19501 49904 422
19586 43630 422
19969 31131 422
20902 23479 422
21152 43035 422
21189 22904 422
25842 49790 422
27502 30404 422
28295 29322 422
28366 41822 422
29253 46048 422
29675 35985 422
30371 32290 422
32852 43729 422
36319 46979 422
40240 40710 422
41371 46020 422
45607 46953 422
437 462 423
1478 3852 423
1583 47465 423
1663 6716 423
2055 29878 423
2716 17689 423
2864 3922 423
3373 25894 423
3706 5286 423
3907 10723 423
3961 13234 423
4135 31235 423
4677 23172 423
4755 5092 423
5982 9607 423
6104 7505 423
6261 43900 423
6426 20060 423
7119 18026 423
8612 26272 423
8731 13309 423
9378 39713 423
9399 18387 423
9435 35732 423
10209 22276 423
11348 35867 423
11559 42789 423
11903 40937 423
12205 31397 423
12238 26204 423
12449 19166 423
12819 16102 423
14512 21065 423
15010 27227 423
15064 33230 423
15954 35691 423
16006 28404 423
16117 19507 423
16250 29347 423
17120 38163 423
19970 23952 423
21499 36014 423
21827 39333 423
22477 38990 423
23953 35647 423
24054 46830 423
24640 46502 423
25696 39389 423
26998 44295 423
27949 46774 423
28731 29437 423
28738 46227 423
28743 43081 423
31291 41957 423
32774 47741 423
33195 33577 423
33402 35872 423
33621 46006 423
36487 48105 423
37620 38154 423
37781 44983 423
39918 49774 423
40186 44161 423
40215 42836 423
40458 42103 423
46169 48751 423
48415 49468 423
37 14778 424
396 12124 424
519 36880 424
761 3413 424
1082 8196 424
2051 22130 424
2113 5155 424
2190 5172 424
2235 16286 424
2286 2660 424
2342 37116 424
2365 18431 424
2711 21439 424
2734 46317 424
3086 46488 424
3237 3454 424
3298 38840 424
3924 43845 424
4172 31519 424
4796 16989 424
5303 27440 424
5312 48211 424
5836 14287 424
6224 9340 424
7741 42374 424
7835 11605 424
8957 25703 424
9571 44433 424
10621 16261 424
10704 39659 424
10735 35562 424
11589 21405 424
13687 45265 424
14178 44011 424
14623 33184 424
14882 32723 424
15037 22938 424
15326 30352 424
15985 30285 424
16961 30365 424
17339 40725 424
18558 26684 424
19267 45420 424
19518 21505 424
20164 47645 424
20908 40597 424
21657 25511 424
21675 30680 424
21734 22716 424
21966 23807 424
24078 30363 424
25097 49674 424
26505 35178 424
27294 44034 424
27621 35790 424
27878 28071 424
27982 41658 424
29367 32822 424
29437 46502 424
30746 40563 424
31210 40103 424
31486 42768 424
31670 44640 424
33373 48961 424
33757 35345 424
36591 49805 424
40406 47697 424
45683 49490 424
45796 47978 424
46768 48337 424
465 46052 425
974 2170 425
1742 18671 425
2376 22664 425
3094 16017 425
3593 9515 425
4731 40153 425
4845 38242 425
5349 37146 425
5393 19935 425
6198 6326 425
6269 40728 425
7764 8431 425
9035 29000 425
9247 20432 425
10189 23214 425
10518 28542 425
10806 23369 425
11213 49794 425
11407 26101 425
12515 36970 425
13947 27139 425
14170 19534 425
15238 48839 425
16086 16514 425
16424 31696 425
17572 46106 425
18096 43849 425
22160 23695 425
22291 37480 425
22449 30511 425
24764 27087 425
26794 37138 425
28642 30552 425
28788 38628 425
29860 49945 425
29954 49363 425
30441 31438 425
30757 33109 425
34055 46534 425
40848 47857 425
122 32653 426
132 4594 426
1154 20203 426
1623 20354 426
2513 33217 426
3051 17369 426
3105 8408 426
3117 35398 426
3223 16536 426
3634 30523 426
3641 38010 426
3816 23069 426
4623 14987 426
4876 38933 426
4962 9927 426
5167 9932 426
5925 30619 426
6001 40980 426
6607 20691 426
6635 16356 426
6753 42833 426
7499 42905 426
7870 27330 426
8519 9571 426
9249 19949 426
10147 32406 426
10273 27417 426
11434 21406 426
11857 31791 426
12403 24331 426
12859 14079 426
13098 16016 426
13186 44432 426
14320 43966 426
15106 22389 426
15518 46552 426
18094 29723 426
19175 32074 426
19459 25074 426
20262 22340 426
20425 22108 426
21088 22296 426
21099 44921 426
23365 34757 426
24235 45429 426
26105 46144 426
26199 30848 426
26533 44310 426
26911 27097 426
27179 38591 426
27269 48750 426
27465 47406 426
28930 41099 426
30087 47021 426
30697 35425 426
30891 39906 426
31089 45036 426
31744 34206 426
33645 36368 426
38530 47583 426
111 2186 427
528 20724 427
743 15308 427
926 984 427
1772 39542 427
1967 40560 427
2146 4065 427
2626 13447 427
3314 6704 427
3813 27953 427
4100 32219 427
4157 7826 427
4408 5730 427
4875 24593 427
5552 39636 427
5719 7450 427
6180 30087 427
6353 23556 427
6624 30332 427
6670 48335 427
6947 7672 427
7486 39358 427
7972 37821 427
8083 35323 427
8086 26574 427
9068 20761 427
10657 19580 427
11154 18641 427
12848 39462 427
13267 22745 427
14266 21829 427
15270 31446 427
15475 24113 427
15533 33911 427
15551 28437 427
15575 46212 427
15704 43663 427
17295 23209 427
18024 48891 427
19527 20275 427
19575 38259 427
19700 23737 427
21384 47588 427
21752 24683 427
21797 34592 427
23926 31551 427
24609 28111 427
25366 36141 427
26160 29403 427
27771 37054 427
27877 47749 427
28233 36363 427
28355 38244 427
30774 37017 427
31260 31793 427
33117 49579 427
34090 48166 427
37276 37912 427
38821 42045 427
40157 45679 427
43091 46961 427
429 31482 428
523 6628 428
559 20562 428
966 10879 428
1267 4421 428
1416 39736 428
1857 7408 428
2871 5243 428
3782 17897 428
4200 29142 428
4575 22980 428
4836 15195 428
5303 33674 428
5871 24580 428
6436 29918 428
7054 19134 428
7591 46110 428
9153 29224 428
9963 21442 428
10183 16762 428
11702 45497 428
11948 43297 428
12011 17018 428
12027 12480 428
12349 18038 428
13039 39622 428
13756 37210 428
14424 40358 428
14789 37577 428
15858 16536 428
15867 21027 428
15975 16374 428
16328 27369 428
16900 22831 428
18223 23304 428
18894 47785 428
19371 24700 428
19483 31138 428
19685 43690 428
20138 40262 428
20576 35941 428
20948 43597 428
21072 33640 428
22937 24667 428
24065 32814 428
25736 49606 428
26604 34974 428
26899 40698 428
28964 33226 428
30184 46842 428
30392 47364 428
31784 34740 428
33794 42230 428
35151 40515 428
36496 41008 428
39706 46000 428
43615 46489 428
115 33089 429
248 1407 429
274 2557 429
810 949 429
953 7446 429
2099 45967 429
2672 37578 429
4270 5569 429
5916 28032 429
6128 32938 429
6645 42416 429
7160 28481 429
7176 42230 429
7339 20049 429
7460 17559 429
7852 42782 429
8129 24539 429
8991 34972 429
9132 47837 429
9270 26811 429
9440 10930 429
10307 21452 429
12277 19419 429
12443 12917 429
12583 13054 429
12620 45585 429
13658 49776 429
14142 21107 429
14483 22788 429
14954 16167 429
15615 49636 429
15656 38065 429
16011 39252 429
17332 34301 429
19837 43049 429
20045 38361 429
22455 25876 429
22666 38083 429
23111 32921 429
23345 28157 429
26713 39820 429
27839 33378 429
28635 40695 429
29489 43373 429
30838 37899 429
38851 45199 429
29 22042 430
185 3064 430
194 14088 430
696 10061 430
3005 23213 430
3028 9596 430
3539 19162 430
4374 42577 430
5011 7077 430
5261 47650 430
5591 27679 430
5664 11815 430
5928 45134 430
6300 31969 430
7385 28340 430
8058 10045 430
8572 15680 430
8827 38352 430
9025 22002 430
9139 46218 430
9284 39341 430
10067 11747 430
10945 40631 430
10947 46426 430
11813 14243 430
12499 46933 430
12655 31973 430
13934 31352 430
13995 34371 430
14110 14544 430
14231 28389 430
14983 41217 430
15668 49152 430
16727 47705 430
17429 43282 430
17444 28274 430
18198 40022 430
18249 24990 430
18297 36249 430
18307 27470 430
18447 31311 430
21084 28050 430
21823 37334 430
22076 27943 430
22522 41392 430
22864 45089 430
23536 29503 430
24618 36330 430
25245 38001 430
25444 37820 430
26109 29736 430
26188 36754 430
30659 37931 430
31732 36828 430
35223 38423 430
35260 44156 430
36293 39615 430
36380 46727 430
38371 43414 430
38393 44524 430
38855 44799 430
340 28179 431
795 12105 431
1196 13795 431
1276 18288 431
1614 6933 431
1802 14324 431
2687 15685 431
3214 31829 431
3670 28572 431
4341 20661 431
4421 17168 431
5002 5336 431
5076 45950 431
5125 10999 431
5723 21426 431
6120 26316 431
6297 10987 431
9039 17760 431
9172 18490 431
9364 47115 431
9410 11949 431
9489 20571 431
9587 46482 431
9759 45656 431
10599 14792 431
12224 41976 431
12359 40791 431
12487 18263 431
12562 40566 431
12637 16618 431
13504 33517 431
13991 32991 431
14010 42095 431
14952 33913 431
15531 17336 431
16368 49399 431
17678 21907 431
19172 21513 431
19416 25895 431
19707 33673 431
20063 42460 431
20125 40350 431
20928 23248 431
21406 29192 431
21783 30893 431
23105 48095 431
27449 35476 431
27513 46974 431
28141 44017 431
28744 33919 431
30734 41332 431
31693 43183 431
32701 33722 431
33524 46152 431
34114 35131 431
36279 39353 431
37435 48338 431
41756 48327 431
43406 47738 431
43911 48533 431
47959 48329 431
49276 49941 431
557 14081 432
776 2570 432
1111 21301 432
1219 3371 432
1279 8123 432
1302 4999 432
2337 35155 432
2359 19872 432
2423 17291 432
3076 16351 432
3427 36118 432
4015 17347 432
4052 24773 432
4983 19060 432
5100 23131 432
5364 7083 432
5782 18126 432
5928 12894 432
6069 9355 432
6845 10652 432
7255 35497 432
8902 12433 432
10732 34576 432
11197 18872 432
11675 22015 432
12672 23319 432
13928 25436 432
14071 29732 432
14450 29103 432
14655 16553 432
14852 35631 432
14990 37158 432
15535 25074 432
15571 37795 432
15701 27583 432
15840 18052 432
16077 49056 432
16997 29796 432
18182 18183 432
19175 48988 432
20026 38567 432
22761 30450 432
23529 25171 432
25956 30283 432
32543 39811 432
32568 49375 432
36689 40964 432
36800 48532 432
37267 47811 432
39780 42666 432
40098 47483 432
41205 49679 432
45227 49409 432
896 7964 433
2672 29404 433
3051 12895 433
3749 6640 433
4076 22633 433
4776 49625 433
5711 29933 433
6121 32981 433
6140 24495 433
6925 7054 433
7434 11250 433
7435 16371 433
8051 32753 433
9085 25956 433
10619 20512 433
10630 13672 433
10822 25599 433
11905 17186 433
13482 31271 433
13715 15767 433
13769 29180 433
14149 39502 433
15876 41007 433
17219 18702 433
18068 34503 433
19420 29013 433
19524 35945 433
20209 26098 433
20616 29555 433
20963 46132 433
21200 33337 433
21360 33928 433
21712 36626 433
22490 44213 433
22520 49294 433
23290 40071 433
23969 38296 433
24477 28762 433
24879 28496 433
27992 30357 433
29881 42969 433
29899 32502 433
30339 33102 433
31082 41257 433
31506 42918 433
31833 39411 433
34149 47043 433
35249 46631 433
41239 42443 433
103 2147 434
1143 2019 434
1248 2411 434
1674 13796 434
2105 44906 434
2332 10286 434
2937 5831 434
4005 31437 434
4358 19289 434
4503 8729 434
4591 15994 434
4856 41083 434
5262 15890 434
5430 33444 434
5913 13181 434
6992 34958 434
7091 45666 434
7300 7413 434
7341 14463 434
7963 37198 434
8195 26456 434
10976 18504 434
11046 11709 434
12072 47405 434
13577 43509 434
14143 43657 434
14287 21861 434
14842 27043 434
14934 26555 434
15155 16054 434
15167 23917 434
15455 35743 434
16191 19967 434
17838 19621 434
19978 37361 434
23018 49005 434
23704 33295 434
26495 46916 434
27618 29076 434
27668 37088 434
30397 43760 434
30518 40464 434
33191 34805 434
33647 33841 434
34524 39397 434
38752 38934 434
40811 49258 434
41043 47983 434
44927 46163 434
45636 47562 434
95 32480 435
764 986 435
921 3254 435
1200 6130 435
1907 35040 435
2066 20153 435
2605 12946 435
3143 14895 435
3993 9555 435
4107 31284 435
4293 17665 435
6225 36676 435
6776 20943 435
6901 45888 435
7055 20021 435
7880 18139 435
10290 23099 435
10534 30938 435
13777 24345 435
14062 39440 435
15247 26259 435
16653 47139 435
16757 38562 435
17843 29410 435
18522 20695 435
21480 28553 435
21936 40947 435
23180 29327 435
24388 28896 435
31963 46255 435
32941 34702 435
37218 45732 435
38297 38861 435
39758 44773 435
45312 47435 435
49319 49730 435
753 25364 436
1301 27653 436
1362 33057 436
1428 9925 436
1692 26600 436
1971 19305 436
3442 27750 436
3823 6213 436
4494 18899 436
4781 11156 436
5000 10081 436
5076 16439 436
6177 7886 436
6458 40723 436
6804 13896 436
7019 11458 436
7052 38860 436
7357 21073 436
7390 11610 436
7469 8746 436
8628 36425 436
9051 26201 436
9101 23352 436
11571 47510 436
12490 40186 436
13290 21444 436
15064 16575 436
18735 36525 436
20771 42915 436
23044 29519 436
27456 32631 436
29515 42733 436
29659 40644 436
30765 33068 436
32460 43017 436
32699 35714 436
34043 36029 436
35209 36836 436
39377 47738 436
40140 44183 436
41134 45410 436
45129 48493 436
45437 45778 436
45844 46305 436
48314 49220 436
106 1053 437
724 12723 437
1158 7144 437
1590 24322 437
2142 45569 437
2509 11908 437
2520 13351 437
2729 31897 437
2955 16245 437
4687 32910 437
5377 45800 437
5772 39290 437
5787 31903 437
8449 8787 437
9000 32292 437
9701 48718 437
10677 31402 437
11132 25251 437
12677 21796 437
12744 22136 437
12820 21952 437
14820 23661 437
14853 26736 437
15391 36971 437
16055 43628 437
16228 21963 437
16435 30257 437
16794 45868 437
18368 30079 437
18856 41994 437
19484 20341 437
20413 24780 437
23785 40158 437
24782 41610 437
28281 34506 437
28419 30554 437
29172 44137 437
29546 32007 437
31264 47338 437
32241 44827 437
32414 43754 437
32594 48955 437
35077 49467 437
40232 42361 437
157 893 438
357 26476 438
392 49613 438
398 9271 438
537 39703 438
1513 28001 438
1645 17061 438
1886 21018 438
1897 32697 438
2000 47954 438
2613 38490 438
2770 10130 438
2978 35780 438
3702 21488 438
4282 24957 438
4354 9683 438
5398 46575 438
5754 7025 438
7208 9161 438
7580 29553 438
7645 9577 438
8094 31206 438
9508 26048 438
9509 22437 438
10489 27595 438
10888 11991 438
11082 42087 438
11090 12473 438
12580 17552 438
13118 27074 438
14123 22184 438
14687 24222 438
15272 25689 438
15372 39658 438
16047 38503 438
16169 43861 438
17085 36581 438
18056 24023 438
18238 28989 438
18610 27422 438
19222 30844 438
19802 48802 438
19900 31972 438
19917 41660 438
22933 44661 438
23352 48277 438
23554 34231 438
23714 35073 438
29027 31581 438
30162 34632 438
32677 43302 438
34823 45662 438
36205 48116 438
36611 40903 438
40606 46070 438
44513 49675 438
1324 31004 439
1910 49963 439
1991 16493 439
2262 16370 439
2312 5411 439
2881 47824 439
3131 4611 439
3199 26605 439
3262 12210 439
4052 11905 439
4164 36326 439
4429 45251 439
4495 22626 439
4632 36287 439
5038 14806 439
7162 23698 439
8096 34174 439
9164 10626 439
9211 22225 439
9230 49883 439
9471 9948 439
9859 18214 439
10172 27015 439
10524 15131 439
11400 14305 439
12553 18536 439
14005 20940 439
14156 24518 439
14239 22347 439
14498 33984 439
14619 39372 439
14706 36254 439
15225 20722 439
15930 25731 439
16280 48063 439
16547 23242 439
17663 23430 439
17799 44344 439
20154 38963 439
20750 23962 439
21158 44599 439
21660 40587 439
23290 33526 439
23881 26940 439
26605 29003 439
28673 42296 439
29910 37950 439
32449 40383 439
32557 41549 439
33970 38001 439
35029 38784 439
38672 49199 439
39090 39250 439
40325 48890 439
40450 48366 439
45296 48361 439
629 36790 440
1216 29337 440
1539 28332 440
1846 35335 440
2033 12924 440
2115 3363 440
2986 16998 440
3019 9675 440
3100 48218 440
3809 11496 440
3819 49118 440
4443 27046 440
4558 42516 440
5645 22324 440
6307 43203 440
6704 45797 440
8446 22392 440
8693 42814 440
9647 42013 440
10076 10323 440
10634 26959 440
10659 16111 440
10794 14357 440
11176 37764 440
11217 34560 440
12214 24381 440
12487 40509 440
13056 43361 440
13973 27415 440
14069 38902 440
14388 26679 440
15698 34085 440
16147 20021 440
17186 21509 440
17377 35356 440
17496 22566 440
18135 32005 440
20289 30890 440
21198 25799 440
21381 39495 440
22474 30445 440
23340 30911 440
23917 34165 440
25580 41323 440
27522 48583 440
27668 42762 440
29461 32083 440
29598 33839 440
31118 33844 440
36966 44859 440
38945 40844 440
40856 46272 440
88 7114 441
98 1747 441
838 38925 441
842 21195 441
911 49546 441
1321 21701 441
1604 41756 441
2158 28855 441
2213 4107 441
3128 19046 441
3255 30394 441
4066 42149 441
5126 46016 441
6068 16697 441
7305 33530 441
7597 16917 441
7853 10226 441
8181 46498 441
8224 20651 441
8371 28182 441
8588 31968 441
9200 37834 441
9392 18729 441
10771 14824 441
10804 33035 441
11928 15817 441
12419 21152 441
13300 40850 441
13704 40699 441
14270 29007 441
15978 47986 441
16039 17903 441
16311 44888 441
16799 46669 441
18611 25678 441
18903 21888 441
19157 46716 441
19553 29339 441
19586 28037 441
23544 36277 441
24202 30494 441
27594 42000 441
28110 30070 441
30559 33195 441
31530 37045 441
31568 32166 441
33986 35229 441
34245 37711 441
35415 36258 441
35649 45977 441
43448 43778 441
132 4667 442
182 23237 442
817 4002 442
1232 49804 442
1555 29985 442
1859 10685 442
2410 15153 442
2847 4781 442
3869 37170 442
5428 22682 442
6885 11005 442
7129 49393 442
7526 30359 442
7874 12016 442
8394 15826 442
8582 9175 442
8774 27697 442
9388 38645 442
10317 22461 442
11862 12489 442
12557 26085 442
13003 28060 442
13161 25193 442
13248 48729 442
13549 16604 442
14206 26594 442
15487 46562 442
15541 38646 442
16615 18016 442
16796 29255 442
16880 47615 442
17043 25082 442
17670 19824 442
19560 35311 442
19887 35718 442
20076 24059 442
20811 29852 442
20968 44679 442
21329 47178 442
27725 31756 442
27805 39588 442
27914 36862 442
29190 49712 442
29451 48927 442
31051 48184 442
32032 38049 442
32077 48771 442
32484 41703 442
39382 41477 442
43153 47336 442
43658 44032 442
48907 49579 442
561 1866 443
652 3201 443
902 5124 443
1767 45479 443
1825 26587 443
1974 10788 443
2018 30612 443
2469 5788 443
3072 41021 443
3982 11020 443
4255 19517 443
4763 6025 443
5186 34734 443
6718 47989 443
7021 15363 443
7092 45968 443
7632 29322 443
7929 30557 443
8537 35231 443
9894 43525 443
10150 35867 443
10886 11894 443
11743 23213 443
12335 41027 443
13230 14058 443
13685 28777 443
14040 22583 443
14185 43464 443
14227 23557 443
14459 19360 443
14603 30522 443
14831 35066 443
15047 27281 443
16615 46950 443
17076 41874 443
17807 39762 443
18930 21000 443
19966 40313 443
21957 39762 443
23226 42472 443
23419 36977 443
26464 36088 443
28073 41490 443
29389 38354 443
31345 45771 443
31438 48517 443
31678 42467 443
35719 42403 443
36922 44491 443
38056 48883 443
163 563 444
563 19721 444
837 38104 444
918 21066 444
1027 8895 444
2309 26076 444
2472 22346 444
2539 2977 444
3062 38985 444
3922 24311 444
4536 21311 444
4905 25685 444
5361 27905 444
5848 33389 444
6193 35746 444
6201 24383 444
6700 10984 444
8934 45029 444
9007 44286 444
9264 17555 444
9454 34700 444
9841 14318 444
9845 15808 444
10336 24971 444
11030 44272 444
11280 13602 444
11561 36594 444
12022 28218 444
13187 45033 444
15434 19466 444
16136 34787 444
16228 24743 444
17132 31727 444
17143 33834 444
17290 31025 444
17588 34650 444
18003 23799 444
18414 37620 444
20147 48654 444
20400 27325 444
20489 48014 444
20515 48790 444
20611 27221 444
20629 20734 444
22474 31110 444
24506 39553 444
26815 39152 444
27983 43032 444
30442 40604 444
30918 47172 444
31609 47405 444
32013 47975 444
32841 48838 444
33877 47181 444
34640 41332 444
36663 41402 444
37946 44477 444
40876 45700 444
41332 46897 444
749 27183 445
794 48779 445
1130 34626 445
1853 2862 445
2281 19765 445
2810 44369 445
3107 42136 445
3691 44907 445
3828 20146 445
3860 40633 445
3923 43007 445
4513 14815 445
4836 17615 445
4973 5095 445
5310 24749 445
5335 13766 445
5371 24334 445
5822 41816 445
7201 15110 445
8364 47410 445
8505 17546 445
9321 24902 445
9347 38939 445
9993 12973 445
10708 23999 445
11406 28442 445
11906 23655 445
12617 30478 445
12921 49500 445
12930 36357 445
13045 32905 445
13504 23224 445
13916 20617 445
14221 27729 445
16265 23373 445
17167 24568 445
18380 41938 445
20019 23886 445
21151 24541 445
21293 37340 445
22728 34648 445
23256 30029 445
23431 39297 445
24178 32406 445
27176 32055 445
27839 49658 445
28472 46773 445
29330 38572 445
30238 42223 445
30428 44982 445
30498 38105 445
30896 42343 445
35028 36872 445
38057 46010 445
38881 49086 445
40033 40727 445
41072 48633 445
46749 49591 445
1106 37492 446
2493 8697 446
2658 28739 446
2918 34288 446
3500 5580 446
3747 26934 446
4062 22871 446
4543 7572 446
4833 28655 446
5313 39224 446
5804 6740 446
6963 29305 446
7155 31407 446
7346 9186 446
8460 14120 446
9122 26337 446
9316 9744 446
9599 17041 446
9645 48549 446
9936 12398 446
10074 26637 446
10119 17592 446
10270 26696 446
10382 14268 446
11215 19996 446
11573 25953 446
11912 14073 446
12714 48102 446
13207 17019 446
13636 14558 446
13684 38555 446
14179 14364 446
14522 29302 446
16362 27207 446
17258 30244 446
17262 28653 446
17543 40917 446
17593 25058 446
17698 29558 446
17836 31364 446
18220 33233 446
19546 33749 446
19809 26913 446
20782 21965 446
21055 25046 446
21584 32204 446
22791 46800 446
24086 35266 446
24451 37824 446
24656 43028 446
24816 31133 446
24969 48001 446
25863 28296 446
25946 41247 446
27487 45258 446
28333 48015 446
28362 30722 446
29313 39696 446
29516 39051 446
30321 34205 446
31175 36087 446
37470 39876 446
55 5066 447
303 4859 447
695 35961 447
1793 8400 447
2338 41779 447
2556 4108 447
2650 9933 447
2704 6159 447
3060 10673 447
3261 19955 447
3286 42048 447
3849 30596 447
4256 4933 447
4378 9488 447
4680 24024 447
5410 36071 447
7657 11925 447
7870 30377 447
9089 34376 447
9097 47870 447
9102 10389 447
9571 11278 447
10683 30175 447
11145 16556 447
11221 41272 447
11346 13712 447
12261 14782 447
12471 25446 447
12540 28183 447
13181 16500 447
13189 24393 447
14627 26023 447
15377 22514 447
15487 45523 447
15874 38572 447
16372 21112 447
16917 39284 447
17051 24599 447
18265 20368 447
18313 30143 447
19818 41528 447
21704 36827 447
21786 37989 447
21788 24186 447
22544 43699 447
22580 47805 447
23522 25705 447
24039 28600 447
24376 45083 447
25072 25155 447
25630 47063 447
29329 48782 447
30703 41089 447
31156 42159 447
31790 36022 447
33465 39978 447
37762 45447 447
39052 49436 447
44079 49724 447
471 680 448
891 42292 448
1029 24994 448
3138 25227 448
3674 36850 448
4188 47450 448
4305 40666 448
4630 16566 448
5088 44152 448
5299 32883 448
6807 18510 448
7609 8464 448
8337 11842 448
8604 39464 448
8692 13664 448
9656 10073 448
9686 38063 448
10660 39101 448
11340 34515 448
11468 26795 448
12908 27168 448
14062 25633 448
16021 18321 448
16453 48947 448
16520 35965 448
16995 38881 448
19457 24570 448
20172 22652 448
21279 21447 448
22804 25378 448
23532 39124 448
23982 41192 448
24418 46805 448
24507 27629 448
25110 25348 448
25231 41671 448
26042 33715 448
26749 47667 448
27076 36278 448
31277 31328 448
35353 47960 448
37154 39427 448
39532 44365 448
40971 41470 448
47064 48974 448
408 2855 449
1815 17518 449
1824 4723 449
2357 8012 449
2723 4995 449
3405 32330 449
4282 40961 449
4869 25152 449
5869 49402 449
6038 6904 449
6764 36859 449
8022 27522 449
8086 36631 449
8132 41367 449
8452 32353 449
8510 35240 449
9634 42463 449
10158 34289 449
10350 34802 449
11400 31099 449
11819 35042 449
12989 39447 449
13048 17389 449
13297 17660 449
14308 43968 449
14343 49307 449
14671 39442 449
16171 22793 449
16682 44471 449
16777 31931 449
19343 27929 449
19350 32528 449
20529 36820 449
20705 28810 449
21103 30369 449
21477 22496 449
21494 43392 449
21711 28181 449
21833 38207 449
22062 31977 449
22489 43532 449
23280 34903 449
24898 37300 449
24931 29937 449
24977 40827 449
26405 36816 449
26898 49458 449
31462 44710 449
31679 46209 449
31930 41690 449
32739 46873 449
32865 46441 449
33477 46594 449
34339 37637 449
34881 40387 449
39253 47075 449
40773 46847 449
42768 47322 449
44278 46205 449
131 31407 450
849 29576 450
893 29511 450
1247 35363 450
1885 49535 450
2129 46299 450
2164 8938 450
2746 24215 450
3122 12451 450
3157 20087 450
3860 23523 450
4152 28601 450
5406 16672 450
6234 46101 450
6939 36672 450
7215 14642 450
8140 41537 450
8327 26568 450
8460 22133 450
8628 16358 450
9340 25797 450
9419 17707 450
10547 42300 450
11990 22449 450
12135 23528 450
12401 19026 450
13130 43113 450
13390 30095 450
13756 20781 450
14034 19726 450
14337 35245 450
16101 36248 450
16325 21722 450
16462 19818 450
16709 33016 450
17727 35101 450
18216 45388 450
19103 20796 450
19525 45061 450
20542 43690 450
21483 24857 450
23094 24925 450
24123 25362 450
24537 32404 450
25459 38282 450
26575 43471 450
29854 42606 450
30826 48068 450
31730 48431 450
33146 42422 450
33299 47518 450
33503 40722 450
37690 48859 450
42090 47951 450
134 6209 451
835 27039 451
1514 20977 451
3672 15468 451
3815 28499 451
4434 31438 451
4708 13038 451
6639 16130 451
8022 40106 451
8258 43193 451
8533 18014 451
9498 49174 451
10002 40599 451
15021 25883 451
15269 39171 451
16291 49644 451
19122 40656 451
19304 22036 451
19782 35391 451
20306 32115 451
22890 40778 451
23040 47036 451
23228 25072 451
23590 24711 451
25164 46810 451
25400 31990 451
28555 30367 451
35251 45693 451
36770 40553 451
37056 44348 451
1187 8379 452
1446 12981 452
1587 7274 452
1774 35219 452
2495 34861 452
2681 4957 452
3228 40269 452
3336 35131 452
4078 47296 452
4413 46649 452
4757 19615 452
5231 10851 452
5931 17904 452
6801 23255 452
6909 47303 452
7198 28148 452
7658 26045 452
7948 11978 452
7949 25135 452
9495 21370 452
9670 33136 452
9714 46372 452
9762 28004 452
10471 35147 452
10812 39771 452
11314 20942 452
11631 45009 452
12875 44075 452
13327 37722 452
15302 30668 452
15386 16769 452
15826 21170 452
16111 24357 452
16366 32539 452
16443 21008 452
17207 45320 452
18704 22902 452
19098 29761 452
22722 23312 452
23769 36635 452
24104 34181 452
24503 29802 452
24759 31517 452
24873 34239 452
27637 29364 452
28387 30865 452
28591 38640 452
28781 49109 452
31486 44193 452
31899 39729 452
32063 35236 452
32774 49748 452
34797 40473 452
35164 48368 452
36234 47554 452
38124 39433 452
38767 44581 452
941 16567 453
961 5335 453
1006 31753 453
1951 3670 453
4094 4591 453
4268 40207 453
4474 15241 453
4549 5759 453
4910 23329 453
5626 15008 453
6255 6745 453
8361 21790 453
9742 49939 453
11817 24607 453
14056 16187 453
14102 48178 453
14273 35827 453
14748 40138 453
15334 42305 453
17959 24210 453
18498 36869 453
19260 22787 453
21523 26551 453
23268 38432 453
23332 38891 453
24228 46536 453
25000 27922 453
25450 35555 453
25530 27811 453
27262 49480 453
27316 36021 453
27429 29607 453
28287 47892 453
32471 46800 453
32813 47726 453
34519 39084 453
38789 48982 453
39724 43418 453
42049 47704 453
59 44919 454
148 23215 454
725 24010 454
745 22419 454
1426 39170 454
3025 18062 454
3186 19140 454
3570 10358 454
4281 41159 454
4353 44009 454
4578 11796 454
4601 31520 454
4767 16549 454
4891 41704 454
4943 26148 454
5428 36432 454
5833 24131 454
6860 19335 454
7793 8482 454
8182 14534 454
8353 14863 454
9210 17999 454
10129 31259 454
10590 29149 454
12165 14935 454
13202 28929 454
13476 19869 454
14470 44768 454
14841 38938 454
15275 33905 454
15281 41740 454
16158 24810 454
17143 42433 454
17195 17867 454
17942 30905 454
18068 45822 454
18124 47594 454
18716 19718 454
18808 39236 454
19795 46893 454
20451 48259 454
21008 21246 454
21780 28171 454
23106 39982 454
23586 31502 454
24054 28166 454
24732 49503 454
25804 38926 454
26336 35774 454
29107 48356 454
30037 37537 454
30757 41430 454
30844 49428 454
33669 34981 454
36984 44254 454
37121 47540 454
37693 46185 454
39776 45528 454
40837 46452 454
44641 48410 454
112 3358 455
220 34231 455
394 1580 455
1378 17270 455
1729 6972 455
1946 33463 455
2042 23845 455
2063 23728 455
2326 18210 455
2488 29110 455
2740 25448 455
2760 39862 455
3903 29193 455
4196 48303 455
4762 25516 455
4864 40026 455
5358 48390 455
5981 43730 455
6904 37922 455
8035 19542 455
8280 13907 455
8759 34461 455
11475 13026 455
11663 15138 455
12039 30858 455
12545 40117 455
15454 28719 455
15943 33570 455
16183 18372 455
16402 44449 455
17491 26316 455
18286 45132 455
18731 19989 455
19290 32136 455
20144 43443 455
21764 40409 455
24293 41847 455
25027 31530 455
25479 33306 455
26054 35433 455
26120 49596 455
26286 43708 455
26559 27614 455
27744 38992 455
28060 38158 455
28448 35962 455
29323 33165 455
29945 38487 455
34385 35689 455
34994 35951 455
36490 42757 455
37172 46338 455
40181 45159 455
41449 45828 455
47784 48402 455
91 4554 456
617 8346 456
754 26005 456
795 46257 456
924 2198 456
2131 9916 456
2691 6199 456
3136 36477 456
4369 17314 456
4950 21794 456
5610 11355 456
6057 32175 456
6233 42814 456
6471 45698 456
6872 10673 456
7651 12280 456
7965 21100 456
8598 31806 456
9341 24014 456
12005 40974 456
14033 31442 456
14108 24949 456
14108 33248 456
14284 49055 456
14985 27566 456
15561 20776 456
16972 48984 456
17077 33743 456
17604 42525 456
17998 32640 456
18067 18953 456
18710 23071 456
19387 31817 456
20642 29895 456
22172 23351 456
23072 26945 456
23441 24917 456
23563 32549 456
23573 35020 456
26187 29432 456
30360 32389 456
31030 36651 456
31801 37582 456
33197 43393 456
35671 36438 456
36036 45592 456
40074 43272 456
448 6927 457
503 512 457
524 22204 457
1604 26709 457
1828 7857 457
2040 2964 457
2341 10853 457
2512 14709 457
3166 3623 457
3736 13870 457
4176 24233 457
4583 29729 457
4841 37575 457
5148 18077 457
6618 9474 457
6636 7195 457
7308 37929 457
7622 42207 457
7810 15956 457
8126 17622 457
8813 36444 457
10161 42868 457
11428 12200 457
11535 27721 457
12111 34549 457
14953 27679 457
15594 43968 457
15631 27907 457
17140 41642 457
17843 28217 457
18681 28732 457
19680 37464 457
20811 35250 457
20812 44968 457
21119 47223 457
21414 43838 457
21714 25183 457
21822 30222 457
22019 27714 457
24626 32985 457
28466 28764 457
30667 42601 457
34185 49700 457
35587 40439 457
36369 40386 457
40250 43723 457
40620 42850 457
41559 46282 457
44330 46500 457
47564 49980 457
47945 48740 457
380 15223 458
869 45669 458
2265 25709 458
3524 24483 458
3652 10967 458
4189 20965 458
4306 32268 458
5012 10729 458
6351 41619 458
6458 9749 458
6679 26708 458
7099 21269 458
7748 11350 458
7983 10394 458
8048 18293 458
8259 36706 458
8997 44874 458
9088 17323 458
9371 25013 458
9413 31562 458
11718 42011 458
12204 48197 458
14146 16866 458
16523 46222 458
16775 47818 458
17668 26093 458
17717 27157 458
17931 20415 458
18142 29221 458
18627 47632 458
18651 25493 458
18961 25564 458
19751 31432 458
21148 47304 458
23337 29413 458
24556 27896 458
26223 44996 458
26253 31251 458
26339 29437 458
27184 35102 458
28300 38047 458
30028 49144 458
31470 46759 458
31813 41492 458
33571 39567 458
34348 43727 458
36366 38262 458
36653 40182 458
71 11217 459
1079 27071 459
1107 26033 459
1651 5829 459
2091 20031 459
2113 23578 459
2194 13675 459
2827 2828 459
4028 43868 459
4710 8847 459
4821 46215 459
6255 48972 459
6318 46242 459
7239 10125 459
7619 31302 459
7670 35835 459
7734 43627 459
7996 8336 459
8053 35760 459
9650 43694 459
9683 9786 459
10654 18517 459
12885 49286 459
13772 19928 459
15061 44725 459
16009 25157 459
18215 23506 459
18328 45598 459
18522 19898 459
18657 23828 459
20381 33316 459
21288 41669 459
21404 21524 459
21961 32533 459
22406 24163 459
26480 37930 459
26741 35640 459
27265 39105 459
28944 49524 459
30641 46919 459
32592 44082 459
32922 49582 459
36275 39680 459
37630 40962 459
45704 49718 459
46355 48732 459
46792 48296 459
343 7925 460
381 8933 460
416 9597 460
1397 19059 460
1952 14442 460
2393 3688 460
3273 29443 460
3982 46385 460
4093 5809 460
5201 25903 460
6350 11648 460
6983 14845 460
7020 8748 460
9067 16438 460
9104 16651 460
9401 39113 460
9525 30093 460
9944 40847 460
10543 24975 460
10976 30169 460
11549 47451 460
11554 34142 460
12505 42732 460
12689 13560 460
13534 33990 460
15699 18073 460
16473 25520 460
16818 44083 460
17063 48775 460
17150 19270 460
17278 28685 460
17480 44935 460
18214 24416 460
19052 21510 460
19144 36588 460
22591 47273 460
23298 42404 460
23844 47965 460
23849 43749 460
29131 45221 460
29303 41049 460
33653 36744 460
37422 39610 460
40527 47091 460
46604 49827 460
205 6446 461
298 27222 461
995 47377 461
1262 15944 461
1630 16911 461
1701 21760 461
2613 15292 461
3942 16085 461
7737 41250 461
8081 13823 461
8134 12633 461
8394 49128 461
8729 32470 461
9098 39371 461
10022 47893 461
10390 25138 461
11111 31945 461
11123 35909 461
11512 34533 461
12211 38484 461
13202 46857 461
13775 39802 461
14622 27552 461
15397 22096 461
16504 19358 461
17002 25575 461
17498 18747 461
18150 41900 461
19274 19669 461
20873 27077 461
20902 28806 461
21224 48325 461
21407 45228 461
24921 39584 461
26418 43633 461
27011 46881 461
27270 41353 461
29972 44422 461
29977 32625 461
30620 41543 461
31806 48762 461
34474 38547 461
37485 37627 461
40836 48148 461
43025 46389 461
266 291 462
278 33128 462
553 49820 462
691 38690 462
789 38679 462
1626 48410 462
2408 6936 462
3647 34077 462
4353 8586 462
4815 43869 462
4862 16227 462
5876 39308 462
7736 31572 462
7951 29539 462
7970 8271 462
8246 46733 462
8384 43177 462
8722 17719 462
9430 27040 462
9599 10549 462
10879 11002 462
13036 48483 462
13633 40815 462
13983 29963 462
14017 43687 462
14479 14549 462
15355 39526 462
15471 23863 462
16114 43700 462
16491 41336 462
17412 32389 462
17744 25321 462
18497 44654 462
19043 28998 462
19357 39440 462
19823 27844 462
20122 26644 462
21532 23918 462
22366 26392 462
22829 27900 462
24017 27708 462
24400 34122 462
24856 25438 462
25554 39272 462
28009 39350 462
29928 33199 462
30239 36317 462
31237 42299 462
31791 32185 462
35274 44322 462
35523 42595 462
98 9273 463
215 11619 463
356 31240 463
357 29277 463
1112 4276 463
1715 3790 463
2155 2559 463
2162 3264 463
2400 25690 463
3523 28707 463
4029 20340 463
4536 22780 463
7318 14404 463
8101 9849 463
10115 37200 463
10854 37826 463
13812 43797 463
13816 35312 463
13825 32098 463
14408 22468 463
14446 40378 463
16824 34018 463
17043 27023 463
17238 40722 463
17805 48766 463
18321 31353 463
18761 41470 463
21269 46184 463
21345 39166 463
21528 28710 463
22217 32013 463
23818 29811 463
24116 37561 463
25647 49319 463
26295 38504 463
27245 31565 463
27542 28772 463
28525 31384 463
28779 45167 463
32982 38213 463
33558 45200 463
34370 45816 463
34774 35460 463
40568 45364 463
48568 49889 463
361 27904 464
521 1063 464
1295 10552 464
1615 2635 464
1649 3704 464
1989 20180 464
2876 20633 464
3084 13795 464
4147 45142 464
4335 7502 464
6168 45835 464
6652 37509 464
7130 7204 464
10225 25836 464
10458 12708 464
10466 43635 464
10567 11746 464
11668 38400 464
13166 24623 464
15868 33908 464
15910 36396 464
16088 47928 464
16784 46610 464
17124 24934 464
17820 41007 464
18281 27084 464
18345 35025 464
19522 21971 464
20144 42799 464
20934 44358 464
21394 37231 464
22587 32537 464
26664 36908 464
26744 35904 464
28670 39917 464
29069 38235 464
30863 47025 464
31094 43793 464
41966 42003 464
233 17451 465
625 3574 465
796 5111 465
898 5738 465
900 11519 465
1195 1734 465
1499 2500 465
2250 36117 465
2442 42438 465
3138 25651 465
3309 8852 465
3558 42769 465
4216 48106 465
4496 23835 465
7660 49234 465
7661 13107 465
7769 49065 465
9327 13642 465
10427 13120 465
10475 24993 465
10481 33797 465
10818 13021 465
12399 12498 465
12445 41274 465
12463 16964 465
12793 34752 465
12901 48500 465
13322 22252 465
14806 31355 465
15308 22156 465
15443 41328 465
15514 22001 465
16360 17900 465
17389 30380 465
18674 24094 465
19523 39773 465
19598 28750 465
19948 21969 465
20490 24380 465
20907 33828 465
21337 37108 465
21858 36681 465
24328 39671 465
24383 44242 465
24748 41965 465
27305 34771 465
28001 41307 465
28658 45735 465
31393 41349 465
32047 39347 465
32734 45922 465
40080 48348 465
40318 40364 465
47745 49988 465
182 36186 466
986 4325 466
1352 10613 466
1950 3907 466
2317 21593 466
3765 36047 466
4286 44105 466
4548 34507 466
5248 27195 466
5551 31651 466
5661 24783 466
6348 23613 466
7114 24626 466
7567 10491 466
8061 26165 466
8355 32564 466
11319 25461 466
11567 35959 466
11787 21010 466
12118 16984 466
12507 38143 466
12840 43154 466
13204 13310 466
13382 23175 466
13987 39528 466
14344 19163 466
16016 34729 466
16093 35350 466
16135 27110 466
16255 36465 466
17823 44913 466
18756 28227 466
18869 45518 466
19521 48180 466
20086 25195 466
21811 28611 466
23220 35188 466
26736 45497 466
26898 31085 466
28056 37820 466
30869 35640 466
31454 40338 466
31705 44502 466
33061 37318 466
34484 43651 466
36509 46081 466
37529 46928 466
41585 48110 466
42736 42834 466
1246 13574 467
1378 12295 467
1552 26319 467
4697 27053 467
5108 12290 467
5235 44437 467
5558 43096 467
6329 8806 467
6931 21109 467
8009 10792 467
8782 23575 467
9670 18337 467
10349 21381 467
10738 39406 467
10916 25934 467
11233 41302 467
11305 42205 467
11653 24872 467
12221 39534 467
12596 33391 467
12974 15801 467
13526 49178 467
13678 25042 467
14312 46248 467
17802 28352 467
19081 47591 467
19482 47752 467
21436 36271 467
21481 37086 467
21933 42678 467
22015 34001 467
23140 34621 467
23683 30138 467
24941 36168 467
25229 36180 467
29460 44259 467
29557 36409 467
30510 33166 467
32733 34186 467
35320 37571 467
43530 47263 467
2603 29529 468
3307 33046 468
3388 23796 468
3804 22241 468
3953 8540 468
4177 31346 468
4564 17974 468
4644 37757 468
5842 8796 468
5920 41833 468
7349 14285 468
7671 8344 468
7759 29005 468
9199 17173 468
10466 11429 468
11174 33718 468
11447 18463 468
12926 25987 468
13100 29556 468
14577 17063 468
14963 34878 468
15171 19755 468
16093 25369 468
16109 34929 468
16408 28714 468
17162 36672 468
17186 42060 468
17527 43779 468
17683 46874 468
17830 20821 468
18110 25009 468
19555 28256 468
19942 47665 468
20547 22872 468
21663 39800 468
27153 32450 468
27469 38661 468
27738 43585 468
28534 43719 468
32919 42708 468
33911 49069 468
35601 45634 468
42039 44973 468
43482 44256 468
705 3690 469
1630 22030 469
2269 37496 469
2400 37648 469
2473 33875 469
3770 30518 469
4099 36622 469
4356 26138 469
5098 5163 469
5133 36512 469
8082 38473 469
8171 24636 469
8439 27372 469
9452 18948 469
9590 46646 469
13532 38260 469
14550 24651 469
15530 46148 469
16605 20343 469
17140 47045 469
19618 31064 469
19989 35712 469
20541 25798 469
26198 44570 469
26548 48895 469
28372 29445 469
28567 28770 469
29233 46341 469
32366 34344 469
38461 48827 469
39353 40125 469
39721 40927 469
41645 42873 469
41944 43199 469
66 49994 470
1157 36107 470
1209 35648 470
1339 23985 470
1519 14849 470
1910 47481 470
2262 3945 470
2338 3957 470
2543 12085 470
2918 7772 470
4193 12458 470
4204 19064 470
4651 5612 470
5328 20200 470
6198 26513 470
6734 32143 470
6794 25063 470
7914 31705 470
8958 15012 470
9381 11373 470
9399 42669 470
9413 27318 470
9588 21783 470
10215 12052 470
11610 13293 470
12321 48455 470
13636 38457 470
13905 30780 470
14440 18441 470
15502 47701 470
15727 36178 470
17151 23393 470
17168 19771 470
18045 40361 470
18047 37921 470
23630 31366 470
24371 47291 470
25042 36901 470
30946 36105 470
32659 40858 470
33075 41499 470
37891 46791 470
39165 46638 470
39584 44923 470
40328 43813 470
44292 48078 470
423 35538 471
543 15457 471
682 9756 471
1252 30536 471
3659 9039 471
3677 39475 471
5076 11688 471
6142 21913 471
6220 23026 471
6984 31421 471
7283 34644 471
7359 13303 471
8262 14144 471
9616 15966 471
10010 26560 471
10221 31950 471
11162 29925 471
12686 32588 471
12806 32914 471
14128 15141 471
15708 24486 471
17431 41374 471
17734 23992 471
18138 20149 471
18196 20055 471
18265 18468 471
18697 20818 471
21236 36307 471
21510 24677 471
21884 42756 471
22816 45284 471
23743 24225 471
23933 32763 471
24517 49533 471
25371 47649 471
25679 34710 471
25834 27196 471
26146 26894 471
28292 33599 471
29439 39179 471
34754 41967 471
36416 46774 471
40031 41930 471
40443 49427 471
40544 44497 471
40867 47272 471
1136 18512 472
1555 18161 472
2144 25755 472
2294 18235 472
2981 36629 472
3098 6350 472
4013 24032 472
4822 6840 472
4877 26478 472
5320 23336 472
5328 35932 472
6310 39558 472
6730 18837 472
7742 37189 472
8149 39209 472
9931 39082 472
10073 48816 472
10803 15377 472
10909 24157 472
11012 14671 472
11084 15187 472
13254 21881 472
13512 40913 472
13578 46693 472
13875 26427 472
14372 30680 472
14578 28158 472
14611 24506 472
15214 30323 472
16278 20174 472
18216 19611 472
19345 28841 472
19978 38782 472
20259 22228 472
21807 48615 472
23425 27535 472
24385 31012 472
24853 46865 472
25619 45457 472
25968 39134 472
26995 40042 472
27121 41789 472
34588 48135 472
35128 44091 472
35948 37685 472
43362 44094 472
44251 48201 472
44799 46698 472
47318 49757 472
1336 5520 473
1880 13245 473
2478 29381 473
3361 11604 473
5083 41981 473
5245 17298 473
5635 13482 473
5727 27165 473
5793 31252 473
6588 27639 473
7152 44244 473
7916 41460 473
8919 18296 473
9669 40834 473
10754 35318 473
10844 21539 473
11379 36209 473
11621 15314 473
16117 22890 473
18197 41838 473
18825 24431 473
19063 44643 473
20097 28868 473
20197 23131 473
20780 28921 473
21182 34623 473
24579 42245 473
24677 49563 473
24801 45497 473
24919 27465 473
28174 41334 473
28281 30020 473
31006 40185 473
31180 38909 473
34969 43776 473
36962 49808 473
37792 38039 473
38231 46447 473
40392 49265 473
46992 48526 473
298 5532 474
810 4754 474
2060 6648 474
2340 25725 474
2678 32722 474
3430 17212 474
3766 29293 474
4016 16506 474
4362 35131 474
5925 11182 474
5934 31093 474
7907 36551 474
8029 42378 474
9952 28206 474
10295 11180 474
11600 43286 474
12388 18330 474
12644 17987 474
12658 35472 474
13639 28843 474
15592 31787 474
17820 40233 474
18241 42862 474
18606 41799 474
19064 42992 474
19843 38120 474
20313 27237 474
21420 23950 474
25948 36384 474
26942 44251 474
28509 43473 474
29088 34732 474
29412 39569 474
33038 43143 474
34432 45699 474
40243 43272 474
41252 42968 474
41286 48238 474
97 26392 475
335 9972 475
555 3067 475
3254 4872 475
4767 49102 475
5161 5658 475
6403 23600 475
6524 9508 475
6798 8441 475
7476 11803 475
8163 41572 475
8252 14442 475
9281 42033 475
9586 40602 475
10338 19500 475
10548 10592 475
10874 13458 475
10880 49162 475
11290 42185 475
12779 40945 475
13575 45570 475
17462 21417 475
18103 34136 475
18871 45954 475
19658 44655 475
20899 33407 475
21371 40961 475
21837 39202 475
22407 33142 475
22610 49646 475
22831 41578 475
25710 32654 475
26534 30579 475
26594 31666 475
26711 45755 475
26973 36776 475
27499 32869 475
28897 47223 475
31314 31929 475
33670 34393 475
35257 46052 475
37070 45594 475
37181 48173 475
38414 40986 475
47843 49425 475
16 30306 476
326 49395 476
938 9715 476
1384 5188 476
1622 29321 476
1934 41653 476
2124 39682 476
2381 5781 476
2721 44739 476
2725 43441 476
3469 18395 476
3594 3642 476
3829 8511 476
3983 9088 476
5129 11546 476
6961 14998 476
7607 9776 476
9826 40248 476
10541 22742 476
11305 22100 476
11344 19155 476
12888 33920 476
16088 27582 476
17149 27411 476
20404 34625 476
22867 34275 476
23158 46277 476
23585 38780 476
24193 27162 476
25013 40268 476
26140 45653 476
31216 49018 476
32036 44659 476
33523 49856 476
35504 38835 476
36157 42407 476
37936 44197 476
38127 42020 476
39401 44830 476
39863 47268 476
701 7549 477
4393 33547 477
4447 17264 477
5631 12601 477
6133 10332 477
7436 10265 477
7845 13683 477
8126 15080 477
8926 15373 477
9451 11066 477
9873 24170 477
10479 49586 477
10720 41662 477
11671 13984 477
12333 17567 477
13000 49420 477
14335 32487 477
14909 48140 477
16090 17900 477
16092 27040 477
17032 24488 477
17342 29742 477
17722 39436 477
18395 31605 477
21072 31709 477
22891 24585 477
23229 26641 477
23246 44818 477
24418 44961 477
28195 48031 477
32059 37235 477
33230 38614 477
34955 43653 477
36043 46974 477
39801 43800 477
40500 45814 477
41462 44189 477
42082 46009 477
42127 42479 477
42190 46348 477
44021 49593 477
189 3678 478
649 7217 478
657 45542 478
834 34513 478
866 8979 478
896 26477 478
1037 10337 478
2701 3040 478
3177 16292 478
3481 15353 478
3920 12260 478
4132 15885 478
4918 19212 478
6576 29502 478
7613 21324 478
8014 35207 478
8526 44708 478
8936 25142 478
9077 14621 478
10221 49303 478
10935 17940 478
11084 44368 478
12494 49152 478
13237 36381 478
16158 20130 478
16878 35175 478
17799 25221 478
18767 26683 478
24827 47429 478
25682 33240 478
30094 31382 478
30743 47126 478
31511 43074 478
35322 36921 478
36579 42766 478
44380 45317 478
42 18766 479
356 7231 479
577 17564 479
621 33900 479
757 34614 479
1283 41717 479
1894 24044 479
3217 14737 479
3495 7166 479
3900 4044 479
4147 5399 479
4544 43407 479
6106 16851 479
6606 37198 479
6613 40558 479
6652 28542 479
6721 34796 479
8176 23493 479
8893 38167 479
8908 29388 479
10491 22260 479
10909 15898 479
11932 14577 479
12076 17865 479
12575 42571 479
13141 27176 479
13863 19290 479
14291 47599 479
14868 15214 479
15176 33628 479
15777 44517 479
16107 27154 479
18296 41445 479
21138 27631 479
21241 34082 479
21286 39981 479
22255 25069 479
22481 41104 479
24527 26743 479
25308 31726 479
25495 40522 479
26267 38229 479
27327 34933 479
28552 45133 479
29700 36599 479
32281 41742 479
32762 33414 479
34858 38425 479
35290 36765 479
36922 39812 479
39644 45313 479
44371 48535 479
1883 23299 480
1961 23044 480
2036 47781 480
2135 3916 480
2370 3445 480
2407 28180 480
2875 8907 480
3630 6207 480
3716 32565 480
3938 28934 480
4225 7235 480
4387 9154 480
8331 47714 480
8889 11936 480
9162 33456 480
10544 38970 480
10891 37152 480
11485 12254 480
12239 27964 480
13862 40436 480
14273 22999 480
15323 27975 480
18327 34589 480
18505 49252 480
19475 24093 480
19875 37401 480
21841 36693 480
24831 28222 480
25292 35078 480
27339 37843 480
27962 39115 480
31890 33214 480
32772 47423 480
32886 47294 480
32925 39023 480
35138 49821 480
36000 41037 480
39486 41057 480
2989 32211 481
3052 31645 481
3685 8917 481
4022 49447 481
4542 22605 481
4548 18394 481
6149 37416 481
6238 45675 481
7222 27759 481
8396 15758 481
8897 46324 481
9639 17151 481
9686 12521 481
10039 11222 481
10678 17039 481
10772 16195 481
11423 46323 481
12553 46767 481
12687 38578 481
13032 43853 481
13246 44401 481
13356 21547 481
13404 37712 481
14527 40791 481
15005 18407 481
18190 42392 481
19665 21317 481
20597 46440 481
21630 33290 481
21864 31266 481
22675 28928 481
22754 37420 481
23705 32903 481
23745 36835 481
24585 33381 481
29181 38076 481
33626 40687 481
35465 45332 481
36119 39817 481
36740 43674 481
42594 49849 481
43785 46410 481
324 15931 482
1106 21165 482
1701 3399 482
2163 40888 482
2491 21617 482
3213 27858 482
3314 36915 482
3363 41834 482
5959 31574 482
6058 37967 482
6464 7293 482
6976 15476 482
7717 49754 482
8842 40923 482
10938 16863 482
11181 22883 482
11483 46595 482
11776 39655 482
13834 25771 482
14725 25937 482
14802 32109 482
15782 36042 482
15822 16128 482
16426 43845 482
16698 33399 482
17436 17853 482
17673 24716 482
17981 44685 482
17982 25388 482
18592 48333 482
18645 37406 482
19575 49084 482
19938 47132 482
20333 35436 482
20909 37292 482
21599 33475 482
22291 44942 482
22314 26772 482
24637 41016 482
27459 42476 482
28082 33874 482
29897 47135 482
34363 41111 482
37226 44618 482
37772 46519 482
38080 40429 482
966 49483 483
1422 28185 483
1551 34095 483
3005 27762 483
5123 45432 483
5282 39873 483
5362 8887 483
5791 42198 483
6075 48873 483
6194 34470 483
7304 30941 483
7778 34160 483
8123 19411 483
11120 37649 483
11265 41179 483
12281 48794 483
13519 13978 483
14712 39208 483
14950 15146 483
15885 33514 483
16282 49860 483
16354 44349 483
17437 48947 483
18391 39498 483
19846 39348 483
21020 29266 483
22447 33225 483
22853 43428 483
23981 32020 483
25349 48056 483
27825 37259 483
27832 31593 483
28085 32852 483
30526 33822 483
31688 44831 483
33046 41061 483
38879 43266 483
42955 46923 483
46549 48469 483
1232 31492 484
1442 11131 484
1650 7626 484
1813 10897 484
1967 31653 484
2419 12253 484
2682 23460 484
2777 17258 484
4563 19049 484
5125 21077 484
5380 23789 484
5526 32544 484
6847 17141 484
6929 8840 484
7860 35355 484
8103 11092 484
10500 28478 484
10864 36025 484
11372 29841 484
11374 37423 484
12667 49070 484
13865 19397 484
15061 41611 484
15357 25068 484
15753 38389 484
16064 46367 484
17083 28457 484
17154 49744 484
18739 36593 484
20074 49024 484
20079 34869 484
20459 39364 484
26537 38059 484
31296 45115 484
31812 48189 484
35029 43338 484
37228 37951 484
42873 45174 484
44819 46058 484
257 4411 485
637 39616 485
825 1181 485
1036 8517 485
1094 39772 485
1533 26889 485
1861 25659 485
2898 32767 485
2982 36578 485
3379 19223 485
4444 33803 485
5692 25530 485
6510 14924 485
6806 10362 485
7300 22178 485
8212 27199 485
8459 11291 485
9806 38625 485
10151 40438 485
10153 15380 485
11534 39904 485
13479 18564 485
14005 28172 485
14085 28786 485
15023 30102 485
15615 43911 485
19041 31615 485
19545 27505 485
20872 44902 485
21594 47642 485
21858 23668 485
22176 30922 485
22438 38334 485
26048 47019 485
26146 38722 485
27005 32567 485
27977 49918 485
28379 31719 485
30709 34570 485
35190 35796 485
37959 47367 485
38448 47389 485
46689 49449 485
283 19496 486
1334 4368 486
1849 29042 486
1852 6913 486
3118 28969 486
4730 5404 486
7736 14101 486
8912 46986 486
9576 49026 486
10111 17224 486
10489 36235 486
11801 32077 486
13409 17474 486
13528 44009 486
13724 49775 486
13739 18222 486
14112 15942 486
14198 20809 486
14375 46728 486
15492 15551 486
15833 36833 486
15897 22342 486
16552 21169 486
17903 29490 486
17970 40076 486
18557 41596 486
18559 48752 486
20484 36041 486
26888 41944 486
26970 47020 486
30381 35108 486
31901 35899 486
32596 33849 486
33576 47680 486
37678 45449 486
38657 42516 486
38835 45289 486
39242 47851 486
424 36375 487
701 9381 487
1438 45328 487
2394 27224 487
3166 15846 487
4036 28958 487
4391 44370 487
4515 16650 487
5216 9857 487
7398 16137 487
7951 29863 487
8316 36274 487
9407 22639 487
10592 47584 487
11041 24966 487
11321 33609 487
11844 41963 487
13327 34984 487
13490 41315 487
14126 18842 487
14507 31682 487
16399 26449 487
17224 47593 487
17936 36381 487
18566 25329 487
19831 49547 487
21669 30016 487
22182 25857 487
22336 35631 487
25205 41420 487
26580 30888 487
28827 36136 487
29452 45808 487
31001 46535 487
31565 47977 487
32307 34537 487
32405 35799 487
34809 44465 487
35381 47974 487
40672 44969 487
43108 48570 487
342 11473 488
845 30500 488
1780 28492 488
2458 4890 488
3438 6536 488
4918 20245 488
5618 39794 488
6555 38971 488
6866 25106 488
6951 44617 488
7094 13845 488
8092 19915 488
8313 27620 488
9620 15336 488
9984 14403 488
10709 12715 488
11933 26704 488
13169 23713 488
14176 15516 488
16433 21356 488
16454 33851 488
17474 33697 488
19456 48566 488
19507 21906 488
19624 40402 488
20600 29346 488
20659 46896 488
21607 41306 488
27839 32866 488
28219 46147 488
29524 43477 488
30218 46366 488
896 48632 489
1592 17279 489
2200 20162 489
2245 22325 489
2800 20403 489
3939 5753 489
4011 44195 489
4958 18132 489
5388 13825 489
5490 44517 489
5575 36765 489
7613 12418 489
9030 18354 489
10362 22071 489
10410 36531 489
12136 14481 489
13754 33430 489
14441 32644 489
14735 30851 489
15040 46765 489
17279 33280 489
18028 36195 489
18039 25797 489
19402 41314 489
19707 22969 489
21352 47569 489
21737 33818 489
22029 35469 489
22239 36683 489
22679 48363 489
22756 39684 489
24146 47431 489
24622 44273 489
24808 30638 489
24856 30656 489
25970 48119 489
26852 40290 489
27305 46999 489
27964 28700 489
28551 29971 489
28864 30271 489
29575 48481 489
30018 49416 489
31726 38819 489
32319 49889 489
32955 48496 489
33750 40102 489
33989 45196 489
34919 47593 489
36503 47375 489
43057 44664 489
1529 40516 490
1808 17054 490
1951 15044 490
2008 4192 490
2383 18541 490
2515 42498 490
3090 9001 490
4513 45725 490
5273 40503 490
6198 16247 490
7180 13748 490
8475 37421 490
9899 46688 490
10553 36655 490
11898 47953 490
11939 26150 490
12445 14704 490
12903 41116 490
13567 48932 490
14689 22092 490
14933 31003 490
15595 17214 490
16789 35255 490
17743 42555 490
18114 44562 490
20094 42599 490
22365 40382 490
22388 34497 490
22682 28705 490
23015 44227 490
23107 47935 490
25013 38596 490
25963 37011 490
26518 44842 490
29749 48044 490
31127 40413 490
32546 46244 490
33104 42019 490
39403 48146 490
39589 40660 490
39905 47505 490
356 45521 491
481 24009 491
1099 9632 491
1107 3362 491
1664 23787 491
2002 14926 491
3976 28501 491
4188 30206 491
4353 8391 491
4528 27494 491
5877 28513 491
6765 18430 491
6878 16768 491
6902 48847 491
7392 29991 491
8137 13605 491
8177 28052 491
8202 23956 491
8374 14249 491
8928 38899 491
9786 17421 491
10639 23546 491
10989 23920 491
11062 13326 491
11514 12996 491
11951 32812 491
12551 30531 491
13043 40671 491
13350 40608 491
14922 23043 491
16355 31400 491
17359 23911 491
17464 33402 491
17853 43572 491
19343 46331 491
23150 49452 491
23498 29706 491
25165 46583 491
26976 32370 491
32937 42610 491
34858 49667 491
35377 36875 491
37628 40696 491
37976 48194 491
41927 46691 491
43046 46530 491
507 626 492
1120 34662 492
1416 1554 492
1681 25047 492
2285 30163 492
2400 27249 492
3174 13062 492
3831 11738 492
4054 6472 492
5651 28077 492
7137 23095 492
7412 8078 492
7974 8910 492
11673 43087 492
12512 16093 492
12817 21630 492
12848 28197 492
14812 42124 492
17103 36722 492
18835 43022 492
20331 23199 492
20349 49260 492
21319 35973 492
22342 33968 492
24655 32597 492
24713 34261 492
26220 33617 492
26232 36957 492
26311 45480 492
26646 41058 492
27746 49994 492
28316 49323 492
29343 33068 492
32194 49844 492
33624 49755 492
34143 48788 492
34618 44367 492
34864 45444 492
36853 38492 492
39755 39852 492
846 35012 493
1486 11318 493
2270 36971 493
4740 40706 493
7284 36565 493
7330 19511 493
7573 10261 493
7595 26276 493
8318 39533 493
8456 32829 493
9654 15871 493
15499 26070 493
17065 22705 493
18876 39066 493
19500 19913 493
20091 49689 493
20359 21489 493
24914 48559 493
26423 31557 493
26866 30997 493
27497 48772 493
31017 40441 493
32230 44331 493
32671 40535 493
35031 37992 493
35315 46612 493
47694 49611 493
943 2427 494
2426 21420 494
3233 35750 494
4672 36064 494
4778 16864 494
4864 7831 494
5045 37217 494
5722 34465 494
5801 14780 494
9324 46298 494
9492 17447 494
12187 14264 494
12721 18743 494
13026 49731 494
13330 21060 494
15748 46000 494
15788 24115 494
18048 21045 494
19053 31035 494
21899 42944 494
22004 34012 494
23181 34796 494
23456 37625 494
24924 30910 494
24930 41182 494
25113 41786 494
25294 29169 494
25939 44720 494
27237 47382 494
28875 49184 494
29348 31785 494
29675 30936 494
30044 38482 494
32051 43025 494
33621 34936 494
34024 49092 494
34101 44989 494
34792 37656 494
35448 45111 494
35873 40796 494
41817 46608 494
805 2451 495
2055 37168 495
3203 11841 495
3898 8926 495
4217 8373 495
4498 7429 495
5559 26533 495
5785 15996 495
5874 48023 495
6413 40891 495
6507 38444 495
7127 41109 495
7853 41343 495
7997 20667 495
8238 35433 495
8650 16901 495
9161 30592 495
9441 24425 495
9887 31404 495
10083 19168 495
10538 21901 495
11642 12936 495
12075 41194 495
12171 22083 495
12380 44539 495
14576 40720 495
15265 31440 495
15772 29537 495
15940 25259 495
17596 38583 495
18468 21122 495
18692 43493 495
18995 20824 495
20690 24353 495
22517 47893 495
22691 42142 495
22829 27523 495
23788 30881 495
24125 38543 495
27719 27960 495
29259 39934 495
30592 48738 495
31116 39388 495
31602 38460 495
31790 41738 495
31985 34346 495
33301 34800 495
33401 37940 495
35876 37673 495
47137 47149 495
199 17224 496
1189 15677 496
1288 12316 496
1312 20464 496
1873 6955 496
3095 4362 496
4080 24912 496
4997 21306 496
5040 20827 496
5820 17708 496
6732 17108 496
7190 8151 496
8225 11246 496
8250 37736 496
8520 30042 496
10230 48384 496
10416 16151 496
10574 14971 496
12094 30410 496
12150 36870 496
12633 20700 496
14568 48218 496
15999 35410 496
16006 25393 496
16880 36831 496
17789 19322 496
17930 42263 496
18158 18618 496
20085 24108 496
20129 46739 496
20656 39213 496
21108 34053 496
22597 35273 496
23083 29551 496
23352 42647 496
24017 40152 496
24867 43804 496
27030 42735 496
27671 41616 496
28126 45884 496
30324 46602 496
33561 46449 496
35056 44284 496
35094 42345 496
38556 40559 496
41594 44817 496
41702 45722 496
44626 45441 496
47669 47938 496
1174 35051 497
3594 4228 497
4503 23226 497
4832 13703 497
5011 41169 497
6577 49289 497
8647 18679 497
10363 15790 497
11617 12734 497
11873 11948 497
12362 17433 497
12539 28446 497
12573 26734 497
13064 45921 497
13737 30368 497
14436 17267 497
14927 25670 497
15209 24726 497
15675 19426 497
16709 20746 497
16843 35598 497
16985 23546 497
17230 46414 497
17680 35529 497
19951 38868 497
20116 41859 497
21354 48467 497
22998 37230 497
24367 37036 497
24668 48399 497
25322 39425 497
27152 30645 497
28066 37326 497
38793 39007 497
344 10511 498
367 5042 498
412 39984 498
467 37638 498
555 32848 498
738 11717 498
1778 5319 498
3057 46333 498
3260 36894 498
4155 13440 498
4195 12460 498
4198 15816 498
4468 19591 498
6605 9073 498
7007 41143 498
7220 15308 498
7688 37119 498
7758 9718 498
8948 22834 498
9389 17541 498
9556 11170 498
10207 38096 498
10225 26207 498
12919 16410 498
13495 13781 498
13626 14785 498
13986 47559 498
14337 31195 498
14409 31424 498
14862 17005 498
14885 15044 498
14995 37569 498
15254 26351 498
16831 22495 498
17133 34051 498
18572 35084 498
21984 42602 498
22972 40997 498
29903 47339 498
32017 35773 498
32048 48602 498
35017 44995 498
37885 48854 498
39690 46815 498
40149 44954 498
40823 45343 498
43846 49116 498
1167 43414 499
1756 33962 499
2386 2565 499
2760 28783 499
3754 15061 499
4415 8385 499
5111 30220 499
5773 37020 499
6089 30492 499
7686 43141 499
9032 29261 499
9317 19790 499
9993 49151 499
10997 49254 499
11613 26430 499
12856 13256 499
12902 25542 499
13142 38559 499
15355 28344 499
15754 45816 499
17904 48198 499
20047 31183 499
20109 24831 499
20823 38075 499
21797 33320 499
21833 39177 499
21948 28417 499
22042 26756 499
23594 39530 499
24044 26014 499
25151 34925 499
26200 44159 499
26370 45973 499
26642 26724 499
26777 35705 499
28524 38243 499
30085 33757 499
33027 43959 499
34521 43779 499
35299 39242 499
35962 40342 499
35994 49654 499
36667 44558 499
1361 31441 500
1431 5221 500
1798 3607 500
2513 46522 500
3793 11283 500
3885 41235 500
4417 7757 500
5001 46281 500
5521 27740 500
6857 35001 500
7145 28367 500
7819 8634 500
10283 10484 500
10745 39613 500
12431 30004 500
13421 34417 500
14206 48094 500
14235 44999 500
14708 40931 500
15186 33652 500
17351 25993 500
17575 36716 500
17735 26460 500
18556 22925 500
20494 38969 500
22555 38503 500
22997 30038 500
23376 28174 500
24494 41564 500
25359 39867 500
25594 25672 500
28210 35808 500
30598 32041 500
31343 38956 500
33263 47351 500
42707 43902 500
48010 49290 500
367 49738 501
858 4864 501
999 24120 501
1213 2486 501
1793 5214 501
2742 4719 501
2751 38799 501
4594 39788 501
5957 39494 501
6200 34641 501
7000 15006 501
7973 21338 501
8055 44520 501
8191 17215 501
8348 15261 501
8632 49991 501
9364 15913 501
9687 10060 501
11358 37579 501
12844 15218 501
13108 49615 501
14731 24642 501
15649 41447 501
15879 38627 501
15959 25667 501
17174 43568 501
17474 40826 501
17796 48223 501
17964 36792 501
18328 48321 501
18668 44390 501
19179 40412 501
20829 21289 501
22455 35097 501
23844 47324 501
25631 38146 501
25731 39393 501
27931 42244 501
28425 42975 501
32411 32650 501
32419 34138 501
32501 33745 501
35820 37719 501
40148 43872 501
40308 45993 501
41211 43268 501
44123 47806 501
1030 30831 502
1241 11514 502
1648 19256 502
1654 32226 502
2593 12468 502
2739 9288 502
2762 12058 502
3564 42142 502
4283 16016 502
5087 12532 502
8617 19939 502
8777 35578 502
8894 12889 502
8924 19642 502
9044 24634 502
10154 24827 502
11690 30854 502
11830 40801 502
12084 14399 502
12408 26815 502
14324 15632 502
14390 24301 502
15227 16416 502
18335 30225 502
19028 39520 502
20449 23081 502
21575 38950 502
22025 43382 502
22448 27756 502
23964 32629 502
24135 34359 502
26311 34247 502
27709 31763 502
30301 31425 502
31384 35635 502
31614 41934 502
32087 44183 502
37146 40773 502
38467 44084 502
39015 41190 502
39189 46679 502
255 9452 503
3081 16587 503
4681 13805 503
5237 44802 503
5407 37349 503
5522 16013 503
5631 30261 503
5870 17473 503
5997 46464 503
6063 15979 503
6220 10191 503
8010 35491 503
9466 32420 503
9495 38592 503
9735 36318 503
10319 48135 503
10343 23698 503
10659 34032 503
11374 47146 503
13838 30688 503
15048 44824 503
15358 38804 503
15659 34591 503
17043 34584 503
18604 28170 503
19008 49470 503
20795 23532 503
20917 45478 503
23728 24738 503
24771 32047 503
26106 42586 503
26928 45618 503
29549 36156 503
30080 43752 503
30086 38687 503
32467 38713 503
38781 39193 503
42826 45855 503
46643 48940 503
1636 32810 504
1814 2659 504
3027 22924 504
3513 5050 504
4728 43990 504
4785 28948 504
5833 17795 504
6773 46951 504
7286 32289 504
9059 10806 504
9644 27894 504
9990 15392 504
10359 37275 504
10585 12334 504
12291 44467 504
12501 13036 504
13137 25757 504
13795 26622 504
15093 46849 504
16625 18420 504
16701 47147 504
19051 39634 504
21156 26839 504
21349 32721 504
21921 25879 504
22545 33552 504
23293 36719 504
25832 32336 504
28533 29367 504
29618 39445 504
31142 44097 504
34139 43062 504
35282 45609 504
37073 40104 504
331 41920 505
875 49433 505
2001 13255 505
2130 32668 505
2413 3818 505
2510 19308 505
3023 3477 505
3842 30984 505
4277 4718 505
5878 16839 505
6158 8128 505
9253 41465 505
9930 48463 505
11664 17068 505
11857 19657 505
12180 42329 505
12516 17036 505
13416 16301 505
13645 27663 505
14377 38445 505
14382 45192 505
15002 17306 505
17150 41999 505
17548 49497 505
19201 23029 505
19503 25657 505
19708 37773 505
25979 26934 505
26888 27178 505
27986 35216 505
34518 36086 505
41048 41776 505
49468 49602 505
429 49746 506
839 1220 506
1953 6804 506
2006 6795 506
2151 4682 506
2306 45912 506
3304 20276 506
3309 42137 506
4219 41953 506
4993 8423 506
5150 17635 506
5716 35389 506
5920 17620 506
7379 44202 506
7639 15467 506
7856 11268 506
8818 22218 506
9303 16346 506
9525 30145 506
10545 20031 506
11983 48169 506
13833 43809 506
18212 41015 506
20074 40265 506
23522 42351 506
24830 46770 506
26103 46617 506
27606 31002 506
27770 39933 506
29417 29836 506
29557 48520 506
31190 46403 506
32452 39003 506
33895 42006 506
36899 38846 506
1874 42096 507
2566 13430 507
2740 49756 507
2750 7176 507
4031 5609 507
4577 37533 507
5526 6759 507
5993 27641 507
6234 43569 507
6332 27446 507
7841 49367 507
8502 37899 507
8562 25414 507
8656 40099 507
9294 35511 507
9387 37174 507
9852 49342 507
12328 24128 507
12598 27993 507
13631 49892 507
13776 40259 507
14178 49934 507
15649 20759 507
16151 48960 507
18620 32408 507
19314 37205 507
21535 46549 507
21704 29008 507
22950 33390 507
23145 40896 507
24305 48351 507
26258 38751 507
26420 39737 507
27263 34025 507
27721 33969 507
29040 38719 507
29768 43216 507
30444 37572 507
30606 45861 507
30965 35197 507
35413 39563 507
42825 45613 507
78 28248 508
740 25606 508
2724 31451 508
4480 8095 508
5470 43989 508
5780 14769 508
6475 33777 508
6723 13241 508
8109 22580 508
10047 16916 508
10509 19325 508
10703 20377 508
10752 46461 508
10774 27260 508
11592 28953 508
13460 36046 508
14472 23681 508
14537 38294 508
14631 21964 508
15263 25846 508
16397 23915 508
18716 26979 508
21049 49569 508
21904 35441 508
22475 48561 508
23233 44706 508
24372 43706 508
26135 33185 508
27811 35239 508
28730 32875 508
30833 48591 508
31987 38884 508
33190 46232 508
35813 42446 508
39683 40433 508
40998 48743 508
47479 49666 508
217 18605 509
298 42218 509
1282 45296 509
1672 48365 509
1678 5265 509
3420 9536 509
3648 4508 509
3749 20124 509
4697 9449 509
5135 48331 509
5357 26330 509
5506 22582 509
6208 10212 509
11250 29307 509
11906 17670 509
13276 42504 509
13607 21167 509
14147 31568 509
14914 31228 509
15442 32586 509
15556 19602 509
17369 20848 509
18540 24821 509
18782 20285 509
19919 27605 509
20063 40605 509
21702 28440 509
21774 36072 509
22173 40407 509
24118 48835 509
28106 49791 509
29406 31222 509
30038 35888 509
30719 36890 509
31662 33064 509
33513 39850 509
34884 35788 509
41618 48107 509
42449 49007 509
44323 47398 509
645 28997 510
894 27503 510
1594 26200 510
2899 12101 510
3113 5750 510
3206 41841 510
4214 49668 510
5994 36684 510
6022 21432 510
6306 46981 510
6751 14032 510
7331 46133 510
7877 18491 510
8699 20214 510
9688 17856 510
9744 15742 510
9863 28608 510
11036 39989 510
13050 15884 510
14366 31300 510
15020 27049 510
15054 16497 510
15127 25808 510
16318 29777 510
17101 37327 510
20954 31335 510
21838 43111 510
22013 49229 510
22367 28270 510
24760 28829 510
24991 47564 510
25302 35492 510
28253 37409 510
29236 34607 510
31934 47439 510
34581 48498 510
34906 48783 510
34982 35633 510
37101 42919 510
39029 39281 510
762 935 511
1003 31194 511
1453 35589 511
3288 30433 511
3875 19188 511
4035 4976 511
5703 8069 511
5709 37538 511
6687 38483 511
7389 7604 511
7463 17205 511
8070 11438 511
8279 11492 511
9339 16224 511
11009 21438 511
11370 16791 511
12244 49091 511
12460 24448 511
12956 21460 511
13235 28187 511
13771 42993 511
14213 16543 511
14314 28914 511
15039 26711 511
15264 33683 511
16407 20259 511
16890 34103 511
19258 48792 511
21771 32654 511
25484 47853 511
33593 39752 511
35828 43336 511
37163 43757 511
43505 47468 511
233 10456 512
1659 20906 512
3911 19300 512
5984 20471 512
6028 15870 512
6197 21496 512
8751 10409 512
13994 33588 512
14895 28509 512
15002 30914 512
15310 20067 512
17909 47456 512
19069 20669 512
19590 32752 512
21499 31218 512
22829 33619 512
24698 29330 512
26273 44067 512
26390 46538 512
27405 36699 512
31010 33983 512
31574 38573 512
43442 45609 512
44438 46425 512
253 506 513
420 26335 513
1002 1086 513
1250 46284 513
1405 32309 513
2070 4256 513
2109 14479 513
2312 32717 513
2771 2968 513
2957 35984 513
3778 14408 513
4399 18554 513
5791 17500 513
7254 41857 513
7993 41074 513
9241 9696 513
11616 36531 513
13204 29456 513
13425 24070 513
15429 22725 513
15441 44837 513
15701 33701 513
19610 20537 513
19955 26388 513
20259 48125 513
20697 21180 513
20815 39918 513
21251 34298 513
21458 27928 513
22479 44401 513
23666 24772 513
25088 26114 513
25983 39058 513
28215 47291 513
28646 47124 513
28931 38372 513
29237 43411 513
33377 38962 513
34370 35768 513
41593 48999 513
42413 43473 513
1115 24362 514
2978 41490 514
4159 4490 514
4794 7197 514
5049 36901 514
5295 42871 514
5337 42074 514
5865 20244 514
7083 36500 514
7575 38476 514
8721 10940 514
9515 46963 514
10121 13365 514
11293 41264 514
13776 29467 514
14640 17710 514
14940 23339 514
15562 24782 514
17396 29193 514
20124 41574 514
20639 20731 514
24312 48512 514
25324 47372 514
25410 38806 514
25937 29485 514
26811 39518 514
28142 30789 514
28690 40927 514
30009 41538 514
31907 35317 514
33308 39035 514
670 17078 515
1465 47200 515
1774 48969 515
2033 15571 515
2953 42326 515
3718 11057 515
3902 21843 515
4035 41529 515
5480 16980 515
5567 25790 515
6705 36661 515
7603 23747 515
8181 26025 515
10535 28939 515
10840 22991 515
11137 44878 515
12182 14220 515
13299 17990 515
14419 26015 515
14824 25340 515
18923 39314 515
19762 46700 515
20155 46473 515
21082 33493 515
21771 35677 515
24414 48216 515
25775 41452 515
30564 45538 515
34313 47637 515
34578 40504 515
38441 49332 515
657 17187 516
1850 12383 516
1965 13486 516
2691 38930 516
3204 21197 516
3957 4578 516
4991 21069 516
5056 7761 516
5525 9614 516
7951 45240 516
9068 34659 516
9338 32616 516
9846 44806 516
10258 17699 516
10435 19472 516
10919 22941 516
10977 15469 516
10977 23442 516
12154 45807 516
12890 17975 516
12960 22902 516
13842 24473 516
14127 49727 516
14380 31931 516
14468 33649 516
14792 39316 516
15095 47488 516
15167 31262 516
15274 46300 516
16415 45272 516
19815 43996 516
20314 38159 516
20645 37366 516
21058 21279 516
23654 48086 516
25847 38077 516
26927 30577 516
27051 41503 516
30001 41168 516
30419 38109 516
30569 48114 516
31865 34024 516
35072 42964 516
35584 40802 516
37644 48966 516
40141 40189 516
151 28885 517
1633 46017 517
1977 19698 517
2088 16884 517
2522 35886 517
3208 41909 517
3567 34335 517
3906 23468 517
4467 6419 517
4554 9295 517
4904 16387 517
4952 32156 517
5373 24012 517
5940 10894 517
6092 18109 517
6136 19844 517
6579 40636 517
7871 20338 517
7936 35700 517
8752 20681 517
9818 39483 517
10346 42566 517
10481 48738 517
11243 49254 517
11424 17951 517
12979 16052 517
13384 13909 517
13478 25642 517
13783 18092 517
14416 34797 517
14988 32489 517
16447 32846 517
18603 24459 517
19142 34613 517
20028 42840 517
20124 33086 517
21533 32448 517
22245 26540 517
22501 36015 517
22954 24018 517
23337 24533 517
24813 36059 517
25146 40435 517
25988 44372 517
27004 48640 517
28647 44413 517
29426 48521 517
32597 47943 517
38371 49251 517
43312 48652 517
45845 48177 517
555 18801 518
1402 21689 518
3416 7882 518
3939 45850 518
4149 47836 518
4249 13628 518
4356 11305 518
5020 7513 518
5790 27524 518
5930 44624 518
6568 29785 518
6838 24723 518
7878 44061 518
9252 11359 518
11730 23622 518
14690 35593 518
15563 39934 518
15710 23219 518
18426 21897 518
20463 25419 518
23941 27877 518
27604 28620 518
27693 43760 518
27830 48853 518
30288 49448 518
34503 36858 518
41823 45312 518
47903 49368 518
284 34424 519
819 7891 519
1005 45862 519
2528 20808 519
6341 8338 519
6437 48131 519
7328 16480 519
7628 32584 519
9642 41222 519
10220 26281 519
10945 43970 519
12459 40029 519
12652 23400 519
14303 41984 519
16952 32076 519
18140 30487 519
22739 39274 519
24529 28880 519
25218 29178 519
27787 44085 519
28311 43906 519
29130 36006 519
31227 45248 519
32833 46161 519
33307 48512 519
35153 40689 519
35638 40949 519
36155 40650 519
42498 49926 519
137 29063 520
174 32186 520
423 1350 520
1623 8028 520
2145 19307 520
2410 5354 520
3095 33012 520
4704 32456 520
4814 33214 520
7061 13066 520
7225 9003 520
8528 9262 520
9217 14560 520
14341 41360 520
15522 19879 520
15556 20301 520
18372 35184 520
19616 39645 520
19969 23620 520
20277 37977 520
21721 33186 520
22121 49916 520
24432 44492 520
24500 27670 520
25137 40324 520
25331 47457 520
25654 27620 520
29945 39238 520
31658 41177 520
35356 36744 520
35443 39996 520
44555 45122 520
45119 46202 520
129 41422 521
204 1731 521
413 2378 521
818 2667 521
1792 9379 521
3494 12007 521
4723 47579 521
4790 25886 521
5640 37494 521
9385 15851 521
9505 27160 521
15019 24831 521
16296 37325 521
16833 30774 521
17260 17410 521
17990 28029 521
18479 29407 521
18547 46959 521
20134 24956 521
21992 26802 521
23975 32308 521
24077 32693 521
24991 40856 521
25230 36687 521
25740 31453 521
25923 48936 521
25994 45434 521
30198 45958 521
30272 42350 521
31139 49392 521
34810 35229 521
37924 45235 521
39029 44261 521
41092 49359 521
24 5429 522
538 38638 522
1072 38299 522
1215 4564 522
1374 6821 522
2019 4378 522
2364 16865 522
5056 46951 522
6987 13749 522
7270 44059 522
7571 30350 522
8755 9803 522
9642 9661 522
10378 25674 522
10940 28453 522
11109 45306 522
11995 28539 522
12548 42017 522
14459 35555 522
16140 19665 522
16949 21688 522
19859 24874 522
22984 43636 522
24363 36669 522
24647 40126 522
26377 27753 522
26668 40612 522
26735 38122 522
27104 47023 522
28600 45700 522
28664 38441 522
29688 40000 522
30407 35510 522
33145 45957 522
34736 39994 522
36134 43881 522
40041 45193 522
47607 47999 522
913 3102 523
1086 16488 523
1196 38362 523
1282 19861 523
1350 33763 523
1368 18668 523
2357 19002 523
3268 30883 523
3381 5619 523
4175 42539 523
4462 26692 523
4754 31430 523
5231 36705 523
5322 28105 523
6456 48405 523
7757 26326 523
8310 34595 523
9915 19145 523
10889 30401 523
12575 42162 523
13293 33539 523
13371 36648 523
15311 30241 523
15367 24161 523
15840 29725 523
17676 31366 523
17778 34404 523
18376 27364 523
19164 36755 523
20710 22021 523
21120 23144 523
21571 31493 523
21580 48811 523
22072 31858 523
29303 46203 523
30689 33894 523
32299 44701 523
33731 44080 523
33967 42170 523
36972 47774 523
38149 46227 523
39438 47858 523
119 618 524
473 31123 524
1051 14048 524
1719 31970 524
4525 26829 524
5135 29160 524
5208 5464 524
5363 43194 524
6425 43160 524
8035 40697 524
10991 12026 524
11077 34524 524
11183 26878 524
11748 13257 524
12540 20160 524
13562 30815 524
13663 24622 524
13666 31496 524
15037 36314 524
15434 25534 524
16276 25836 524
16669 33130 524
17824 20036 524
19832 37446 524
20644 23477 524
21336 36479 524
24720 40479 524
25209 43795 524
25282 32283 524
26769 28006 524
27206 43426 524
28818 31195 524
30844 31066 524
31465 45425 524
31635 34897 524
34373 39105 524
76 19489 525
136 6225 525
1940 28145 525
2923 44902 525
4397 14055 525
5940 27607 525
5970 24122 525
6450 15140 525
8039 14076 525
9299 42312 525
9384 40992 525
10244 12453 525
14039 42863 525
14686 47216 525
15165 18892 525
15656 41291 525
17317 21434 525
18304 21685 525
18977 43672 525
19382 24963 525
23806 34249 525
24736 47109 525
25056 30962 525
25853 42283 525
26864 37284 525
27410 33909 525
28553 46525 525
29650 39282 525
31197 38948 525
31667 39893 525
32112 40164 525
32126 49818 525
34057 38584 525
34461 34918 525
1 18 526
663 49061 526
1149 22226 526
1170 36665 526
3980 13571 526
6360 43632 526
6905 18978 526
7922 34844 526
9371 16171 526
9390 44673 526
11550 30652 526
11843 29459 526
14163 45741 526
14825 21397 526
15974 27579 526
16168 19297 526
16871 40711 526
17477 39131 526
19472 22862 526
20196 20887 526
22213 47484 526
22930 29544 526
23357 31455 526
26975 41200 526
27494 49249 526
28136 46534 526
30653 40851 526
30709 39656 526
35179 37715 526
37781 45488 526
38867 44645 526
41082 45743 526
42883 48598 526
661 8620 527
1590 46121 527
1812 4029 527
1827 22034 527
3631 46805 527
3874 29724 527
5285 45971 527
5393 8985 527
5656 18029 527
5928 6507 527
7439 24542 527
10522 28919 527
10615 38618 527
10881 37629 527
12827 18753 527
14903 15638 527
14987 28197 527
15008 35567 527
15120 44604 527
15666 30895 527
17574 32153 527
17698 34902 527
18112 30800 527
19248 39069 527
19503 36001 527
21624 28416 527
22812 32220 527
23567 26962 527
25214 28406 527
25545 35008 527
25902 48413 527
27483 45245 527
29377 31354 527
29965 45970 527
31531 46214 527
31850 42906 527
34088 39818 527
44503 47736 527
48399 49502 527
103 43197 528
170 46141 528
1582 8631 528
3664 12133 528
5285 9080 528
6363 16099 528
6397 7377 528
6987 11582 528
8492 22960 528
8656 46394 528
11793 29643 528
11969 17062 528
12560 42349 528
13191 43514 528
14021 42731 528
15308 45486 528
15606 24768 528
16124 19474 528
18031 33296 528
18782 30286 528
20017 33691 528
20393 28417 528
20459 25661 528
22110 23509 528
23790 39562 528
25655 30377 528
25983 46258 528
27236 42968 528
28385 43152 528
34936 38107 528
36587 48341 528
45787 48289 528
2799 44302 529
4657 17222 529
4664 5473 529
4898 21970 529
5023 33143 529
5141 41678 529
5333 35979 529
5440 16102 529
5609 14242 529
5984 7442 529
7426 32179 529
7501 9137 529
8299 26890 529
12610 26198 529
17461 22781 529
18595 25187 529
22702 43400 529
23368 48364 529
23963 42956 529
24614 31255 529
25320 33643 529
25585 27862 529
29716 46435 529
30114 41112 529
30206 34596 529
30871 36354 529
31128 41633 529
32840 38145 529
34814 41878 529
42999 45756 529
2312 21903 530
3017 40875 530
3078 47888 530
3684 4730 530
4226 25225 530
5411 5917 530
6096 6125 530
6397 16883 530
6635 8220 530
7505 9910 530
8395 16363 530
8406 27702 530
9658 22239 530
10994 28682 530
12259 40499 530
13224 31654 530
13882 21328 530
14419 46307 530
15410 32675 530
16966 44334 530
17693 22949 530
17708 41931 530
18900 21145 530
22382 24061 530
22504 38062 530
23248 36711 530
23854 42830 530
25785 27171 530
25929 31958 530
27320 32009 530
30657 46373 530
31168 45180 530
36803 37360 530
40458 47097 530
42087 43955 530
1819 23027 531
2039 3124 531
2052 12287 531
2126 11809 531
2655 26413 531
2668 4764 531
3384 16043 531
4103 7485 531
5380 26362 531
5724 10497 531
5966 8759 531
6277 18378 531
7500 10774 531
7545 32935 531
8217 29075 531
8253 19400 531
8265 10361 531
8872 20294 531
10098 40217 531
11523 43042 531
15425 23414 531
16336 24736 531
17791 19749 531
18774 28135 531
27207 27657 531
31985 45454 531
32122 46382 531
32516 41454 531
32556 43821 531
33816 45094 531
34621 49840 531
34777 36555 531
41222 43206 531
43753 45906 531
706 6445 532
743 13298 532
878 32728 532
945 2208 532
2225 7258 532
3283 4133 532
3428 4525 532
3838 25454 532
5861 43161 532
6439 38051 532
6476 14345 532
7553 44782 532
7823 27305 532
9133 28673 532
9538 9543 532
9827 44252 532
9883 37889 532
10007 30951 532
10024 27459 532
10224 15434 532
11561 21790 532
11635 37018 532
11739 46914 532
13635 45934 532
13759 27116 532
16528 49927 532
17014 34586 532
17214 33963 532
17748 28176 532
18766 30319 532
18836 45653 532
18996 23677 532
19124 25279 532
21176 30300 532
21325 24016 532
22770 42858 532
24839 40140 532
25112 36204 532
26498 29916 532
27406 35384 532
31771 49242 532
32632 44746 532
33320 39091 532
33473 36676 532
33970 39325 532
1396 36572 533
3152 29805 533
5690 49453 533
6509 13206 533
6539 29538 533
8079 19478 533
8855 18099 533
9804 49602 533
12963 27247 533
14561 18639 533
15162 23889 533
16441 31178 533
16962 48813 533
18710 31121 533
19692 23552 533
20882 27821 533
21269 26406 533
22727 28482 533
25550 48684 533
26643 41050 533
27526 49310 533
28659 46320 533
29920 40005 533
33774 38986 533
36520 37052 533
47044 48638 533
530 16289 534
962 1648 534
1715 34957 534
2480 15364 534
2484 3142 534
4171 47959 534
4500 27754 534
4717 6073 534
5256 7489 534
5270 33300 534
7972 13010 534
8251 8375 534
9042 12845 534
9308 48312 534
9397 40037 534
9535 28746 534
10329 17126 534
13913 41476 534
13997 34731 534
14321 43253 534
17624 37995 534
17920 48639 534
20816 42875 534
22122 49317 534
24626 30122 534
25090 30562 534
27940 33723 534
28333 45043 534
29312 40500 534
29659 45276 534
30543 44489 534
31328 32734 534
34450 49221 534
37399 39532 534
39994 43797 534
41489 47850 534
1986 4687 535
2126 17591 535
3578 4277 535
4367 17326 535
4695 42269 535
4704 17478 535
6754 20939 535
7092 38081 535
7583 12209 535
8074 16599 535
8229 17322 535
8458 48628 535
9616 32035 535
9652 12786 535
10321 30311 535
10915 26108 535
11304 34058 535
13601 31194 535
13933 27947 535
16196 24714 535
17727 18542 535
20036 28854 535
20253 32794 535
20964 36528 535
21545 31361 535
21996 46045 535
25340 35931 535
26320 36437 535
26399 49239 535
27137 28170 535
28031 43619 535
28295 48339 535
32559 49538 535
34058 46126 535
34121 48968 535
35752 43786 535
36331 37643 535
36683 43140 535
37905 49472 535
1569 7036 536
3711 24799 536
4301 34921 536
4485 16464 536
4497 11186 536
5403 34728 536
6888 26931 536
7598 15083 536
8387 32113 536
8911 8963 536
9157 14672 536
11944 12987 536
12290 22871 536
13876 31663 536
14769 16871 536
16426 30503 536
16955 48840 536
18102 35818 536
18587 29936 536
18742 41545 536
20024 28641 536
20620 29719 536
24842 49297 536
25379 43924 536
25684 27668 536
28610 30448 536
30999 41430 536
31310 35458 536
33054 48417 536
33282 41118 536
35459 43556 536
218 20409 537
1992 5463 537
2557 11820 537
2681 40619 537
3576 36362 537
4702 40234 537
5469 6585 537
5808 8741 537
5991 46304 537
6469 41501 537
6892 11100 537
7029 13002 537
7483 9524 537
8023 25408 537
9415 27695 537
9444 14961 537
9641 32120 537
11083 40986 537
11876 30671 537
12170 28741 537
13560 49878 537
13932 23821 537
14536 21270 537
16538 31930 537
16673 27910 537
18261 32161 537
18792 36445 537
18951 20964 537
19633 34103 537
19836 48536 537
20452 35992 537
21768 45994 537
23019 26122 537
23312 35787 537
24048 49799 537
24067 36054 537
24390 37001 537
26974 33429 537
27279 39479 537
27559 28423 537
31554 36617 537
34659 48416 537
39376 47682 537
41536 45610 537
42132 45743 537
43667 49460 537
1883 8001 538
2173 5283 538
2318 43997 538
2675 21707 538
4214 16401 538
5183 47898 538
5547 24406 538
5800 35895 538
5928 42515 538
6395 7681 538
7376 9115 538
7688 26670 538
8730 20296 538
8909 48213 538
9006 16594 538
9098 46890 538
10713 29334 538
10927 21150 538
12016 39162 538
12110 31585 538
12412 26918 538
14312 19023 538
14962 29056 538
16580 36583 538
16906 27714 538
18316 40416 538
19658 48055 538
20033 27564 538
20927 33695 538
21531 36813 538
21681 33422 538
21832 37310 538
22636 24024 538
23543 41942 538
23978 36055 538
24973 36213 538
33814 44589 538
469 12994 539
696 2320 539
2767 30799 539
5070 26157 539
5969 43571 539
7125 23088 539
7586 14464 539
7720 14537 539
8349 23610 539
9937 37910 539
10211 31307 539
10861 48459 539
11457 14244 539
12463 28680 539
13469 42066 539
15194 28825 539
16839 40874 539
16947 38486 539
17743 30117 539
21313 38573 539
21757 29819 539
26267 27269 539
26456 39947 539
28092 46459 539
28915 49769 539
30929 41173 539
31156 39221 539
31442 46164 539
33525 47511 539
34870 35913 539
43312 49156 539
45909 49562 539
528 31298 540
1022 4056 540
1148 3856 540
1166 20288 540
1736 14952 540
2068 41706 540
2074 22383 540
4499 41909 540
5053 11209 540
6195 9540 540
6324 7265 540
7053 15911 540
7120 11030 540
7205 30290 540
7316 18114 540
7915 15726 540
8570 12217 540
11319 36497 540
11549 17741 540
11666 18545 540
13342 16598 540
15775 34867 540
17145 45855 540
17439 18219 540
17915 44246 540
20476 25834 540
20987 33326 540
23020 45302 540
24324 36331 540
30865 46207 540
33474 40533 540
34258 37815 540
34552 41230 540
34716 34870 540
36481 42284 540
45535 49796 540
3457 8495 541
4016 4159 541
4545 42361 541
4615 10024 541
5157 26971 541
5852 46490 541
6501 22786 541
7621 19622 541
7825 49691 541
8000 11707 541
9071 11332 541
10465 34329 541
10969 29634 541
12247 48630 541
13473 31589 541
16553 26611 541
17625 43296 541
19445 22179 541
23487 29283 541
23777 36630 541
27176 39875 541
27363 49182 541
30640 48352 541
33408 33672 541
35373 40905 541
40801 47709 541
550 27786 542
1191 18521 542
2595 30112 542
2919 27932 542
3917 10515 542
5555 9116 542
6023 22061 542
6190 48901 542
6789 39785 542
8504 26114 542
8689 16740 542
10464 19138 542
16830 34125 542
17873 23565 542
18533 21427 542
20393 24431 542
23251 36466 542
25943 39846 542
27777 40690 542
29178 34331 542
29407 31015 542
31300 41289 542
32761 44031 542
33129 38978 542
41908 42065 542
286 18247 543
953 2950 543
1528 2550 543
4154 17006 543
6544 10411 543
8706 18662 543
8884 10348 543
9337 35755 543
11563 44680 543
12765 35529 543
13756 25127 543
15699 23887 543
16340 17574 543
17310 44607 543
17713 32449 543
20020 35020 543
20502 38199 543
23098 31583 543
26431 35126 543
27681 40578 543
34385 48580 543
641 37534 544
1350 32590 544
1817 7075 544
2123 35917 544
2362 31439 544
2629 29787 544
4600 17404 544
5052 28738 544
7469 21845 544
7496 13818 544
9367 14064 544
13280 22875 544
14541 23936 544
17376 37236 544
18771 24256 544
20568 23321 544
21640 26280 544
22781 44266 544
30640 45757 544
30748 43865 544
31853 39346 544
33898 43029 544
34841 48939 544
34952 47030 544
36935 48127 544
38028 41223 544
218 9955 545
415 5902 545
1523 30553 545
1674 41198 545
1715 34373 545
2625 46695 545
2694 37280 545
2733 28527 545
2903 5401 545
3018 11838 545
3413 9107 545
5401 40966 545
5571 28308 545
5827 12733 545
9053 27818 545
9174 37196 545
10525 28959 545
11389 24420 545
12047 27110 545
12528 35056 545
12779 30270 545
13886 49415 545
15529 31664 545
17374 23188 545
19601 43078 545
22009 49512 545
25188 28132 545
25790 31294 545
27021 39580 545
30642 45749 545
31678 35121 545
33065 39547 545
35488 41675 545
38108 39025 545
39218 43321 545
41338 47946 545
43321 49829 545
814 4794 546
1395 23073 546
1951 26757 546
2716 11727 546
3547 28949 546
3559 22323 546
5817 23306 546
7384 19415 546
7801 35620 546
8033 16104 546
9022 33678 546
9052 38739 546
9264 45350 546
9894 36304 546
10535 22103 546
12252 30022 546
13455 16795 546
14791 38755 546
15564 30564 546
16868 25732 546
18059 31791 546
18191 44901 546
18821 29200 546
20173 43643 546
22023 44693 546
26486 40822 546
26529 42221 546
26810 42543 546
31236 41434 546
31245 48351 546
37715 47840 546
43704 47298 546
197 45013 547
327 19070 547
1397 9071 547
1683 43541 547
3490 40822 547
3768 28173 547
3850 22709 547
3915 16838 547
5102 5468 547
5535 16611 547
6767 17282 547
7175 36126 547
9758 27224 547
9864 46570 547
12296 46665 547
12861 25190 547
13226 15844 547
13810 17325 547
15794 45304 547
16229 38008 547
16581 40765 547
17143 36474 547
17695 19441 547
22164 30749 547
25353 37074 547
27817 30201 547
29477 40076 547
29528 40658 547
29540 38755 547
34095 45977 547
34559 44020 547
36690 43561 547
491 10443 548
3914 34833 548
4005 36063 548
4800 25880 548
7863 13873 548
8713 34150 548
10650 11354 548
12002 44910 548
12041 46621 548
12837 17197 548
13774 32299 548
13787 16810 548
14067 29282 548
15770 22662 548
17974 19222 548
18594 21528 548
21860 35803 548
22257 43486 548
24890 41021 548
27166 32709 548
33287 44347 548
33893 47529 548
37467 48284 548
44311 48384 548
167 32645 549
885 17507 549
1147 43068 549
1434 21082 549
2442 36928 549
3390 39526 549
3612 45657 549
4824 18546 549
4972 16367 549
6266 11421 549
8215 24408 549
8288 31608 549
8504 40345 549
10176 26750 549
10243 20292 549
10427 43167 549
10468 43940 549
10477 35472 549
10660 15952 549
12420 30032 549
12774 47542 549
13352 24701 549
13836 19229 549
13943 36756 549
13945 24355 549
14747 20347 549
15102 23590 549
17391 21815 549
18041 26628 549
18652 48055 549
19205 35175 549
20570 41996 549
21372 26731 549
23718 35293 549
24471 41248 549
26588 43637 549
26982 38319 549
30277 40630 549
33870 35507 549
36280 39470 549
38286 47124 549
44103 46137 549
44205 46920 549
1874 9585 550
4174 23680 550
4682 45241 550
4799 17467 550
7935 11627 550
8512 14927 550
8890 11281 550
11594 46989 550
12321 47360 550
14745 35697 550
15552 39683 550
16201 25976 550
19424 29023 550
20137 26455 550
20279 30176 550
23650 46553 550
25593 49789 550
25667 39829 550
25991 37233 550
27423 48787 550
28332 32875 550
33263 44744 550
34457 45789 550
37200 41982 550
41708 44838 550
46660 48959 550
490 39306 551
825 37592 551
1874 44614 551
2421 32617 551
3208 12249 551
3251 3975 551
4039 49801 551
4529 17238 551
5325 9507 551
6442 17527 551
7246 27419 551
7457 46641 551
8244 27636 551
8733 35960 551
14693 27113 551
14761 29085 551
17142 34550 551
17234 43082 551
17621 22047 551
20432 46251 551
21749 32073 551
22523 31823 551
23065 43465 551
24618 24694 551
25072 27117 551
25476 33857 551
26736 34730 551
27936 41154 551
30067 30084 551
33141 39029 551
116 18252 552
938 8753 552
1016 46098 552
1197 10892 552
1652 5906 552
2161 9045 552
4641 38616 552
5577 41765 552
6579 31967 552
7631 24330 552
8112 27611 552
8298 15698 552
8971 11634 552
9191 10356 552
9259 18987 552
9314 13266 552
10604 46815 552
12396 28098 552
13597 45958 552
13735 19303 552
14613 16853 552
15281 47560 552
15473 23081 552
15812 24698 552
16040 16773 552
17529 48845 552
17936 21133 552
19374 39592 552
20935 30459 552
20995 24300 552
23593 27049 552
25215 25833 552
27043 46659 552
27164 45599 552
28514 34019 552
29729 46965 552
31517 32689 552
31633 36520 552
34445 41210 552
37326 44660 552
40639 46119 552
41490 45732 552
212 2017 553
2870 7234 553
3011 9738 553
3062 17458 553
3140 22553 553
3940 44975 553
4901 5293 553
4950 6832 553
6892 41044 553
7576 47095 553
9087 31495 553
9703 31158 553
10028 11157 553
10063 26055 553
10134 19797 553
10187 21341 553
10539 19535 553
11377 23256 553
14349 47182 553
15346 27717 553
16174 26528 553
16700 18683 553
17297 25539 553
17795 31016 553
19060 26325 553
19642 46777 553
27548 46154 553
28677 30379 553
28781 36781 553
28880 42959 553
31198 44671 553
37565 47038 553
917 32134 554
1532 2917 554
3572 10648 554
4465 46889 554
5512 21253 554
6723 34695 554
8122 35819 554
9893 25869 554
10494 11482 554
11812 17512 554
12231 49493 554
13140 27127 554
14196 28574 554
17254 22000 554
18157 22308 554
18637 39715 554
18738 28392 554
21599 38809 554
22097 39246 554
22286 37135 554
26246 30236 554
26740 33409 554
26802 29064 554
35013 41446 554
2362 14679 555
3135 37871 555
3658 32726 555
8160 9873 555
8281 11188 555
10034 30266 555
10280 34681 555
13346 38439 555
13614 23645 555
14737 33994 555
15667 31448 555
16147 22487 555
17252 36154 555
17619 31224 555
17627 32643 555
18174 48350 555
18616 24048 555
20056 46899 555
20564 36421 555
20890 24133 555
20911 36303 555
22471 34466 555
22775 48209 555
23671 47059 555
26835 27410 555
30773 42037 555
34767 39413 555
35397 36920 555
37253 48376 555
40630 40635 555
42511 44219 555
42541 42629 555
712 49714 556
1243 24152 556
1364 4257 556
2058 22138 556
2598 47299 556
2635 17260 556
2705 38619 556
3032 18738 556
3413 4477 556
4075 42509 556
6044 49349 556
9165 16696 556
9634 21606 556
9649 33753 556
9813 35385 556
11951 14932 556
12412 13364 556
12694 27065 556
12775 21228 556
13273 45353 556
14312 41524 556
14794 21680 556
19219 38589 556
19788 27754 556
19938 35556 556
21844 42728 556
23965 33477 556
26292 48299 556
26946 32233 556
29072 49600 556
32141 46913 556
33708 45377 556
43333 47641 556
531 962 557
1876 10615 557
1938 39352 557
3639 6991 557
5772 8313 557
5793 41487 557
6860 22279 557
8834 23527 557
9813 13367 557
10002 20583 557
10112 49005 557
10232 33869 557
10554 28681 557
16498 49772 557
17440 38779 557
18031 48159 557
18562 18685 557
19516 29174 557
21690 42530 557
24578 37461 557
24911 34539 557
27054 29772 557
27539 28136 557
47528 48120 557
118 47779 558
582 5128 558
3177 4040 558
3891 27026 558
4253 28587 558
4355 48177 558
8242 42438 558
10004 21691 558
12370 32085 558
14920 22817 558
14964 17101 558
15543 21949 558
16083 49683 558
16400 18251 558
16677 18720 558
16878 30908 558
17813 35411 558
18924 28735 558
20433 46776 558
22018 30403 558
24598 26769 558
25335 44628 558
26231 45533 558
27879 49407 558
30920 42335 558
31263 32901 558
31568 39093 558
32580 41627 558
66 31957 559
797 40668 559
1144 2384 559
1525 40868 559
3611 12931 559
4160 27717 559
4186 39533 559
5276 27984 559
5837 20912 559
7339 14732 559
8471 41225 559
9047 9557 559
9491 18959 559
10831 42259 559
11173 25514 559
11284 21450 559
15389 16694 559
16397 18970 559
16421 40211 559
16762 22622 559
16861 47886 559
19563 40824 559
22895 29373 559
24576 48747 559
26734 38303 559
27798 35386 559
28629 36958 559
29441 45427 559
30281 45176 559
32765 41388 559
32886 36823 559
34724 42274 559
40841 44638 559
45913 48548 559
1350 38408 560
1578 2765 560
1867 33961 560
1899 3250 560
4155 14811 560
5237 5406 560
5583 21745 560
5853 22502 560
6390 22729 560
7589 8962 560
7999 45175 560
8417 17934 560
10093 42699 560
10627 18428 560
12003 14935 560
12091 34368 560
12967 32659 560
13723 29988 560
16066 43928 560
19609 20910 560
20106 29405 560
20730 25389 560
21690 42735 560
22644 28684 560
24993 41795 560
26313 34194 560
26399 36367 560
31071 33927 560
34987 47791 560
2535 2884 561
2627 47610 561
3640 24337 561
5139 8531 561
5918 46842 561
6146 13450 561
6275 20243 561
6649 19532 561
7605 47836 561
8056 38068 561
9013 15562 561
9572 39783 561
9850 29845 561
10317 14342 561
10469 33170 561
11244 25889 561
16584 24309 561
23611 36213 561
24289 38245 561
27942 32097 561
28054 42179 561
29140 36691 561
31642 44425 561
36374 40997 561
41241 44455 561
41476 44364 561
47197 48688 561
161 22131 562
3106 20595 562
3217 7767 562
7111 16221 562
7538 40178 562
8971 45033 562
9208 46183 562
9529 39657 562
10059 27711 562
10192 46675 562
10336 16645 562
10720 32842 562
13878 46393 562
14155 32332 562
14734 36197 562
15687 37316 562
16038 17640 562
16733 31626 562
18090 25693 562
20589 25493 562
22240 35966 562
22812 44966 562
23741 34694 562
27603 28855 562
31866 42363 562
32119 49122 562
34023 47330 562
36156 45974 562
1217 16513 563
1478 23832 563
2885 3129 563
5615 35024 563
5886 8605 563
6027 32152 563
9814 38487 563
10177 18597 563
12354 28354 563
12680 25012 563
18349 46738 563
20042 24346 563
20457 44995 563
23584 42661 563
23891 45431 563
27402 34383 563
27428 45297 563
31219 49141 563
31245 37681 563
31512 49101 563
32526 44143 563
33134 37816 563
39460 48492 563
502 7994 564
1209 18878 564
1985 2596 564
5388 28819 564
7233 15021 564
7274 30415 564
9435 18013 564
9928 12103 564
10075 40300 564
11457 23885 564
12960 33021 564
15013 21530 564
15831 37528 564
17756 24176 564
18282 41167 564
19229 40790 564
19301 30026 564
19439 28101 564
27360 37289 564
27717 39311 564
28366 44351 564
29657 49274 564
30825 41784 564
32871 42902 564
34620 40293 564
36677 42548 564
41088 42609 564
41288 41815 564
43100 43772 564
418 5443 565
1592 46794 565
2389 36654 565
2647 49351 565
3402 6995 565
4859 24662 565
5404 18966 565
6002 22607 565
6407 33652 565
6424 13900 565
7623 42427 565
7776 16819 565
8974 44222 565
9471 13279 565
10309 22055 565
11547 24351 565
13705 36552 565
14381 45024 565
14571 15204 565
15539 16431 565
16969 23957 565
17609 33233 565
18835 36923 565
20161 37291 565
21739 33445 565
22176 29840 565
22407 24434 565
23323 30158 565
24081 30343 565
26386 46160 565
26696 43503 565
32140 45365 565
33391 35079 565
35689 48295 565
220 3968 566
1666 12073 566
2361 2732 566
3045 11770 566
3068 25100 566
3221 5608 566
5967 48075 566
9293 38341 566
10185 29416 566
10666 20497 566
11188 45144 566
12760 16303 566
13511 14455 566
17986 41413 566
18889 49021 566
19644 26068 566
19647 27342 566
20187 38374 566
20545 40315 566
20902 36829 566
21879 40156 566
22874 38256 566
23012 29899 566
23885 30756 566
25626 26525 566
26785 38084 566
28266 44570 566
29217 47805 566
32328 44783 566
34011 47130 566
34270 41626 566
35663 49214 566
42076 42080 566
2000 20201 567
2339 22724 567
3573 43827 567
4168 23418 567
4232 8695 567
5215 7214 567
5640 18928 567
6274 18368 567
6403 25453 567
8522 25531 567
8688 28967 567
9340 24985 567
9395 30006 567
11367 15352 567
11926 14755 567
19847 43932 567
20718 30224 567
22019 34542 567
23494 37830 567
24695 37911 567
26095 47664 567
26851 33260 567
31659 49019 567
33757 48694 567
38617 48438 567
39109 41525 567
691 30194 568
1983 41132 568
2104 21446 568
2705 39536 568
5261 41491 568
5857 23784 568
6371 17800 568
6847 19694 568
7533 14955 568
7774 18315 568
7907 18943 568
10303 29755 568
11162 30828 568
12515 18025 568
13409 23307 568
13500 14650 568
13739 29803 568
15116 18889 568
17019 37797 568
18510 19613 568
18929 25216 568
18982 33368 568
20135 42099 568
21727 32474 568
21996 38305 568
31886 43263 568
48328 49805 568
401 29706 569
1010 13662 569
3558 39065 569
4425 13393 569
4442 29045 569
4741 28019 569
6456 7211 569
6821 17200 569
8652 22362 569
10265 48719 569
10744 17495 569
10932 40520 569
11585 25226 569
11630 15357 569
12413 30439 569
12499 12698 569
12999 39239 569
15740 21491 569
16816 31338 569
19069 23103 569
24898 40759 569
27220 43182 569
34648 42242 569
37388 46030 569
44857 47134 569
45724 49596 569
48113 49279 569
490 22421 570
1253 6974 570
1272 27431 570
2233 8552 570
3137 43527 570
3333 7999 570
6210 37400 570
8444 24190 570
8530 42423 570
9406 9789 570
10024 32554 570
20066 24429 570
20804 21644 570
20982 33079 570
21618 46237 570
22084 37418 570
22522 38822 570
23792 40504 570
25465 35674 570
28253 29608 570
30017 40700 570
31738 40298 570
33317 36737 570
33534 37766 570
37120 37598 570
42246 43980 570
610 14002 571
1143 12355 571
1381 20488 571
1562 32601 571
2122 6408 571
3780 7861 571
4011 12771 571
5763 34953 571
5869 31313 571
5976 6509 571
6239 39491 571
7724 33157 571
7899 37943 571
11335 22686 571
11517 34067 571
12073 28364 571
13975 14238 571
19245 32532 571
20152 27366 571
23167 40286 571
28291 32744 571
28532 35191 571
30320 44467 571
30850 45026 571
37207 42050 571
203 28658 572
1066 6777 572
1912 4984 572
3590 42362 572
4294 39902 572
4367 33481 572
4806 19259 572
5105 8116 572
5923 29013 572
6539 40758 572
6647 46320 572
7012 20475 572
7377 38206 572
9000 26642 572
11356 37258 572
12431 33149 572
12521 42474 572
14739 31590 572
14957 33497 572
15014 37964 572
18986 29187 572
19351 20283 572
19817 23947 572
20087 20671 572
22417 22517 572
24938 35851 572
26285 26913 572
29785 46123 572
30800 31998 572
32271 38432 572
34990 35295 572
38438 47437 572
38534 47120 572
42911 45853 572
43927 45432 572
45700 46501 572
1333 19008 573
1374 9335 573
2076 19619 573
2406 39709 573
2847 31436 573
3019 29256 573
4780 38474 573
5685 17029 573
5974 25060 573
7342 13241 573
7890 13411 573
8595 9629 573
8685 43480 573
9022 47929 573
11929 48170 573
12221 27924 573
13075 40155 573
13717 22828 573
17926 45156 573
18603 23274 573
19822 41408 573
20249 31122 573
20628 49135 573
22775 45140 573
25018 29011 573
28406 45676 573
39697 48514 573
196 530 574
1436 9957 574
1827 25917 574
1917 43181 574
2371 3056 574
2896 17746 574
2904 5305 574
3046 8111 574
4057 38885 574
5874 8335 574
6684 10280 574
6875 13472 574
8528 27124 574
9046 34248 574
11656 41414 574
13064 22847 574
16829 33473 574
18945 48975 574
20538 36902 574
20760 35988 574
23273 46806 574
24679 29268 574
24785 48002 574
25105 26549 574
26139 47008 574
27320 41979 574
29133 38708 574
30964 33926 574
34280 40023 574
34761 41367 574
39631 40310 574
46677 48030 574
554 42051 575
1122 3141 575
2414 23510 575
3259 12072 575
4265 15609 575
5196 13449 575
6563 14928 575
7243 7663 575
8770 36010 575
9121 44185 575
10031 43198 575
10357 31150 575
11057 14614 575
12552 22436 575
12674 27251 575
14483 31997 575
14744 27883 575
14925 21760 575
16583 37014 575
16799 23636 575
16834 24023 575
19047 34671 575
21399 49022 575
24409 40801 575
26791 45469 575
28064 41185 575
28233 36114 575
28828 40300 575
31401 45072 575
32540 49747 575
38368 46918 575
47194 48422 575
1437 35530 576
1742 6049 576
1901 47076 576
2588 28724 576
3379 37193 576
7342 9382 576
7604 43126 576
8549 49743 576
8869 40007 576
10768 36524 576
11017 33056 576
12897 35972 576
13141 18120 576
13336 21781 576
13786 44994 576
14181 19316 576
17312 36174 576
18184 28393 576
21403 47603 576
22588 28754 576
22955 42392 576
23221 37514 576
24678 28125 576
24866 39856 576
25502 44792 576
30880 35171 576
31547 33550 576
33798 39411 576
36518 44835 576
39149 41981 576
40555 45645 576
44874 46957 576
1225 28851 577
1449 2796 577
1500 4376 577
1920 22896 577
3615 9477 577
5953 22101 577
6273 8162 577
6910 26241 577
7255 37141 577
9898 23114 577
11076 49891 577
11614 15807 577
13912 19112 577
15626 19330 577
16502 39879 577
16618 25003 577
18859 41148 577
19457 33122 577
21729 39992 577
23422 46972 577
23441 33976 577
24262 42809 577
25249 36882 577
25306 34007 577
26242 36058 577
27641 29029 577
28025 45606 577
28123 41805 577
37997 46551 577
32 4684 578
1103 4406 578
1264 23445 578
1530 19745 578
3211 15081 578
3322 25275 578
3692 32060 578
5223 42268 578
6012 6550 578
6099 23318 578
7384 16735 578
7783 8487 578
8156 10786 578
8349 16903 578
10130 13328 578
11349 37204 578
12528 38757 578
14207 17556 578
14709 29274 578
15175 16427 578
17605 30114 578
18274 36498 578
18709 43535 578
19324 44712 578
20542 27138 578
20833 38870 578
20853 35272 578
21519 30208 578
21790 44724 578
23457 27082 578
23901 35171 578
25861 48174 578
25949 26188 578
30150 32001 578
30536 36753 578
31281 43394 578
39885 47760 578
46361 46477 578
142 30516 579
1845 38409 579
1909 8462 579
2483 24957 579
3331 4889 579
3586 25295 579
5074 10246 579
6683 13827 579
7791 34395 579
7865 47331 579
10663 28470 579
14809 42567 579
16081 43710 579
19674 44523 579
20007 36735 579
21244 44845 579
21266 45714 579
23072 35505 579
24030 29214 579
24888 33748 579
27796 34557 579
28760 34010 579
28971 41692 579
32265 44043 579
33141 39864 579
38224 48412 579
44863 48153 579
1561 2409 580
1880 46870 580
2914 9343 580
4401 18278 580
5173 47696 580
5280 6171 580
8218 16194 580
9404 31360 580
10755 33219 580
11010 20386 580
11241 35208 580
11607 32744 580
12073 40197 580
13563 25424 580
13752 20744 580
14939 47582 580
15170 19568 580
15767 21009 580
17281 27336 580
18093 35695 580
19543 40749 580
22450 23474 580
22816 23447 580
23076 29236 580
23806 31491 580
25023 47469 580
31032 45943 580
36016 36781 580
38631 42290 580
39800 44521 580
174 47889 581
761 25600 581
1123 33758 581
1125 24880 581
1616 37864 581
1893 14522 581
3492 47941 581
7780 41934 581
7897 42185 581
9489 35845 581
13804 15657 581
13813 42469 581
14514 17471 581
14957 42590 581
15568 25557 581
18089 24970 581
19697 42791 581
20596 36732 581
21330 43822 581
21912 27769 581
22837 30178 581
23996 36290 581
28275 41968 581
30411 43965 581
38637 44431 581
43381 45955 581
82 45263 582
2156 11195 582
2877 4166 582
3282 17476 582
3727 15668 582
4043 37224 582
5561 23516 582
6863 46479 582
7057 46314 582
9939 45654 582
10155 10382 582
12117 30559 582
12294 31879 582
13424 19353 582
15818 21581 582
15955 33038 582
27225 44377 582
27998 47273 582
30809 45970 582
31797 37197 582
32666 36797 582
32850 37445 582
37500 49836 582
40712 48401 582
984 12864 583
2185 29427 583
3511 9476 583
4190 7252 583
4397 41657 583
4492 46310 583
9023 21650 583
9072 21078 583
9411 16620 583
10272 36302 583
11339 19781 583
12477 48176 583
13468 40217 583
13689 24047 583
13726 47060 583
14498 42890 583
15848 17775 583
16660 22489 583
18876 33720 583
19691 30458 583
23993 44627 583
26783 42397 583
27894 37262 583
30577 46065 583
30681 35449 583
31075 33999 583
32366 48324 583
34904 44545 583
36300 41908 583
37242 39375 583
44536 44886 583
990 17550 584
2714 40054 584
5094 8535 584
7138 49043 584
8203 19346 584
17922 33302 584
18221 41368 584
19566 38709 584
20666 44078 584
21811 27617 584
21878 42684 584
25214 36147 584
28224 30387 584
30794 48682 584
32607 46862 584
36497 42397 584
36900 39791 584
39622 47335 584
40678 45412 584
230 16127 585
838 32307 585
2072 7143 585
2626 18985 585
3368 5194 585
3412 23383 585
4979 35265 585
5413 18793 585
6335 34429 585
9352 26880 585
9839 27275 585
10320 31246 585
10964 24759 585
14195 41459 585
17362 46711 585
17891 41575 585
19741 28024 585
19831 35602 585
24269 30437 585
32606 44306 585
34656 45268 585
35315 49836 585
38930 47027 585
1178 15114 586
2132 31305 586
2688 7452 586
3393 32518 586
5731 20014 586
8184 19602 586
12366 22254 586
14576 29613 586
15700 22363 586
16164 36836 586
16398 44175 586
16495 46073 586
16772 28324 586
16948 40122 586
19561 40687 586
19789 37033 586
20307 47373 586
24412 46006 586
29078 34421 586
29724 38526 586
32783 42537 586
36040 43316 586
36067 48217 586
36858 47483 586
41960 49970 586
6 48859 587
627 2346 587
786 8822 587
2657 13841 587
3930 31695 587
5114 11143 587
5278 39662 587
5351 32694 587
5865 15915 587
6436 46852 587
9305 27390 587
11838 20447 587
12189 28601 587
12528 19817 587
14733 43113 587
14848 15347 587
15045 47000 587
18117 20989 587
18518 39617 587
20234 40840 587
21890 40789 587
23030 36596 587
23900 38658 587
25722 49001 587
26749 36638 587
27080 27778 587
28674 47975 587
28890 33317 587
30745 48507 587
34611 39941 587
35001 45048 587
37248 44648 587
41657 45624 587
45166 47446 587
396 20529 588
1840 33729 588
2483 9866 588
2980 33029 588
3637 39252 588
6418 38886 588
7287 8167 588
8009 27063 588
8149 42409 588
8458 41152 588
9112 41217 588
9119 33941 588
10171 10177 588
10433 28823 588
11568 18786 588
12310 12465 588
13039 37081 588
13410 39571 588
13672 35993 588
13675 17082 588
14805 47861 588
15429 43228 588
16276 45285 588
16790 43122 588
19370 35540 588
24834 35409 588
25615 27788 588
31735 41668 588
32302 37812 588
39425 39758 588
39723 42922 588
41888 48695 588
357 34764 589
1337 13839 589
2604 10790 589
3562 37666 589
3819 36861 589
4604 38134 589
4916 8349 589
5885 9062 589
6561 35863 589
8514 16478 589
9209 29767 589
10326 16919 589
11415 13570 589
12400 38889 589
18917 26903 589
23079 34477 589
27004 48952 589
27335 35403 589
27561 27677 589
27935 45809 589
31534 48143 589
31687 49909 589
33028 39850 589
33963 46147 589
34201 38463 589
35434 47630 589
36927 43484 589
37221 38100 589
40352 47006 589
179 5058 590
592 8004 590
3161 44185 590
4204 11363 590
5057 22971 590
5688 47306 590
6348 26306 590
6599 47171 590
8289 24150 590
10519 36201 590
12270 18142 590
12716 35902 590
13489 46133 590
14268 35605 590
17740 31821 590
18301 22438 590
23235 24210 590
28593 43022 590
32546 47008 590
40166 46069 590
44166 48616 590
207 7914 591
1301 49783 591
1550 15391 591
2701 29818 591
3049 5130 591
3964 7872 591
4076 38358 591
5467 16385 591
5985 10242 591
6719 25465 591
7062 13132 591
7524 36876 591
8199 48692 591
10576 24628 591
11280 28610 591
13380 30096 591
13393 45091 591
14436 31670 591
14689 33989 591
18664 31922 591
22795 32015 591
29607 43435 591
35684 47558 591
35854 48227 591
36847 47930 591
38374 46622 591
41055 43685 591
42169 48019 591
43809 45560 591
455 40538 592
1395 17878 592
3553 9898 592
4319 33402 592
8334 8536 592
8768 46822 592
8793 24470 592
9016 48991 592
10526 13552 592
13594 44900 592
13831 25813 592
14211 39583 592
16314 17850 592
19291 40058 592
19798 37884 592
20448 21140 592
20885 33353 592
21470 26647 592
23196 34699 592
24140 41513 592
29685 31410 592
801 20871 593
985 9504 593
2410 5356 593
3806 46283 593
5195 15925 593
5376 14786 593
5958 44511 593
5966 49828 593
6033 29962 593
8015 44709 593
9719 12033 593
10723 18166 593
11466 14304 593
13852 36311 593
14041 27509 593
15125 48098 593
15263 45628 593
15273 34200 593
16358 39574 593
16675 46042 593
16744 18636 593
18640 23012 593
21184 49016 593
21232 46089 593
22357 39605 593
23014 47913 593
25087 43055 593
27719 47256 593
31939 36382 593
32047 32453 593
35530 46581 593
41854 47054 593
42676 46326 593
1603 5846 594
2719 7759 594
4836 41051 594
4931 22337 594
5269 14981 594
6248 46304 594
6393 10301 594
7574 32309 594
8219 20664 594
8317 13251 594
8424 33242 594
8612 14834 594
8733 34869 594
8894 11026 594
13343 43702 594
16308 23061 594
21456 44205 594
22419 25613 594
28489 32793 594
29174 48383 594
30918 46165 594
34046 45332 594
360 26309 595
456 3469 595
2680 25306 595
3017 4944 595
3349 18292 595
5017 33003 595
9547 43011 595
10583 23823 595
13920 41656 595
18540 35499 595
19963 40975 595
25503 27590 595
28376 49137 595
28673 44937 595
30000 36179 595
31326 33047 595
31781 44438 595
36617 41672 595
38433 39695 595
1870 19109 596
2759 4819 596
2886 4551 596
3419 18357 596
6436 26232 596
11282 14559 596
11845 15073 596
12954 30663 596
13394 22918 596
17623 33694 596
17766 47011 596
17770 36527 596
18061 47942 596
22593 28063 596
22631 32123 596
24356 40451 596
25172 37580 596
28004 32913 596
28452 44382 596
30616 30626 596
38501 41338 596
39060 40655 596
47850 49330 596
1863 9092 597
2665 37794 597
4273 25832 597
8371 35442 597
8566 40847 597
10752 46882 597
10786 11390 597
11737 24339 597
11822 37882 597
13125 49226 597
13996 21321 597
14583 27539 597
16234 38613 597
17565 42415 597
17896 33060 597
25896 26125 597
26176 26602 597
34481 39752 597
35949 47764 597
38707 44858 597
439 12598 598
1933 13252 598
2172 43907 598
4722 23960 598
4813 26870 598
5641 31949 598
6675 16436 598
8490 24472 598
12396 31592 598
13815 19372 598
14881 30067 598
15636 23449 598
18568 21502 598
22371 33843 598
24519 35328 598
24948 49924 598
25665 39047 598
30098 41802 598
31370 38510 598
31434 44932 598
33787 47407 598
2406 3150 599
2422 2563 599
2431 10973 599
2668 10078 599
3058 33248 599
3700 29004 599
5076 25723 599
6067 15244 599
6531 8635 599
6774 14325 599
7394 8660 599
7925 14742 599
8501 31924 599
9060 11180 599
9273 26660 599
10901 35551 599
12050 49410 599
12657 47535 599
13637 16655 599
19300 35770 599
25405 49915 599
32212 44997 599
35168 46124 599
36083 44786 599
42165 42314 599
31 27343 600
2156 25487 600
2231 19050 600
3016 28778 600
4987 38115 600
5291 48067 600
5608 37365 600
7744 17684 600
7850 49244 600
9273 38227 600
9669 18466 600
9872 47345 600
11862 21616 600
15582 22751 600
18001 36731 600
18795 48100 600
18961 33085 600
21378 47484 600
22113 22769 600
23141 45926 600
24472 28912 600
24485 44340 600
26564 38342 600
30690 39358 600
32199 49297 600
32673 38278 600
37796 40527 600
39211 44072 600
251 34069 601
1428 12319 601
1540 46791 601
3989 4597 601
6247 18708 601
7745 8864 601
9080 39944 601
9884 24273 601
13765 32223 601
15848 24763 601
18228 18781 601
20023 41991 601
20352 47387 601
20461 37030 601
28446 30280 601
35861 42730 601
40527 45069 601
4376 6054 602
4763 32847 602
5850 28858 602
7115 47874 602
7480 49053 602
10049 43146 602
13166 49637 602
16291 33887 602
16402 22995 602
17599 22117 602
19877 23602 602
21644 48373 602
22312 24072 602
22446 25252 602
23076 31575 602
23121 37171 602
25070 27218 602
25513 48577 602
34118 42210 602
37404 45008 602
37787 46433 602
39263 46364 602
40607 47219 602
849 8879 603
2113 43903 603
4064 36663 603
6157 16488 603
6622 13213 603
6892 29248 603
8404 46995 603
9984 19564 603
10355 24913 603
13228 14384 603
13870 21757 603
14771 42280 603
16641 36191 603
16985 42866 603
17203 21656 603
20168 39863 603
21779 40729 603
23815 34116 603
24347 30886 603
24520 26402 603
27678 34195 603
27889 49167 603
28733 32191 603
29530 38426 603
32904 44398 603
36647 49956 603
1613 12015 604
2496 27321 604
4121 29415 604
4815 41687 604
5374 24224 604
5452 46127 604
11712 17483 604
12161 24484 604
13473 17007 604
13613 48674 604
14978 17305 604
15509 33562 604
16123 47401 604
16174 20890 604
19785 47381 604
21320 32927 604
25709 33591 604
26046 27885 604
26181 29520 604
32422 42744 604
33214 46700 604
34069 48330 604
35557 41005 604
37589 44560 604
39360 47116 604
40924 43770 604
483 647 605
1147 13320 605
1807 37187 605
2591 2982 605
2854 34443 605
4111 33541 605
7498 15164 605
9621 19585 605
9814 42306 605
10762 33934 605
12563 40524 605
14500 26907 605
16257 46350 605
17236 29379 605
18569 19122 605
22219 43370 605
23937 33449 605
27318 44835 605
28526 37611 605
29975 37438 605
31456 42374 605
32004 40562 605
32766 36535 605
1359 16574 606
1409 26545 606
1971 21327 606
2303 24727 606
2384 23307 606
4993 16896 606
5272 10683 606
5565 7141 606
6569 21595 606
6644 7668 606
8735 42494 606
9680 20585 606
10711 11211 606
10767 19808 606
11040 14521 606
12070 20654 606
12160 49275 606
12293 45899 606
13451 29710 606
14804 36282 606
15049 20646 606
15626 33116 606
18806 24020 606
26538 37743 606
27551 37173 606
28902 34435 606
29851 49091 606
33387 38960 606
34189 38611 606
34745 47182 606
34885 49744 606
36118 38434 606
38679 47845 606
42503 46020 606
1427 22669 607
2741 6238 607
3230 26319 607
3428 25248 607
3867 26291 607
4575 17969 607
7786 22140 607
8871 25685 607
9870 18015 607
9906 16591 607
9911 11888 607
11853 49944 607
12307 18295 607
17597 43649 607
17960 26347 607
18446 19131 607
19062 43131 607
19627 42740 607
22266 36859 607
24176 27888 607
25902 46127 607
26177 40518 607
26810 39658 607
33310 34954 607
36640 43317 607
488 6406 608
1344 13964 608
1851 9011 608
3062 5916 608
4076 8539 608
4811 28229 608
6209 44946 608
7041 27741 608
8476 18041 608
11444 16555 608
11621 17239 608
13530 28351 608
13904 30607 608
15405 49895 608
15919 35649 608
21018 38670 608
21070 25781 608
21225 35086 608
22308 41620 608
23719 28958 608
26933 38475 608
30392 39088 608
31964 47516 608
37436 37668 608
268 27902 609
966 43146 609
1247 43709 609
1353 19442 609
4007 48249 609
4042 14248 609
6540 40128 609
8450 25869 609
11393 33596 609
12739 34387 609
12778 16428 609
15359 15713 609
15382 38498 609
16867 28281 609
20202 26196 609
21336 23141 609
22766 40452 609
23205 31961 609
23802 34563 609
27111 42049 609
31631 36304 609
33051 44045 609
34254 36032 609
3073 5672 610
5138 31159 610
5149 37498 610
6257 17736 610
8087 21096 610
9082 9176 610
9559 11542 610
9629 47901 610
9787 24807 610
10994 19012 610
11769 40987 610
13897 33805 610
14065 38788 610
14994 40781 610
15144 19261 610
17290 36834 610
19369 36348 610
20658 26485 610
20765 21042 610
22750 28974 610
23488 23828 610
26619 44423 610
28335 43856 610
29844 36700 610
34302 43016 610
34389 35484 610
36930 44353 610
41138 46710 610
1587 39500 611
4339 35443 611
4849 25607 611
5522 6900 611
8672 36379 611
8835 38662 611
9395 15216 611
9722 27234 611
9883 17302 611
10664 13603 611
10927 25549 611
11767 44433 611
13796 23015 611
15885 45824 611
16738 47126 611
18204 45600 611
20395 49893 611
21358 26145 611
21823 45811 611
21850 32087 611
22286 48689 611
27592 31184 611
31403 32687 611
31653 34686 611
32351 37066 611
33544 35712 611
33850 47348 611
1518 12235 612
2171 42323 612
2870 45151 612
6464 29239 612
7361 46020 612
15178 31019 612
16808 16885 612
17638 29128 612
17919 19656 612
18256 19084 612
22606 34738 612
22826 32600 612
24024 27121 612
27604 39917 612
31320 37293 612
33399 46008 612
40318 49648 612
42196 43693 612
1451 18891 613
2952 47624 613
4069 34340 613
4426 6533 613
4484 45114 613
5651 29401 613
7871 39478 613
8667 9776 613
9402 45852 613
9642 40701 613
11147 35588 613
11519 18971 613
12455 29780 613
13940 16528 613
14123 32054 613
14454 38808 613
17613 36255 613
18771 30679 613
20527 33808 613
21430 21702 613
22122 43931 613
24201 42505 613
24459 33411 613
26747 29689 613
28612 33483 613
45406 45550 613
45880 48145 613
628 49911 614
4381 8487 614
4845 5518 614
5246 43363 614
5810 33338 614
6511 43595 614
7061 18982 614
9614 20713 614
9635 15794 614
15100 29508 614
18442 45370 614
20610 28477 614
20618 25343 614
23290 40866 614
26598 37519 614
28822 33405 614
31492 45915 614
31909 40030 614
34461 46104 614
40004 43278 614
45483 48118 614
1107 4138 615
2127 13742 615
3900 47396 615
4411 7104 615
8650 24644 615
9940 26833 615
10561 44047 615
10732 21367 615
15589 18366 615
17276 24680 615
20142 37129 615
21937 49413 615
23687 35156 615
26885 42642 615
44550 44707 615
812 36558 616
2640 11794 616
3359 45402 616
4243 23982 616
6518 20775 616
7710 40910 616
10235 15634 616
18021 18098 616
18739 37009 616
19734 40976 616
22615 24980 616
23380 24587 616
25248 25507 616
25510 47804 616
26084 27083 616
29093 40216 616
31406 42631 616
33336 49652 616
41224 49005 616
45352 48582 616
1687 2148 617
2215 46572 617
3771 40420 617
7128 32535 617
8256 24536 617
10229 34061 617
10358 49103 617
10804 31514 617
12250 15897 617
12962 35301 617
14444 29581 617
14540 29285 617
18658 40549 617
20526 33270 617
20940 32545 617
24722 30806 617
29691 42599 617
37514 37954 617
39974 48154 617
1300 2762 618
4598 29480 618
7554 30356 618
9395 13607 618
9824 35598 618
10750 40355 618
10943 28474 618
11982 36726 618
12562 46971 618
17154 26665 618
21854 38268 618
22674 43468 618
23402 41115 618
23662 48544 618
26404 33186 618
29148 35446 618
29382 46342 618
30512 31592 618
30601 33535 618
36127 44005 618
200 21868 619
1035 12770 619
1680 25891 619
3870 5722 619
4919 48973 619
6544 32511 619
10429 13069 619
12225 23831 619
12382 18694 619
13177 15360 619
15210 22191 619
16375 37434 619
16948 45744 619
21907 24359 619
22538 24358 619
23054 45435 619
23439 30588 619
25079 31500 619
26558 41897 619
27396 35613 619
29954 49806 619
33920 43559 619
703 16264 620
1049 2015 620
1376 14675 620
7565 48772 620
8067 46808 620
8129 16049 620
9514 22477 620
10139 15581 620
12524 45978 620
14192 14530 620
14688 15431 620
15598 44763 620
15830 15958 620
17304 45712 620
17409 22230 620
19095 35508 620
19394 34141 620
19446 22683 620
20434 40546 620
22730 48707 620
27229 37415 620
33257 45865 620
34852 41674 620
42076 49490 620
43110 49248 620
625 49355 621
1055 41697 621
3820 23700 621
4587 48208 621
7078 16097 621
13796 25305 621
14153 24690 621
14714 27057 621
18828 20176 621
18842 47432 621
19340 19727 621
19558 26650 621
23697 29084 621
27703 35617 621
37277 49741 621
37622 42240 621
40558 43356 621
41494 47872 621
42322 49184 621
43094 46475 621
1302 41317 622
1358 43801 622
1546 10468 622
2478 17383 622
2982 43728 622
4298 14232 622
4486 36931 622
6799 25512 622
7905 27319 622
8559 23049 622
9432 34072 622
10254 37566 622
11950 40695 622
19451 22258 622
22286 39546 622
25147 37369 622
25271 26211 622
26071 34084 622
30826 47356 622
40358 40970 622
1481 35730 623
2153 16891 623
4204 27173 623
8109 37985 623
9103 46456 623
9126 38539 623
12675 24704 623
18980 47733 623
19852 39257 623
20127 20292 623
20287 23691 623
20489 48590 623
21905 43089 623
22082 24744 623
24909 45451 623
26303 36199 623
36262 38394 623
37257 45194 623
40919 48196 623
44751 45415 623
1685 6007 624
3072 11435 624
4752 29497 624
6086 36188 624
7367 22284 624
8914 14488 624
9210 20322 624
10006 38702 624
10436 48502 624
13026 13253 624
13179 16345 624
13236 13608 624
14475 35592 624
21752 37990 624
23037 46634 624
23735 42189 624
23982 39596 624
27521 49175 624
28838 41056 624
30332 34571 624
467 6359 625
3109 18090 625
5344 47290 625
5953 8164 625
6260 45695 625
7181 34268 625
9463 31873 625
12304 47111 625
20482 36569 625
20793 39716 625
27193 34673 625
30781 31703 625
31386 40811 625
34266 49489 625
41827 48165 625
42787 46388 625
1479 2839 626
3054 13339 626
4478 13583 626
4491 33208 626
5385 36122 626
6932 7401 626
7585 10880 626
9131 17848 626
10932 21120 626
12051 24441 626
12064 31504 626
19071 27402 626
19759 34386 626
19800 22041 626
20377 33177 626
20393 44050 626
21524 35496 626
23118 47740 626
23729 36291 626
27839 29166 626
29615 29934 626
32173 40167 626
32508 43507 626
45013 46041 626
45503 48168 626
552 42195 627
1231 13714 627
1511 33935 627
2317 15865 627
5905 12483 627
6639 39726 627
6688 48838 627
6973 42643 627
7269 30939 627
7392 33821 627
8376 30673 627
12914 19470 627
16259 18858 627
16523 45369 627
17218 17786 627
17776 44512 627
19560 47453 627
19715 31627 627
24715 27267 627
25521 35646 627
246 5564 628
2537 4392 628
3260 19695 628
5462 28314 628
5930 10680 628
6282 8179 628
7305 25337 628
10315 16023 628
12076 12155 628
14756 22124 628
15273 37285 628
18940 19003 628
19798 42655 628
20780 33044 628
20808 37159 628
23880 36320 628
24102 31172 628
25318 30430 628
27764 37953 628
37266 42402 628
46375 48998 628
111 21350 629
139 20852 629
476 30902 629
1531 27799 629
2876 45878 629
5356 13354 629
8800 19456 629
9197 46274 629
9531 46944 629
12561 15937 629
14278 49309 629
14879 16774 629
15619 28916 629
17231 20101 629
17656 19772 629
22820 30876 629
29776 33259 629
32773 40056 629
1041 22670 630
1053 45949 630
3087 49439 630
4212 10155 630
4399 14794 630
4972 21951 630
5406 31021 630
6953 43877 630
7683 41066 630
9113 32029 630
9569 25471 630
11299 37403 630
12801 25020 630
13287 21766 630
17897 28766 630
18640 37688 630
19639 32769 630
22300 23332 630
22595 49029 630
26019 40150 630
27124 45975 630
27343 46935 630
35763 43108 630
1468 31818 631
2673 42410 631
3036 27021 631
3453 40279 631
3596 28268 631
4067 18653 631
5507 14433 631
6113 38387 631
7052 9330 631
9597 35065 631
11573 13786 631
12261 31422 631
13324 22567 631
20189 43795 631
20548 48933 631
21627 46841 631
30652 37778 631
31571 49600 631
34310 45181 631
35612 38383 631
37297 42800 631
47320 47542 631
7259 47722 632
7396 11665 632
11155 48058 632
13845 35452 632
14662 34471 632
14965 23494 632
15421 33253 632
18238 43314 632
20197 28544 632
20904 39388 632
20990 49179 632
25677 42136 632
28319 37763 632
29889 36342 632
31335 40445 632
31864 35506 632
33937 45673 632
1747 30460 633
6921 8497 633
9836 24461 633
12352 31782 633
13153 47677 633
18040 24972 633
20787 49763 633
23824 28625 633
24001 36257 633
24011 30091 633
26140 45697 633
26405 45184 633
27340 31371 633
28727 36349 633
32102 36503 633
34165 39456 633
37612 39477 633
42074 43916 633
2170 43221 634
7017 44104 634
8548 41508 634
10392 14160 634
11153 32356 634
13953 26424 634
15578 28360 634
16557 35272 634
18307 31911 634
21825 22663 634
25289 43943 634
28937 37244 634
31520 35994 634
32921 41641 634
36598 49630 634
40187 40552 634
42102 49949 634
1060 30172 635
1102 2829 635
1605 15536 635
2380 29483 635
3664 43134 635
4505 15722 635
6190 28670 635
7856 24983 635
9004 36471 635
12948 15294 635
14848 24129 635
17071 45136 635
17625 42529 635
18226 41613 635
19062 24801 635
21364 34801 635
21968 48224 635
22575 31415 635
23421 45792 635
24602 39965 635
27213 46855 635
30344 48372 635
33115 37967 635
35936 42209 635
38000 42736 635
38864 46013 635
40091 41845 635
4364 24663 636
8279 18670 636
9310 26935 636
9421 22882 636
12847 34413 636
15879 19666 636
16544 21765 636
17087 33349 636
18513 37211 636
19043 25861 636
20644 31489 636
22632 33508 636
23837 34290 636
23902 42171 636
24595 35086 636
25644 38695 636
29181 36941 636
31232 39783 636
31871 35547 636
32513 34119 636
32630 36057 636
33482 34772 636
33756 39268 636
34148 36637 636
34552 42626 636
37730 40001 636
41973 42987 636
58 14494 637
371 8347 637
995 18913 637
2494 34306 637
2682 20071 637
3839 25550 637
5692 34453 637
6154 45230 637
6707 8964 637
6973 28926 637
7834 14444 637
7902 31527 637
9475 22795 637
11307 16842 637
12226 30572 637
12425 38160 637
13643 28800 637
15588 19429 637
18690 37640 637
18722 28438 637
18930 28435 637
21102 46674 637
21655 47404 637
22964 46884 637
23955 27749 637
27812 46781 637
29189 40304 637
29384 44775 637
29651 34653 637
30405 48720 637
31464 49332 637
39119 42418 637
170 13378 638
508 9238 638
833 3940 638
1031 29619 638
1957 27130 638
3895 5197 638
4282 28195 638
5702 10254 638
6032 21890 638
6161 9444 638
8837 18416 638
11705 25113 638
12067 46032 638
17906 21874 638
18982 28080 638
20509 49222 638
24476 25780 638
30609 42388 638
32626 46660 638
34271 34957 638
36005 39142 638
36696 37848 638
2666 5183 639
5600 10565 639
9017 13412 639
10002 39691 639
10909 20659 639
11973 23914 639
12447 41022 639
13586 44448 639
15099 21804 639
21646 25335 639
23937 45557 639
24613 34397 639
26619 29959 639
26804 47947 639
28366 31273 639
28468 39136 639
31350 47684 639
35035 37881 639
35691 39394 639
36695 45509 639
40761 44076 639
41696 42854 639
45555 49787 639
97 7611 640
1866 38904 640
5826 13213 640
7214 11672 640
8303 18206 640
12083 30971 640
13215 42579 640
13522 45365 640
15611 45050 640
18546 33492 640
18964 23616 640
20268 29710 640
21427 38451 640
23162 24067 640
28608 36582 640
33223 48830 640
735 40573 641
967 17101 641
1700 5131 641
5032 5302 641
5651 45961 641
7023 9027 641
9937 40785 641
13050 25303 641
13352 45386 641
16455 18459 641
18520 29981 641
19630 45433 641
35758 35832 641
39088 46373 641
40117 46491 641
42810 46458 641
3889 35611 642
6009 17221 642
8975 44192 642
9197 22155 642
9705 43526 642
11728 22939 642
11804 25213 642
13466 47937 642
18989 38071 642
19846 24153 642
20625 22602 642
20733 35402 642
23873 37824 642
24496 29696 642
25501 43452 642
29682 34445 642
31256 47677 642
41680 42309 642
418 38190 643
747 17246 643
1126 26268 643
3069 9094 643
3335 26144 643
4009 16268 643
4114 21403 643
6249 43312 643
6860 26905 643
7795 38988 643
11444 18631 643
12708 40842 643
13002 24454 643
13355 43186 643
15805 21978 643
16226 29291 643
16513 19696 643
16879 30011 643
17211 44542 643
17375 47418 643
18957 27859 643
19816 38967 643
24395 29023 643
27871 28377 643
30270 46357 643
32048 37503 643
39148 46247 643
43367 45433 643
44886 49195 643
3174 43541 644
3772 23842 644
9234 31253 644
10325 25691 644
10468 10556 644
10858 43707 644
11048 11904 644
11783 13500 644
18755 48298 644
20221 44290 644
20565 44545 644
28000 33289 644
28812 38298 644
29279 40812 644
35007 36350 644
38710 38838 644
40877 44549 644
48296 48706 644
617 35124 645
6571 16432 645
6583 36976 645
8345 23250 645
9184 19895 645
9203 17152 645
11321 34455 645
11766 31242 645
11972 45683 645
13621 49188 645
14728 39932 645
15556 24427 645
16060 39328 645
19523 21346 645
19544 47084 645
21425 33434 645
25313 49107 645
26185 44620 645
26716 37247 645
29868 39314 645
30543 32824 645
31869 47635 645
32698 37724 645
43859 49954 645
705 2503 646
963 25729 646
2562 2670 646
2578 12222 646
5453 40577 646
5541 46948 646
6527 12748 646
6533 32553 646
6681 37870 646
8853 46721 646
9662 26375 646
15512 28410 646
16221 16612 646
18778 36867 646
19841 39331 646
20730 41097 646
24741 40143 646
25969 33410 646
33333 37748 646
37029 39521 646
40867 43436 646
253 15058 647
956 25050 647
2559 31084 647
2855 18145 647
3582 39520 647
6900 15169 647
8494 46390 647
9473 10010 647
12508 28104 647
14404 49948 647
14430 26729 647
16275 23357 647
21843 38515 647
21871 41288 647
23770 49277 647
3147 43739 648
4373 24831 648
4503 13362 648
6914 39400 648
8216 39400 648
10691 11607 648
12547 18694 648
12590 34399 648
14459 18497 648
14678 24590 648
15406 28243 648
15571 36085 648
17411 39312 648
18564 39269 648
20254 29297 648
22081 31474 648
33869 41781 648
34140 41681 648
35833 42180 648
120 25707 649
1567 45760 649
2137 35392 649
2277 31752 649
3324 32647 649
10734 31738 649
12225 45280 649
12697 24920 649
13320 28277 649
17482 31147 649
22038 32811 649
25424 35038 649
26344 37973 649
26391 26906 649
29727 32576 649
33645 36261 649
35458 49111 649
40204 41547 649
40310 40443 649
41595 48260 649
122 43545 650
1167 33997 650
2609 12978 650
3963 43423 650
9327 29378 650
9763 35850 650
10687 46173 650
10980 29625 650
11601 38753 650
12023 37906 650
13896 16873 650
15365 42220 650
16352 28103 650
18988 48440 650
22813 34266 650
23103 35174 650
24333 29419 650
25602 44225 650
26660 37753 650
27575 36100 650
32017 36670 650
38100 49073 650
41864 42355 650
43752 44442 650
3478 6721 651
3930 30310 651
5964 36453 651
8839 36750 651
9847 12817 651
13404 19073 651
14046 28018 651
14985 42773 651
15003 48340 651
15164 45236 651
16075 29215 651
17834 44111 651
18589 43608 651
22832 37979 651
24055 39223 651
25365 30196 651
25652 49742 651
1332 43551 652
6884 38427 652
6948 18323 652
8120 47305 652
10620 40716 652
11789 30248 652
15765 48545 652
17638 20493 652
17760 43236 652
17800 18411 652
22196 41171 652
23229 34766 652
23387 28581 652
27003 31847 652
28004 28045 652
28353 32790 652
32090 35537 652
35627 37345 652
36897 43737 652
39 49442 653
771 30933 653
859 23328 653
2683 9921 653
3950 12282 653
7766 39697 653
8080 14554 653
10171 43327 653
10344 34104 653
11208 32217 653
12935 24811 653
17212 46167 653
17236 32387 653
19925 34736 653
23270 37199 653
24143 45446 653
31544 47398 653
31714 44896 653
42123 48584 653
42773 47799 653
5604 34411 654
7441 38888 654
7521 23517 654
8598 30003 654
9114 45911 654
9205 44092 654
9217 27584 654
9853 28484 654
10150 26490 654
10737 26631 654
12255 13919 654
13309 45234 654
14854 16007 654
16788 18816 654
18706 42724 654
19697 28094 654
19893 35045 654
20896 39871 654
21208 34586 654
25478 36399 654
28097 48644 654
28162 47927 654
35486 42217 654
43358 48191 654
312 13418 655
2364 35205 655
3281 40612 655
7113 35981 655
9631 22740 655
11910 21097 655
12343 39298 655
13127 22189 655
13993 15194 655
14658 23428 655
15232 41892 655
16205 33361 655
16781 16948 655
17915 44647 655
18760 23066 655
21910 40278 655
22710 31220 655
27737 39514 655
30108 32923 655
31019 47725 655
40062 44632 655
46645 48604 655
3895 10063 656
5201 20246 656
13096 35831 656
13162 27439 656
19791 22273 656
19859 47527 656
20891 38522 656
22251 26035 656
28548 45987 656
30214 40334 656
35010 38950 656
38259 46744 656
40418 49168 656
1234 4646 657
2791 32113 657
3243 19684 657
4499 5380 657
5149 10701 657
5191 11395 657
5513 28349 657
7751 12991 657
10860 42319 657
15783 48878 657
19605 23384 657
20401 27011 657
21225 35291 657
21396 30695 657
22500 27643 657
27124 33528 657
28558 47957 657
31277 32310 657
62 2915 658
530 11205 658
2355 45655 658
2614 19891 658
3939 48579 658
4629 5068 658
7014 45718 658
7289 14137 658
8803 19984 658
10163 41231 658
16125 35396 658
18128 28820 658
20642 24784 658
21579 32350 658
22153 41949 658
23705 31611 658
25932 48202 658
30839 45336 658
33896 39376 658
1149 26227 659
3260 44217 659
6167 27699 659
6932 14585 659
6989 12227 659
7632 18812 659
8071 31090 659
8900 38125 659
9157 19851 659
10677 26318 659
12244 35366 659
15129 25797 659
20808 41178 659
21368 23699 659
24278 37696 659
28092 28900 659
43244 47168 659
989 33691 660
1257 4656 660
1587 44743 660
2417 44117 660
3709 18488 660
12113 40160 660
12666 19570 660
13004 21647 660
15259 42981 660
17141 32071 660
17370 34390 660
20624 29122 660
21600 45996 660
23758 45988 660
28834 32020 660
29335 40652 660
31268 34874 660
31556 36175 660
32335 47104 660
32888 43810 660
36324 40760 660
36459 41612 660
42022 45591 660
44128 47529 660
595 14475 661
596 11054 661
6816 31488 661
12322 44711 661
13773 36740 661
15374 45405 661
15440 30270 661
15732 47885 661
16377 31973 661
17871 31431 661
18214 28910 661
19974 21625 661
21103 45908 661
21630 34273 661
22262 48295 661
24787 35651 661
26944 40154 661
34218 40535 661
48151 48358 661
3894 4239 662
4760 16094 662
5400 35326 662
8189 11044 662
9424 23438 662
11248 31675 662
13461 39540 662
13968 22513 662
15072 37201 662
15285 49336 662
15578 21026 662
17955 41670 662
19159 36308 662
20658 20921 662
24721 25078 662
28836 35613 662
704 21274 663
1296 13041 663
8172 34296 663
8510 30931 663
9554 37451 663
9974 41227 663
10288 38116 663
11143 28334 663
11261 29334 663
11929 14050 663
12452 41671 663
12941 38306 663
14106 27665 663
15250 28945 663
15718 33676 663
16537 34117 663
18053 27306 663
18228 22450 663
19644 49324 663
21108 21960 663
22393 40404 663
22561 39654 663
24347 42364 663
25750 25941 663
26807 49161 663
26922 35965 663
37486 40958 663
362 1570 664
390 17254 664
1828 27524 664
4994 16155 664
5591 26967 664
6550 47094 664
6947 49930 664
8272 23341 664
8346 36733 664
8732 25841 664
9018 41265 664
12158 49603 664
12915 42777 664
14340 47825 664
15439 36521 664
15540 48501 664
16683 22952 664
16838 20538 664
16891 24893 664
19972 32925 664
22149 39820 664
22794 38099 664
22881 40698 664
26897 31711 664
36301 42752 664
39417 42664 664
44022 45259 664
2356 16729 665
6038 47793 665
6057 22422 665
6263 22221 665
8173 39111 665
10227 16306 665
10606 48956 665
10903 46365 665
12984 25237 665
14453 37982 665
16866 17376 665
18514 29399 665
23753 27355 665
24294 45495 665
25165 34079 665
25960 30509 665
26226 33083 665
26789 29938 665
27875 47122 665
28576 32071 665
29408 40910 665
30636 43594 665
32936 46855 665
34675 43304 665
673 14723 666
16403 26454 666
19567 40256 666
20692 28244 666
21787 22300 666
22737 22987 666
29535 35377 666
29989 39595 666
35416 48636 666
42047 49159 666
828 26912 667
975 10013 667
1094 1320 667
2831 14019 667
3395 11670 667
5316 37602 667
5747 6988 667
5787 23990 667
6152 43133 667
7542 27144 667
8361 28473 667
8687 39402 667
13517 33209 667
15272 27823 667
15356 34832 667
15533 21001 667
15660 24080 667
20641 37101 667
20779 42497 667
24060 27717 667
24375 28030 667
28864 47765 667
31357 35387 667
32665 46064 667
35115 40956 667
42683 45051 667
302 3050 668
2691 4808 668
2714 3265 668
6272 34762 668
6623 10482 668
7024 11972 668
7692 12226 668
8785 13366 668
9689 44760 668
11934 24478 668
14106 30354 668
16998 46859 668
19781 32017 668
21520 42159 668
34355 45791 668
34872 43538 668
36572 43391 668
68 43775 669
146 48856 669
491 19923 669
828 46404 669
2317 6535 669
2845 43656 669
3393 42888 669
4541 8513 669
7173 8226 669
8707 8873 669
11680 38511 669
17428 41145 669
22727 24189 669
31582 46807 669
35149 35492 669
35435 36116 669
37157 38170 669
42492 49962 669
1 49204 670
1483 4067 670
4732 19943 670
6389 25182 670
8874 32806 670
11668 49491 670
14203 47916 670
15849 17724 670
16203 38963 670
17278 41100 670
23843 29823 670
23968 24914 670
25938 32552 670
25938 43246 670
44523 44908 670
1365 4126 671
1548 13217 671
1969 36408 671
5413 20884 671
7708 31368 671
8216 40751 671
14944 25310 671
16280 18762 671
16297 16554 671
21800 29038 671
25584 49511 671
25694 26441 671
31010 47496 671
33469 33607 671
35918 39360 671
36732 49049 671
339 9778 672
4175 14673 672
4877 17309 672
5284 26879 672
5992 14075 672
6776 7281 672
7422 11445 672
10450 16561 672
11994 29317 672
14867 27630 672
17701 24757 672
24925 27228 672
25410 32963 672
31050 35834 672
33454 46569 672
44384 46692 672
1768 41868 673
2796 17982 673
3056 21850 673
3934 38497 673
4415 13775 673
9572 15651 673
10063 22223 673
10187 13478 673
11940 17989 673
12263 23879 673
12717 12998 673
16687 39722 673
22821 23463 673
22940 49564 673
23664 43181 673
25502 41003 673
27370 45759 673
39739 45249 673
1562 22033 674
1892 6169 674
3195 18042 674
4771 38981 674
6601 6694 674
6643 22897 674
8860 45193 674
9433 45437 674
10043 38931 674
12082 31507 674
14614 26702 674
18477 20696 674
23252 26327 674
31208 43524 674
31641 43677 674
36306 41750 674
3849 27322 675
3980 16121 675
6040 7542 675
6128 37894 675
7406 14090 675
9530 34806 675
11566 37923 675
11589 23082 675
12158 37424 675
16248 25747 675
17474 32401 675
22147 41867 675
22272 26463 675
26172 38159 675
26753 49617 675
30424 40852 675
33520 42896 675
37789 46372 675
43440 45727 675
1041 48171 676
2719 12976 676
2923 39639 676
3230 47668 676
4778 27148 676
5129 22656 676
7717 7718 676
8120 18965 676
10234 24988 676
14912 25415 676
15893 21393 676
23358 28955 676
23813 35819 676
26005 44232 676
26544 39189 676
31073 47872 676
33132 38740 676
36554 48662 676
37552 48203 676
44188 48379 676
362 4833 677
2496 10568 677
2825 30841 677
6198 24853 677
8175 29930 677
8176 38323 677
11693 39255 677
14685 44154 677
16192 43285 677
16551 20747 677
22168 22810 677
22265 38482 677
24036 47353 677
32924 49158 677
33122 46973 677
39572 43255 677
39870 42824 677
1704 6893 678
4714 5376 678
9877 46505 678
10518 23504 678
10561 12746 678
10933 48160 678
12341 23363 678
16556 22304 678
24268 31522 678
26387 32850 678
29654 46206 678
31624 42620 678
33610 41593 678
40813 44912 678
40823 44288 678
492 25863 679
4907 22887 679
9507 46977 679
14103 15528 679
15481 20037 679
17695 37616 679
18240 44561 679
19922 47790 679
23296 47634 679
26688 28804 679
993 5641 680
5284 47442 680
5454 47134 680
6459 46134 680
6597 32478 680
7010 38908 680
9047 41898 680
15273 22982 680
21309 31873 680
21661 38454 680
23043 33910 680
23322 41858 680
24356 42606 680
24448 25328 680
27351 37391 680
27977 41038 680
28435 49153 680
36938 40900 680
2086 37367 681
5459 17355 681
10099 29926 681
13282 41460 681
19366 19806 681
26740 38506 681
28831 42428 681
30759 38425 681
35346 49118 681
1005 1380 682
1414 28152 682
2701 29469 682
3637 9801 682
3968 44993 682
4396 25924 682
5039 13923 682
9603 40739 682
12352 25603 682
12864 18440 682
14679 16046 682
16110 20673 682
17585 18730 682
18230 32766 682
18384 28120 682
21127 49468 682
21218 49320 682
25677 45471 682
26496 34369 682
28497 35595 682
29888 34406 682
44275 46144 682
1538 22701 683
2172 48503 683
4670 13428 683
7172 25735 683
10832 13590 683
11046 14682 683
13621 49134 683
15877 38832 683
18684 39765 683
21214 47309 683
22092 32347 683
22276 47573 683
31016 32430 683
32569 35861 683
34710 48601 683
41090 49031 683
392 15519 684
2405 28302 684
7406 10833 684
9502 36082 684
20484 47843 684
24584 38984 684
25136 37668 684
27971 37506 684
30799 36203 684
31270 47775 684
34410 37068 684
745 20913 685
798 3463 685
2172 35921 685
6023 6043 685
8915 21622 685
9120 47531 685
14969 39519 685
15569 39443 685
15682 33243 685
16618 20132 685
20067 31700 685
24110 42421 685
27500 36729 685
29991 48457 685
34105 42190 685
37016 38489 685
8101 17127 686
14171 28293 686
25281 28784 686
25851 30088 686
28923 45242 686
29159 45647 686
30759 41710 686
31026 37966 686
44180 45641 686
4015 26502 687
5661 44955 687
9953 23072 687
11083 24378 687
11679 22174 687
13004 29145 687
13449 21842 687
14815 16968 687
18503 23356 687
21156 34746 687
22000 41469 687
31671 39551 687
4485 26926 688
4542 16973 688
7089 30191 688
7528 19940 688
10056 39977 688
12612 16428 688
18693 23658 688
20305 33820 688
22954 42118 688
31815 38424 688
32211 37888 688
38950 45826 688
42776 48850 688
85 20814 689
1496 47788 689
2163 2730 689
2462 8138 689
3099 45632 689
4673 31958 689
4737 6557 689
6360 18755 689
7816 12313 689
8679 21263 689
12453 28933 689
14204 40349 689
14822 32638 689
16220 19218 689
16267 16755 689
17949 33778 689
26164 28371 689
28970 40093 689
34770 43694 689
35958 39903 689
204 12951 690
803 16134 690
2987 8052 690
6278 18856 690
8731 27730 690
12635 22261 690
13119 26865 690
15949 46217 690
18032 35923 690
21326 41235 690
21707 33027 690
23775 26480 690
26477 46138 690
28225 47316 690
31477 38932 690
37258 49408 690
40073 49143 690
3259 11988 691
9094 29098 691
9722 35978 691
9827 22527 691
11619 29096 691
12197 47754 691
14150 15454 691
16438 41759 691
16938 42999 691
17510 22979 691
19683 20419 691
22237 35783 691
22281 43296 691
25787 34642 691
32647 40912 691
37257 40944 691
909 42932 692
3433 12613 692
3509 46315 692
3895 18972 692
8160 25681 692
9497 23091 692
11547 48855 692
19437 45831 692
19514 33148 692
22876 23037 692
26743 33458 692
30432 33888 692
2350 25360 693
5419 38382 693
6311 12067 693
14516 14748 693
19422 29879 693
20950 22101 693
21867 34430 693
22910 37578 693
24230 33560 693
24770 26205 693
31202 32092 693
33267 49417 693
37165 39003 693
257 17071 694
279 2254 694
734 7020 694
2366 5628 694
4459 5650 694
6367 29374 694
16691 45183 694
19449 26591 694
20753 38651 694
24895 43614 694
24977 37011 694
30284 49292 694
33104 45674 694
33366 39635 694
37834 40180 694
40559 48870 694
1985 11317 695
2176 2252 695
6084 7528 695
6232 24851 695
6364 30585 695
8274 17743 695
11805 34355 695
11979 48760 695
16705 19141 695
23607 24160 695
36449 41511 695
41158 42677 695
1011 22306 696
1750 17072 696
6581 11676 696
8492 10593 696
11607 48675 696
15476 34544 696
17305 28843 696
20587 46820 696
20788 23326 696
23737 35661 696
27667 39752 696
28507 47343 696
32768 42573 696
32849 46900 696
33620 44000 696
46690 49075 696
154 33921 697
219 3448 697
920 3554 697
1011 6601 697
4472 9506 697
5478 45435 697
11618 42685 697
12610 47508 697
18055 44646 697
30275 47085 697
31258 44241 697
92 15862 698
672 38172 698
1094 7328 698
1189 29757 698
2499 46002 698
4213 29917 698
5879 41309 698
8020 16589 698
9584 42577 698
10447 28398 698
13045 35692 698
14993 49394 698
15729 48688 698
19584 25245 698
24537 47780 698
27211 28922 698
34666 44986 698
43836 47807 698
940 22293 699
1058 30051 699
2098 33329 699
2211 10219 699
6020 27103 699
8309 25964 699
10114 33682 699
10978 35212 699
11178 31362 699
15457 27544 699
15653 26342 699
15783 44548 699
17739 47310 699
19417 29152 699
22306 49981 699
25053 33462 699
29641 42330 699
29836 31725 699
2325 49495 700
4668 44513 700
7952 45937 700
11807 16702 700
12084 17923 700
12758 32024 700
20742 30969 700
21183 37900 700
23060 27857 700
25627 40986 700
25745 36088 700
26893 40363 700
27256 40629 700
27591 49906 700
28990 47961 700
30621 34999 700
590 9041 701
2037 17435 701
3342 20798 701
4732 21164 701
5973 15962 701
23873 26380 701
24065 38671 701
25606 31539 701
29831 38422 701
32497 41749 701
34551 40208 701
35977 37432 701
780 12147 702
2005 49949 702
3892 16714 702
5119 7729 702
8099 38770 702
8329 14752 702
9553 22209 702
9666 46330 702
11220 13952 702
12227 30943 702
16111 33642 702
17504 18259 702
18169 31560 702
19143 36470 702
19189 26448 702
21219 30735 702
25022 38293 702
28252 36071 702
29865 39245 702
40309 48515 702
3359 36196 703
5149 48950 703
5514 39625 703
10400 22341 703
13458 36161 703
14561 49824 703
15827 48849 703
16817 17617 703
26743 38903 703
29981 43566 703
31206 36359 703
35402 48826 703
1596 39302 704
2543 3360 704
3563 28506 704
9664 39839 704
10308 47539 704
10386 19409 704
11358 42192 704
20938 28963 704
21465 27485 704
25699 47933 704
29140 47567 704
29350 44062 704
38882 41544 704
684 40926 705
3962 37456 705
3998 4511 705
6546 26506 705
7624 28206 705
9283 34693 705
10126 27571 705
12401 27205 705
15884 41220 705
17763 22994 705
23263 45226 705
23270 24209 705
24736 36632 705
28075 34248 705
29950 37740 705
33193 40548 705
42831 49852 705
1984 3243 706
4298 30298 706
4397 10412 706
5385 35330 706
8639 19057 706
9000 46226 706
10454 32867 706
13613 18245 706
15360 34574 706
19216 48283 706
25186 41123 706
25576 33522 706
33108 46142 706
33845 47835 706
43349 49082 706
163 2792 707
1318 28078 707
1490 47869 707
4590 24291 707
4910 11059 707
5523 7301 707
6200 13272 707
8201 9853 707
10966 37968 707
15198 19957 707
22565 47893 707
23458 31548 707
24596 26657 707
28555 30982 707
29106 40899 707
29165 33680 707
30177 37343 707
30523 48599 707
31478 37281 707
33950 40907 707
43877 46902 707
635 19830 708
1438 2096 708
1846 40227 708
2801 30776 708
5425 19766 708
6017 47724 708
6661 15448 708
10287 17489 708
10460 18008 708
12222 38533 708
12504 37194 708
18298 20591 708
20445 26480 708
22321 27869 708
24964 34106 708
33903 39391 708
34000 45057 708
36308 47400 708
176 12018 709
2029 27593 709
3501 3789 709
3567 46924 709
5860 46055 709
8107 22385 709
9597 21110 709
12640 47072 709
14491 26002 709
19504 23998 709
20574 39269 709
21716 38876 709
21733 45278 709
23995 25081 709
25185 30177 709
25227 45715 709
27866 43783 709
37284 45858 709
39769 49301 709
43342 44696 709
46359 47961 709
48232 49461 709
900 18771 710
3627 7942 710
3886 27545 710
4417 14840 710
10477 48976 710
14410 20498 710
16283 34876 710
19529 22789 710
22210 23957 710
23310 30362 710
24501 41468 710
26902 28341 710
32105 37845 710
37283 38072 710
46582 49350 710
2670 37413 711
5673 17811 711
6891 37687 711
8032 31919 711
9178 23587 711
10286 12174 711
10519 20418 711
13447 16522 711
14471 25908 711
15399 23007 711
16646 23937 711
18268 36912 711
24666 32685 711
40080 41628 711
339 43790 712
582 17026 712
2117 22067 712
6845 40873 712
8385 36292 712
13563 22634 712
15382 26725 712
19542 32066 712
20457 39841 712
22462 34387 712
22530 23127 712
24094 38726 712
25498 26838 712
26180 45242 712
27656 42698 712
29957 38007 712
30006 42849 712
32202 37645 712
34021 44966 712
37903 43769 712
1936 45493 713
5019 9091 713
6909 26224 713
11475 33357 713
12008 44264 713
13426 42114 713
20599 25892 713
35660 45023 713
38994 47119 713
1640 10404 714
3598 10257 714
4532 35494 714
4566 18447 714
7555 25588 714
9028 30948 714
10000 49551 714
10293 33468 714
10887 41030 714
13122 26407 714
15255 40911 714
24224 33438 714
26000 29972 714
26213 36385 714
28970 44069 714
1832 40078 715
9754 48286 715
10254 43995 715
10426 49120 715
12802 19617 715
13772 16185 715
15644 34922 715
16612 30870 715
19921 38550 715
21519 47662 715
23876 37210 715
32553 45504 715
39859 41358 715
46904 49082 715
486 8581 716
1646 1980 716
3510 45859 716
5732 16201 716
6453 35667 716
7690 16405 716
9605 25483 716
10119 27638 716
19601 37663 716
20394 26344 716
21018 47234 716
21711 36236 716
21943 37124 716
24035 48252 716
25498 34744 716
27847 37925 716
28878 48012 716
32085 45465 716
32523 44891 716
40339 46394 716
46489 47332 716
2596 49766 717
4505 14328 717
7318 39643 717
8159 16173 717
11313 40135 717
11986 32339 717
16429 42831 717
16755 19993 717
24095 32079 717
25890 26716 717
31258 39251 717
34907 42615 717
852 8261 718
4994 29466 718
6460 19294 718
9607 32815 718
10023 30297 718
10157 12493 718
10527 34365 718
12150 16630 718
12438 35374 718
17638 34426 718
18388 24573 718
22484 32390 718
26981 27896 718
27125 36143 718
37751 40611 718
44318 44470 718
947 24445 719
2374 15458 719
3255 40521 719
7145 7833 719
21292 35527 719
21313 30993 719
25252 25342 719
25296 32293 719
29986 43469 719
35377 47601 719
36940 38185 719
12724 33773 720
14050 18657 720
14255 16295 720
15378 30692 720
19604 37991 720
19788 47380 720
23606 35259 720
28931 37835 720
43307 43620 720
957 10296 721
4530 15260 721
9721 18243 721
14161 47944 721
18798 43937 721
27690 28629 721
28467 31850 721
30479 32735 721
32789 41534 721
34789 46819 721
38903 41819 721
43682 45311 721
85 4359 722
1288 13018 722
7811 13323 722
14982 36460 722
15872 43728 722
17876 46930 722
18480 46155 722
21359 21946 722
22011 23597 722
24084 36465 722
32598 33542 722
34438 40210 722
36271 48252 722
37922 48456 722
44564 47448 722
1904 12188 723
1931 36128 723
5426 23334 723
8610 27743 723
9649 28817 723
9710 26266 723
12830 13318 723
13406 37632 723
34423 42214 723
39258 39899 723
586 44381 724
1435 42725 724
2341 7691 724
3769 33770 724
4276 17716 724
5785 36169 724
6097 27441 724
9019 33201 724
9426 38666 724
10073 24864 724
10195 38300 724
12364 21560 724
19658 23500 724
20320 41156 724
27877 49474 724
32860 36239 724
35605 44269 724
22 9368 725
564 30438 725
5566 13351 725
7040 49222 725
9182 27736 725
9274 9817 725
10476 22735 725
11179 30241 725
12150 26511 725
14394 48723 725
17641 22902 725
20324 37201 725
5578 46263 726
7004 45661 726
10277 26876 726
10425 40160 726
10586 42429 726
10827 28742 726
12335 16321 726
12534 15562 726
14784 46148 726
17063 19082 726
17090 32612 726
19497 22943 726
26978 43323 726
29774 38906 726
31979 49383 726
35104 48577 726
36032 47463 726
42616 47384 726
2439 35414 727
3884 6008 727
4010 46845 727
4145 34768 727
5680 40146 727
6494 9224 727
10645 17529 727
13401 31193 727
14184 42424 727
15399 18453 727
15952 44998 727
16920 40115 727
18976 23472 727
22897 35016 727
23755 32056 727
24255 45671 727
26137 43976 727
29081 45474 727
30867 42402 727
2102 37001 728
3748 42787 728
4526 7360 728
5084 33362 728
7813 17570 728
10161 15436 728
10413 27267 728
10727 17912 728
11226 16931 728
15122 23371 728
18185 23887 728
18731 30998 728
21185 41660 728
23363 47434 728
23875 40225 728
25275 36135 728
31268 42600 728
33817 39413 728
38754 48282 728
40087 47728 728
40462 45752 728
736 1084 729
1431 19194 729
3865 11227 729
4002 21206 729
4265 28526 729
7024 17044 729
8088 34942 729
8800 34294 729
10812 44586 729
17712 41550 729
19163 33765 729
19534 36009 729
20983 29976 729
21643 31528 729
25611 46381 729
26725 36644 729
30020 45990 729
30026 31603 729
33553 45344 729
35696 42903 729
38281 42648 729
40996 49038 729
43225 48626 729
2023 6715 730
2591 10970 730
4524 6232 730
4941 49704 730
6816 13369 730
9171 10450 730
9448 19184 730
11454 19958 730
13450 26222 730
13550 26052 730
15704 41083 730
15763 33752 730
20101 36499 730
23577 49757 730
24176 24589 730
24521 27450 730
28373 34712 730
29204 41806 730
30655 48425 730
33241 39385 730
1347 42963 731
2354 6783 731
7399 43696 731
17373 30884 731
17494 28236 731
17723 45768 731
17932 39421 731
20832 23001 731
20885 37798 731
22123 42723 731
24212 29198 731
28457 42036 731
30370 41093 731
30622 36017 731
36185 44636 731
42432 48259 731
4910 6051 732
7064 35432 732
8004 31223 732
9843 17329 732
11397 47982 732
14213 18938 732
16955 43178 732
22595 29414 732
23755 47716 732
23789 40693 732
25484 29249 732
31484 47979 732
31961 33918 732
4947 32678 733
8630 44731 733
10036 31200 733
10138 37737 733
18473 37849 733
4442 4626 734
6361 45158 734
6797 7114 734
20699 35549 734
22917 36926 734
23786 29462 734
25334 46559 734
34517 39910 734
435 13086 735
4918 32145 735
5744 44766 735
11753 28794 735
19735 41818 735
26068 34854 735
461 32745 736
851 28144 736
3574 6796 736
8175 11611 736
9656 32942 736
10133 28941 736
13561 18177 736
15232 29946 736
16499 39703 736
21102 39260 736
21131 37847 736
22561 35937 736
22604 31748 736
25886 32747 736
28524 36510 736
28752 43851 736
30630 40343 736
34970 47628 736
35814 37368 736
5116 27801 737
12025 19880 737
12503 41087 737
14319 42489 737
18368 40734 737
20394 37944 737
23537 45341 737
31189 35064 737
34381 41579 737
37878 39422 737
39286 48915 737
42577 42697 737
43414 47674 737
47721 49842 737
49038 49445 737
1371 29572 738
2171 9045 738
5968 28462 738
7064 46960 738
10900 15412 738
13791 24004 738
15746 36395 738
16641 38653 738
36158 38185 738
2805 5577 739
3462 6548 739
4144 22558 739
13058 30431 739
18201 45553 739
21776 22375 739
23180 46096 739
26102 31370 739
35215 36554 739
35919 44691 739
2640 26546 740
3083 31027 740
3570 22912 740
7482 40803 740
8000 18108 740
10135 37328 740
11588 38635 740
12659 36223 740
14421 17469 740
25029 27903 740
25216 26960 740
25566 28730 740
29600 31386 740
36628 37618 740
38326 40499 740
2991 26633 741
10372 20714 741
10528 19759 741
16000 31160 741
17239 34893 741
17759 19708 741
18055 37130 741
19065 31413 741
20068 23435 741
23087 28950 741
24866 42920 741
35019 42853 741
40419 43050 741
44569 47920 741
45018 46417 741
2591 9287 742
3650 42521 742
3873 46636 742
12604 49052 742
20149 21061 742
22424 33002 742
23293 38685 742
28611 32284 742
30115 38155 742
36805 39472 742
39309 47062 742
3239 34279 743
4161 29532 743
4922 18174 743
12798 31720 743
17195 47947 743
18202 39833 743
21428 48585 743
21755 27430 743
23505 38030 743
29068 31982 743
30234 37981 743
37014 45614 743
43894 47715 743
44915 49173 743
1842 18760 744
5038 8625 744
7519 23281 744
8436 16254 744
12779 23377 744
19317 43665 744
25658 28636 744
29796 44797 744
32141 36261 744
44520 46332 744
48288 49760 744
140 820 745
2563 31524 745
2657 19959 745
3585 10619 745
3980 36725 745
4813 37938 745
5354 39602 745
8803 23151 745
9954 35919 745
10367 23701 745
21060 41648 745
22406 49528 745
23606 34826 745
34889 47196 745
41441 44172 745
1596 25646 746
2087 25624 746
3526 44677 746
5605 36084 746
5731 24278 746
8300 49285 746
8427 28301 746
10631 36639 746
15056 46789 746
17681 23945 746
22394 40567 746
23995 28376 746
26092 29449 746
1585 10488 747
3097 20123 747
3275 39401 747
5978 46245 747
9096 42973 747
10136 20416 747
10428 26730 747
11509 42785 747
13099 30981 747
16657 40051 747
16676 43049 747
23154 27080 747
46838 49609 747
1274 27070 748
3300 9328 748
6112 20866 748
7476 46546 748
11267 23525 748
13162 48641 748
14149 49839 748
22597 35754 748
35575 42494 748
39684 48186 748
40162 45800 748
1962 41842 749
7177 40528 749
12332 25480 749
15444 22680 749
17517 20846 749
18238 44543 749
18250 22767 749
20758 25064 749
22154 27698 749
22972 38090 749
23523 45177 749
25024 39081 749
26209 32111 749
43866 47234 749
165 21258 750
6064 8285 750
6260 12741 750
10855 16759 750
13655 14960 750
15402 23692 750
15853 43651 750
16709 48233 750
18246 48337 750
18448 43704 750
19527 36315 750
20201 36888 750
25482 37102 750
32355 43557 750
40134 45287 750
783 44476 751
7711 34147 751
9946 48226 751
15958 42235 751
18197 30442 751
22347 47042 751
29561 30617 751
34991 44006 751
621 37312 752
2342 48699 752
3062 10899 752
4624 10478 752
5238 12810 752
12135 19454 752
15656 20083 752
16631 20749 752
18996 34865 752
22961 48974 752
30927 38349 752
33070 39132 752
35127 46245 752
1992 41866 753
2019 45622 753
6898 14949 753
8750 18840 753
8779 28790 753
14782 18682 753
15236 26299 753
15565 24009 753
16157 34871 753
20059 35577 753
22503 24671 753
22871 32207 753
30507 35346 753
32115 40772 753
39192 48780 753
2761 9111 754
3815 25055 754
6250 40909 754
10390 26550 754
18122 48481 754
20045 42951 754
21439 28208 754
27562 35440 754
28708 34011 754
30751 43892 754
34833 48965 754
35453 47706 754
37941 45022 754
46514 46814 754
3059 6336 755
3634 38267 755
5362 29196 755
6582 25091 755
6982 43513 755
7047 12189 755
7327 35419 755
11581 12764 755
12457 42116 755
13379 15988 755
15840 30417 755
19129 19467 755
19418 35530 755
22694 35782 755
25471 40915 755
38025 46785 755
1711 44483 756
2288 34107 756
3862 22864 756
9065 35493 756
9233 31856 756
10154 19978 756
14276 45452 756
17091 44446 756
17948 40410 756
22729 28328 756
27356 46057 756
31019 31449 756
19 3583 757
140 40932 757
2205 17059 757
4755 19396 757
4927 27289 757
9045 29288 757
11215 39147 757
15059 24361 757
36195 41184 757
39675 46022 757
40931 48625 757
1853 36772 758
9098 40421 758
9966 37785 758
10435 25184 758
14772 24100 758
16200 40016 758
18176 23515 758
21291 39496 758
25746 33156 758
27556 35023 758
28649 35567 758
29874 30732 758
35803 47024 758
1891 15517 759
13592 48631 759
14125 14569 759
17443 41431 759
23123 31692 759
25029 32053 759
28442 43064 759
35034 48795 759
39245 43497 759
47018 49327 759
471 23362 760
840 21475 760
4078 20980 760
4266 31694 760
4358 18270 760
6404 39012 760
6604 21998 760
10465 48234 760
11162 43734 760
18149 31822 760
19451 40606 760
22713 38324 760
24708 43751 760
26016 47247 760
26048 37585 760
28366 49432 760
1047 25071 761
2723 27191 761
4809 49876 761
8301 44509 761
18080 35717 761
19378 24095 761
20295 38866 761
21688 41106 761
24218 44538 761
31827 43934 761
33701 48071 761
34555 43611 761
227 35331 762
2005 10830 762
2078 35186 762
2381 22415 762
3309 41233 762
4329 41985 762
7372 27925 762
7465 43897 762
16774 45331 762
21712 23802 762
38419 48932 762
41858 46994 762
5196 17702 763
8926 22819 763
9844 21753 763
15194 18146 763
16252 21716 763
27057 32524 763
28117 39227 763
3849 46457 764
4021 47544 764
7576 27790 764
11899 24659 764
12085 49329 764
18839 45726 764
23858 42034 764
889 15077 765
3526 18768 765
3952 49643 765
7714 35125 765
16464 18910 765
17603 29568 765
18393 47572 765
31069 49090 765
31502 48130 765
32357 41631 765
34035 46054 765
37659 40677 765
771 48060 766
2545 4572 766
3609 14429 766
4687 25920 766
7131 10739 766
9271 45536 766
12075 26618 766
13207 31061 766
20188 30315 766
30064 46578 766
31937 35235 766
960 33783 767
1678 15523 767
2805 38378 767
6031 45001 767
8231 48241 767
9069 15869 767
16246 16638 767
18282 24183 767
19336 29294 767
37379 44022 767
38694 39356 767
3178 11872 768
10204 11755 768
11469 46345 768
12518 27445 768
14107 24875 768
15063 30040 768
15791 27887 768
20958 32114 768
22573 40627 768
32554 34891 768
33246 49947 768
34604 46582 768
35484 46667 768
35644 37042 768
41848 44862 768
138 414 769
2417 36412 769
3619 27056 769
7274 45838 769
12772 22858 769
14244 26613 769
14306 34934 769
16294 29784 769
20594 33312 769
22851 48594 769
24168 41224 769
28579 36956 769
98 8225 770
4983 34961 770
6034 39650 770
6076 20731 770
6192 45372 770
14014 15051 770
19079 42500 770
23595 36680 770
42239 46064 770
3034 39880 771
10851 21927 771
12448 33693 771
19742 48757 771
27006 47205 771
33434 40855 771
44959 45403 771
4596 43219 772
11836 46158 772
20570 49000 772
21512 41580 772
26143 33110 772
26847 47863 772
38426 40928 772
4266 40336 773
16777 45002 773
20452 29289 773
23654 42081 773
32996 41741 773
34060 38932 773
275 31003 774
1112 15590 774
5987 15525 774
8775 26018 774
9716 11697 774
10035 49657 774
10906 44555 774
11338 13374 774
17906 19211 774
18105 18508 774
21107 25884 774
21959 46725 774
25811 39971 774
26323 41694 774
33485 45612 774
38106 48120 774
224 12157 775
15720 44081 775
16171 24838 775
20729 26370 775
24439 35952 775
28693 34167 775
9554 14986 776
12278 45805 776
13658 40363 776
38417 39192 776
2142 16446 777
3665 22467 777
4168 43567 777
6009 28023 777
19812 43552 777
23620 41709 777
24287 24625 777
25986 49765 777
27150 40734 777
33986 38953 777
39964 40167 777
4020 20726 778
4403 42256 778
5208 38920 778
16064 24304 778
20730 27581 778
23321 26066 778
24539 29231 778
29147 40645 778
31686 41789 778
902 49261 779
1415 3740 779
4764 35855 779
6787 18147 779
7289 23379 779
7649 43603 779
8072 9812 779
8781 13007 779
17696 22850 779
18359 43455 779
19842 40088 779
22610 47242 779
24206 40450 779
30925 31965 779
2693 5032 780
3993 35807 780
7931 17115 780
20771 26982 780
21587 23711 780
23643 45397 780
25229 47325 780
30444 37890 780
32037 44316 780
33436 43116 780
35771 44056 780
36591 37024 780
41266 48441 780
307 21516 781
1595 45540 781
1961 49441 781
24466 43578 781
37068 41395 781
389 7527 782
8109 19547 782
8358 40760 782
11313 13023 782
11375 20766 782
16897 31742 782
17670 44361 782
18983 33462 782
22617 39606 782
25259 27938 782
25340 43120 782
30421 41939 782
31327 41226 782
35326 46587 782
35701 48150 782
46254 48818 782
973 25509 783
2284 19552 783
2656 42940 783
8433 10563 783
14433 24165 783
14760 48227 783
18021 37099 783
20976 31065 783
22165 47561 783
23723 47578 783
35132 45556 783
38993 46171 783
39921 45041 783
8246 29847 784
10749 35721 784
18853 23341 784
19013 44135 784
22786 33954 784
27792 38634 784
31609 40453 784
1272 13334 785
3010 31884 785
7189 30989 785
11780 37428 785
24660 30422 785
30811 35725 785
602 5704 786
1272 47605 786
2290 47912 786
5161 25032 786
6559 31154 786
9415 43867 786
19175 22531 786
19257 43218 786
21939 22190 786
22925 30346 786
23496 41196 786
25848 46067 786
28837 33421 786
31395 34253 786
531 7803 787
2761 18205 787
8362 45604 787
12527 46356 787
34353 46466 787
38316 40511 787
945 44356 788
9421 45938 788
10995 47699 788
16306 38055 788
16561 24475 788
19236 29667 788
25511 46419 788
25741 35997 788
26064 42091 788
27429 39127 788
27529 48091 788
38373 49027 788
3471 9403 789
3832 29505 789
10020 24817 789
10459 18611 789
14526 47909 789
15681 45911 789
18500 31987 789
33247 39680 789
43569 49469 789
557 31362 790
680 11366 790
5525 16496 790
6014 12967 790
14663 49419 790
18237 39912 790
20868 23580 790
24559 28394 790
28955 34482 790
31831 39952 790
32263 36415 790
32351 33779 790
33752 35098 790
38630 48436 790
14350 32456 791
15293 33656 791
19334 35826 791
34464 37145 791
34494 49996 791
38073 49862 791
3958 31740 792
11632 16069 792
11761 46676 792
12285 20205 792
13117 19380 792
14717 46494 792
14813 23639 792
18078 20073 792
21039 39182 792
22020 27344 792
24046 34146 792
32530 34283 792
1450 33004 793
4034 4524 793
5292 20843 793
13005 45074 793
17768 22755 793
20550 39900 793
20742 25206 793
22459 26037 793
22572 27802 793
32025 47058 793
33224 40376 793
35219 36393 793
3587 6312 794
6087 38297 794
6839 34610 794
14002 31872 794
26685 46036 794
26686 49795 794
30596 36068 794
42634 43267 794
8582 47486 795
9930 19291 795
10569 17554 795
10960 11308 795
19193 45753 795
35183 37501 795
550 574 796
1768 26091 796
1782 7311 796
8171 14418 796
9065 41124 796
10931 37521 796
11410 38357 796
22534 42317 796
24045 43901 796
28621 41561 796
31324 31718 796
31423 47573 796
38887 39448 796
3351 4651 797
5551 36472 797
7282 11097 797
12594 49458 797
13255 31754 797
14972 42587 797
24071 40545 797
32097 36053 797
33306 38666 797
37040 38377 797
42217 43215 797
1876 3226 798
2267 13200 798
8351 49749 798
11026 31445 798
13836 14698 798
18556 46450 798
19338 26236 798
23060 47747 798
23952 46005 798
37034 42808 798
45688 47093 798
736 28139 799
2884 6597 799
10513 35662 799
12414 27766 799
12435 28119 799
14436 47717 799
14928 34065 799
16233 17280 799
19729 36138 799
24868 29047 799
25654 38477 799
27114 42986 799
32662 44406 799
4725 42556 800
7473 10753 800
13646 38836 800
17199 48611 800
19058 20607 800
19645 20129 800
25794 31508 800
38848 45431 800
39116 48729 800
669 22689 801
5007 43387 801
9254 45205 801
12878 45815 801
20286 30956 801
22580 34921 801
29961 38089 801
33111 38715 801
37184 49885 801
2249 35110 802
8658 13972 802
10632 15456 802
10789 35748 802
13105 21273 802
13529 27574 802
14158 24229 802
18812 46645 802
20183 26492 802
21701 33204 802
30183 33223 802
33384 43156 802
1988 36473 803
3556 25767 803
4770 27722 803
9550 23743 803
16248 47545 803
18215 36514 803
22761 38953 803
22836 36089 803
33261 47421 803
38198 41059 803
1164 40254 804
1469 8877 804
3042 30955 804
7651 19672 804
15897 34334 804
25357 40241 804
33146 45216 804
808 33564 805
2089 4027 805
2798 46114 805
9249 35258 805
10806 21160 805
29191 31127 805
6309 36439 806
10391 48271 806
13385 19094 806
14938 27763 806
16880 24881 806
17118 46370 806
20692 30027 806
23101 34687 806
27660 30772 806
43579 45730 806
7426 25598 807
19770 25773 807
20840 36771 807
30640 49438 807
34572 42340 807
37378 49985 807
4327 6376 808
12089 42353 808
13223 33451 808
13460 41859 808
13499 39123 808
15230 35936 808
26162 31101 808
34603 44547 808
42265 45357 808
1702 24657 809
2058 28901 809
8658 49401 809
13594 39366 809
13879 24074 809
18806 26315 809
24659 38737 809
25074 39891 809
30250 30994 809
30691 40634 809
41597 44890 809
4146 30762 810
5402 11836 810
11649 16353 810
12110 26284 810
18565 29855 810
21943 32502 810
23636 39205 810
24837 39679 810
31858 47361 810
46869 47727 810
5242 11022 811
14094 22554 811
15896 26236 811
20339 28278 811
20970 42276 811
24699 34838 811
25293 25568 811
30013 46694 811
33501 47068 811
34261 34827 811
34386 39730 811
5913 24586 812
7673 8659 812
8823 49153 812
36440 46387 812
38125 43405 812
3900 45039 813
5194 48863 813
7679 25260 813
7987 22489 813
11330 32382 813
21191 27604 813
24882 27211 813
25766 34657 813
25840 40010 813
1505 13902 814
1697 3708 814
1948 44058 814
2023 7655 814
3589 11833 814
9444 25548 814
12439 42874 814
15032 22253 814
18763 44588 814
20336 26910 814
27182 32613 814
27451 28306 814
30113 37726 814
38481 40072 814
29 24826 815
2330 9118 815
4282 30372 815
4403 9556 815
7749 48713 815
10554 39071 815
10704 17252 815
11624 47537 815
12487 30878 815
14305 22010 815
18802 37499 815
20100 39286 815
23535 23909 815
24067 35276 815
25944 34386 815
36227 43899 815
39455 40064 815
350 25706 816
8634 25636 816
8848 20462 816
10063 33622 816
16620 24011 816
27314 48598 816
32354 32407 816
39972 41429 816
42789 48721 816
3436 7443 817
5001 36415 817
7605 36914 817
10401 35247 817
11799 41548 817
16432 23626 817
18213 22298 817
20583 30733 817
38594 46683 817
2898 26578 818
3908 34530 818
4002 37286 818
6266 23730 818
11595 31817 818
17611 29026 818
21813 47144 818
45102 48049 818
11888 38943 819
16423 24510 819
17437 46195 819
17732 44835 819
19257 28734 819
38083 41792 819
418 4858 820
2700 12007 820
3584 41127 820
5513 8093 820
9083 34196 820
10443 26570 820
11967 15734 820
17124 33106 820
20124 33634 820
29280 39763 820
30624 33193 820
32527 47301 820
38223 46937 820
43400 44736 820
44049 48783 820
44503 45443 820
1585 35077 821
5523 5530 821
7260 14173 821
10873 34219 821
12395 23604 821
13078 33564 821
13956 18879 821
14325 23495 821
19471 32172 821
29527 48810 821
75 20501 822
504 12115 822
7078 49800 822
9410 36498 822
18127 30834 822
18745 49574 822
22451 35362 822
1193 6495 823
4013 17705 823
6083 28616 823
6354 28369 823
16331 47491 823
16576 26425 823
22731 46758 823
1030 11099 824
7685 31276 824
8428 21252 824
10911 45421 824
13534 39986 824
16471 40625 824
1860 32044 825
8627 24354 825
9361 15661 825
11115 24946 825
13531 29284 825
15132 20753 825
16725 26032 825
22903 29541 825
26516 34323 825
36344 47823 825
38346 40493 825
40218 40283 825
45910 46680 825
5016 14049 826
5541 33686 826
6068 13337 826
12372 44113 826
15326 38391 826
16449 46784 826
22255 30305 826
24285 40461 826
46122 47217 826
691 39920 827
6961 8125 827
10649 32423 827
11620 29205 827
32162 42100 827
7699 48424 828
10662 46894 828
11314 23609 828
13534 49759 828
16384 42160 828
18903 38132 828
39392 40425 828
39722 46661 828
1114 31835 829
7825 25935 829
12032 21435 829
17891 38366 829
18042 38961 829
32658 33891 829
34897 47732 829
1360 23038 830
2484 27882 830
3159 4962 830
5693 15433 830
7721 35985 830
7916 26029 830
42120 48880 830
43780 45854 830
1561 25866 831
3692 23385 831
12737 43781 831
18144 34725 831
31717 32017 831
275 16753 832
844 40179 832
6185 20064 832
10336 27405 832
11173 28254 832
16582 33440 832
16964 40460 832
777 7393 833
4743 5517 833
6092 13029 833
6519 29068 833
6530 39924 833
8378 10974 833
9044 37869 833
9861 11172 833
17991 34923 833
23092 37546 833
28327 35649 833
39588 41086 833
43459 45897 833
9117 43434 834
10584 39079 834
12929 13499 834
15643 16691 834
21121 32189 834
27980 32692 834
37455 40311 834
4907 18661 835
11774 34402 835
12178 42749 835
16562 16718 835
27068 46197 835
33266 35299 835
37477 47575 835
6622 42191 836
17806 25811 836
28493 43960 836
32214 37377 836
1954 31129 837
2260 47347 837
5658 9973 837
10394 40389 837
12549 21700 837
19523 48866 837
30880 48083 837
32280 48756 837
41711 47209 837
911 32412 838
2691 32778 838
7621 25683 838
10009 34415 838
13187 13976 838
13389 43478 838
14116 36230 838
15497 22017 838
18541 31399 838
32545 34655 838
35535 46284 838
8269 18165 839
8678 36854 839
14706 27543 839
15948 32295 839
22810 39439 839
23273 38141 839
40531 41940 839
1279 3882 840
12370 37330 840
28965 43201 840
5004 43213 841
5232 35489 841
6745 12882 841
10657 18113 841
13571 36780 841
17725 48297 841
28725 42546 841
6888 21357 842
7200 35552 842
12665 47169 842
16514 40510 842
17192 22743 842
20686 41166 842
23231 26908 842
28198 29150 842
37067 41293 842
40715 43008 842
3872 29587 843
8900 14540 843
9253 11646 843
13539 23013 843
14135 40202 843
14497 44664 843
15705 45165 843
17100 33549 843
47 11094 844
2950 31059 844
4762 15593 844
13956 40013 844
20033 42229 844
20684 26507 844
23700 37570 844
25116 30212 844
45322 45337 844
1627 32933 845
1662 19998 845
2256 34463 845
3514 8154 845
4755 21799 845
6825 12322 845
10693 47581 845
16007 19404 845
17424 36933 845
18969 29921 845
24095 47354 845
25254 27972 845
28152 46189 845
29863 39334 845
8450 22078 846
10271 16938 846
12010 37457 846
15912 49780 846
19884 26606 846
23618 35616 846
11646 21909 847
18302 27608 847
21000 24767 847
21822 41415 847
26263 48403 847
26820 49688 847
30682 34680 847
326 48051 848
3061 12849 848
3963 13548 848
5687 32458 848
7798 42507 848
13784 38287 848
16252 30526 848
22664 36238 848
24008 46545 848
35859 49176 848
869 18851 849
3087 8256 849
6674 38741 849
6899 35371 849
7157 24401 849
16042 34495 849
24905 30773 849
45559 45591 849
46513 46615 849
1154 41758 850
3660 38440 850
9347 27177 850
10506 48484 850
10680 33082 850
12829 36044 850
12881 30073 850
18187 23765 850
28150 34159 850
43211 46208 850
736 25597 851
7993 17840 851
8946 31983 851
21819 49421 851
25006 34673 851
28559 32934 851
29334 40977 851
30812 49033 851
31262 40284 851
45496 46591 851
11112 48091 852
12221 21416 852
23721 29464 852
29240 40291 852
32183 41935 852
32834 37808 852
990 28590 853
4694 5616 853
6014 26963 853
6718 9512 853
6725 28067 853
8176 29961 853
20077 32785 853
24101 46955 853
29252 32023 853
40798 45157 853
1660 27909 854
3122 25497 854
4881 10981 854
6493 30090 854
9554 49936 854
10462 45566 854
26739 39188 854
27192 35087 854
28193 35321 854
30325 39570 854
532 13620 855
852 16277 855
3350 7990 855
6476 12099 855
16597 23916 855
23262 32300 855
25422 40583 855
28452 38852 855
33513 39339 855
33878 43011 855
37545 40555 855
37978 42774 855
5287 12415 856
9165 18659 856
13273 27624 856
25707 39559 856
330 46416 857
542 48199 857
3374 38731 857
11413 39099 857
20621 42532 857
25319 40766 857
26270 40302 857
27562 38011 857
31081 46867 857
1314 18684 858
10897 34161 858
21255 39262 858
23722 42617 858
26871 37109 858
29865 37873 858
30058 46696 858
30082 33975 858
8656 41473 859
11211 21168 859
16450 24718 859
21637 22024 859
23910 37104 859
23948 34585 859
26622 40832 859
27808 33074 859
6253 42674 860
11165 33328 860
17255 19152 860
23481 45765 860
26782 33032 860
28372 47385 860
39716 40083 860
40810 46869 860
8273 20346 861
13290 14992 861
32045 39892 861
6120 30513 862
10009 32239 862
12883 13426 862
20099 32236 862
21749 47279 862
29410 43743 862
29428 30002 862
35485 46607 862
6064 25630 863
11724 43127 863
13544 35643 863
16512 46193 863
17745 27466 863
18451 27155 863
21807 36298 863
23919 35018 863
25717 27789 863
26232 30909 863
27419 31733 863
31597 48715 863
43006 48480 863
45399 48221 863
390 39138 864
1219 27948 864
2791 14360 864
5180 35928 864
24417 36720 864
28971 37329 864
31697 36984 864
1160 15147 865
2817 41679 865
4615 26818 865
11002 27276 865
11901 20981 865
12343 14606 865
15417 27421 865
30233 48798 865
2198 9936 866
3511 25504 866
12778 49842 866
13292 14941 866
13764 24519 866
14262 15810 866
15656 45515 866
31445 40551 866
44051 48941 866
3594 46880 867
3892 17198 867
7613 30484 867
22717 40201 867
23019 44780 867
23414 27687 867
29151 30704 867
34456 47241 867
4311 17870 868
5070 10514 868
14643 30483 868
25190 49284 868
32362 33865 868
852 1921 869
11075 47037 869
12514 34375 869
20184 43040 869
33353 36355 869
33994 36695 869
1724 15830 870
8467 22398 870
13636 41652 870
16370 27959 870
20122 47711 870
24642 32384 870
1018 28122 871
1620 3270 871
3400 30832 871
23540 39106 871
26156 29874 871
31263 35938 871
39802 49943 871
1514 42231 872
3167 32483 872
11716 17894 872
15790 28487 872
21079 43088 872
26563 39565 872
34998 43518 872
3704 12148 873
9020 49972 873
14392 18366 873
14517 21296 873
25541 38624 873
36562 47514 873
37372 41972 873
896 10742 874
1393 35455 874
4274 17191 874
6931 9730 874
9255 25394 874
9896 34366 874
10359 24462 874
14312 18922 874
15683 23564 874
17739 43570 874
26072 44606 874
26769 39670 874
36585 37935 874
1343 41261 875
6936 34297 875
8011 12537 875
8448 28213 875
8461 43364 875
10463 30985 875
18497 40601 875
29853 34627 875
40581 43010 875
1196 20703 876
2760 12977 876
5157 39855 876
8330 36904 876
21005 37393 876
33673 38035 876
2164 36986 877
4118 8714 877
7181 33795 877
8311 46910 877
18483 22175 877
25046 47622 877
36141 46306 877
3027 21636 878
12920 13894 878
19777 21730 878
24091 25038 878
26541 33646 878
44545 48913 878
3507 33943 879
8835 27069 879
24571 43121 879
30639 33404 879
47 1329 880
4677 42729 880
19625 37675 880
28561 44216 880
271 39349 881
3286 31137 881
4311 40813 881
5631 44291 881
5991 25669 881
10442 13308 881
12369 25005 881
12430 12836 881
15022 24544 881
15449 18865 881
16904 29915 881
24150 33859 881
114 21938 882
6638 12831 882
19066 47755 882
25523 32944 882
46056 49154 882
2701 41787 883
5604 14526 883
11884 12792 883
27112 32004 883
31411 46250 883
35139 36217 883
1579 24850 884
7817 18596 884
9834 30760 884
10294 42682 884
29429 30970 884
1454 15607 885
5096 32702 885
7314 11315 885
11969 26376 885
12813 49598 885
13177 18496 885
15317 42970 885
20372 22748 885
30264 34541 885
4761 18669 886
7994 44796 886
13112 40519 886
21968 47513 886
32775 48231 886
35646 46640 886
10067 15697 887
12237 23490 887
15111 33151 887
17852 24057 887
23955 45266 887
24002 34535 887
25884 32034 887
1443 9943 888
1910 48770 888
2418 5977 888
5125 5749 888
18030 33220 888
29915 49009 888
35723 39291 888
45416 49917 888
1412 8197 889
5344 39541 889
7511 22425 889
14692 17081 889
16283 46034 889
28215 42236 889
2910 8906 890
3263 11437 890
6205 35095 890
11696 12962 890
13341 28198 890
20359 30072 890
22876 34015 890
24926 29446 890
33608 40387 890
327 21846 891
843 22635 891
6933 11051 891
23532 41067 891
24565 40352 891
26628 29363 891
7907 26389 892
16718 31660 892
33299 48781 892
6267 12421 893
9443 14030 893
12336 49255 893
15462 16572 893
34168 44964 893
40048 40879 893
10597 20408 894
18753 20503 894
20191 38745 894
22194 23490 894
29403 32420 894
65 43875 895
5430 47123 895
6231 29943 895
20618 37874 895
23457 26543 895
45893 48848 896
952 2059 897
1734 41624 897
2506 32563 897
5353 23788 897
5355 32837 897
6759 7512 897
37003 48770 897
324 16062 898
8564 22942 898
12140 29949 898
14115 36546 898
18557 42649 898
24031 34935 898
32908 36641 898
38311 46432 898
312 42359 899
1727 8230 899
5986 9760 899
7955 23444 899
30257 45803 899
40974 48305 899
1189 2447 900
5678 48319 900
10247 17210 900
20179 47419 900
21696 24735 900
35064 42143 900
4578 46178 901
7302 25631 901
14551 46405 901
21506 25761 901
31233 43625 901
19493 41784 902
21305 49573 902
24651 45742 902
88 12679 903
3830 9604 903
4495 38211 903
11866 13329 903
11988 45407 903
12701 43591 903
19184 24021 903
20592 44004 903
14384 40053 904
17483 38787 904
24423 24500 904
39127 47108 904
4704 7991 905
12296 25805 905
13123 22545 905
13349 20223 905
13937 25734 905
19738 45701 905
20286 48185 905
27875 33486 905
30426 39174 905
724 39538 906
5199 10781 906
20983 40316 906
27794 28087 906
35603 44179 906
47940 49638 906
10082 49062 907
25349 30825 907
4891 47565 908
5516 21997 908
12954 28361 908
17463 32850 908
25337 32413 908
27342 49046 908
4393 25933 909
7249 8466 909
10012 22414 909
13561 45941 909
21911 27033 909
6878 48136 910
9896 26523 910
35415 49247 910
814 45042 911
4076 22199 911
5790 30610 911
12310 37926 911
15179 26968 911
43112 47519 911
5545 43176 912
5910 26608 912
18300 29448 912
19372 34179 912
29604 39940 912
31627 34905 912
33112 39095 912
38148 42070 912
1295 39882 913
4112 20469 913
4158 30164 913
9964 19947 913
18156 46554 913
20622 32820 913
31310 42297 913
1118 35018 914
6246 44389 914
7002 21816 914
17015 41863 914
17404 42686 914
24996 33439 914
1633 24608 915
15501 29143 915
22574 29311 915
40180 49250 915
954 45293 916
1420 40384 916
4913 8088 916
20444 37385 916
21211 40663 916
24732 47125 916
25783 45481 916
42549 43315 916
1589 23812 917
16688 44098 917
16949 31914 917
21753 35263 917
38707 46444 917
39696 41456 917
1715 34354 918
40016 45726 918
16534 21131 919
18573 27041 919
33694 44772 919
898 46853 920
1282 49030 920
2223 30729 920
14497 24555 920
20189 37802 920
23592 36179 920
31710 47427 920
2701 8574 921
5649 14016 921
12402 17170 921
22629 33755 921
35842 36746 921
7261 18087 922
7644 7659 922
9961 25276 922
39531 43284 922
2284 16756 923
3401 9945 923
5900 7837 923
8049 9581 923
11639 34551 923
19702 33200 923
21240 41606 923
25163 34817 923
25549 26616 923
27747 34795 923
31603 40344 923
580 11263 924
7894 40794 924
9809 45229 924
14175 27327 924
21802 26177 924
22361 33793 924
1901 6415 925
7299 15416 925
8012 29331 925
18379 35288 925
19451 44035 925
34962 44625 925
40424 48359 925
2209 41504 926
6374 34137 926
10386 18433 926
12596 44894 926
13927 46140 926
21156 39021 926
21329 21776 926
22950 30146 926
24750 43881 926
1198 18703 927
17506 42308 927
20655 37433 927
31314 39459 927
1065 9415 928
1992 8071 928
23328 49580 928
25724 41764 928
5945 18240 929
7891 12145 929
26081 34566 929
27979 44527 929
38462 45900 929
928 21299 930
1390 47820 930
2440 44211 930
9622 27358 930
10071 36034 930
19180 47185 930
23761 49310 930
24210 48691 930
527 8469 931
9394 25529 931
10105 49977 931
19414 39666 931
21137 27558 931
23534 36949 931
24984 33724 931
31700 45439 931
3832 4679 932
6634 17481 932
20206 44678 932
21101 28388 932
46689 49813 932
7101 14729 934
7653 8881 934
12247 27089 934
37802 47088 934
7981 14169 935
22094 37463 935
23664 34719 935
2454 6921 936
2770 13773 936
8374 19968 936
24470 35879 936
38568 43724 936
1044 15343 937
6490 16959 937
7239 8569 937
22546 48039 937
30241 33358 937
40341 43662 937
22312 38101 938
27140 34924 938
27654 31962 938
33402 42783 938
39018 40637 938
2716 36165 939
4283 27347 939
30708 36857 939
35232 35756 939
38395 43792 939
2865 31513 940
3767 43812 940
9538 17928 940
16098 23656 940
36715 37299 940
3323 47441 941
5061 35092 941
14095 32926 941
25832 29074 941
29978 47179 941
527 20637 942
1007 1510 942
17120 23717 942
21761 36424 942
22810 27442 942
178 31457 943
2775 46095 943
3865 48778 943
24787 31826 943
25137 35243 943
35900 48371 943
921 29797 944
4816 45173 944
6475 29666 944
9083 40059 944
9539 40880 944
10610 18034 944
20865 48776 944
22077 24468 944
39924 45255 944
478 20378 945
553 10533 945
21601 47703 945
25025 28359 945
30230 45764 945
31739 43498 945
33297 40928 945
12018 16760 946
13186 21950 946
20103 46547 946
15354 40307 947
32143 48326 947
10297 44840 948
12044 28035 948
16997 42381 948
18211 41187 948
5156 16422 949
6452 8543 949
11246 32030 949
20317 47700 949
38227 48875 949
922 36101 950
12185 41521 950
15536 34487 950
29086 33786 950
37736 41912 950
42416 45761 950
1560 8744 951
3277 12029 951
10811 11452 951
45731 49200 951
18096 22109 952
20958 32959 952
32287 42720 952
33406 38340 952
840 7608 953
1822 13058 953
6240 10446 953
10777 19066 953
1870 29929 954
11342 21248 954
12589 42321 954
14909 19779 954
28370 41439 954
4771 45119 955
10637 30767 955
17596 45436 955
21662 46862 955
26383 34112 955
30923 34813 955
38645 39027 955
40209 40943 955
47040 49676 955
6783 25093 956
10020 42604 956
25195 36996 956
15631 46196 957
21474 27886 957
6525 45298 958
8101 44789 958
19108 41129 958
31164 38875 958
818 5556 959
7780 45562 959
19468 49541 959
22184 28769 959
22674 37242 959
26615 40124 959
3269 45823 960
6404 44834 960
14405 35468 960
22128 44918 960
327 9750 961
4456 41255 961
8696 36991 961
16210 26296 961
22969 49292 961
24084 25828 961
1480 21147 962
20586 40828 962
36986 38192 962
37377 42921 962
28304 44606 963
3817 4141 964
4434 48183 964
21817 26194 964
29359 36135 964
1666 3123 965
4891 11518 965
14441 27298 965
19757 46033 965
28682 38131 965
47134 48394 965
819 49357 966
11012 20236 966
11443 41130 966
24472 36218 966
24956 38031 966
44411 48214 966
8976 25928 967
13001 40100 967
28797 34647 967
5717 20634 968
9520 34786 968
26183 29606 968
32945 43331 968
2653 19375 969
7196 34616 969
39965 48471 969
6964 16722 970
9097 40282 970
14522 30468 970
16110 43386 970
41983 42908 970
15208 15341 971
21446 22059 971
30093 39367 971
39857 44445 971
4188 7911 972
11114 24075 972
2984 46958 973
4651 18520 973
9601 25897 973
19349 32737 973
20659 21886 973
3314 23381 974
22527 45329 974
44231 48126 974
3475 10980 975
8780 32205 975
19607 23618 975
20093 29016 975
25011 45327 975
27225 46309 975
30107 49148 975
35274 48698 975
42530 44619 975
3401 5540 976
10424 17106 976
15651 24025 976
35357 49861 976
41350 46723 976
42873 49655 976
2440 27064 977
3785 17390 977
30176 42436 977
2237 47397 978
9581 11113 978
11748 37646 978
18789 32660 978
34954 46579 978
9303 15755 979
28041 41234 979
1712 13837 980
3416 21914 980
7400 40052 980
11188 35591 980
18744 38148 980
7438 27954 981
13307 40507 981
15354 42071 981
16344 44934 981
36756 43864 981
39548 47078 981
1537 34182 982
5576 14760 982
7670 10728 982
10040 48711 982
20460 35253 982
4824 30814 983
15484 25719 983
41688 46116 983
43044 47719 983
5951 34637 984
23090 29781 984
1950 44170 985
1890 20226 986
5523 22333 986
5841 22808 986
27834 30631 986
33370 38535 986
10596 12727 987
10680 12768 987
12242 24002 987
91 8383 988
5076 16030 988
8480 43555 988
32490 37469 988
213 24840 989
18757 39515 989
25043 42518 989
6052 46493 990
8514 35766 990
24447 40108 990
28861 38979 990
7250 18409 991
22167 26638 991
42005 47996 991
5493 26428 992
7371 48574 992
12157 36838 992
19505 44388 992
33975 40346 992
577 11461 993
2002 31761 993
2239 48573 993
29425 35594 993
1783 19091 994
2678 16451 994
7338 43975 994
35446 38750 994
20113 45711 995
42029 46630 995
42788 43334 995
1660 27632 996
20879 37084 996
33699 43787 996
22672 29179 997
8068 39774 998
11086 27493 998
27034 45482 998
30061 34327 998
1604 13971 999
14169 30866 999
44134 44960 999
5388 40287 1000
7845 24833 1000
17445 26090 1000
24724 26846 1000
Total MST weight: 14362765
Execution time: 72.0809 ms
