Algorithm: Kruskal's MST
MST edges:
2 8 1
133 5592 1
209 4499 1
474 3113 1
495 2635 1
760 7665 1
831 9218 1
1011 7596 1
1077 9447 1
1193 7480 1
2061 3557 1
2310 5689 1
2609 8880 1
3021 9469 1
3560 4037 1
4219 5932 1
4596 5596 1
4665 9141 1
5950 7427 1
6970 8751 1
7620 7802 1
9773 9886 1
103 9592 2
288 4781 2
482 5095 2
692 8010 2
844 2417 2
1084 1197 2
1100 3526 2
1159 2405 2
1315 1668 2
1608 6199 2
1735 5258 2
2082 2132 2
2171 2989 2
2454 6745 2
3040 8613 2
4192 4241 2
5791 9095 2
7030 7783 2
7212 7232 2
449 1715 3
512 5354 3
1094 8853 3
1455 4145 3
1618 5650 3
2210 8417 3
2380 3174 3
2940 5804 3
3647 6567 3
4418 7956 3
4611 7772 3
4828 5842 3
4934 6302 3
5673 6909 3
5975 6188 3
6002 6524 3
6671 9414 3
131 459 4
734 6096 4
771 1058 4
1268 6842 4
1288 4960 4
1361 1515 4
2033 9307 4
2599 8706 4
2867 5298 4
2882 5332 4
2902 9850 4
3219 6845 4
5409 5986 4
6217 9973 4
6505 6756 4
8432 8501 4
180 7431 5
234 3933 5
355 2949 5
365 5111 5
422 2022 5
620 1676 5
825 7916 5
872 1585 5
1497 8941 5
1642 2986 5
1717 4588 5
1883 9261 5
1957 2808 5
2546 5797 5
3151 9330 5
3569 4570 5
4319 9069 5
4808 6094 5
5168 9159 5
5394 7579 5
6649 6821 5
7174 7864 5
7242 7515 5
7297 8350 5
8408 9460 5
14 4044 6
22 364 6
517 6849 6
654 6420 6
833 8132 6
1065 2009 6
1337 6483 6
1546 1666 6
1602 1777 6
1709 4077 6
1836 3698 6
2425 4097 6
2927 8751 6
3357 9538 6
3536 4558 6
3885 9746 6
5229 9411 6
5343 6401 6
5704 7004 6
5827 6673 6
7865 8460 6
8549 9103 6
8578 8792 6
67 8194 7
135 6571 7
367 390 7
459 1448 7
465 1030 7
776 6034 7
1111 1391 7
1171 1578 7
1629 2015 7
1712 6627 7
1822 7719 7
2435 2647 7
3035 5691 7
3398 4221 7
3987 4222 7
4331 9240 7
4380 6380 7
4973 8977 7
5942 7158 7
7186 7527 7
7206 7224 7
348 1521 8
867 2183 8
921 4129 8
1097 3081 8
1240 1632 8
1318 8037 8
1425 4308 8
1569 7094 8
1597 2065 8
2161 7545 8
2383 6651 8
2559 3577 8
2887 3002 8
2934 8532 8
3153 9477 8
3835 7579 8
4560 4835 8
5018 6884 8
5025 9338 8
5637 5665 8
6458 8025 8
176 4587 9
353 3581 9
838 2192 9
1057 2263 9
1523 2086 9
1665 4570 9
2105 8535 9
2184 3878 9
2400 7938 9
2515 4272 9
2709 5729 9
2842 6995 9
2920 7618 9
3079 7089 9
3645 9528 9
3737 4448 9
4340 5058 9
4733 8467 9
5689 9597 9
185 587 10
374 8950 10
429 2137 10
837 6199 10
876 2123 10
1725 6971 10
1952 2413 10
2252 3959 10
2278 6686 10
2473 3410 10
2872 2889 10
3349 6780 10
3520 5788 10
3805 8906 10
4549 6476 10
4549 8554 10
4876 6433 10
5149 9839 10
5246 6833 10
5333 6506 10
5903 7993 10
7544 9484 10
8294 8662 10
614 5611 11
884 1487 11
1304 2620 11
1426 3688 11
1645 9569 11
1940 2029 11
1998 7229 11
2136 8602 11
2315 8068 11
3859 5740 11
4513 9782 11
5008 6186 11
5085 7750 11
5178 9012 11
5242 9278 11
5471 7214 11
6261 6781 11
180 8692 12
710 5863 12
1021 1233 12
1048 1419 12
1377 7207 12
1464 2324 12
1668 7839 12
1718 9704 12
1765 2883 12
2528 2661 12
2581 3297 12
2848 5767 12
3129 7424 12
3139 7087 12
3178 8308 12
3320 8819 12
3386 7963 12
4297 9953 12
4787 5603 12
5077 5176 12
5816 7866 12
6520 8111 12
6533 9546 12
6550 9990 12
8423 9311 12
7 3515 13
25 98 13
96 6777 13
150 3524 13
163 4998 13
212 339 13
306 447 13
453 7653 13
591 7438 13
830 3485 13
844 2926 13
1217 3572 13
1461 5267 13
1512 7070 13
1861 2412 13
2341 8910 13
3544 5992 13
4091 4614 13
4207 7923 13
6519 7992 13
7272 9062 13
37 454 14
255 968 14
370 3993 14
662 7251 14
852 7614 14
1695 9029 14
3057 9633 14
3082 9665 14
4950 9196 14
5551 8416 14
5666 7096 14
5791 9524 14
7277 9627 14
16 9839 15
103 5251 15
248 1453 15
370 842 15
717 4835 15
1079 1447 15
1443 3220 15
1633 6320 15
1893 3918 15
2151 2208 15
2313 3514 15
155 2133 16
421 1494 16
774 790 16
815 1127 16
1141 4880 16
1963 2249 16
2289 4713 16
2680 5564 16
2762 4957 16
3350 4867 16
3558 8071 16
3754 8426 16
4312 4523 16
4557 7798 16
4758 5837 16
5325 8815 16
5631 7575 16
5733 6761 16
6491 8803 16
7939 8802 16
9460 9928 16
80 2810 17
161 6215 17
410 7933 17
566 3129 17
614 5891 17
1091 2958 17
1120 3245 17
1136 4592 17
1228 7263 17
1264 6051 17
1320 1534 17
1688 5836 17
1956 7465 17
2077 6054 17
2118 5659 17
2288 8064 17
2302 3012 17
2622 8396 17
2935 4093 17
3223 4418 17
3716 8253 17
4138 5279 17
4284 9570 17
5092 6744 17
5435 7947 17
5711 6433 17
6327 7743 17
7581 9976 17
7802 8720 17
41 645 18
273 601 18
350 9028 18
449 7467 18
1447 9811 18
2230 9218 18
2863 8395 18
4518 6434 18
4549 9878 18
8149 8247 18
56 3323 19
59 6546 19
128 980 19
435 1471 19
462 1894 19
620 6449 19
1161 4333 19
1272 4461 19
1544 6121 19
1723 4116 19
1729 7565 19
1737 7067 19
1890 2062 19
2198 8904 19
3383 4446 19
3476 6174 19
3698 9294 19
4142 4220 19
4530 5228 19
5145 9932 19
5817 7175 19
5837 6133 19
6028 8934 19
6381 7428 19
7771 8912 19
124 471 20
269 1336 20
402 426 20
432 996 20
559 9038 20
812 9119 20
1024 7671 20
1050 5994 20
1885 4384 20
2051 3719 20
2129 2408 20
2195 3666 20
2239 6120 20
2311 9241 20
2459 9113 20
2503 6254 20
2616 3406 20
2962 5237 20
3006 4459 20
3064 8163 20
4135 6441 20
4243 8587 20
6798 9291 20
7020 7965 20
8187 8254 20
444 730 21
776 1208 21
871 1044 21
1253 8643 21
1460 5369 21
1658 6847 21
1710 3732 21
1783 4497 21
1829 3511 21
2185 7526 21
2406 6192 21
2830 7857 21
3651 5776 21
4089 7849 21
4751 4936 21
4975 5892 21
5088 5306 21
6163 8536 21
6191 9468 21
300 6127 22
666 8839 22
1411 8581 22
1447 1457 22
1476 8404 22
1621 3544 22
1656 2160 22
2110 3833 22
2212 5431 22
2497 8249 22
2604 3416 22
3170 6128 22
3664 5736 22
3967 5917 22
4280 5602 22
4450 7406 22
5060 5832 22
5536 8350 22
5600 6765 22
5840 6175 22
6617 9299 22
323 5584 23
422 3735 23
439 808 23
841 2313 23
1002 4430 23
1178 2205 23
1269 9175 23
1740 3545 23
2246 4915 23
2391 6465 23
2636 8703 23
2658 3456 23
2819 5279 23
3568 7470 23
3576 8978 23
4059 5773 23
4248 8488 23
5655 6377 23
6942 9532 23
74 122 24
85 8048 24
186 2299 24
218 1276 24
515 9324 24
1224 4886 24
1299 1468 24
1455 5754 24
1603 2095 24
1824 2402 24
2239 2823 24
2842 3374 24
3103 5640 24
3280 6944 24
3289 7813 24
3391 6315 24
4370 7743 24
4849 8619 24
6281 8795 24
7696 8356 24
195 6103 25
293 854 25
399 1614 25
432 521 25
490 1256 25
649 1458 25
784 2351 25
1344 5350 25
1510 2503 25
1680 5751 25
1688 3105 25
1795 4044 25
2482 5795 25
2524 9442 25
2664 7063 25
2805 9186 25
2884 3807 25
4258 9354 25
4321 9094 25
5737 9594 25
7532 9726 25
7861 9314 25
16 9397 26
51 2189 26
71 1340 26
190 295 26
719 8754 26
842 1320 26
1085 6038 26
1735 2069 26
1748 8446 26
2020 2368 26
2054 4259 26
2369 3903 26
2479 7198 26
2624 4259 26
2651 3589 26
2865 7096 26
2869 3563 26
3283 5349 26
3289 3361 26
3295 6809 26
3538 4955 26
3558 4481 26
3715 8677 26
4906 7729 26
5250 8478 26
5580 7937 26
5882 8890 26
5931 9752 26
8648 9430 26
10 45 27
108 2805 27
570 1083 27
822 4788 27
1522 9724 27
1752 9678 27
2262 6139 27
2606 8327 27
2621 5801 27
2651 7899 27
2711 8985 27
2893 3283 27
3512 9949 27
4550 6662 27
4902 6287 27
5436 7498 27
5739 8644 27
5924 8897 27
5969 8369 27
6932 7499 27
143 7238 28
403 1861 28
444 1969 28
558 8066 28
738 2708 28
1233 1683 28
1296 3500 28
3648 5350 28
3904 8325 28
4102 7303 28
5213 6055 28
5372 7210 28
5530 8599 28
6541 7132 28
6556 9414 28
7373 7557 28
4 237 29
299 6362 29
644 4495 29
645 872 29
879 6698 29
1290 7929 29
1598 6463 29
2140 9231 29
2155 9128 29
2529 3014 29
3136 4383 29
3187 8308 29
3224 3453 29
4278 7133 29
4495 6740 29
6494 7970 29
6573 8560 29
8941 8964 29
56 1427 30
256 2957 30
273 5981 30
344 1869 30
769 6952 30
1062 2778 30
1128 1594 30
1637 4648 30
1725 7791 30
1968 9320 30
2153 4997 30
2258 6086 30
2668 5613 30
3220 8232 30
3865 6169 30
4800 4926 30
4926 7235 30
5046 8812 30
5558 7439 30
6685 7818 30
6871 8550 30
7437 7930 30
78 975 31
116 125 31
927 8940 31
1153 6708 31
1225 5900 31
2229 7826 31
2484 2564 31
2893 7566 31
3505 7091 31
3674 8341 31
3806 6083 31
4143 6708 31
4221 9083 31
4393 6851 31
4766 7468 31
5150 8525 31
5525 8497 31
6211 9075 31
6766 7082 31
6888 7792 31
7384 9054 31
7972 8434 31
8326 9924 31
8365 9157 31
9221 9246 31
154 228 32
323 794 32
364 1876 32
560 4523 32
1333 7278 32
1380 3777 32
1633 4541 32
2028 6672 32
3070 9816 32
3295 7933 32
3903 4052 32
4063 7364 32
4855 6264 32
6804 7696 32
1064 1786 33
1689 3481 33
1833 9677 33
1923 8972 33
3035 4569 33
3835 8276 33
3870 4816 33
4241 8408 33
5328 8790 33
5571 7791 33
6044 6904 33
6271 7986 33
7257 8228 33
8301 9725 33
136 503 34
770 9780 34
1022 7277 34
1044 2507 34
2427 8062 34
2571 5007 34
3021 9669 34
3242 6694 34
4844 6359 34
5001 7788 34
5956 8145 34
8356 9708 34
279 1092 35
369 1376 35
792 3626 35
805 4366 35
810 2245 35
1633 9961 35
1771 1931 35
1793 7341 35
1925 9007 35
2209 4786 35
2418 7588 35
3177 4719 35
3177 9927 35
3275 8931 35
3316 6536 35
3442 8641 35
3628 9194 35
3671 9739 35
4701 7784 35
4748 8115 35
4967 6261 35
6769 7675 35
7513 9647 35
191 1405 36
239 5371 36
673 4301 36
691 8251 36
1123 3898 36
1143 6210 36
1694 3348 36
1756 5540 36
2317 9364 36
2318 3483 36
2923 5995 36
2924 3627 36
2924 8172 36
3035 7590 36
4578 5557 36
6343 8976 36
7007 9145 36
9254 9440 36
26 8770 37
39 240 37
238 4696 37
348 582 37
455 551 37
763 947 37
925 4082 37
953 4561 37
1080 2770 37
1245 5869 37
1495 2960 37
1767 8041 37
2046 3206 37
2116 4174 37
2394 6706 37
3895 7688 37
4007 8942 37
4116 5130 37
5164 6193 37
5469 9548 37
7750 8083 37
0 6176 38
97 8582 38
136 572 38
371 6252 38
460 5389 38
714 3818 38
806 3126 38
1251 1730 38
1305 5594 38
1816 4180 38
2163 3570 38
2259 5696 38
3829 5578 38
3988 9896 38
7355 8744 38
9244 9351 38
10 9371 39
56 310 39
316 4597 39
453 7084 39
656 7121 39
1188 6770 39
4061 7657 39
4115 7348 39
4476 7260 39
4820 6135 39
5346 9903 39
6476 7038 39
9712 9888 39
220 2279 40
349 4923 40
617 8583 40
634 4210 40
783 1376 40
918 1202 40
1090 6854 40
1093 4762 40
1161 3481 40
1797 3078 40
3033 6226 40
3503 9678 40
3564 3771 40
3750 4629 40
4151 8888 40
4472 5467 40
4648 4951 40
4795 7253 40
5384 5565 40
5428 6434 40
5756 6999 40
6038 6270 40
6102 9585 40
6170 6982 40
6346 7486 40
9475 9712 40
9743 9981 40
6 7463 41
152 1684 41
592 5141 41
656 2806 41
732 1511 41
1345 2797 41
1618 3709 41
2246 7192 41
2297 7854 41
2302 5035 41
2421 9258 41
3330 8023 41
3769 9857 41
4372 9094 41
5948 7576 41
6549 7867 41
6670 7526 41
6888 8476 41
7022 7411 41
7095 9967 41
7433 9343 41
6 5613 42
292 871 42
436 6153 42
520 2633 42
1010 1114 42
1070 2087 42
1087 1256 42
1516 2360 42
1561 8840 42
2356 3035 42
2419 2472 42
2515 5098 42
2636 4814 42
2706 8147 42
2880 8256 42
3914 4661 42
4009 6788 42
4201 4734 42
5919 6159 42
6590 9508 42
6680 9604 42
7215 9394 42
7557 7868 42
62 95 43
108 2645 43
215 2711 43
571 747 43
863 3258 43
1258 1788 43
1259 9204 43
1276 6476 43
2033 5456 43
2223 3127 43
2403 4952 43
3024 4705 43
3079 7274 43
3452 5437 43
3703 4275 43
3744 9566 43
4243 4772 43
4529 5372 43
4720 9807 43
4855 5550 43
5309 7318 43
6601 8902 43
6668 8438 43
6747 9418 43
6812 7000 43
7132 9531 43
7305 9471 43
7939 9912 43
107 304 44
117 140 44
296 5643 44
344 1831 44
456 5552 44
585 3240 44
704 8479 44
820 7694 44
852 9812 44
975 6613 44
1690 2229 44
1820 1910 44
2401 2734 44
2405 2729 44
2438 9419 44
2682 5893 44
2722 2992 44
2848 4507 44
3442 6948 44
3458 6640 44
3459 7181 44
3559 6750 44
3706 7374 44
3731 6520 44
3912 8256 44
4072 5556 44
4238 5611 44
4311 8145 44
4663 9577 44
6639 7611 44
6747 8651 44
6756 8020 44
6790 7998 44
6996 8486 44
7126 9227 44
7390 7947 44
231 1251 45
269 347 45
334 3415 45
404 1013 45
478 3782 45
683 5597 45
691 2455 45
1010 4234 45
1016 1020 45
1074 8248 45
1219 8204 45
1224 4718 45
1237 1990 45
1757 8242 45
1867 8638 45
1904 1948 45
2249 3969 45
2997 6727 45
5005 7507 45
5777 8389 45
6666 9929 45
7798 9300 45
9515 9784 45
98 7675 46
217 354 46
318 697 46
1455 8760 46
3689 7545 46
4001 6623 46
4112 5687 46
4391 7014 46
4569 4804 46
5551 9147 46
6195 7823 46
6597 8212 46
7058 8825 46
7388 8598 46
8188 9963 46
17 3996 47
113 9812 47
226 307 47
310 675 47
422 2247 47
578 8600 47
715 6828 47
908 930 47
957 8697 47
1070 1760 47
1357 9948 47
1374 6200 47
1520 3327 47
2391 3689 47
2418 6718 47
2938 3587 47
3051 5913 47
3058 3516 47
4341 8689 47
4505 6238 47
4621 6596 47
5008 5172 47
9069 9991 47
9729 9987 47
6 733 48
321 6355 48
458 3045 48
788 3526 48
1058 2167 48
1295 2118 48
2018 7746 48
2385 3473 48
2757 8259 48
3149 3945 48
3303 9650 48
3619 6890 48
4135 4370 48
4766 8879 48
4987 7289 48
6759 9581 48
6919 8957 48
29 1079 49
319 4136 49
1246 9195 49
1531 5675 49
1600 9581 49
1744 4930 49
2120 7159 49
2299 6106 49
2999 4417 49
3309 7207 49
3665 8276 49
3733 4049 49
3843 4450 49
5245 9510 49
5306 6807 49
7159 9933 49
8341 9989 49
167 3810 50
471 5056 50
670 4271 50
680 9771 50
770 3525 50
1141 5828 50
1231 3924 50
1327 3781 50
1901 3908 50
2016 5559 50
2119 4431 50
2576 8008 50
2653 3762 50
3133 3977 50
3165 7799 50
3412 5900 50
3856 9940 50
4022 6815 50
4176 5849 50
5271 9992 50
6695 7576 50
52 743 51
101 4520 51
307 6248 51
441 2241 51
793 7949 51
917 5942 51
1048 5803 51
1331 1811 51
1849 6377 51
2221 8267 51
2371 4231 51
2385 3351 51
2692 5654 51
2974 8444 51
3119 9355 51
3281 9158 51
3575 7815 51
3833 3929 51
4111 5865 51
4539 8151 51
5080 9427 51
5784 7145 51
6299 9544 51
7306 9638 51
73 2656 52
241 1265 52
670 6563 52
1029 8374 52
1520 3290 52
1619 1987 52
1981 2468 52
2315 9684 52
2466 2844 52
2797 4626 52
3630 4127 52
3907 7066 52
4579 7552 52
4673 8850 52
4697 5987 52
5761 6509 52
8292 8818 52
9 6849 53
59 5600 53
67 643 53
182 1411 53
370 7025 53
424 3548 53
566 6822 53
605 3090 53
629 1425 53
684 2360 53
988 1538 53
1142 2404 53
1172 4552 53
1241 3750 53
1340 9322 53
1620 3612 53
1839 2829 53
1980 2323 53
3023 4015 53
3156 8900 53
3172 5491 53
3794 5775 53
4519 7751 53
4692 5194 53
4734 5166 53
5374 8094 53
6253 8133 53
6799 9153 53
9601 9608 53
374 888 54
435 1118 54
497 5842 54
563 1517 54
814 8656 54
1374 5348 54
2043 3540 54
2749 3688 54
3025 4066 54
3308 5376 54
3976 7380 54
4380 4918 54
4411 5447 54
4654 5915 54
7314 7332 54
7371 9010 54
412 5609 55
708 4898 55
823 1563 55
1314 3373 55
1317 3543 55
1327 1827 55
2452 3403 55
3333 8576 55
3447 6298 55
3494 6830 55
4052 7873 55
4667 9219 55
5215 8467 55
6603 7926 55
6977 9513 55
8405 8952 55
42 55 56
442 5855 56
683 1631 56
1013 1387 56
1065 1176 56
1069 7874 56
1425 1448 56
1558 7884 56
1597 4012 56
1918 4345 56
2137 4535 56
2761 5935 56
3472 8441 56
4159 5165 56
4404 9321 56
4527 6008 56
4807 5868 56
5202 7443 56
5467 6584 56
5777 9013 56
6067 9004 56
7135 9992 56
41 205 57
198 7148 57
207 8137 57
324 2573 57
540 748 57
646 656 57
1358 6575 57
1366 1733 57
1776 5472 57
1860 7632 57
1900 5466 57
2110 7131 57
2194 8531 57
2586 3951 57
2593 7021 57
3645 6924 57
5544 9589 57
6856 9434 57
292 2256 58
322 2414 58
463 1769 58
1111 1712 58
1257 1326 58
1374 9999 58
1544 7426 58
1753 2113 58
1930 6915 58
1981 3306 58
2881 6279 58
3199 8648 58
3616 7202 58
4059 8183 58
4962 5998 58
5641 9140 58
6534 7920 58
6619 8646 58
6937 7321 58
9626 9855 58
77 7182 59
594 2541 59
691 7320 59
1262 7072 59
1963 2410 59
3706 4557 59
4085 4693 59
4462 7479 59
5372 7080 59
6782 9578 59
7030 8395 59
7114 9253 59
9178 9984 59
74 791 60
208 5165 60
351 9264 60
385 8119 60
523 4966 60
1034 7635 60
1139 3524 60
1473 3922 60
2576 7556 60
2989 3796 60
3888 8022 60
3991 7054 60
6138 9945 60
6263 8785 60
6278 8095 60
6761 9120 60
9357 9847 60
159 213 61
177 504 61
701 8544 61
1055 3008 61
1153 4809 61
1349 5973 61
1496 9802 61
1963 4241 61
1994 2137 61
1994 3729 61
2267 5980 61
2412 6031 61
2772 7586 61
3655 7985 61
4026 5673 61
4615 8475 61
4795 8814 61
5331 7872 61
5375 5954 61
6593 9304 61
7194 8456 61
568 7175 62
593 902 62
637 5353 62
842 8185 62
899 2967 62
1062 6161 62
1260 2671 62
1318 2636 62
1840 8205 62
1927 2138 62
1978 7838 62
2632 5322 62
3405 8169 62
3854 9001 62
3897 8596 62
4600 9723 62
4768 9284 62
4871 5981 62
4988 5836 62
6651 7741 62
7456 7746 62
8162 8459 62
67 1369 63
106 5934 63
219 952 63
282 3591 63
409 4624 63
506 734 63
666 1426 63
833 8925 63
1218 5002 63
1269 6687 63
1777 7780 63
2052 2168 63
2301 6776 63
2354 9441 63
2419 2868 63
2547 3819 63
2760 3232 63
3034 9785 63
3157 8564 63
3164 6603 63
4227 5335 63
4554 5904 63
5547 8139 63
7387 7624 63
8093 9785 63
9466 9561 63
43 1272 64
93 3476 64
583 3171 64
694 3921 64
701 8252 64
1054 3194 64
1230 1978 64
1307 4985 64
1534 2940 64
1983 8625 64
2050 4691 64
2646 9887 64
2655 4069 64
2962 8120 64
2968 9365 64
2975 3053 64
3188 4439 64
3330 8179 64
3948 5242 64
4005 5215 64
5776 7326 64
6261 9173 64
6483 7453 64
6769 8402 64
7578 7932 64
8182 9756 64
8572 9654 64
418 3916 65
558 931 65
734 1087 65
800 2267 65
1008 3392 65
1088 6476 65
1292 7508 65
1302 3552 65
1305 1678 65
1888 2258 65
1903 3672 65
1954 7026 65
2238 8521 65
2599 6776 65
2650 4597 65
2834 9251 65
3289 5133 65
3581 7859 65
3717 7784 65
4265 7059 65
4641 9669 65
5440 9516 65
6325 6872 65
7711 7927 65
35 195 66
87 823 66
471 983 66
665 1384 66
921 3469 66
1345 5333 66
1680 2340 66
1798 8057 66
2202 4747 66
2591 5968 66
2803 4074 66
3062 6513 66
3559 5384 66
3875 4872 66
4283 5266 66
4452 5531 66
4554 4669 66
4734 7990 66
4973 7994 66
5787 9669 66
9372 9697 66
69 3739 67
537 4543 67
772 8164 67
1100 7626 67
1597 2589 67
1622 2490 67
1711 8540 67
1842 7978 67
1878 3473 67
1928 6366 67
3309 3512 67
3415 9388 67
3529 9645 67
4108 7467 67
4219 5617 67
4840 7308 67
6498 8035 67
453 9191 68
656 1070 68
1201 9624 68
2687 8580 68
3292 5742 68
4181 7305 68
4248 7466 68
6224 6329 68
422 4290 69
600 8699 69
713 9857 69
909 6238 69
1798 7601 69
1883 7643 69
2361 9661 69
2660 8605 69
2796 9387 69
2922 3953 69
3701 3998 69
3765 8138 69
4820 5944 69
5903 9628 69
9497 9677 69
134 301 70
172 905 70
227 9505 70
957 2077 70
1395 2769 70
1435 3304 70
1958 5134 70
3217 3963 70
3217 7407 70
4439 7605 70
5471 6202 70
6429 7992 70
6924 9020 70
8026 9332 70
83 93 71
88 3164 71
510 1006 71
628 967 71
1201 1900 71
1311 5447 71
1370 4410 71
2298 4102 71
2575 5708 71
2968 5972 71
3816 9034 71
3832 4536 71
4197 8656 71
7168 8080 71
56 3746 72
309 569 72
598 8462 72
870 8164 72
1247 1342 72
2314 7740 72
3094 3719 72
3398 6966 72
3520 4832 72
4375 7931 72
5119 9687 72
5649 8564 72
5892 9288 72
6198 9974 72
6467 8024 72
7617 9015 72
288 2689 73
588 5515 73
672 9029 73
787 977 73
1916 7045 73
1967 8083 73
2113 9562 73
2308 3821 73
3035 4321 73
3213 4309 73
3674 6742 73
3842 7226 73
3864 9710 73
4219 5142 73
4268 8466 73
4395 6641 73
4782 5217 73
4910 8386 73
6436 9170 73
7085 8428 73
8125 9833 73
200 1158 74
376 449 74
497 3906 74
770 5886 74
943 2181 74
1166 9997 74
1184 6595 74
1271 4676 74
1600 8108 74
2106 7265 74
2414 7094 74
2653 5626 74
2709 3057 74
2860 7628 74
3204 4282 74
3444 4202 74
3467 8425 74
4298 4595 74
4425 4471 74
4999 8732 74
5266 6715 74
5567 5637 74
5756 9683 74
9332 9508 74
0 627 75
89 2891 75
284 3130 75
382 9293 75
615 8911 75
686 2895 75
902 2287 75
964 1717 75
1748 9492 75
2083 8820 75
2446 3270 75
5072 9483 75
5318 7923 75
18 1925 76
143 328 76
147 8830 76
267 8946 76
576 1496 76
853 4341 76
859 8535 76
887 2498 76
900 9341 76
1614 1974 76
2469 7613 76
2598 2863 76
2604 2827 76
2848 3676 76
3922 9260 76
4954 6250 76
5305 5829 76
5941 7992 76
6811 7610 76
21 306 77
602 6306 77
881 7683 77
983 9711 77
1872 2195 77
1967 4451 77
2196 8211 77
2272 5392 77
2437 3191 77
3437 7650 77
3913 5114 77
4585 4746 77
4677 7678 77
4875 6386 77
7206 9345 77
7433 7703 77
7559 9211 77
8687 9093 77
73 8489 78
385 524 78
1139 5361 78
1890 2215 78
2020 5586 78
2028 3604 78
2088 3776 78
2230 5100 78
2281 2851 78
2406 9158 78
2482 7637 78
2830 3431 78
2847 7125 78
3067 7167 78
3204 9109 78
4310 6408 78
4595 5410 78
4865 5560 78
4899 7705 78
5371 5466 78
7282 9969 78
8509 9421 78
9141 9552 78
9 16 79
45 523 79
119 1489 79
153 2171 79
288 9762 79
340 567 79
354 520 79
591 5703 79
1201 3947 79
1410 4395 79
2589 6009 79
2976 9640 79
3466 8167 79
4384 4940 79
4466 7777 79
5244 6022 79
5346 9836 79
6707 8058 79
6840 9375 79
219 384 80
1249 3007 80
1528 7517 80
1634 1842 80
1662 4893 80
1740 4344 80
1893 5783 80
2354 2520 80
3284 9182 80
3682 8757 80
3722 3812 80
3796 9453 80
4779 5130 80
5144 7151 80
6016 8487 80
6063 9100 80
6383 8298 80
6490 7337 80
6744 7322 80
8357 9174 80
641 4107 81
697 1965 81
780 7824 81
924 1510 81
1348 2008 81
1803 4055 81
2400 3054 81
2400 4057 81
3732 8883 81
3985 6654 81
4413 6878 81
4623 7278 81
4700 9969 81
5298 8365 81
6464 9209 81
7303 8102 81
9196 9939 81
31 742 82
215 7948 82
346 8984 82
866 5319 82
1456 7841 82
1836 8415 82
2032 8289 82
2596 8051 82
2618 3513 82
2703 5596 82
3077 9113 82
3208 8567 82
3588 9795 82
4143 4199 82
5025 7044 82
5924 7851 82
8840 9866 82
495 9559 83
722 1403 83
823 7969 83
928 1379 83
985 9386 83
1072 1451 83
1443 1813 83
1676 6560 83
1763 5378 83
2156 6774 83
2744 9381 83
2951 3515 83
3128 5427 83
3283 4539 83
3414 7957 83
4011 5706 83
4346 9088 83
5114 8728 83
5636 8349 83
142 158 84
160 2231 84
171 7207 84
250 336 84
365 2146 84
737 8320 84
964 1779 84
1377 6159 84
1532 4838 84
1804 2594 84
2249 8121 84
2317 7288 84
2728 4477 84
4000 7166 84
4631 6095 84
4770 5033 84
4940 5902 84
5171 7182 84
5232 8477 84
5416 6258 84
5772 9392 84
6563 8485 84
6700 9829 84
6794 8881 84
6946 7597 84
8010 9693 84
8285 9524 84
8600 9607 84
267 2181 85
416 2097 85
715 1445 85
1407 3443 85
1837 4303 85
2393 8971 85
2472 6261 85
2550 7812 85
2705 5104 85
3614 8376 85
5463 6769 85
7168 8135 85
7703 8291 85
8486 9387 85
1 2730 86
834 4360 86
1871 3806 86
1922 4393 86
2075 2693 86
2298 4737 86
2542 3560 86
2686 5446 86
2848 4011 86
2951 9677 86
2985 3580 86
3005 4917 86
4190 6639 86
5048 7830 86
5836 8092 86
5965 8267 86
7681 7727 86
8086 8325 86
8305 8761 86
150 2683 87
363 775 87
725 2320 87
864 6398 87
1308 9378 87
1326 6042 87
2281 3225 87
2622 9115 87
2812 9626 87
3258 4446 87
3520 7077 87
4669 9220 87
8065 9666 87
20 2294 88
472 4451 88
1752 2587 88
1889 4039 88
2032 7700 88
2381 5295 88
2557 5326 88
2750 5793 88
3332 8404 88
3379 7138 88
3568 7080 88
3902 8594 88
4135 8908 88
4627 8762 88
4888 6510 88
5457 5704 88
6246 7272 88
8053 8572 88
593 5882 89
887 4134 89
1402 4239 89
1437 5866 89
2289 5383 89
2348 2538 89
3382 4594 89
3737 7935 89
4073 5248 89
5164 6189 89
5351 5651 89
5436 6178 89
7042 7722 89
8165 9107 89
4 1001 90
207 620 90
264 1482 90
350 529 90
551 7821 90
752 3170 90
863 3906 90
907 5629 90
933 9627 90
2005 2018 90
2240 6495 90
2246 6512 90
2467 8741 90
2924 3366 90
2978 9570 90
3268 3433 90
3546 5215 90
3743 6135 90
3753 3764 90
3758 7769 90
3941 6515 90
4542 5638 90
5776 6100 90
6009 8741 90
6998 8312 90
74 2123 91
213 2571 91
418 7582 91
786 2785 91
829 9672 91
1068 7464 91
1151 3458 91
1323 1497 91
1526 3554 91
1708 8359 91
2257 6492 91
2520 2614 91
2680 8767 91
3156 7783 91
3312 4554 91
4275 5024 91
4306 8979 91
5372 8665 91
5833 7271 91
6456 6670 91
8816 9516 91
61 244 92
447 7490 92
891 3816 92
1220 6979 92
1344 5725 92
2466 3238 92
3230 5379 92
3459 9064 92
4060 5524 92
4616 5248 92
5197 6731 92
5301 7697 92
5678 7191 92
7781 9428 92
22 6288 93
210 2197 93
279 2329 93
579 666 93
1106 1789 93
1180 7476 93
1301 4555 93
1355 9772 93
2249 6092 93
2762 5330 93
3085 5752 93
3510 6338 93
3996 8345 93
4172 9693 93
4221 9188 93
4461 5913 93
4529 8160 93
4744 6145 93
5202 7366 93
0 2 94
90 189 94
97 5344 94
375 2966 94
384 512 94
501 9828 94
621 3840 94
760 2172 94
1233 9300 94
1725 4719 94
1896 2951 94
2135 3031 94
2669 7736 94
2835 6446 94
3228 3727 94
3274 4836 94
4477 8971 94
5109 8954 94
5428 9754 94
5762 6365 94
7023 8095 94
7087 7208 94
7582 8727 94
22 9647 95
872 9062 95
986 7886 95
1326 2645 95
1615 5741 95
1674 1762 95
2065 2494 95
3518 7861 95
3933 7521 95
4554 9111 95
5872 9500 95
6385 9068 95
20 9344 96
32 634 96
34 8520 96
65 184 96
260 1364 96
351 437 96
427 2551 96
439 579 96
567 1505 96
859 8367 96
1389 7817 96
1540 5899 96
1968 4915 96
2005 8930 96
2146 5818 96
2336 7548 96
2514 7897 96
2547 5801 96
2923 4311 96
3329 4577 96
3356 5230 96
3864 6059 96
4988 8240 96
4994 8603 96
5582 8863 96
6267 7060 96
7370 9374 96
7651 9530 96
68 8217 97
168 4323 97
236 2259 97
331 1750 97
473 538 97
633 1317 97
1389 1996 97
1592 4042 97
1919 5226 97
3507 4775 97
4338 7876 97
4949 5393 97
7168 7773 97
7238 9006 97
7469 8027 97
7698 8708 97
8034 8520 97
8903 9026 97
56 5724 98
224 288 98
446 627 98
1150 3638 98
1276 9030 98
1563 7295 98
1671 9094 98
2162 8955 98
2589 4111 98
2695 3826 98
4694 8254 98
5145 7870 98
6676 9968 98
7330 7948 98
7786 9728 98
8501 9178 98
71 4025 99
116 2131 99
137 1410 99
419 7925 99
515 3751 99
749 916 99
764 895 99
875 1312 99
1342 4324 99
1561 4469 99
1707 8938 99
1754 1911 99
1773 2438 99
2670 4751 99
2973 4950 99
3092 9178 99
3548 4995 99
3641 4336 99
4010 4021 99
5170 6657 99
6930 8092 99
7610 9317 99
8554 9791 99
10 8792 100
26 7499 100
43 319 100
85 4315 100
684 781 100
787 3279 100
2124 4954 100
2375 2982 100
2459 9262 100
4007 6883 100
4012 6424 100
4276 7890 100
5149 8482 100
5626 7955 100
1174 4541 101
2659 4288 101
2769 6996 101
2866 8149 101
3296 9644 101
4954 9402 101
5040 7016 101
5085 6549 101
5378 6323 101
6020 8677 101
7222 8018 101
9216 9240 101
9448 9802 101
1372 9539 102
1699 2444 102
1943 2555 102
2285 6051 102
2397 7338 102
2541 7612 102
3058 6756 102
3383 9131 102
4232 6647 102
5479 6706 102
5710 8937 102
6363 6645 102
7008 9693 102
8007 9044 102
9207 9249 102
6 13 103
409 563 103
570 5555 103
627 3745 103
884 2623 103
990 8420 103
1205 5032 103
1571 2480 103
1648 5799 103
1980 2470 103
2370 5958 103
2568 4553 103
3082 4650 103
3420 6431 103
4012 7135 103
4143 5085 103
4441 7240 103
4582 5389 103
5160 6647 103
5343 9184 103
5447 6942 103
5469 6917 103
5596 5669 103
6118 7944 103
6429 7716 103
6941 9114 103
7087 9660 103
7135 8607 103
8284 8564 103
69 6416 104
223 8383 104
743 5065 104
858 7776 104
888 4433 104
1054 1261 104
1323 9913 104
1479 9888 104
1636 2601 104
1728 4651 104
1988 2117 104
2908 7879 104
3056 7446 104
3499 7095 104
3547 4815 104
3818 8393 104
4198 5511 104
5161 9163 104
5312 9190 104
5830 7073 104
6189 9077 104
8135 9594 104
116 4371 105
269 1741 105
480 1216 105
630 6761 105
1028 1626 105
1256 6187 105
1462 7230 105
1490 1891 105
1843 3968 105
1924 8856 105
2124 8928 105
3389 6628 105
3838 7853 105
3946 7970 105
4316 6678 105
4800 7643 105
7266 8441 105
8407 9857 105
9800 9938 105
24 77 106
36 7172 106
59 8054 106
293 972 106
525 6868 106
792 3118 106
955 9098 106
1584 4424 106
1637 3428 106
1876 7452 106
2513 2615 106
3075 8062 106
3723 9461 106
3921 5898 106
4422 5446 106
4787 7879 106
4946 8760 106
7744 9257 106
28 6781 107
155 594 107
159 3402 107
457 6220 107
804 826 107
958 3305 107
1158 5819 107
1780 3034 107
1784 1876 107
1884 8631 107
1904 2560 107
2493 8456 107
2590 2772 107
2850 5294 107
3004 5519 107
3399 9245 107
4441 9842 107
4493 7084 107
6756 7151 107
7101 9307 107
8128 9595 107
300 3437 108
787 4423 108
891 8900 108
1005 4283 108
1458 5027 108
1543 7331 108
1711 3253 108
1730 7404 108
1862 1866 108
2204 9175 108
2691 2829 108
3694 4232 108
4144 6426 108
6245 9035 108
6318 7462 108
8118 9160 108
16 6645 109
22 109 109
237 483 109
368 8470 109
516 7436 109
561 8220 109
678 4018 109
800 4508 109
2167 3536 109
3388 5517 109
3834 8146 109
4622 9514 109
4842 6619 109
4872 8344 109
5095 5729 109
5319 5425 109
6451 7648 109
7346 8571 109
8112 8413 109
13 2177 110
130 443 110
281 986 110
308 7429 110
702 1452 110
796 1500 110
1460 2153 110
2016 8598 110
2547 5951 110
3178 5447 110
3248 8052 110
6496 9799 110
6653 8930 110
88 9646 111
403 2332 111
452 501 111
619 6838 111
1544 2907 111
2131 2271 111
2376 5789 111
2394 7248 111
2411 5972 111
2600 6572 111
2638 6663 111
2854 8433 111
4588 8975 111
4941 7406 111
5040 8554 111
5857 5936 111
6403 8706 111
6478 8087 111
21 226 112
292 5768 112
778 5327 112
792 6889 112
825 7274 112
1248 2150 112
1267 2829 112
1525 6469 112
1617 7934 112
1833 2032 112
1874 6163 112
2000 5898 112
2623 3349 112
2689 9788 112
2694 6341 112
2763 9373 112
2923 3076 112
2954 5559 112
3454 8235 112
3585 6015 112
4826 6999 112
4958 8934 112
5145 7304 112
5917 7547 112
6251 9238 112
6911 7019 112
7392 8022 112
8314 9758 112
176 210 113
193 7535 113
249 478 113
254 2072 113
301 785 113
502 3234 113
920 8838 113
1037 8524 113
1223 2752 113
1562 2754 113
1682 3322 113
1685 6180 113
2395 8099 113
2479 6594 113
2573 7070 113
2872 6658 113
3096 6636 113
3519 4243 113
5114 8859 113
5144 5253 113
5685 7136 113
6110 8345 113
7799 9956 113
40 475 114
293 2864 114
480 505 114
543 1622 114
569 3778 114
1385 3696 114
1506 3883 114
2077 2565 114
2602 6644 114
3220 6287 114
3379 6028 114
3505 5979 114
3793 6371 114
3909 7933 114
3921 9703 114
3957 8141 114
3977 4375 114
4367 5112 114
4852 6583 114
6240 6241 114
6647 8306 114
7786 7898 114
9176 9844 114
248 1365 115
275 6049 115
276 8422 115
278 2910 115
405 8453 115
503 6648 115
729 5250 115
870 9615 115
1075 9292 115
1114 2722 115
1347 3324 115
1393 3503 115
1854 2425 115
2117 3291 115
2259 2695 115
3344 5050 115
3735 8228 115
3926 5146 115
4108 6727 115
4203 7906 115
4203 8580 115
4883 7842 115
5036 9637 115
6049 7292 115
8331 8971 115
98 600 116
312 1093 116
314 9846 116
398 2278 116
415 2549 116
734 8504 116
831 8416 116
1208 9742 116
1325 1700 116
1384 2131 116
1389 2962 116
1466 7759 116
2158 5355 116
2160 8097 116
2339 4101 116
2398 4255 116
2790 9394 116
2842 7985 116
3079 3267 116
3397 6941 116
4476 6188 116
4943 8102 116
7049 7106 116
110 9865 117
137 386 117
185 5591 117
221 1205 117
298 2330 117
506 578 117
518 3366 117
691 2576 117
724 8986 117
909 1280 117
1180 6502 117
1955 1972 117
2340 2534 117
3149 6686 117
3208 5541 117
3653 3822 117
4084 9978 117
5940 9224 117
6870 8101 117
7488 8908 117
8811 9942 117
89 170 118
382 2290 118
619 671 118
668 7262 118
685 894 118
776 3565 118
822 4863 118
1045 1219 118
1127 3399 118
1314 6128 118
1367 2848 118
1404 6588 118
1671 9932 118
1824 4871 118
2450 3006 118
3028 9544 118
3777 5980 118
3801 5560 118
3880 6772 118
5089 9672 118
5470 6573 118
6272 6398 118
150 744 119
378 9452 119
479 7215 119
642 1593 119
978 2927 119
1125 1222 119
2468 9682 119
2682 6072 119
2895 5857 119
3079 6570 119
4698 5086 119
5588 8210 119
5883 9312 119
6099 6201 119
6163 9324 119
6494 8309 119
7013 9869 119
7222 8800 119
5 8944 120
142 5018 120
165 929 120
202 990 120
407 3812 120
493 4704 120
849 4190 120
945 5064 120
1001 6762 120
1139 9403 120
1143 3146 120
1720 5747 120
2288 2347 120
2392 3786 120
2775 2880 120
3125 3509 120
3550 5892 120
4567 4707 120
4861 7992 120
4989 5580 120
5361 7507 120
5866 6652 120
7670 8931 120
7882 8321 120
166 6243 121
263 1935 121
387 9721 121
448 9551 121
793 9903 121
1047 1985 121
1619 3799 121
2451 4400 121
2523 3294 121
3416 6018 121
3826 9449 121
4065 5358 121
4262 5299 121
4349 9738 121
4501 6288 121
5413 8430 121
5794 7410 121
6220 8602 121
6424 7274 121
6603 6778 121
6986 7315 121
7407 7984 121
7481 8098 121
8358 8816 121
7 10 122
39 132 122
93 1200 122
574 2056 122
679 7572 122
776 1139 122
860 1358 122
902 7515 122
1120 1238 122
1134 3390 122
1781 2881 122
1900 8541 122
2190 7276 122
2427 4334 122
2696 5608 122
2791 7315 122
3190 9052 122
3373 7285 122
3552 6262 122
3603 5990 122
3935 9669 122
3973 7392 122
4048 7353 122
4487 8491 122
4502 7649 122
4636 5066 122
6682 7611 122
6987 8646 122
7012 9638 122
7265 7292 122
341 2382 123
357 6268 123
398 1008 123
811 1557 123
920 9305 123
1306 4159 123
1356 6889 123
1501 4665 123
1963 2138 123
2004 5396 123
2153 3467 123
2188 5189 123
2290 3325 123
2722 9410 123
2995 8231 123
3443 7058 123
4530 5923 123
4931 7761 123
5292 9636 123
7791 9610 123
54 967 124
245 6671 124
260 1971 124
440 1323 124
457 2443 124
882 3179 124
950 3149 124
1367 3947 124
1715 3354 124
1818 4907 124
1863 2435 124
2146 8331 124
3516 7530 124
3752 8831 124
3830 7876 124
3934 9340 124
4156 7300 124
4249 9550 124
4761 6900 124
5002 6737 124
5083 7239 124
5310 7345 124
6934 9615 124
7470 8895 124
106 5699 125
155 6518 125
339 926 125
410 6647 125
528 8664 125
820 6542 125
1195 5235 125
1238 3003 125
2162 8413 125
2553 9401 125
3355 8569 125
3687 6796 125
3766 8499 125
4445 8314 125
4543 8810 125
5072 6219 125
5173 9204 125
5836 8046 125
6233 8834 125
8798 9484 125
145 175 126
855 9543 126
1156 1163 126
1272 4382 126
1336 2419 126
1605 2239 126
2100 2130 126
3047 7873 126
3306 5006 126
3327 4389 126
3496 7348 126
4124 8033 126
4865 4967 126
5519 9054 126
5627 6799 126
6769 8621 126
90 389 127
156 235 127
324 745 127
487 8270 127
499 2902 127
747 2802 127
1134 2643 127
2656 4034 127
3097 6877 127
3770 8911 127
5594 8615 127
6555 7972 127
6761 9373 127
658 1389 128
716 1245 128
734 4394 128
876 1593 128
1392 9517 128
1971 2085 128
2123 4744 128
2128 2276 128
2158 4400 128
2178 3555 128
2223 4465 128
2619 4955 128
3452 9581 128
3481 3510 128
4053 4664 128
4803 9117 128
5369 5747 128
5618 5783 128
5683 9575 128
6735 8849 128
7637 8192 128
1 661 129
54 1659 129
645 2207 129
783 1868 129
988 1560 129
1002 1637 129
1128 8824 129
1190 6998 129
1646 7158 129
2690 7856 129
2700 3511 129
2907 3661 129
2968 7088 129
3243 3338 129
3262 6555 129
3289 9470 129
4336 4990 129
4462 6686 129
4597 8527 129
56 1749 130
120 880 130
162 1951 130
250 1042 130
424 846 130
516 2379 130
979 9656 130
1404 3782 130
1542 3066 130
1733 7156 130
2020 4120 130
2057 2136 130
2524 4106 130
2834 9595 130
3520 5847 130
3769 8310 130
3823 4320 130
4414 7438 130
4568 9199 130
4970 9442 130
5475 8462 130
5968 7930 130
6855 9205 130
7551 7995 130
293 1050 131
441 4208 131
1053 6277 131
1379 6958 131
1661 4211 131
1848 2757 131
2827 5461 131
3251 8542 131
3390 4224 131
3465 9051 131
3746 3888 131
5644 9768 131
6118 7520 131
43 44 132
207 8676 132
302 4897 132
487 1596 132
539 7321 132
604 1319 132
626 6011 132
750 2236 132
919 5752 132
1140 2057 132
1263 2793 132
1414 4126 132
1547 2035 132
1612 4727 132
1778 4157 132
2182 2548 132
3510 8056 132
4463 8497 132
4765 8009 132
4904 6029 132
5267 9323 132
5301 5905 132
6005 7277 132
7919 8383 132
450 2629 133
737 7996 133
1505 6947 133
2007 8661 133
2127 4598 133
2376 2568 133
2683 3408 133
3039 9809 133
3201 3325 133
3331 6534 133
3406 7977 133
3433 3669 133
3958 9596 133
3982 4438 133
4643 7053 133
5600 6431 133
6197 6236 133
6546 9956 133
6588 8594 133
7038 7904 133
7840 9367 133
8683 9250 133
327 3225 134
402 3915 134
453 2058 134
723 1809 134
1032 3520 134
1179 1558 134
1331 3233 134
1522 2547 134
1971 4561 134
2808 5302 134
3003 6377 134
3853 6383 134
5102 9307 134
5159 9312 134
5595 6249 134
6226 7166 134
6854 7170 134
9025 9887 134
295 1119 135
304 956 135
568 3226 135
1510 7762 135
1530 6253 135
1760 9796 135
1873 6536 135
1956 2406 135
2164 4934 135
2164 8526 135
2751 7625 135
2920 7338 135
3862 6164 135
4758 4911 135
4969 6712 135
5464 7396 135
6284 9461 135
6326 9041 135
8489 9022 135
8662 9044 135
45 8135 136
263 3990 136
332 3282 136
476 629 136
533 1361 136
1057 9337 136
1085 2281 136
1133 1541 136
1288 2756 136
1931 2916 136
1940 4774 136
2009 2832 136
2035 7765 136
2297 9388 136
2640 6225 136
2788 9325 136
2969 3172 136
3004 5421 136
3141 7475 136
3178 7127 136
3567 4474 136
4211 9312 136
4641 6430 136
4788 8095 136
5275 7173 136
6597 8916 136
8883 9999 136
9224 9628 136
175 963 137
242 2825 137
494 1111 137
585 8447 137
608 2224 137
842 1642 137
1128 2227 137
1354 5565 137
2077 3808 137
2658 9436 137
2957 8417 137
3438 7884 137
4149 6255 137
4772 8636 137
5624 8424 137
6208 9230 137
8920 9375 137
125 5116 138
634 2364 138
670 791 138
729 5872 138
734 3314 138
868 8848 138
883 4953 138
979 2750 138
993 4532 138
1063 3572 138
1075 6046 138
1091 3835 138
1745 3090 138
1757 9930 138
2837 9741 138
2893 7088 138
3230 5792 138
3973 9103 138
4788 5718 138
5719 6820 138
6039 9899 138
7503 9190 138
7887 8473 138
14 2616 139
94 5988 139
450 5739 139
1539 2401 139
1866 2325 139
1898 9816 139
1916 5965 139
1968 3296 139
2699 8756 139
3191 8363 139
3342 4530 139
3716 5157 139
4086 9664 139
4203 4475 139
5236 9895 139
5812 7566 139
6161 6600 139
6392 7954 139
6548 9176 139
7591 8260 139
7886 8074 139
8186 9077 139
99 7174 140
165 920 140
2048 3607 140
2407 8929 140
2490 3985 140
2644 5919 140
2847 6329 140
3389 5915 140
4013 5896 140
5120 6785 140
5555 8771 140
5754 8063 140
7217 8484 140
8293 8623 140
9867 9988 140
296 9146 141
712 8248 141
1127 9480 141
1245 4444 141
1421 2911 141
1607 8937 141
2049 6989 141
2164 4910 141
2288 8624 141
2347 3620 141
3107 4350 141
3614 6503 141
3635 7556 141
3711 5223 141
4517 7595 141
4714 9720 141
5007 9279 141
6246 9439 141
6438 7880 141
7300 7792 141
7580 8718 141
9460 9901 141
144 265 142
158 383 142
266 528 142
561 3791 142
757 3802 142
949 5524 142
1029 6157 142
1085 3617 142
1097 8120 142
1129 3948 142
1290 4020 142
1325 5256 142
1800 2178 142
2012 3643 142
2014 7395 142
2206 9206 142
2920 3937 142
3147 5550 142
3807 6934 142
3926 7139 142
3982 8558 142
4784 7177 142
4848 5487 142
5566 7109 142
6266 8470 142
6491 9487 142
6954 8603 142
6955 8133 142
42 8903 143
469 793 143
528 1341 143
640 3818 143
716 752 143
782 7981 143
918 2916 143
1233 4569 143
1370 7745 143
2598 6784 143
2623 8462 143
3118 6209 143
3326 7340 143
3599 6437 143
3684 9084 143
5616 9004 143
5824 6619 143
6653 8913 143
7542 8278 143
9002 9571 143
50 1302 144
311 705 144
1462 6805 144
1629 6519 144
2654 3827 144
3393 7815 144
3988 5816 144
4263 9440 144
4610 6063 144
4665 9244 144
4706 4870 144
4745 9096 144
5528 8831 144
6135 8448 144
7070 7562 144
7456 9840 144
7676 9439 144
549 2918 145
1254 3649 145
1397 2536 145
1714 2803 145
2075 7322 145
2440 6311 145
2613 7121 145
2937 4860 145
3243 9304 145
3714 3893 145
3812 7294 145
3954 7068 145
4088 4720 145
4175 4378 145
6675 7311 145
7211 7371 145
8429 9329 145
98 9249 146
191 1723 146
256 6630 146
269 2583 146
376 6806 146
379 1584 146
1159 8498 146
1711 3667 146
2272 6022 146
2446 2598 146
2526 3106 146
2870 8492 146
2923 8879 146
2978 3164 146
3217 6618 146
3304 6487 146
3476 9711 146
3504 5888 146
3849 5626 146
4779 6616 146
6733 8839 146
8493 8881 146
170 6079 147
235 1546 147
822 6452 147
885 2374 147
993 2143 147
1108 2044 147
1485 9001 147
1501 6330 147
1974 4364 147
2347 6290 147
2491 3285 147
2589 6001 147
2615 6816 147
3680 9750 147
4330 7665 147
4885 5939 147
4972 8772 147
5556 5953 147
5627 8984 147
6033 8990 147
6218 6498 147
7027 8002 147
32 1912 148
142 574 148
159 639 148
671 2944 148
878 1350 148
1040 3773 148
1158 2948 148
2092 9535 148
2768 3739 148
3388 8951 148
4004 5459 148
4498 8584 148
4946 7564 148
5263 8090 148
5264 8302 148
7050 7281 148
8115 8723 148
204 1036 149
657 1257 149
738 3005 149
795 1002 149
1299 1902 149
1812 8396 149
2125 8946 149
2323 5062 149
2324 9130 149
2441 9601 149
2442 4411 149
2486 6275 149
3577 7944 149
3615 8356 149
3837 8579 149
4811 9283 149
4856 6599 149
4933 8929 149
5092 6757 149
5149 8822 149
6016 7602 149
6045 8670 149
6087 9678 149
9081 9366 149
126 241 150
434 1269 150
443 6535 150
972 5057 150
1058 4004 150
1709 8849 150
1839 5984 150
3630 4170 150
3999 8657 150
4328 9051 150
4404 6997 150
4671 7745 150
5118 7237 150
5531 9851 150
5907 7551 150
6722 7438 150
7570 7842 150
7709 9108 150
8475 9354 150
119 1608 151
497 5508 151
736 2274 151
946 5086 151
1577 6607 151
2811 5231 151
3146 5195 151
3161 4645 151
3294 6206 151
3780 6815 151
3922 4706 151
4216 9860 151
4379 5877 151
5071 6020 151
6477 6649 151
6980 7422 151
7361 7953 151
8496 8630 151
9145 9877 151
114 275 152
427 9793 152
491 9181 152
689 6082 152
693 1713 152
753 845 152
1123 2367 152
1286 3280 152
1364 3010 152
1885 3870 152
2304 7548 152
3148 3848 152
3593 6458 152
5273 8305 152
6156 7028 152
6421 7346 152
68 147 153
298 650 153
1078 3307 153
1200 7111 153
1390 6004 153
2317 4278 153
3785 4394 153
6570 8865 153
6794 7591 153
18 326 154
51 1868 154
136 1443 154
270 754 154
735 5422 154
788 1221 154
2035 2518 154
2503 8761 154
2919 6375 154
3247 4119 154
3767 9368 154
3803 7001 154
5576 7439 154
77 399 155
296 6553 155
419 8511 155
876 3595 155
1032 9216 155
1037 2388 155
1141 2185 155
1166 3821 155
1546 5359 155
1707 6720 155
2045 4695 155
2180 6747 155
3282 5201 155
3324 3983 155
3401 8296 155
3678 7922 155
3911 7310 155
4144 5082 155
4222 5670 155
4296 4372 155
4540 8942 155
5734 9300 155
8252 8769 155
82 2223 156
421 7703 156
480 3403 156
534 2002 156
685 1223 156
989 5127 156
1302 2194 156
1390 1561 156
1482 2692 156
1944 7210 156
3048 9375 156
3110 8747 156
4139 9896 156
5153 6220 156
5158 6175 156
5465 7124 156
5531 9466 156
6345 7551 156
7346 8590 156
9990 9999 156
78 343 157
99 3135 157
443 537 157
694 853 157
789 7188 157
2868 8767 157
3807 6409 157
4086 9335 157
4184 6909 157
4271 9630 157
4615 4948 157
5738 7747 157
5934 6059 157
6020 9399 157
6330 9537 157
6546 7650 157
1 3209 158
105 4658 158
132 1665 158
360 9210 158
383 1590 158
494 4829 158
578 5786 158
996 3153 158
1413 4135 158
1472 2657 158
2068 6442 158
2772 3687 158
3678 5058 158
3985 8626 158
4347 9069 158
4661 8746 158
4913 6465 158
5203 5633 158
5615 7194 158
7772 7969 158
8248 8418 158
2 1210 159
51 3211 159
54 1076 159
80 185 159
81 82 159
182 1727 159
380 592 159
416 6259 159
601 9016 159
874 1164 159
1027 4909 159
1038 8990 159
1117 8314 159
1289 6646 159
1968 9902 159
3488 8107 159
3849 5504 159
3994 4297 159
4073 6783 159
35 39 160
261 6368 160
366 673 160
1159 5231 160
1218 6059 160
1673 5236 160
2136 3628 160
2212 6792 160
3124 8045 160
3468 5402 160
3573 6182 160
4097 9731 160
4497 4621 160
4573 6333 160
5585 7847 160
6168 7289 160
7259 9862 160
7581 8292 160
58 1109 161
80 1806 161
100 1813 161
118 3464 161
143 6929 161
400 7686 161
410 6767 161
601 8878 161
959 5603 161
1165 1321 161
1965 6496 161
2147 2339 161
2168 3923 161
2502 4709 161
2712 4426 161
2959 8905 161
3289 4007 161
3397 6144 161
3952 7184 161
3963 5639 161
4085 6168 161
4603 5390 161
4657 9562 161
5140 6048 161
5662 7629 161
7268 8588 161
7931 8466 161
8535 9531 161
37 192 162
280 4987 162
335 1681 162
483 1938 162
524 3558 162
964 3593 162
1355 9100 162
1368 9089 162
1385 3430 162
1557 6315 162
1652 3720 162
2184 7570 162
2768 6268 162
3342 3412 162
5586 7021 162
5862 9335 162
6006 6440 162
8159 8180 162
8167 9169 162
340 5908 163
470 698 163
684 2169 163
854 1947 163
1089 5606 163
1537 8225 163
1788 4579 163
1889 2303 163
1986 3102 163
2091 2362 163
2418 3816 163
2524 4123 163
3338 9333 163
4151 7116 163
4891 7679 163
5029 6790 163
7434 8832 163
8210 8266 163
53 4247 164
186 1610 164
333 458 164
400 5407 164
550 4820 164
1244 5305 164
1566 1643 164
1620 2203 164
1645 8022 164
2336 8779 164
2633 3630 164
3364 4795 164
3749 6505 164
4324 4781 164
4380 4484 164
5082 5901 164
5308 7398 164
7739 9617 164
7799 9313 164
2 101 165
17 923 165
181 2743 165
194 271 165
405 5411 165
918 1953 165
1203 1243 165
1369 3953 165
1571 4980 165
1674 4038 165
1705 4767 165
2009 2955 165
2101 8258 165
2475 3711 165
6065 6640 165
6907 7581 165
84 436 166
365 3558 166
1607 3885 166
2562 4594 166
3113 9881 166
4157 7397 166
4257 5283 166
6011 7540 166
6103 6626 166
845 2323 167
1417 3786 167
1417 9470 167
1540 9135 167
1630 6730 167
1860 3354 167
1898 4361 167
2153 3517 167
2723 9563 167
3016 9297 167
3226 6829 167
4044 4386 167
4638 9529 167
5203 5849 167
7186 8000 167
144 9794 168
317 6518 168
1015 4183 168
1174 6872 168
1426 8937 168
1638 8617 168
1822 9387 168
2977 5497 168
3983 8651 168
4019 8348 168
4343 7234 168
4371 9062 168
6039 6836 168
6142 9330 168
6586 7532 168
25 104 169
90 1792 169
119 9223 169
158 822 169
195 6231 169
474 2580 169
760 3450 169
932 1547 169
946 7177 169
1119 3447 169
1324 1966 169
1490 4433 169
2167 2721 169
2325 6623 169
3735 8813 169
5211 8961 169
5723 7011 169
5922 8831 169
6474 8926 169
6694 7709 169
6736 6752 169
7442 8528 169
562 4978 170
921 3677 170
1047 4074 170
1080 2158 170
1180 2185 170
1317 4240 170
1654 2718 170
2285 9660 170
3041 5147 170
3215 9546 170
3218 7936 170
3731 4191 170
4160 5426 170
4376 5727 170
4973 6818 170
6232 9934 170
6269 9806 170
7658 8289 170
8055 8115 170
21 2175 171
795 7787 171
927 9189 171
1934 8309 171
2039 2574 171
2243 5433 171
2338 7645 171
2515 5898 171
2583 4738 171
2745 4834 171
3243 8891 171
4583 4743 171
5410 6431 171
5582 6042 171
6156 8626 171
7432 9757 171
7476 9644 171
8091 9010 171
8142 9413 171
143 426 172
254 1409 172
668 4555 172
926 1432 172
1584 5053 172
2007 2392 172
3652 8722 172
3813 5961 172
4573 8554 172
4861 9747 172
5188 8688 172
5308 9062 172
6385 8223 172
8955 9382 172
10 905 173
112 1797 173
124 1600 173
499 7496 173
566 6421 173
725 777 173
1096 2269 173
1115 8119 173
1307 5634 173
1892 2561 173
2358 2395 173
2469 9572 173
3144 9919 173
3549 6026 173
3888 6573 173
4036 4189 173
4863 9656 173
5134 7621 173
5912 6998 173
6274 6813 173
7674 7970 173
7910 8142 173
8063 8749 173
3 3297 174
42 497 174
64 3248 174
272 5637 174
973 2041 174
1339 4669 174
1551 8895 174
1672 3553 174
2307 9023 174
2528 6695 174
3407 7090 174
3563 3749 174
4073 4426 174
4259 6397 174
4532 4766 174
5479 6980 174
6258 7486 174
7399 9987 174
8384 9335 174
9524 9702 174
17 2067 175
60 473 175
321 4858 175
347 7108 175
1216 6496 175
1462 6964 175
1498 9763 175
1531 5931 175
2326 7481 175
2899 9498 175
3824 4036 175
4398 5679 175
4758 4780 175
5709 8545 175
5888 6325 175
6051 9086 175
7198 7987 175
48 402 176
69 4842 176
375 3488 176
454 3931 176
473 1682 176
581 9159 176
1286 6450 176
1957 7578 176
2088 7434 176
4287 9761 176
4546 8766 176
5192 9764 176
5514 5865 176
6929 7201 176
7527 8560 176
8250 9523 176
8314 9420 176
162 1051 177
259 1667 177
464 1588 177
898 2631 177
1067 2928 177
1684 7344 177
1789 5143 177
1965 9587 177
2197 6044 177
2312 9736 177
2579 7319 177
2906 5516 177
3272 4599 177
3364 4096 177
4602 9942 177
5200 9105 177
6019 6401 177
6564 8719 177
6754 9048 177
9296 9808 177
252 7730 178
367 8036 178
384 5270 178
410 2512 178
679 5725 178
979 3110 178
1269 3355 178
1444 1938 178
1835 3946 178
1868 4337 178
2051 2493 178
2582 8026 178
2732 5252 178
2878 3572 178
3083 8762 178
3299 9732 178
3580 8501 178
4061 5803 178
4065 8610 178
4119 6553 178
5124 8934 178
5885 9648 178
6263 7871 178
6894 8564 178
7773 9739 178
82 121 179
1066 1138 179
1746 2450 179
1780 1843 179
2069 4130 179
2377 4323 179
3616 8477 179
3685 8304 179
4993 7342 179
5055 8860 179
5716 7251 179
5723 6049 179
5947 8864 179
6459 7592 179
6519 8603 179
7039 7644 179
8242 9167 179
74 242 180
157 4077 180
288 8117 180
346 2339 180
1541 2788 180
1627 6141 180
1758 9792 180
1915 7748 180
1974 7227 180
2019 6729 180
2167 4428 180
3001 9137 180
3173 5449 180
3432 9727 180
3513 9562 180
4817 5224 180
4817 5662 180
5562 9579 180
5666 7959 180
6643 9429 180
7011 8110 180
8433 9261 180
8872 9811 180
105 1454 181
196 7665 181
332 3850 181
360 9583 181
714 4522 181
885 8309 181
1086 5607 181
1266 9852 181
1303 7991 181
1937 8238 181
2022 2439 181
2239 8213 181
3153 4302 181
4744 6524 181
4989 7118 181
5966 9397 181
6394 9029 181
6578 7953 181
6813 8021 181
6893 7239 181
6998 7104 181
12 54 182
339 418 182
385 2980 182
395 1322 182
431 9931 182
862 2674 182
883 2238 182
1162 1581 182
1558 3783 182
1584 4928 182
1747 4248 182
2187 2209 182
2268 9894 182
3040 8924 182
3413 8050 182
3528 3800 182
4061 7527 182
4437 5602 182
4751 7478 182
4893 9072 182
5815 7060 182
6711 6898 182
6714 7903 182
6980 9548 182
9287 9589 182
300 1794 183
607 5418 183
1671 4099 183
1951 2707 183
2046 5798 183
2656 6023 183
3127 9456 183
3968 7076 183
4837 4852 183
5830 6265 183
6259 6334 183
7056 8634 183
47 8913 184
215 363 184
308 8059 184
787 6276 184
935 9829 184
1056 2213 184
2427 3578 184
2597 5089 184
2665 7261 184
2738 3606 184
2844 5353 184
3067 6183 184
3568 4606 184
4681 5782 184
5215 8536 184
5386 6344 184
5504 7640 184
6 9 185
45 5546 185
133 7898 185
190 647 185
382 687 185
1509 2732 185
1701 4978 185
1715 2838 185
2328 2393 185
3122 7977 185
5913 8593 185
7079 9073 185
23 6293 186
76 9957 186
185 670 186
311 865 186
329 1475 186
465 1289 186
991 1212 186
1295 2929 186
1767 9934 186
1782 4149 186
2263 3701 186
2396 2870 186
2499 2643 186
2698 3782 186
2911 8244 186
3595 5024 186
3707 7718 186
3799 7528 186
4302 5492 186
4401 4540 186
4986 9975 186
5170 7865 186
5503 5948 186
7501 8991 186
8936 9288 186
988 3710 187
1101 9325 187
1105 1209 187
1693 5089 187
1716 1932 187
2012 3057 187
2133 3182 187
2457 4577 187
3237 6873 187
3811 7632 187
3895 6664 187
5654 8645 187
6901 9759 187
7571 7789 187
8391 8503 187
9037 9321 187
1 15 188
142 1674 188
345 681 188
888 9848 188
1050 1057 188
1198 1359 188
1454 2526 188
2867 3231 188
3200 4999 188
3428 9584 188
3808 9154 188
3989 5083 188
4165 9976 188
5954 6837 188
8096 9273 188
118 9009 189
198 1110 189
411 3494 189
1125 5388 189
1279 9135 189
1320 2028 189
1443 4653 189
2954 7546 189
3619 5415 189
3713 7412 189
4860 6804 189
4948 8984 189
4972 9510 189
5075 9457 189
5851 9207 189
6400 7968 189
6674 7356 189
7461 8853 189
117 542 190
183 4117 190
217 400 190
219 8108 190
427 8469 190
488 6544 190
693 3460 190
890 7015 190
1017 6016 190
1243 3713 190
1391 5296 190
1509 2577 190
1536 5697 190
1836 3197 190
1842 2186 190
2309 7775 190
2825 8047 190
2959 7476 190
2990 6420 190
3121 4995 190
3285 3730 190
3603 8201 190
4637 5350 190
4827 5493 190
5060 9742 190
5369 8768 190
5888 6251 190
5983 9630 190
6754 7877 190
7079 9061 190
7237 8430 190
152 1783 191
431 3956 191
729 2626 191
845 1883 191
978 980 191
1030 2961 191
1064 5312 191
1271 1400 191
1605 5442 191
1708 6707 191
2024 4790 191
2193 9533 191
2563 6644 191
2916 8823 191
3102 9345 191
3269 6208 191
3466 9965 191
3574 3600 191
4081 5362 191
4232 5103 191
4808 8574 191
6343 6688 191
7130 7938 191
8327 8576 191
347 2514 192
417 5983 192
472 3763 192
597 6684 192
631 991 192
797 7720 192
989 1363 192
1034 8696 192
1209 8884 192
1342 1736 192
1448 9599 192
1813 3716 192
2422 7537 192
2731 6818 192
2734 4525 192
3212 6522 192
4513 8342 192
6153 8942 192
6831 7695 192
7186 8233 192
391 474 193
430 4974 193
497 2334 193
689 9312 193
785 3174 193
854 969 193
1306 1421 193
1405 2838 193
2229 4668 193
3333 7646 193
3683 9621 193
4849 5618 193
5320 9243 193
5321 5351 193
5707 6645 193
90 621 194
436 8185 194
448 6751 194
468 6906 194
493 1756 194
534 568 194
834 1472 194
846 1856 194
977 9957 194
1683 9020 194
1692 7915 194
1785 7721 194
2374 7270 194
2549 9349 194
2769 8148 194
2965 3878 194
3190 6615 194
3349 3626 194
3388 5012 194
5088 9356 194
5108 6852 194
5371 9699 194
6104 6553 194
6207 8334 194
6332 9916 194
6348 7388 194
7645 8267 194
8037 9282 194
8357 9917 194
8525 8939 194
8762 9781 194
19 330 195
131 984 195
304 357 195
496 8533 195
627 8937 195
957 7536 195
960 7817 195
1320 6395 195
1359 5196 195
1409 6860 195
1909 4906 195
1944 8573 195
2440 7215 195
2925 4680 195
2975 5258 195
3403 6630 195
3889 6655 195
4443 8568 195
6489 7126 195
6839 7654 195
8854 9908 195
97 5173 196
170 6228 196
225 412 196
337 9602 196
683 4489 196
841 2416 196
1107 9255 196
1147 5271 196
1385 5962 196
1449 7377 196
1478 4390 196
1626 1772 196
1692 1693 196
2031 3048 196
2057 6359 196
2990 3672 196
3247 3611 196
3528 5003 196
4138 4887 196
5091 8563 196
6304 9797 196
6507 7996 196
7707 9590 196
7972 8833 196
9467 9851 196
550 4836 197
593 1273 197
681 4751 197
763 7788 197
1001 1089 197
1056 7237 197
1304 6773 197
1531 8200 197
1658 7094 197
1692 9896 197
1814 3243 197
1907 8913 197
2420 8105 197
2853 4029 197
2934 7554 197
3175 7885 197
3807 8680 197
4158 9828 197
4667 7197 197
4867 9208 197
5070 5213 197
5705 9652 197
6021 6194 197
25 5734 198
92 511 198
198 297 198
208 4946 198
249 3579 198
277 1688 198
397 662 198
612 758 198
802 2641 198
932 1161 198
948 8174 198
1108 1649 198
1195 6799 198
1440 3909 198
1888 4815 198
2007 7225 198
2027 3432 198
2164 8481 198
2198 3843 198
2333 9535 198
3559 5587 198
4737 5753 198
5015 5239 198
5768 9188 198
5878 6957 198
7812 8041 198
341 463 199
382 7768 199
418 3349 199
487 1353 199
494 6171 199
611 1026 199
857 2696 199
1182 9441 199
1350 5331 199
1546 5057 199
1778 8212 199
1949 4818 199
2250 6392 199
2977 4103 199
3247 3674 199
3309 6104 199
3369 5983 199
3828 9785 199
5596 5961 199
170 928 200
321 419 200
1619 7162 200
1916 8891 200
1986 5704 200
2334 8694 200
2679 9140 200
2955 9418 200
3370 3423 200
3841 7176 200
4198 8175 200
4387 7052 200
5125 5155 200
5775 8713 200
6104 6274 200
6506 7608 200
8005 9173 200
8046 9405 200
9718 9793 200
47 8061 201
145 410 201
172 2787 201
330 2317 201
552 1774 201
627 896 201
973 1695 201
1328 1782 201
1439 2409 201
1440 7349 201
1828 7355 201
2286 8084 201
2376 8067 201
2396 8979 201
2725 3156 201
2847 7731 201
2862 6460 201
3281 7567 201
3475 8383 201
4304 9116 201
4428 9421 201
4610 5111 201
4681 9305 201
5523 6508 201
5974 8358 201
9341 9854 201
367 7138 202
418 6384 202
659 4379 202
758 6927 202
759 6855 202
934 2888 202
1203 3986 202
1384 1407 202
1817 2117 202
1961 2080 202
2522 9352 202
2594 8931 202
3263 3326 202
3676 8994 202
4233 6307 202
5119 8534 202
5915 9999 202
6031 7539 202
6363 9620 202
6369 8384 202
6434 7051 202
410 6634 203
628 4564 203
861 4196 203
984 5455 203
1123 1708 203
1215 4147 203
1396 7913 203
1496 4553 203
2873 9479 203
4269 9256 203
4443 8508 203
5090 9540 203
5550 6432 203
5725 6018 203
8870 9714 203
8955 9017 203
9418 9468 203
37 85 204
181 6340 204
244 1555 204
565 3934 204
946 6174 204
1571 9891 204
2394 7636 204
3609 9408 204
4640 4822 204
5028 7351 204
6166 9916 204
6341 6657 204
6735 6811 204
7491 9615 204
7846 8744 204
370 4433 205
392 5211 205
431 468 205
514 3899 205
893 3154 205
1081 3729 205
1094 1434 205
1149 6749 205
1247 7383 205
1285 3424 205
1577 7299 205
1772 5209 205
1877 5625 205
2202 7698 205
2763 4251 205
2764 8417 205
3163 3552 205
3437 8737 205
4043 5217 205
5072 6464 205
5484 7692 205
6057 9390 205
6776 7445 205
6853 7341 205
8199 8330 205
224 6463 206
249 541 206
402 1335 206
469 731 206
637 3952 206
643 5354 206
804 7913 206
987 7262 206
3166 5286 206
3301 6825 206
3361 6103 206
4990 5571 206
6491 8289 206
7192 8708 206
7707 7908 206
132 3329 207
335 820 207
412 1498 207
560 1230 207
883 9984 207
1040 7813 207
1129 9027 207
1193 7957 207
1799 9514 207
1931 6011 207
2088 5424 207
2299 6108 207
2868 7879 207
2902 3388 207
3002 3612 207
3563 6402 207
4098 4472 207
4368 8033 207
4629 9096 207
5094 6627 207
7002 7505 207
9220 9653 207
89 4951 208
710 4922 208
890 9047 208
1909 4183 208
1936 1999 208
2323 6899 208
2440 8994 208
2924 6476 208
3099 6684 208
3897 7591 208
4149 8832 208
5795 8450 208
5943 6820 208
7390 7728 208
7540 8275 208
5 469 209
126 676 209
337 5080 209
382 8563 209
587 3216 209
1063 9414 209
1138 5552 209
1232 2472 209
2123 5428 209
2438 5630 209
2669 4006 209
2707 6306 209
2723 6077 209
2889 4673 209
3079 4226 209
3992 6932 209
4362 6373 209
4769 9407 209
5285 6796 209
5515 6768 209
6262 7980 209
6583 7181 209
7929 8419 209
37 647 210
391 1226 210
630 9521 210
680 1932 210
2055 3534 210
2262 6574 210
2353 3376 210
2868 5681 210
2899 4098 210
3250 9343 210
3560 4320 210
4419 9965 210
4623 5590 210
4628 9454 210
5616 7401 210
7669 9680 210
8565 9956 210
134 191 211
264 569 211
487 2546 211
580 2091 211
869 8798 211
1429 2361 211
1512 2544 211
1807 3199 211
2024 5256 211
2095 4866 211
2118 8799 211
2192 2759 211
2351 6190 211
2670 7772 211
2880 4650 211
2911 3058 211
2935 8946 211
3289 5854 211
4252 4946 211
5559 7655 211
6058 9336 211
47 118 212
98 2424 212
325 404 212
1078 8739 212
1108 1483 212
1112 6626 212
1269 1848 212
1496 6291 212
1658 6838 212
1974 8602 212
2581 6559 212
2774 7707 212
4307 4869 212
4473 6357 212
4507 9422 212
5885 6712 212
6059 8426 212
6323 9835 212
6546 8891 212
6985 8620 212
7323 8216 212
8261 8542 212
8325 8753 212
183 2435 213
732 1640 213
1412 4027 213
1475 9130 213
1596 2467 213
2635 7831 213
2765 7780 213
2814 6606 213
3115 8180 213
3192 6991 213
3401 7478 213
4022 5302 213
4085 5048 213
4182 8123 213
4864 5943 213
72 4890 214
204 694 214
321 766 214
354 7242 214
450 7022 214
716 6317 214
922 2458 214
962 1085 214
1099 9035 214
1113 6798 214
1331 2365 214
1755 9570 214
2052 9892 214
2425 4236 214
2641 3947 214
2950 5777 214
3160 3165 214
3281 3555 214
3702 5393 214
3793 6422 214
4619 8446 214
4901 7665 214
6328 8662 214
6692 9055 214
7062 9446 214
7855 8332 214
8397 9973 214
8432 9909 214
9726 9936 214
259 369 215
389 1762 215
628 1860 215
950 8560 215
1294 8781 215
1474 3092 215
1700 2362 215
1957 4147 215
2665 5383 215
3547 4442 215
4019 6335 215
4055 6040 215
4499 7975 215
4670 9737 215
5381 7677 215
5452 7522 215
5736 7708 215
5821 8879 215
7159 8994 215
8077 9315 215
42 112 216
43 382 216
66 2374 216
128 2562 216
462 717 216
516 5279 216
527 4909 216
783 8807 216
791 3037 216
1029 1274 216
1383 8620 216
1933 2090 216
2256 3585 216
3180 8060 216
3293 4164 216
3323 6451 216
3332 9094 216
3415 4338 216
3805 6977 216
3887 9359 216
4131 9908 216
4287 7284 216
4301 4662 216
4506 4944 216
5094 8332 216
6087 7514 216
7718 9417 216
7 484 217
125 750 217
172 1580 217
639 2864 217
769 4610 217
787 2030 217
831 3120 217
849 1194 217
1542 1937 217
2031 2709 217
2233 6938 217
2747 4307 217
3324 5361 217
5374 8683 217
7035 7940 217
147 1973 218
221 1577 218
267 757 218
282 514 218
392 428 218
556 9913 218
919 6468 218
1032 1287 218
1135 9956 218
1537 5382 218
2023 3086 218
2283 2655 218
2463 6722 218
2614 6098 218
2763 9586 218
3046 7382 218
4262 9210 218
4546 9016 218
4599 7318 218
4843 8628 218
5381 6493 218
6088 7866 218
6302 7292 218
6631 6926 218
7317 9686 218
10 3490 219
18 107 219
174 4827 219
314 8488 219
462 8013 219
599 2083 219
605 850 219
804 2069 219
823 6236 219
1749 1958 219
2713 4712 219
2951 9679 219
2958 4866 219
2966 6857 219
3578 6362 219
3919 6149 219
4082 6755 219
4424 7035 219
5594 6742 219
5942 8023 219
104 8645 220
156 6324 220
709 3287 220
709 6339 220
1277 6081 220
1460 4321 220
1500 5169 220
1566 1758 220
1798 2905 220
2461 6529 220
2551 3844 220
2735 3901 220
3059 3849 220
3200 3521 220
3525 9469 220
3753 6266 220
4805 8362 220
6823 9188 220
7054 9814 220
7492 8239 220
8962 9835 220
9029 9193 220
29 228 221
1138 8704 221
1848 5209 221
1881 3613 221
2243 2569 221
2546 4109 221
3563 8758 221
3715 3750 221
3854 9990 221
4080 8530 221
4401 9990 221
4930 8319 221
7300 8733 221
126 7387 222
296 3342 222
571 1121 222
654 2376 222
764 4003 222
780 2307 222
842 1260 222
845 1045 222
848 2832 222
1434 3140 222
1976 7456 222
2036 3316 222
2047 8482 222
2082 4526 222
2570 2651 222
3604 6145 222
4691 7765 222
4860 5910 222
9402 9674 222
66 981 223
254 4017 223
1361 5246 223
1589 3553 223
1678 1926 223
1893 2012 223
2070 7757 223
2436 3750 223
2610 7516 223
2941 7872 223
3943 7294 223
5239 5996 223
5792 8209 223
5820 6661 223
8216 9651 223
4 19 224
179 370 224
303 416 224
550 6416 224
776 1724 224
876 8101 224
919 3435 224
1223 2938 224
1452 6624 224
1737 4206 224
1891 7382 224
2274 7802 224
2284 7667 224
2307 4242 224
3067 9793 224
3408 4235 224
4405 8921 224
4649 4840 224
6204 9611 224
1 7429 225
96 349 225
116 481 225
198 844 225
888 3049 225
1442 8611 225
1781 8135 225
1941 4865 225
2491 3495 225
2610 4603 225
2696 8028 225
3564 5174 225
3980 7231 225
4906 4989 225
5436 5599 225
5966 6263 225
6034 6367 225
7048 8284 225
8245 8251 225
79 222 226
162 2917 226
638 3629 226
641 4164 226
2281 9873 226
2730 5807 226
3230 4562 226
3811 9671 226
4371 4665 226
8191 8926 226
5 8176 227
83 1858 227
108 253 227
617 709 227
772 5926 227
1040 1623 227
1090 3954 227
1371 8022 227
2942 2987 227
3375 6417 227
3632 3799 227
3748 5578 227
4450 9465 227
5084 5833 227
5151 6964 227
5430 6894 227
5741 6216 227
5944 8157 227
7133 9489 227
747 5342 228
945 3681 228
1490 3297 228
1873 5661 228
2699 7010 228
2833 9113 228
4126 6117 228
4463 4473 228
5305 5826 228
5707 8523 228
7721 7942 228
8788 8959 228
121 1611 229
664 6221 229
725 7787 229
827 1385 229
933 1182 229
1050 6185 229
1792 3929 229
2225 8841 229
2552 4487 229
2911 4628 229
3918 5849 229
4105 7596 229
4530 4859 229
5522 7826 229
6500 8682 229
616 7896 230
624 8727 230
808 1246 230
1470 4484 230
2014 2093 230
2131 6696 230
2855 2915 230
4561 8683 230
4630 5839 230
5579 8594 230
6539 7996 230
6758 8538 230
7459 9563 230
8489 9631 230
80 2379 231
281 8654 231
317 4103 231
680 1014 231
711 5149 231
818 1993 231
1727 8539 231
3127 7143 231
3144 3401 231
3792 4721 231
4207 5083 231
4385 5290 231
4576 7586 231
6351 8567 231
6475 8201 231
99 6044 232
739 6802 232
781 8624 232
842 3889 232
867 4269 232
952 7931 232
1124 6989 232
1700 8845 232
1771 8658 232
2625 9646 232
2633 7707 232
2794 5597 232
2837 7723 232
2900 8573 232
3288 3435 232
4544 6136 232
5226 8031 232
5998 7249 232
6001 6007 232
7286 8652 232
8848 9270 232
5 84 233
7 1278 233
128 549 233
192 267 233
262 311 233
653 6784 233
1231 2770 233
1850 3147 233
2536 5048 233
2895 5784 233
4333 6975 233
4346 9883 233
4385 5717 233
4623 5750 233
4840 9215 233
7460 7524 233
7747 7882 233
31 71 234
162 2165 234
276 816 234
430 750 234
548 1435 234
645 5030 234
648 7465 234
697 9735 234
830 6375 234
957 1572 234
957 9450 234
962 3734 234
1501 8695 234
1592 2888 234
1656 9352 234
1851 4200 234
1863 2745 234
2287 4658 234
2315 5774 234
2448 3393 234
2458 8437 234
2731 9520 234
2751 4641 234
3073 8835 234
3656 4780 234
3883 4352 234
4318 4783 234
4422 9763 234
4947 8796 234
6009 8065 234
6790 7254 234
7957 9484 234
8072 8525 234
374 7742 235
581 7819 235
1187 2601 235
1207 5974 235
1462 6818 235
1623 2182 235
1684 5005 235
1699 9633 235
2061 6160 235
2185 7263 235
2222 4882 235
2357 9014 235
2521 7997 235
2565 4931 235
2723 4926 235
2850 8963 235
3288 4551 235
3969 4386 235
4144 6334 235
5027 7011 235
5078 6980 235
5212 7251 235
5934 9893 235
7411 7887 235
9344 9789 235
26 27 236
194 8793 236
653 2045 236
673 4456 236
958 9698 236
1259 5788 236
1330 2100 236
1757 4652 236
2426 4824 236
2784 3394 236
2846 5140 236
3764 4160 236
3849 4188 236
4807 8223 236
7764 9641 236
94 8354 237
289 3408 237
1080 1995 237
1503 7435 237
2198 4794 237
2294 6703 237
2723 3935 237
3148 5635 237
4635 8213 237
5196 5215 237
5570 8870 237
5837 7046 237
6162 9825 237
28 6449 238
96 692 238
153 7670 238
402 8779 238
604 5718 238
647 9543 238
863 1258 238
1641 9350 238
1657 5783 238
1977 7657 238
2351 6137 238
2931 4674 238
3405 7414 238
4131 6128 238
4591 8126 238
4785 7684 238
5200 8021 238
5477 6651 238
6042 8333 238
7166 8999 238
7236 7523 238
7795 8556 238
9251 9569 238
0 391 239
276 1872 239
345 4156 239
489 3408 239
1423 5899 239
1523 5760 239
1751 9950 239
2094 4168 239
2175 4297 239
2490 5974 239
4526 6435 239
242 1053 240
260 7538 240
278 8694 240
319 4334 240
421 1033 240
857 7257 240
1455 9820 240
1665 3531 240
2245 2963 240
3354 4227 240
4244 5949 240
4490 5479 240
4593 8556 240
5174 5807 240
5278 9333 240
217 644 241
858 6156 241
2109 6550 241
2627 6738 241
3648 6561 241
3719 6669 241
4037 7453 241
4441 9685 241
5966 9548 241
6411 8493 241
7410 9201 241
144 8274 242
314 1899 242
557 1656 242
612 6161 242
734 7216 242
836 1479 242
1814 6142 242
1846 7253 242
2850 3376 242
3606 8602 242
3805 8500 242
4066 4534 242
6709 9892 242
8484 8522 242
130 1617 243
142 9718 243
177 337 243
261 2724 243
282 3437 243
637 8399 243
1114 1573 243
1349 6345 243
1606 2119 243
1664 9454 243
1759 1850 243
1988 9556 243
2258 7603 243
2576 7577 243
2843 7437 243
3186 8231 243
3724 8303 243
4294 6017 243
4360 6872 243
4529 9139 243
4597 7134 243
6305 7202 243
6360 9845 243
6526 8843 243
7309 8497 243
7445 8919 243
111 7827 244
164 641 244
286 2318 244
344 4492 244
682 4637 244
871 8658 244
1033 7722 244
1147 8695 244
1317 2840 244
1503 4930 244
2077 9992 244
2111 9601 244
2352 3104 244
2934 3172 244
3179 8907 244
4131 5174 244
4549 7750 244
7188 8551 244
143 360 245
328 4477 245
539 9897 245
560 9993 245
594 1962 245
621 8780 245
648 1253 245
798 2176 245
978 2043 245
2097 4269 245
2308 4347 245
2921 5856 245
3179 4959 245
4590 6803 245
4720 7222 245
4778 9164 245
5018 9905 245
5667 8783 245
6583 8171 245
26 94 246
37 124 246
144 4141 246
242 7538 246
286 1029 246
294 6065 246
417 9602 246
542 1062 246
673 2143 246
758 1035 246
1271 7776 246
1609 7805 246
1721 6911 246
1880 5117 246
2166 2840 246
2222 5610 246
2226 8547 246
2762 2917 246
2765 4132 246
2959 9723 246
2979 4431 246
4009 9845 246
4216 6864 246
4478 4844 246
5763 8795 246
6507 6817 246
572 2908 247
720 5336 247
1674 5838 247
2557 2874 247
2914 7206 247
3124 5855 247
3353 5422 247
3508 9175 247
3726 6439 247
4217 7258 247
4496 8010 247
4907 8810 247
5431 7537 247
6095 8474 247
6489 9484 247
6719 8336 247
8008 9281 247
9389 9727 247
10 1190 248
315 2032 248
375 9751 248
493 533 248
598 633 248
853 8230 248
897 9931 248
1093 3365 248
1237 2222 248
1511 7161 248
1903 3112 248
1906 3580 248
1947 5206 248
1966 3863 248
2281 3405 248
2417 3965 248
2868 7222 248
3143 5242 248
3638 4752 248
4395 9666 248
5118 9935 248
6497 7662 248
8809 9646 248
42 1866 249
340 6038 249
382 1241 249
468 2440 249
660 7090 249
756 1687 249
951 2730 249
1211 3916 249
1228 4555 249
1370 3133 249
1941 6248 249
2060 6719 249
2094 8434 249
2696 6224 249
3167 5983 249
3514 8720 249
3670 3810 249
3727 4952 249
4071 7113 249
4364 7374 249
4872 9067 249
5369 7163 249
5775 7351 249
6190 6452 249
6416 6793 249
8374 8771 249
9733 9983 249
83 1606 250
113 5032 250
150 573 250
297 2605 250
613 9536 250
759 3719 250
898 4891 250
967 2201 250
1103 6255 250
1608 6260 250
2089 6741 250
2204 2429 250
2445 2557 250
2624 3117 250
2720 4089 250
2792 7627 250
3558 9543 250
3618 4819 250
4279 6468 250
4320 6500 250
4465 7150 250
4989 7091 250
6463 7541 250
6909 8958 250
165 6775 251
302 1742 251
369 2360 251
540 1037 251
1254 5713 251
1273 9661 251
1335 5738 251
1402 4901 251
1681 9147 251
4144 9373 251
4375 7357 251
4417 4849 251
4512 5608 251
6046 9526 251
6432 6501 251
6826 9340 251
7328 9884 251
9028 9361 251
221 8200 252
737 2003 252
1060 7083 252
1073 6513 252
1285 5663 252
1519 5075 252
1748 5350 252
1861 5473 252
1908 7387 252
2406 8020 252
2846 6073 252
3003 5075 252
3385 8247 252
3629 4196 252
3832 5310 252
3918 7379 252
4285 7542 252
5377 5817 252
5532 7571 252
6645 8267 252
6857 8537 252
6883 8170 252
9374 9520 252
58 1533 253
81 4688 253
286 3938 253
520 7882 253
548 958 253
676 8787 253
803 9230 253
1358 1755 253
1439 1469 253
1746 4229 253
1849 8725 253
2009 5281 253
2178 5523 253
2461 6435 253
2822 4821 253
3549 6147 253
3591 5759 253
3650 5287 253
3894 8325 253
4955 6415 253
5394 9246 253
5781 6179 253
6536 8502 253
8148 9386 253
605 2048 254
878 1737 254
919 2679 254
1057 7262 254
1165 6052 254
1511 4027 254
1737 6830 254
1847 9302 254
2378 3627 254
3521 9950 254
4937 9920 254
5150 9420 254
6003 8238 254
6544 9511 254
5 3762 255
27 5466 255
30 7813 255
74 5662 255
461 9709 255
896 2329 255
1100 2597 255
1553 4530 255
1711 8079 255
1965 6715 255
2181 7061 255
2371 5982 255
2585 4566 255
2826 2997 255
2884 6649 255
3169 5777 255
3229 7299 255
3710 6664 255
5897 7230 255
6143 9663 255
6474 8517 255
6898 8578 255
7769 8927 255
18 3186 256
85 157 256
187 464 256
320 1368 256
351 577 256
454 2348 256
934 2856 256
1024 9457 256
1031 1658 256
1123 4771 256
1186 2859 256
1186 9156 256
1202 4889 256
1509 6257 256
1862 3205 256
1959 7547 256
2158 4670 256
2574 3010 256
2684 3677 256
3149 5789 256
3359 4527 256
3468 4900 256
3502 4513 256
3774 3905 256
4050 8618 256
4471 9682 256
6978 7685 256
8 8655 257
128 723 257
540 1107 257
720 8667 257
725 3554 257
1049 1846 257
1247 2216 257
1401 3478 257
1610 2988 257
3098 8541 257
3124 4093 257
3654 6214 257
5013 6116 257
115 372 258
687 9344 258
866 1589 258
1274 1277 258
1292 2531 258
1738 8715 258
1807 9195 258
1810 8839 258
2062 7178 258
2171 5125 258
2261 8007 258
2929 8463 258
3988 9580 258
5374 6201 258
5542 9515 258
6145 8164 258
6263 7860 258
7573 9269 258
8042 9281 258
8129 8559 258
8739 9361 258
39 353 259
195 2316 259
202 365 259
352 8631 259
545 5526 259
555 6933 259
685 4518 259
1003 1192 259
1013 1863 259
1294 6527 259
1569 9518 259
1907 8286 259
2044 9531 259
2152 3151 259
2309 7788 259
2499 9289 259
2604 5993 259
3425 6960 259
3823 9224 259
4488 6381 259
5374 5382 259
5495 6051 259
5497 9420 259
5689 7073 259
3 51 260
123 625 260
150 259 260
192 5604 260
271 8249 260
275 539 260
710 2111 260
790 1795 260
962 2765 260
1073 8490 260
1086 2124 260
1878 6166 260
2166 5867 260
2392 5786 260
2659 4115 260
3134 9504 260
3153 7608 260
3561 5118 260
3639 9414 260
3977 6385 260
4306 4621 260
4310 9238 260
4534 6021 260
4711 4912 260
4731 7650 260
5579 5898 260
6426 8884 260
7098 9024 260
16 111 261
103 8831 261
434 9455 261
435 2343 261
1029 4388 261
1033 7294 261
1535 4244 261
3065 3297 261
3094 6025 261
3158 6835 261
3586 7432 261
3896 8631 261
3993 9079 261
4447 9887 261
6234 7240 261
6579 9645 261
6647 9208 261
6787 9617 261
7123 7842 261
9182 9389 261
25 165 262
37 626 262
111 829 262
416 1721 262
426 2851 262
612 7062 262
626 6937 262
1062 1074 262
1323 1343 262
1456 3630 262
1823 6953 262
1880 8570 262
1973 2380 262
2471 8591 262
2587 5916 262
2806 8941 262
2902 3776 262
2934 7358 262
3535 8655 262
4020 4233 262
4883 9799 262
5965 9530 262
6334 8933 262
7148 9087 262
2 555 263
380 5748 263
406 9437 263
881 1151 263
1009 4639 263
1362 5675 263
1443 4503 263
1515 1745 263
1929 9723 263
2464 3293 263
2595 4687 263
2934 6809 263
3236 6249 263
3984 9778 263
4828 9815 263
6115 9748 263
7062 7416 263
7428 9930 263
8564 8838 263
62 9875 264
580 1913 264
606 6793 264
1223 1799 264
1751 8975 264
1882 2483 264
1981 5025 264
2406 8736 264
2577 6798 264
2579 7503 264
3383 9076 264
3871 4020 264
3995 6842 264
4411 6062 264
5505 6670 264
6351 8087 264
6576 7607 264
245 2712 265
289 2807 265
714 6448 265
928 5839 265
1006 1343 265
1198 7917 265
2121 3810 265
2158 2345 265
2903 4381 265
2969 4910 265
3202 7264 265
3665 9659 265
4080 6142 265
4136 6635 265
4326 5185 265
5526 5704 265
6301 8066 265
7163 9952 265
63 2548 266
318 851 266
434 3866 266
714 5621 266
1441 8115 266
2821 3374 266
4085 9912 266
4646 9617 266
5096 8256 266
5589 6886 266
7704 9630 266
7838 8219 266
16 1620 267
115 642 267
200 232 267
486 6974 267
671 8305 267
844 5579 267
2064 2677 267
2187 8208 267
3089 4177 267
3302 8407 267
3414 5289 267
3647 7144 267
4199 7949 267
4459 8949 267
5065 7328 267
5079 6196 267
5211 7943 267
5566 7060 267
6861 8979 267
7083 7831 267
106 196 268
625 2522 268
1014 9353 268
1127 3810 268
1138 2739 268
1980 9570 268
2535 5113 268
3117 5094 268
3151 6331 268
3157 8013 268
3418 9975 268
3561 8789 268
3780 9087 268
4867 6179 268
4981 8675 268
5528 6043 268
5732 6117 268
6170 9171 268
6419 6534 268
6716 9820 268
6756 9897 268
8985 9736 268
111 7401 269
145 7208 269
167 753 269
434 5325 269
437 7852 269
494 3766 269
538 658 269
617 5328 269
657 2937 269
819 4563 269
971 4968 269
1299 1798 269
2799 9858 269
2809 3217 269
3664 7706 269
4400 7492 269
4866 5162 269
4959 4974 269
5155 7063 269
5452 9246 269
5638 8004 269
6367 7171 269
52 6234 270
749 5942 270
1559 1770 270
2146 9896 270
2300 2476 270
2399 3098 270
2565 3746 270
3144 5515 270
3218 7723 270
3553 4512 270
4118 7905 270
9494 9557 270
359 534 271
914 4047 271
1183 7188 271
1454 2586 271
1461 5689 271
1523 4867 271
1588 5430 271
2187 2634 271
2206 2929 271
2212 5115 271
2529 3679 271
2864 7281 271
3148 3507 271
4037 9260 271
4893 6306 271
6804 9999 271
7509 9180 271
533 2136 272
535 5342 272
906 1150 272
959 8643 272
1041 1967 272
1068 2821 272
1138 3678 272
1305 6895 272
1468 1654 272
1487 9469 272
1596 8144 272
1800 3493 272
1834 4876 272
2785 8638 272
4134 4278 272
4350 5541 272
5051 7142 272
5075 5192 272
7351 7838 272
7615 9033 272
30 8788 273
55 836 273
96 8327 273
104 9266 273
588 6724 273
681 2801 273
763 9403 273
1067 1332 273
1357 9433 273
1432 8748 273
2311 3469 273
2343 4357 273
2388 4732 273
2813 3132 273
3226 6117 273
3733 5677 273
3983 4875 273
4256 9898 273
6763 8266 273
8408 8859 273
97 477 274
270 558 274
405 8901 274
578 936 274
628 712 274
925 1778 274
1026 9956 274
1539 4684 274
1695 2751 274
1841 4427 274
1871 3053 274
2007 9084 274
2219 9657 274
2503 9915 274
2789 2804 274
3903 7790 274
3919 7768 274
4784 6432 274
5615 9487 274
5634 8623 274
7426 9692 274
8731 9165 274
53 80 275
407 5343 275
762 7422 275
1364 9351 275
1397 5004 275
1526 2103 275
2073 4630 275
2134 7599 275
2398 2878 275
2541 3838 275
2584 9997 275
2764 6747 275
2775 7500 275
3126 9558 275
3527 6760 275
4569 4799 275
4636 6871 275
4769 8071 275
5199 5530 275
6594 8333 275
7941 9332 275
79 755 276
88 394 276
475 699 276
583 6339 276
767 2150 276
1061 7647 276
1494 1975 276
2492 3254 276
2526 8665 276
2935 5716 276
2983 3646 276
3426 3470 276
4268 5989 276
6273 7258 276
7240 8902 276
8449 9843 276
228 7850 277
331 1232 277
890 2789 277
1052 7562 277
1372 1874 277
1504 4287 277
1881 4691 277
1900 4255 277
2364 2986 277
2476 9781 277
2857 8744 277
2887 6519 277
3526 6072 277
3576 4930 277
3586 9941 277
3627 8309 277
3993 8726 277
4247 4891 277
4555 5417 277
4614 8582 277
5155 6137 277
5617 7921 277
5883 7293 277
6339 9891 277
6878 6914 277
8825 9937 277
435 1810 278
922 7247 278
977 1852 278
997 3158 278
1362 4027 278
2007 2036 278
2061 6491 278
2334 5364 278
2444 2911 278
2908 8370 278
3143 7904 278
3998 9682 278
4761 7118 278
5150 8621 278
5444 8932 278
6 4407 279
61 97 279
608 3347 279
939 7848 279
951 2200 279
971 6625 279
1003 3686 279
1355 6267 279
1370 4719 279
1387 2066 279
1515 4567 279
1594 6303 279
2023 3138 279
2764 9689 279
3599 4731 279
4794 8320 279
5461 6887 279
5638 5641 279
7044 8906 279
7099 9240 279
8596 9870 279
346 5013 280
425 2602 280
927 5925 280
1040 3755 280
1165 4295 280
1167 6834 280
1577 5571 280
2255 3631 280
2612 4573 280
2671 5052 280
2701 3723 280
3191 6269 280
3313 8506 280
3630 9491 280
3929 7113 280
4793 8832 280
4874 6039 280
5528 6363 280
5676 7565 280
5887 6271 280
6616 8417 280
27 220 281
318 2865 281
442 977 281
591 5136 281
960 8028 281
1000 8735 281
1094 1781 281
1175 1486 281
1364 3431 281
1934 2675 281
2034 9824 281
2396 6566 281
2670 4843 281
3526 6717 281
4733 9960 281
5120 5937 281
5289 6182 281
5895 8451 281
6338 9982 281
7689 8237 281
7957 8186 281
9722 9949 281
221 522 282
273 3083 282
373 1252 282
493 8846 282
806 1131 282
845 4089 282
992 1091 282
1027 9000 282
1351 4002 282
2113 9254 282
2878 3693 282
3413 6258 282
3804 6783 282
4089 7217 282
4714 8288 282
4823 5714 282
5090 9169 282
6043 9856 282
6663 9438 282
6878 7092 282
6885 7009 282
110 993 283
1023 1104 283
1044 6867 283
1227 8263 283
1471 1822 283
1499 9171 283
1810 7590 283
2263 4271 283
2739 7751 283
2800 7442 283
3097 8561 283
3287 8902 283
4153 9249 283
4687 7718 283
4704 7495 283
4891 7146 283
5223 9767 283
7143 7424 283
2 586 284
23 26 284
35 243 284
45 8679 284
133 8239 284
259 2471 284
380 7399 284
602 1025 284
1028 9573 284
1041 6469 284
1587 9884 284
2119 4770 284
3154 4837 284
3233 5957 284
3499 4512 284
3624 4063 284
3741 7481 284
4101 4968 284
4243 9324 284
4252 9200 284
4740 8847 284
6281 9876 284
14 9841 285
286 721 285
455 1403 285
507 9435 285
607 3266 285
747 3379 285
893 1784 285
1243 5735 285
1855 5371 285
1993 6605 285
2242 9277 285
3094 4834 285
3730 7079 285
4072 7089 285
4318 9433 285
4671 7475 285
4926 5456 285
4947 8960 285
5140 7671 285
6358 6825 285
6417 8957 285
6676 8412 285
59 749 286
624 4546 286
1107 9263 286
1656 5387 286
1658 8841 286
2103 6491 286
2198 3035 286
3268 4986 286
3926 5210 286
6394 6827 286
6882 7543 286
9166 9493 286
7 218 287
106 1644 287
730 927 287
862 8043 287
1042 3906 287
1095 6389 287
1228 2289 287
1347 4935 287
1756 4342 287
1849 9607 287
1878 1960 287
2329 9733 287
2349 7481 287
2378 5970 287
2401 9805 287
2484 5122 287
2944 5267 287
3589 6579 287
4458 8536 287
4553 6206 287
5372 8488 287
5713 7366 287
7841 8572 287
318 3203 288
364 540 288
382 593 288
532 660 288
830 1734 288
847 2027 288
877 1118 288
1591 2593 288
1856 1900 288
2065 4332 288
2090 4982 288
2478 5186 288
2543 7851 288
2595 4927 288
3482 7587 288
4313 8001 288
4441 9303 288
4574 7442 288
4698 7285 288
4911 4941 288
4925 9509 288
5474 5648 288
7207 7942 288
7767 9728 288
7820 8690 288
228 5162 289
253 2844 289
297 743 289
477 3281 289
544 833 289
565 2508 289
751 9633 289
849 5885 289
1111 6566 289
1219 3020 289
1965 8246 289
2468 4027 289
2829 8023 289
3727 4581 289
3942 7323 289
5295 6427 289
5529 6732 289
5720 7999 289
5884 7293 289
8783 9777 289
50 1855 290
52 148 290
133 8690 290
227 4583 290
456 7071 290
491 4903 290
1031 4489 290
1566 7407 290
1782 9078 290
1928 9800 290
2702 6442 290
2734 6050 290
2873 3977 290
3026 3960 290
3271 6539 290
3401 6788 290
3723 8250 290
3901 7257 290
4927 7066 290
5550 7795 290
6025 7604 290
110 462 291
300 5527 291
339 3936 291
513 8739 291
600 983 291
673 5347 291
723 1680 291
779 4462 291
1096 7922 291
1135 3733 291
1167 1672 291
1172 4316 291
1438 9297 291
1898 2456 291
2260 2684 291
3000 5002 291
3544 8613 291
3671 4207 291
3866 6671 291
4359 4924 291
5395 8042 291
5796 7159 291
5845 9267 291
6416 7583 291
8259 8758 291
10 547 292
55 120 292
161 334 292
316 6823 292
525 9214 292
691 7046 292
724 6146 292
969 7639 292
1328 5346 292
1617 9329 292
1645 3276 292
1938 9643 292
2101 9473 292
2216 3492 292
2269 3555 292
3384 3824 292
3734 7369 292
3773 9670 292
3836 7217 292
3860 4592 292
4211 6607 292
4647 5105 292
5551 5763 292
5962 9153 292
7607 9695 292
7 8757 293
74 162 293
819 6596 293
1000 1259 293
1211 1647 293
1264 4697 293
1366 4293 293
1421 8281 293
1707 1954 293
1776 4332 293
1942 5473 293
2167 7985 293
3219 4215 293
3681 6775 293
4144 6476 293
4333 6729 293
4663 4696 293
4692 5968 293
52 327 294
179 2501 294
2465 2923 294
2904 7203 294
3332 4848 294
3357 5167 294
3790 8487 294
3981 6763 294
4033 9327 294
4170 6592 294
4313 8586 294
4571 4643 294
4604 6266 294
4672 7661 294
5024 7472 294
6397 8007 294
6907 7954 294
141 6208 295
318 1198 295
345 680 295
672 4995 295
763 9606 295
798 4521 295
838 9712 295
1045 7513 295
1172 5572 295
1185 1199 295
1300 1705 295
1700 6091 295
1890 4439 295
1906 2505 295
1976 5875 295
1981 4530 295
2238 9949 295
2307 4360 295
2442 6593 295
7181 7363 295
225 7108 296
289 901 296
321 700 296
449 1275 296
517 4019 296
592 2781 296
996 6624 296
1124 9811 296
1254 1519 296
1372 2813 296
1748 2630 296
2051 7409 296
2057 7724 296
2454 4009 296
2529 3668 296
2788 7097 296
3213 7590 296
3589 5928 296
3990 5356 296
4451 5833 296
4695 6032 296
4862 6797 296
5000 6640 296
5456 7777 296
6058 6856 296
6342 9782 296
6499 9893 296
8103 8511 296
6 6562 297
53 679 297
60 6717 297
639 3365 297
875 2698 297
2713 9450 297
3520 6606 297
3712 3870 297
3974 8733 297
5492 6080 297
5992 7980 297
179 548 298
858 7453 298
1311 1539 298
1871 5341 298
1872 5715 298
2259 6954 298
3293 6986 298
4236 5941 298
4518 9501 298
5138 7824 298
5793 8728 298
7643 8093 298
8953 9141 298
0 4950 299
180 779 299
767 2717 299
1270 2824 299
1753 6049 299
1826 4397 299
2024 2240 299
2253 2866 299
2358 2496 299
2493 5128 299
2702 4883 299
3062 8238 299
3525 4667 299
3810 6157 299
3892 4862 299
5518 7688 299
6371 7400 299
6575 8657 299
70 5577 300
614 5925 300
892 6919 300
967 7390 300
1065 3284 300
1128 3966 300
1481 5627 300
1619 9520 300
1711 4796 300
1831 3509 300
2089 4761 300
2217 2308 300
2499 2898 300
3025 4322 300
3119 5102 300
3426 6064 300
3501 5017 300
5135 6258 300
5174 5938 300
6588 9995 300
6947 7410 300
8634 9596 300
9012 9219 300
9211 9270 300
46 8512 301
167 5726 301
491 4127 301
579 1054 301
881 3355 301
1037 2836 301
1399 5448 301
1565 2005 301
1779 5429 301
2257 3782 301
2270 5135 301
2396 6108 301
2564 2826 301
2915 4714 301
3157 5096 301
4054 5751 301
5151 5520 301
5451 8906 301
5755 8825 301
6675 7972 301
8225 8685 301
9435 9762 301
245 9641 302
261 8912 302
348 3037 302
798 9570 302
1227 6646 302
1281 1689 302
1335 2445 302
1683 8455 302
1746 4114 302
2014 2885 302
3019 7819 302
3411 4394 302
4160 9030 302
4416 5379 302
4465 5960 302
5326 6746 302
5778 8713 302
5876 9646 302
6608 8224 302
6714 6768 302
7599 8692 302
9360 9383 302
151 776 303
699 4457 303
1051 1754 303
1129 2264 303
1381 4820 303
1474 7100 303
1540 4193 303
1718 3451 303
1836 2715 303
1866 2654 303
2263 6147 303
2430 3972 303
2574 4718 303
2733 5190 303
3107 4580 303
3718 5700 303
4706 8492 303
5024 7838 303
5352 7228 303
7316 9091 303
7454 9480 303
9043 9217 303
235 6582 304
384 3624 304
421 1088 304
582 7541 304
876 7428 304
1180 2693 304
1544 3174 304
1928 1981 304
2053 2774 304
3722 5785 304
4257 8773 304
4455 6700 304
5037 5153 304
5045 5166 304
5221 6474 304
5324 8828 304
5877 5942 304
6028 6108 304
6288 6851 304
7437 9590 304
7709 9280 304
333 9638 305
613 694 305
944 2998 305
1381 5164 305
1401 6766 305
1831 7084 305
2876 7568 305
3194 3772 305
3249 8703 305
3400 6268 305
4810 4832 305
4971 8156 305
6630 8667 305
7051 9045 305
8606 9678 305
152 169 306
169 6909 306
248 5170 306
358 2653 306
377 4143 306
615 7246 306
626 5949 306
947 9525 306
1273 5585 306
1348 7193 306
1751 5596 306
2004 5362 306
2767 5286 306
3569 6304 306
3604 6470 306
4083 8742 306
4116 8319 306
4960 7696 306
6745 8633 306
7568 8970 306
86 214 307
196 7735 307
481 1249 307
563 2952 307
607 8751 307
900 8804 307
1107 3018 307
1368 4099 307
1873 6006 307
1889 4664 307
2052 3873 307
2281 6122 307
4389 6376 307
4434 5403 307
4461 5022 307
4915 5918 307
6002 7891 307
6533 8109 307
22 1550 308
106 939 308
585 2472 308
756 9068 308
1111 1396 308
1126 7774 308
1341 5897 308
1751 4964 308
2393 4701 308
2466 7412 308
2486 3890 308
2916 3699 308
3356 6885 308
3378 3554 308
3631 9859 308
3887 8988 308
3911 5280 308
4596 4832 308
4638 6545 308
4681 5301 308
5706 7714 308
7281 8315 308
7465 8297 308
7640 9619 308
74 173 309
199 1991 309
356 3490 309
589 4888 309
789 8930 309
879 3171 309
1339 2835 309
1394 6387 309
1651 8721 309
1682 6194 309
1728 8143 309
2380 7960 309
2585 5346 309
2672 3085 309
2811 8206 309
3374 4284 309
3787 4412 309
3917 6154 309
4057 4594 309
4515 7869 309
4549 4937 309
5677 8888 309
6011 9774 309
6153 6170 309
40 161 310
297 1381 310
707 7233 310
826 1237 310
911 7095 310
1537 3803 310
1583 6048 310
1827 3807 310
1889 8629 310
2260 2678 310
4452 5170 310
4554 9204 310
4770 7493 310
7471 8668 310
7733 9661 310
7940 7990 310
82 91 311
242 6374 311
313 6477 311
482 4359 311
652 3400 311
1540 5113 311
1552 8109 311
1686 3339 311
1722 7809 311
1829 3364 311
1848 3875 311
1918 9286 311
1941 3616 311
1986 2265 311
1992 2983 311
2852 7248 311
3144 5852 311
3768 5619 311
4104 7404 311
4868 6203 311
6186 8318 311
7358 8850 311
34 7212 312
69 285 312
82 737 312
272 493 312
550 3758 312
551 5159 312
1063 6479 312
1071 4402 312
1943 7645 312
2597 9609 312
2746 6683 312
3762 7624 312
4442 6237 312
5597 6001 312
5759 8558 312
7738 8328 312
29 472 313
222 1137 313
378 3774 313
972 4400 313
1220 3287 313
1477 6532 313
1639 6629 313
1708 9223 313
2256 3653 313
2524 8159 313
2786 2998 313
3312 4774 313
3450 9644 313
3613 5158 313
3901 7939 313
4015 7638 313
5094 5320 313
5939 9074 313
6109 7618 313
68 669 314
240 2062 314
713 3840 314
767 2173 314
970 3511 314
1522 5442 314
2569 8837 314
3494 5582 314
3829 6044 314
4664 7437 314
5569 6894 314
129 1480 315
159 1892 315
229 9813 315
261 998 315
715 2312 315
814 6580 315
921 4392 315
1413 6355 315
2232 4329 315
2262 2428 315
2416 5967 315
2454 3810 315
2480 4890 315
2937 4813 315
2948 3375 315
3595 4922 315
4186 5999 315
4238 6751 315
7529 8240 315
383 4789 316
1629 2742 316
1942 2328 316
1981 5120 316
2596 4105 316
2916 7157 316
3457 6588 316
3484 4212 316
3824 6990 316
4074 4550 316
4620 8801 316
5680 7433 316
6573 9531 316
6651 9531 316
6815 7064 316
7118 8748 316
595 7086 317
662 7336 317
859 5945 317
1249 4042 317
2027 4470 317
2700 3024 317
3169 9732 317
4302 9464 317
4458 6525 317
4643 5097 317
4663 8006 317
5074 9348 317
5784 6971 317
178 7666 318
197 1941 318
1009 3437 318
1715 5510 318
2266 6511 318
2393 2615 318
3267 7755 318
4016 8110 318
4155 9694 318
4753 7677 318
6029 9102 318
6137 7224 318
6191 8913 318
8193 9286 318
40 302 319
317 3150 319
665 1250 319
1214 7454 319
1304 9084 319
1378 1392 319
1733 6258 319
2050 2701 319
2229 5274 319
2353 2973 319
3074 6041 319
3649 8876 319
4535 4798 319
4715 5303 319
4971 8164 319
6187 7144 319
7004 9563 319
7743 8728 319
8182 9196 319
334 502 320
347 988 320
628 5219 320
1001 4818 320
1707 2478 320
1949 3965 320
2241 6858 320
2428 4490 320
2676 3242 320
2863 4904 320
3091 9057 320
4176 9274 320
6541 7211 320
7763 9610 320
19 359 321
65 854 321
69 562 321
118 2408 321
141 5051 321
162 3116 321
382 807 321
679 3824 321
720 827 321
771 3410 321
909 1052 321
1107 6852 321
1110 6423 321
1137 1672 321
1608 9151 321
1722 2066 321
1761 7212 321
2015 2970 321
2266 3421 321
2404 9303 321
2648 6433 321
2726 6276 321
2864 5791 321
3021 4253 321
4714 5318 321
4945 5110 321
7012 8112 321
315 7402 322
316 9166 322
488 2903 322
1433 2598 322
2293 5514 322
2390 9314 322
2801 9237 322
4891 8277 322
5101 7113 322
5160 8044 322
6934 9265 322
71 618 323
101 1123 323
113 135 323
261 4653 323
347 695 323
836 2853 323
1077 2338 323
1863 4572 323
3325 3471 323
3330 5742 323
3678 8380 323
3942 4913 323
4178 7212 323
4388 9734 323
5271 5712 323
5471 8429 323
5956 6736 323
7455 9044 323
9612 9967 323
15 4214 324
66 1952 324
151 7656 324
420 4609 324
728 6284 324
743 817 324
993 2795 324
1728 7822 324
1809 7065 324
2199 5854 324
2295 4779 324
2363 6697 324
2835 7296 324
2889 3486 324
2927 4024 324
4360 4738 324
5041 7990 324
5116 7654 324
5243 7079 324
5325 7840 324
5390 9901 324
6403 9683 324
7041 8118 324
7576 7661 324
8051 9431 324
306 3393 325
1044 7978 325
1132 2770 325
1145 8667 325
1714 3619 325
1864 6016 325
1919 8855 325
2733 9449 325
2738 7142 325
2820 8600 325
3658 6599 325
3742 6216 325
4133 8580 325
4804 5305 325
5156 7302 325
6228 9925 325
7594 9644 325
8720 9290 325
193 1223 326
231 7318 326
380 4548 326
925 1617 326
944 1354 326
1778 4194 326
2242 2411 326
2411 3315 326
3953 5763 326
4032 8729 326
4188 7386 326
4358 6165 326
4587 6667 326
4874 9841 326
6095 8527 326
6778 8102 326
147 425 327
176 622 327
408 3093 327
457 3571 327
488 892 327
560 677 327
610 3096 327
797 1067 327
1290 1710 327
1455 2415 327
1695 7757 327
2683 4133 327
3230 6196 327
3433 9065 327
4420 7422 327
4558 5757 327
7269 7784 327
41 5943 328
1723 7444 328
1806 8350 328
1812 8259 328
2090 5430 328
2675 3088 328
2681 5187 328
2985 5746 328
3826 4246 328
5589 6193 328
7057 8830 328
7648 9169 328
197 1428 329
373 978 329
537 6205 329
610 2321 329
1552 5197 329
1863 2006 329
3004 3681 329
3358 8386 329
3506 7168 329
3728 6418 329
5354 6676 329
6269 9867 329
8020 9704 329
8931 9433 329
292 5558 330
577 999 330
887 9713 330
940 1818 330
1491 6300 330
1602 3357 330
1618 9745 330
1677 4247 330
2130 2647 330
2737 6021 330
2759 8002 330
3276 4617 330
3470 3885 330
3744 6350 330
3834 9886 330
4705 6446 330
5356 8098 330
5890 8398 330
7553 7818 330
9309 9420 330
38 2818 331
200 516 331
410 1433 331
432 3290 331
989 9456 331
1045 7568 331
1071 1193 331
1568 2107 331
2076 7672 331
2440 8153 331
2449 4608 331
2703 4299 331
3085 8701 331
3928 7569 331
4171 7055 331
4423 8088 331
4831 5519 331
4930 6486 331
6992 7258 331
7290 7843 331
7418 8301 331
952 5721 332
1084 5760 332
1245 4028 332
1255 3317 332
1281 2500 332
1479 9907 332
1747 7074 332
1846 3523 332
2699 5890 332
2788 7144 332
3252 8465 332
3346 4799 332
4928 5374 332
5229 6753 332
5714 7498 332
6271 8076 332
8475 8686 332
9749 9968 332
450 1961 333
522 580 333
849 3169 333
1504 4019 333
2043 2678 333
2344 6145 333
2347 6346 333
3072 5994 333
3842 6900 333
3923 9705 333
5140 9021 333
5212 9645 333
5508 9395 333
5884 6973 333
5983 6239 333
6841 8317 333
7200 8627 333
8886 9604 333
62 96 334
365 2920 334
520 3115 334
655 1358 334
1146 4686 334
1163 5402 334
1287 8972 334
2179 5965 334
2751 8381 334
2956 3988 334
3084 5080 334
3130 6267 334
3515 7506 334
3858 8747 334
4225 7714 334
5247 6121 334
5812 9856 334
86 154 335
1100 5670 335
1665 7991 335
2205 5983 335
2268 4292 335
2382 5941 335
3069 9764 335
3186 8178 335
4721 4799 335
4833 8753 335
5737 5740 335
5812 8991 335
6879 9495 335
6882 7697 335
7201 9676 335
7706 9923 335
368 6955 336
569 3386 336
725 3181 336
835 1055 336
1618 2437 336
2373 2744 336
2530 2764 336
2560 3482 336
2773 6664 336
2788 2964 336
3190 5486 336
3764 7685 336
3929 5334 336
4515 7819 336
4524 7549 336
4746 6182 336
5294 8227 336
5811 6162 336
6748 9503 336
7882 8435 336
8953 9858 336
62 3792 337
116 9287 337
224 5293 337
650 3175 337
955 7904 337
2038 3302 337
2193 8322 337
3724 6995 337
3764 7999 337
6058 7134 337
6679 7431 337
183 7160 338
235 2232 338
375 2738 338
380 646 338
1130 7598 338
1380 7854 338
2008 9904 338
3605 4970 338
4205 6966 338
4304 7258 338
4347 6480 338
4574 8557 338
5409 8338 338
5718 6212 338
5922 5975 338
6168 8932 338
7111 8016 338
7451 9104 338
147 6308 339
167 1122 339
596 2671 339
597 4662 339
783 6358 339
819 4067 339
843 3302 339
936 4494 339
995 3136 339
1167 7584 339
1496 5612 339
1536 6891 339
1930 6119 339
2754 4061 339
2909 8889 339
2971 8029 339
4311 5313 339
4942 7079 339
5095 6115 339
7074 9847 339
95 270 340
141 1522 340
613 942 340
669 7603 340
775 2289 340
840 2228 340
935 7848 340
1383 1950 340
1464 2532 340
3296 4115 340
3313 3722 340
3871 5674 340
5037 5183 340
5216 5702 340
5738 6963 340
6340 8277 340
34 79 341
41 810 341
267 782 341
401 4782 341
544 6568 341
818 6862 341
1175 8630 341
1297 9289 341
1328 3068 341
1923 6531 341
2596 3780 341
2866 7257 341
3340 4716 341
175 3768 342
470 4300 342
1131 4955 342
1164 2277 342
1416 5026 342
1524 6105 342
1527 2812 342
1601 2354 342
1669 6239 342
1733 5728 342
1851 7130 342
2114 9026 342
2140 5868 342
2141 6235 342
2172 9128 342
3362 4183 342
3482 8918 342
3490 6690 342
5892 8279 342
17 166 343
19 1625 343
209 841 343
544 6203 343
588 1196 343
2318 2732 343
2706 7914 343
3556 4717 343
3888 9866 343
4050 8542 343
5284 5639 343
6061 6080 343
5 31 344
206 4048 344
376 735 344
621 5946 344
778 1317 344
826 2638 344
961 3581 344
972 1690 344
1205 3668 344
1418 9090 344
1617 3931 344
2524 9717 344
2947 3280 344
3484 7992 344
3677 8971 344
4052 7142 344
5875 8681 344
413 2335 345
451 2700 345
553 9763 345
836 2465 345
1182 1470 345
1278 2366 345
2085 9097 345
2756 3839 345
2867 4453 345
3106 4775 345
3320 9149 345
3880 6443 345
4125 8262 345
5080 6665 345
6026 9473 345
6053 7590 345
6906 9382 345
175 203 346
721 4190 346
1050 3175 346
1152 7770 346
1166 1169 346
1380 2220 346
1669 8925 346
2077 9228 346
2160 3949 346
2373 2946 346
2770 4708 346
3833 6097 346
3981 8728 346
4881 7569 346
7210 8724 346
7727 7779 346
9234 9980 346
5 276 347
151 9350 347
385 2890 347
424 6578 347
484 1881 347
556 1247 347
608 1931 347
687 9973 347
810 2243 347
842 874 347
948 9050 347
1241 1293 347
2480 3657 347
3592 6702 347
4505 5177 347
4591 4883 347
5021 8793 347
5490 7641 347
7540 7888 347
7952 9822 347
8107 8668 347
9048 9485 347
4 8304 348
25 9777 348
35 9039 348
86 223 348
1146 2268 348
1157 5483 348
1162 9565 348
1648 5342 348
2242 4362 348
2931 4922 348
3022 6252 348
3162 8358 348
4142 6405 348
4595 6045 348
5830 7153 348
192 5464 349
367 1234 349
378 7259 349
540 1739 349
571 1308 349
693 2686 349
1461 2373 349
1774 6807 349
2154 3158 349
2585 6354 349
2761 3081 349
3044 6243 349
3095 3221 349
3209 6792 349
3942 5386 349
4140 9322 349
4442 4962 349
7021 7498 349
8150 9436 349
365 5598 350
700 9342 350
850 2896 350
940 7659 350
1413 6743 350
1694 2886 350
4415 8080 350
4536 8921 350
7772 9520 350
196 3582 351
322 5221 351
532 4124 351
544 3962 351
811 9867 351
1102 2129 351
1181 4937 351
1246 6786 351
1291 6165 351
1314 8588 351
1576 5653 351
2406 7114 351
2477 5645 351
3135 3724 351
4443 6421 351
4842 8833 351
6282 9009 351
6908 7736 351
64 3163 352
441 1420 352
532 2067 352
640 2601 352
845 1136 352
924 5620 352
1371 7802 352
1496 3260 352
1798 4573 352
2336 7998 352
2711 8543 352
3585 3789 352
3719 8078 352
3764 8968 352
5046 6873 352
6188 6382 352
6455 7301 352
6750 7843 352
6887 9452 352
7357 7837 352
206 5313 353
344 3124 353
1266 2349 353
4008 4678 353
4175 8533 353
4347 7236 353
5299 6300 353
6444 8949 353
6572 9120 353
8424 8575 353
190 4801 354
211 6384 354
905 5657 354
965 7753 354
1149 3225 354
1196 9574 354
1503 1591 354
2089 4938 354
2604 5490 354
2987 9116 354
3255 4210 354
3442 7419 354
4955 5275 354
5001 7070 354
6000 9596 354
7484 7568 354
9727 9825 354
102 9720 355
492 1909 355
1599 3582 355
1601 2177 355
1998 2191 355
2325 6310 355
2350 4707 355
2811 4595 355
3260 3462 355
3554 3928 355
3582 4913 355
4198 6587 355
4474 7133 355
5624 6824 355
6632 6935 355
40 2147 356
110 2639 356
285 4582 356
1166 2981 356
2451 5400 356
3361 5290 356
3423 3648 356
3507 7316 356
4181 5015 356
4328 6256 356
6356 7227 356
327 511 357
610 1098 357
1015 3371 357
1350 8805 357
1459 7860 357
2052 7825 357
2484 9808 357
2780 4418 357
3092 5233 357
4112 4241 357
4186 4560 357
4911 7529 357
6548 9750 357
6939 7859 357
139 614 358
260 444 358
550 701 358
1017 5065 358
1416 7881 358
1721 2431 358
1823 9432 358
2130 7907 358
2434 4182 358
2559 5262 358
3089 7385 358
3131 5038 358
3278 7867 358
3822 9755 358
4618 5041 358
5139 6527 358
5866 8919 358
8577 9756 358
121 7810 359
411 1999 359
525 1597 359
775 830 359
925 7423 359
1062 7107 359
1189 7658 359
3034 7689 359
3534 6789 359
4029 4537 359
4358 5419 359
6950 9079 359
8462 9496 359
9003 9837 359
4 2710 360
163 3484 360
367 7997 360
575 3222 360
938 1196 360
1070 1885 360
1202 4645 360
1229 5011 360
2067 3815 360
2347 6353 360
2588 3820 360
4058 5164 360
4088 6400 360
4313 6132 360
5626 7673 360
60 2226 361
539 2322 361
751 5547 361
1060 1759 361
1905 9981 361
2458 7499 361
2509 2995 361
3573 4625 361
4756 6652 361
5855 9059 361
7024 9891 361
564 1893 362
1039 7178 362
1604 1624 362
1928 6158 362
2050 9916 362
2797 4063 362
5356 6775 362
5566 9613 362
6242 6601 362
7943 8348 362
43 5284 363
228 6218 363
237 2333 363
609 875 363
866 1437 363
920 6030 363
977 8641 363
1087 6928 363
1380 7649 363
1441 4255 363
1464 3261 363
1522 5340 363
1653 1840 363
2221 3166 363
2266 5087 363
4467 4941 363
4853 7002 363
4986 6660 363
6360 7520 363
15 2642 364
252 6087 364
349 8473 364
1166 1774 364
1218 6013 364
1406 5660 364
1835 4841 364
2824 4730 364
3061 6530 364
3063 4364 364
3477 5549 364
6276 8363 364
8555 9654 364
9344 9832 364
121 1992 365
483 982 365
1155 2990 365
2569 3131 365
2839 8558 365
3656 3662 365
3982 7920 365
4195 6814 365
5375 8514 365
150 2084 366
839 9250 366
1033 9190 366
1215 9106 366
1856 2499 366
2619 7807 366
2812 8197 366
4400 9757 366
4832 9022 366
4968 8039 366
6725 8712 366
7017 7921 366
125 2127 367
178 3257 367
552 4088 367
847 1632 367
1004 8130 367
1098 1548 367
1140 2954 367
1218 1711 367
1249 2098 367
1470 9424 367
1780 5806 367
3008 4106 367
3178 4847 367
3185 7460 367
3321 6338 367
4192 7245 367
4250 6622 367
4509 6433 367
5044 9060 367
5385 9816 367
5402 8195 367
6058 9658 367
7008 8719 367
7022 9652 367
307 1698 368
351 802 368
741 897 368
1061 6600 368
1248 1551 368
1983 3294 368
2900 4984 368
3301 4638 368
6662 8210 368
146 8087 369
191 2784 369
516 828 369
725 8773 369
1004 5716 369
1043 1767 369
1131 1133 369
1395 7875 369
1429 4350 369
1624 3882 369
1687 3111 369
3492 4343 369
3796 9934 369
4164 5988 369
4403 5247 369
4512 5104 369
4619 7748 369
5264 9809 369
5693 9775 369
221 6965 370
268 2355 370
694 1691 370
1885 3566 370
1927 8265 370
1953 3421 370
2116 2943 370
2122 7328 370
3311 3402 370
6312 8232 370
7634 8109 370
323 8179 371
350 6824 371
466 1181 371
768 2525 371
1066 2370 371
2890 6296 371
3368 8538 371
3699 6993 371
3808 8337 371
4946 5587 371
7587 8231 371
7638 8431 371
8624 9655 371
941 4612 372
1081 7833 372
1204 4174 372
2206 5363 372
2258 9623 372
3501 9804 372
3654 6907 372
5445 5688 372
5577 8821 372
6314 8640 372
8298 8944 372
128 5685 373
535 2780 373
859 4917 373
1508 3573 373
1806 5023 373
2187 9207 373
2462 3958 373
3422 6845 373
3503 4791 373
4367 5675 373
4395 7677 373
5319 8273 373
7089 9148 373
7257 8011 373
143 7814 374
902 9073 374
1631 8351 374
2017 9232 374
2252 3631 374
2402 7191 374
3076 4122 374
3158 9890 374
3418 3894 374
4046 5068 374
4091 8620 374
4242 8392 374
4457 7613 374
5254 8044 374
343 5680 375
717 4033 375
925 6443 375
1044 4125 375
1309 7115 375
1666 2252 375
2469 4944 375
3539 8442 375
3979 9044 375
4387 9202 375
4859 5750 375
6175 9352 375
9041 9739 375
251 911 376
1268 4276 376
1287 2849 376
1503 2736 376
2537 8308 376
3955 6254 376
4802 7983 376
5656 9172 376
6392 6799 376
78 4416 377
580 912 377
739 9497 377
857 6475 377
898 6093 377
1103 6404 377
1378 6460 377
2046 5378 377
2078 5635 377
3239 4496 377
3462 9784 377
3765 6573 377
3937 9509 377
4152 9922 377
4706 8756 377
5815 8414 377
6793 8742 377
7540 9750 377
8430 9041 377
8442 9921 377
9135 9438 377
968 1076 378
1422 4071 378
2137 3685 378
2362 8513 378
2614 5790 378
3025 7218 378
4865 8069 378
4959 7165 378
5146 8459 378
5179 8287 378
5532 7261 378
5624 7652 378
5854 9047 378
7167 9738 378
2201 2558 379
3276 3637 379
3303 6644 379
3513 8715 379
3597 8338 379
4210 4516 379
5800 5804 379
6827 8806 379
139 5570 380
903 5225 380
1018 4331 380
1152 3609 380
2185 3264 380
2853 4328 380
3457 6046 380
3699 4805 380
4034 5434 380
4202 4556 380
4332 8068 380
4844 8797 380
6374 6621 380
38 1796 381
518 4975 381
850 7532 381
1409 9665 381
1811 3239 381
2577 3675 381
2690 8164 381
3539 9267 381
3642 9239 381
3655 4725 381
3815 7429 381
3948 6425 381
4435 6921 381
4733 8826 381
5026 7283 381
5992 7367 381
6514 8246 381
1308 1825 382
1340 2882 382
1729 9222 382
2049 7122 382
2426 8481 382
3142 6202 382
3953 5955 382
5264 5493 382
5554 7024 382
5965 8495 382
6304 9977 382
7071 8226 382
7402 8323 382
232 3530 383
247 452 383
388 585 383
609 8777 383
687 7124 383
2797 8003 383
2901 3392 383
3437 4981 383
3648 8650 383
3840 9138 383
3858 5624 383
3987 8595 383
4440 8819 383
6546 7117 383
7563 8853 383
7757 8892 383
20 201 384
1827 6126 384
2866 4369 384
2895 7007 384
3068 6604 384
3709 4977 384
6731 7072 384
8461 9941 384
256 1726 385
556 3461 385
1212 5277 385
1581 6615 385
2209 8196 385
2275 8337 385
2540 3157 385
4804 9247 385
5398 6814 385
6892 8143 385
342 9881 386
900 2559 386
1666 4100 386
2695 7869 386
2696 4590 386
2892 6492 386
3016 7952 386
3817 7882 386
3966 9448 386
4732 7687 386
5398 7763 386
7274 8001 386
745 4218 387
789 4018 387
801 5434 387
1225 1924 387
1645 1853 387
1881 6935 387
3206 7772 387
3695 6498 387
4069 5700 387
4193 8750 387
4290 5295 387
4969 5366 387
5141 6992 387
6064 9914 387
6962 8123 387
178 6522 388
304 5543 388
563 5242 388
1052 3697 388
1243 2481 388
1670 3904 388
2604 2879 388
2741 6875 388
2842 9855 388
3265 7378 388
3505 6903 388
4830 8004 388
4839 6985 388
5036 5626 388
5635 7421 388
6757 9860 388
284 9561 389
903 2322 389
1048 3016 389
3814 5710 389
4159 9092 389
4601 8381 389
5971 7671 389
540 7032 390
999 2875 390
1493 5508 390
1567 7270 390
1716 5745 390
1812 4197 390
1819 7445 390
1905 8567 390
2408 7946 390
2421 3195 390
2598 3137 390
2705 6801 390
3592 9657 390
4642 9358 390
5795 7674 390
7415 9962 390
821 7866 391
856 7885 391
1510 8909 391
1548 3672 391
1592 5878 391
1635 3673 391
1910 3800 391
3085 6963 391
6672 8423 391
282 6538 392
452 4646 392
891 4008 392
1290 1586 392
1320 7275 392
1735 5222 392
2224 6517 392
2793 3586 392
3759 6772 392
4291 5906 392
4705 8864 392
7412 7912 392
187 423 393
1524 2531 393
1817 9307 393
1881 1920 393
2114 4291 393
2451 4015 393
3529 6069 393
3879 4346 393
4137 7628 393
4295 6372 393
4317 9422 393
5055 5394 393
7929 9142 393
38 81 394
78 5503 394
257 2423 394
642 6125 394
704 5717 394
988 9164 394
997 1791 394
1311 9298 394
1322 2469 394
1349 1724 394
1828 3542 394
2116 4250 394
2431 2779 394
3190 5227 394
3230 4675 394
4180 5462 394
4259 9226 394
4274 8245 394
7190 8436 394
8138 9315 394
773 9603 395
832 8393 395
1290 4267 395
1345 8647 395
1602 3726 395
1710 8368 395
1946 2866 395
2316 8843 395
4659 5715 395
6166 9125 395
7836 8497 395
11 116 396
300 4685 396
487 6105 396
1089 6892 396
1655 3215 396
2004 6300 396
3013 7743 396
3087 3407 396
3210 8188 396
3248 9730 396
4030 6033 396
4175 4724 396
5227 9149 396
4 2607 397
253 862 397
259 361 397
1414 8255 397
1665 6447 397
3026 3933 397
3841 7227 397
3896 4177 397
5192 8378 397
7043 8159 397
7195 9869 397
815 2590 398
1170 3992 398
1715 7376 398
1907 6810 398
2000 5557 398
2693 6681 398
2953 4565 398
2985 8318 398
4008 4750 398
4570 5954 398
6417 8730 398
7075 8130 398
123 2666 399
230 8418 399
378 1450 399
1283 8081 399
1356 4760 399
1444 1696 399
1552 4256 399
1554 2183 399
2042 5534 399
2074 7017 399
2544 7695 399
4181 6138 399
5298 8963 399
7228 9243 399
831 5601 400
1296 6063 400
1816 4072 400
1824 7680 400
4081 6177 400
4303 7839 400
5310 8493 400
5693 9619 400
7846 9690 400
788 1059 401
821 4219 401
1691 3704 401
1966 6421 401
3515 7055 401
4930 9053 401
5634 8975 401
6749 9611 401
7712 9550 401
8320 8637 401
543 3050 402
1759 7662 402
2139 6791 402
2206 6841 402
2487 6888 402
2816 2877 402
3602 8301 402
3683 5401 402
5403 6745 402
6010 6543 402
7169 8506 402
8763 9593 402
9093 9943 402
40 1030 403
1703 3315 403
1840 4919 403
2319 4237 403
2327 2994 403
3315 7962 403
3340 6830 403
3786 7781 403
4128 4436 403
4283 8938 403
4850 7029 403
5480 8436 403
7052 9960 403
9217 9914 403
44 2234 404
483 5820 404
831 8403 404
841 1801 404
964 3556 404
1185 6127 404
1313 5919 404
2212 3246 404
2379 9328 404
2669 3328 404
3903 7623 404
4192 9377 404
5061 6041 404
5385 9504 404
5690 8423 404
9114 9705 404
1952 5506 405
2860 9837 405
2875 5692 405
3088 3574 405
3972 6340 405
5987 9853 405
6775 9725 405
2284 5605 406
2640 7306 406
3624 5846 406
3897 6883 406
4797 6310 406
4807 8254 406
5184 7161 406
5208 8573 406
6077 7988 406
7343 9462 406
7766 8249 406
14 138 407
72 1294 407
271 3523 407
344 7190 407
677 5743 407
858 4574 407
888 5524 407
1052 8945 407
1080 2617 407
1467 1615 407
1495 4245 407
2174 8114 407
2520 4137 407
2715 4327 407
2969 9478 407
3440 4572 407
4139 5622 407
4303 9490 407
4496 6812 407
8471 8693 407
8740 8875 407
861 2387 408
1774 2324 408
2118 8554 408
2355 7152 408
2578 5902 408
3259 8025 408
4044 6453 408
5377 5539 408
9083 9155 408
242 9979 409
496 1049 409
949 6590 409
1477 4672 409
3247 9180 409
3534 7628 409
4231 5177 409
5463 9918 409
5700 8482 409
7443 9031 409
7814 8451 409
288 1016 410
675 2025 410
909 7886 410
913 9242 410
1151 6908 410
1708 4095 410
1957 8158 410
2200 8616 410
3140 5930 410
3936 7502 410
4114 4255 410
4649 8224 410
94 5107 411
277 5397 411
757 3914 411
1143 4148 411
1189 6396 411
2340 8861 411
4789 6172 411
5636 7505 411
7064 9978 411
8888 9229 411
7 1775 412
678 9046 412
790 7966 412
885 1556 412
1130 8015 412
1146 4052 412
1150 1540 412
1792 2539 412
1977 3868 412
2134 7760 412
2377 4548 412
3195 5092 412
3846 4969 412
4327 4515 412
4435 4486 412
4846 5596 412
4912 7710 412
5067 7594 412
5069 8394 412
5338 6555 412
6165 7712 412
6777 9707 412
7191 9768 412
7280 9948 412
95 1019 413
364 393 413
615 7586 413
1034 3462 413
1461 6484 413
1524 6071 413
1631 8714 413
2096 7215 413
3532 9845 413
3761 6652 413
3787 4591 413
5476 8341 413
5797 6490 413
5825 9434 413
5911 6090 413
6060 6163 413
6292 9706 413
165 9372 414
2706 6850 414
2731 5263 414
2843 6953 414
3259 4642 414
3446 5206 414
4808 6620 414
4976 8317 414
4994 7400 414
5264 5791 414
6170 8190 414
107 8877 415
593 6428 415
931 8168 415
1179 1540 415
1375 8894 415
1401 8749 415
1557 4064 415
2281 7458 415
3114 5403 415
4047 4253 415
4327 5621 415
4340 7753 415
4419 5741 415
4511 5354 415
5326 8421 415
6230 6507 415
182 907 416
732 1559 416
984 7779 416
2044 2996 416
2075 9080 416
2411 7911 416
3263 5445 416
3760 5484 416
4000 9518 416
4153 4634 416
7801 8740 416
1991 5314 417
2782 9559 417
3184 3878 417
3268 5125 417
3395 5122 417
4220 9645 417
4740 9664 417
4773 8664 417
5793 7825 417
6624 7205 417
7244 7319 417
182 413 418
420 918 418
433 3752 418
614 5630 418
1937 2687 418
2407 7463 418
2517 8685 418
2908 9118 418
3070 3546 418
4893 5154 418
5675 6956 418
9301 9429 418
688 5626 419
1003 1482 419
1406 8212 419
1644 5019 419
1669 3377 419
2752 3237 419
4328 8740 419
4803 4961 419
5035 5574 419
6891 9812 419
1226 2649 420
1567 3608 420
1650 5085 420
2274 3767 420
2811 9213 420
4196 6915 420
5203 8716 420
6219 9739 420
311 4749 421
829 3893 421
1066 7800 421
2561 3757 421
2575 3421 421
3582 7794 421
3752 4689 421
3921 5509 421
4545 4637 421
4585 5568 421
5409 7715 421
7536 9541 421
9676 9959 421
134 873 422
436 3886 422
560 6642 422
680 1679 422
900 5119 422
1624 8552 422
1653 3176 422
2801 8835 422
2943 6601 422
4021 4039 422
4093 7403 422
5167 7983 422
6795 6905 422
1763 4154 423
3008 3984 423
4115 7974 423
4381 6949 423
4547 8349 423
4575 5896 423
6625 9911 423
106 1613 424
179 4421 424
696 8931 424
1624 4157 424
1803 7793 424
2043 3444 424
2276 3318 424
5337 8459 424
5437 9334 424
5656 8834 424
5821 6181 424
8622 8669 424
46 5573 425
995 1213 425
1731 3154 425
1974 4856 425
2480 3204 425
2891 6584 425
3394 3756 425
4547 5764 425
5076 6709 425
6457 9655 425
7325 7877 425
8782 9090 425
9881 9926 425
31 36 426
140 1579 426
178 2559 426
542 8070 426
761 8989 426
969 8127 426
1998 6539 426
2227 9917 426
2799 8503 426
3128 4176 426
4399 9737 426
6908 8184 426
8150 8285 426
113 5439 427
275 2502 427
904 2381 427
1803 5806 427
2333 6620 427
5161 5881 427
6045 7565 427
160 3089 428
392 1879 428
1263 5871 428
1590 5976 428
2657 8597 428
2871 4623 428
3221 4193 428
3664 9890 428
3977 9585 428
8500 8745 428
379 3086 429
853 1416 429
1464 2972 429
1760 6666 429
2224 9252 429
2541 8483 429
3310 9591 429
4608 8255 429
4866 8553 429
294 4680 430
569 708 430
1492 9224 430
1715 5658 430
2079 3272 430
2984 6809 430
3001 8408 430
3186 8049 430
4273 5259 430
6390 9402 430
7044 9686 430
66 5575 431
338 4264 431
502 799 431
1036 1918 431
1363 2141 431
2008 4439 431
2525 5845 431
3978 9003 431
5736 7538 431
735 7805 432
1073 3060 432
1562 2272 432
1817 5207 432
3734 3941 432
4579 4791 432
7204 8874 432
7248 9412 432
166 1895 433
191 5562 433
312 485 433
631 5254 433
1301 6445 433
3277 6693 433
3930 8275 433
4584 9414 433
5487 7241 433
5548 9735 433
6921 8563 433
7918 9186 433
150 623 434
169 1484 434
208 3236 434
926 9262 434
2409 9065 434
2934 5073 434
3626 4727 434
4346 7896 434
7066 8208 434
33 1023 435
80 229 435
171 868 435
1000 7187 435
1298 2735 435
1714 3927 435
1944 5499 435
2146 7740 435
2328 4104 435
2621 9401 435
2652 4010 435
5152 5767 435
5312 7003 435
5678 6047 435
7056 8468 435
328 3123 436
501 1940 436
551 7818 436
1088 7895 436
1917 9349 436
2415 4295 436
3420 5260 436
4797 5963 436
5262 8974 436
7006 9015 436
7843 8778 436
8129 8460 436
157 246 437
399 5764 437
556 9132 437
886 5016 437
1173 1618 437
2699 6552 437
3046 9160 437
4187 9879 437
43 4483 438
1481 7717 438
1815 3367 438
1845 7845 438
3605 8992 438
3736 5178 438
3811 7009 438
4837 6436 438
6451 9576 438
8352 9056 438
403 4118 439
1796 7595 439
2070 9906 439
3036 6688 439
3502 9968 439
4319 7451 439
5056 5985 439
127 9366 440
239 3865 440
551 6758 440
1551 6024 440
2034 2089 440
2918 3109 440
4623 6961 440
6006 7199 440
6974 7252 440
8491 8771 440
164 9567 441
331 2953 441
1545 5567 441
2952 4703 441
3367 6274 441
4065 9620 441
6379 7947 441
7069 9212 441
7818 9462 441
1238 2519 442
2175 2913 442
2821 4051 442
2867 3690 442
3030 7085 442
3080 5563 442
3590 8055 442
5054 5586 442
5059 5355 442
8140 8760 442
108 1841 443
440 765 443
1318 4008 443
2231 9719 443
3626 5357 443
3697 8480 443
5549 8366 443
8081 8302 443
36 8166 444
124 1478 444
419 9110 444
567 1069 444
599 2053 444
611 2609 444
720 1143 444
1309 4855 444
2026 4449 444
2566 4090 444
3577 9801 444
4742 5772 444
5236 5474 444
5878 6678 444
121 4276 445
263 268 445
362 6259 445
718 5659 445
904 4854 445
1078 3728 445
1147 3497 445
2406 4509 445
2864 4014 445
5489 5977 445
5541 5671 445
63 5494 446
534 4514 446
658 7189 446
1872 2112 446
4576 4677 446
4741 7174 446
5510 9458 446
5881 6675 446
197 812 447
1223 8442 447
1342 3588 447
1671 5496 447
2025 8712 447
2985 4620 447
4598 9225 447
6467 9917 447
7383 9495 447
49 1954 448
255 9603 448
329 994 448
1670 1882 448
3702 7378 448
4479 5076 448
5144 7829 448
7078 9411 448
9158 9910 448
267 1206 449
1505 1532 449
1945 7019 449
3071 3840 449
3536 5069 449
3907 5287 449
4305 6708 449
4468 5319 449
4498 8306 449
5067 7446 449
5413 5813 449
5930 8844 449
582 1130 450
1419 7093 450
1789 3169 450
2222 7737 450
3417 3444 450
3980 7404 450
4286 8442 450
4916 6515 450
5833 8836 450
6972 8516 450
8709 9216 450
115 258 451
646 4873 451
1369 2214 451
2158 3562 451
3521 3847 451
3623 7616 451
388 3725 452
949 9864 452
993 3642 452
1004 7759 452
2185 7036 452
3302 6223 452
3673 3839 452
6205 8765 452
6310 6633 452
99 7195 453
461 1980 453
707 2621 453
957 7327 453
2400 2447 453
2831 9685 453
3877 8999 453
4858 5545 453
5136 7903 453
8760 9798 453
36 498 454
335 1740 454
463 7573 454
540 1007 454
1244 7395 454
2319 4284 454
2636 7778 454
3989 6923 454
4421 9273 454
5366 8452 454
6120 7457 454
6825 7902 454
53 3788 455
81 8155 455
1982 6110 455
2424 7832 455
2971 4902 455
3413 4354 455
3483 6466 455
4339 4709 455
5097 6430 455
6251 9517 455
6843 8703 455
7888 9048 455
7909 8827 455
548 2159 456
827 9951 456
972 3644 456
1350 5106 456
1573 5370 456
2360 5744 456
3000 4398 456
3508 7394 456
8480 9144 456
1375 1525 457
1899 7713 457
2107 6903 457
2508 6492 457
3054 5181 457
4003 6399 457
5063 8566 457
5152 7359 457
5155 6693 457
8124 8893 457
426 7828 458
449 690 458
892 5695 458
1291 2358 458
2037 8331 458
3720 7802 458
3874 3913 458
5648 5673 458
455 1191 459
813 6760 459
891 4404 459
918 2021 459
1069 3705 459
1701 7574 459
1768 9569 459
2655 6962 459
3404 7660 459
3706 5808 459
5749 6342 459
144 7774 460
362 9134 460
1185 2302 460
2487 5577 460
4267 8376 460
4843 9050 460
5305 9398 460
8735 8986 460
160 1688 461
287 4430 461
484 5234 461
642 9568 461
1236 8239 461
1461 3434 461
1768 8618 461
2139 3659 461
6240 7266 461
6925 7129 461
1 9393 462
72 6250 462
632 6388 462
989 7155 462
1196 5117 462
3933 5485 462
4279 5303 462
6773 7630 462
7243 8060 462
116 1651 463
195 199 463
458 8104 463
956 4152 463
4280 4663 463
5021 5199 463
5316 9682 463
6238 6286 463
213 5198 464
3079 3855 464
3336 3618 464
3662 9629 464
3965 9005 464
4432 8914 464
4955 5632 464
5623 6322 464
6875 9360 464
413 6434 465
426 7112 465
2627 3234 465
2688 4970 465
3174 6808 465
3427 4896 465
3629 4695 465
4298 6036 465
4464 7693 465
4490 7324 465
6032 8510 465
6838 9133 465
6897 9624 465
7450 9092 465
7531 8478 465
7604 7617 465
33 8763 466
110 915 466
2340 3235 466
2408 7806 466
2415 6920 466
2461 7634 466
2712 4640 466
2837 5520 466
2897 3457 466
4449 4562 466
4470 6881 466
5229 7865 466
6040 9507 466
6782 9486 466
7140 8371 466
7340 8139 466
3 2010 467
128 4589 467
332 7513 467
351 1979 467
1019 5482 467
1430 9719 467
1541 3360 467
1858 4895 467
1995 7796 467
3050 4230 467
3780 3932 467
4414 6361 467
8313 8660 467
1564 1583 468
1570 4903 468
1964 7932 468
2093 3380 468
3021 3427 468
3100 6714 468
3518 4991 468
4122 7102 468
6207 6385 468
6455 9566 468
6613 8731 468
6704 8811 468
8764 9274 468
147 1495 469
884 7976 469
1665 8705 469
2329 5682 469
2668 6309 469
5427 9955 469
5755 8105 469
173 2149 470
326 8566 470
368 9721 470
677 9510 470
1053 1415 470
1521 4710 470
1740 3286 470
1802 8302 470
1911 7709 470
1936 9632 470
3169 6364 470
5401 8372 470
6701 8993 470
964 5406 471
1468 3061 471
1697 4172 471
1844 5156 471
2684 3335 471
4719 9472 471
481 1702 472
579 3845 472
2119 5317 472
2681 3473 472
3957 8532 472
5765 6402 472
5960 9063 472
7154 8207 472
526 6373 473
1427 2533 473
2801 6299 473
3204 6037 473
3334 5693 473
3938 9117 473
4264 6880 473
4819 8293 473
4934 9384 473
6732 8445 473
9667 9945 473
975 2510 474
1334 3583 474
2273 2691 474
2286 4776 474
5522 9527 474
5761 5857 474
7223 7852 474
7483 9238 474
8153 9370 474
173 6410 475
229 1595 475
1279 1897 475
1639 4587 475
1694 7620 475
2004 5291 475
3660 4570 475
3826 6589 475
5042 7030 475
5365 9410 475
302 6940 476
401 949 476
445 1621 476
761 5077 476
1682 8353 476
2187 2244 476
2320 6771 476
2462 7063 476
2610 4884 476
3039 9121 476
3851 4526 476
3891 4198 476
5807 7372 476
7469 8924 476
176 2714 477
408 2925 477
678 1424 477
1082 4606 477
1533 3279 477
1552 2327 477
2297 5858 477
3352 6704 477
6014 6517 477
6821 9152 477
374 3881 478
1092 3721 478
1126 2257 478
1388 9088 478
3152 4060 478
4263 8165 478
4335 6135 478
8017 8606 478
262 1305 479
666 7352 479
1193 2233 479
6706 8678 479
6970 9285 479
8136 8885 479
323 764 480
347 8546 480
1276 3950 480
1382 3531 480
1394 8356 480
1581 9535 480
1582 7147 480
1926 6981 480
350 9101 481
517 536 481
1087 8162 481
2011 9047 481
2304 3659 481
2396 7893 481
3363 7376 481
4217 5009 481
5523 7710 481
6795 8432 481
8177 8899 481
227 818 482
412 470 482
3436 6967 482
4050 8198 482
4859 6074 482
5679 5920 482
1875 2080 483
2733 7069 483
2931 8031 483
3054 3933 483
3088 5827 483
3207 8087 483
3451 9093 483
3569 7519 483
4939 8609 483
4941 6637 483
8181 9457 483
8387 9504 483
2128 9885 484
2549 6658 484
4120 8084 484
4713 6222 484
7335 7967 484
7408 9859 484
7681 9681 484
75 411 485
468 590 485
745 1262 485
1038 4939 485
2199 3621 485
2832 5521 485
2845 4881 485
4046 5993 485
192 7863 486
707 8734 486
1332 2867 486
1878 3173 486
2928 5376 486
5977 6172 486
231 8324 487
455 726 487
584 8893 487
1190 8221 487
1488 4936 487
2755 3608 487
3082 7243 487
3479 4086 487
7121 9668 487
196 8205 488
736 3454 488
1183 6972 488
2330 3651 488
3007 8873 488
5147 6186 488
5693 9804 488
5911 9717 488
5928 6076 488
7725 9770 488
9524 9773 488
1125 3975 489
1188 4806 489
1418 3107 489
2634 3409 489
2945 6522 489
6 57 490
145 9033 490
165 2403 490
344 1529 490
761 2936 490
891 2877 490
4835 5070 490
5386 6167 490
7490 9696 490
511 3961 491
1030 6951 491
1128 1154 491
1300 1369 491
2708 5365 491
3265 8334 491
5875 9879 491
955 2135 492
1154 4363 492
2486 2783 492
3605 9235 492
3770 4076 492
4840 8247 492
6013 9276 492
6557 9275 492
817 9819 493
825 5218 493
1761 3422 493
2145 7277 493
3353 6294 493
3444 7334 493
3804 4885 493
4855 7314 493
629 9036 494
687 1184 494
762 1865 494
958 2982 494
1574 2378 494
2037 6732 494
2137 6844 494
5516 6288 494
261 8328 495
3474 5893 495
3946 8642 495
5010 9765 495
5414 7012 495
9463 9596 495
1191 3224 496
1236 2108 496
2079 2280 496
2081 3486 496
4138 4586 496
5074 6315 496
5782 9695 496
5827 6912 496
6156 7511 496
7195 9880 496
9588 9606 496
108 5996 497
554 7691 497
585 2341 497
600 2716 497
709 4696 497
1886 5790 497
2243 2251 497
56 127 498
556 4528 498
1213 4931 498
2068 2543 498
3861 6057 498
5859 9634 498
6714 9871 498
984 7910 499
1422 3052 499
1498 8203 499
1994 6988 499
4442 4812 499
7209 7658 499
343 3879 500
425 2337 500
477 5034 500
549 3214 500
877 4878 500
1366 5702 500
1846 5399 500
1980 7861 500
2636 8299 500
3043 6333 500
3624 9014 500
4254 8177 500
4899 5503 500
6638 8507 500
131 887 501
1105 7415 501
1627 7571 501
2912 4110 501
3899 8280 501
387 5647 502
1208 7734 502
1315 2001 502
1460 8698 502
1898 1972 502
1960 8632 502
2021 5834 502
5917 9684 502
7460 9008 502
7744 8390 502
670 4150 503
4377 5889 503
4463 6438 503
5066 8199 503
6233 7119 503
233 3153 504
493 2211 504
603 2193 504
1257 9379 504
2268 5180 504
3030 5622 504
3280 9996 504
3826 9823 504
3864 7986 504
5265 6867 504
5810 9428 504
8385 8410 504
1072 4051 505
1291 3998 505
2976 7003 505
1667 1706 506
2133 6540 506
2243 5458 506
2264 5272 506
4480 5081 506
5927 8216 506
438 1270 507
2038 2798 507
3564 3869 507
5478 9582 507
8011 9522 507
28 554 508
1470 9000 508
1500 1552 508
1844 4337 508
3034 7137 508
3198 8609 508
1613 1660 509
2088 7622 509
2660 3190 509
3009 3075 509
3673 8639 509
5772 7056 509
6787 9566 509
1793 9934 510
1939 8472 510
3747 6015 510
4605 8197 510
6378 6836 510
7373 7504 510
7653 7808 510
2348 4602 511
6976 9568 511
7282 9525 511
1502 9848 512
3601 6301 512
7516 8545 512
227 5726 513
1371 9486 513
2213 6314 513
5523 9591 513
8592 9025 513
666 5538 514
968 7368 514
1564 5614 514
2700 6631 514
4544 8729 514
6902 7431 514
509 9639 515
1035 8449 515
1066 9625 515
2102 5552 515
2436 6984 515
2565 8893 515
3170 6994 515
3344 7917 515
3578 8842 515
1613 1830 516
2808 7862 516
2840 5561 516
3610 6661 516
3893 4273 516
4356 5226 516
5191 7940 516
7550 8776 516
1594 9545 517
1879 5039 517
3099 8915 517
3448 6369 517
4686 8222 517
5329 5364 517
8630 9251 517
8717 8732 517
9 149 518
241 9642 518
316 1845 518
2781 5044 518
2807 9675 518
3613 5269 518
3288 9547 519
4094 4336 519
4997 8272 519
886 1880 520
976 3957 520
2798 3445 520
3744 4504 520
4543 5986 520
5892 8401 520
1667 2704 521
3090 5663 521
3210 5044 521
3800 6158 521
4423 9814 521
4890 5653 521
6762 8202 521
560 9554 522
1895 7589 522
1983 4683 522
2313 7682 522
3612 6565 522
642 3939 523
901 9715 523
2610 9980 523
6841 9156 523
246 1543 524
855 3775 524
2352 9032 524
3954 8310 524
4051 5843 524
4117 8857 524
7250 9546 524
3064 8032 525
4119 7889 525
5805 8126 525
5865 6800 525
5867 8752 525
902 1329 526
1961 9924 526
2974 9336 526
5197 8388 526
6961 7517 526
7567 8966 526
8144 8400 526
59 5583 527
1192 4473 527
1365 7307 527
1685 4061 527
1832 8317 527
2017 7691 527
2514 5534 527
5401 8224 527
6921 7380 527
8592 9836 527
1643 2219 528
2612 4281 528
3011 7223 528
3480 3544 528
5176 6997 528
8112 9335 528
93 4983 529
109 5220 529
346 8360 529
369 2939 529
1125 7862 529
1290 5769 529
1394 8375 529
1513 7018 529
1630 4571 529
2042 6650 529
2240 4524 529
2663 5886 529
4855 9310 529
6227 7312 529
8903 8965 529
397 5880 530
850 1229 530
2289 2904 530
3029 8492 530
3672 7204 530
663 1896 531
1013 4965 531
3903 7580 531
4301 8218 531
4993 9702 531
8365 9639 531
519 1800 532
1366 5952 532
1638 8036 532
2921 6133 532
4030 4893 532
5889 9921 532
7884 8960 532
464 2126 533
857 3396 533
2275 8335 533
2747 6898 533
4070 8791 533
310 2372 534
530 4526 534
1865 8136 534
2401 4045 534
6042 8901 534
6726 8996 534
6911 6943 534
7085 7585 534
8112 8784 534
441 8449 535
1157 7045 535
2034 8361 535
2608 3345 535
4207 9622 535
594 4845 536
1163 1235 536
2542 8300 536
5017 5061 536
7059 8991 536
597 1046 537
1116 7887 537
4330 7744 537
508 863 538
1518 4599 538
1812 7664 538
2050 5872 538
4126 5132 538
276 3809 539
457 2776 539
1431 9130 539
1460 2432 539
2566 6219 539
2933 4185 539
3372 9163 539
4496 6764 539
4505 8614 539
1649 2151 540
2750 7081 540
3185 4706 540
4396 7546 540
7091 9490 540
22 3910 541
276 4355 541
1220 4406 541
1985 7510 541
3116 4325 541
4777 8948 541
4963 5770 541
7144 9744 541
779 9776 542
864 4455 542
1282 9608 542
1805 5835 542
3427 3795 542
6591 6631 542
913 9225 543
1687 4260 543
4339 4726 543
4402 5292 543
5204 7964 543
5489 5731 543
6264 7220 543
6968 8595 543
630 1514 544
1428 8283 544
3583 6408 544
3779 5111 544
4003 6012 544
4485 9462 544
5780 7218 544
7743 8173 544
318 1286 545
1439 3944 545
2883 4037 545
3281 3663 545
3515 5109 545
3692 6569 545
4280 7967 545
5049 6317 545
5853 7896 545
488 6521 546
1119 2567 546
1642 4353 546
1686 4840 546
2228 8896 546
2530 9362 546
4759 9980 546
5455 6227 546
6414 8357 546
7921 9557 546
1030 3168 547
1446 8410 547
5379 8995 547
6554 8789 547
7461 8922 547
8529 8538 547
937 3667 548
305 1441 549
1140 4908 549
1939 9044 549
3883 4422 549
3042 8389 550
4137 5460 550
6406 6801 550
8609 8882 550
15 6337 551
910 4980 551
3310 4436 551
3889 7609 551
2400 3731 552
7255 8458 552
2771 9468 553
2961 6974 553
3399 5047 553
3918 5448 553
4633 8920 553
4659 9444 553
8550 8850 553
46 86 554
60 8113 554
643 2495 554
1950 8122 554
2718 6863 554
4044 8355 554
7354 8120 554
319 889 555
413 3940 555
1059 1513 555
2287 2857 555
378 8722 556
674 5172 556
1532 1766 556
1669 5404 556
2957 7485 556
4530 7982 556
5836 9499 556
439 3256 557
892 4374 557
2945 6008 557
3569 6412 557
4015 7758 557
5806 8710 557
4892 5066 558
6812 8858 558
632 3418 559
2076 4868 559
3290 3887 559
4266 4516 559
4365 5647 559
4429 6611 559
4821 7078 559
8336 8714 559
12 5380 560
273 1838 560
517 9803 560
2715 3343 560
3481 7375 560
1297 7420 561
4041 4593 561
8585 9656 561
190 4806 562
307 5321 562
882 1095 562
2200 8220 562
2363 7534 562
3385 7287 562
5686 5835 562
8635 9085 562
18 216 563
338 8106 563
1626 3436 563
1933 2359 563
3270 6945 563
4023 9126 563
4326 8134 563
8236 8420 563
581 6901 564
961 3831 564
4376 7670 564
5770 6489 564
227 8458 565
1010 9199 565
1867 4842 565
2033 7333 565
2115 8016 565
2839 3920 565
5285 7256 565
7539 9459 565
765 7413 566
804 9271 566
1439 6244 566
2898 9519 566
4802 8862 566
7697 9863 566
599 7474 567
1524 2346 567
2247 7298 567
2296 7725 567
3746 7140 567
3970 8755 567
6287 6710 567
151 603 568
1765 2433 568
2413 4728 568
1720 6523 569
1793 4491 569
2486 8448 569
2508 3798 569
595 4774 570
893 2148 570
1587 2306 570
2889 6318 570
3787 5438 570
5481 7123 570
5799 9598 570
5967 7533 570
8529 9861 570
445 4763 571
886 9549 571
1988 7179 571
2389 2603 571
4429 6574 571
5938 9143 571
1095 1099 572
1829 3468 572
2632 9030 572
7039 8224 572
7292 9019 572
7726 8055 572
8292 8759 572
624 1360 573
1584 9810 573
4533 7244 573
4708 7883 573
4803 7749 573
147 9716 574
2108 4087 574
3838 7405 574
4146 8170 574
7350 8570 574
8413 8898 574
396 7616 575
546 913 575
2429 5933 575
3160 4068 575
4877 5090 575
5820 9150 575
719 8571 576
1760 3241 576
2977 5802 576
3711 4443 576
4730 8612 576
4945 8296 576
5145 7477 576
8088 8211 576
8924 9947 576
3327 9437 577
3709 5664 577
3906 4162 577
4308 6123 577
5593 7253 577
5841 7970 577
7149 7786 577
2384 3059 578
2748 5883 578
1398 1436 579
2952 3300 579
3001 3108 579
3933 6659 579
6027 7977 579
6033 7180 579
2541 8711 580
3536 8316 580
5268 9445 580
198 3103 581
274 8057 581
317 9024 581
2013 5445 581
2242 6150 581
6042 7213 581
7 5874 582
1152 7669 582
2305 9764 582
2510 8851 582
4432 9534 582
6701 8674 582
2188 8893 583
2332 5809 583
2863 3625 583
3915 4757 583
118 9786 584
1542 3273 584
1704 2941 584
2064 2674 584
5625 7642 584
6345 8340 584
9226 9404 584
44 1549 585
2600 9998 585
2628 6120 585
3579 6343 585
53 899 586
1338 4185 586
1366 8075 586
4239 4656 586
7487 9104 586
9181 9318 586
374 7534 587
545 2040 587
3426 3449 587
6280 7325 587
6602 9430 587
1616 2752 588
338 6690 590
1542 3797 590
4373 5561 590
5855 6461 590
828 1675 591
862 974 591
4592 5501 591
825 3091 592
2058 6347 592
3145 5395 592
6935 9085 592
1753 6152 593
1947 4765 593
3633 6867 593
3694 4544 593
9011 9889 593
536 6148 594
1403 5921 594
2157 3410 594
3215 3541 594
6319 9118 594
7250 9071 594
700 746 595
1787 2753 595
2128 5043 595
2678 8948 595
3416 3997 595
903 1012 596
2779 7627 596
3219 7914 596
6874 8088 596
1772 8339 597
1789 8161 597
3262 9347 597
4117 8464 597
9276 9634 597
462 7339 598
1284 7625 598
2661 3097 598
4280 7868 598
6413 7158 598
7276 9375 598
9182 9553 598
30 1870 599
988 5468 599
1760 4285 599
3277 7600 599
5223 7752 599
6075 9423 599
144 6233 600
2104 4625 600
2280 3202 600
7024 8518 600
1663 7329 601
1826 8685 601
6610 7123 601
2700 9476 602
5420 6279 602
33 61 603
248 9268 603
1168 2711 603
3864 6297 603
3911 8192 604
4753 5093 604
6155 8081 604
6198 8913 604
1171 1418 605
1443 3183 605
2912 3864 605
2987 4612 605
3080 4160 605
3370 7597 605
5484 8046 605
1801 6078 606
7667 9986 607
8673 8801 607
1748 2894 608
2753 6162 608
5196 5896 608
6473 7715 608
6604 8215 608
8592 9129 608
450 4270 609
1382 8700 609
4078 4429 609
7625 9040 609
7965 8867 609
649 5323 610
1861 6289 610
2074 4035 610
4850 8535 610
5725 9481 610
852 7473 611
1144 9848 611
2143 5701 611
3641 5646 611
5645 6906 611
5925 6114 611
9049 9579 611
136 575 612
5090 6313 612
262 6668 613
396 4303 613
542 3015 613
1371 1449 613
4095 9826 613
5373 5964 613
824 2449 614
3539 5257 614
5933 8627 614
5991 6389 614
6060 6726 614
83 840 615
1819 9740 615
3426 7037 615
4538 7603 615
6285 6579 615
2773 5698 616
3378 8405 616
3381 6872 616
3908 7438 616
4591 6229 616
9014 9326 616
9185 9787 616
4870 5864 617
6984 7961 617
1152 3529 618
2067 9161 618
2648 6349 618
2740 6021 618
3231 3971 618
4125 7286 619
4297 5850 620
2682 4413 621
3700 4216 621
3965 4348 621
7381 8897 621
1114 9616 622
4573 8981 622
1242 2296 623
2059 2157 623
4859 9817 623
5131 7871 623
8374 9415 623
572 8693 624
914 9042 624
1758 4448 624
3496 4289 624
651 2252 625
2491 8346 625
3746 5405 625
3977 7047 625
6774 8652 625
6323 8313 626
9223 9874 626
673 7663 627
3093 7447 627
3254 8113 627
3329 5391 627
6472 7098 627
101 4932 628
628 5188 628
3126 5255 628
129 6027 629
4346 4921 629
5594 9849 629
1100 1239 630
2700 3419 630
3477 3722 630
1695 4460 631
2744 4161 631
3618 6832 631
4051 8440 631
4168 4857 631
5060 8947 631
6069 7034 631
575 8601 632
1226 9445 632
2456 4070 632
2471 4792 632
2486 8973 632
2511 2535 632
2793 5282 632
3751 9673 632
3916 9830 632
4390 7631 632
4867 5031 632
5929 6784 632
1424 5297 633
3655 9082 633
89 6848 634
3867 6829 634
5247 5450 634
6112 7105 634
1982 2248 635
5175 9152 635
7144 8589 635
1482 5605 636
3540 3738 636
5133 9302 636
6748 9734 636
9139 9885 636
972 1970 637
1045 1386 637
2235 4068 637
2516 5507 637
3512 4409 637
4825 5870 637
6627 8775 637
312 2592 638
1064 4632 638
1564 7660 638
2038 6213 638
2893 4644 639
9126 9459 639
35 9783 640
1146 1177 640
1764 8274 640
3526 4179 640
5116 9197 640
479 4894 641
1463 6467 641
2071 5202 641
5179 9358 641
5300 8482 641
6308 6846 641
115 4722 642
1168 7441 642
3537 4992 642
4392 9605 642
5087 6598 642
6683 9670 642
210 3489 643
720 5848 643
1815 5831 643
2815 6126 643
4631 7592 643
202 8271 644
258 355 644
2841 4287 644
291 715 645
654 6134 645
2632 3820 645
2828 4314 645
176 9284 646
411 3584 646
429 8465 646
2399 8125 646
3383 6609 646
4163 9779 646
4178 8377 646
116 8116 647
1997 3900 647
2759 8935 647
7429 9966 647
7756 8246 647
828 7835 648
1857 2071 648
1887 9456 648
1993 6173 648
7368 7804 648
3787 9066 649
7267 9358 649
1582 5143 650
2844 4992 650
3455 9583 650
5533 6975 650
724 2673 651
3900 6167 651
456 2474 652
3634 9067 652
698 2488 653
1703 2611 653
2369 9635 653
4825 8409 653
5674 5978 653
7834 9244 653
1174 2828 654
2279 7497 654
2641 7989 654
4500 7248 654
5818 8786 654
5860 7449 654
7370 9187 654
1173 2932 655
4198 5420 655
4652 4996 655
5126 9203 655
5473 6674 655
744 2099 656
3032 5588 656
4059 5051 656
1961 3192 657
2360 6070 657
3810 4682 657
5512 9157 657
59 4811 658
549 7560 658
2174 2338 658
6504 9558 658
74 1663 659
371 5545 659
5434 7619 659
1701 5844 660
1924 8234 660
6378 8131 660
2119 9600 661
2194 3319 661
4178 8379 661
5437 5513 661
5835 6764 661
666 6705 662
5305 6471 662
446 7702 663
1120 1346 663
1966 7754 663
4321 9555 664
533 1408 665
1211 9663 665
1569 4736 665
3520 6130 665
3724 6035 665
5249 7381 665
5712 6211 665
7902 9018 665
9391 9869 665
1464 8264 666
1672 4163 666
1846 3193 666
3429 5281 666
6482 8123 666
257 5824 667
581 2554 667
1228 1351 667
2068 5581 667
4204 7734 667
250 4167 668
1411 2389 668
1584 9970 668
2227 9002 668
4988 5432 668
2776 8347 669
2866 7362 669
3111 4173 669
3196 7842 669
253 1338 670
2993 5840 670
3590 9821 670
420 467 671
443 1628 671
2956 6896 671
5367 8495 671
8462 9295 671
2144 5467 672
2723 4690 672
4727 5672 672
7176 8295 672
9275 9397 672
6393 9647 674
6982 8829 674
8281 9198 674
381 908 675
3083 9409 675
3441 4382 675
4859 6959 675
8252 9056 675
415 3244 676
2346 4754 676
7291 8465 676
82 9691 677
1049 1575 677
1302 8548 677
1629 3970 677
4615 5123 677
7020 8438 677
8987 9024 677
820 7219 678
3396 7154 678
3837 5366 678
242 4699 679
3104 6164 679
5840 8612 679
7514 7782 679
531 1299 680
2096 6577 680
2311 9425 680
372 8967 681
402 805 681
664 5721 682
4234 6075 682
894 2453 683
988 5010 683
1465 5465 683
5008 8980 683
5587 8505 683
6046 9488 683
528 9474 684
1015 8519 684
4735 7489 685
9087 9560 685
1368 2460 686
1450 4228 686
1979 2858 686
2731 9038 686
7947 8943 686
393 5423 687
4655 5656 687
7076 9127 687
7860 9649 687
3830 9248 688
4274 4277 688
5324 9825 688
1644 2352 689
2660 8411 689
3655 7668 689
3825 6936 689
873 6918 690
3246 6336 690
3658 6969 690
4287 6680 690
8171 8409 690
66 5238 691
191 7360 691
3679 4482 691
7516 8707 691
2930 6089 692
3442 6869 692
4518 7448 692
5592 5959 692
17 283 693
1740 3472 693
2407 5894 693
6034 9944 693
6467 6551 693
450 9122 694
2143 2760 694
2237 8290 694
4033 9954 694
4851 9141 694
6005 7900 694
5169 7561 695
6823 9787 695
2296 3871 696
3237 6701 696
4087 6734 696
4128 9385 696
5861 7177 696
6575 9426 696
320 8311 697
339 7958 697
4949 8852 697
5133 8439 697
290 8754 698
3522 6643 698
8243 9715 698
4495 6131 699
5075 6569 699
6321 7728 699
997 2292 700
1761 7141 700
4862 6348 700
7467 7901 700
271 8427 701
642 2572 701
1157 9940 701
2254 4249 701
1516 8684 702
2687 7417 702
7811 9618 702
2488 2697 704
4550 6728 704
5011 5694 704
6107 8206 704
162 5488 705
2050 4480 705
3387 4719 705
5530 9416 705
7454 7950 705
589 925 706
5628 8558 706
2542 3740 708
3266 6983 708
3339 6612 708
1762 4454 709
3861 6875 709
5677 8871 709
5732 8494 710
3876 8046 711
4061 6129 711
4706 8899 711
5501 9769 711
5684 7542 711
8163 9301 711
2813 3337 712
333 9099 713
1427 7633 713
1591 8214 713
5864 6407 713
2820 8515 714
5823 9326 714
1358 5950 715
2722 8659 715
3083 9534 715
4777 5339 715
8648 9383 716
1775 6066 717
6 635 719
1399 6543 719
2305 9818 719
3678 6913 719
6657 8307 719
191 8691 720
617 5304 720
1790 3448 720
2000 7555 720
5189 7785 720
8134 8237 720
1221 9162 721
2170 5384 721
2719 7151 721
4531 6535 721
5631 6469 721
504 6819 722
1038 7593 722
2739 2758 722
3707 5814 722
5730 8153 722
6033 8983 722
497 6516 723
4647 6666 723
369 9964 724
1752 5498 724
1780 6124 724
3828 4155 724
5126 7239 724
701 9301 725
6072 6916 725
1029 8406 726
2541 5241 726
943 9070 727
740 935 728
2448 6656 728
4008 4914 728
2218 3478 729
5242 6779 729
8443 8643 729
1148 9155 731
1154 7389 732
4213 6727 732
6831 8373 732
1859 4066 733
1280 4223 734
1529 9339 734
9732 9834 734
1681 8866 735
5790 7973 735
708 4702 736
2479 7823 736
190 813 737
4680 5137 737
5327 7040 737
617 5822 739
1659 7196 739
2723 9790 739
1141 1160 740
4764 7232 741
6370 7036 741
1775 9443 742
3298 4217 742
4755 5568 742
604 6365 743
2035 2766 743
2819 4666 743
5328 9272 743
7213 9760 743
8385 8924 743
838 1743 744
5099 9929 744
5163 7550 745
2516 6537 746
5184 9900 746
1821 2059 747
6352 9956 747
1316 2014 748
1352 8614 748
1877 4012 748
2534 6316 748
7398 9363 748
1678 9700 749
5997 6830 749
6488 8772 749
966 4318 750
1599 8998 750
2975 8868 750
3703 7858 750
2615 4723 751
2746 3487 751
3104 5683 751
4877 5014 751
6085 8806 751
6313 9124 751
3640 3844 752
5075 5502 752
5551 8738 752
6056 8354 753
411 2163 754
8164 9233 754
1526 4121 755
2342 4753 755
2951 6617 755
188 7712 756
3244 6547 756
6713 7300 757
7699 8734 757
123 6485 758
636 4809 758
7679 8257 758
1310 8937 759
2662 7885 759
3325 3491 759
3884 6651 759
9665 9971 759
1511 5873 760
3809 9396 760
4693 7518 760
8606 9369 760
2099 5182 761
2679 7558 762
471 3498 764
1848 9259 764
4051 4729 764
5091 8671 764
162 7221 765
2235 3917 765
2619 6084 765
4024 8089 766
491 2727 767
590 4660 767
1992 4613 767
2965 7693 767
5240 6769 767
9369 9482 767
155 3425 768
7564 9319 768
433 4075 769
6716 7031 769
1806 3925 770
2506 3524 770
1526 5441 771
3683 9831 772
2861 5871 773
4217 5205 773
1242 2237 774
1926 7183 774
2207 3636 774
7018 9380 774
5265 5368 775
9868 9879 775
863 9564 776
5588 7711 776
8766 9192 776
1139 5652 778
1704 7951 778
401 5860 779
1310 9306 779
15 8923 780
2007 2545 780
178 9946 781
784 1442 781
930 2180 781
7695 7894 781
986 6112 782
1818 6462 782
768 5443 783
849 3825 783
6866 7395 783
3254 8382 784
5709 6558 784
412 703 785
2791 8152 785
189 4735 786
1926 6283 786
7119 9972 786
2194 9958 787
4176 7313 787
5356 8082 787
7106 8218 787
2279 4056 789
3158 7684 789
1466 3227 790
743 7164 791
2799 8887 791
7 9994 792
717 7928 792
1939 2930 792
2141 5373 792
2711 8229 792
5903 7482 793
394 8085 794
1362 3345 794
2137 4979 794
5719 9179 795
497 8702 796
1719 2578 796
3580 3852 796
726 8369 797
6198 7701 797
908 3055 798
4636 9316 798
8386 9136 798
6283 6581 799
2442 8100 800
1116 3784 803
2063 4892 804
2282 9066 804
1794 5408 805
2556 4124 805
1530 1921 806
5180 6068 806
8214 9236 806
14 4209 808
1416 7924 808
3622 5738 808
6695 8743 808
5976 9614 809
1559 9838 811
3882 5311 811
3533 4058 812
4292 4905 812
8708 9406 812
840 8608 813
1978 6723 814
2764 6677 814
5564 8917 814
2548 3017 815
7094 9872 815
1420 5642 816
3343 4679 816
6606 7365 816
5714 7979 817
2233 4351 818
4243 4510 819
1927 1984 820
603 954 821
180 727 822
809 1824 822
2022 6113 822
2178 7909 822
7529 9058 822
1901 2485 823
5214 5463 823
1019 5879 824
3261 6910 826
3588 3708 826
3669 8154 826
4040 7854 826
501 706 827
7252 8329 827
1693 1808 828
2580 2637 828
4796 6151 828
5124 8364 830
3904 4062 831
4246 9055 831
7634 8774 831
132 8343 832
1713 1989 832
2972 9331 832
6406 8794 833
178 2817 834
3944 9701 834
8562 8711 834
3451 8622 835
1485 3551 836
2626 6721 836
2769 9542 836
1020 9177 839
3463 3576 839
1255 4399 840
6597 8997 845
975 8030 847
1791 3598 847
1710 2142 848
2027 4929 848
4391 8578 848
5811 6699 848
814 4294 849
1448 4408 849
1914 8355 849
2360 2685 849
6509 6739 849
7732 7996 849
1017 2489 850
2527 3529 850
5668 6575 850
2504 5349 851
4913 9011 852
834 7347 854
2605 2777 854
7224 9753 854
1723 3101 855
7145 9112 855
8183 9346 856
667 7185 857
1768 7606 857
4541 9827 857
3095 9506 858
602 6614 859
2171 3439 860
3904 6481 860
3341 9687 861
1565 7185 864
1857 6922 864
4598 8019 864
1091 7273 865
347 5020 867
1298 9451 867
1635 4169 867
3098 8457 867
5438 6925 867
3275 5345 868
2372 7440 869
1457 9882 870
3166 5722 870
1332 7878 871
1968 6865 872
4113 6570 872
651 7964 873
885 5315 873
3047 5412 873
3371 7005 873
2516 2721 874
6981 7110 874
2667 2855 875
935 7128 878
6391 8877 878
5172 6876 879
880 2991 881
5615 6247 881
8551 8666 881
6145 7797 882
8269 9612 882
661 3691 883
5430 9308 883
4373 9168 885
6178 8012 885
1721 5148 886
6286 8653 887
5101 5288 889
318 5360 892
2972 8014 893
7289 9400 894
5885 7430 895
3528 6184 896
3870 5261 896
4531 9618 896
5500 7923 896
1548 7391 898
8777 9376 899
2733 7844 900
4956 7641 901
3713 4607 906
659 3594 907
527 6454 908
1038 1732 910
4314 7033 910
828 8808 911
1567 5121 911
2120 3964 912
2820 9512 912
346 1373 913
1290 5276 913
2272 3872 913
1366 2386 915
4304 5623 916
1090 3038 917
7220 8268 918
428 5553 919
3401 8663 921
3199 5758 923
1906 3155 924
5900 8982 924
2220 2291 925
5366 7393 925
7758 8038 927
3878 6691 928
5710 6638 929
2304 3027 930
2515 5307 930
1491 7279 932
1449 2909 933
4257 6295 933
1257 5129 934
2456 8189 936
6810 8241 937
1136 1398 938
2134 2331 938
3647 4920 939
7945 9245 939
3241 6111 940
1425 3159 943
3596 6541 943
3912 4559 945
4031 4391 947
710 3189 948
1065 7971 948
321 6140 950
1247 6292 950
4121 7425 950
6415 8040 951
1646 5193 955
3272 7512 955
3915 8454 956
2399 7120 957
7106 8649 957
3192 6859 959
4575 9662 960
4200 7690 961
4810 8969 961
4721 5537 962
4921 6528 962
3118 9688 963
3153 5163 963
4991 9123 963
4708 5914 964
7103 8064 964
1092 7803 968
421 4739 969
7214 7525 969
1359 5453 972
4181 8869 972
929 3857 973
3175 9183 973
3301 5454 974
1477 8956 977
1316 5535 978
5591 8672 978
5833 8604 978
6035 8282 978
3766 9766 979
2957 5779 980
8817 9131 981
26 5771 982
4058 4879 982
4261 4363 984
4418 6101 984
8031 9985 986
28 414 987
1863 9502 988
6554 7494 988
7553 7892 989
1828 6585 990
1220 1507 991
4242 7816 992
5471 6689 992
3 5766 993
512 4079 993
4202 5909 993
3600 6931 996
251 4092 997
1742 8073 997
825 4166 999
4640 5478 999
457 500 1000
Total MST weight: 2882810
Execution time: 13.9731 ms
