Algorithm: Prim's MST
MST edges:
0 3 52
3 934 25
0 18726 76
18726 31039 68
0 79 101
79 3928 95
79 29222 140
3 54 141
79 461 171
3 16 179
16 3217 115
16 8764 124
8764 26454 18
3217 13822 179
79 92 181
92 5116 144
5116 6121 59
5116 3318 113
3318 13699 31
13699 38555 69
13699 47236 78
13699 25793 96
5116 34305 123
16 39840 184
934 4537 193
4537 47543 57
4537 17833 124
4537 17499 156
17499 48773 14
4537 2085 163
2085 6794 102
2085 18125 117
18125 10713 149
10713 17323 45
17323 42512 24
17323 30687 153
2085 3333 186
934 46766 200
46766 6969 119
6969 26208 102
6969 16397 167
3 1647 201
1647 29960 138
1647 8032 196
8032 5497 119
6969 4327 203
4327 9637 75
6969 2506 210
2506 4855 54
2506 25881 68
25881 38329 46
38329 17378 73
17378 32542 70
2506 182 112
38329 18346 114
4855 12874 200
3217 11345 210
11345 44416 124
3 8 213
8 37706 20
8 217 25
8 25 56
8 42085 62
8 2046 78
2046 40595 34
40595 38987 35
25 345 138
345 1852 65
1852 8776 28
1852 19011 58
8776 45685 94
8 10 142
10 382 77
382 10164 55
10 23 92
23 40546 117
217 17397 142
382 4785 161
4785 7471 2
25 29765 169
29765 18955 61
17397 45484 180
345 1593 204
8 8522 210
10 14646 215
14646 11472 148
11472 14990 152
42512 5682 217
5682 20499 2
5682 4431 216
4431 45561 49
1593 29992 222
38329 40865 225
6969 15570 226
382 994 227
994 35160 7
994 15472 143
0 119 230
119 7341 79
7341 29047 176
119 4940 216
5682 6720 230
6720 19230 78
6720 2996 127
2996 3093 19
3093 1325 83
1325 27842 26
27842 38305 186
2996 789 206
8032 12789 232
12789 47746 120
12789 9735 149
9735 17233 88
17233 42121 41
9735 2117 164
2117 2057 84
2057 37370 66
2117 13647 122
47746 1887 173
1887 2018 67
13647 9771 178
9771 43148 30
2018 5154 180
17233 14807 190
5497 21774 233
21774 7019 134
7019 2140 15
2140 42848 83
7019 34798 93
34798 45946 160
2140 32827 187
2140 1665 191
1665 16288 70
1665 1459 120
1459 2947 25
2947 15175 46
1665 9292 139
9292 37257 4
37257 38283 111
37257 28072 193
28072 41301 202
21774 15156 208
34798 26323 213
26323 22186 51
22186 32885 24
26323 36422 91
36422 42146 101
42146 33212 122
33212 6587 51
6587 5381 90
5381 17976 11
32885 19718 197
19718 2851 42
2851 971 66
2851 16354 144
971 504 151
504 4149 22
4149 25726 45
504 3010 62
4149 40877 131
40877 9091 35
2851 14560 167
14560 23205 174
23205 41644 183
41644 11128 1
26323 27212 197
11128 34858 205
32885 6352 221
6352 1594 103
1594 3146 41
1594 24845 114
24845 26260 24
24845 40777 43
24845 48502 151
25726 46053 225
32827 29149 228
29149 29340 21
29340 37784 96
29340 1558 201
1558 7612 58
1558 2316 74
7612 7812 121
7812 39506 107
39506 10823 38
10823 46650 42
39506 36790 70
39506 34735 134
34735 40203 99
34735 13344 128
46650 8279 183
13344 5410 205
5410 2619 12
5410 10878 22
5410 34440 154
2619 1487 174
34440 38157 181
38157 33641 34
33641 7814 119
1487 20379 199
10823 47562 206
47562 26121 123
26121 47232 43
38157 45046 211
2619 5310 213
37784 20948 230
8764 27465 233
27465 9138 191
9138 15293 89
47236 16368 235
16368 28298 105
28298 7992 128
7992 16849 4
16849 24318 126
24318 48560 40
16368 26849 208
26849 30410 101
217 45916 236
45916 1676 64
1676 386 60
386 1399 95
1676 3461 139
3461 38727 18
45916 20038 142
20038 10325 47
10325 10053 7
10325 23419 16
23419 6219 5
23419 35520 28
10325 978 50
20038 28307 54
10325 28391 69
978 1070 93
1070 10324 57
10324 21761 29
21761 29545 66
1070 32633 69
32633 11588 93
11588 1581 10
978 5601 126
28391 32997 148
6219 46879 154
46879 4340 134
10324 30898 217
30898 924 1
924 25629 3
924 3944 210
978 2255 218
2255 26488 15
2255 6708 195
6708 31913 63
31913 44236 61
44236 41713 160
31913 25733 167
25733 24945 69
24945 6771 66
924 1892 220
1892 10655 120
10655 1284 100
1284 29566 90
1284 4560 165
4560 6065 34
4560 29600 48
4560 43458 72
4560 1454 158
1284 1358 209
1358 10245 48
10245 375 158
4560 43818 220
1454 6250 224
6250 8041 40
8041 2156 76
8041 5192 126
6250 25703 127
6250 4686 132
4686 3555 2
4686 5773 8
5773 48564 3
3555 109 149
109 12925 108
12925 17826 73
109 106 130
6250 11193 151
3555 41531 187
41531 32816 169
17826 20202 208
106 342 209
6250 27531 223
30898 18315 226
1454 14543 230
14543 28650 114
28650 25399 50
25629 12158 231
12158 37661 123
12158 17706 172
8041 29206 236
29206 13248 46
13248 30719 10
30719 32939 106
32939 27955 223
48564 36574 236
1358 42007 236
42007 39340 41
42007 38024 73
11588 5257 238
5257 26229 72
5257 3083 91
26229 14113 207
4560 5482 239
42146 10993 240
10993 13263 110
1665 1421 241
1421 1632 74
1632 22032 110
1421 3533 158
3533 21478 13
1632 32805 228
3146 9170 241
18315 18458 241
1284 20625 241
20625 47464 13
1581 465 242
3093 28540 243
28540 23364 225
23364 21482 132
21482 2545 41
2545 35009 242
35009 41486 76
41486 41796 147
504 15763 244
29765 6717 245
6717 43412 162
6717 7297 206
7297 1262 125
1262 307 83
307 35544 18
307 21217 37
307 7202 69
7202 27852 93
21217 25249 134
307 8534 167
21217 41704 169
1262 1694 183
1694 16115 71
1694 1777 179
1777 33863 72
1262 4214 189
33863 24602 191
21217 48152 209
7297 43079 217
43079 36406 74
24602 41364 219
41364 32021 29
32021 18709 27
8534 10557 228
10557 17387 236
18709 14058 245
14058 2223 216
2223 1092 49
1092 36 9
1092 14125 196
36 275 232
275 12945 135
275 16468 244
16468 29676 17
29676 496 177
496 1448 128
1448 3233 22
1448 2379 36
3233 28034 52
2379 38828 93
1448 15236 128
15236 20960 66
15236 11412 115
11412 8663 33
8663 12027 65
1448 3550 152
3550 48550 165
11412 40506 187
40506 23258 44
3233 22618 193
22618 42426 179
42426 8146 143
8146 33435 90
33435 3744 104
3744 2380 80
1448 30777 197
8146 5733 199
5733 7847 28
5733 12500 35
7847 44088 109
5733 42126 128
42126 43547 35
43547 16122 137
16122 44756 123
44756 2578 3
44756 5561 69
2578 42909 70
5561 37702 86
16122 40820 163
40820 44001 138
44001 23897 20
44001 42024 78
42024 1452 167
42909 14243 167
7847 8276 195
8276 9188 196
5561 24296 204
40820 23410 205
23410 40471 118
23410 7382 163
7382 23942 37
7382 1735 84
1735 17422 19
23942 26028 136
1735 3038 159
3038 10444 63
10444 42408 3
3038 4720 71
4720 23239 61
23942 11029 163
4720 35089 182
4720 15350 185
15350 39895 28
15350 28381 76
28381 37356 85
37356 12590 5
3038 43136 194
43136 14259 79
14259 25572 40
14259 11535 64
43136 42517 185
42517 12181 155
12181 31462 6
12181 2097 22
12181 41141 45
12181 20903 67
20903 4183 140
4183 26682 42
4183 49974 62
26682 34660 66
4183 6273 107
26682 45724 157
45724 33788 36
34660 31866 173
31866 31795 125
31795 16790 132
16790 14504 55
12181 13844 183
13844 3992 29
3992 18739 111
13844 4416 176
31795 28265 194
14504 46149 197
46149 17984 8
17984 32292 87
32292 27957 94
17984 11060 100
18739 22921 198
22921 18744 165
31462 12508 202
31795 11917 203
11917 41070 70
41070 41729 126
24296 4681 210
4681 6656 191
6656 45840 97
45840 22219 43
26682 13651 213
13651 12697 119
12697 17182 19
12697 29370 84
17182 23284 142
5733 35362 219
41070 32798 220
32798 39141 184
4681 45651 220
45651 34694 38
45651 21334 60
21334 18016 199
18016 21098 131
21098 27100 66
27100 14047 20
14047 12543 116
12543 10366 163
27957 23223 223
23223 8246 221
8246 12792 29
12792 7563 18
7563 37710 52
7563 16552 115
16552 33507 184
9188 10620 224
10620 14117 133
14117 26393 75
29676 42414 227
43547 35180 228
3550 34716 230
33788 15402 231
4183 49449 236
49449 49562 102
11412 43573 239
12027 40428 240
40428 24575 167
24575 5316 160
5316 4515 76
5316 8672 121
8672 6375 56
6375 22830 71
8672 9782 130
5316 43037 142
24575 37250 165
37250 827 123
827 1493 20
827 9260 28
22830 1738 174
1738 15906 55
15906 4012 42
4012 273 133
273 702 152
702 1322 21
4515 14082 196
4012 12422 199
14082 28495 211
21098 26784 242
40428 44637 243
44637 35664 172
35664 44661 203
44637 9321 226
9321 42670 71
42414 8773 244
8773 9068 37
8773 10849 80
10849 16818 99
16818 7458 58
9068 49576 129
49576 24725 18
24725 11280 104
11280 20450 13
49576 13126 128
13126 8944 58
10849 25893 142
49576 6730 158
25893 28372 158
28372 21497 98
21497 4260 60
21497 15158 129
28372 26161 151
26161 21440 156
21440 26170 46
26170 12410 41
11280 12756 167
10849 5784 193
5784 19763 59
19763 36508 173
20450 10023 197
19763 37169 221
36508 5281 227
5281 1521 23
20450 45131 230
45131 35822 18
35822 23219 184
8773 3683 237
11280 13936 237
15158 7960 240
26170 40795 241
18726 41665 245
2046 2766 246
6708 10507 247
28495 19654 247
19654 15747 87
27955 22956 247
16354 7168 248
7168 416 32
7168 19161 54
416 457 60
19161 9431 60
19161 25076 74
25076 20558 15
416 29159 114
7168 2298 133
29159 2333 182
2333 2487 62
2333 26332 80
26332 47614 61
2333 6289 148
6289 18248 15
6289 16707 38
18248 12822 189
2487 1191 199
1191 767 48
767 11992 79
11992 48963 45
48963 44953 19
1191 33949 105
767 16988 110
767 11281 133
1191 2397 195
2397 14183 104
14183 33587 12
2397 18531 107
18531 17300 14
2397 27906 107
27906 19026 108
33587 47228 114
17300 21860 125
33587 26527 161
26527 31895 9
31895 30648 39
26527 32460 47
32460 16061 77
16061 9779 167
9779 2259 49
2259 9082 20
9082 33441 46
9082 39422 118
2259 6958 142
39422 36653 178
32460 47535 178
47535 24320 65
24320 38762 12
38762 8820 94
2259 30701 208
30701 37203 96
37203 42843 56
42843 9009 46
30701 35554 131
9082 10745 217
10745 13391 219
2298 12352 222
21860 20561 225
20561 28456 90
28456 15963 202
15963 39473 7
39473 3442 192
3442 18921 126
3442 2645 205
11992 21662 227
2298 46648 232
46648 45843 103
20561 49377 233
46648 48624 235
48624 25426 150
25426 23705 198
2333 1310 239
1310 46826 136
45843 38740 246
4720 7930 248
7930 29793 144
7930 8514 236
8514 20689 232
7930 11505 241
7930 37279 243
31913 25313 249
25313 34442 190
25313 46962 218
46962 11965 44
11965 40754 21
11965 16794 29
11965 14887 50
11965 2750 88
2750 27527 40
16794 33192 119
16794 12097 157
14887 20881 163
2750 9719 171
11965 34573 197
14807 21066 250
13822 31180 250
29047 713 251
713 44633 172
44633 312 92
312 21458 28
312 29493 73
312 10623 134
21458 18194 148
10623 38458 205
2766 13994 251
13994 25333 194
25333 26822 215
26822 22367 93
382 40985 251
40985 47250 179
3093 34638 252
42146 39253 252
39253 10448 36
41713 40169 252
40169 9986 146
48963 6070 253
6070 5785 194
5785 6315 131
6070 8981 243
8981 7473 242
7473 28230 88
28230 14901 173
14901 12961 194
12961 18877 90
12961 12382 210
12382 38826 95
12382 480 99
12382 23522 132
480 18322 137
23522 12043 200
12043 17034 209
480 45273 214
28230 35185 223
35185 39157 153
39157 40163 135
40163 28592 54
28592 49238 244
49238 26640 184
26640 29842 29
29842 18461 121
43573 9892 253
9892 7571 102
7571 2820 23
2820 25131 14
25131 35541 143
33863 25275 253
25275 1937 117
1937 686 97
1937 18257 139
18257 2819 183
2819 18408 132
18408 16945 97
16945 31378 193
31378 34324 167
34324 22350 99
22350 40893 122
40893 39485 160
39485 10222 113
10222 9126 147
9126 7100 148
34324 16470 172
16470 20344 176
20344 10624 50
10624 16263 73
39485 45890 182
39485 47329 183
47329 29876 203
29876 23731 168
23731 39140 48
23731 19303 63
39140 13982 106
13982 14798 43
13982 40609 43
40609 12777 86
13982 22878 134
22878 39247 59
22878 9586 166
13982 26218 170
23731 813 180
39140 37844 187
37844 22983 21
37844 12080 217
13982 38691 221
38691 32129 45
38691 22877 83
22877 38530 68
22877 11883 161
38691 18362 172
18362 3524 9
18362 41146 74
3524 1108 113
38691 8617 173
8617 38348 124
38348 33760 102
8617 46558 148
41146 26562 211
38691 8490 222
8490 3634 48
3634 3660 232
3660 6351 3
39485 20355 232
20355 23706 87
23706 45215 13
23706 19703 202
19703 1900 21
1900 6228 10
1900 1314 75
1314 21231 30
1314 690 40
6228 17452 114
690 6148 125
6148 43220 188
690 7199 197
1314 1692 203
1692 4178 110
4178 6743 74
6743 44343 64
4178 18017 194
18017 9765 22
26218 47862 237
47862 49734 48
49734 30075 235
30075 38966 159
38966 18236 43
47862 14090 238
14090 17211 138
20355 7480 241
9765 8206 242
8206 14724 71
8206 11997 84
14724 5855 155
5855 11078 40
11078 24177 67
5855 689 128
689 7368 29
689 2821 38
689 2039 79
2039 3308 12
2039 8173 17
3308 8848 87
2039 17382 142
5855 9377 191
11078 12395 245
12395 39744 38
12395 7825 206
7825 38196 36
7825 26860 142
38196 21271 152
26860 15922 202
15922 16458 86
15922 34252 104
38196 45307 202
16458 12374 218
12374 13867 167
13982 2413 246
2413 47572 19
47572 9799 246
9799 15023 229
689 46697 251
8490 37905 252
686 45163 252
45163 48667 167
8041 45101 253
10557 45602 253
45602 44911 22
44911 23197 43
45602 48258 95
23197 12184 145
12184 31390 94
31390 14218 100
44911 48753 199
12184 42739 238
42739 36260 8
7341 45720 254
45720 41568 251
14090 13186 255
13186 8563 111
13186 22908 118
33949 13878 255
13878 4556 24
4556 35685 54
4556 40149 223
4178 24543 255
26121 39151 255
2316 46876 255
46876 28177 68
28177 38052 95
38052 4793 69
4793 46864 191
46864 42270 12
42270 44590 223
6352 19208 256
19208 48817 46
28372 28025 256
15922 33026 256
33026 15789 94
15789 10543 146
15789 14146 155
10543 12730 162
12730 12949 127
12949 8899 77
8899 11309 21
11309 20790 111
20790 30681 20
30681 44801 24
44801 3222 163
8899 10898 173
10898 16519 177
16519 33684 79
3222 6492 200
10898 4262 224
12949 32838 254
32838 35172 149
35172 41914 119
41914 40699 103
4431 10092 257
10092 16262 19
10092 188 51
188 49089 56
10092 36151 106
16262 10454 125
188 16710 126
16262 24926 133
10092 44220 134
24926 3156 160
3156 2116 28
2116 1149 33
2116 4860 97
4860 10585 15
1149 446 122
446 825 161
188 46542 165
10454 19000 175
19000 10778 146
36151 43249 175
1149 39067 179
39067 35698 49
188 27426 194
2116 23333 201
27426 21883 202
1149 19032 205
4860 29287 210
29287 251 122
188 14025 219
19032 14368 226
14368 13719 162
13719 2218 219
21883 14033 237
14033 22514 134
22514 27118 179
251 12751 240
16262 32855 256
32855 4105 59
1314 22721 257
21497 44139 257
44139 14894 164
14894 38473 251
4720 46129 257
4260 3428 258
3428 9233 4
3428 2176 123
2176 29085 210
3428 11477 233
34252 29730 258
29730 1082 139
1082 2100 10
2100 34438 14
2100 26308 74
26308 32402 97
32402 10571 97
32402 32506 164
1082 541 195
22367 41408 258
40795 7904 259
7904 5992 38
7904 35227 151
5992 30606 198
5992 7152 245
7152 15344 109
15344 4058 48
4058 45623 86
7152 39059 148
39059 35021 45
35021 44921 73
39059 12910 221
12910 36930 30
36930 3775 61
5992 959 255
959 2400 48
959 587 125
587 15545 54
587 11016 88
587 305 101
15545 21717 104
15545 21791 122
21791 30031 51
11016 20543 138
305 330 178
330 19170 94
19170 23392 50
330 25824 121
305 13539 211
13539 10629 4
13539 38665 39
13539 40981 46
13539 17604 79
40981 3542 93
3542 14833 93
14833 4121 86
14833 30871 161
10629 7249 169
13539 41554 193
10629 14192 210
14192 22835 214
587 635 215
635 1617 36
1617 9573 42
9573 45901 84
635 1543 145
1543 14983 150
14983 45522 105
45522 14860 129
14860 9179 111
14860 48408 114
9179 23758 154
635 20983 160
20983 40586 187
40586 46887 66
48408 33856 209
4121 8341 218
635 3047 224
3047 48700 162
48700 49225 175
48700 18255 211
9179 2562 225
2562 1775 52
1775 13851 106
46887 29194 226
29194 47817 62
1617 35793 226
35793 46105 104
46105 37977 88
46105 38816 180
38816 24034 31
21717 6747 232
14833 45512 235
40981 30562 240
30562 32280 76
32280 30353 9
30353 36207 191
36207 27764 51
36207 46363 194
23758 2251 242
2251 11734 118
11734 43719 70
2251 2601 171
2601 27751 191
27751 30039 205
30039 16764 38
16764 10933 82
30039 41221 209
41221 16233 128
16233 22046 42
16233 28008 155
28008 7959 96
7959 4409 181
22046 20974 198
20974 46742 13
46742 36202 72
36202 36745 47
36745 21856 91
20974 37185 162
37185 43946 112
21856 1998 189
1998 13942 82
13942 23547 47
1998 12966 85
36202 16518 198
1998 36329 204
36329 43260 53
22046 2783 213
2783 45676 5
2783 2075 81
16233 13653 237
13653 1797 132
13653 10986 144
10986 36696 47
1797 2366 152
13653 34818 180
10986 29860 220
12966 10465 239
10465 23794 13
36202 17828 241
17828 42417 102
17828 685 227
685 500 34
500 49770 4
685 745 92
500 1021 112
685 908 123
745 17854 163
1021 479 191
479 241 14
241 308 38
308 36650 9
308 49621 9
36650 6025 23
308 15482 50
36650 28575 99
479 21161 113
36650 19171 144
21161 25671 153
25671 19350 21
25671 31765 90
15482 14254 159
14254 3091 147
3091 3351 8
3091 8280 176
8280 23260 41
308 2597 188
2597 15270 141
15270 7560 69
15270 31849 87
7560 15354 95
308 6424 191
36650 3422 199
3422 33372 172
33372 48464 153
48464 11716 61
11716 15686 105
3422 44482 178
44482 20507 99
908 6482 210
8280 39054 211
39054 20098 1
20098 13115 14
20098 20560 31
20098 14610 54
20560 19993 76
13115 37956 109
14610 20967 110
19993 34379 156
34379 21476 40
20098 12209 175
19350 16360 212
16360 15446 116
479 1611 219
7560 7347 231
7347 30480 23
30480 26738 56
26738 22840 68
30480 44623 131
30480 23798 134
23798 21929 81
21929 44987 14
7347 3384 156
3384 49696 60
21929 33707 187
23798 37745 192
21929 5714 201
23798 45659 203
37745 20256 210
5714 2464 234
2464 3925 42
2464 22166 66
3925 24342 228
24342 26438 90
34379 42173 236
42173 13167 25
13167 249 137
249 2422 203
2422 753 71
249 138 210
42417 44877 236
44877 40997 201
37956 9662 237
9662 28525 151
21161 11603 237
11603 14321 37
14321 32222 68
32222 23766 69
23766 6563 204
6563 47616 27
47616 1944 82
6563 19530 156
19530 2472 3
2472 10636 93
19530 6518 146
6518 12813 82
6518 5311 92
6518 30287 107
6563 4980 160
4980 21763 73
21763 23055 35
21763 4981 109
23055 16106 113
16106 44129 105
4981 19042 126
19042 9296 67
9296 17966 54
19042 45904 106
16106 7587 131
9296 28055 134
4981 2144 139
7587 3855 183
3855 232 23
3855 34625 156
6563 22473 186
3855 33556 197
21763 23297 201
12813 47302 207
47302 44352 70
23766 32082 208
21763 28995 211
28995 39645 181
21763 17157 228
17157 2551 190
2551 7756 125
7756 32425 23
32425 40514 7
40514 42478 46
42478 45723 23
45723 18329 58
40514 48596 135
45723 26461 182
26461 18050 68
18050 6824 38
6824 7475 105
7475 36299 135
6824 9525 148
9525 28937 52
9525 15331 146
15331 26356 171
15331 9562 180
9562 15327 174
15327 39922 62
15327 2643 96
2643 41933 20
41933 27981 53
2643 4613 127
41933 21338 154
39922 15388 184
15388 6222 56
6222 18945 72
18945 42278 100
18945 42815 102
18945 41711 122
41711 45656 84
6222 9965 129
42278 8930 137
42815 17206 139
15388 20826 166
45656 29213 198
29213 43381 147
43381 30962 163
30962 28633 124
28633 21723 86
30962 9528 154
9528 35325 45
30962 46573 202
30962 6294 207
6222 10520 208
10520 1139 156
1139 651 133
651 1234 157
41933 17589 209
17589 29721 201
10520 45333 216
45333 42835 81
42835 20305 139
18945 17032 220
17032 452 70
452 28 78
28 6883 179
6883 7952 59
7952 7186 113
7186 49765 189
49765 736 12
736 41948 131
28 10464 193
28 12759 214
28633 22880 220
22880 28284 83
28284 29820 106
29820 36361 69
29820 41176 141
28284 6140 155
9562 14022 232
452 42193 232
42193 35244 224
35244 11453 57
11453 35694 61
35694 47477 173
47477 22868 32
22868 7915 175
7915 32641 137
35244 47512 186
47512 39408 206
47477 34560 209
34560 39415 69
39415 11181 125
11181 30644 123
39415 47792 152
47792 22867 78
11181 17893 185
17893 41340 168
41340 37569 86
37569 28976 28
28976 41682 30
28976 5910 207
5910 3419 66
3419 6792 97
3419 7364 114
7364 23425 59
7364 49987 113
3419 7026 157
3419 39206 181
7026 17972 207
41340 14316 210
14316 5489 182
5489 40623 47
5489 42061 194
42061 36786 16
36786 10350 193
22867 29490 232
5910 49821 232
49821 12255 4
49821 5899 44
5899 35553 49
12255 44498 109
44498 7027 179
7027 9606 64
7027 38728 170
38728 37810 75
38728 47813 143
47813 7081 15
7081 5510 105
5510 25500 166
12255 17615 205
17615 26951 10
17615 20820 42
5510 32960 212
26951 38604 219
38604 9206 10
38604 35883 141
32641 2816 237
2816 2936 16
6140 35656 237
745 2508 238
2508 8636 80
2508 8992 141
8992 36145 15
49621 8588 240
22473 18909 241
18909 49875 108
138 75 242
75 32343 111
75 33830 219
32960 26683 242
26683 38929 204
23766 36741 242
23055 45502 242
20974 12346 243
12346 2088 61
2088 208 14
2088 6594 113
2088 8259 140
208 902 217
902 2832 93
2832 39274 10
22867 84 244
84 5644 34
84 10836 86
10836 16096 85
84 283 102
10836 7599 121
5644 38723 137
38723 44391 47
44391 8601 94
38723 18733 116
10836 45275 176
5644 10256 225
10256 148 39
148 167 189
167 37338 95
167 1406 104
1406 32422 95
32422 47079 19
47079 17339 19
167 5625 145
5625 9608 107
1406 2687 146
37338 20990 208
5625 15304 214
148 19378 228
283 1563 244
452 36766 244
2687 39273 244
35694 41088 245
41088 7993 82
7993 6815 18
6815 20569 8
6815 2934 114
2934 9505 70
2934 15115 85
15115 43749 135
20569 39699 230
15545 3810 247
3810 25443 24
25443 25486 49
25486 33081 154
3810 28131 200
28131 25825 167
25825 47801 11
25825 20063 92
20063 17457 69
17457 33973 2
17457 9566 61
17457 18809 183
18809 47159 75
18809 34033 134
9566 35995 184
47159 10321 185
10321 1445 143
1445 9029 176
9029 6685 136
1445 469 186
469 21203 37
469 3244 46
47801 1013 187
21203 49506 198
6685 48232 201
48232 11515 71
48232 17561 86
34033 25054 204
1013 2158 209
2158 7162 5
2158 7629 178
7629 24335 63
11515 10328 216
10328 7533 109
10328 24566 127
7533 6736 187
6736 34700 110
6736 21321 177
28131 46823 220
46823 43602 82
43602 35581 148
35581 48755 15
11515 5582 226
5582 10791 90
5582 1165 213
1165 20468 165
1165 3584 172
3584 48608 51
3584 10714 156
48608 10379 168
3584 22976 182
22976 18883 123
24335 17551 228
24566 24449 237
9179 31331 247
36207 40569 248
6824 5755 249
5755 7011 118
1543 36959 250
3542 39102 250
39102 3377 7
3377 5187 27
5187 10315 22
5187 45551 42
10315 11914 182
11914 7835 59
7835 48994 17
7835 15920 76
48994 43496 84
43496 12669 123
11914 2408 151
15920 35641 165
35641 39835 34
35641 15021 62
39835 23720 65
39835 2610 155
2610 8267 48
2610 4313 101
2610 5134 136
5134 16941 96
7835 5996 177
10315 33196 183
33196 15965 109
15965 451 30
451 722 113
722 25508 48
25508 10685 92
10685 34083 126
451 18567 143
18567 22242 44
18567 44863 65
18567 23166 93
23720 4517 192
7835 26158 198
26158 39810 151
10315 1296 202
1296 20737 97
1296 44611 127
1296 23790 196
23166 42053 202
3377 44407 203
3377 10233 214
10233 43835 142
43835 36301 59
43835 23278 60
23278 29225 205
23278 23653 207
23653 22299 110
22299 48787 134
22299 13479 188
13479 21821 48
21821 29191 142
21821 33742 198
48787 47266 204
2610 949 224
20737 38942 224
21821 20370 227
949 14235 228
14235 30485 56
2408 1588 234
1588 3551 51
1588 23752 76
23752 32972 118
32972 40345 18
40345 28913 11
1588 13558 132
3551 46827 142
23752 25406 143
25406 588 153
588 1633 24
588 1872 86
1872 27828 70
1872 17653 86
588 194 190
194 257 69
194 39125 80
39125 20334 64
20334 31573 54
257 28419 100
28419 48005 24
48005 47323 3
28419 3528 31
47323 41488 61
28419 41737 98
3528 7519 127
3528 2313 138
2313 21292 84
21292 12758 70
12758 14251 50
2313 3483 109
3483 20029 22
20029 34256 63
34256 38729 82
41737 38397 138
194 3561 174
3561 16894 23
588 30412 205
21292 38662 215
39125 17416 216
17416 42988 101
42988 4117 132
1633 8528 217
12758 533 225
533 179 183
179 822 68
40345 46838 228
46838 32534 151
46838 6683 176
6683 30015 170
23653 29139 234
179 449 235
449 42372 103
42372 17248 131
17248 5534 117
5534 28833 31
28833 21731 119
21731 4590 127
17248 4875 130
21731 3089 183
5534 39601 189
39601 44648 173
44648 6269 11
6269 11369 131
11369 31230 60
31230 49568 2
31230 17003 125
17003 27662 36
11369 1837 157
1837 24285 36
27662 3116 158
3116 1942 189
17003 17773 189
17773 33740 156
5534 48251 195
21731 28569 218
28569 35123 75
28569 34538 128
449 13463 221
17773 6867 222
6867 996 69
996 4312 119
4312 35406 62
4312 25943 134
449 35582 228
35582 21093 30
35582 5661 193
21093 1706 209
1706 68 52
1706 4900 93
4900 29500 174
14251 17347 238
17347 7504 3
20334 19258 239
19258 16284 105
16284 2449 1
2449 42656 29
2449 40862 48
2449 35838 66
2449 41635 132
1706 17609 240
31573 22773 244
2408 20912 245
6683 47127 245
179 4772 246
4772 45295 69
45295 19997 126
19997 49781 164
19997 42313 205
42313 41363 237
41363 22206 136
22206 4535 226
4535 10842 10
10842 16881 136
4535 383 197
383 2403 84
2403 33264 30
2403 42391 30
2403 8795 96
33264 41941 122
38729 27855 249
27855 36864 193
11369 34669 249
34669 42982 218
5311 43289 250
7027 5181 251
5181 9539 209
9539 14861 70
9539 47111 117
47111 44977 21
1633 3717 252
32082 5350 252
5350 49133 67
49133 40626 102
40626 47506 125
40626 38315 245
38315 29962 93
7629 10277 252
6683 19286 252
3561 28159 252
28159 26135 157
28159 9544 199
9544 36484 26
36484 9780 231
9780 49776 95
49776 16780 213
16780 8222 73
49776 9196 231
9196 36778 62
8222 43433 240
5510 964 253
7504 28992 253
28992 20457 61
28992 43171 123
20457 23770 157
23770 19725 44
23770 23961 171
23961 37028 21
10277 29423 253
29423 33980 242
3528 39877 253
39877 27684 82
39877 6418 119
6418 13505 60
13505 16785 27
27684 12053 200
12053 17981 163
17981 4999 194
4999 174 179
964 72 254
72 21 195
21 47 7
21 13733 98
47 6323 134
6323 19124 12
21 613 242
613 40622 85
613 977 239
977 1447 1
1447 9740 92
977 11204 102
11204 30830 36
9740 26493 114
1447 2235 154
2235 27525 85
27525 12922 66
2235 34314 116
34314 14392 47
14392 9447 90
2235 24117 139
24117 19277 110
19277 19413 61
24117 42004 123
9447 37272 144
24117 48889 151
48889 9187 86
9447 13194 168
9447 33595 169
42004 36003 175
36003 4116 35
37272 6147 190
6147 21942 139
6147 18342 164
6147 27713 195
27713 46762 59
27713 14456 105
27713 13214 159
13214 5744 61
13194 49166 203
49166 15768 159
15768 29310 68
15768 49156 150
29310 42934 165
42934 16413 12
49156 41733 177
41733 31778 27
49166 24835 208
24835 27175 45
27175 36231 1
36231 38168 9
36231 39722 31
27175 26929 59
24835 2529 88
24835 42356 132
42356 38360 97
38360 31984 26
27175 32255 152
32255 49236 35
38360 2740 180
2740 41754 36
41754 15848 46
2740 6016 170
46762 15751 209
15751 48225 106
48225 11328 72
32255 29693 209
29693 24205 63
29693 1312 208
24835 27079 210
27079 17513 26
14392 39407 217
39407 30476 72
30476 26141 174
26141 38258 197
13214 40129 217
30476 38923 222
15751 38328 225
26929 39822 226
39822 32174 117
29310 23156 227
23156 16811 17
16811 41615 59
41615 10862 153
16811 18927 164
10862 3574 183
41615 12386 188
13194 25059 227
25059 25285 14
25285 12495 226
12495 34895 166
40129 7898 238
7898 4386 228
13214 43855 240
38168 45076 242
45076 49216 195
49216 20219 70
33595 41029 245
23156 13321 247
13321 24855 23
24855 15787 158
47 32043 251
47 858 253
479 3930 254
3930 23412 245
3930 3520 251
3520 2942 151
2942 2420 24
2942 13641 48
3520 38540 179
18342 19342 254
19342 44565 49
21476 20941 254
42372 21261 254
21261 10716 117
9606 38117 254
3528 6873 255
6873 35194 211
35194 30462 55
25443 31465 255
31465 4354 56
4354 6113 9
31465 32828 79
6113 16253 196
16253 30293 68
16253 23559 144
16253 2304 227
2304 34284 1
34284 39416 49
39416 29439 42
2304 34109 60
39416 41829 135
2304 1131 175
29439 17453 177
1131 559 196
559 32103 48
32103 2300 14
559 23523 54
559 1228 104
2300 44913 121
2300 36033 125
1228 29825 127
29825 32090 141
32090 9102 3
2300 34782 177
34782 6741 96
6741 11163 114
6741 32061 161
32061 7102 106
32061 38156 172
32061 38351 193
11163 34778 230
41754 32819 255
6824 34197 255
34197 47681 109
47681 8059 172
26929 35539 255
35539 20032 67
35539 31309 78
3528 26437 256
26437 997 112
997 9163 26
997 10863 231
10863 20770 93
20770 24860 234
36959 27353 256
35883 21074 257
18945 27259 257
19286 20677 258
20677 25544 53
20677 29117 226
29117 29934 77
29934 13765 159
29934 47708 179
25544 17400 228
17400 17511 60
17400 8512 204
8512 34421 75
29934 29350 228
27175 497 259
497 1304 35
497 1138 178
1138 14089 39
1138 15443 144
1138 22141 148
22141 8751 176
8751 44805 107
44805 2727 89
8751 6346 180
44805 3100 206
3100 3894 71
3100 10876 72
10876 31840 120
3100 5055 173
5055 32063 108
5055 41052 175
41052 17114 82
5055 47991 191
47991 44010 208
15443 11916 242
11916 1155 6
1155 25764 24
1155 1585 52
25764 10333 78
10333 25926 38
10333 12506 58
1585 26695 89
25926 37774 106
26695 1894 201
26695 26813 231
25926 9462 255
9462 11643 167
11643 24432 174
3428 10895 259
10895 1378 5
10895 9591 18
9591 39597 176
1378 1420 215
1420 1871 57
16941 10911 259
11477 16516 259
16122 39409 259
39409 4652 35
4652 15613 15
15613 20514 172
42313 44588 259
44588 29494 16
29494 9570 61
44588 14669 151
14669 1905 4
1905 957 39
957 879 11
14669 22454 112
879 695 208
695 9457 85
695 1309 187
1309 10501 172
695 38234 199
879 1244 223
1244 18681 26
18681 37839 57
1244 38840 99
18681 9036 132
37839 29270 204
29270 27489 40
27489 5516 108
27489 35639 184
1244 36609 213
36609 40571 105
36609 8144 219
8144 2509 109
695 14617 225
14617 21498 66
21498 40972 108
40972 27744 117
14617 432 174
21498 18523 186
18523 17353 31
17353 49586 139
9570 6421 232
22454 23387 234
23387 44109 172
44109 48261 34
48261 33129 71
879 4943 238
44109 12059 240
12059 27748 101
27748 46038 123
12059 14448 206
14448 17967 108
37839 12504 244
12504 38489 67
12504 40501 137
40501 46103 185
38489 20376 245
20376 37925 222
37925 30375 176
30375 26801 122
37925 11957 188
11957 7943 91
7943 48578 191
48578 15564 182
26801 18046 214
18046 17046 3
7943 2939 223
2939 42257 22
2939 4186 46
2939 22551 128
22551 12406 132
2939 22536 167
2939 2225 186
2225 13059 40
2225 4521 67
2225 3910 117
3910 4663 74
2225 41546 145
41546 41805 83
2939 25995 231
38234 9745 246
9745 31417 37
31417 7652 65
7652 32419 132
25629 5618 260
38987 7070 260
7070 19553 29
19553 37814 5
37814 42911 4
19553 17777 7
19553 24522 131
24522 25338 90
24522 22985 131
17777 19887 165
25338 7462 221
7462 2439 57
2439 10193 70
10193 26764 75
26764 474 144
474 5845 131
5845 11306 51
11306 28411 14
11306 19190 37
10193 31912 155
31912 11629 4
5845 34080 169
34080 21398 81
21398 45112 92
45112 18771 18
2439 41273 182
41273 3600 185
7462 17886 187
17886 12436 193
22985 6262 252
6262 35228 58
6262 1134 199
16941 8392 260
8392 18800 258
18800 36296 240
36296 42585 74
24342 16449 260
16449 2649 176
2649 3730 72
2649 2725 90
2725 32559 155
32559 49106 7
32559 18895 132
16449 35195 237
35195 43622 226
18895 28780 246
28780 16621 80
16621 6781 197
6781 5940 93
6781 39369 137
5940 9864 197
9864 81 59
81 818 55
81 17313 64
9864 1752 123
1752 47155 115
81 6726 235
81 797 248
797 34064 231
34064 6590 60
6590 41313 128
6590 1214 202
1214 487 36
1214 3258 127
3258 7132 2
7132 22719 28
7132 45875 46
7132 40440 71
40440 41197 23
41197 42538 20
40440 20110 44
20110 39242 121
41197 15048 125
15048 4767 3
15048 42886 44
3258 22692 130
487 508 146
508 1839 55
508 9643 143
1839 38775 153
41197 43115 165
508 5098 181
5098 38176 122
7132 37837 199
5098 15693 203
15693 29565 120
487 1722 205
1722 3183 90
3183 28271 56
3183 7806 61
3183 17625 182
1722 45359 208
45359 8646 18
8646 774 115
774 562 44
562 2268 69
2268 7888 48
7888 6218 5
2268 18579 58
2268 2962 67
2962 25272 16
25272 18472 119
562 919 121
2962 44808 121
8646 7481 176
7481 2813 48
7481 40489 78
2813 14329 135
7481 46635 150
18472 29639 181
44808 48000 200
774 41239 203
42886 48357 210
1839 2258 218
2258 40371 6
40371 33738 87
33738 9263 105
9263 6487 32
6487 2185 28
2185 57 148
57 14 6
57 2575 37
2575 26081 102
14 2181 173
2181 14890 28
2181 5102 47
2181 7570 105
2181 3259 118
14890 8016 122
2181 16241 180
16241 19490 159
40371 42761 182
8016 1362 200
6487 24182 209
24182 6546 72
2185 34713 213
34713 4959 197
3259 928 214
928 24213 2
24213 33557 128
928 38744 130
38744 47931 95
928 4955 148
4955 34368 154
34368 47556 183
47556 1194 169
1194 33662 20
1194 897 31
1194 17930 86
1194 7039 113
7039 15910 95
15910 17245 34
17245 17255 118
1194 39351 190
15910 25385 200
39351 42724 205
46635 42565 218
42565 32520 41
42565 29590 221
29590 32843 94
7039 9707 225
9707 20550 119
9643 19092 225
29590 28895 230
28895 25158 1
28895 43873 47
25158 49833 82
43873 30896 138
30896 24417 5
24417 26099 10
26099 12376 203
12376 33688 42
25158 44652 217
44652 27554 1
32520 39913 230
39913 10297 231
10297 37484 146
37484 42477 8
30896 3074 233
18472 47814 235
47814 25906 181
25906 5175 94
47814 39225 193
25906 21196 230
21196 42092 229
42092 49340 17
42092 24187 206
24187 45886 104
797 15181 236
15181 8444 89
8444 5807 230
5807 36649 34
36649 15682 154
15682 13264 152
13264 21692 189
21692 24324 58
21692 528 142
528 9020 16
528 7575 33
9020 22752 74
528 40036 142
40036 46437 13
40036 18457 102
7575 43948 163
22752 16118 230
16118 13529 133
13529 6902 64
6902 6426 41
6426 4912 30
6902 12705 83
4912 3002 167
16118 29217 184
29217 4910 213
4910 22203 89
4910 26956 164
4910 26235 185
16118 10885 216
10885 30308 40
30308 32418 101
6426 7189 231
6902 3947 232
3947 22726 223
15682 1850 233
7189 8821 236
28271 20880 237
20880 12571 52
12571 5156 36
20880 44781 125
5156 32823 155
4910 12 239
12 31978 99
12 411 118
12 3437 123
12 23249 164
23249 48384 78
48384 9640 95
9640 804 174
804 7517 2
804 16143 62
16143 44473 68
44473 1642 65
1642 22638 77
22638 40780 12
7517 18798 161
18798 18204 106
23249 29567 181
29567 11179 165
11179 18610 155
18610 47417 135
18610 37856 191
37856 3851 200
3851 18162 35
3851 13997 169
12 1050 205
1050 34111 142
34111 20745 109
20745 16099 45
16099 5943 37
16099 14128 42
14128 8034 20
20745 32069 98
20745 15592 110
15592 9625 123
9625 2761 39
2761 8653 27
8653 3466 88
8653 28768 97
9625 23524 153
23524 42302 31
42302 15427 145
2761 26748 161
1050 28461 193
32069 43394 194
43394 340 100
340 9694 1
43394 2622 135
2622 1784 33
1784 2369 101
1784 1565 180
1565 27820 72
27820 32566 25
27820 18152 92
18152 17671 54
17671 3453 56
17671 45413 75
3453 20161 85
1565 472 97
1565 16922 137
18152 37609 146
16922 43646 157
3453 44939 171
15427 5330 196
340 18577 196
18577 41299 44
5330 26631 208
13997 24214 212
1050 4482 219
1050 7678 220
7678 27532 213
32566 8905 229
8905 22627 29
22627 35796 5
8905 43061 168
43061 6168 92
6168 2956 201
2956 2543 78
2956 5453 116
5453 8178 101
8178 11460 18
8178 11208 73
8178 23617 82
5453 45542 129
2956 12652 145
2956 6858 157
8178 13669 180
13669 13932 115
13669 10148 116
10148 49773 25
13932 44599 118
49773 3549 203
3549 20473 77
20473 27555 39
3549 6081 86
6081 30141 149
10148 10334 216
10334 28115 100
2543 12678 227
12678 21085 32
10334 33443 228
33443 37662 77
37662 24055 41
24055 22515 178
22515 48122 76
32069 45164 229
45164 44312 37
45164 33014 67
33014 16853 76
16853 37179 6
37179 29727 44
44312 2567 154
33014 29604 172
29604 44662 52
2567 2457 181
2457 4480 145
2457 1388 164
2457 15161 175
15161 5237 23
5237 16673 59
15161 31848 103
15161 49386 111
49386 11360 134
49386 8829 181
44662 43357 198
43357 37381 156
29727 21108 222
21108 21038 94
6858 31460 230
31460 37545 131
37545 40824 37
31460 13305 132
37545 14480 185
14480 12432 201
12432 22823 145
22823 2226 100
12432 29649 157
22823 8284 217
8284 6672 106
6672 7635 88
8284 393 163
393 18839 90
6672 37563 184
37563 11947 47
11947 26568 157
26568 18896 44
11947 18482 161
11947 28231 171
37563 23296 176
23296 17105 27
17105 45527 127
17105 28957 153
11947 20466 221
20466 25257 75
25257 22900 138
22900 9648 50
22900 5031 98
5031 1764 17
1764 3496 155
3496 21981 71
21981 20381 4
1764 28695 172
9648 22233 199
22233 49047 28
22233 29843 206
14480 2455 227
2455 24601 94
24601 2770 6
2770 31179 40
31179 8273 98
2455 14227 190
14227 32595 11
32595 43917 139
43917 47548 181
2455 5768 194
24601 11926 200
11926 32424 74
32424 23992 198
1642 4629 231
4629 791 8
791 8061 74
8061 47758 39
791 1292 98
1292 14299 18
4629 39122 103
791 8830 146
8830 1891 112
1891 95 12
95 25555 17
1891 30744 51
30744 33349 63
95 42123 63
42123 27965 65
27965 45860 100
25555 27296 106
42123 47334 110
47334 44788 38
27965 37535 122
1891 15273 137
42123 3167 143
3167 604 104
3167 19447 104
604 42822 143
42822 15081 48
604 13521 153
13521 26985 62
45860 38238 153
38238 9712 31
26985 6175 162
42822 43376 164
1292 29481 171
29481 44239 32
29481 37398 34
37398 32908 23
37398 1564 90
1564 21589 146
21589 47086 111
29481 42332 160
47086 37295 172
1564 19828 178
19828 37479 154
43376 42336 178
15081 4485 189
21589 20711 214
20711 36981 36
36981 17748 20
17748 29616 19
791 6291 216
30744 20822 217
1784 19262 232
19262 37478 11
19262 5265 77
5265 18649 124
791 11 233
11 12676 17
11 38794 29
12676 1703 41
1703 47293 21
11 30625 77
30625 15084 104
1703 25471 108
25471 33332 68
33332 8185 127
11 37 132
37 1461 109
1461 4086 83
1461 1919 96
1919 17337 75
1919 17350 109
37 838 124
1461 1763 137
38794 1332 140
1332 121 135
1703 36980 143
36980 40613 31
17337 14517 152
14517 24938 24
11 4672 162
4672 21937 103
14517 9726 192
9726 39354 85
9726 44627 141
44627 5286 39
5286 7002 114
39354 39465 169
39465 32003 174
32003 7355 81
9726 42811 187
39465 30116 190
30116 33368 123
121 932 195
30116 48944 195
12676 4370 203
14517 4083 208
4083 616 163
616 518 30
616 21586 64
616 27035 115
27035 8593 114
616 12250 136
15084 17223 210
4083 39474 213
39474 34187 53
34187 12938 43
12938 40512 52
11 34630 217
34630 48834 118
48834 31931 83
48834 32496 181
932 17460 218
15084 26919 220
26919 41195 66
41195 1033 52
1033 8019 86
8019 6667 46
6667 46983 107
8019 27376 138
6667 1625 206
1625 9204 50
1625 2857 94
1625 171 129
171 24629 11
171 93 30
93 183 1
93 31892 5
183 358 40
171 12118 64
183 3710 84
24629 41923 89
3710 39789 114
183 44162 116
171 40047 121
40047 11850 47
11850 43345 6
43345 42497 14
11850 23380 95
93 233 176
11850 22732 177
44162 2055 179
2055 1959 2
1959 41350 128
1959 24654 175
1959 26258 178
26258 20399 96
20399 2157 111
2157 34153 120
34153 19123 12
93 10072 184
20399 31838 184
9204 31638 189
1959 770 199
770 20281 73
770 622 153
622 22378 9
622 2554 157
2554 24211 132
24211 20897 41
24211 31885 188
31885 46292 62
31885 35046 99
24211 44260 193
46292 38448 197
24211 15065 198
15065 10005 179
15065 20079 183
20079 22441 35
31638 38336 211
36980 22246 224
22246 3320 42
3320 1176 94
1176 1154 41
3320 19620 126
3320 5878 178
19620 12558 195
12558 7226 50
7226 4893 62
7226 15337 83
12558 7063 94
12558 15184 109
15184 34721 5
15184 4063 104
1154 3415 197
7063 14440 202
14440 23077 148
23077 5949 23
5949 970 3
23077 11275 119
11275 24147 128
23077 41131 133
23077 38636 135
38636 40660 120
11275 12182 208
3320 5394 211
5394 38015 41
5949 13415 218
3415 26719 219
26719 7964 14
26719 11295 33
11295 32221 110
32221 13862 15
32221 37451 133
11295 49910 163
49910 47317 159
32221 32446 211
39465 34663 224
25471 42155 224
358 360 225
360 27592 37
360 17438 111
360 5611 145
5611 4778 30
5611 33807 115
33807 46599 55
17438 11433 167
11433 895 197
4778 14832 209
14832 24276 200
34663 47121 225
8593 10923 226
10923 11778 213
11778 847 198
847 271 128
271 801 96
847 20485 179
37 18085 228
121 99 230
99 8139 117
8139 26228 167
99 911 173
911 12083 32
99 20545 220
20545 24682 10
20545 23407 107
24682 22765 126
22765 26928 78
23407 5803 175
5803 20527 13
20527 39985 67
5803 866 133
20527 31708 164
31708 39590 110
39985 42823 189
866 1218 207
1218 2844 197
2844 23433 16
42811 1907 230
1907 123 24
123 12162 78
5286 45463 231
39354 5184 232
5184 12095 22
5184 14599 130
14599 30621 57
30621 24305 17
14599 27136 131
27136 30385 130
12095 29582 173
29582 39614 218
39614 6842 167
6842 22050 183
22050 30916 88
11295 20251 233
10005 2446 234
16143 27807 234
3466 2266 235
2266 13701 34
13701 19709 124
13701 43956 151
43956 47966 52
2226 3489 235
3489 40954 116
18896 13106 235
13106 11462 39
11462 32853 74
1763 20962 235
11 1250 236
1250 14155 213
20822 5646 236
37535 9349 237
9349 9588 36
9588 20220 43
20220 25657 97
9349 49044 218
6081 27988 237
27988 20999 126
20999 20199 168
20199 25280 24
20999 45250 209
45250 35183 22
45250 34986 61
34986 43187 195
43187 9460 8
9460 14917 20
9460 32992 184
32992 596 24
596 1906 144
1906 48525 89
32992 36913 175
596 954 178
954 3871 37
954 1183 45
3871 5225 87
596 3830 192
3830 5875 194
1183 2524 218
2524 47012 19
3830 27088 219
23524 27901 238
27901 834 53
27901 20414 97
27901 49858 145
834 7326 183
27901 38674 189
38674 5331 26
5331 26714 18
26714 14762 9
38674 38124 28
26714 45586 202
45586 39544 41
7326 24411 209
5331 12335 211
20745 28707 238
1919 43190 238
43190 42596 58
42596 10182 91
43115 1161 239
3851 4414 239
4414 9727 42
9727 6545 93
27532 17661 239
17661 29700 80
29700 39305 154
39305 48920 157
29700 5894 202
47417 38581 239
22719 42204 239
42204 11987 35
11987 23726 71
11987 28350 120
23726 21262 170
21262 15055 147
15055 40012 66
15055 14411 221
14411 9615 139
9615 38527 78
28350 1404 232
1404 46768 14
1404 49560 137
49560 9800 26
49560 40236 45
49560 18138 109
40236 32436 187
32436 46592 168
9800 22445 205
22445 7593 108
7593 4971 189
4971 1855 41
4971 12454 152
12454 43212 36
12454 23800 164
7593 23125 202
15055 9058 239
20251 43393 239
43393 37891 174
37891 11885 93
11885 27567 139
37891 43606 149
43606 4098 205
11885 4120 240
40824 39009 240
39009 12462 83
39009 25753 164
25753 32011 19
25753 16708 141
23296 39717 240
11947 36190 241
30385 41974 241
20220 46204 241
46204 18516 146
18516 17172 45
18516 8309 76
17172 27055 94
27055 37517 35
37517 6898 18
6898 38384 6
37517 2478 76
6898 44366 121
17172 5326 127
17172 32369 155
17172 18486 180
18486 32721 175
32721 45125 114
32721 25049 204
25049 6678 143
6678 45707 163
8309 10767 215
38384 25709 234
25709 4360 201
25709 49305 225
18486 6938 239
123 1 242
1 24347 40
1 173 165
173 45380 161
45380 25569 213
9204 20258 242
20258 15157 30
15157 19628 52
15157 4883 191
4883 8778 80
8778 11347 84
8778 48077 87
4883 28893 112
11347 2972 155
28893 23031 161
23031 17613 14
17613 15813 78
17613 43640 109
43640 47833 85
8778 14489 175
14489 42215 20
28893 12005 193
4883 45962 203
45962 21974 30
21974 17813 167
45962 23944 177
23944 45984 160
45984 13836 114
48077 45556 219
45556 26998 12
26998 25217 123
25217 30912 85
25217 19567 111
42215 45049 225
41299 5239 243
5239 1653 96
1653 2998 196
5239 5999 204
5999 2228 102
2770 8177 243
8177 39160 2
39160 27966 38
27966 24476 44
27966 35454 104
35454 19825 41
27966 43885 113
43885 2222 74
2222 2967 57
19825 10282 124
24476 48871 137
2967 19349 158
19349 28951 12
28951 41498 111
8177 22459 170
22459 41997 191
8177 47998 206
47998 41442 183
41442 25934 164
41498 44314 213
44314 9306 92
44314 23169 101
9306 16752 129
23169 25581 158
25581 7329 137
7329 28347 55
25581 41164 150
41164 41201 67
41201 24842 130
7329 6809 181
6809 7334 144
23169 243 209
41498 4678 215
4678 4134 35
4678 17586 60
17586 42447 59
42447 40618 15
40618 19533 107
40618 32529 118
4134 3216 132
17586 43025 148
4134 12709 159
12709 45090 77
12709 40045 120
12709 268 139
268 15309 137
4678 6630 167
40618 7044 173
7044 40747 27
7044 1020 128
12709 25115 180
40045 28007 185
28007 38202 11
28007 9546 93
9546 37969 142
19533 2943 191
15309 11141 203
40045 4055 204
28007 28984 206
28984 7090 138
7090 1441 107
1441 34282 73
34282 45128 22
45128 49211 9
34282 36532 154
28984 26524 160
26524 47906 79
34282 10440 164
10440 5971 129
28007 10476 207
19533 49837 209
4134 39578 210
39578 38689 192
38689 20397 71
20397 2973 116
2967 9611 219
45090 3552 231
3552 28728 159
28728 11210 87
3552 4038 183
24476 45501 241
45501 16301 54
45501 38959 66
38959 26586 54
38959 26383 86
26383 7409 121
7409 22173 81
7409 34434 95
7409 958 127
22173 40844 131
40844 24314 54
24314 11156 96
7409 37162 147
7409 40719 150
958 13322 160
13322 18979 142
26586 10019 166
11156 34492 175
7409 23649 187
22173 11039 192
11039 33366 108
45501 39005 201
40747 33491 242
33491 24883 183
24883 12999 79
12999 20847 104
20847 23702 157
20847 16517 177
16517 6442 64
6442 39168 138
39168 48962 21
33491 3766 242
8061 10779 243
10779 27242 32
10779 22326 34
22326 27460 48
27242 6819 127
27460 48660 127
48660 46186 154
46186 4610 7
46186 44688 20
4610 34611 47
44688 24903 49
34611 28584 111
28584 35248 42
28584 10018 48
10018 16937 54
10018 42695 77
42695 40898 119
6819 4479 172
4479 15029 102
4479 987 179
987 19173 65
19173 23086 70
44688 21805 204
42695 6233 220
21805 2193 234
2193 8454 232
8454 11777 59
8454 28816 95
28816 19281 87
19281 49966 108
19281 12737 182
12737 8376 28
8376 25242 163
25242 32197 78
32197 19355 125
25242 14474 131
14474 7112 82
7112 38567 218
38567 37388 123
37388 11594 204
11594 20675 107
20675 37600 6
3871 4010 244
5098 34128 244
34128 2240 211
2240 19499 5
34128 9355 229
16937 44575 244
271 352 245
352 42358 34
42358 5681 127
5681 3017 93
352 960 142
960 25815 50
25815 20523 113
3017 3569 158
3017 30788 195
25815 25176 209
25176 26134 93
26134 13565 187
25176 4481 203
4481 3462 206
3462 4505 90
26134 41627 208
26134 49788 214
4481 5816 224
5816 1412 51
3569 6908 226
3569 31549 228
5816 25478 232
25478 14539 104
14539 25103 62
14539 6573 90
6573 21953 154
25176 41356 235
6908 43106 235
243 1788 245
34663 6645 245
6645 17632 11
6645 8471 102
18579 16940 245
6081 49145 245
1891 14658 246
14658 21466 219
10282 29871 246
4678 40966 246
40966 36555 96
36555 20435 163
20435 10147 8
20435 41906 34
41906 32491 102
20435 2655 151
2655 12264 99
2655 11300 192
41906 22501 202
36649 20 247
20 13 162
13 9906 98
13 939 120
13 65 149
13 4605 160
4605 38318 78
4605 2809 152
2809 31646 47
31646 17739 87
17739 43791 1
43791 41593 8
41593 10922 4
2809 1230 95
10922 3205 158
3205 6494 78
41593 38002 162
38002 7508 30
65 21429 163
65 281 170
281 904 76
904 6989 52
6989 14203 87
281 9093 140
9093 43085 62
14203 4625 168
4625 9386 162
65 7660 183
1230 27483 183
27483 2969 55
4625 29177 218
27483 11632 233
11632 1432 147
1432 73 59
1432 1723 127
1723 41228 53
1723 235 91
1723 33735 93
33735 32596 38
41228 19541 107
32596 29599 142
32596 42898 165
29599 3016 184
235 1326 208
1723 45829 215
1723 42029 232
42029 33889 23
42029 8387 54
1432 12442 237
8387 910 238
16517 7254 248
7254 21682 102
21682 40748 237
40748 17406 41
17406 9692 60
9692 41386 113
41386 40818 138
12182 45928 248
45928 25196 123
25196 7591 177
7591 41686 67
40780 46609 248
8905 3245 249
3245 44379 47
3245 41135 54
3245 23605 59
3245 24288 66
3489 43083 249
43083 7813 154
7813 31707 82
31707 46718 99
233 3614 250
20745 7057 250
171 28451 250
28451 25057 185
25057 8665 76
8665 2919 75
28451 41282 191
41282 49544 160
25057 48730 195
48730 25788 15
48730 11431 103
25788 7997 187
41282 28687 217
49544 46507 231
2919 30992 248
30992 15687 248
15687 17123 219
14599 37965 250
37965 5207 184
28728 47332 250
26568 47818 250
47818 43961 26
47818 8948 76
8948 8637 39
8948 22218 188
8637 15765 198
15765 4273 103
15765 48451 149
4273 4520 183
4520 12144 2
4273 1071 224
1071 499 27
499 491 23
491 709 25
709 6214 47
709 8006 48
8006 11869 21
491 31293 70
31293 47547 47
31293 3269 79
6214 17132 80
17132 28989 83
28989 45650 20
45650 49213 83
1071 4818 100
45650 13243 100
13243 43904 7
13243 34615 112
13243 6490 121
11869 30076 138
30076 21775 1
1071 8047 150
8047 9770 15
9770 1203 67
1203 7698 31
709 13734 153
9770 30914 162
1071 5633 173
1203 41501 177
21775 17183 178
5633 21995 191
31293 20446 193
9770 31340 195
3269 4532 199
28989 47905 200
4532 7507 217
7507 49555 50
49555 49877 103
7507 5029 114
30076 33739 236
9770 26212 237
3269 338 246
338 848 186
848 31783 12
848 10461 77
848 48613 86
848 20059 101
48613 6971 105
31783 1410 123
1410 39330 125
48613 19246 134
20059 4440 184
4440 15221 26
15221 15385 36
4440 22675 54
22675 40427 26
40427 14817 63
4440 25321 69
40427 42672 103
40427 31604 117
25321 47314 130
4440 4349 141
4349 9172 95
22675 15717 180
15717 47782 92
15717 8681 161
8681 36885 11
8681 37012 106
36885 39535 154
1410 11966 185
25321 6181 196
4349 28552 197
9172 21634 200
21634 31511 39
31511 7353 137
31783 14193 231
14193 46610 44
4440 8782 232
8782 26734 68
48613 23497 237
23497 13373 237
13373 3633 121
3633 31770 206
15221 47275 241
47275 11018 210
9172 33093 244
30914 32869 246
17183 37584 246
37584 38641 241
7112 48488 250
8034 1804 251
1804 8868 18
8868 29438 4
1804 6734 220
6734 7068 175
7068 12546 83
12546 5626 71
5626 18695 15
7068 45233 95
12546 581 164
581 11403 172
11403 32257 8
5626 33694 181
7068 47149 182
32257 10905 193
10905 38991 14
10905 44283 30
44283 9862 105
9862 7401 127
38991 41769 143
41769 4450 34
10905 10304 152
10304 16558 80
16558 16774 148
16774 20207 166
20207 6150 59
6150 27187 69
6150 3560 200
3560 3641 153
7401 37138 201
11403 28058 209
28058 25469 114
25469 36244 19
6150 25166 224
25166 8152 180
8152 33340 161
5626 4326 232
4326 45969 146
45969 23848 136
23848 2347 211
2347 2701 179
2347 3597 193
3597 18390 31
3597 10668 134
10668 20037 62
3597 6004 138
6004 17816 47
6004 49036 131
20037 28686 143
49036 2660 145
2660 16426 38
16426 12017 95
12017 13943 160
13943 16918 116
16918 39287 65
16918 9746 107
49036 47676 191
10668 11268 232
11268 2946 62
2946 17869 181
11268 35223 237
10304 5267 248
5267 15362 96
2575 3563 251
3563 2713 56
3563 39898 115
2713 658 116
658 14557 1
658 877 69
14557 34994 77
34994 5856 101
5856 506 20
506 8169 35
8169 17180 14
2713 5549 149
5549 17256 50
34994 43776 168
43776 22287 25
22287 49750 81
5549 14891 197
5549 30533 210
14557 42399 219
34994 16058 250
20999 6515 251
6515 41246 33
41246 43015 165
5971 10197 251
10197 1313 9
1313 49984 63
1313 23469 121
1313 5741 232
5741 25433 58
5741 12711 62
12711 32183 56
32183 6859 149
5741 6646 167
6646 15305 166
15305 9619 90
9619 7805 54
9619 5322 59
5322 359 28
359 105 67
105 475 48
105 212 52
5322 14130 72
14130 11313 28
475 41915 90
41915 3589 44
41915 29090 90
105 17715 103
17715 38518 4
9619 38217 116
7805 780 130
780 2760 64
2760 49084 9
780 310 134
310 1714 31
310 2261 88
2261 5721 32
2261 44396 51
14130 22317 153
22317 21320 16
22317 29354 126
21320 11599 129
22317 2430 133
2430 9201 38
2430 3648 107
49084 26270 153
2430 45633 160
45633 4953 23
29090 11485 177
25433 29257 187
310 22312 189
22312 11533 97
22312 17098 150
11533 24026 157
24026 22428 5
24026 18532 17
18532 30436 14
30436 38548 179
38548 49699 43
38548 16270 171
30436 43416 185
17098 12199 187
45633 10198 197
10198 502 39
502 12718 34
502 3791 110
502 25243 124
502 27726 159
502 5391 160
12718 29380 166
27726 13595 192
9201 37167 199
22428 10403 200
10403 46925 27
2760 17209 203
17209 351 180
351 4589 163
351 2623 173
17209 30805 193
25243 27455 204
27455 12567 183
12567 2527 141
4589 37071 204
37071 29175 69
30805 12444 211
12444 16494 12
16494 36929 16
29380 47309 211
6646 32583 212
5391 20674 215
2527 33341 215
5322 16056 216
16056 27757 51
27757 43676 103
43676 21300 46
43676 31934 136
31934 7840 98
7840 2899 50
17098 32268 219
18532 46776 220
12444 38460 223
38518 48047 224
48047 40933 141
40933 2417 63
2417 1574 34
1574 6953 133
40933 1776 143
6953 25037 168
25037 7113 137
7113 7313 18
7113 3616 96
3616 39669 42
39669 47368 85
3616 3936 120
3616 7151 138
7151 46673 5
3936 21333 146
7151 24932 155
7313 42663 188
7151 8758 226
46776 13904 227
13904 40237 205
40237 47987 7
47987 34225 48
34225 30990 25
30990 3075 116
40237 8675 124
8675 5882 7
3075 11148 127
3075 44755 151
11148 18903 152
18903 22951 48
22951 49631 23
22951 22498 93
49631 27529 107
18903 15696 114
15696 36141 38
36141 31971 20
40237 11201 158
31971 48996 160
44755 31102 185
27529 31058 198
3075 12779 204
3075 41936 217
41936 700 184
700 25310 29
25310 19971 144
700 27696 187
27696 6516 65
6516 4877 163
4877 19158 142
41936 30246 190
30246 21409 119
19971 46891 194
6516 15796 226
43416 46262 232
780 6722 238
6722 40006 133
40006 44085 70
40006 6316 145
6722 40768 236
14130 58 240
58 4424 213
58 37742 219
37742 49189 42
49189 25720 126
25720 14412 212
14412 37144 87
37742 23676 238
23676 27189 123
6953 9300 245
21409 39865 246
7805 33627 247
6218 13222 251
5626 19362 251
834 28991 251
28991 2434 141
2434 4765 34
4765 10422 73
4765 6569 101
4765 22583 174
22583 22589 86
22589 39747 36
39747 17845 173
22589 43820 202
7575 35412 251
35412 42145 128
42145 15764 125
45875 37093 251
29590 39018 251
39018 6471 225
6471 3261 168
3261 3163 7
3163 265 195
265 1368 70
265 11444 74
11444 13244 15
1368 14979 196
14979 29030 4
29030 3512 33
8830 42793 251
40512 3698 252
3698 5952 152
5952 24986 41
5952 4066 119
4066 9017 17
3698 8867 202
5952 32986 223
32986 33734 49
33734 5632 24
32986 29458 90
4066 42393 226
29458 9752 230
42358 20610 252
20610 38142 203
20610 2560 222
2560 1100 171
1100 839 37
839 14641 56
839 210 136
210 558 121
558 731 43
558 27683 88
210 899 139
1100 32404 142
32404 21760 133
21760 39733 157
839 34840 190
34840 43823 169
43823 34848 186
839 2768 200
2768 4061 36
4061 45776 3
2768 7524 53
4061 37768 55
2768 14715 132
14715 31825 23
7524 29163 157
29163 35176 23
35176 32361 9
37768 31572 158
31572 11919 125
31572 13201 134
31825 29344 167
29344 41214 94
731 7791 214
731 46124 214
46124 20136 6
20136 7343 27
7343 20364 39
20136 8987 85
7343 40611 152
8987 19826 170
29163 13370 224
7791 2414 231
2414 9741 50
19826 28346 231
28346 49019 94
49019 45010 99
210 40043 231
40043 36848 92
36848 30427 95
30427 43318 113
43318 22909 4
36848 37125 146
37125 10089 61
10089 6077 56
40043 44383 147
44383 16255 32
16255 6481 115
22909 2376 224
22909 40050 225
40050 20955 14
4061 34223 232
2768 49751 240
49751 11877 228
39733 48828 241
48828 26779 153
26779 18268 207
18268 8647 35
16255 49201 241
37125 27923 245
2181 27783 252
27783 2658 123
10779 31927 252
22638 36444 252
22050 47912 252
48962 1996 253
25103 13193 253
13193 1650 110
1650 442 161
442 1474 14
1474 27585 155
27585 44803 19
27585 30444 25
27585 13227 94
27585 20426 109
20426 21337 143
13227 48124 146
20426 40377 173
1650 33158 184
44803 14407 225
14407 467 214
467 3711 8
467 24642 35
24642 10694 53
3711 25083 173
25083 4045 83
4045 22717 95
4045 44951 144
4045 29735 158
4045 2894 161
2894 28522 82
29735 3358 165
2894 3873 207
3358 49388 213
10694 10492 229
3358 18006 234
30444 38839 236
38839 2013 31
2013 3771 173
3771 43686 155
43686 3153 80
3153 2130 15
2130 14288 66
2130 9576 72
3153 45092 91
14288 41120 226
41120 12252 102
3771 43210 243
12252 39575 250
11460 21754 253
21754 33211 228
1855 27506 253
3074 43834 253
797 5688 254
5688 25382 218
25382 3608 151
3608 17189 43
3608 2555 79
17189 7623 215
7623 40670 86
7623 1439 216
1439 8607 14
8607 30786 8
1439 17246 180
17246 28427 26
17246 1307 44
17246 13905 204
13905 9503 120
9503 7076 39
9503 14300 60
7076 4838 124
10779 9688 254
47814 21204 254
3415 22598 254
797 41507 254
41507 47363 119
47363 47081 83
18903 45077 254
45077 22497 134
6426 5074 255
33491 11079 255
11079 20092 175
20092 21966 100
20092 22070 250
22070 33133 110
2013 11726 255
16517 25792 255
25792 48530 54
48530 43276 113
43276 33828 120
43276 31965 123
43276 45572 204
25792 44127 215
25792 47154 215
47154 14642 249
21937 28296 255
28296 13842 205
13842 38566 24
13842 46213 233
46213 43024 229
14762 48303 255
48303 7545 61
7545 10083 6
7545 2859 199
2859 209 169
209 1001 9
1001 42188 212
10083 18957 242
18957 28062 53
18957 48681 126
1001 39184 249
18957 16944 254
16944 41869 197
16944 35242 246
35242 19877 101
19877 34944 66
19877 7699 121
34944 6170 128
6170 37151 92
37151 7705 122
19877 26997 147
7699 4758 155
4758 20919 20
20919 35982 26
35982 27287 40
27287 9865 20
4758 35665 74
26997 48101 157
26997 45625 180
7705 49992 182
7699 29683 183
45625 28701 251
27287 8325 255
8325 49717 61
8325 1512 135
1512 7669 92
7669 43726 68
393 259 256
259 41412 77
259 16596 215
16596 8188 24
16596 13377 76
259 821 234
821 39997 77
39997 24928 195
259 391 251
2567 27983 256
27983 6397 137
502 29964 256
13 336 257
5207 1215 257
14817 13246 257
13246 7914 20
13246 2856 97
2856 3732 126
2856 32110 182
32110 1618 3
1618 907 7
32110 23157 63
32110 29209 78
29209 17232 132
23157 15463 133
15463 19218 125
19218 36482 41
36482 9246 86
15463 21015 126
3732 49268 216
907 1245 237
1245 6379 115
1245 2514 220
2514 2681 45
2681 24102 205
49268 32026 249
32026 49720 47
32026 11090 140
11090 19556 50
11090 2867 204
2867 299 133
299 38161 69
299 12842 134
38161 39159 155
2867 46159 238
29209 30111 254
2867 22866 255
10767 43561 257
43561 29769 86
29769 19780 101
19780 20972 111
20972 36012 102
29769 12554 256
12554 30501 37
12554 31498 56
12554 43739 216
12554 47294 220
47294 18005 202
18005 14726 174
2713 7483 258
7483 15636 191
7483 46760 233
46760 41928 180
15687 10418 258
10418 12627 136
10418 826 254
47368 11984 258
11984 12273 110
12273 15757 65
11984 37780 232
37780 41522 120
11984 41916 245
41916 39299 216
11984 39888 255
39888 38701 62
14407 15483 258
15483 550 48
6442 18580 258
10182 19488 258
19281 25574 258
7254 25602 258
1564 11974 259
43961 12588 259
39330 22992 259
15337 46548 259
46548 32305 223
1203 334 260
334 4725 37
334 1946 161
1946 6178 74
6178 10384 119
10384 39343 53
6178 24479 132
24479 5362 97
5362 45 107
45 578 103
578 40424 146
578 3921 235
3921 5590 72
5590 24553 237
45 11623 239
11623 45966 47
45966 27545 166
27545 13281 19
13281 43030 52
13281 18626 80
18626 13854 128
13854 7768 139
7768 34835 140
27545 14053 153
7768 8561 175
18626 40257 198
40257 27164 137
27164 2382 45
40257 34998 149
34998 21766 130
21766 39901 66
39901 41213 12
39901 19199 81
19199 24321 59
19199 47808 212
47808 22613 45
47808 21568 156
41213 9248 214
9248 1034 103
1034 24279 61
24321 10797 221
10797 13488 19
10797 47362 52
47362 28500 73
28500 12356 56
12356 18874 41
47362 18598 127
12356 10696 129
18598 27534 150
10797 30192 170
11623 13721 232
18598 36274 237
36274 16699 13
10797 42931 243
5590 38998 256
2228 3136 260
3136 35118 211
5394 11647 260
22627 15610 260
15610 26189 152
26189 8343 30
8343 7206 70
7206 35925 44
35925 15773 98
15773 48697 26
48697 9593 103
15773 8290 120
9593 47911 153
47911 7836 163
7836 8474 4
9593 48482 170
7836 17009 188
8474 8057 199
8057 24648 201
15610 19842 218
19842 33866 99
8057 49999 230
47911 3154 260
3154 48454 85
7189 19578 260
19578 24775 175
19578 15948 199
15948 21268 139
21268 6537 81
6537 21980 56
15948 777 176
777 31776 28
24775 4446 202
4446 12371 33
4446 21725 82
4446 1106 181
6537 24319 221
24319 27654 20
27654 49840 49
49840 35873 124
24319 35383 151
27654 30532 161
30532 31033 151
4446 6046 235
1106 3548 256
31033 31860 259
31860 17444 64
17444 37508 13
17444 1713 105
1713 21859 71
1713 3229 127
21859 17792 162
1713 7531 164
7531 5665 47
5665 38021 33
5665 1987 41
1987 37483 81
7531 22377 176
5665 22647 228
22647 15092 147
22647 19417 147
19417 49318 122
1713 45746 234
45746 47007 210
3229 3883 246
37508 13897 246
15910 26330 260
26330 29474 177
29474 46666 179
26330 44559 181
44559 13572 13
13572 3774 199
3774 10051 136
10051 34653 39
34653 34801 116
34801 39876 71
34801 26770 103
39876 46934 116
46934 28892 152
28892 49993 49
46934 41995 166
49993 41290 202
41290 14502 153
14502 17192 51
22218 27262 260
8646 28764 260
41507 29114 260
32542 32509 260
39535 33717 260
33717 17193 193
17193 37912 31
37912 45065 141
45065 5635 50
17193 26894 177
26894 17746 148
5635 5094 205
5094 32813 77
32813 13469 39
32813 43638 229
15592 34488 260
12252 34518 260
34518 10262 192
10262 10654 46
34518 45058 233
45058 33377 159
13905 34769 260
452 42821 260
1194 44461 260
44461 11000 129
11000 31816 30
40571 46253 260
11403 47839 260
47839 29077 5
47839 10792 132
10792 21137 131
21137 2468 167
2468 25731 120
2468 40867 235
26928 47914 260
47121 49976 260
49976 12129 78
12129 10690 207
10690 5421 208
5421 13453 34
5421 13128 112
13128 7704 86
13453 9863 119
9863 8730 69
5421 2615 148
9863 48842 166
13128 36979 172
7704 6005 191
6005 1189 73
1189 933 116
933 1141 169
1141 15445 37
15445 48274 21
48274 22503 43
22503 20329 37
1141 10903 46
10903 43254 2
10903 44769 62
22503 998 117
48274 28200 129
48274 29972 197
8730 43354 197
20329 31076 212
31076 29731 116
31076 44060 197
44060 49100 144
44060 49812 151
6005 46344 215
10690 5792 223
5792 12890 21
5792 18741 135
18741 29872 3
18741 28714 179
28714 20141 185
20141 489 201
489 4757 189
4757 18634 132
18634 23841 22
18634 42747 129
23841 26824 132
26824 45071 22
45071 21116 27
45071 11658 157
11658 15669 66
11658 13094 150
13094 16290 19
13094 14666 81
21116 22435 171
22435 24463 111
24463 2588 85
16290 24287 177
4757 24954 196
24954 32291 32
32291 18612 73
24954 45137 200
45137 47230 45
47230 25372 9
25372 44687 63
45137 35204 77
35204 30479 61
35204 20949 72
25372 873 90
35204 46436 140
20949 4158 164
30479 17013 175
2588 1507 201
873 7552 203
4158 49664 211
49664 35245 56
16290 30537 215
30537 46154 83
21116 6929 221
6929 42112 163
5792 1331 223
1331 17669 7
17669 29702 19
1331 10867 82
29702 13559 143
49100 15987 225
15987 26681 29
45071 6340 226
873 1123 227
998 35983 228
28714 49951 229
49951 11690 102
11690 6520 197
6520 2260 103
6520 42462 147
11690 31723 225
31723 27997 59
31723 43766 207
43766 15585 200
15585 8073 181
8073 1748 196
1748 9378 8
1748 6032 66
6032 32870 116
9378 12965 146
12965 32125 4
32870 25552 160
12890 32577 233
32577 3289 3
3289 11826 26
3289 5455 48
5455 47533 34
32577 22509 112
22509 43588 168
3289 35765 191
3289 37080 210
29872 12750 234
27997 9974 235
9974 18552 223
26681 47095 238
1141 2469 240
9863 11389 240
11389 27633 207
29872 3482 242
22503 49795 242
49795 25413 159
2469 21959 244
21959 22543 2
1141 3998 245
3998 33367 128
33367 43188 72
43188 24283 142
24283 4961 15
24283 12279 131
12279 6123 12
6123 40470 72
40470 13481 95
6123 20289 185
20289 23615 84
33367 19467 226
9974 18944 246
30537 48869 246
48869 40031 224
2588 17235 249
43354 41113 253
24283 17286 257
26824 19336 257
19336 37482 139
1123 4153 259
4153 26694 13
4153 12093 30
12093 14950 46
14950 22528 1
14950 22267 28
26694 26759 57
12093 8941 111
22528 11402 248
9863 38678 259
11389 47158 260
47158 30725 35
30725 20375 118
20375 5010 10
30725 8076 164
5010 21696 182
8076 8127 210
8127 4187 94
4187 1500 58
1500 1467 36
1467 139 1
8127 25030 112
139 12291 179
12291 45849 177
139 3735 190
3735 7484 7
3735 31981 18
3735 693 25
693 28643 46
3735 19600 126
693 8020 142
8020 44480 44
31981 11547 154
11547 18830 164
28643 2579 175
18830 4988 187
4988 32215 8
4988 35491 103
3735 47718 215
1467 5879 217
5879 47206 97
47206 532 201
532 10907 11
532 8288 66
10907 9387 106
9387 23078 103
532 34323 176
21696 48240 234
48240 2343 155
2343 6668 84
2343 33393 137
2343 22529 141
48240 30634 156
30634 10656 134
10656 17225 181
17225 33586 43
48240 20114 191
10656 3353 220
3353 22049 129
22049 49058 8
49058 14694 54
14694 5685 28
10656 23259 220
23259 44338 20
20114 35566 225
35566 20373 62
5879 7906 236
3735 13570 242
693 41 243
41 16716 45
41 366 54
366 3007 35
3007 44669 18
44669 31434 5
31434 6361 17
6361 29999 2
6361 3705 7
3705 3959 29
3705 5099 37
5099 21474 12
366 661 51
44669 16307 96
16307 28374 21
28374 19576 74
19576 3181 92
3181 6401 62
6401 13088 31
13088 3046 36
3046 15251 53
41 8302 97
6401 32850 101
366 18345 102
21474 22360 110
661 40690 112
40690 29555 108
3046 9216 115
41 1620 118
1620 3296 70
1620 26107 124
3007 7276 140
7276 32200 40
7276 17626 69
7276 27994 100
7276 16225 124
16225 16730 124
661 22605 140
22605 25837 17
16730 10062 154
3705 7188 166
8302 12245 176
3007 16380 177
19576 29798 199
28374 33293 204
16716 44895 207
3959 24260 209
25837 30578 223
16307 40674 223
661 3138 236
661 11598 241
11598 41638 31
3046 28615 242
7188 30331 242
26107 40712 244
40712 31891 174
31891 45936 132
45936 23020 36
5685 31941 245
22605 26547 247
19600 45519 253
45519 37703 213
37703 11921 243
11921 5234 246
5234 15026 77
15026 19604 9
19604 21552 233
21552 40071 85
40071 34995 172
34995 5062 121
5062 13962 140
13962 19987 188
19987 4272 124
4272 671 41
671 1283 112
1283 24042 29
1283 47976 60
4272 47297 155
671 30768 204
34995 14565 219
14565 12660 142
19987 36220 220
13962 7709 245
7709 42706 33
7709 4724 68
42706 49235 123
42706 21827 207
19600 1052 257
1052 34212 8
1052 12028 82
1052 43495 82
43495 32594 143
43495 36113 211
36113 28329 18
28329 28156 140
28156 912 197
912 24231 52
1052 29509 216
29509 21220 16
21220 11551 44
11551 23733 39
23733 46584 131
46584 21809 59
21809 40971 175
21220 15986 176
15986 29768 55
29768 46998 148
21809 29848 191
29848 17679 8
17679 14202 51
14202 14491 35
14491 16697 141
16697 17509 103
17679 47201 201
47201 21870 87
29848 30455 217
30455 979 48
979 1130 9
979 2498 89
30455 10303 115
10303 8660 133
8660 11824 69
11824 45782 96
11824 45108 116
45782 30492 127
11824 21541 161
21541 42249 119
21541 37059 123
37059 23935 125
10303 8437 175
8660 48751 191
1130 1301 196
1301 42219 172
10303 25224 204
23935 37305 207
37305 631 27
37305 8869 204
8869 8056 16
8869 16674 61
8056 14718 124
16674 39543 201
39543 36485 135
21541 13477 208
13477 26938 123
34212 45066 218
912 38531 233
1052 45547 239
45547 1948 68
30492 5602 240
1130 17128 241
17128 17243 199
17243 15893 157
15893 21375 45
15893 21712 161
21712 31531 54
31531 42022 104
21375 17876 165
17128 18501 205
18501 32151 15
18501 37137 199
31531 30323 242
13962 26843 257
139 150 258
150 381 199
381 2089 224
2089 5739 19
2089 5069 64
5069 38016 166
5069 15041 201
15041 45318 29
15041 3332 197
3332 11049 49
3332 6598 74
6598 25191 54
11049 41114 116
3332 34565 135
34565 32665 95
32665 21340 161
21340 19532 185
5739 30534 203
30534 35953 102
30534 13268 109
13268 5603 83
13268 14046 93
14046 14750 133
14750 15567 91
14046 42867 172
5603 5864 174
5864 22540 148
5864 9132 172
2089 42422 225
150 5446 239
30534 23551 249
23259 24987 258
24987 29548 89
8869 31320 259
34611 4677 261
4677 2572 258
2572 3943 90
2572 10050 230
3153 6425 261
6425 33932 8
33932 14283 52
8941 11613 261
11613 31038 15
11613 4059 149
11613 38710 171
31038 22483 200
22483 3498 18
31038 30081 214
30081 784 90
784 11990 132
22483 27361 216
27361 30083 139
30083 30422 142
30422 8658 72
30422 13446 107
13446 8825 45
8825 26799 1
30083 48307 145
48307 34285 185
34285 5683 72
5683 22587 59
30083 39087 191
8658 21230 195
30422 49815 206
49815 4470 167
4470 38811 156
4470 4391 191
4391 45945 119
4391 40064 193
40064 47265 98
47265 8446 64
8446 30930 152
30930 7728 45
21230 10055 218
10055 23413 13
11990 44155 218
34285 634 226
45945 29982 232
27361 244 238
244 4310 161
4310 22708 40
244 4619 175
244 2607 183
2607 10872 9
2607 19590 18
2607 22126 64
10872 20584 104
20584 488 79
488 156 20
2607 45260 106
45260 46719 116
10872 18361 127
18361 39002 93
2607 5427 132
5427 18398 56
18398 2482 60
2482 8133 36
2482 2278 136
2278 2216 110
2216 21190 68
2216 7095 96
21190 4484 99
4484 10748 31
488 20801 149
20801 49287 111
20801 36266 151
10872 23966 152
23966 7639 109
23966 29245 163
29245 46379 130
46379 26803 84
26803 33163 34
10872 14787 174
14787 24466 129
18398 35149 192
2278 15834 208
15834 34948 55
15834 48420 230
23966 20056 232
20056 18317 143
2216 3443 235
30930 26969 240
48307 47493 240
47493 27371 183
20801 24164 243
20801 4018 252
4018 23124 122
4018 3111 200
4018 45731 220
45731 38815 132
38815 34926 99
38815 17367 159
17367 6995 144
34926 37121 189
3111 32281 228
32281 22221 137
22221 24507 97
22221 30259 114
24507 16369 207
16369 11683 64
16369 17441 147
17441 26343 211
11683 12277 219
11683 10162 226
10162 17749 50
17749 23285 151
3111 8713 239
8713 4226 123
4226 20231 14
4226 45648 32
4226 39686 66
45648 48892 69
4226 7156 117
8713 28162 140
28162 9990 28
48892 9252 145
20231 41886 148
45648 2818 181
2818 2571 6
2571 17973 86
9252 37832 183
2818 13331 233
48892 30363 245
11683 4728 246
4728 4203 81
4203 13890 49
17367 40482 250
2482 5435 252
784 401 253
401 40524 66
40524 47743 2
47743 40600 119
40600 6450 89
47743 19076 120
47743 49306 128
401 15647 142
19076 1205 150
1205 6517 9
1205 8638 15
8638 32045 45
401 4949 154
8638 2521 166
47743 40469 173
2521 2999 206
2999 9653 51
2999 30124 191
30124 16455 74
16455 9904 103
9904 42574 60
16455 16256 203
16256 22843 172
22843 15880 83
15880 44608 218
9904 20586 221
16256 13891 227
13891 48293 227
48293 863 178
863 2106 49
2106 3822 55
863 6562 125
1205 43619 229
43619 37095 155
37095 18507 53
9653 41691 238
41691 2134 31
41691 1744 58
13891 9383 239
9383 14788 89
9383 5970 153
5970 10373 171
9383 30804 215
43619 20989 243
20989 361 199
361 12441 96
12441 13860 68
12441 30016 215
6450 42818 248
1744 6391 252
6391 36427 145
36427 49097 158
49097 47472 46
49097 1199 202
1199 18339 51
18339 10398 172
10398 48362 19
48362 11446 160
48362 16257 202
16257 2029 133
2029 34145 109
2029 33896 120
33896 12078 5
2029 1690 132
1690 21322 48
21322 14292 63
14292 24474 2
21322 38224 71
14292 44898 144
11446 26050 205
26050 36358 72
36358 31792 22
26050 19726 78
36358 28549 87
28549 1779 178
1690 32203 205
32203 48151 162
32203 11608 219
11608 35241 55
11608 3024 56
3024 25425 189
36358 41404 224
41404 24419 45
3024 24022 233
24022 25682 4
12078 2693 251
2693 27377 127
27377 20601 25
2693 27437 138
27437 24609 51
24609 6779 16
20601 43417 223
2134 28583 253
28583 11878 162
11878 18555 56
9653 37564 253
32281 43054 253
6779 2636 255
2636 5332 125
5332 30242 161
10162 7407 255
7407 24426 68
24426 23784 248
37832 40793 256
10055 13147 257
13147 20218 159
20218 38178 88
20218 29095 122
29095 38450 70
38450 47972 33
29095 30095 107
17441 1568 258
1568 17932 17
6450 1675 258
1675 719 192
719 12850 122
1675 48605 225
48605 35967 16
35967 45880 68
719 7325 243
7325 29644 21
7325 9871 53
7325 46023 100
9871 17643 118
9871 10105 152
10105 37417 6
7325 3624 228
3624 4165 127
4165 6947 254
3624 23470 254
38710 41727 259
41727 37082 222
6779 42581 259
42581 26111 94
42581 32954 122
32954 33442 252
33442 15932 168
15932 19776 206
15932 11694 208
11694 41150 98
33442 42710 247
33442 9116 251
9116 13850 84
8056 12608 261
541 13917 261
12567 15449 261
15449 8506 179
8506 46485 68
46485 12829 97
8506 3450 119
8506 96 193
96 1340 179
1340 1931 65
1931 1645 40
1931 4985 145
15449 37044 193
96 214 241
214 1069 105
214 1243 187
1243 40380 43
1243 1413 89
1413 30609 89
1243 25412 150
25412 22493 150
22493 37559 28
37559 44557 151
37559 36491 194
1069 3168 205
3168 3177 38
3177 16274 34
214 49612 215
49612 43929 54
49612 31405 137
31405 27446 198
1069 24758 219
1069 18382 222
18382 20058 137
27446 24192 238
12829 39139 242
39139 1471 89
1471 18379 150
18379 28061 232
28061 37759 178
37759 34931 228
34931 5397 11
5397 18857 226
18857 23997 116
18857 35365 144
18857 27796 205
37044 29349 256
29349 15998 165
15998 33831 10
15998 10553 31
10553 43848 91
15998 3144 124
10553 18937 150
10553 10770 153
10770 12833 214
12833 15555 226
15555 21256 126
21256 13912 121
13912 29657 41
29657 11115 1
11115 7080 50
7080 44826 27
7080 32642 64
21256 11501 150
11501 3134 50
3134 8013 94
13912 16215 158
11501 45207 178
13912 39121 179
39121 30187 115
21256 29921 220
29921 43422 40
16215 48343 227
48343 17102 98
17102 20915 201
20915 29754 74
1123 18154 261
18154 41563 140
28381 18912 261
18912 14877 119
14877 17606 163
3489 20181 261
20181 12481 112
6426 24685 261
31309 24815 261
24815 35724 178
35724 17362 227
17362 2476 232
35724 35289 234
35724 24027 260
17632 24981 261
15768 30119 261
2783 30567 261
30567 47895 82
22627 31233 261
31233 6552 14
6552 10835 50
10835 15225 109
10835 25075 125
25075 688 210
688 510 161
35195 35344 261
35344 41836 120
6481 43998 261
25049 45531 261
45531 2928 195
2928 11011 75
18709 46176 261
24214 2368 262
2368 46312 94
46312 30493 99
30493 36636 4
2368 22771 181
22771 19006 78
19006 14615 239
14615 8426 92
8426 3820 167
3820 1970 143
8426 35525 214
1970 8854 229
1970 7145 240
7145 17720 137
7145 25283 211
25283 21414 84
21414 11937 80
25283 5756 148
5756 6637 115
6637 38499 81
8426 40494 248
40494 29614 62
29614 15450 32
29614 25175 55
29614 5942 254
928 4004 262
848 4963 262
4963 20863 203
44461 11158 262
37559 12156 262
12156 6443 34
27527 17089 262
17089 27239 219
689 18692 262
18692 26855 242
26855 38331 182
38331 11606 36
11606 14748 203
8392 27106 262
31816 36494 262
23249 38605 262
27726 43019 262
13982 43451 262
11734 43805 262
43805 22275 150
22275 42865 142
44575 45262 262
45262 18524 56
18524 38486 204
2934 4 263
4 44816 123
4 8999 144
8999 20679 72
20679 46905 132
31417 4160 263
27654 8849 263
8849 17412 148
8849 38818 160
38818 23436 9
23436 37032 143
8849 38553 196
23436 31260 236
31260 16680 170
16680 4286 102
4286 38339 150
38339 47940 48
38339 13015 169
13015 12707 187
4286 10040 232
10040 33094 82
10040 44285 170
8849 6500 248
6500 4588 96
31260 31501 253
4588 1794 258
1794 17631 32
1794 39821 231
39821 48348 212
48348 33916 48
48348 26856 77
21761 11387 263
11387 6381 175
6381 29746 35
29746 9816 11
9816 6621 193
6621 7782 39
7782 20598 93
6621 9875 242
9875 9929 43
9875 47576 58
9929 49018 65
47576 26109 240
26109 25708 87
25708 20792 21
20792 15744 104
15744 32878 58
32878 17704 87
15744 19017 138
26109 28234 165
9875 17954 244
32878 32995 259
32995 16795 241
16795 43803 156
43803 7662 19
7662 1316 5
1316 3036 79
3036 27875 6
43803 23576 100
3036 35800 102
1316 36686 120
35800 20319 135
3036 9754 189
35800 47048 200
16795 26573 233
47048 20896 241
20896 18514 39
20896 7577 92
3036 7384 262
7384 48253 13
7384 17560 105
17560 34154 145
17560 8578 153
8578 2717 64
5489 15604 263
15604 16684 64
16684 45385 70
45385 31952 178
31952 10184 118
10184 21622 226
21622 33525 37
33525 6204 46
21622 13091 103
6204 6706 179
6706 28890 86
28890 49710 196
49710 31801 26
31801 45774 109
33525 26557 216
26557 18022 123
18022 17308 7
18022 25391 156
18022 44413 187
44413 34139 180
34139 15046 25
15046 17140 98
44413 7169 183
7169 44243 163
15046 14483 217
49710 22456 237
22456 49939 69
49939 36431 29
22456 15104 161
15104 5387 185
7169 39866 262
32805 17977 263
17977 12671 131
17977 802 132
802 441 167
441 41662 127
41662 2866 154
441 2490 156
2490 45847 19
2490 16305 126
16305 13090 149
2490 26317 196
26317 7760 21
26317 46523 154
7760 164 195
164 5479 112
5479 30858 33
164 25468 118
25468 40171 103
40171 37159 68
30858 47848 187
47848 40675 61
40675 32764 137
164 9470 219
9470 32132 121
32132 15098 135
15098 20157 121
20157 27626 43
32132 5317 161
5317 12461 200
16305 16837 232
16837 43000 186
43000 34878 114
16837 42109 216
42109 17950 222
17950 31304 32
17950 26239 98
26239 36144 36
26239 24549 87
24549 4683 107
17950 20062 122
20062 7859 100
37159 48375 233
15098 34579 236
34579 42310 188
34878 20621 249
20621 10170 16
10170 3654 78
17977 37552 253
37552 47867 10
37552 20618 36
47867 48388 147
27626 16125 254
16125 37111 79
16125 40102 235
3654 7984 255
7984 12242 67
12242 7682 127
7682 3900 59
3900 44556 2
3900 4180 15
44556 46279 120
46279 49539 86
49539 24460 144
7682 33124 164
44556 3577 253
3577 261 3
261 151 7
151 582 123
261 12689 224
12689 7955 228
151 20275 230
20275 29291 163
43000 35070 259
13090 19189 262
19189 5325 76
5325 14826 25
26239 38230 262
28890 20445 263
20445 15891 84
15891 33815 161
33815 20655 8
33815 2618 27
2618 41497 165
41497 2585 82
15891 24290 231
41497 21086 241
21086 32297 63
32297 3297 50
3297 8551 104
20445 19843 243
8551 10375 244
44088 22492 263
22492 11641 89
11641 28811 37
38744 24743 263
24743 43155 118
3007 31198 263
31198 22658 242
22658 47281 247
29085 31764 263
31764 19676 96
19676 13175 261
13175 8393 53
13175 46118 258
24417 2219 264
2219 2394 35
2394 3081 17
2394 8690 33
2219 45476 75
3081 9356 77
3081 49508 78
3081 28410 103
3081 5202 136
5202 16607 20
5202 49223 44
9356 47618 152
47618 15904 110
9356 10881 164
10881 12064 78
15904 21387 169
21387 31443 134
21387 7773 155
8690 20785 206
20785 47847 43
47847 4176 85
4176 9379 133
9379 1201 81
1201 33472 153
33472 35586 133
9379 37601 155
37601 23261 31
23261 37396 5
21387 28808 229
15904 48215 246
15904 8494 260
8494 27732 129
27732 13040 241
13040 25400 125
13040 35673 249
35673 18885 224
33472 31515 261
9379 15614 262
47618 6370 263
6370 538 32
6370 46671 209
9692 4970 264
4970 31132 55
42931 13093 264
13093 24776 125
24776 1286 47
1286 13779 130
13779 21178 118
21178 36418 15
21178 32779 79
13779 35922 121
36418 42290 191
1286 1261 209
13891 17523 264
17523 34081 30
34081 42839 34
17523 16415 66
16415 13598 86
16415 17181 177
42839 26768 209
34081 47756 232
47756 27913 224
27913 48220 32
48220 38308 16
38308 34646 11
38308 26082 117
38308 20341 164
20341 16045 156
26082 9999 189
9999 41280 73
20341 35394 214
35394 42593 225
42593 42406 150
42406 35759 123
35759 21814 112
35759 23404 145
13598 3687 249
3687 2168 150
2168 13403 154
13403 40490 99
40490 26648 46
9999 17408 255
16045 26432 259
26432 14020 14
14020 5907 65
14020 16330 248
14020 6083 249
6083 11576 5
6083 39187 158
39187 48793 134
6083 7634 213
6083 45261 214
20341 40935 259
40935 38380 195
38380 17442 226
17442 48589 169
26432 12370 262
12370 26588 8
12370 37301 53
37301 39280 130
12370 25099 186
25099 35466 79
11460 17633 264
17633 6320 57
6320 29514 169
17633 25411 183
2420 17985 264
17985 30207 195
30207 43947 67
30207 43580 73
30207 29425 244
29425 18027 36
18027 5643 37
18027 40314 43
29425 49650 80
5643 35654 96
29425 30749 126
35654 377 142
377 14286 182
14286 43158 21
43158 6595 98
6595 7497 48
7497 46734 133
7497 18573 179
35654 8726 216
8726 38549 115
5643 778 246
778 2190 132
778 1197 138
1197 8747 31
1197 12063 104
12063 18718 122
1197 6313 238
6313 6427 189
40314 21788 259
21788 43319 201
41280 20609 264
20609 45952 239
26308 21853 264
7678 21907 264
21907 5232 86
5232 33900 26
33900 21229 20
5232 38173 47
38173 12807 32
12807 24051 148
38173 35628 188
35628 17855 95
35628 6571 138
35628 48872 153
48872 31166 134
31166 43938 182
21229 38037 195
6571 41427 195
5232 24382 220
361 27027 264
47533 29023 264
29023 13977 200
13977 35742 125
13977 1414 149
1414 1186 138
1186 3160 7
3160 3644 24
1186 5521 107
5521 34911 87
3160 29304 169
29304 47993 55
3160 19813 218
19813 5885 130
1186 32454 244
32454 3376 100
3376 5420 173
3376 41478 194
19813 32973 246
32973 41760 185
32973 35060 216
5521 12502 248
12502 44676 122
44676 27816 152
27816 3311 125
3311 4680 115
12502 2835 160
2835 45135 92
45135 43745 8
3311 15050 204
15050 2322 96
15050 11565 186
11565 31145 60
31145 5158 175
5158 19271 188
11565 14240 195
14240 9153 16
14240 45106 135
9153 18846 187
18846 43992 125
43992 29513 132
31145 35897 207
35897 3133 210
3133 42879 55
42879 2909 205
43745 45270 215
45270 9448 170
43992 31722 223
3133 39176 227
39176 17598 178
17598 8579 14
17598 12969 60
12969 48165 187
48165 27917 145
48165 23652 212
23652 3714 26
14240 16965 234
4680 5176 238
5176 21526 134
21526 21335 135
12969 7978 247
7978 34274 29
7978 47861 146
7978 27167 198
47861 11353 248
29304 26262 249
26262 24779 141
24779 47664 137
2909 2356 250
2356 3779 55
2356 4202 254
12969 24252 254
5176 7918 255
29513 25156 258
47332 32835 264
22823 33908 264
330 34026 264
22515 45088 264
45088 21792 85
21792 24090 69
24090 2788 17
21792 26070 81
2788 15379 188
2788 44986 237
21792 13101 249
13101 37720 187
37720 48037 216
48037 38716 7
38716 17755 81
17755 15093 222
13101 17658 227
17658 11327 205
11327 15666 1
11327 49920 51
49920 15622 98
11327 39056 173
39056 46724 101
46724 39820 91
39820 4026 112
46724 16081 129
39820 16869 159
16081 19662 222
16081 7809 227
7809 10132 107
10132 11257 190
11257 11287 96
11287 10582 143
10582 25955 147
11257 19282 170
11257 45663 175
45663 2253 3
2253 3846 54
3846 3694 110
3846 29679 218
29679 15598 221
15598 22087 17
22087 47702 84
22087 10718 114
16869 16009 233
16009 18218 2
16009 9679 104
9679 11560 37
11560 18368 66
11560 24598 102
18368 19645 205
7809 718 252
718 3231 113
3231 41426 211
41426 29670 231
10132 2284 264
33435 47292 264
46610 1403 265
18649 1531 265
10553 3890 265
3890 12955 149
3890 16072 229
16072 36927 5
39054 4047 265
4047 15124 62
15124 41864 178
15304 7810 265
7810 26556 166
7810 24146 247
24146 13940 147
13940 16472 18
13940 23710 126
24146 12721 199
18744 8775 265
8775 8619 113
42193 8888 265
12432 10700 265
10700 48993 66
48993 47020 190
47020 11864 185
11864 38933 135
10700 48894 208
47020 26746 254
26746 3344 12
26746 27686 57
3344 8159 135
8159 23749 89
23749 673 40
673 7903 82
26746 32786 166
23749 21464 203
7903 42900 203
32786 25535 209
21464 21134 210
1837 12044 265
12044 14172 62
12044 44596 127
11300 13632 265
13128 16070 265
6883 17768 265
5688 20018 265
6070 21544 265
21544 11343 121
11343 37408 80
11343 28877 142
28877 30508 117
28877 43292 154
43292 29886 88
29886 43444 147
11343 14562 188
14562 5199 136
5199 18699 137
29886 989 225
989 407 141
407 7237 2
7237 43540 92
407 5195 111
407 48018 168
407 11167 201
407 66 211
66 26396 142
37408 37134 234
66 124 238
37134 49147 242
5195 14574 243
14574 46401 32
14574 20431 253
20431 31323 222
5195 32433 257
29886 46576 264
39416 25758 265
2894 27968 265
27968 15478 24
3732 28692 265
28692 18534 24
18534 39445 1
18534 37707 9
17337 29715 265
29715 31393 176
31393 35939 145
31393 31449 239
31449 4516 69
4516 5546 17
5546 46613 76
46613 25125 14
5546 14158 138
4516 23663 257
23663 47436 79
23663 44077 176
44077 43285 18
5845 30947 265
30947 49509 38
49509 9119 81
9119 14462 18
49509 20888 86
20888 15262 70
9119 11270 102
30947 31170 129
9119 19376 132
15262 29188 162
29188 30211 34
29188 9417 65
9417 29456 8
30211 45103 129
9417 6823 193
6823 15095 1
6823 22112 113
11270 15940 200
15940 41518 21
41518 14414 53
22112 18272 206
18272 34341 46
34341 5359 34
5359 8409 76
5359 5126 94
18272 7633 116
34341 35305 154
18272 22290 190
22290 35504 142
5126 17614 208
17614 32242 77
32242 30472 11
32242 39286 114
17614 47262 192
30472 49879 196
29188 22406 209
9119 14806 222
14806 13138 170
13138 22734 174
22112 5536 223
5536 3713 61
5359 9979 244
9979 26574 149
26574 31186 113
9979 46014 161
46014 43359 21
46014 30418 48
46014 15889 167
30418 19588 199
19588 17304 86
11270 26912 258
17614 1159 261
16255 34842 265
34842 9012 64
9012 19461 20
19461 38377 131
38377 47366 84
47366 20701 17
20701 13286 225
38377 47734 227
19461 12497 241
12497 17988 27
17988 10385 74
10385 15256 133
15256 30820 54
17988 41259 153
12497 12438 159
12438 42371 161
20701 10354 264
10354 18208 130
18208 22410 138
48996 34992 265
2157 36480 265
36480 16177 99
36480 2215 120
2215 32818 52
32818 33819 47
2215 4320 78
4320 24582 32
32818 41471 111
24582 35500 178
16177 20444 190
20444 36682 104
35500 49518 214
49518 793 92
49518 5369 100
5369 1153 30
41195 37333 265
37333 26752 13
37333 40741 44
26752 13454 50
40741 49003 53
13454 23398 97
23398 33979 119
13454 11351 178
23398 32252 183
32252 44048 1
44048 37743 130
13454 38432 204
13454 15782 206
23398 43688 251
43688 24089 130
24089 15637 118
27713 42877 265
42877 33945 243
33945 29697 37
33945 15105 182
15105 10558 79
10558 674 33
674 7096 141
7096 9006 96
9006 11198 54
10558 37568 225
37568 9228 212
9228 2952 39
2952 3858 75
3858 2370 2
2370 41840 38
2370 33092 66
3858 15230 141
2952 6483 147
3858 12131 173
2370 40525 214
15105 35987 265
16056 809 266
809 1903 148
1903 12411 86
12411 39812 171
39812 14057 132
14057 1232 34
14057 37347 164
14057 4884 175
4884 42107 159
42107 32373 80
37347 4731 200
4731 1519 52
1519 1073 32
1073 4019 2
1073 12903 25
1519 20592 151
4731 12362 188
12362 42260 136
42260 47495 180
39812 12465 206
12465 10368 203
10368 1478 70
10368 46402 116
46402 2049 48
2049 29155 26
2049 42558 31
2049 1938 75
1938 32468 63
32468 29947 128
1478 18810 161
18810 28335 45
32468 6606 174
6606 25818 84
6606 13295 211
13295 33496 106
33496 40232 122
40232 18615 79
25818 3621 224
3621 44814 165
2049 14093 224
12465 1233 228
1233 1818 14
1818 18773 12
1233 4998 20
4998 31653 25
4998 31674 98
1233 23782 164
4998 5651 240
1478 37598 245
37598 44712 240
1519 26199 264
26199 46503 30
46503 44362 122
44362 44974 58
826 1267 266
939 2091 266
27554 5160 266
5160 5408 46
5408 42983 207
42983 49391 142
49391 16721 124
16721 32409 46
32409 49117 95
16721 40246 146
40246 15981 68
15981 48085 100
32409 42324 220
48085 5324 259
5324 1242 167
1242 1095 182
1095 339 42
339 35734 27
339 1988 89
1095 36337 208
1242 12197 216
1988 44973 245
33264 5812 266
5812 3425 181
3425 12760 116
12760 27642 73
12760 25839 179
25839 30041 79
30041 30694 89
30041 41806 234
41806 21455 198
21455 20704 64
20704 25293 1
20704 30425 102
30425 44971 26
21455 1217 110
1217 9304 145
1217 8804 200
1217 28384 207
28384 10388 38
28384 11439 183
11439 11522 5
11522 44005 13
44005 39552 8
39552 34709 7
11522 25736 19
39552 10190 31
11522 6617 38
39552 20886 92
20886 30099 17
30099 1634 69
1634 17215 100
44005 38072 130
38072 15113 16
15113 9177 102
9177 43298 11
43298 5866 12
9177 9135 14
9135 3875 17
43298 44458 32
3875 3018 56
44458 11168 104
15113 16749 115
9177 7101 119
7101 8174 84
44458 21900 123
7101 16022 125
16022 38130 121
10190 2037 156
2037 62 31
62 276 59
276 6242 3
6242 19572 46
276 648 51
6242 8894 109
8894 18802 5
43298 9932 164
19572 18616 168
18616 34451 95
19572 1490 169
1490 3334 108
3334 1874 140
1490 862 169
8894 43172 170
5866 5634 175
5634 2547 143
2547 39463 9
2547 17336 128
862 4831 177
4831 36627 97
36627 24740 48
16022 10521 184
10521 18030 34
10521 25288 45
10521 8815 80
8815 26907 99
26907 12037 53
12037 45220 52
8815 43664 112
43664 22541 40
12037 14277 121
14277 43746 77
5634 13716 184
6617 46904 194
46904 20833 119
20833 16603 147
16603 14819 3
3334 5290 210
5290 6107 73
6107 8755 145
8755 10726 152
8894 39516 217
8894 24323 218
24323 22022 13
22022 17216 18
17216 11323 24
24323 19234 49
22022 32010 93
32010 27512 104
24323 44402 126
25288 27010 225
21900 26319 230
2547 898 235
898 10082 187
10082 26837 150
898 16466 213
6107 9733 235
27512 7378 241
7378 22452 49
22452 19535 220
19535 40836 221
36627 12069 246
11323 44569 248
44458 5009 250
5009 6591 181
18802 21642 252
3018 10812 253
10812 14363 17
14363 30243 88
10812 45428 133
45428 2210 17
10812 21954 134
21954 31890 56
2210 11319 141
2210 920 232
920 28796 169
2210 46120 245
32010 48776 254
48776 19105 144
19105 14939 138
19105 19909 138
14939 11294 212
7101 49426 258
49426 35701 182
14363 4851 262
4851 37852 23
4851 8416 133
8416 20899 12
8416 13145 66
13145 18511 99
40836 43026 262
43026 46029 185
43026 15849 245
15849 30996 39
15849 23769 116
23769 9253 60
15849 48224 125
30996 25171 146
25171 48497 155
38130 7938 263
7938 32516 19
45220 37147 263
4831 36633 264
18802 38575 265
8073 10011 266
10011 35652 164
35652 18539 126
18539 8422 67
18539 41191 67
18539 23594 122
23594 13472 121
41191 37779 141
37779 5061 123
5061 23028 93
13472 41025 147
41191 17761 157
13472 26289 177
26289 10080 27
35652 28182 193
23594 1513 233
37779 2994 245
2994 6488 252
6488 6465 23
6465 17898 51
6465 35642 136
35642 30660 60
30660 3179 76
17898 35934 194
6465 2078 234
2078 43516 141
23594 7006 255
7006 13470 134
13470 22098 158
22098 37502 150
17898 23840 261
37502 9884 265
9884 14847 84
6140 11488 266
11488 49605 108
11488 6440 183
6440 8655 162
8655 21880 87
8655 10234 206
10234 18319 2
7997 12680 266
12680 23952 77
15065 14373 266
14373 20851 14
14373 19794 26
20851 37060 235
21959 15624 266
15624 44656 210
35089 16342 266
16342 12014 261
6573 18749 266
949 19864 266
19864 35704 1
35704 37118 110
1448 20780 266
49631 24951 266
43904 28202 266
28202 7294 133
16774 30171 266
21662 31254 266
4286 33842 266
25076 34330 266
34330 7902 69
7902 35126 110
35126 35404 27
35404 11126 66
35404 49282 124
35404 41387 142
11126 30640 150
30640 45193 59
45193 27284 84
41387 17417 164
7902 26720 165
26720 23803 59
26720 8978 136
11126 27206 171
17417 49012 222
49012 9256 93
17417 9099 253
18896 34828 266
41686 38721 266
25793 41591 266
7698 43174 266
43174 11639 203
11639 5814 256
29287 49661 266
21482 2731 267
2731 21523 87
21523 12667 24
12667 27409 260
21429 3082 267
3082 18492 197
3205 6309 267
6309 48001 102
48001 2815 27
6309 28260 123
28260 14037 24
14037 28488 184
28488 39270 262
39270 13459 65
24945 7420 267
7420 21052 110
7420 25992 161
25992 9878 109
9878 22539 53
22539 34956 56
9878 26948 184
21052 19961 243
9878 6149 245
6149 40226 21
40226 28863 69
28863 304 6
40226 22229 95
22229 38692 23
40226 23925 106
304 1343 146
6149 25416 167
28863 46980 180
304 17349 195
17349 10764 70
6149 341 203
341 2467 26
341 6429 29
6429 46130 118
46130 33011 91
6429 1569 230
1569 28640 55
28640 22731 47
22731 17766 150
28640 28977 167
28977 14262 145
14262 20698 166
1569 11500 200
11500 46368 5
17766 29478 227
29478 33015 67
33015 6980 20
304 24752 239
1343 17052 241
17052 20036 45
7420 48815 249
17349 14438 259
14438 7041 193
7041 29246 9
29246 9657 137
40226 13957 262
13957 20687 128
13957 13279 203
13279 29015 52
29015 20398 177
13957 37512 257
37512 37288 181
48815 45708 263
7420 46961 266
46980 47786 266
9448 7961 267
7961 1538 194
1538 3568 102
1538 26834 140
26834 8256 112
37338 9493 267
9493 32672 165
12158 9917 267
5688 10447 267
10447 31634 148
31634 20290 38
31634 22689 135
22689 39725 30
39725 46895 5
46895 46598 29
22689 41980 110
46598 16846 164
20290 30139 261
30139 32100 91
10222 11774 267
11774 15480 1
11774 40709 3
40709 7060 161
7060 9978 120
9978 13869 94
13869 43713 6
43713 42430 160
42430 40894 158
15480 22277 188
11774 45779 205
45779 13950 5
13950 28250 69
28250 44485 77
28250 42499 92
13950 48676 96
48676 2918 35
2918 24712 52
9978 46448 231
46448 22568 18
22568 22559 19
46448 24280 96
22568 5177 175
22568 20000 213
20000 28352 134
20000 17341 239
17341 37765 145
37765 49578 144
5177 6441 241
6441 12007 24
6441 29650 112
24712 12785 251
12785 3586 22
12785 10644 103
10644 24221 75
3586 38095 125
13869 3310 264
3310 643 98
643 185 48
185 2817 49
185 927 85
3310 39267 99
39267 12006 6
12006 36069 27
12006 7018 87
36069 40779 122
7018 36267 129
39267 4234 148
12006 26983 149
927 22650 169
7018 27798 183
12006 21628 218
21628 41734 152
41734 3897 112
7018 47480 223
22650 29205 235
29205 33104 92
33104 7362 44
29205 37587 174
7362 34338 223
34338 38135 217
38135 18434 178
18434 25189 62
38135 32173 201
33104 40930 240
47743 14541 267
34630 17332 267
15472 18835 267
45849 20072 267
20072 6616 177
6616 42375 129
6616 42341 157
47332 22329 267
22329 26409 78
22329 8294 96
26409 6428 203
6428 12467 12
12467 42482 210
8294 27795 231
27795 22114 148
22114 37665 27
6428 37911 238
16818 24616 267
12095 27324 267
27324 46985 72
27324 11723 233
46985 25833 265
25833 11185 135
11185 29733 14
29733 25559 25
29733 5669 176
5669 12828 195
25559 23980 260
23980 9035 58
23980 49633 204
23980 4712 240
4712 7493 202
7493 3828 176
4712 31908 212
7493 22106 231
4712 16972 241
16972 24360 34
16972 37767 84
16972 8035 122
8035 46662 109
9035 15410 254
15410 18746 66
15410 17636 130
49633 32608 260
32608 21060 93
21060 31149 255
46985 12823 267
12823 22927 56
22927 33397 41
33397 5118 57
22927 28713 136
28713 4698 194
5118 21032 206
21032 24887 25
26260 29718 267
21203 30746 267
30746 19434 122
19434 49808 166
19434 13461 200
13461 2833 210
2833 14196 141
30746 49186 228
19434 44395 256
19434 10378 258
10378 14006 14
10378 24487 121
14006 34059 172
34059 17333 47
17333 37253 114
10378 26132 235
26132 36541 54
36541 30447 130
30447 11216 44
11216 23378 32
11216 292 151
292 675 179
26132 31777 191
31777 37617 6
37617 24386 45
24386 16064 25
16064 12878 185
12878 48325 54
12878 16219 129
16219 5789 42
5789 10463 26
10463 42237 29
292 855 196
855 3632 56
855 32760 107
3632 26043 111
855 26535 125
12878 20279 198
20279 25061 7
20279 48537 150
675 5811 212
5811 43385 121
5811 19890 141
19890 6244 113
6244 27018 114
12878 29252 214
29252 16900 199
5811 32746 225
32746 38406 177
38406 4755 135
3632 22800 227
30447 37939 234
37939 39823 93
22800 49802 243
49802 14091 120
49802 15224 152
15224 3668 167
3668 8602 55
3668 37269 170
14091 44713 177
37269 46631 224
46631 25632 162
25632 35475 21
25632 43335 229
32746 26673 247
37269 26521 252
49802 28994 255
8602 23104 256
23104 31372 22
23104 40274 221
37617 46360 261
14196 23187 263
20279 13863 266
26969 31627 267
31627 6187 146
6187 4514 116
19234 32002 267
32002 6072 215
14724 33966 267
33966 36818 137
22529 34258 267
47547 36945 267
36945 15454 57
21256 38764 267
38764 23833 59
23833 37998 42
37998 22776 227
7943 39874 267
10328 40390 267
40390 10284 77
40390 43408 245
41914 44371 267
44371 3809 77
3809 2759 232
2759 2587 71
2587 9459 193
2587 20548 224
20548 23269 65
23269 19377 51
20548 40775 195
19377 17919 202
20548 44800 257
1744 45375 267
40525 47517 267
1070 1101 268
1101 4227 42
4227 7339 215
7339 4425 72
4425 10631 48
4425 26469 195
26469 28401 30
10631 25785 211
25785 25614 108
25614 17359 149
17359 6143 129
25614 7218 189
7218 20521 44
7218 39724 45
39724 20139 64
7218 6800 155
6800 16244 20
16244 25638 120
25638 48938 32
25638 25315 78
25315 29468 148
48938 10814 155
25315 34483 201
34483 40046 59
40046 40649 154
34483 44546 188
40649 9494 191
9494 27870 11
16244 18917 211
18917 3031 8
3031 17835 28
10814 28476 211
28476 38468 169
38468 35621 76
35621 43668 17
35621 27436 165
10631 9791 217
9791 40272 106
39724 14063 217
14063 22466 116
22466 13146 90
13146 22351 112
22351 44237 150
44237 10223 99
14063 43470 210
43470 44810 123
44237 38646 212
22466 31750 234
27436 18572 248
18572 5593 26
5593 8510 62
8510 36045 16
8510 48708 234
48708 32259 115
8510 16152 261
29746 1504 268
1141 1924 268
1924 2561 130
1924 25769 197
43726 2421 268
2421 1102 124
1102 17650 26
17650 16131 91
1102 38688 172
45840 3911 268
3911 17179 47
1752 6019 268
6019 33478 184
6294 6063 268
1776 6094 268
6094 15011 93
6094 7441 95
6094 7240 174
15011 35536 221
35536 14038 222
14038 21307 63
6094 16434 250
21307 15134 251
11347 6221 268
6221 1535 9
6221 6216 119
6221 14426 208
14426 27214 219
27214 9151 191
6216 6126 222
6126 35736 119
6221 31188 233
31188 45603 3
6126 13835 235
13835 2744 87
2744 2066 166
2744 30018 206
9151 42105 256
49751 7403 268
13917 9106 268
48261 9109 268
9109 5870 150
5870 4042 89
9109 43271 261
43271 6699 125
6699 5925 46
5925 14827 21
14827 49096 28
6699 25604 86
5925 8761 98
49096 4443 113
4443 1016 124
25604 42913 127
42913 31152 100
42913 23065 137
23065 29126 133
14827 16783 139
16783 30603 17
23065 46113 192
46113 43769 149
43769 46536 16
46536 9289 11
43769 29603 155
16783 41747 208
29126 5914 212
5914 3290 76
3290 24604 11
5914 8502 198
8502 18072 38
8502 10617 47
5914 13596 257
13596 10225 132
43769 30414 262
30414 29654 224
29654 45913 54
29654 29745 121
29745 46517 186
45913 31779 201
31779 4905 121
4905 28915 23
28915 35915 41
35915 44265 124
44265 42175 108
28915 16562 144
16562 28577 24
44265 24056 159
4905 22699 181
45913 19979 237
19979 23827 178
23827 8106 161
8106 15018 53
15018 21743 15
8106 2841 94
2841 34890 9
2841 5388 104
5388 9697 63
9697 46690 104
21743 46354 114
9697 49466 166
49466 21807 96
19979 9129 194
9129 8616 64
46517 48971 249
48971 37372 14
37372 36443 73
36443 15670 69
15670 23343 9
48971 28405 147
28405 24540 130
28577 33098 256
6929 10218 268
5325 10893 268
10893 44090 160
10893 34634 207
44090 31251 216
44090 25490 260
25490 10167 239
10167 44107 20
10167 15725 125
15725 16663 37
16918 11448 268
21788 12193 268
12193 13746 44
13746 42715 36
13746 11776 66
13746 29185 102
29185 29515 132
29515 34803 155
29515 16448 208
16448 17581 15
42715 23817 250
23817 16713 227
16713 8876 46
8876 49913 201
29679 13694 268
38716 13937 268
17098 16733 268
16733 19811 150
19811 13564 162
19811 45940 172
13564 12530 179
12530 13205 161
13205 14696 168
14696 19514 49
19514 14132 128
14132 34234 14
14132 2985 133
2985 2073 160
2073 1237 37
14696 48761 196
48761 9468 32
48761 27569 193
27569 3899 213
45940 43102 213
2985 16160 215
16160 43865 156
43865 28165 169
43865 14618 208
14618 13057 162
13057 30712 166
30712 20666 149
13057 4246 193
4246 7279 116
7279 7540 30
7540 9737 18
7540 40191 134
4246 17797 196
17797 25518 49
2985 23366 217
13205 13069 222
43865 13471 231
13471 13858 36
13471 23550 204
23550 8085 59
8085 14758 118
14758 37425 196
14132 17753 242
13858 13123 244
13123 25219 41
4246 34619 245
27569 32157 249
32157 11556 136
13564 36787 255
36787 13348 242
13348 43371 131
9468 17655 259
17655 23991 258
7279 2026 260
2026 45709 51
2026 42635 68
2026 3974 70
3974 5509 31
2026 2806 113
2026 2200 140
2806 17434 164
2200 4692 183
2806 2318 185
2318 5040 33
2318 30678 267
30678 8292 109
8292 17284 81
17284 31005 78
8292 24415 220
1237 33231 267
16818 16914 268
16914 16898 131
16898 38428 123
38428 6114 222
6114 17619 28
6114 3885 108
3885 12815 129
12815 38935 59
6114 7392 163
12815 40973 239
16898 7514 249
7514 14967 70
16914 30279 259
12554 21285 268
21285 34062 160
45572 24105 268
34139 24200 268
24200 30406 229
30406 6462 146
6462 6999 83
12925 25379 268
25379 41790 95
41790 22460 131
22460 47857 152
47857 25010 14
25010 12274 12
12274 8065 2
8065 6534 144
6534 463 3
463 4095 78
4095 11698 84
463 22696 131
22696 32826 14
22696 40535 165
40535 43138 153
12274 28330 185
12274 28874 215
28330 49554 228
11698 13013 239
22460 45812 240
49554 34158 241
34158 11407 7
6534 45818 264
45818 28043 96
45818 48132 232
35987 26932 268
17034 38761 268
27175 39259 268
718 39386 268
5160 40797 268
29354 42541 268
11444 42700 268
42700 43699 180
4010 47032 268
581 48045 268
5192 48345 268
33856 627 269
26270 2631 269
2514 2891 269
11448 5670 269
5670 3277 202
3277 23408 247
15262 5715 269
5715 49476 76
49476 38014 154
5715 24965 198
5290 9504 269
9504 14733 36
14733 8718 192
8718 31999 37
31999 6576 235
6576 10064 2
10064 5447 49
5447 22193 43
6576 31894 100
31894 43905 30
43905 10854 40
31999 32716 250
8718 2537 261
2537 23146 65
23146 9095 130
9095 28753 264
8718 25772 267
4940 12298 269
12298 44787 143
44787 4661 188
4661 2079 169
2079 1939 57
2079 4094 172
4094 40572 24
44787 6602 226
12432 13081 269
13081 32445 53
235 13587 269
37720 13696 269
13696 12659 8
12659 3800 97
3800 42676 166
42676 37958 121
3800 7988 190
12659 19980 199
19980 9157 71
9157 11579 166
32445 13876 269
13876 29020 203
29020 44403 192
29020 36663 243
36663 2639 161
2639 2083 130
2083 3328 6
2083 3300 91
3300 18202 84
3300 5461 92
3300 4992 154
4992 25817 8
25817 15506 102
15506 41696 67
15506 14948 104
14948 27621 106
41696 39263 130
41696 534 140
534 9575 7
534 3765 12
3765 11164 20
534 10237 26
9575 21699 65
21699 46085 49
11164 18244 133
10237 30328 171
39263 8418 216
3300 13043 217
13043 16308 212
16308 43164 108
43164 42320 141
42320 44182 5
43164 46348 168
21699 6631 244
36663 34317 245
6631 4702 250
4702 7073 152
7073 8311 20
7073 13475 182
14948 453 267
453 234 206
234 35565 103
35565 26693 29
234 298 115
298 23852 193
23852 18736 53
18736 9369 24
9369 13240 33
23852 30736 101
30736 44594 166
44594 25563 151
23852 44397 200
453 9868 238
9868 34743 198
34743 24169 222
30736 18308 244
18308 34304 24
18308 1671 135
1671 19345 16
18308 12267 183
9369 24829 255
24829 28698 51
9575 29147 268
46129 15643 269
15643 6701 69
6701 23196 1
6701 19716 170
15643 25664 258
7678 16657 269
16657 18201 178
18201 20971 49
18201 30570 206
20971 3709 221
9611 18406 269
18406 42271 184
35641 21579 269
43699 23347 269
25083 24791 269
24791 42645 25
24791 10692 147
10692 25003 149
25003 8452 65
8452 20182 100
20182 11755 44
8452 35100 134
35100 4936 197
4936 12900 94
12900 14017 141
42645 16105 199
16105 1798 7
11755 42876 216
4936 13420 217
13420 49271 28
49271 12632 93
35100 13625 219
13625 42042 14
13625 45210 64
13625 36234 90
13625 7982 132
7982 865 46
42042 471 151
471 25754 65
45210 39640 218
8452 47003 223
12632 585 231
585 10175 112
10175 15122 15
585 2883 197
1798 4934 261
4934 19933 89
6646 25475 269
14235 25502 269
27683 29060 269
29060 38586 40
16607 29223 269
29223 48185 88
29223 39363 135
39363 6357 162
6357 23024 181
23024 15719 58
15719 39933 32
23024 35865 88
23024 38639 161
38639 16229 29
23024 17920 164
38639 46433 164
46433 20546 80
20546 22440 11
20546 11760 103
11760 7781 152
7781 2173 35
2173 46273 22
6357 27375 221
15719 45224 223
16229 4291 240
20499 30058 269
30058 31798 164
6005 32245 269
11460 32435 269
32435 48269 59
48269 349 83
32435 9666 209
349 29851 216
349 4827 226
4827 10252 8
10252 23824 104
32435 49112 239
29163 35767 269
35767 10658 149
8522 39586 269
26170 41000 269
41000 10407 30
31132 42148 269
20375 45034 269
39840 47921 269
47921 2907 197
2907 4801 131
4801 7800 234
39888 49498 269
49498 16757 157
16757 28585 56
28585 12557 11
28585 31744 189
15891 1045 270
1045 2991 191
2991 41583 126
2991 4585 144
4585 38820 39
4585 25104 78
25104 38827 137
4585 49 188
49 8266 57
8266 49451 7
49 223 75
49 915 77
915 10837 6
915 2432 13
915 1067 37
1067 21413 12
1067 6400 45
21413 41855 164
2432 24448 188
24448 23901 105
4585 9054 191
38827 39203 200
1045 3110 217
3110 40840 19
3110 28803 114
2991 29996 220
9054 38682 234
24448 16491 260
3589 2224 270
2224 14814 121
6421 2941 270
2941 5223 71
2941 2182 150
2182 28776 84
5223 12805 229
2941 7909 257
7909 8027 79
7909 37042 156
7909 32921 185
8027 22965 219
22965 45025 206
40777 8568 270
8568 11035 20
8568 23451 104
23451 33602 62
11035 29534 105
8568 48661 246
7189 10813 270
25 12309 270
12309 4918 29
4918 22815 82
22815 48102 87
4918 2865 143
48102 4691 152
4691 49997 10
4691 2662 106
2662 1457 39
1457 48206 19
1457 3350 47
1457 681 58
3350 10755 59
10755 12070 59
12070 47443 42
47443 17268 23
12070 35050 55
681 2433 89
17268 11102 97
1457 27976 97
12070 29922 99
1457 2507 102
2507 40084 15
2507 6414 90
6414 6615 132
6615 7136 5
6615 13254 64
6615 7431 78
7136 16114 118
29922 7673 137
7673 36734 16
7673 26767 83
26767 40175 131
7431 36090 137
7431 4233 148
4233 14478 33
14478 28395 10
7136 4285 151
2507 40063 162
7431 48316 164
48316 13768 44
36734 24621 181
24621 5577 96
5577 10510 6
10510 15259 115
15259 6740 37
6740 17281 121
10510 36273 124
17281 46687 183
2865 425 198
425 11160 27
425 384 111
425 2276 136
2276 2696 64
2696 6996 101
2276 27739 158
11160 44248 161
44248 4166 97
4166 19641 126
425 20998 167
2696 26733 167
44248 10396 171
2276 18571 188
18571 5572 104
48102 8590 208
8590 11027 10
11027 5959 121
5959 8657 156
8657 21255 76
2696 27013 218
27013 14134 96
14134 7089 100
7089 25526 209
48206 29749 219
20998 4705 222
25526 29948 223
35050 37234 233
19641 45635 243
45635 22110 128
22110 10662 85
48102 18031 245
3350 11913 248
11913 48315 175
48315 4849 1
11913 48657 178
48657 26755 40
29922 12342 248
12342 12755 188
12755 10260 63
10662 23062 248
23062 35043 228
35043 45850 55
35043 35806 81
35806 43582 143
43582 20854 50
20854 34899 1
34899 18450 36
20854 42726 102
35806 15302 222
35043 22573 243
681 21773 259
21773 39013 88
39013 31068 215
7089 1098 260
35050 21298 261
21298 34318 74
34318 6551 27
6551 18164 88
6551 7562 131
7562 42703 32
7562 21244 205
21244 9069 116
9069 28338 42
28338 11765 124
11765 41640 30
41640 37573 64
6551 24402 225
6551 17918 247
9069 20599 254
20599 39687 209
39687 10149 38
10149 13828 85
13828 22738 216
22738 45408 211
45408 38155 7
38155 43344 167
20599 18011 226
18011 2477 25
2477 37792 119
37792 32042 1
32042 44387 59
18011 27556 138
27556 26269 170
26269 47254 28
26269 5588 75
26269 39943 80
2477 530 227
530 633 33
633 5835 37
5835 35972 170
633 12566 225
39943 26581 231
12566 49279 233
49279 1981 107
1981 46743 75
1981 285 189
285 1484 11
285 5046 12
285 14966 78
14966 33875 141
285 21727 198
2477 3515 241
3515 8481 104
3515 11017 159
5046 6449 253
11765 867 258
867 24083 140
24083 560 119
560 36043 79
867 12178 171
12178 47415 155
24083 418 175
418 41684 250
4918 34917 262
34917 49129 54
49129 40648 193
28338 35401 269
1617 13975 270
3616 23708 270
23708 25022 110
23708 45179 157
23708 31358 197
31358 35762 169
35762 32472 156
35762 25016 217
32472 48501 255
48501 21759 128
39151 23905 270
23905 33010 51
15787 24245 270
24245 37972 252
31627 24921 270
6569 26479 270
25399 28053 270
19286 29560 270
5381 30120 270
30120 26949 97
26949 37256 69
30120 43229 193
37256 45500 206
3376 30605 270
3353 35896 270
37179 37302 270
37302 40350 120
15305 41101 270
41101 42331 226
17245 47471 270
47471 34412 97
34412 38012 35
47471 18964 230
18964 5246 137
5246 5810 157
5246 5227 177
5227 3140 213
18964 6477 244
6477 13451 117
13451 9422 11
9422 4581 45
9422 23722 136
23722 10471 95
23722 807 128
807 32314 58
807 28154 94
807 1224 157
1224 13226 154
13226 38250 23
28154 41673 160
41673 27451 16
807 4255 162
4255 20103 89
20103 19469 8
19469 15953 94
10471 17743 205
9422 18702 221
23 570 271
570 5365 210
5365 31736 109
1714 773 271
773 108 38
108 42708 6
108 29980 174
773 38892 213
773 5036 237
384 1560 271
298 4243 271
4243 10178 45
2376 4915 271
46548 5083 271
5083 24292 52
24292 15074 52
15074 43533 1
24292 30892 120
43533 12082 153
5083 41887 167
41887 3892 34
3892 4102 50
3892 44603 58
3892 19697 65
41887 26851 77
19697 13983 240
13983 14400 95
4102 17205 240
26851 6833 252
6833 4199 129
4199 7167 124
4199 42471 172
10148 5211 271
34630 5336 271
5336 6917 110
5336 49080 143
5336 45017 233
5336 35720 247
35720 38296 119
38296 10330 194
10330 39604 160
39604 3525 67
3525 20608 48
21116 7939 271
7939 2932 129
7939 14340 236
14368 8610 271
8610 23116 1
8610 2988 158
3698 9698 271
9698 22811 176
27976 17156 271
35539 17468 271
43533 19232 271
19232 22447 99
22447 31956 44
22447 45116 62
12554 30675 271
45295 31025 271
16118 33572 271
33572 47745 128
47745 48273 247
32257 34841 271
34841 46919 74
34841 40295 145
34841 9254 199
9254 2221 59
2221 46652 87
46652 6342 68
6342 10515 2
6342 41401 114
10515 24388 157
24388 16093 6
16093 25553 193
46652 47023 225
10515 37872 229
40295 43870 244
43870 5249 75
37872 45339 253
5249 28659 267
35223 38547 271
7151 42611 271
42611 15543 82
42611 8974 219
9369 45714 271
2696 48786 271
48786 20237 94
20237 11356 64
20237 21554 117
11356 42505 142
21554 24207 223
17102 645 272
631 776 272
776 30686 6
776 3728 23
776 4292 108
3728 12016 127
4292 28983 138
12016 45208 195
30686 27433 239
27433 46906 57
46906 19393 61
19393 20925 28
27433 34243 139
19393 21920 206
3728 7712 253
20925 14793 264
14793 49774 27
14793 1221 59
1221 1117 155
1117 1133 81
14793 24531 236
24531 39424 31
39424 31290 35
24531 48899 58
31290 30398 105
24531 5915 139
14793 39493 238
39493 40204 197
40204 28163 171
28163 33020 50
28163 48521 206
30398 46736 267
4949 1078 272
1078 3374 238
1378 3004 272
3004 19056 223
19056 13535 201
39087 9630 272
9630 7503 138
92 10749 272
10749 31821 249
7169 12340 272
12340 31970 108
31970 44023 9
44023 3518 126
3518 10847 222
3518 20389 259
31970 42480 269
9505 12806 272
12806 44815 218
44815 37163 199
20770 16540 272
16540 25796 137
25796 21465 119
16540 5064 195
16540 18975 269
18975 21901 47
21901 34697 69
34697 39621 101
39621 34776 29
49993 16732 272
16732 42110 271
45633 20478 272
20478 24071 156
20478 32943 247
32943 2152 218
2152 36849 49
36849 43243 48
36849 22191 116
22191 2345 221
2345 3801 94
2152 7650 225
22191 44246 226
7650 43510 256
43510 11847 64
18749 21975 272
21975 27472 192
11402 22014 272
4971 22391 272
22391 9089 89
22391 10561 195
10561 40431 38
40431 31324 99
31324 45064 38
31324 30557 96
30557 42639 98
42639 35955 42
35955 34561 112
45064 42273 165
40431 33555 202
9089 9578 216
9578 11152 35
35955 42104 221
42104 39864 54
39864 6295 111
6295 29292 233
29292 17419 176
29292 48854 223
42273 14572 241
14572 24702 189
14572 18785 215
18785 27946 92
18785 3782 209
3782 34352 81
34352 34805 41
3782 22491 114
34805 31151 116
22491 11423 189
11423 47691 65
11423 4146 125
3782 22925 207
42639 34241 246
34241 15550 211
15550 15524 71
15524 16320 74
33555 32148 248
32148 36828 35
32148 36853 119
36853 30361 116
30361 6259 145
6259 41397 38
32148 42942 170
36828 220 203
220 38733 71
220 110 163
110 9 85
9 87 11
42942 3170 256
3170 4941 20
4941 40615 69
4941 40467 86
40467 9903 60
3170 23161 149
23161 37836 187
37836 5228 148
5228 16606 144
16606 2393 118
2393 10101 5
2393 14645 22
10101 26353 65
2393 48436 131
40615 6423 200
6423 9872 9
10101 13730 202
40467 44082 221
4941 7894 237
9903 25291 239
6423 11024 251
4146 39275 266
39275 6775 165
39275 16563 231
6775 44430 255
20621 24372 272
32215 24729 272
24729 34951 121
188 28280 272
20466 31735 272
25934 38592 272
16368 48509 272
2717 293 273
293 3622 213
49974 417 273
417 447 160
447 632 223
632 982 219
632 14875 249
982 26249 251
26249 10090 106
10090 4658 1
4658 19498 3
10090 26703 119
26703 48908 27
19498 34963 136
26703 36519 162
36519 49595 66
49595 42151 78
42151 44742 208
36519 329 241
329 10240 89
329 5765 267
1215 450 273
450 18999 189
18999 26503 91
450 5581 194
5581 9127 169
9127 21447 222
21447 23162 21
21447 24989 169
24989 41808 238
41808 5138 70
450 19746 243
19746 27970 137
1312 937 273
937 1010 48
1010 1685 233
3075 7852 273
7852 12541 11
7852 22899 31
22899 34742 63
7852 19706 133
12541 1395 140
1395 24502 2
1395 41978 39
1395 13663 153
13663 24790 115
7852 35434 176
7852 8629 183
24502 22599 198
22599 4118 72
4118 17011 48
4118 31459 106
31459 11255 87
31459 47327 112
47327 35786 107
35786 40925 6
17011 14812 230
2380 10706 273
10706 49953 14
5391 10955 273
10955 25350 159
48962 10957 273
10957 31845 67
40797 11107 273
11107 7371 49
11107 17299 120
17299 37019 59
17299 47602 78
17299 37442 87
47602 13197 130
37019 38087 154
11107 40598 183
40598 23846 112
40598 9558 167
9558 40813 2
9558 22150 152
22150 17311 111
22150 49136 153
37019 32930 203
32930 44703 41
32930 39254 153
39254 12885 1
44703 43184 178
44703 6380 231
6380 13398 225
49136 23320 234
12885 36994 235
17311 3635 241
3635 47739 190
47739 49968 87
45046 11523 273
452 11865 273
3010 12549 273
12549 4405 56
4405 34829 12
12549 18783 102
12549 18884 102
839 12914 273
12914 11975 10
10872 14111 273
42663 14213 273
14213 11174 177
11174 4351 62
11174 11673 214
11673 10100 142
10100 40906 21
10585 14888 273
14888 18484 86
18484 43572 43
43572 24250 78
24250 47398 105
27554 15288 273
15288 2250 195
28427 16698 273
16698 28532 67
28532 42226 123
28532 41919 272
25372 17425 273
17425 1834 139
1834 3675 73
46662 17532 273
17532 38006 272
38006 27123 101
27123 16533 165
16533 49064 241
28159 19668 273
19668 4571 16
4571 6145 76
6145 6478 64
6478 24255 121
24255 26445 100
6478 11192 152
6478 35313 159
4571 20580 174
19668 48162 187
20580 3951 209
3951 44698 36
44698 37771 26
3951 22646 96
3951 43379 110
43379 3695 113
3695 46440 58
3695 1561 149
1561 10039 43
46440 3750 160
3750 3291 117
3291 17971 27
3291 48453 78
48453 16001 46
3291 2445 166
2445 9365 151
9365 16524 150
48453 43888 183
43888 16539 20
43888 28947 22
3951 2890 215
2890 3342 47
2890 4475 111
4475 39815 86
39815 4622 106
4475 25744 108
4475 30897 119
2890 10202 122
10202 49614 98
49614 25700 90
10202 33121 105
10202 278 123
4622 27576 126
27576 41939 40
41939 41418 19
4475 41310 129
41310 26355 68
49614 13787 144
13787 7568 31
3342 48478 160
39815 8644 171
41418 25798 172
10202 40270 175
278 25968 196
25968 10428 20
25968 37035 150
30897 41810 207
40270 49834 235
49834 45637 198
6145 26873 240
16539 11508 243
11508 13944 4
13944 34235 72
11508 42689 108
11508 4338 132
13944 20047 242
3750 39133 251
39133 7046 79
7046 25618 1
25618 6399 110
6399 18400 75
6399 1128 158
7046 1171 172
1171 39418 4
1171 25265 59
25265 49312 61
49312 2830 128
25265 43936 152
43936 49651 52
49651 11951 119
11951 16981 2
7046 44578 175
44578 39579 58
39579 20183 32
44578 47723 87
20183 41714 173
18400 38023 177
43936 4825 197
11951 21569 205
21569 3022 183
3022 20385 222
3022 16610 237
16610 553 46
16610 44817 226
44817 45012 54
45012 32212 161
32212 5719 112
16610 24232 230
47723 25235 239
25235 22520 93
22520 8819 241
8819 24299 76
16610 13478 249
13478 13232 52
13232 4174 134
13232 12453 184
12453 22820 164
22820 26597 2
26597 26104 10
46440 42868 251
4571 8379 257
6478 45833 257
49312 42106 262
42106 30047 21
30897 20453 269
2830 1602 272
1602 8645 18
8645 36093 53
36093 41983 34
36093 24997 186
24997 37579 7
24997 13711 122
36093 29017 226
37579 37642 228
8645 12348 262
12348 35645 59
35645 31080 95
31080 37851 42
35645 2784 148
42726 20730 273
12255 38020 273
11060 38332 273
38332 36662 136
38332 17603 237
17603 7351 55
17603 11691 136
11691 15802 10
7351 8334 144
17603 46308 213
1052 40990 273
10325 41453 273
41453 39611 51
39611 33008 16
39611 23560 170
23560 19981 19
23560 46003 126
46003 34896 74
19981 24885 175
34896 43808 175
46003 28676 185
41453 17310 246
17310 18673 208
34243 42144 273
38518 43882 273
29922 47925 273
24474 48407 273
48407 31839 121
6953 49507 273
49507 23635 72
4 31 274
31 49202 1
31 67 71
67 43044 132
31 113 254
113 35864 87
35864 20777 7
20777 34176 199
34176 23441 114
23441 6474 171
6474 34205 161
6474 21215 196
6474 25256 196
20777 37331 228
34205 27756 236
34176 41809 240
67 660 262
660 12990 163
31 20316 263
3017 765 274
765 758 198
758 43879 104
43879 47901 79
758 21961 125
758 29564 264
29564 37790 263
450 1426 274
802 6047 274
6047 40391 37
6047 23744 57
6047 15022 147
15022 16420 190
6047 33039 242
33039 29800 233
23744 12160 269
13944 6061 274
6061 7187 84
6061 32635 202
1723 8836 274
8836 36450 159
36450 48890 219
48890 25790 95
48890 47510 102
47510 4639 51
4639 33700 95
33700 28130 220
28130 12077 72
28130 39790 225
17966 11900 274
11900 45834 51
45834 47990 196
47990 23633 189
45834 40230 203
40230 33417 92
33417 15703 71
40230 22758 124
33417 14092 140
14092 38944 124
22758 38529 156
22758 45820 165
45820 19510 173
14092 38311 179
22758 47331 200
38529 48397 201
48397 19245 185
14092 12843 231
12843 3965 144
3965 3202 13
3202 9212 15
3202 10596 45
10596 10824 45
10824 20269 13
9212 5352 65
9212 9887 66
3965 9220 89
20269 3891 99
3891 28005 1
20269 22935 128
3965 29299 162
29299 23514 65
23514 28220 168
28220 31964 16
28220 24243 156
24243 37489 78
31964 24176 170
24176 17781 125
17781 29570 85
17781 47298 189
31964 5471 204
5471 8477 70
9212 33071 205
5471 25936 227
3202 6521 231
6521 25008 40
29299 24631 239
24631 17617 56
24631 24405 191
24405 4487 92
4487 28852 108
28852 1914 101
1914 1913 92
1914 33530 159
33530 34278 70
4487 4109 202
4109 262 240
262 191 68
191 40184 73
191 429 164
429 1126 203
1126 1720 99
1720 4096 30
262 31106 216
31106 47213 66
47213 20905 28
47213 49694 89
49694 31819 70
31106 37153 113
262 236 248
3202 47196 251
47196 53 184
53 31497 57
31497 38609 94
53 33308 120
47196 16207 191
53 1027 213
47196 1802 223
1802 39630 244
38609 46565 244
31497 13400 255
13400 32392 93
13400 29838 189
29838 23561 5
23561 9215 14
23561 47538 34
29838 31292 59
23561 31398 67
23561 21141 69
21141 7601 19
7601 4467 51
23561 14394 76
4467 8070 104
8070 28247 35
9215 13763 120
8070 22766 120
8070 46063 135
29838 45821 139
45821 8662 22
8662 2712 16
2712 20193 52
2712 12231 126
12231 24496 124
22766 46915 170
46915 7775 28
7775 12373 98
46915 32378 154
29838 38278 174
38278 43842 188
43842 49585 50
7601 47399 188
47399 16031 121
7775 6633 192
6633 49563 154
49563 22496 82
6633 28654 172
28654 49702 144
49702 7769 67
7769 2863 114
29838 10756 200
10756 13431 77
20193 27648 202
27648 46415 188
46415 33187 50
23561 29422 204
46915 42392 213
42392 42488 175
42392 10967 193
42488 40136 197
7769 24144 214
24144 32792 55
2712 46803 217
7601 19751 232
19751 8735 139
8735 10632 116
8735 44115 119
44115 14918 210
7769 8984 235
32378 31055 235
7601 17901 242
17901 19479 127
19479 20688 118
20688 26698 238
13763 26758 247
26758 28565 77
28565 37025 104
26758 42073 214
40136 49557 250
28247 36270 252
29838 42967 254
33308 47040 255
47040 29383 245
14092 27122 258
27122 33515 146
27122 3903 160
3903 28906 27
27122 29849 179
29849 34605 92
34605 17705 179
9220 39040 260
39040 23201 183
7775 36724 265
36724 33446 52
36724 24094 259
24094 294 80
294 580 93
580 5438 5
294 1008 126
1008 19058 166
19058 18585 67
5438 11077 184
294 85 232
85 1657 10
85 49334 94
1657 12486 125
85 3314 182
85 2898 238
2898 6180 80
2898 43712 198
5438 25286 255
25286 11580 72
31106 47503 265
47503 29898 242
9215 4789 267
4789 3956 174
38609 9825 267
21141 18949 268
16031 4268 272
4268 17872 241
17872 32008 158
32008 22950 82
4268 25418 243
25418 48748 184
48748 36483 196
25418 8909 204
8909 20395 69
20395 2786 24
8909 12681 127
20395 23142 137
2786 566 197
566 46100 209
12843 2736 273
2736 47393 179
47393 40330 101
40330 25031 17
40330 5973 66
5973 22255 121
22255 32523 165
4520 12414 274
12414 14699 171
43393 18462 274
18462 4185 74
6521 19468 274
40840 23761 274
10304 27666 274
16177 29723 274
10662 32782 274
20457 34281 274
13094 35626 274
35626 45361 95
45361 22423 138
22423 37732 138
37732 14752 57
14752 36763 118
22423 248 213
248 36826 118
36826 49736 24
36826 47233 31
49736 20171 138
47233 46516 147
46516 19402 32
19402 21735 31
19402 4366 148
19402 29794 256
29794 11370 3
11370 32273 116
22423 46705 270
11850 36070 274
36070 5071 265
5071 47957 40
5071 10122 87
47957 5448 113
5448 3295 166
47957 13581 167
47957 1503 183
45849 47033 274
28650 47174 274
47174 32049 105
47174 2470 140
2470 26157 34
2470 49737 87
49737 27304 80
49737 36589 166
32049 27864 182
27864 49397 72
36589 29695 196
13641 48459 274
48459 41160 54
11606 733 275
733 32952 80
733 2061 212
2061 9537 39
9537 32551 189
989 1751 275
1751 38159 12
1751 612 17
1751 3185 84
1751 5475 221
1751 2098 261
612 12643 266
12643 27192 156
12643 30021 209
30021 1367 194
1367 302 150
302 43039 78
302 4033 175
5475 44949 269
44949 26364 154
4033 16394 273
16177 2035 275
47331 2143 275
2143 32165 219
2143 39988 264
7503 3503 275
3503 28935 49
28935 43477 59
3503 247 84
3503 4041 159
4041 36132 160
36132 27362 24
36132 3514 26
27362 36351 43
3514 6003 53
3514 1042 149
3514 4701 161
4701 44957 88
3514 12469 180
12469 49616 159
49616 4231 205
4231 9034 43
4231 13985 55
4231 5645 179
5645 593 83
593 12524 82
593 16287 126
593 42196 147
42196 20932 2
593 3657 173
593 545 179
545 42130 4
545 47485 180
47485 1975 19
1975 12775 126
12775 26836 127
1975 1435 165
1435 1947 97
1435 30091 163
1975 12651 189
247 186 207
36132 35361 211
35361 19180 20
19180 44541 157
19180 9325 182
9325 7319 72
19180 7567 184
7567 16646 48
16646 21917 35
7319 44258 212
44541 42673 217
4701 12970 220
12970 32696 54
12970 17343 202
17343 10503 7
19180 36932 221
49616 13429 229
9034 13262 232
1947 36742 246
12469 32195 257
32195 6527 148
6527 916 57
916 36712 142
42673 28455 264
28455 20712 226
20712 21587 28
21587 30366 101
3503 379 271
379 5179 212
5179 19757 208
19757 16789 262
16789 19849 234
19849 28129 152
19849 6404 223
6404 7173 138
19849 44456 236
6404 43028 240
43028 8116 57
8116 464 23
464 1295 45
8116 14281 58
14281 10024 25
1295 7299 66
14281 11003 90
7299 39878 95
1295 8079 145
464 44164 147
44164 29219 119
464 189 162
189 3405 13
189 137 37
189 39444 70
39444 49354 72
3405 31319 101
137 5351 105
39444 9985 173
39444 18008 182
39878 46992 202
46992 14296 35
14296 792 222
792 11907 186
11907 42259 49
42259 26878 40
26878 6940 150
42259 21188 165
21188 10799 70
42259 16322 171
11907 38042 183
6940 4885 199
10799 8851 213
21188 21276 220
464 6578 223
6578 3929 210
3929 13410 27
13410 25878 1
25878 23211 43
23211 35607 45
23211 1870 47
23211 40861 67
40861 21030 11
25878 47980 102
47980 24257 68
1870 739 147
739 36779 45
739 38 178
36779 3807 206
4885 211 224
211 656 202
211 260 210
260 45035 116
3929 679 225
679 10583 1
679 45494 101
679 5596 153
45494 6237 220
6237 14026 95
14026 28153 48
28153 34409 104
5351 2577 230
260 3472 230
3472 21304 74
3472 13593 125
13593 45965 92
45965 29280 132
45965 40687 197
45965 30365 201
29280 13001 222
13001 8975 229
1295 34233 233
189 4206 236
4206 4865 98
4206 37186 171
37186 33958 101
33958 28050 58
4865 40301 217
3405 34449 240
5351 6078 241
49354 33829 243
46992 6657 245
34409 18984 245
6578 22657 248
22657 9890 181
14281 48041 258
48041 31994 22
48041 31827 174
31827 4958 172
4958 21106 88
4958 28051 148
21106 18687 248
18687 41308 163
41308 9374 46
9374 9178 138
41308 36357 154
41308 13568 180
17766 4598 275
4598 14601 154
4598 6298 229
6298 39190 208
20548 5531 275
25881 7330 275
7330 25517 215
30930 9242 275
9242 5938 139
5938 33345 130
9242 16208 143
16208 38392 149
5938 16992 198
5938 3487 227
3487 18096 240
18096 19513 184
49235 11863 275
6342 15217 275
19604 17922 275
479 18562 275
48537 20002 275
20002 2044 57
2044 16720 123
22246 20016 275
20016 6698 25
20016 36467 243
17098 20997 275
4273 21257 275
28753 23230 275
13505 25312 275
3261 25409 275
4610 25491 275
25491 46993 224
42663 25843 275
25843 34319 86
39516 28038 275
28038 34723 10
34723 48881 33
28038 22247 271
22247 30937 53
22247 20706 60
20706 15854 107
15854 1121 40
1121 45806 131
45806 23112 115
23112 14208 85
14208 698 3
14208 39172 40
698 32274 61
14208 23194 125
23194 44947 7
23112 39505 136
39505 34966 70
20706 34945 153
34945 36710 114
20706 30282 191
30282 24352 130
22247 37322 195
37322 48809 70
698 26042 219
1121 49161 248
37478 29779 275
10582 29892 275
11556 33336 275
809 36046 275
36046 41605 63
36046 5969 130
5969 3488 25
3488 9961 35
3488 14809 56
9961 49146 143
5969 24792 177
49146 35357 267
35357 1991 21
1991 9902 7
1991 45145 65
45145 4706 105
4706 6001 102
9902 12320 171
35357 48462 213
48462 18599 106
1991 4861 214
4861 44018 137
44018 40922 202
40922 22192 183
40922 13799 205
13799 36167 230
36167 11787 213
11787 3739 108
3739 14705 92
14705 29065 54
4706 19874 242
19874 30764 192
30764 27745 95
27745 26340 75
26340 47157 60
27745 28331 93
27745 1886 155
1886 548 20
548 44282 89
548 27255 193
47157 32639 219
47157 15715 227
28331 15875 232
15875 19945 81
47157 5080 234
28331 29699 244
18599 28884 261
4861 9550 274
9550 27292 82
27292 39089 119
39089 46051 132
39089 37804 164
37804 14907 84
14907 44452 68
44452 38369 45
14907 1294 134
44452 48717 136
1294 45983 215
45983 36657 1
36657 13095 66
45983 25927 91
45983 8807 122
36657 28396 162
28396 45365 23
25927 38734 233
38734 6986 139
6986 37290 139
6986 45738 210
45738 43979 21
43979 36328 64
45738 36516 129
36516 9014 130
9014 1000 19
9014 8364 21
1000 2145 95
1000 47220 172
47220 44071 68
43979 23145 186
1000 1783 195
38734 41071 223
1783 43014 233
43014 16210 149
45983 22330 238
22330 44523 48
25927 39951 257
39089 39612 265
45738 34529 270
34529 27329 19
28419 40340 275
40340 1566 260
1566 23672 76
23672 19560 179
19560 9645 88
19560 33773 158
33773 28943 20
28943 6829 9
19560 22628 171
22628 11948 61
11948 14946 152
33773 38053 196
23672 27995 204
27995 38602 167
11948 18528 220
14946 18818 227
9645 23325 251
23325 44443 35
23325 4703 129
23325 34202 202
4703 46267 208
44443 42721 230
42721 48458 221
48458 10423 201
10423 14730 57
10423 10956 164
14730 26710 178
26710 2709 48
2709 41801 178
26710 30731 179
41801 16268 220
16268 24376 228
24376 21926 242
26710 16935 259
18818 45008 267
37844 41381 275
20999 42398 275
36790 44665 275
13595 402 276
402 799 10
402 5204 178
402 277 211
277 47473 33
47473 13493 11
277 100 242
100 422 18
422 22153 21
422 699 25
422 843 42
422 3604 95
422 2112 250
2112 6956 6
2112 10982 191
843 930 255
699 1054 260
1054 35337 46
35337 49525 54
1054 17682 146
402 1858 260
1858 16876 53
1858 24866 140
16876 38667 151
1858 3345 180
3345 24099 122
24866 7359 210
7359 16082 27
38667 32339 261
100 1011 262
1011 15185 43
1011 33726 189
3345 4444 267
4444 31077 66
479 728 276
167 1408 276
1408 48879 28
1408 2214 76
2214 20327 141
48879 7525 154
7525 10113 35
20327 21462 177
2214 43041 183
10113 24387 209
20327 33254 240
24387 6368 268
43938 2501 276
8444 4604 276
4604 3741 211
4860 5737 276
11556 7301 276
7301 17880 115
17880 23336 74
16707 7324 276
7324 24272 27
24272 48987 26
24272 19735 58
24272 41863 156
19735 23113 202
23113 19405 178
19405 13111 90
13111 11005 25
13111 8544 70
13111 37932 74
8544 8293 224
8293 20626 104
8293 48907 253
48907 45120 232
41863 12343 265
12343 13375 104
12343 40553 120
40553 42559 147
12343 35706 185
35706 40255 92
13375 3220 201
3220 16834 10
7324 10935 271
10854 7893 276
7893 22782 53
22782 18621 53
3728 8492 276
8492 34321 86
34321 39843 13
39843 35229 12
35229 7078 166
7078 4569 197
4569 8066 29
8066 24688 98
24688 31969 41
4569 21508 162
8492 32703 217
4569 24615 233
21508 19730 240
21508 33314 249
19730 39030 256
39030 34260 107
34260 22948 90
34260 19680 257
19730 6196 262
6196 21031 142
21031 46413 23
46413 40405 167
40405 15527 198
15527 5793 75
46413 481 238
481 1830 67
15527 22873 273
22873 16643 165
16643 38883 231
38883 18004 43
21508 20374 274
20374 39754 230
41863 9049 276
9049 42561 82
9049 11298 135
11298 47871 61
11298 43004 205
43004 45881 165
45881 47611 65
47611 21259 7
47611 29940 222
42561 2339 245
42561 12528 264
6668 10762 276
10762 39235 71
39235 7203 82
10762 49131 106
7203 7223 161
22242 12723 276
18937 13030 276
13030 23967 162
23967 41500 112
41500 4917 184
4917 45204 17
4917 3451 24
3451 23180 127
23180 26242 111
13030 20923 216
23967 9361 263
9361 4895 77
9361 1591 174
1591 4500 100
4500 46956 149
46956 32785 65
46956 1334 144
4500 4844 167
4844 18826 101
18826 32664 138
32664 25660 2
25660 17445 109
17445 18405 99
18405 10708 43
10708 26328 116
32664 32739 144
25660 38046 146
38046 13466 18
13466 9590 45
4844 11911 173
18405 32362 173
10708 25341 175
38046 1303 176
4500 13031 180
13031 32312 55
32312 26369 93
17445 43492 195
43492 35517 90
35517 8532 39
1591 6663 214
4500 48873 227
48873 25151 90
25151 21840 145
25151 111 201
111 19412 59
19412 36539 209
36539 11028 125
11028 17070 90
17070 30624 10
21840 15090 219
21840 44854 220
32739 31229 233
4895 2874 234
44854 1246 236
1246 12783 83
1591 1518 253
1518 1702 37
1702 21272 19
1702 3484 96
3484 41932 232
1702 36553 243
3484 18193 250
21272 8496 254
8496 3716 247
3716 24226 27
32362 31209 257
2874 23170 267
23170 21117 132
21117 39283 16
23170 36950 148
36950 37350 18
36950 49718 261
23170 29641 273
29641 34459 137
16519 14152 276
14152 3434 179
3434 10186 51
10186 20508 70
20508 8484 97
8484 940 34
8484 14133 55
3434 4155 104
4155 15912 36
4155 32809 38
3434 1427 136
10186 12610 159
12610 48466 161
10186 48461 194
48461 34644 199
34644 20751 51
20751 27637 159
3434 28807 207
28807 34203 15
34203 40878 12
28807 41118 138
40878 20093 188
20751 21614 212
21614 21344 17
21344 21925 11
21925 39110 22
39110 31354 99
31354 36493 43
39110 17055 199
17055 4361 99
4361 1206 125
17055 10697 157
10697 33383 165
33383 1472 141
17055 15102 195
34644 45391 236
45391 21126 128
21126 49793 21
21126 30917 42
30917 22012 41
22012 12841 47
49793 42293 58
21126 34691 59
22012 18811 91
34691 33630 106
33630 1984 26
1984 35681 107
49793 42802 109
12841 9987 133
12841 26436 136
34691 45044 148
1984 13772 167
1984 30750 167
30750 10584 94
10584 25730 50
12841 17537 207
34691 32196 208
32196 16704 59
1984 3603 211
34691 36960 234
36960 33761 31
33761 37691 191
940 19476 243
9987 41970 247
3434 4434 261
10186 25807 267
25807 42597 136
1206 3266 269
3266 12964 153
12964 33886 126
12964 5980 154
12964 17992 193
17992 5854 66
17992 28479 230
30750 34470 270
34470 41846 6
8484 13538 273
13538 48791 73
48791 15794 238
20059 14195 276
31324 18544 276
18544 2729 218
37253 19741 276
19741 19465 104
19465 35837 149
19741 28599 193
28599 9736 179
9736 10216 117
10216 2873 83
2873 2676 51
2676 7733 43
7733 15045 132
28599 33278 188
10216 36103 207
19465 15342 235
15342 16635 248
2676 27510 259
45812 21581 276
17715 23310 276
23310 31494 142
23310 11534 153
11534 28315 267
23310 23291 276
5455 28804 276
28804 26247 82
42398 34071 276
6971 37721 276
37721 7354 272
7354 32358 106
32358 9396 206
26437 39070 276
29205 43154 276
43154 45804 191
4187 43500 276
43500 14520 88
22221 45895 276
45895 2239 112
2239 15752 72
15752 26832 152
2239 11564 234
11564 21352 181
29222 47671 276
47671 9057 185
9057 6879 224
32633 650 277
44913 1394 277
1394 49389 105
1394 41093 267
41093 28054 70
28054 20458 133
20458 47211 109
47211 785 146
785 741 144
741 22289 35
22289 22749 43
785 29103 152
741 18666 161
741 290 219
290 37142 32
290 507 65
507 33766 12
290 1481 104
1481 35944 11
1481 5103 66
1481 2771 125
2771 7285 41
2771 5213 91
2771 47997 102
37142 1227 131
507 4788 138
1227 43075 144
2771 13826 154
13826 36492 18
13826 40292 33
507 44015 204
2771 6502 206
2771 8304 218
8304 12797 152
12797 44142 13
44142 37318 51
37318 11640 63
37318 8796 64
8796 32780 47
32780 14024 202
1481 39910 219
12797 35702 220
290 21848 225
13826 43445 246
43445 5339 68
5339 19839 191
19839 17079 38
19839 39004 197
17079 13644 244
13644 13052 118
13052 5303 125
5303 1578 47
5303 20648 73
13052 2525 179
2525 24311 142
1578 12138 197
12138 17948 112
17948 40089 220
40089 21411 150
21411 11238 208
11238 35093 26
35093 368 142
368 6770 18
2525 6479 230
6479 9314 265
9314 2778 66
2778 1188 110
1188 5504 183
5504 15103 78
20258 1826 277
1826 10848 78
10848 27467 17
10848 43048 183
10848 2822 257
2822 21962 71
21962 17911 128
2822 23589 187
21962 1755 245
1755 2077 13
1755 40835 75
1755 46978 86
1755 38898 121
1755 313 198
313 5825 105
5825 38551 70
38551 2142 39
2142 13673 130
13673 9123 158
2142 29632 183
29632 49721 111
29632 11329 166
2142 38184 203
38184 21806 130
38184 41012 141
5825 8312 209
8312 39068 109
39068 6223 32
6223 8803 198
8803 23686 21
23686 36559 35
36559 11333 122
23686 45576 188
45576 37520 41
37520 6860 81
36559 28602 201
28602 15646 136
15646 30698 88
28602 38091 166
28602 47267 185
15646 44434 256
13673 23707 260
47267 30001 273
30001 47277 81
30001 2196 218
2196 48204 247
48204 30590 69
30590 21209 104
21209 45028 140
21209 34251 204
34251 43851 7
43851 3108 5
3108 18254 112
18254 17945 80
18254 24968 121
24968 31483 41
31483 27656 131
27656 16999 79
34251 26484 148
16999 4348 194
24968 44531 199
21209 24080 213
24080 12616 147
24080 31144 198
31144 41590 166
41590 19840 143
26484 10086 219
48204 33364 235
24080 25210 248
25210 19748 47
19748 30167 25
30167 830 100
830 7311 38
830 22165 60
830 14482 216
14482 41405 212
41405 20336 20
20336 32845 38
32845 29115 24
29115 25591 65
30001 14510 265
14510 44363 229
44363 10816 228
14510 34017 235
14510 19732 247
33364 5519 268
5519 2715 157
2715 38365 128
2715 21331 167
21331 16742 201
16742 5955 216
5519 10741 251
16742 14445 259
14445 20249 86
5955 11696 272
11696 19740 210
5825 30716 274
16742 31647 275
31647 26884 257
26884 43963 175
26884 36289 256
44769 2440 277
2440 3556 17
3556 42605 88
3556 3546 140
3546 6158 122
2440 2592 218
2592 20048 207
20048 17035 112
17035 31655 11
31655 13761 92
17035 21734 144
31655 22476 148
31655 30979 197
20048 26453 211
26453 36852 37
17035 16840 212
16840 6366 170
6366 23888 10
6366 13209 130
3556 20857 218
20857 22475 205
21734 29471 228
23888 30161 264
30161 8062 29
6158 7851 267
7851 24768 81
7851 40771 155
40771 7221 201
7221 6689 15
40771 13082 212
23223 3537 277
3537 3172 203
3172 36028 17
3172 6919 19
3172 3063 215
3063 5578 206
5578 15118 79
15118 22609 254
22609 34055 42
3063 2178 263
5388 7543 277
2097 8722 277
8722 15538 187
3873 9139 277
26799 11538 277
11538 9180 20
11538 8445 193
8445 2031 126
2031 1225 84
1225 5313 8
1225 4003 131
4003 28909 107
5313 29692 173
1225 33988 255
9180 32680 265
1225 5081 274
5081 8612 58
5081 33953 65
33953 49414 17
49414 32006 85
32006 15602 32
32006 363 62
363 3319 219
3319 34816 13
34816 12257 72
34816 29967 217
29967 12296 156
15602 41455 230
41455 28669 86
28669 39232 17
39232 45605 18
28669 37298 191
37298 21933 107
28669 28932 196
15602 25307 233
25307 33489 144
25307 46641 189
46641 37595 229
21933 14681 257
14681 25615 131
6291 11784 277
33766 12568 277
12568 33432 81
12568 41425 189
4166 13332 277
4971 13866 277
21870 15284 277
15284 42679 75
15284 31481 145
42679 48354 181
1410 15690 277
17209 18595 277
18595 20420 157
18595 13225 178
20997 18619 277
18619 5964 105
5964 373 120
373 204 40
204 17590 4
204 159 114
373 47598 118
159 3507 134
159 1927 214
3507 5300 216
1927 8161 225
8161 14942 122
14942 23518 136
17590 21919 232
17590 31351 234
204 19195 239
19195 21834 68
19195 29202 109
159 90 257
90 115 55
90 4068 160
90 42668 171
115 1443 215
90 19544 217
19544 24527 137
24527 44324 127
19544 40857 162
44324 36277 209
1443 21592 222
44324 24607 239
24607 38973 78
38973 3638 46
38973 5686 136
38973 26020 145
3638 36510 146
26020 33189 185
33189 31141 149
33189 28282 158
26020 9516 216
9516 38309 121
31141 2641 234
2641 3444 179
3444 34862 223
34862 19497 110
19497 46229 104
3444 13184 238
38973 41140 240
41140 18821 209
18821 16631 68
16631 16361 122
21592 26287 242
26287 14282 155
5686 1614 248
1614 13247 196
19544 11019 249
11019 8553 35
8553 8742 104
90 154 252
154 37877 154
29202 27517 261
1443 49778 265
4068 22814 271
30768 22086 277
43158 27884 277
14894 28013 277
28013 2921 107
32002 29479 277
32855 30540 277
30540 19390 20
19390 20134 196
20134 46112 177
44687 33255 277
8280 43348 277
28335 44410 277
44410 27704 7
27704 17718 38
12999 44716 277
44716 21033 32
21033 24611 34
44716 21518 84
24611 41433 121
21033 39492 239
39492 42376 36
42376 38327 57
42376 38993 215
24611 13496 242
7096 44978 277
10585 45389 277
45389 39775 79
45389 36240 105
39775 9708 228
9708 23856 20
9708 39832 214
39832 29314 253
23856 47838 273
19794 45426 277
45426 27217 242
38392 48246 277
24207 48618 277
858 1088 278
1088 7331 44
4391 1336 278
1336 30869 138
30869 9467 144
30869 8450 164
8450 11759 164
11759 27102 195
9467 47208 221
31744 1497 278
1497 4553 93
1497 12531 128
1197 1916 278
1916 11968 14
1916 49435 77
49435 45755 63
1916 13178 193
1916 43833 254
43833 29116 23
29116 31197 14
31197 18715 99
31197 9203 102
29116 11672 110
31197 3139 132
3139 10640 30
10640 11307 14
31197 26563 171
3139 21797 216
11307 29913 277
31144 2685 278
2685 25335 65
2685 32998 140
23260 3055 278
26956 3802 278
3802 5149 211
3802 1728 247
1728 6245 211
6245 16482 175
16482 46908 9
16482 16438 168
16438 20791 37
16438 42965 38
16438 15993 139
46908 45587 252
45587 8805 143
8805 44426 81
44426 4783 224
4783 32039 35
32039 15172 205
15172 18541 137
16482 20086 264
20086 24679 67
24679 11669 92
11669 376 222
42942 11637 278
11637 43351 197
19208 12863 278
2421 14644 278
29727 22044 278
2947 23202 278
23202 43843 255
43843 40383 114
40383 43388 15
43388 31510 15
31510 39753 82
39753 27779 146
27779 45160 186
43388 28904 248
28904 40408 115
28904 3516 130
3516 215 41
215 404 67
215 14297 152
23202 45690 272
45690 6869 136
6869 13848 2
6869 1265 66
1265 23455 7
1265 2738 54
2738 12000 7
1265 31745 57
2738 24028 60
1265 14727 170
14727 41286 73
2738 17162 209
17162 37213 155
24028 28920 209
28920 21786 6
31745 12205 215
12205 44965 90
12205 20443 154
44965 7664 199
7664 16820 156
16820 47753 140
7664 3757 188
3757 14859 31
3757 7085 182
16820 47278 188
7664 48035 188
47753 8603 198
8603 47590 125
48035 7058 219
7058 15850 19
7664 45885 227
12000 44 228
44 49543 69
49543 26279 60
44 10267 91
49543 13235 199
13235 14290 205
28920 16848 228
16848 32701 121
6869 19714 252
19714 14263 222
14263 21706 154
21706 34717 135
34717 33517 172
33517 39577 3
33517 29512 94
39577 41428 95
39577 19894 151
34717 47964 203
33517 47494 236
21706 45552 243
17162 43506 255
43506 35799 75
43506 42564 191
42564 31540 236
31540 35081 189
35081 45393 53
45393 40468 173
40468 23049 239
23049 34113 196
34113 34751 25
42564 9823 244
9823 49556 21
35081 8464 246
21706 11381 258
11381 46084 62
11381 14264 105
14264 4693 4
46084 15138 216
15138 48032 209
14264 21829 229
4693 1985 252
1985 1157 1
1985 7022 16
1157 8126 32
8126 17799 26
8126 25875 26
1157 21048 94
21048 1842 83
1842 33274 22
33274 45777 58
7022 30977 106
25875 26875 157
26875 9061 7
26875 30096 163
45777 47116 171
8126 31910 194
21048 37915 201
8126 29031 246
32701 14179 259
34113 32656 262
8464 43456 262
43456 3508 204
3508 9159 20
6869 13114 271
20450 24145 278
41500 24281 278
48618 27755 278
27755 43899 92
27755 19361 161
19361 19770 141
19361 19673 155
43899 24879 209
19770 9456 212
9456 21558 247
21558 32459 130
21558 23209 200
23209 31536 50
19770 28538 248
28538 46764 5
19361 14745 270
5134 28210 278
13950 30384 278
30384 19801 60
2813 31187 278
31187 10667 78
2551 33113 278
33113 46407 27
33113 43275 131
46407 47411 199
47411 3263 203
35021 35266 278
35266 18070 7
18070 32363 66
35266 12986 226
12986 9269 103
9269 16265 105
16265 33706 54
33706 31165 44
12986 30821 166
30821 48902 49
139 36413 278
29940 38936 278
22765 40979 278
40979 37594 189
37594 20638 32
20638 17316 32
20638 21347 63
17316 48135 89
20638 1425 99
20638 24681 135
24681 41020 144
41020 41035 76
41035 46040 191
48751 44566 278
44566 33234 276
33234 21200 101
33234 10609 229
33234 12192 235
12192 49624 88
21200 16101 253
16101 42177 169
16101 4423 171
4423 7832 73
7832 36426 148
36426 36878 60
36878 1857 14
1857 3999 186
1857 31475 256
31475 46011 99
31475 27308 135
46011 4302 145
27308 10173 230
4302 13921 248
13921 43705 156
43705 28723 154
28723 9513 224
9513 16038 194
16038 973 192
973 1080 210
1080 12615 124
1080 43043 161
43043 1829 197
1829 11944 121
1829 8145 191
12615 17607 198
1829 22274 205
43043 44697 206
44697 16669 140
43043 38999 215
43043 39824 242
28723 26959 247
973 6553 249
6553 44247 161
44247 2573 14
44247 16642 35
44247 25770 80
25770 21457 45
25770 39271 65
39271 20074 29
20074 14434 76
44247 34014 149
14434 34867 168
34014 24762 170
24762 19213 186
19213 43375 68
25770 24158 197
24158 44859 21
2573 24774 261
21457 3471 265
7832 5190 267
5190 4674 247
4674 1952 208
1952 2269 152
2269 25570 113
2269 12311 116
12311 29957 16
2269 12079 212
12079 31062 174
5190 24572 252
3471 615 270
7775 45222 278
45222 42659 156
23653 45374 278
23197 48042 278
17128 48506 278
4158 49014 278
49014 12339 72
49014 48985 92
12339 12426 222
12426 38063 15
12339 7266 226
7266 20590 91
7266 6634 267
6634 26930 94
6634 2751 193
2751 21555 138
6634 33899 202
7266 25645 268
2751 8089 278
8089 4804 91
8089 43923 232
43923 36327 51
43923 39429 125
4804 3781 239
3781 14713 46
4804 2520 255
2520 7175 26
2520 42534 108
42534 23189 68
23189 16444 93
7175 5346 129
2520 2012 131
2012 2217 135
2217 3649 1
7175 42557 144
2217 3119 213
23189 41137 230
3119 44206 259
16444 9302 269
9302 16343 105
44206 34509 270
39004 2263 279
2263 17056 277
17056 15900 160
15900 17240 155
17240 43755 197
17240 8421 234
8421 2704 159
2704 26514 126
26514 14648 101
14648 33054 65
33054 14779 197
2704 12683 240
14779 46786 249
3296 3429 279
27035 3433 279
3433 42707 52
3433 37548 131
42707 9721 176
4885 4799 279
4799 3338 182
3338 48236 102
3338 14626 263
14626 12879 5
12879 11228 46
14626 24486 52
11228 9685 151
24486 31357 180
11228 33950 209
9685 1974 258
1974 5495 90
5495 7622 271
11228 35947 275
35947 19557 240
9178 7037 279
7037 27518 81
27518 413 115
413 19136 72
413 10821 217
2778 7558 279
7558 9860 42
7558 10948 150
10948 48848 136
7558 31087 268
31087 21336 91
21336 8221 29
8221 11142 21
11142 6116 103
8221 36767 160
36767 40081 48
8221 35225 177
35225 9149 68
8221 4977 226
35225 577 230
577 40177 108
40177 38730 155
38730 24350 97
6116 21677 255
8221 1417 256
31087 43490 267
43490 19292 248
35225 35784 277
4121 8140 279
40163 8430 279
8430 42542 133
42542 31270 124
31270 7722 11
7722 36435 92
7722 7398 131
7398 2090 44
2090 28963 44
2090 15709 167
3016 8674 279
8674 7954 243
7954 2644 112
7954 18753 196
11462 9124 279
9124 11928 112
11928 37026 45
11928 28264 167
0 11013 279
11013 32602 105
32602 28073 124
29654 16904 279
16904 23625 130
23625 40113 29
16904 45706 212
45706 3702 94
3702 2779 141
45706 3413 147
2779 11197 163
11197 24265 104
3702 5757 166
2779 10496 195
10496 1096 179
1096 31756 93
1096 3529 205
3529 34214 127
34214 34732 54
3529 4466 133
34214 32621 158
34214 972 191
972 3580 19
3580 44172 63
44172 25397 57
25397 11939 33
972 466 111
44172 23057 141
23057 13931 29
11939 21410 173
11939 1579 175
25397 31691 180
466 3504 198
3702 9850 205
9850 18275 104
23057 27241 232
27241 36522 173
36522 48313 99
36522 4163 116
4163 36181 34
36181 27474 81
4163 7418 125
7418 36076 39
48313 43098 210
27241 10912 245
10912 4381 54
4381 26271 33
10912 28251 240
466 29522 246
16904 23988 250
3504 5754 253
5754 42941 186
1579 34577 258
466 46188 258
31691 23489 260
23489 19574 38
19574 26901 157
26901 32131 39
32131 21583 137
21583 38022 45
21583 34359 172
34359 31661 111
38022 18799 186
21583 28310 215
28310 34920 15
34920 30727 120
34920 48096 155
30727 26367 159
26367 24379 26
3702 19608 276
26901 9821 277
9821 2897 265
2897 3564 120
3564 10364 3
3564 7579 51
7579 11725 30
7579 16860 68
10364 33046 97
11725 41369 145
11725 10439 221
10439 1231 95
1231 31313 85
1231 7147 156
31313 49462 169
7579 13514 224
7579 14267 225
14267 32485 13
32485 36804 227
13514 10300 236
10300 27406 75
11725 33948 258
33948 34747 62
3564 10135 263
11725 46231 272
46231 36193 238
36193 26113 235
1579 468 278
16818 17933 279
17933 1263 116
1263 324 23
324 3763 95
324 29358 114
3763 4303 140
29358 45347 141
4303 44166 153
17933 18654 194
18654 17020 86
4303 18036 270
18036 44226 160
44226 13285 35
13285 20015 215
20015 16584 228
4303 4492 272
4492 36031 214
18857 20309 279
20309 10176 88
10176 39348 251
16301 20526 279
35009 21525 279
21525 19719 112
21525 3754 238
3754 48392 29
3754 47609 247
19719 11399 253
11399 3780 106
3780 10305 16
10305 20442 107
3780 34166 130
11399 22060 153
22060 21658 113
20442 18862 177
18862 46371 89
20442 13474 185
34166 17426 220
34166 15071 241
15071 30228 242
47609 22688 278
22688 22374 184
11515 22090 279
25307 23182 279
23182 31771 172
31771 20053 20
42581 24251 279
28583 24498 279
24498 46586 169
648 28954 279
28954 45703 199
33133 29809 279
27976 30127 279
37977 30231 279
30231 1289 224
11431 34130 279
34130 40253 145
40253 371 236
371 18700 54
18700 40008 23
371 39770 98
9374 34823 279
4255 39962 279
28202 45368 279
45368 5348 125
5080 2065 280
2065 24501 34
2065 1162 265
1162 1028 220
1028 938 151
938 3249 86
938 1612 144
1028 31086 232
938 5140 245
5140 7340 128
7340 27204 237
27204 21119 233
1612 2812 258
2812 41194 28
41194 41817 170
3249 19486 258
19486 36130 192
19486 7397 212
7397 40200 47
7397 18116 233
18116 20070 42
20070 16974 8
16974 11127 18
16974 48997 32
11127 4637 192
4637 1525 89
1525 20253 23
1525 1216 234
19486 35296 235
1216 34707 260
31086 4557 263
4637 30857 265
30857 42701 172
36130 3034 273
3034 12830 123
1162 34392 278
36260 3236 280
3236 13360 85
3560 4036 280
3450 5224 280
5224 48666 227
44810 6447 280
6447 5005 1
2897 6459 280
6459 782 14
782 20705 48
20705 5462 28
782 2611 65
2611 38399 52
38399 37612 148
782 47730 174
6459 25494 194
47730 36569 233
2611 43009 234
43009 6786 170
43009 10759 182
782 18915 253
5462 17247 262
20863 8165 280
8165 30338 210
1504 9424 280
25010 11095 280
11095 33826 24
9036 13853 280
13853 36092 200
36092 1093 259
1093 43502 89
1093 102 101
102 45338 46
45338 33956 123
102 659 131
33956 45699 169
659 9164 175
45338 5904 176
5904 1019 12
1019 1359 37
1359 47586 12
1019 44714 115
1019 1346 183
1346 31009 90
31009 49852 26
49852 29873 69
1093 1260 189
102 52 191
52 556 153
43502 18075 203
1346 2095 217
2095 48876 166
102 296 221
49852 20694 235
20694 9548 6
9548 41149 24
9548 29002 98
29002 26546 120
26546 27161 50
20694 47026 126
9548 21105 159
20694 10548 209
21105 42709 210
5904 16459 236
5904 11463 238
41149 27586 242
2095 42464 244
296 7941 246
21105 18338 248
18338 26310 16
26310 37184 60
9548 43714 251
1019 7648 253
1019 636 263
636 37866 21
636 7620 173
7620 32383 125
7620 35 195
35 36660 83
35 135 87
35 1127 130
35 8529 170
8529 15397 55
15397 31377 56
15397 42547 143
636 12281 230
52 166 266
166 1059 16
1059 37676 46
37676 37465 47
1059 16205 55
16205 7157 3
7157 41911 63
1059 40640 78
40640 25041 30
40640 3901 54
37676 7094 96
7094 434 114
434 17524 18
7157 9420 184
9420 14815 35
166 181 200
434 11771 242
25041 5760 267
5760 16593 124
16593 6101 230
6101 6127 238
6127 14975 128
14975 34950 114
34950 33578 26
33578 15886 151
14975 18107 236
27586 11367 270
11367 42367 61
181 26561 274
7157 31336 277
37866 7065 278
11017 14168 280
3765 15740 280
15740 43748 7
15740 7901 62
34251 16632 280
16632 15328 49
39485 19494 280
23169 21316 280
6289 22244 280
22244 13960 270
13960 15676 19
13960 288 43
11 24907 280
14572 26515 280
28271 27140 280
27140 7280 30
32827 28237 280
28237 38254 109
21859 29420 280
29420 11481 107
11481 10145 154
10145 19068 221
4571 30151 280
24845 34790 280
1568 36405 280
44977 38995 280
39054 40917 280
19124 40968 280
40968 39720 139
22568 48260 280
48260 35464 61
35464 23240 120
23240 3764 14
23240 33623 83
3764 38413 139
3764 4805 151
48260 41556 210
41556 3819 133
3819 5508 170
5508 29602 81
29602 6281 180
6281 24562 122
5508 27952 191
3819 24557 213
24557 42348 151
42348 45141 18
45141 7693 144
27952 38061 216
38061 40312 108
38061 17809 119
17809 5886 38
17809 32272 48
17809 43310 49
43310 22778 55
5886 13939 71
17809 25062 75
22778 11184 132
43310 36548 166
36548 21181 81
13939 24455 171
24455 42158 29
6281 16025 224
16025 48025 3
48025 20465 200
42348 12844 249
12844 7472 59
7472 38269 217
38269 1710 169
7472 20868 234
25062 33844 260
33844 42958 65
42958 47287 136
7693 33614 268
42336 48821 280
48821 16750 55
48821 37543 279
4470 901 281
901 11553 57
11553 4550 84
41412 2583 281
2583 38220 71
2583 1179 152
1179 20107 122
20107 20893 24
1179 37239 146
37239 46340 156
37239 19596 194
19596 3418 1
19596 22714 32
3418 45981 103
22714 43399 128
43399 17624 33
17624 5274 40
5274 11854 79
19596 47013 133
20893 18313 219
18313 584 77
37239 34750 223
17624 41053 226
41053 35823 17
35823 38200 11
35823 20297 187
20297 27547 112
27547 30233 56
20297 30132 130
30132 18775 111
20297 4574 131
30233 22949 198
4574 14443 225
14443 36783 33
14443 26444 185
26444 11795 161
11795 219 172
219 443 173
443 1209 4
443 2837 28
2837 23164 55
1209 6614 175
443 22097 215
23164 9342 217
219 5142 245
5274 10834 245
10834 25311 4
10834 45929 116
45929 25033 25
25033 8451 133
8451 5817 63
5817 30633 13
8451 13345 124
43399 35774 258
35823 15301 260
15301 34210 33
34210 33923 150
33923 16130 58
16130 21609 12
16130 20008 67
20008 15323 65
33923 39647 144
39647 26666 6
34210 26433 187
11795 16393 266
16393 13792 14
13792 13402 6
13402 31758 19
31758 34191 11
34191 20313 8
31758 21045 53
21045 20957 107
13792 46319 226
22949 16506 280
9342 20680 280
20680 41946 137
20680 41208 209
41208 18043 23
18043 17858 161
17858 28353 163
17858 3553 240
3553 1347 107
1347 2981 111
1347 17084 132
17084 3114 53
3553 14056 154
3114 26487 173
1347 7850 174
7850 34650 97
7850 17726 149
17726 4911 34
17726 14533 176
14533 10740 12
14533 36097 20
10740 7291 31
10740 26128 47
7291 41183 67
10740 18121 82
26128 49185 97
36097 12584 101
12584 9354 184
3553 37335 207
37335 26142 10
18121 46046 220
1347 2637 235
2637 2360 36
2360 9564 88
9564 41647 51
2360 41567 127
41567 23351 189
23351 18383 60
18383 45354 61
14533 35188 242
35188 6855 48
14056 20931 243
2637 7133 254
7133 17303 140
17303 9070 34
9070 29814 10
29814 15383 27
17303 30025 54
2360 7754 254
7754 38863 152
38863 41748 94
38863 29703 112
29703 16688 185
16688 4022 63
17084 41910 254
41910 44856 109
44856 11570 99
44856 35049 209
44856 13618 215
13618 23158 60
13618 33042 89
33042 13074 171
13618 29242 177
13618 23723 181
23723 37718 237
14056 43180 279
43180 18404 261
18404 13941 162
13941 26652 247
18404 8983 259
8983 23406 18
23406 38742 105
38742 21887 79
8983 42985 106
42985 15062 264
15062 10313 19
10313 967 64
967 228 56
15062 45914 120
45914 11258 50
15062 14553 125
15062 28188 129
228 6067 139
6067 36557 83
36557 40890 119
40890 27761 57
27761 26059 66
6067 17568 121
15062 34698 169
228 14260 185
14260 47552 162
40890 36129 188
228 21485 254
21485 22936 79
21485 16727 216
16727 3933 96
3933 32681 93
32681 6271 51
15062 41622 255
22936 7535 266
7535 43329 153
6067 12888 276
12888 22119 265
22119 31811 269
31811 11377 59
11377 7369 36
7369 5 2
7850 15560 280
15560 10059 7
219 177 281
177 6154 93
6154 4689 200
6154 7127 247
22274 3035 281
3035 33858 56
3035 37975 220
37975 35797 130
38 3248 281
3248 45005 43
3248 14764 99
45005 14359 118
14359 15573 73
3248 17195 155
14359 21918 179
21918 714 149
714 8122 20
8122 44550 63
714 25823 130
44550 43307 138
43307 19287 184
15573 3691 225
3691 47939 41
45393 4997 281
4997 41296 196
26104 5271 281
5271 42287 178
5271 3084 205
42287 49262 236
49262 10194 174
17011 5769 281
5769 26483 74
5769 4139 185
68 6179 281
6179 20460 93
6179 15739 273
15739 3976 154
3976 7108 2
7108 24118 115
7108 20147 195
20147 34633 69
20147 19021 170
20147 28235 170
6178 9334 281
4386 9880 281
9880 28682 215
28682 47879 53
47879 12488 168
47879 42095 204
42095 13638 24
13638 43574 125
43574 34420 14
34420 42531 85
47879 30255 207
30255 21392 57
21392 19067 210
3289 11249 281
21807 21277 281
21277 14873 47
32222 23265 281
23265 2202 92
2202 8424 23
8424 34292 181
34292 47751 125
19042 25086 281
25086 27497 30
25086 37957 37
37957 14186 15
25086 4373 139
4373 5887 69
4373 10807 149
4373 28000 217
25086 27291 258
4373 666 267
666 22481 221
22481 3215 17
666 44003 256
14186 1266 270
31170 26003 281
19770 26692 281
26692 28564 79
28564 12834 271
12834 15003 93
15003 2504 37
15003 40105 92
2504 1163 178
1163 2748 134
2748 25417 198
25417 43055 21
13281 28629 281
28629 48746 70
44921 28999 281
28999 40027 185
40027 39973 229
28999 7578 241
39973 6666 259
40027 19215 279
19215 8395 83
8395 32725 75
32725 6467 43
6467 3722 120
3722 15894 86
8395 14600 135
14600 46193 36
14600 19775 76
19775 31639 36
31639 2515 61
46193 23860 98
15894 5235 136
5235 46986 42
32725 36036 139
46986 32833 233
32833 12427 132
46193 30434 273
30434 640 185
640 10188 29
640 20783 109
10188 12299 128
12299 42252 20
10188 47994 213
12299 38577 245
38577 8410 233
8410 6998 12
6998 270 172
270 20631 12
270 1556 46
1556 5119 7
270 1754 56
1754 21990 95
1754 12218 135
1556 28746 181
28746 21144 110
1754 11823 242
11823 33029 246
1754 15907 250
15907 31834 75
15907 40192 82
15907 28431 202
21144 38878 253
38878 28553 143
12299 47631 255
31834 22345 262
4310 31014 281
12813 32754 281
21498 38456 281
38456 20293 212
20293 18439 135
18439 4527 91
20293 8137 150
18439 21267 164
4527 11311 212
38456 45221 212
45221 49338 194
18699 40271 281
40271 38411 163
38411 25673 64
38411 40995 200
40995 13397 119
40995 36164 161
36164 5087 6
36164 14083 80
14083 33460 100
14083 34754 173
34754 16457 1
16457 24440 47
34754 35030 81
35030 38232 207
38232 18429 13
38232 16424 49
18429 45383 150
18429 11562 197
16457 37758 225
38232 18258 262
18258 49503 32
11864 41409 281
41409 40806 74
9164 41903 281
41903 37384 53
47905 41959 281
41959 39817 100
39817 7646 280
7646 23579 172
7646 11391 265
11391 20702 69
20702 42102 81
42102 23819 98
23819 21483 85
11391 11661 164
23819 5481 197
5481 14789 169
20702 30758 219
30758 16116 188
16116 921 265
921 14219 1
921 1765 17
14219 17392 54
17392 31283 51
1765 4372 59
4372 2531 65
14219 42069 82
921 17266 115
921 5543 117
4372 24482 118
24482 21679 100
1765 4607 119
4607 18745 21
4372 32573 155
32573 45124 68
18745 43508 171
921 2398 224
2398 3387 5
2398 35659 96
3387 46399 168
3387 9665 227
9665 23715 177
23715 46731 40
32573 35286 227
35286 9063 66
9063 34350 15
5543 26036 228
26036 33101 21
26036 23540 146
23540 1122 68
1122 2764 53
1122 8443 168
1122 18998 195
2531 3414 244
4607 27067 247
27067 31458 67
31458 48951 53
27067 46351 184
46351 17138 157
17138 4986 103
17138 18271 213
18271 16503 29
4986 47653 231
2531 28624 256
28624 33574 114
33574 37829 84
2531 11525 258
11525 8348 132
8348 3068 197
3068 1077 27
1077 48903 8
8348 41752 199
1122 7638 259
8348 16559 260
16559 41475 215
41475 28074 198
4607 47760 263
47760 49901 13
47760 16928 80
16928 8205 41
8205 10420 112
10420 28824 147
16928 1677 155
1677 6403 11
6403 21531 91
1677 1465 131
16928 43731 203
1677 49194 228
2531 2101 267
2101 18445 121
18445 42640 165
9665 14167 268
14167 19991 28
18745 24155 269
4372 2169 272
2169 10960 193
42102 24658 272
24658 25506 34
23579 25300 272
7638 8785 275
26036 34095 275
3387 2669 281
2669 147 89
147 133 172
147 837 192
837 1382 109
1382 1393 60
1393 5822 149
1382 11159 156
1393 10374 177
10374 14060 18
1393 3773 181
3773 15318 77
3773 5269 177
147 421 217
421 9997 111
421 1400 155
1400 39028 183
1382 5470 217
3773 20556 219
20556 19019 14
5470 21330 234
1400 1807 255
26822 46942 281
15893 48860 281
48860 25160 276
25160 23097 222
16205 49087 281
49087 43328 124
43328 46840 78
46840 26173 122
26173 42882 132
43328 47490 137
1155 49703 281
191 557 282
557 34472 32
557 9278 108
34472 33425 198
33425 45355 155
45355 48804 134
48804 1434 176
1434 25587 90
1434 13818 191
25587 29811 216
1434 21136 280
21136 29519 6
29519 49565 182
29519 42352 240
42352 36905 17
24981 2153 282
2153 11189 178
7635 3966 282
3966 15926 260
34565 6055 282
6055 10020 198
6055 23257 231
21807 6535 282
6535 7907 155
7907 39335 10
39335 27833 80
27833 28777 128
148 9534 282
338 12409 282
10620 14544 282
14544 32881 15
32881 27404 92
27404 9857 6
27404 4593 126
4593 10612 110
2376 14777 282
23347 15887 282
1163 16748 282
16748 20208 106
20208 25481 207
8016 19480 282
9177 19898 282
19898 16725 115
16725 33409 72
33409 38240 87
37425 22121 282
22121 36877 10
36877 31485 137
12373 22225 282
22225 7689 12
22225 6737 69
6737 1881 26
6737 3187 27
6737 23016 85
3187 11973 126
6737 38590 128
1881 25864 146
25864 29588 86
29588 48701 166
29588 12839 207
22225 22978 215
23016 22504 279
22504 6944 281
2216 23921 282
43820 24781 282
24781 44414 120
44414 46506 51
46506 28365 47
28365 49853 15
12356 24924 282
21763 26626 282
26626 22552 70
22552 24236 46
30279 27134 282
24265 28118 282
38240 29170 282
22491 30901 282
16657 32170 282
32170 4473 119
4473 3188 191
3188 29663 172
4473 9773 237
9773 16382 209
16382 36997 72
16382 20961 90
29663 29375 239
29375 3797 47
29375 10868 63
29663 45783 259
45783 27295 124
24034 32950 282
32950 34028 254
49773 37615 282
37615 34677 57
34677 7350 231
7350 4184 208
2760 41842 282
41842 18273 156
18273 18808 69
18273 17764 174
17764 44887 77
44887 46015 98
46015 20128 118
20128 29552 87
46015 3541 145
3541 36200 23
36200 48267 60
3541 37934 98
37934 11809 20
17764 6367 175
6367 6684 29
6367 6844 47
6844 48265 90
48265 10827 164
10827 1364 117
1364 8243 18
1364 5967 29
1364 23238 67
37934 20349 209
20349 36917 120
1364 16706 213
18808 40032 223
29552 49252 234
49252 8770 72
6684 35910 248
20128 34264 255
34264 49534 46
49534 24746 27
49534 46316 135
34264 34722 143
34722 43599 104
34264 34207 184
34207 24624 75
34207 14127 153
14127 36934 28
6684 47595 258
6844 25358 272
25358 41240 119
41240 38208 48
38208 7738 73
41240 45366 147
7738 16962 266
6313 44037 282
44037 10043 12
44037 29241 258
29241 5472 5
5472 41055 25
5472 15088 64
5472 20570 106
15088 22077 115
22077 16012 72
20570 15086 151
15086 15501 83
15086 21588 145
22077 26861 236
16012 35200 260
5472 8571 273
8571 301 20
8571 48140 188
301 1177 205
1177 11237 140
301 25017 212
301 29037 234
8571 28619 236
11237 29487 243
29487 25797 46
29487 18285 278
18285 7232 133
7232 25849 75
18285 37140 277
28619 35789 281
5472 40273 281
40273 44218 40
44218 28814 15
28814 40713 115
40713 36259 180
36259 29394 195
29394 34990 38
40713 25122 246
25122 7589 149
16012 29862 282
29862 29467 206
29467 41010 179
41010 45906 207
20253 44054 282
9588 45085 282
8730 47521 282
49773 48943 282
1906 4782 283
4782 30068 98
4782 17983 213
17983 32974 37
32974 29298 222
1343 4909 283
4909 7905 198
7905 32679 19
7905 32797 48
7905 29908 126
29908 36078 170
1858 8673 283
9009 9199 283
137 9409 283
9409 32587 81
32587 43645 120
9409 4048 128
4048 6498 38
6498 38033 33
38033 8346 22
8346 34189 50
4048 39357 214
21760 12416 283
26099 12490 283
12490 8797 59
7078 13292 283
13292 48647 128
18964 20484 283
20484 32585 126
15948 21114 283
6938 22080 283
22080 22125 45
22080 993 83
993 28668 105
22125 5450 116
28668 41014 124
993 408 131
408 1483 4
408 1971 11
1971 19806 28
1483 24837 107
24837 5903 29
24837 26655 84
24837 25874 91
24837 21391 92
1971 49548 131
993 4169 134
4169 13049 36
13049 19014 11
13049 2656 65
4169 30009 89
13049 22348 91
22348 43203 127
1971 11297 196
21391 30651 199
13049 30650 227
19014 36176 258
11606 22512 283
22512 15264 136
15264 20728 174
20728 46633 179
46633 32322 80
32322 25324 27
32322 26147 206
26147 30229 59
20601 25092 283
25092 34380 64
34380 8457 196
8457 37510 81
8457 47880 104
8457 3792 281
3792 34377 249
34377 27032 24
27032 35472 21
34377 13503 77
27032 32178 195
20868 25163 283
25163 8945 267
8945 35462 87
23413 26078 283
26078 28326 79
28326 6131 89
6131 4322 27
4322 4990 96
2012 29197 283
29197 41236 238
41236 6991 89
6991 21422 66
6991 24217 130
14873 29290 283
29290 29544 123
17551 29927 283
29927 37549 206
29735 29932 283
29932 18650 30
29932 47822 204
47822 28137 78
28137 13136 127
29932 18994 207
47822 30035 233
18994 11416 264
20468 32945 283
43640 36172 283
13481 36899 283
6366 38601 283
38601 32512 11
32512 15655 22
32512 46234 23
15655 32234 231
32234 6854 135
6854 3610 279
581 40168 283
23320 40462 283
22497 41400 283
41400 10119 185
5822 45252 283
45252 44507 116
44507 34887 234
34887 18354 179
18354 44759 184
44759 18533 192
18533 12706 118
12706 48924 183
18354 16214 225
16214 3275 19
3275 11981 91
11981 18958 165
16214 11862 238
3275 2480 261
12986 46128 283
44115 46513 283
46513 24368 160
15095 49276 283
49276 38905 1
49276 38203 255
21 80 284
636 357 284
5942 1883 284
1883 44230 33
1883 8337 102
8337 12312 99
8337 38071 140
38071 48210 177
48210 18091 163
1883 26297 222
26297 46497 82
46497 29528 54
29528 40938 1
18091 11490 259
1883 18485 265
18485 26338 1
26338 27808 103
26338 19639 115
19639 8330 89
8330 37192 90
8330 7067 95
7067 16956 75
16956 40224 89
7067 28127 102
40224 42580 102
28127 24203 133
18485 47413 160
47413 32479 38
32479 5147 46
5147 3613 93
3613 7010 31
3613 22798 36
3613 6752 121
22798 32149 130
7067 22074 168
22074 24218 65
18485 34049 171
19639 2072 173
37192 23021 230
8330 34843 233
34843 18824 182
18824 45286 84
37192 45330 233
45330 26429 132
26429 48382 73
48382 27793 65
27793 11092 13
27793 12364 155
26429 1726 205
12364 9769 227
9769 15695 170
15695 5065 69
5065 6564 30
6564 44042 78
15695 41977 97
23021 49771 235
49771 40657 78
40657 7302 78
7302 13545 92
13545 9190 93
13545 24073 125
24073 41287 96
41287 28107 97
7302 38848 138
38848 3403 164
9190 9563 186
38848 40447 188
28107 13547 209
13547 41685 85
13547 11985 199
11985 1628 163
11985 35407 164
13545 14338 217
14338 27333 186
13545 15240 219
15240 38752 177
38752 4526 114
4526 32700 60
4526 17177 68
32700 39461 85
39461 23138 48
23138 6390 15
6390 4740 99
17177 39023 101
39023 42298 43
39023 39560 134
39560 24841 96
24841 19302 109
6390 47597 151
23138 25401 172
32700 9761 186
9761 33356 165
33356 5614 78
9761 18629 213
19302 7190 216
7190 4627 38
4627 38694 24
38694 36758 30
4627 44439 82
44439 47699 155
7190 44101 156
7190 18698 211
18698 47099 89
47099 41260 203
41260 24173 167
24173 36402 68
36402 27727 124
27727 37788 121
37788 27616 70
27616 18305 151
9761 346 222
346 17492 18
346 14194 163
4526 49964 232
48382 15620 236
26429 23271 237
23271 3420 68
3420 35608 82
35608 40852 8
35608 25625 142
35608 30063 158
3420 5873 177
9761 49327 237
49327 1753 58
1753 942 61
49327 29436 93
1753 15307 138
15307 26996 2
26996 42677 62
42677 6841 46
42677 38183 94
38183 15419 100
15307 41728 102
942 872 143
1753 18168 151
18168 25538 152
40224 40488 238
32149 34796 242
47597 43353 247
18168 11763 252
11763 31594 68
11763 20241 96
942 10765 253
346 25998 254
37788 23962 256
23962 646 80
23962 40067 237
48382 38645 258
38645 42812 61
9190 7723 259
7723 33568 42
12364 4930 263
4930 33058 224
4740 42059 264
42059 23084 74
23084 35405 19
23084 46898 56
35405 37670 233
37670 11915 200
11915 8245 132
8245 38528 3
11915 19439 139
19439 41417 61
8245 6023 188
6023 17857 118
6023 12729 140
6023 8090 142
8090 35199 78
17857 10766 207
25998 30771 268
30771 48571 4
30771 40120 28
30063 23570 269
38752 46797 269
46797 45927 40
32700 13898 273
13898 29836 71
9563 485 274
43353 5990 276
38752 28196 277
35407 30836 280
41417 22395 281
22395 9560 154
22395 5547 192
9560 44263 243
44263 33126 26
44263 4220 102
4220 16435 8
4220 49786 128
44263 11096 132
11096 4645 87
44263 33038 137
33038 11510 112
11510 17674 62
49786 9596 164
9596 9792 20
9596 12693 76
12693 19285 65
4645 11050 205
11050 45795 13
9792 31525 241
4645 10003 242
10003 40419 93
31525 30129 252
45795 35869 283
25003 1902 284
1902 12435 118
12435 38758 73
38758 46059 70
38758 23786 95
23786 30949 102
23786 12303 134
12435 33239 197
46059 25040 249
25040 15180 221
15180 24581 93
15180 20802 165
20802 47280 63
47280 30884 42
30884 32993 156
30884 12617 234
25040 20108 237
20108 14701 142
14701 17648 55
17648 2523 52
2523 26278 186
26278 23045 105
23045 42084 136
42084 35518 175
14701 47604 199
12435 25000 262
2523 31618 269
31618 43681 41
43681 45256 92
45256 14466 120
14466 15770 75
43681 32368 242
31618 20338 265
20338 8470 145
8470 21705 142
21705 4507 83
4507 49583 88
49583 38074 108
8470 36752 171
20338 45627 173
45627 10352 195
10352 12413 120
12413 26882 9
26882 23689 22
12413 27979 52
26882 1958 137
1958 715 8
715 18033 22
1958 8934 103
10352 14566 144
27979 49782 176
49782 15600 116
10352 5385 189
5385 23660 50
5385 1375 61
5385 18129 73
1375 88 85
1375 33159 194
33159 20144 12
33159 30810 60
30810 20051 202
20051 36139 109
36139 6296 177
6296 5398 171
5398 33846 54
5398 6448 59
6448 26303 18
33846 30232 102
33846 13868 134
21705 4364 209
4364 3811 23
3811 1528 65
1528 14740 8
3811 5178 201
5178 47184 46
47184 21639 79
21639 45054 2
45054 44302 141
44302 201 100
44302 23179 133
201 82 138
82 218 44
218 10747 86
10747 17651 19
17651 34510 26
218 10094 88
218 10279 108
17651 38133 113
38133 20449 162
20449 16028 131
16028 34996 124
34996 15549 136
5178 46709 183
46709 2125 162
2125 9762 110
2125 22770 150
22770 20388 83
20388 29523 66
20388 35431 96
29523 6619 181
10747 31409 201
201 32712 211
2125 9194 216
4507 29704 217
26303 35826 217
715 3380 225
9194 22934 226
47184 34715 228
34715 19196 34
10352 24136 229
24136 42582 194
45627 22054 240
9194 44518 241
3380 5366 250
36752 41964 255
218 1168 256
1168 3121 236
5398 2234 261
2234 9907 173
9907 46991 124
9907 10913 157
18033 611 263
611 20358 77
611 26589 176
26589 30502 134
30502 10224 247
14466 222 270
222 125 5
125 8324 80
8324 38746 37
38746 21854 213
21854 13438 202
13438 7402 29
7402 9168 117
15180 10442 271
13868 7656 272
7656 8219 134
8219 34851 157
34851 7031 146
7656 8306 238
20449 14593 272
14593 10359 232
14593 26220 259
26220 7219 134
7219 2628 161
2628 2711 167
2711 1271 75
1271 18600 83
2711 10896 114
1271 1917 182
1917 26096 43
1917 11289 62
26096 32854 109
7219 40732 184
40732 28798 7
1917 22654 198
22654 38505 96
38505 19573 117
38505 33062 124
33062 10665 94
1271 33811 214
10896 29965 225
38505 44336 257
44336 9677 213
9677 2790 186
2790 2558 202
2558 2940 244
23660 21197 273
21197 21113 1
29704 42046 275
88 30341 276
222 37973 278
30810 3609 281
4098 2391 284
675 3235 284
3235 38223 6
3235 23365 54
23365 24786 63
38223 3394 172
46548 4494 284
4494 38416 151
38416 41560 52
41560 25536 3
41560 14039 93
4494 19237 175
4494 28961 182
41560 12385 204
12385 9090 98
19237 14197 206
25536 13011 216
13011 3299 56
3299 20105 75
13011 29834 178
29834 49619 62
19237 11789 227
11789 1327 73
1327 16463 1
1327 22343 64
11789 14389 140
11789 48333 149
48333 5402 182
1327 6968 185
14389 13945 195
22343 21939 234
21939 353 168
353 6556 84
6968 6670 243
6670 7675 168
6670 27107 227
27107 2852 192
2852 6496 71
2852 34906 141
2852 5663 208
5663 28020 66
28020 24358 38
28020 19549 57
5663 46605 103
46605 10400 29
19549 36761 215
36761 48080 106
10400 4172 224
4172 16055 36
16055 14625 49
7675 30118 236
30118 6811 107
6811 14452 58
38416 9522 255
9522 24554 177
353 3602 258
3602 9218 99
3602 15628 133
15628 7488 105
9218 31868 176
31868 13743 3
13743 15771 258
6811 15992 263
353 1686 267
9522 16859 275
15771 19515 275
14452 18914 277
5663 15070 278
15070 10327 41
9522 8310 280
8310 31487 222
31487 39146 201
39146 8420 177
14039 1345 282
19843 5946 284
5946 5170 13
5170 24689 202
24689 40437 89
40437 37571 197
27686 6457 284
6457 17100 36
6457 40070 76
14202 7945 284
3702 8305 284
8305 2102 212
24466 8342 284
8342 41698 17
41698 13012 208
8342 44528 209
44528 45337 133
8342 24489 221
24489 6382 7
8342 14973 262
45337 33906 279
33906 12732 95
33906 13084 126
33906 13185 188
13185 29091 187
12732 47632 207
47632 33518 210
33518 37180 112
33518 47627 177
37180 40090 210
29091 27797 229
47632 20842 239
47632 2016 244
2016 3588 232
3588 21332 150
21332 24404 25
21332 29247 38
21332 38459 84
33906 41879 255
33518 14592 278
14592 15283 150
15283 38181 140
38181 12394 117
12394 15902 41
12394 8260 80
8260 26371 74
26371 10734 98
15902 15201 124
15201 9416 116
9416 9192 43
15201 3169 135
3169 9867 3
9192 7506 149
3169 33075 158
33075 24066 91
8260 5775 178
14592 17819 188
33075 38379 211
15201 14635 265
14635 3914 7
3914 11909 135
14592 3409 267
3409 29707 6
29707 20362 136
20362 11253 55
11253 44843 177
3409 3294 203
20362 41081 279
41081 5853 217
5853 948 214
948 8810 211
41364 11667 284
1504 12622 284
45092 13901 284
13901 40731 166
40731 31192 116
31192 43137 183
14438 16738 284
31750 17563 284
17563 13035 277
13035 5696 180
13175 19004 284
19004 17891 144
17891 42914 58
42914 11276 16
17891 2612 256
11276 9620 263
9620 1733 144
1733 7645 55
2766 19509 284
19509 30269 241
1203 23682 284
7904 24101 284
29163 24477 284
2049 24788 284
13696 24953 284
24953 42796 2
24953 20052 102
24953 45865 136
45865 27016 88
27016 49516 62
49516 35382 56
35382 19388 83
20052 18045 175
19388 9641 179
9641 12041 95
9641 14923 142
12041 32604 171
32604 18500 29
18500 30713 169
20052 8577 195
18045 14204 198
8577 18855 225
19388 22245 232
12041 1827 277
1827 23185 7
1827 36173 76
1827 44735 120
44735 44530 184
44530 48759 210
23185 6038 262
23185 24515 262
35734 32261 284
16494 34689 284
16922 35450 284
35450 20691 245
1310 36276 284
25049 37173 284
5887 39600 284
15463 40193 284
40193 24219 60
29604 41847 284
48809 42431 284
27576 44807 284
21552 45856 284
49189 47313 284
21476 49608 284
49608 46422 250
10305 155 285
155 32979 73
155 34606 169
34606 5107 21
5107 12022 150
12022 6856 249
758 841 285
841 27337 80
841 11373 191
11373 32184 100
11373 39452 282
39452 44873 88
44873 23754 54
44873 46627 54
46627 44928 44
44873 17943 67
46627 28820 69
28820 2275 80
2275 16983 100
16983 8247 165
8247 1619 144
23754 44300 178
44300 45225 4
44300 28867 55
28867 26474 70
44300 15117 93
44928 49085 189
49085 35908 119
49085 47043 179
47043 2800 2
15117 31882 200
31882 40540 48
49085 40921 215
40921 39837 120
26474 25665 247
25665 13341 181
13341 31344 173
31344 19722 237
19722 272 218
272 231 35
231 11748 104
11748 48978 5
11748 24410 93
24410 24249 59
24410 5808 104
24249 41746 123
5808 37454 204
48978 16078 223
48978 7913 233
7913 4128 70
4128 39266 9
4128 21647 218
21647 2879 189
2879 11041 27
2879 13131 198
13131 17060 219
17060 42784 56
42784 7708 87
7708 48591 58
7708 13665 64
7708 11070 136
11070 35403 55
35403 21275 27
7708 41639 207
41639 47563 138
11041 23763 221
11041 26559 232
7708 5444 249
5444 2465 64
2465 10189 137
2465 39779 226
39779 46261 179
46261 45174 88
45174 20992 48
46261 29762 96
39779 35256 185
20992 15226 227
15226 16331 223
40540 22183 256
39266 20864 257
5808 35164 257
35908 41206 258
1619 3572 261
3572 40924 28
40924 9465 200
9465 13309 40
40924 43607 245
43607 41136 149
41136 17518 90
17518 12766 48
12766 35103 240
35103 11375 119
11375 9455 79
11375 28716 89
2275 4115 282
4115 4547 191
4115 48986 274
48986 31189 161
31189 13487 228
13487 34232 272
34232 47257 68
85 849 285
849 48705 5
849 41117 239
41117 36082 25
41117 47370 81
41117 12366 102
41117 47087 120
47087 34631 35
36082 309 140
309 4951 209
4951 22148 24
22148 20194 74
20194 6186 147
22148 22308 257
22308 678 40
22308 26596 101
678 31221 112
22308 12921 182
12921 19683 149
12921 35057 158
31221 24492 184
24492 8618 163
8618 2653 19
22308 11703 214
11703 10361 32
11703 31804 64
31804 18648 32
18648 29857 51
10361 34886 200
34886 17821 58
17821 44108 46
34886 26950 174
31804 7715 210
44108 22187 221
35057 26532 235
22308 22214 242
22214 47979 166
678 25551 265
44108 5797 276
5797 5144 50
5144 11339 79
5797 46772 116
5797 7546 150
7546 15498 32
15498 42450 3
15498 17680 44
42450 23129 55
7546 9158 185
9158 8511 194
8511 37197 77
8511 18843 85
37197 19055 99
19055 42764 119
8511 47229 188
47229 20534 155
15498 19927 219
19927 43404 36
43404 17892 82
5797 42253 222
23129 19995 233
43404 27873 239
27873 3794 119
3794 1074 51
46772 33210 248
33210 5848 10
5848 10171 170
11339 21507 250
21507 2698 202
2698 3517 209
3517 13502 74
2698 4766 279
4766 33915 258
33915 20981 148
25551 3521 280
3521 34286 181
3521 5539 209
5539 3218 25
3218 5709 118
5709 42448 89
5709 48796 97
42448 24514 122
24514 34315 116
5539 47701 240
47701 15274 71
15274 6914 35
6914 34291 46
6914 13688 107
15274 38916 123
13688 48671 131
48671 27878 182
27878 19663 236
5539 9160 244
9160 601 152
601 5242 115
5242 13208 35
13208 20952 49
13208 6335 87
6335 42704 59
42704 7259 99
7259 30707 68
30707 608 8
30707 20900 9
608 49071 76
6335 30855 121
601 2692 139
601 216 153
20952 2780 192
2780 12688 168
608 423 206
42704 39313 235
608 27022 240
27022 20225 179
20225 19460 11
20225 7642 14
7642 12635 113
19460 19326 170
30855 32497 266
34286 46571 273
30707 21167 278
21167 37757 191
37757 44441 104
37757 49278 127
49278 38453 105
38453 23485 70
23485 8031 59
37757 39338 147
8031 3682 162
49278 42917 221
216 40799 279
40799 47826 127
47826 484 245
484 6476 39
484 2429 57
6476 23859 113
23859 48254 94
48254 16364 278
19460 43179 280
43179 21832 247
21832 11440 36
11440 4261 14
4261 24301 2
24301 8042 32
8042 5136 15
5136 36702 24
11440 42622 145
11440 14518 185
4199 1707 285
1707 20113 86
1707 1795 171
1795 3094 13
3094 34618 182
30898 1817 285
1439 2188 285
2188 15881 224
3730 5133 285
5644 6676 285
6676 4390 200
4390 17958 147
17958 28175 218
28175 3282 18
28175 32955 27
32955 33281 35
28175 34839 36
3282 5466 87
28175 36860 161
33281 25095 162
25095 32521 133
32521 11540 15
11540 1786 48
1786 4773 61
4773 9716 77
4773 9846 85
32955 36810 197
1786 1607 221
32521 46153 222
46153 26526 219
4773 2396 239
11540 38064 259
2396 36356 262
36356 703 28
703 19151 113
703 8570 228
8570 2735 216
2735 3436 43
3436 33801 19
3436 40049 170
33801 12324 213
12324 33007 101
12324 664 125
12324 35997 179
35997 4756 32
4756 31833 76
4756 17890 101
4756 6333 134
4756 157 177
8570 24428 245
17890 26250 249
3282 3532 269
3532 2935 71
36860 1868 281
1868 12993 91
12993 18264 81
18264 41865 77
41865 36430 132
36430 18221 57
18221 49899 199
5768 7013 285
7013 27415 71
7013 11196 236
42332 7239 285
5980 7516 285
7516 24852 262
21699 7827 285
6032 9018 285
9018 40491 15
40491 1655 85
1655 4100 175
9018 30913 225
30913 32403 95
1560 9466 285
9466 11443 151
11443 17707 58
11443 36446 157
36446 4445 25
4445 33386 100
33386 48015 223
48015 25149 65
25149 22332 203
22332 19279 265
19279 22469 271
6038 9908 285
9908 28143 147
9908 25898 251
10040 10699 285
10699 15435 58
15435 18189 277
13193 11118 285
11118 40497 53
40497 15000 76
11118 16237 81
11118 6582 185
16237 6322 244
6322 30496 127
4782 12234 285
24192 14866 285
16632 18560 285
933 20530 285
20530 30216 214
10407 21835 285
1996 25997 285
14368 26292 285
26292 45143 87
26292 49864 266
19993 30464 285
19076 32517 285
13131 32600 285
36899 32857 285
15695 48341 285
48341 27087 5
48341 1790 69
1790 6108 91
6108 41797 183
1790 6071 255
6071 6814 65
6814 26233 45
6071 6258 85
13850 49183 285
49840 49486 285
49486 17963 50
1728 51 286
52 98 286
40203 2441 286
2441 25820 52
25820 26625 52
1481 3369 286
15550 5162 286
5162 14685 92
5162 18071 142
18071 21059 126
21059 42544 46
21059 49177 111
5162 3772 149
14685 6002 161
49177 24828 162
18071 45626 251
45626 23632 21
49177 48157 267
48157 40942 11
48157 14311 19
14311 14655 72
14655 29802 111
14655 3946 217
3946 33705 111
33705 12583 14
33705 46532 43
33705 5008 59
5008 48989 13
5008 35828 143
3946 22633 148
35828 37542 172
37542 27290 123
27290 48054 151
48054 41703 151
41703 27659 27
27659 35052 28
35828 17769 175
17769 31751 123
12583 18887 210
46532 41762 213
41762 18935 36
18935 8952 144
8952 9324 7
9324 30900 25
30900 49873 40
49873 47147 107
8952 31613 166
47147 42127 183
42127 3898 20
3898 2086 56
42127 32685 189
32685 7640 166
30900 16636 245
16636 20542 18
16636 4655 139
4655 786 212
786 7490 60
7490 35170 104
7490 18396 235
18396 40761 250
3898 46834 258
12583 8413 277
14655 45660 284
9383 5627 286
924 5745 286
5745 9451 253
9451 27017 156
27017 44622 70
27017 19859 133
19859 34129 108
5745 20270 276
20270 21582 62
21582 31580 155
31580 26267 21
26267 25203 71
25203 7564 43
26267 38285 96
25203 16437 230
16437 40740 28
16437 24096 46
24096 11991 144
24096 41331 158
7564 48465 253
48465 40588 59
48465 11354 213
11354 34498 47
11354 9293 151
9293 28312 93
28312 38067 86
38067 40614 66
9293 20099 110
20099 49407 8
20099 19298 89
49407 28086 241
20270 39103 254
40740 19217 257
19217 36916 64
36916 10732 110
10732 47948 18
10732 12240 135
10732 6115 170
6115 4534 139
4534 15761 27
15761 17986 98
12240 25668 183
25668 4935 22
4935 21758 63
21758 48797 100
36916 17991 206
17991 32904 9
17991 40199 14
21758 42569 216
17991 18499 219
18499 12049 55
21758 22779 231
32904 25635 240
25635 18898 176
15761 19635 265
34498 3355 274
49407 49979 278
6179 6987 286
6987 26440 146
6987 32109 201
32109 46249 145
46249 49191 48
46249 21029 55
49191 27521 93
27521 21004 158
27521 42182 159
32109 25232 176
25232 17634 93
17634 14663 19
14663 10563 144
21004 9515 190
14663 20768 196
21029 1066 198
46249 45459 208
45459 9276 121
26440 4235 236
4235 7674 41
7674 31169 169
31169 26667 140
26667 7310 39
4235 3776 269
3776 31915 5
3776 38469 120
3776 1847 196
1847 13706 38
1847 45360 213
38469 20555 263
20555 19677 43
19677 35033 60
19677 24672 126
19677 15760 187
24672 29970 258
7902 7887 286
204 8995 286
8995 27099 203
27099 28523 73
28523 35741 51
35741 29541 114
29541 1300 16
9516 9517 286
9517 42526 3
9517 26072 156
9517 32386 164
32386 44990 40
42526 21578 178
9517 17637 260
17637 29054 34
17637 43912 66
17637 17033 74
17033 2220 177
17033 831 199
831 35813 61
831 1200 176
2220 6246 206
6246 3301 80
2220 6690 255
6690 10215 66
10215 37805 42
6690 19892 84
19892 36811 85
6690 13754 101
36811 17688 110
37805 20878 113
20878 35035 115
19892 35281 212
35281 870 119
870 4750 97
4750 43697 6
43697 27011 5
4750 27550 83
4750 5491 112
43697 36773 119
35035 31566 241
31566 39809 151
4750 39115 261
39115 48643 215
39115 36073 240
35813 1799 267
831 8827 277
8827 40338 241
32386 5441 281
24477 10007 286
26547 10203 286
10203 3625 146
3625 38652 14
38652 25714 128
25714 14349 35
14349 5586 21
14349 17659 41
25714 31823 76
31823 17175 42
17175 37644 61
37644 44721 12
5586 26500 127
5586 5841 141
5841 47009 190
47009 23292 81
23292 17418 46
47009 44533 193
44533 47619 30
47619 43320 4
44533 11906 137
11906 18548 214
44721 39098 227
23292 39741 255
39741 13428 76
11906 2199 257
2199 23922 206
23922 3493 53
3493 8382 32
8382 19386 143
19386 30723 65
30723 6712 42
6712 48853 43
19386 6957 152
3493 27650 246
27650 34643 126
34643 23003 17
34643 6409 34
34643 28249 109
28249 44447 84
6409 11177 198
11177 49140 16
49140 29880 6
11177 22248 33
11177 10908 102
11177 21448 169
23003 40590 212
49140 42315 213
42315 14738 168
14738 26288 50
42315 17542 218
14738 33285 226
33285 19975 130
33285 43896 249
19386 6110 252
5841 10200 263
10200 38708 261
38708 38544 198
39098 321 265
47619 30894 270
25714 13664 278
3625 14637 278
14637 40261 230
14738 17628 279
17628 29824 271
3493 7224 281
7224 11296 197
25714 36747 283
36747 47176 34
5065 12035 286
12035 12470 102
12035 25039 118
25039 13359 63
12470 19814 146
21723 12125 286
12125 30753 156
38575 12691 286
22908 14563 286
14563 8060 162
8060 48722 92
5878 15016 286
24177 15123 286
15123 10091 213
18839 16123 286
260 16164 286
24702 17663 286
17663 26615 96
6929 17952 286
20362 18126 286
18126 21659 15
27637 19566 286
19566 7494 171
11253 19713 286
8013 23521 286
23521 30334 50
30334 42445 276
42445 1949 73
1949 49232 155
49232 30329 51
30329 10698 11
10698 3048 106
10698 49035 117
49232 35182 131
35182 6270 75
6270 21433 26
1949 1814 180
1814 44153 22
1814 2359 170
2359 3361 44
3361 43487 70
1814 46287 191
2359 33833 237
2359 43612 280
28852 23946 286
40820 28531 286
1528 31286 286
31286 28138 41
28138 47210 83
47210 38147 33
47210 42651 106
42651 15674 52
47210 19593 136
31286 32122 226
47210 19587 270
19587 21470 286
21470 28386 20
21470 3895 129
3895 10852 167
10852 22797 236
1067 33710 286
1751 36618 286
36618 44832 98
44832 8415 88
8415 11756 107
11756 7084 66
11756 20170 142
36618 20973 196
7084 6473 231
6473 4458 203
6473 30160 207
30160 29444 31
7084 24785 267
24785 18712 31
4458 35187 268
35187 32902 5
35187 40015 93
40015 39743 214
39743 35400 84
35400 47821 85
39743 7630 143
47821 6066 149
35400 49582 261
49582 27085 150
27085 34339 36
27085 3905 94
27085 24275 131
32506 38279 286
6281 42383 286
2918 42637 286
42637 29303 56
16780 42878 286
42878 43111 46
42878 45442 215
43111 11380 229
11380 48161 115
36358 45920 286
20569 46541 286
46541 45668 161
27576 47077 286
47077 15901 87
47077 29856 253
15901 5680 281
5680 8986 100
8986 2050 100
8986 10855 155
5680 9308 220
9308 21638 202
29291 49501 286
49501 37658 208
37658 17569 224
17569 38812 16
38812 17004 95
17004 33824 24
33824 40395 45
11 30 287
30 46223 82
46223 46644 145
30 3492 188
3492 11514 28
3492 32309 210
3492 1635 236
1635 17259 188
32309 21884 280
17259 40247 284
693 2128 287
2128 6572 144
6572 6680 51
6572 18418 197
18418 12108 54
18418 24112 257
24112 43274 164
43274 35723 130
43274 10213 154
10213 43876 166
30675 3336 287
3336 26505 227
23347 3762 287
3762 19888 152
3947 4210 287
5176 7518 287
7518 32266 21
7518 28351 30
7518 20163 66
7518 22576 142
7518 5506 143
5506 28761 157
28761 29881 149
32266 17292 162
28351 14757 167
14757 9772 132
17292 30739 201
29117 8050 287
8050 16508 280
16508 49597 109
7175 9002 287
12320 11362 287
11362 22742 159
11362 27368 199
27368 13044 185
13044 21034 105
27371 13494 287
13494 12464 37
13494 23855 127
23855 14014 1
12464 12116 156
12116 8717 119
12116 7137 156
7137 8969 90
8717 25867 185
25867 17654 269
12464 48057 273
48057 34759 181
34759 14653 208
14653 46656 139
46656 2197 78
46656 2564 266
2564 17 99
17 49006 226
49006 48395 182
48395 12038 202
12038 9767 88
12038 11772 179
11772 45149 35
11772 9182 87
49006 5047 276
13370 14323 287
3763 15213 287
15213 18860 44
18860 11999 170
15213 1688 196
1688 2166 113
2166 15386 31
1688 39839 176
2166 18701 254
32039 17818 287
23142 24739 287
3521 25213 287
25213 42083 255
42083 42638 80
42638 26290 218
26290 44429 143
26290 33736 186
44429 15574 220
15574 8083 136
8083 3073 58
3073 10646 117
10646 38216 54
8083 27591 173
33736 41312 240
8083 3937 265
3937 32579 107
3937 1664 197
28137 25266 287
25266 25356 144
25356 21454 260
49782 32983 287
9035 33872 287
11632 34909 287
34909 42591 120
42591 6831 25
6831 39629 51
34909 7183 211
6831 36550 221
36550 30489 80
36550 39954 88
34909 26718 228
6831 7953 254
12723 35159 287
35159 21836 246
17105 40373 287
40373 37908 112
37908 44775 85
44775 18904 77
13472 42090 287
22688 49265 287
49265 5791 59
5791 2354 82
2354 23538 135
12346 1180 288
27545 1567 288
5970 1822 288
1822 32704 52
3613 2385 288
16673 2624 288
2624 5480 24
2624 3106 135
3106 27170 28
3106 18980 154
2624 4964 187
4964 29271 59
29271 31975 98
31975 24457 126
24457 48432 71
4964 31433 180
29271 7962 206
4964 35747 206
4964 22393 212
22393 28838 98
28838 44100 148
28838 31024 196
31975 30265 214
27170 30044 218
28838 30469 222
7962 8953 223
27170 19038 269
19038 6256 7
19038 30766 44
6256 32073 87
32073 11962 7
32073 23908 96
19038 12934 180
12934 19313 69
19313 49119 115
49119 26679 120
26679 35624 81
49119 46019 166
46019 22673 162
26679 11953 170
23908 39959 240
22673 40068 273
40068 12905 227
12905 1298 183
1298 1496 80
1298 17953 137
17953 37635 121
37635 20892 135
17953 47661 191
47661 27197 96
27197 19257 77
47661 17914 158
40068 30130 237
1298 4633 248
3106 17106 277
17106 47002 8
48432 39585 280
39585 25717 66
25717 44747 127
44747 23795 187
23795 888 30
888 22056 181
22056 19401 7
19401 4688 93
4688 4726 46
4726 5436 208
5436 8508 116
23795 25168 223
25168 28666 99
22056 44866 249
44866 6868 127
6868 1132 246
1132 29912 27
1132 1823 43
1823 3954 193
1132 16813 202
1823 21841 240
21841 45855 213
45855 27273 1
27273 12391 181
27273 35078 226
16813 18415 241
3954 26594 246
44866 47846 260
47846 48059 143
48059 19191 5
19191 12372 236
12372 8192 274
4964 11805 286
24243 3313 288
3313 184 57
2841 3919 288
3919 12629 13
12629 8725 11
3919 14042 232
14042 16608 142
30898 4278 288
4278 707 134
707 8210 71
45527 4316 288
4316 36174 110
18383 7381 288
718 8064 288
17977 8816 288
8816 46952 20
46952 6257 146
6257 27357 143
27357 12498 58
8816 47403 153
46952 23838 245
23838 42072 90
23838 41100 176
42072 31588 225
31588 15049 179
23838 49882 266
6257 2533 268
15049 17241 268
31927 9055 288
9055 13333 195
9055 3459 248
3459 39768 119
18736 9523 288
1292 10353 288
5835 13152 288
13152 13518 218
33417 13655 288
13655 4587 156
4587 33565 149
4587 11447 210
4587 17545 234
13655 17549 279
17549 28128 2
28128 9096 182
9096 16213 76
16213 25617 61
9965 15112 288
19237 16027 288
6630 16926 288
16926 7459 86
7459 23740 86
23740 47626 170
23740 46875 244
23740 9114 262
9114 41267 263
41267 9074 126
9074 44897 34
41267 41180 212
41180 28283 77
28283 524 152
524 42977 186
42977 42334 114
42334 48469 1
42334 17118 10
42334 22102 59
22102 23089 137
23089 12219 63
12219 6962 6
6962 38139 17
17118 37657 141
22102 4422 182
4422 13718 57
13718 2099 68
38139 32078 200
41180 35447 212
35447 23745 41
524 4130 219
6962 23064 241
23064 27689 93
23064 10944 130
27689 15125 152
15125 17414 136
17414 45802 29
45802 32428 34
32428 9166 50
9166 653 57
32428 38239 84
17414 8541 97
653 14289 135
10944 5101 156
653 20954 176
17414 32890 181
32890 2296 85
2296 14255 40
32890 21463 90
21463 41551 42
41551 38797 42
21463 33537 142
27689 36685 184
653 114 187
114 1169 183
36685 47203 224
47203 540 170
540 7946 40
540 26102 69
4130 6526 245
10944 2752 246
2752 1846 234
1846 19577 115
23745 9851 250
9851 41524 239
41524 44674 63
44674 15024 5
44674 24425 162
27689 6903 251
2296 11511 252
23064 47992 256
1846 33947 265
42334 41763 266
41763 37306 94
41763 23643 212
41763 22037 216
653 36346 281
36346 11678 28
19577 15991 284
15991 27508 96
27508 20260 120
23404 17036 288
20128 18037 288
18037 17372 35
17372 42936 238
45904 20295 288
20295 41435 219
20295 29640 270
20295 2348 273
29948 21810 288
2610 23890 288
4166 24716 288
24716 23839 122
11669 24896 288
22719 28791 288
26328 29010 288
43904 31181 288
7475 32899 288
32899 6439 199
32899 1911 269
1911 33303 94
1911 13491 249
40312 33005 288
33005 1207 83
1207 3760 43
2514 35980 288
2611 37518 288
37518 33885 197
33885 10783 106
10783 16723 206
16723 14274 191
14274 49463 93
10783 5373 212
16723 3210 225
37518 28358 284
6019 40730 288
40730 6205 44
6205 19910 117
6205 37554 174
19910 49396 235
15309 40812 288
40812 21273 237
21273 35984 36
21273 44327 51
44327 23815 156
28874 42473 288
42473 16747 225
16747 20010 171
20010 29452 51
20010 6096 117
29452 5983 200
5983 40333 71
5983 12114 78
5983 37436 134
37436 39395 91
6096 20719 222
20719 27250 139
40333 24036 231
6096 7958 262
6096 20582 281
42061 46358 288
46358 2910 286
2910 5298 97
5298 16020 77
16020 48117 36
2910 14045 256
14045 23845 14
23845 22231 68
22231 24795 254
48117 44719 273
44719 15520 156
44719 2938 175
2938 37255 55
15520 15535 185
15520 29398 210
2967 48710 288
48710 43488 35
43488 48562 172
48710 14972 182
51 49130 288
32835 49291 288
49291 44178 111
49291 14754 147
14754 38585 19
14754 7235 111
7235 4452 175
4452 35820 32
35820 7363 182
14754 16719 274
46029 3411 289
3411 1135 257
1135 30364 4
1135 598 38
1135 28839 66
28839 19209 77
28839 27803 90
598 1104 129
1104 18686 88
30364 30409 139
598 1697 154
1697 8875 23
8875 22715 24
1697 28491 100
8875 1757 163
1757 7971 97
30364 23508 200
23508 34938 27
30409 49050 224
49050 37628 224
1757 30798 229
30798 12359 76
30798 24941 204
34938 35630 239
35630 40305 170
40305 40727 15
30409 23572 241
23572 23904 5
23904 48741 51
48741 16404 64
23904 22953 66
22953 7146 4
23904 29717 213
23572 39303 222
7146 38338 224
7146 4708 229
4708 31205 11
4708 34705 144
4708 31720 221
598 46135 245
7971 47140 248
47140 6510 103
34705 49155 274
35630 34220 276
34220 39618 9
19209 19905 287
19905 14231 252
14231 9731 217
2250 3423 289
20923 4418 289
4418 37590 27
4418 16689 45
4418 9478 126
4418 6963 231
9478 9691 240
2391 4878 289
15117 7550 289
7550 3889 1
3889 45511 121
45511 21473 194
21473 11486 46
21473 47333 228
7550 3816 266
3816 37246 227
37246 40209 173
37246 41922 228
41922 43515 15
3889 4143 272
4143 37371 181
8612 7802 289
32899 9341 289
9341 13887 68
9341 5289 192
5289 5277 130
13887 27389 226
10685 9805 289
9805 8712 48
35541 12360 289
15991 14086 289
18138 14771 289
14771 13588 135
693 15495 289
23291 15783 289
31984 17391 289
17391 18831 149
17391 8399 280
8399 9108 154
9108 13089 20
8399 46421 249
46421 2598 263
2598 2014 83
2598 38045 103
14990 17957 289
17957 8282 250
8282 936 121
22452 18316 289
18316 45171 84
45171 34485 15
18316 3796 200
3796 14513 175
34485 30563 236
8662 18410 289
18410 25233 72
25233 33558 166
33558 35091 19
35091 28745 30
33558 29472 96
29472 33287 103
29472 40264 108
40264 17328 20
33287 26155 120
17328 1547 182
1547 83 139
83 717 126
26155 18334 190
18334 2080 84
18334 24565 130
33558 24139 198
717 6755 200
6755 25901 70
1547 5844 224
5844 36177 118
2080 1661 225
1661 592 151
592 12349 10
12349 12597 53
12597 6942 131
6942 33611 160
33611 29624 104
33611 17480 129
17480 40982 125
40982 30763 45
40982 40222 162
40222 20224 143
12597 7395 170
7395 10681 69
10681 42213 38
42213 39228 158
39228 26494 53
26494 37177 161
37177 3395 34
3395 39979 42
3395 3617 105
40222 28192 171
592 385 186
385 14843 135
14843 27109 156
7395 29942 194
12349 31960 205
592 21715 221
35091 49611 244
592 1145 255
21715 4715 263
83 1120 264
1120 37811 25
37811 4254 135
29624 22201 266
39979 45018 267
39979 11265 278
11265 5217 34
11265 6456 100
5217 41423 145
41423 10975 42
41423 43548 42
43548 31976 200
6456 3686 213
6456 13859 228
13859 8925 53
8925 20317 260
20317 42015 157
42015 46816 143
46816 49715 166
17480 47713 278
6456 40176 287
40176 10206 104
10206 9788 39
10206 23476 198
10206 11244 253
11244 40808 10
11244 34884 141
34884 22845 95
22845 9684 145
9684 6172 258
6172 8136 57
8136 11450 168
11450 30584 64
6172 11882 171
11882 40854 116
6172 34856 180
6172 19438 283
19438 12536 68
12536 19691 110
19691 25950 1
19438 28582 203
28582 19580 166
19691 15063 214
15063 8800 223
6172 16107 287
16107 13963 267
13963 11114 188
11114 35278 204
27576 20540 289
16710 23305 289
7397 27095 289
33885 27447 289
45626 28079 289
37779 28269 289
28269 46611 161
46611 47834 285
28761 29345 289
26912 29488 289
26453 30456 289
40968 30629 289
30629 11729 15
11729 5888 34
11729 42082 53
5888 32461 68
5888 20383 246
20383 45597 278
45597 35048 111
35048 1488 119
35048 14180 177
14180 24569 35
1488 15791 195
1488 8949 222
8949 6828 56
6828 21635 35
6828 10095 46
10095 19103 141
47661 30790 289
3170 30864 289
19776 32710 289
1304 32787 289
32787 44779 35
44779 40127 17
15259 33687 289
33687 37090 91
37090 5073 30
33687 11498 236
11498 25207 226
25207 29711 90
25772 34753 289
3472 34773 289
19285 35121 289
6370 36420 289
11192 38086 289
37372 42861 289
42861 2033 19
2033 42924 141
42924 36404 79
450 43741 289
15323 46452 289
12678 48474 289
48474 33823 172
183 2312 290
2312 3736 143
9420 4309 290
243 4660 290
4660 1526 39
1526 1318 131
1526 29208 169
1526 24306 241
1526 15209 256
1526 47404 261
47404 14273 147
14273 1338 104
14273 39453 129
1338 20321 216
20321 38807 283
14227 6458 290
6458 9279 194
9279 9065 154
6458 41330 247
41330 38663 14
41330 46814 75
5046 8297 290
8297 32713 51
32713 29227 182
6498 8743 290
6016 10316 290
502 10575 290
10575 24033 209
24033 49831 85
49831 14302 62
14302 23931 244
2560 12459 290
361 15950 290
21298 16991 290
16991 15066 163
15066 23657 224
23657 1725 235
1725 44459 3
1725 13790 112
44459 23461 146
1725 2494 168
23657 6623 245
6623 30715 86
6623 5786 223
5786 47910 10
47910 48355 58
48355 30859 83
30859 13113 34
2494 2306 246
1725 746 252
8810 18737 290
27508 18880 290
18880 32317 95
18880 13582 99
18880 45842 158
45842 44593 156
18880 39938 191
13582 22923 234
22923 24271 153
44593 12392 255
12392 48423 40
18880 12009 259
12392 29935 263
29935 7155 185
7155 27565 187
27565 21312 149
21312 36847 36
29935 47249 208
47249 46125 76
29935 22436 244
21312 20552 259
20552 3173 163
3173 9660 64
9660 24890 37
3173 13313 253
13313 34765 215
34765 44304 75
46125 6167 264
6167 8460 5
8460 16971 68
22436 17843 268
48423 13014 277
13014 8768 18
13014 37671 44
37671 40423 51
13014 27462 143
8768 23358 191
23358 43384 130
8460 18143 287
18143 19048 69
19048 44730 107
44730 20764 31
20764 47638 177
8768 7845 289
7845 9348 135
9348 36224 205
9348 12752 231
12752 27776 205
27776 32965 109
27776 24588 252
17243 21179 290
30364 21756 290
21756 25680 287
25680 4337 16
25680 39092 25
39092 3971 133
39092 32396 150
25680 6461 183
6461 42850 69
6461 19331 103
19331 11272 37
11272 30337 83
42850 11931 132
11931 35966 150
35966 21246 44
21246 37574 19
35966 14830 73
4337 22320 186
14830 34490 194
4337 1571 214
32396 47106 241
47106 32978 43
21246 37744 269
467 25270 290
25270 32622 168
32622 42470 115
42470 46619 10
42470 41925 30
25270 1002 177
1002 6710 17
1002 279 89
6710 15967 109
279 27482 126
6710 17402 130
279 13589 194
13589 18838 48
27482 34460 210
17402 29712 250
17402 44257 277
44257 31375 210
31375 11245 167
11245 438 269
438 5403 127
438 43722 154
6710 18817 283
20108 26119 290
26119 6045 174
6045 250 217
250 195 141
250 24052 172
24052 7498 247
7498 17135 59
7498 891 206
891 49172 84
26119 19444 262
19444 1460 9
1460 1152 98
1460 22806 241
891 104 280
104 122 16
122 17217 23
104 509 36
509 4307 21
104 990 54
4307 16246 80
16246 33244 36
16246 39200 47
509 1743 96
33244 30049 100
30049 27413 32
27413 31010 18
30049 17639 86
30049 35911 101
35911 15351 85
15351 11104 19
15351 26459 39
26459 19253 83
122 10214 108
35911 31444 154
104 1371 155
1371 30470 39
30470 19164 6
30470 36832 97
1371 8630 154
8630 4578 83
4578 7230 84
7230 26773 42
31010 3888 168
3888 10312 135
31444 38356 183
38356 42439 93
15351 19920 191
19920 29376 6
8630 33190 192
4307 5262 210
17217 29609 225
31010 23294 226
23294 6308 57
6308 26942 69
6308 12662 88
12662 15824 67
15824 5937 152
5937 34915 156
34915 38032 9
15824 34023 195
34023 42113 71
42113 6059 74
6059 10336 183
27413 15927 231
36832 31631 242
31631 8677 76
19920 12596 253
12596 25202 178
19253 15370 271
3888 32282 274
19164 27457 282
122 149 283
10312 35738 285
35738 45394 87
1460 43887 289
12129 27936 290
27936 2834 245
2834 3271 41
3271 28245 130
28245 46043 7
28245 46093 43
46093 33031 80
46093 12699 159
46043 20487 191
46043 10802 208
3271 5233 247
46093 18834 271
3550 28562 290
28562 42566 157
44957 29138 290
36932 29250 290
1521 29457 290
29457 34123 97
29457 19860 168
19860 16126 150
29457 37143 175
37143 29708 71
29708 12062 224
12062 2123 112
2123 1091 36
1091 2749 97
2749 8958 21
1091 12704 193
2749 49086 251
1091 9026 263
9026 31918 137
31918 47046 249
47046 35929 139
35929 49777 176
16126 38405 274
38405 45315 57
45315 31217 90
45315 47678 259
8958 23595 280
23595 20987 145
38405 28960 289
28960 41811 55
41811 24385 169
24385 17385 34
36361 29815 290
29815 5384 236
5384 22499 149
5384 11352 256
16790 30527 290
24279 31051 290
106 32285 290
32285 27822 60
8944 32329 290
29779 34794 290
34794 7969 174
7969 14985 39
14985 21567 7
14985 8856 121
8856 42690 167
14985 4837 192
21567 21556 217
27621 37237 290
11787 37650 290
37650 49266 15
37650 36377 46
37650 43587 49
49266 15137 217
15137 6981 147
6981 18209 82
18209 20472 31
43587 9574 253
15137 16054 274
16054 43475 40
43587 19153 284
17977 41161 290
26072 43869 290
4941 44014 290
3413 45244 290
33586 48386 290
48386 8135 284
8135 11138 24
8135 4461 263
4461 1236 194
8135 26394 278
28943 317 291
317 163 216
163 1115 4
163 6604 14
1115 25290 201
25290 24441 87
6604 27203 237
2558 1383 291
5009 4049 291
7065 4296 291
7494 4428 291
4428 2264 267
2264 41103 106
41103 25223 135
25223 47386 121
1481 5054 291
518 5877 291
5877 29801 54
16463 6084 291
6084 8542 64
6084 18853 149
18853 4820 150
4820 3935 76
3935 37561 41
4820 6888 112
6888 38261 163
4820 13183 166
13183 12213 92
12213 18570 159
18570 7595 181
7595 28537 90
28537 23375 108
23375 3474 68
3474 1363 7
1363 45876 30
45876 30251 39
1363 7534 175
7534 32080 156
28537 30929 210
18853 26587 212
6888 26634 257
6084 13527 288
13527 1147 3
1147 45358 175
13527 39150 213
45358 46901 238
46901 4856 2
4856 18660 89
18660 11284 258
11284 45186 235
1147 29263 287
29263 19340 108
1984 6609 291
6609 25648 176
32952 6692 291
6692 14236 269
44343 9072 291
9072 6160 53
9072 1450 205
1450 22668 142
22668 29900 107
29900 28027 46
29900 43807 163
28027 43392 184
6160 31954 220
31954 24861 204
24861 31289 76
31289 15306 108
31289 47778 125
6160 1739 222
1739 1960 222
1960 3347 25
1960 31906 184
1450 3280 224
1739 27640 224
27640 23906 167
23906 1114 25
27640 29720 167
24861 43302 226
28027 32658 249
22668 47524 262
47524 37557 241
31954 23902 290
23902 42197 66
42197 22911 13
23902 25346 119
25346 28717 214
23902 44734 231
42197 33439 259
44734 44794 262
14053 9372 291
2660 10006 291
10006 18160 137
18160 42771 160
42771 44592 183
18160 16772 236
16772 12611 279
12611 7264 25
12611 27871 188
17609 10902 291
10902 18481 63
38566 13080 291
13080 23053 110
40230 13829 291
32373 14084 291
14084 30666 74
30666 17538 92
7364 14920 291
14920 21812 114
45920 15142 291
15142 16148 50
15142 2155 126
16148 4843 193
4843 766 41
766 951 179
4843 5072 198
5072 28140 231
28140 32327 57
28140 32541 114
28140 25760 181
32327 35284 201
35284 18083 99
5072 24453 250
951 1698 267
1698 47259 63
1698 4555 102
4555 36543 70
4555 25695 78
1698 44372 104
47259 33494 106
33494 31635 141
1698 14271 223
5072 36748 281
36748 30335 77
30335 16153 251
16153 2002 98
2002 46343 239
30335 25945 256
25945 36388 12
25945 45863 31
25945 47270 226
47270 28102 195
2002 2024 265
30335 32233 282
32327 49785 283
44372 18336 285
46343 39214 290
39214 18456 155
18456 10910 27
18456 26358 58
10910 39136 162
39136 20500 36
39136 38949 64
20500 22076 84
22076 23607 156
10910 21703 171
21703 25701 174
18456 5152 209
5152 46313 156
20500 10317 219
10317 4609 134
4609 4546 122
4546 5465 34
5152 21852 239
21852 33840 115
33840 37625 3
26358 22438 263
22438 48374 79
22438 26520 132
21852 45356 278
45356 14191 91
14191 15091 105
15091 23913 123
45356 571 231
571 4454 288
23021 15227 291
39579 15409 291
15409 665 16
665 224 150
224 17772 29
17772 31829 167
17772 6830 190
35049 15639 291
6487 18130 291
40995 21820 291
21820 27443 1
27443 35037 23
27443 45080 83
35037 7876 147
7876 17514 104
17514 37623 129
7876 10630 131
10630 20257 6
20257 15745 165
7876 6199 214
36346 22256 291
22256 16931 165
22256 26421 187
9558 22549 291
33472 25028 291
47280 27831 291
2790 28844 291
38448 29751 291
31378 29973 291
29973 42246 176
42246 11048 232
32608 32894 291
32894 13934 128
48618 34038 291
34038 26953 147
32196 35832 291
1937 35862 291
26158 36621 291
4446 36845 291
16114 38123 291
38123 16340 85
7595 38201 291
38201 13212 266
13212 17694 16
8426 38367 291
38367 7817 8
3905 40288 291
3644 40603 291
39601 41175 291
49282 41216 291
41216 49328 34
49328 6345 76
49328 3198 91
3198 4743 77
4743 14596 61
3198 2000 270
2000 10369 94
10369 38153 11
38153 8204 115
2000 17048 116
2000 8604 151
8604 8643 211
8643 19147 77
19147 31518 46
8643 45040 112
8604 28706 224
19147 34639 282
8604 8838 291
37032 42996 291
449 44252 291
14983 48742 291
30021 49113 291
47493 49299 291
49299 10109 109
49299 29766 140
29766 14228 47
14228 15279 115
10109 2675 148
2675 26451 121
2675 14770 137
14770 48287 215
10396 1269 292
1269 206 143
206 48434 148
48434 14571 52
14571 12208 48
12208 28815 66
48434 17342 178
206 12247 230
12247 31013 90
12247 34094 263
3807 1896 292
1896 22919 205
1896 12202 245
4176 2187 292
2187 29039 39
4801 2295 292
2295 49504 128
49504 31586 38
49504 25761 78
25761 29681 38
31586 5205 100
5205 470 35
470 1932 122
1932 4580 25
29681 9239 263
9239 18643 39
9239 7337 175
18643 35339 202
35339 38976 56
40015 2428 292
20546 2728 292
2728 24719 195
10503 4279 292
17748 4335 292
4335 12119 244
12119 34170 43
753 4653 292
4653 26739 80
4653 16223 108
4653 39902 184
39902 11109 181
4653 13791 252
13791 25123 144
43039 4967 292
1298 8363 292
11048 10242 292
16424 12207 292
12207 1239 115
1239 18644 217
21628 16666 292
16666 41768 141
16666 4280 206
49407 16969 292
3320 20391 292
13719 21037 292
40345 21817 292
18785 24209 292
24209 42221 143
24209 5617 182
5617 4937 148
5617 22736 172
22736 34120 221
34120 32209 87
32209 41372 77
22736 3479 286
3479 4449 33
4449 1740 110
17869 25840 292
44590 29264 292
29264 2289 71
29264 35116 141
2289 7790 153
29264 24053 262
24053 36968 59
88 31959 292
31959 43644 91
43644 33111 7
1141 32466 292
41762 32871 292
32871 4567 188
4567 29365 26
4567 2344 96
2344 42028 254
29365 11293 276
14213 34299 292
34299 36272 184
36272 35304 126
36272 49295 177
49295 17970 284
18339 34360 292
34360 12505 172
12505 27980 243
27980 25908 213
25908 26240 56
25908 25263 169
25263 26124 245
12505 39525 291
48258 35019 292
35019 36048 7
36048 7719 173
35019 16411 199
16411 9185 164
9185 29591 36
7719 20372 204
20372 11302 7
20372 33606 10
20372 1319 50
1319 21910 85
36048 39326 222
16411 13767 278
49155 35145 292
35145 45773 274
45773 32371 261
30308 35220 292
7137 35300 292
10398 35677 292
35677 16679 278
16679 46556 47
21338 35829 292
35829 36942 23
35829 36411 289
25175 35836 292
35836 13700 177
13700 803 158
803 3455 177
3455 22678 107
3455 3627 164
3627 27288 135
27288 5568 142
803 1978 250
1978 3135 6
3135 30843 63
30843 42389 85
42389 3854 134
3854 16821 3
3135 8760 150
8760 30258 203
30258 45796 108
30258 48900 142
45796 24398 202
24398 23496 26
23496 33488 226
33488 33258 120
1978 35812 277
35812 18176 130
22678 38825 283
23089 36505 292
21231 36723 292
3135 37762 292
37762 49098 242
49098 29786 40
29786 3000 81
3000 11067 125
11067 35636 93
49098 37097 186
11067 12772 212
12772 14465 187
29786 17714 227
34709 38420 292
9880 40077 292
40077 46637 137
18944 41744 292
41744 31880 207
31880 1324 62
1324 300 25
1324 49473 125
300 5360 130
5360 15977 29
300 21431 226
21431 35417 84
35417 15248 2
15248 8465 72
8465 7116 79
7116 26489 70
26489 30856 10
30856 18225 77
18225 48256 65
21431 44031 84
7116 21055 96
21055 15094 27
15094 12950 60
15094 7321 150
7321 21984 47
7116 36898 164
15248 32527 197
18225 21643 236
12950 23748 264
23748 5598 141
5598 42286 56
15094 15179 268
15179 37038 36
37038 36576 16
37038 7365 20
37038 26999 58
7365 5422 104
26999 6810 236
6810 2811 216
2811 32399 281
16020 41921 292
41921 44809 150
1593 42031 292
42031 27477 3
27477 41739 283
23860 42930 292
46267 43953 292
43953 13947 260
43953 20760 268
30068 44804 292
44804 9747 113
44804 17315 169
17315 3446 174
3446 27149 65
3446 12484 239
9747 11750 245
11750 1760 3
11750 13755 19
11750 14680 82
1760 37191 93
37191 39365 185
39365 27848 151
11750 22334 192
37191 47049 197
3446 4873 256
4873 31239 144
1760 2367 260
2367 33348 27
33348 38714 170
31239 16298 282
16298 39881 237
13755 38813 284
38813 31530 87
38813 45483 185
45483 43641 149
38813 45741 251
44239 45836 292
16680 45972 292
22121 47832 292
47832 23624 198
23624 28011 138
23624 31173 157
47832 28134 198
28134 27268 123
27268 6326 71
28134 13078 251
13078 17884 272
17884 19398 61
19398 32788 75
19398 11558 151
11558 29669 67
11558 8262 116
29669 14162 247
6326 38597 274
17884 15971 292
15971 18782 176
18782 514 6
514 639 139
639 4101 4
639 37076 17
37076 15671 35
639 19958 46
4101 49575 96
49575 22525 54
22525 23245 107
4101 28426 114
19958 22981 125
28426 43716 146
43716 44576 54
37076 15516 157
15516 28483 87
15516 39276 228
39276 3729 52
39276 9266 57
9266 17552 56
9266 23780 61
28426 11075 233
44576 9840 242
9840 34208 100
34208 929 81
34208 43177 124
43177 11924 43
43177 11464 71
11464 13408 60
43177 12649 109
43177 19273 173
19273 6277 184
11464 15511 194
15511 40634 76
34208 36098 201
11924 35579 210
35579 44684 32
44684 20513 69
36098 35287 219
23245 13464 265
13464 30137 114
13464 33692 122
15971 1643 277
15971 41496 286
41496 7582 56
41496 28432 181
28432 2159 96
2159 20175 127
7582 39137 209
7582 45993 210
28432 12865 215
7582 7309 257
7309 1721 176
1721 11764 16
7309 29295 231
1721 32575 260
32575 34188 116
32575 13162 226
13162 39757 61
39757 11194 82
11194 24085 178
11194 2229 246
2229 3456 36
3456 13290 51
13290 32028 179
2229 1257 206
1257 4649 22
4649 37061 89
37061 20506 57
20506 7191 90
7191 47139 37
37061 23011 135
24085 32599 267
2159 16767 273
16767 22790 4
16767 31048 66
31048 19348 64
31048 28891 193
16767 18214 207
12865 46031 285
19697 48941 292
48941 29362 228
48941 44699 259
44699 29499 86
44699 9315 142
9315 4736 214
4736 8194 285
44699 49108 285
49108 32966 151
44699 42647 290
32445 49843 292
49843 48814 244
27517 3598 293
604 3821 293
3821 46949 94
46949 36667 62
46949 15057 149
15057 8599 53
3821 16724 154
8599 15918 204
15918 18725 45
15918 44504 124
15918 12782 177
12782 30720 215
36667 20195 216
20195 39935 14
20195 861 96
39935 10738 168
16724 16798 222
16798 36784 1
36784 49912 102
16798 29320 134
36784 2990 181
2990 10721 36
30720 10695 234
12782 49301 259
181 3938 293
19390 4430 293
18031 5652 293
5652 1926 135
5652 19083 136
19083 21083 85
5652 20185 291
20185 46544 52
20185 20830 238
20830 1398 291
17948 8863 293
8863 8671 37
45635 9784 293
8379 12574 293
441 12868 293
10690 13277 293
13277 12212 68
13277 29378 282
29378 46035 58
29378 33291 108
29378 9582 277
6571 13747 293
13747 6857 184
6857 4640 81
4640 22898 68
22898 7000 146
6857 20156 211
7000 21012 230
20156 35996 247
4640 18385 268
40862 14514 293
14514 7875 51
7875 17910 3
7875 15196 28
7875 37528 206
37528 737 59
737 40667 147
737 28214 230
28214 15514 134
28214 36910 247
28214 38301 291
38301 22918 214
22918 46788 5
22918 11355 23
46788 48628 135
48628 23588 201
23588 32499 51
19513 15047 293
40063 15828 293
15828 29983 24
15828 32477 128
15828 40804 261
40804 40680 290
40680 27456 190
1744 19356 293
47184 19357 293
19357 13551 20
487 20652 293
20652 22542 179
46368 22859 293
22859 26261 216
26261 43402 33
4458 24574 293
3436 26580 293
26580 33598 234
48908 27698 293
2031 27707 293
27707 22403 20
16152 27708 293
23514 28594 293
24965 29186 293
29186 7255 206
7255 40322 1
7255 6523 21
7255 15332 111
15332 20539 42
20539 34405 87
34405 15490 51
15490 20369 2
15490 30560 117
30560 49126 125
7255 9298 237
9298 17896 105
9298 33227 106
17896 7631 205
7631 36336 199
6619 29691 293
29691 29341 2
29341 1983 4
1983 21538 124
21538 39524 113
39524 30277 68
29691 30038 137
29691 40582 193
30277 2756 258
2756 46352 178
2756 27723 211
27723 11064 102
11064 38182 104
11064 43988 130
2756 39199 290
39199 8130 86
8130 22224 13
22224 23411 59
22224 36060 110
8130 24447 277
14128 30591 293
30591 34122 1
2446 32101 293
4061 35474 293
26738 35958 293
35958 38355 21
22509 36598 293
12805 37072 293
41760 39660 293
14642 39661 293
39661 41153 227
41153 4869 208
41153 23526 227
23526 43125 45
43125 39196 13
43125 9312 23
9312 6293 12
9312 26943 52
39196 40294 57
23526 8689 69
39196 388 90
388 1031 12
1031 6192 36
1031 49074 134
40294 19568 162
6192 44774 195
19568 24461 214
1031 7860 222
7860 14683 22
7860 44200 126
41153 3356 262
23526 42178 289
42178 40737 146
40737 46802 191
46802 25872 152
46802 24081 241
40737 29329 285
25872 49514 291
21836 40075 293
6811 43431 293
28540 45176 293
8312 47883 293
2169 49567 293
1413 1888 294
777 2904 294
15824 4558 294
4558 852 113
852 1083 261
852 6129 273
24280 5370 294
5370 12545 161
12545 14800 70
14800 37800 79
37800 20222 52
12545 19629 155
19629 43672 20
14800 34808 156
34808 35614 178
5370 13591 195
13591 1821 79
13591 20039 98
19629 21970 239
21970 39844 215
21473 7164 294
7164 44667 236
1426 7895 294
7895 15885 237
15885 3984 115
3984 396 90
396 4847 25
396 12866 25
12866 3339 114
396 6588 145
12866 19309 171
396 35457 205
7895 39987 263
396 14515 275
35457 4690 293
396 5251 293
5251 34353 37
34353 10258 124
10258 5684 51
12406 11638 294
11638 1869 258
1869 23976 93
23976 10172 287
37721 12211 294
12211 1440 266
1440 24392 210
1246 13251 294
17337 13989 294
13989 18449 73
18449 9571 71
9571 19126 200
9571 9832 263
9832 27809 63
27809 40589 50
27809 29905 162
40589 23465 209
23465 17447 5
23465 8067 50
8067 35715 107
17447 37411 167
37411 24897 183
17447 811 212
811 47328 102
47328 30695 43
47328 6853 83
811 30747 218
18449 41126 276
811 378 278
378 44989 95
44989 41690 41
44989 6703 59
6703 10683 30
378 42759 119
42759 27613 228
27613 21441 125
23465 25727 281
25727 13613 202
346 14945 294
14945 17842 46
17842 42346 32
42346 28530 128
3965 16019 294
41864 16700 294
16700 8244 53
8244 5496 154
5496 23924 35
5496 31712 113
5496 3273 140
3273 5815 71
16700 26463 214
5815 10499 220
10499 39675 159
8244 17540 244
17540 46321 187
8244 29034 266
29034 8781 67
8781 2314 223
2314 27678 77
27678 49845 42
27678 38523 84
2314 21828 93
21828 1809 35
1809 14813 51
49845 28879 132
38523 31105 140
1809 19878 167
49845 10798 199
10798 5559 90
10798 40306 156
1809 28944 221
28944 28865 189
29034 30602 245
30602 36263 189
14813 22737 259
19878 45584 288
28879 34400 291
34400 35264 269
35264 14209 213
14209 13182 186
13182 49641 15
13182 42338 171
49641 33450 268
42338 19610 281
49641 38276 282
38276 14473 51
14473 37490 76
38276 33996 103
33996 37055 131
37055 9399 93
9399 35456 103
37055 42025 178
9399 3534 264
3534 15572 66
15572 18067 80
18067 9364 90
3534 26004 99
9364 33392 130
33392 43765 31
43765 29664 87
29664 16051 57
16051 35071 7
29664 32628 59
9364 14725 173
14725 14801 16
14725 16000 110
9364 10085 175
10085 12937 222
12937 10733 11
10733 31473 196
14801 8368 273
8368 19482 13
19482 5571 59
43765 45047 275
45047 20805 178
20805 5852 45
33996 14997 280
14997 6581 112
6581 4906 137
4906 35303 131
35303 8200 147
8200 10603 118
10603 10395 91
35303 19634 161
19634 22232 7
8200 20924 226
22232 23666 229
20924 11324 240
20924 45894 283
45894 46917 186
45894 24161 266
24161 24179 44
24161 25975 66
24161 32738 258
17816 18337 294
18337 36556 206
18337 46732 277
46732 16073 135
16073 28261 200
16073 14929 254
14929 19792 120
19792 31664 101
31664 49986 89
46732 7944 285
7944 8239 276
8239 36125 61
36125 39950 84
36125 42933 208
42933 12492 201
42933 15683 287
15683 46940 92
46940 47831 266
47831 8397 47
24066 18588 294
18588 1729 195
1729 40710 132
1729 8193 219
8193 3239 238
18588 49897 260
3451 20211 294
20211 6718 201
26779 20265 294
13826 21365 294
21365 23900 163
31393 21972 294
12371 22057 294
3577 22409 294
22409 26584 221
26584 11749 12
11749 44411 8
11749 23734 111
23734 41663 43
23734 24805 258
24805 35353 36
24805 5371 131
5371 34343 26
26059 23555 294
6919 24638 294
24638 5660 51
5660 17762 125
17762 36369 218
36369 8461 172
8461 34846 225
34846 15970 191
5660 47291 292
48357 25376 294
25376 47458 153
11244 25477 294
25477 39129 89
39129 16497 17
39129 47420 35
16497 31241 40
39129 21486 88
21486 3731 138
31241 24789 156
39129 31450 217
31450 15772 43
15772 42860 91
15772 2878 102
2878 1899 157
1899 152 122
1899 48400 129
15772 33324 187
33324 23050 253
33324 34494 283
7768 26775 294
26775 40190 162
40190 10562 98
40973 26957 294
26957 28931 44
26957 23244 67
26957 42258 73
23244 1745 127
1745 20229 20
20229 25381 85
1745 9952 162
26957 35798 228
35798 49187 44
35798 1385 67
1385 19897 114
19897 20718 77
35798 35965 196
1385 27090 216
27090 3693 111
3693 40183 95
20718 28986 223
28986 30643 144
3693 2058 229
2058 19783 5
2058 16892 75
16892 4384 94
4384 29351 5
4384 18199 103
18199 15475 76
4384 7995 132
18199 26565 141
26565 36821 19
7995 3467 154
3467 4245 126
4245 33420 101
7995 40381 155
16892 31953 178
33420 36171 229
36171 6338 126
35798 9425 244
36821 45549 249
45549 17076 78
17076 47698 103
45549 42496 122
1745 46912 250
33420 3200 253
25381 34016 258
34016 519 65
519 885 86
885 3105 18
3105 23621 28
519 10703 175
10703 34978 225
885 16092 234
30643 31034 260
31034 31036 11
31034 7332 38
7332 20186 88
7332 2325 189
7332 17929 246
17929 7843 233
7843 12050 82
9952 36620 262
17929 874 265
874 11267 125
11267 13070 49
13070 37680 94
37680 42711 128
42711 28693 166
11267 14012 174
14012 5795 102
5795 6411 178
6411 23163 111
11267 8613 220
28693 26378 224
37680 8928 229
8928 10370 65
8928 6044 73
6044 31490 42
8928 40214 82
10370 31541 112
10370 34311 209
34311 44728 170
34311 8540 171
874 34972 243
6044 45024 248
45024 21471 43
11267 20786 264
8540 37359 264
37359 33171 69
33171 17995 110
40381 22600 266
22600 24082 114
16092 30751 276
20186 20640 287
6044 8097 288
8097 20021 86
20021 29807 154
8097 11476 214
874 32452 288
32452 25676 51
20640 34525 288
34525 2305 252
2305 5806 36
5806 12816 1
2325 26412 291
32125 28003 294
28003 37627 164
28003 26335 197
3244 28246 294
28246 46717 125
34232 29105 294
29105 20661 72
20661 38375 132
38375 26835 194
29105 47276 224
3358 29491 294
10740 31264 294
31264 45006 235
45006 18401 25
18401 11546 46
18401 40356 62
40356 24045 125
24045 42588 14
8987 32341 294
32341 23286 70
32341 12248 91
23286 12589 127
12589 4079 170
23286 42790 184
4079 36400 281
36400 33796 9
36400 43163 102
8616 35377 294
201 36537 294
42367 37053 294
20048 38443 294
38443 23247 16
40377 39097 294
425 39847 294
559 43182 294
43182 32283 113
43182 12256 289
12256 40998 155
4312 44472 294
45635 48686 294
22473 48998 294
17933 49164 294
41797 478 295
478 1644 160
1869 1175 295
1175 4780 14
1175 28124 140
4780 38056 245
5217 1344 295
1344 3191 86
3191 43200 169
43200 22139 113
22139 31361 148
31361 15422 88
1344 8043 172
22139 727 267
727 3650 51
727 8976 61
8976 48205 46
727 8852 140
8852 33964 82
33964 41269 87
41269 46054 106
8976 10535 200
727 30891 241
727 4495 264
4495 27227 132
27227 21934 138
21934 36112 82
4495 8303 190
8303 20784 168
20784 48932 164
48932 26244 22
26244 8937 3
26244 29243 113
29243 14902 215
48932 36909 237
48932 23193 272
23193 23475 98
23475 43347 27
23475 33551 51
23193 11932 255
11932 9673 105
11932 42437 166
11932 1654 167
1654 44025 11
44025 36628 11
36628 18778 151
1654 9672 231
36628 32169 233
32169 49240 188
32169 16181 235
16181 12448 4
12448 15521 3
12448 30853 84
660 1638 295
1638 47156 93
2144 8417 295
8417 3770 156
3770 30376 40
30376 14011 186
14011 36347 104
3770 39968 283
18980 12056 295
12056 10688 196
10688 19592 232
19592 25472 40
19592 13385 47
25472 32377 137
19592 26046 174
32377 25759 233
26046 13955 265
25472 40718 289
938 13077 295
14172 14586 295
993 14810 295
1427 14910 295
7813 15842 295
15842 25542 99
15842 35487 218
35487 28529 216
28529 44399 211
15842 10041 249
25542 21389 254
21389 9668 3
44399 9429 283
9668 7247 288
23138 16086 295
16086 10331 114
10331 27044 32
10331 426 41
426 46567 269
46567 44790 170
44790 44133 208
16086 19528 271
19528 21867 112
3479 17566 295
17566 48712 66
17566 28860 180
48712 29421 180
17566 34160 181
28860 25141 190
25141 8549 203
8549 18363 26
18363 36247 1
36247 10647 11
10647 36414 110
18363 29385 139
29385 44563 44
29385 26442 108
29385 46066 161
10647 14387 198
48712 8699 216
8699 44460 211
36414 22922 258
25141 5716 282
8549 10393 284
10393 23272 32
10393 10950 49
10950 45754 40
10950 16136 135
16136 6946 215
45754 7749 226
16136 48754 243
29126 20061 295
28427 20894 295
4967 21402 295
21402 31542 101
21402 22146 232
22146 22581 165
16255 21615 295
21615 48799 219
7418 22188 295
22188 47450 234
47450 26166 7
22188 44581 260
22188 4267 282
4267 7627 35
7627 5307 172
5307 28379 81
28379 32519 17
28379 40838 117
7627 6386 213
6386 35699 19
6386 3019 168
3019 20244 158
20244 29012 17
28379 14431 267
28379 18890 267
18890 17111 31
17111 38765 50
17111 9437 225
9437 34575 251
34575 25155 10
14431 37861 283
22188 40449 291
34160 23542 295
23542 12434 139
43998 23785 295
23785 2020 136
2020 13692 200
13692 19074 241
19074 31768 19
4117 26087 295
26087 5442 105
5442 33237 29
33237 43051 163
5442 22848 224
10011 27028 295
22948 27278 295
27278 39198 26
39198 23367 61
39198 39702 93
23367 21303 109
21303 120 104
120 37723 198
120 3006 218
3006 17194 39
17194 36049 106
17194 46220 143
46220 9241 171
9241 12146 58
39198 10272 220
10272 29684 113
29684 32561 9
29684 7338 121
120 12057 254
3006 3979 263
3979 14161 265
29684 38867 294
28419 27709 295
27709 23893 169
27709 17159 215
23893 7666 284
7666 15335 163
7666 14253 247
14253 6812 164
6812 38054 103
38054 49429 27
38054 19689 65
14020 27920 295
15472 28563 295
28563 42857 120
42857 47669 96
29862 29210 295
29210 43209 233
45463 29273 295
12016 29584 295
16834 29968 295
108 30178 295
30178 9982 115
9982 1523 87
1523 7485 11
1523 11219 76
11219 37210 17
30178 45398 173
11219 35237 209
35237 46601 87
35237 32443 204
32443 8429 30
8429 39180 11
39180 8017 205
30178 49599 227
49599 18578 25
32443 30382 241
30382 21904 106
21904 14399 146
37210 7466 259
7466 38102 206
38102 38975 67
38102 41365 159
38102 27182 226
38102 35007 239
38975 19537 241
19537 42775 208
42775 30885 163
30885 33787 1
30885 2699 174
2699 14151 1
2699 33198 38
2699 40456 91
2699 29597 96
33198 16250 174
16250 27369 91
16250 3907 177
3907 26001 136
26001 42632 101
14151 3378 181
33198 23409 203
23409 21566 199
21566 37919 22
3378 11032 211
40456 36475 227
36475 19642 49
19642 303 21
19642 9318 167
9318 34562 36
34562 38842 102
42632 45105 227
45105 14036 196
14036 13895 28
13895 16376 9
16376 18370 121
3907 41966 248
41966 46831 228
41966 42870 238
18370 26447 249
26447 32505 56
26447 41736 72
41736 5382 232
38975 27388 250
27388 8688 91
8688 6383 78
27388 30473 170
26001 43471 250
16376 1716 265
1716 24452 163
35237 2241 283
2241 2845 213
2845 3186 9
2845 6098 96
6098 44749 83
44749 13483 118
44749 5987 269
5987 27734 113
27734 46748 41
6867 31045 295
23084 31706 295
31706 44212 62
44212 25743 205
25743 22302 214
22302 16417 21
16417 29212 44
16417 31414 165
31414 19363 100
29212 42794 247
29935 32319 295
39933 32558 295
80 33776 295
24311 34641 295
34641 27651 12
34641 5341 117
34641 10480 278
10632 34814 295
25477 35130 295
35130 20914 160
20914 2496 153
2496 8703 84
8703 15909 145
2496 11401 162
11401 36595 58
2496 46825 222
46825 46496 141
46496 5956 226
15909 22620 267
22620 35580 131
22620 40679 219
46496 1936 277
1936 9350 39
15909 21419 280
21419 25309 215
25309 46860 60
46860 44120 58
25309 6850 121
6850 7584 163
46860 3283 284
3283 18367 66
46917 35871 295
35871 29473 153
35871 44448 166
44448 11659 250
11659 29080 126
35871 20143 261
20143 39164 76
39164 42216 12
42216 44457 162
44457 14298 165
14298 30043 128
8986 36286 295
11669 37021 295
37021 41467 199
37021 33385 219
33385 26192 97
26192 20933 60
20933 36019 55
5069 38175 295
21106 39787 295
39787 25649 112
39787 4151 188
4151 3184 162
3184 3838 227
3838 48974 51
3838 18187 197
18187 28204 169
18187 14457 284
14457 2053 250
4151 16066 291
7640 40585 295
40585 31561 30
31561 30779 87
32764 41480 295
10440 42307 295
42307 38814 214
38814 18591 184
927 43480 295
1826 44121 295
44121 33252 13
7506 45000 295
34713 45190 295
38397 46174 295
25551 46715 295
46715 31064 31
31064 22453 125
10240 47655 295
12903 47796 295
47796 41514 256
47796 47444 272
35966 48495 295
25242 49762 295
26020 1873 296
1873 34151 181
34151 45896 205
1873 16934 214
1873 16258 246
1903 3684 296
32151 4874 296
4874 37672 8
4874 3666 185
13243 8756 296
8756 16010 91
16010 22365 142
22541 9659 296
1645 10387 296
10387 9155 279
9155 23167 134
23167 11955 184
11955 17968 98
23167 30330 275
23244 14215 296
14215 34087 114
31627 17459 296
17459 26112 252
26112 30984 129
26112 30811 280
6005 17993 296
42596 18563 296
2749 19919 296
18342 21819 296
18588 23545 296
42121 23569 296
21321 23709 296
10171 24433 296
42439 25018 296
25018 17815 287
17815 38724 27
17815 27899 78
27899 44081 29
15435 25567 296
25567 12548 8
12548 5901 63
25567 46954 129
46954 26909 159
25567 10826 234
10826 28117 46
28117 44249 160
44249 39126 27
39126 44885 119
44885 31142 156
31142 44785 68
39126 15116 165
15116 1259 163
1259 917 5
917 2402 79
2402 9647 7
2402 16640 29
16640 41284 19
9647 46510 78
16640 23080 88
44785 38606 208
38606 1586 90
38606 46013 199
16640 7115 235
7115 12899 97
12899 16163 43
1259 9375 245
9375 46380 19
10826 48559 264
7115 264 274
264 25641 53
264 32154 177
25641 14326 258
14326 1023 11
49044 26190 296
4338 27244 296
27244 18210 114
27244 37645 118
18210 20647 295
4556 30052 296
14727 30432 296
30432 34164 128
30432 27838 148
27838 46804 163
46804 25732 4
14128 31363 296
31363 35083 224
35083 13601 99
13601 46160 177
46160 17110 9
46160 17801 41
17110 15586 83
15586 39518 63
15586 6544 73
17110 32804 95
17801 35150 145
17801 27328 176
13601 15895 213
15895 14828 69
14828 10936 101
46160 37334 238
14828 22432 258
133 33581 296
23769 37807 296
31653 37828 296
15670 38802 296
4231 40746 296
40746 39896 186
13014 41030 296
718 41223 296
41223 18389 188
18389 48734 88
18389 26819 196
26819 20672 132
20672 35340 95
26819 15312 267
39577 42758 296
42758 1391 3
42758 36386 166
36386 11062 63
42758 36005 205
36005 18314 172
18314 27430 75
18314 47414 101
27430 9359 171
9359 4669 195
4669 15059 104
15059 37825 47
37825 974 101
974 48714 82
18314 16347 201
16347 15837 41
16347 37119 187
37119 27896 20
48714 25562 201
18314 30089 209
30089 13911 153
47414 18169 223
4669 15582 239
15582 41731 113
41731 41614 232
1391 21382 254
974 546 259
546 33612 63
546 4919 92
4919 18335 24
18335 15458 238
15458 20734 226
4669 1965 265
1965 12743 172
12743 28982 218
28982 29069 214
29069 37000 129
29069 47102 257
47102 2004 213
2004 22928 167
48714 1352 267
1352 922 98
922 48777 65
48777 21011 7
1352 4346 129
1352 6589 142
4346 8281 171
8281 36285 78
21011 31936 171
31936 14001 108
1352 14398 224
14398 45518 80
45518 38317 222
21011 3671 231
38317 23177 235
23177 44639 239
8281 10265 242
6589 28342 252
16347 20810 271
10265 21318 271
45518 2104 280
2104 48268 11
2104 47501 145
47501 29181 117
47501 5060 137
48268 42956 201
29181 41992 243
41992 27985 101
27985 48672 40
41992 22939 156
22939 41770 75
27985 6638 207
6638 27394 70
6638 34927 151
27394 41530 180
41530 7818 182
546 516 283
41530 33088 286
17891 44116 296
44116 27226 93
27226 40239 84
27226 12226 175
6047 44325 296
44325 7238 55
7238 29286 7
29286 33202 163
33202 15960 267
15960 1433 104
15960 314 120
1433 1079 123
1079 13783 58
1079 4034 189
314 39 290
39 12653 169
12653 46443 13
46443 16505 115
16505 4840 273
29286 34125 296
26358 44681 296
44681 17485 72
44681 1882 103
1882 34569 10
6145 44970 296
44970 26491 144
27633 45123 296
37350 45513 296
45513 27498 100
27498 8236 128
8236 48290 43
45513 27186 179
48290 15835 295
8429 47117 296
1894 47187 296
47187 5287 296
5287 14628 246
14628 41794 82
11102 48836 296
11306 56 297
56 3126 27
3126 5458 20
3126 15468 59
15468 19602 69
3126 41552 96
56 32094 184
32094 20807 20
20807 16324 72
16324 2115 4
19602 36153 222
36153 47830 224
47830 8369 149
56 6305 231
3126 42395 235
15468 18412 243
20807 40574 243
36153 39278 247
39278 41219 234
6305 49412 249
40574 42181 250
19602 25971 257
16324 8299 288
56 15 290
15 21071 94
21071 14676 81
15 38960 165
14676 5932 199
15 59 219
59 33 106
33 134 95
134 18549 73
18549 33418 84
33 599 97
599 8939 10
599 40770 93
40770 27652 78
40770 19733 196
599 2697 208
2697 20090 139
2697 1762 147
1762 45733 208
21071 11341 235
15 10144 244
11341 27849 275
38318 1355 297
1355 12814 8
12814 20930 12
12814 47549 62
20930 12604 235
12604 26329 285
26329 132 247
132 14820 42
132 13956 121
132 11617 149
132 118 180
14820 169 184
169 1072 64
1072 12873 14
1072 29771 121
1072 4887 128
4887 6331 69
6331 37390 53
118 27416 190
132 46384 217
13956 37453 218
169 403 246
12873 35795 261
35795 27897 88
35795 49405 115
27897 46833 252
169 1727 276
1727 3281 138
1727 43258 200
3281 12855 206
12855 24523 68
24523 4697 13
12855 29254 118
29254 7670 43
1727 14257 260
37453 10301 278
10301 29665 38
10301 10221 224
10221 35105 82
10221 10811 145
10221 10077 182
29665 27093 255
27093 41993 28
27093 18487 130
41993 33708 195
33708 17386 186
17386 15694 17
17386 6801 54
6801 40148 57
15694 11584 86
11584 18804 90
11584 32470 128
15694 22841 163
22841 40321 98
40321 18064 157
18064 6550 207
41993 9487 218
9487 7702 16
9487 45595 60
10301 44615 258
7702 35334 276
27897 13203 282
13203 45281 13
13203 16569 192
16569 34939 109
13203 4602 207
16569 16365 208
16365 4762 215
4762 11202 238
11202 41294 43
41294 42254 183
46833 37106 295
10624 1668 297
1740 1796 297
1796 11093 282
538 2045 297
23291 2505 297
2505 4127 66
4127 43715 135
43715 18849 221
18849 49460 153
49460 29943 79
49460 28832 151
28832 1992 81
1992 26674 50
26674 10722 149
29943 39296 155
29943 46877 200
2505 2944 243
2944 9646 80
2944 30973 138
10722 35860 267
35860 43773 90
43773 40498 49
27983 3166 297
38173 4336 297
4336 32864 184
32864 38557 48
4336 18376 264
32864 28259 273
122 4618 297
4618 8989 221
8989 22486 144
22486 22016 85
8450 5898 297
5898 12243 84
5898 14872 226
14872 32657 231
32657 27309 197
27309 24873 1
27309 37731 212
27309 14415 274
14415 22412 30
22412 10595 167
14415 40988 266
40988 38968 13
40988 27560 166
39395 6864 297
2918 7074 297
21300 8993 297
8993 9699 91
9699 36323 5
36323 32651 131
36323 28232 152
8993 43854 229
36323 11746 291
15725 9682 297
29604 9835 297
39630 12736 297
12736 36995 205
38014 12769 297
12769 6592 110
12769 31000 134
3294 14472 297
34064 14690 297
14690 29100 284
24681 16309 297
47 17307 297
17307 21572 22
11380 18807 297
21743 19802 297
19802 30378 207
30378 30210 86
30210 33569 4
30210 49570 292
17009 20230 297
865 20273 297
13943 22764 297
22764 33874 9
8064 23148 297
23148 19226 21
19226 16388 109
19226 49293 122
49293 18581 28
16388 15803 137
15803 37952 33
49293 16629 152
49293 32116 188
32116 48538 33
48538 2828 90
32116 28737 140
28737 12275 59
28737 33279 61
33279 16863 19
12275 6062 117
2828 33784 198
33784 27346 42
12275 49109 198
49109 11455 5
11455 29931 48
11455 16465 106
29931 23471 158
11455 29673 194
29673 44881 86
44881 41988 80
33784 5413 207
5413 27356 67
5413 2357 189
37952 37051 218
37051 48334 154
16465 7700 224
7700 18375 31
7700 36577 172
16863 47109 251
37051 45031 280
37051 30615 282
33784 29169 290
3892 23582 297
23582 31822 294
17833 23816 297
23816 18032 37
18032 26446 201
26446 25912 140
25912 20352 11
25912 28022 14
25912 32884 162
18811 25002 297
25002 7251 147
21887 26347 297
26347 45871 25
44116 26766 297
3297 27832 297
689 27999 297
27999 3646 275
15524 30218 297
3744 30693 297
30693 22195 162
22195 32774 37
22195 6852 257
6852 16545 68
16545 27135 100
27135 43898 241
4338 31538 297
20466 31710 297
31710 13838 146
26919 32438 297
38549 36208 297
11090 36843 297
16603 40570 297
49514 45346 297
15614 47069 297
48001 47489 297
47489 37311 210
29849 49308 297
49308 24547 220
2487 60 298
60 8075 109
1399 3913 298
3913 4252 189
4252 15189 122
3913 10600 192
3913 25459 285
27022 4213 298
47081 5168 298
20598 7451 298
7451 6389 137
6389 11923 87
11923 19856 249
19856 46597 159
17412 9205 298
9205 41463 14
41463 31942 121
31942 17692 120
17692 14501 19
9205 9128 170
31942 6935 190
6935 25181 136
31942 49529 203
49529 12203 139
9128 45694 248
45694 31263 255
31263 8998 256
1414 10160 298
48032 10196 298
10196 2706 280
2706 24939 76
2706 531 256
531 817 163
817 8315 19
817 30010 61
30010 47849 249
2289 10550 298
10550 26210 22
10550 36023 58
26210 23459 227
23459 1584 244
1584 2249 33
1584 23492 97
1584 1718 247
23492 32338 259
32338 48291 88
2249 34822 279
34822 38583 132
38583 39718 195
39718 38231 169
34822 17584 237
17584 43894 294
34251 11650 298
11650 41505 110
41505 39117 18
41505 18112 56
18112 48670 132
48670 13319 73
18112 41802 158
39117 46301 183
46301 29424 162
29424 1099 19
1099 22625 160
22625 21893 164
39117 36088 203
18112 10682 211
36088 21549 247
21549 39233 163
13319 26639 248
26639 49669 130
49669 19908 204
19908 47098 141
21549 44194 257
44194 1945 104
1945 16602 2
16602 17204 177
17204 17822 70
17822 30928 31
30928 42295 167
1945 6283 216
1945 10615 222
10615 48146 139
48146 47017 138
44194 21503 258
21503 26841 115
26841 2110 50
2110 18871 126
21503 7793 271
7793 3005 76
3005 21879 1
3005 1349 78
7793 27086 107
27086 40885 143
1349 36793 157
40885 45243 209
1349 672 221
672 12431 19
12431 42062 106
672 2431 157
2431 40379 91
40379 15510 186
15510 4363 3
4363 26017 72
672 798 189
798 1828 151
1828 39969 8
39969 44532 66
44532 14104 176
14104 30963 8
30963 44094 90
2431 11291 238
39969 33876 238
33876 18479 258
2431 27930 278
27930 35816 100
33876 24741 283
24741 13032 143
13032 11504 15
9692 12169 298
12169 20030 112
11362 12450 298
4278 12682 298
32424 12753 298
12753 27143 103
4736 16835 298
10854 17049 298
17049 11636 82
14038 27211 298
39445 29382 298
29382 45517 265
45517 7948 153
26698 29508 298
22459 30355 298
30355 28813 181
28813 31888 39
28813 15798 112
15798 16486 13
30355 7386 251
16486 711 265
28813 25159 274
711 2330 291
12627 31599 298
2263 35167 298
5074 37023 298
14683 38018 298
4146 38895 298
4708 39975 298
39975 28882 79
39975 25974 108
25974 40394 234
39975 17827 279
28882 14094 284
14094 44505 149
44505 22500 197
3792 41618 298
41618 27452 281
27452 38894 168
11809 41835 298
9457 42489 298
42489 25462 16
25462 5722 114
5722 6889 19
5722 8227 90
8227 9346 116
9346 12774 139
12774 30581 99
9346 40757 297
47626 43108 298
11003 43915 298
43915 44173 171
44173 23797 153
23797 26205 60
23797 33343 211
33343 16312 199
16312 10523 228
10523 1853 124
1853 10455 70
1853 29753 185
1853 36271 238
36271 1674 32
1674 684 213
684 1247 44
1247 37008 119
37008 43056 225
16312 43604 244
1853 5353 258
5353 21649 29
5353 19278 160
6947 45825 298
9679 46391 298
46391 29006 225
1283 2054 299
2054 31088 67
31088 22632 39
22632 23772 4
2054 49975 113
49975 22328 123
22328 22444 207
22444 22621 35
2054 46007 211
46007 15411 29
31088 16762 252
16762 43372 218
22328 23486 263
49975 41026 275
22632 35478 289
2054 3558 291
40973 2141 299
2141 2183 224
2183 18207 35
18207 49520 173
18207 20232 205
20232 48841 214
2141 6134 284
6134 41766 185
6442 3439 299
3439 12968 82
12968 24389 81
12968 35863 188
35863 15089 141
15089 39712 143
15089 13441 168
6223 3831 299
20110 7051 299
7051 40365 191
40365 43862 66
6692 8045 299
6427 8767 299
15639 9520 299
9520 37431 78
37431 22043 210
22043 28696 79
9520 2534 296
2534 2108 188
2534 37914 255
37914 47240 180
2534 8779 280
40775 9693 299
782 10573 299
32419 11785 299
11785 17582 43
17582 47683 98
11785 25034 107
17582 49530 238
49530 2613 7
49530 36428 67
36428 34820 136
34820 35282 96
2613 28720 277
28720 7625 97
7625 6635 76
28720 5821 261
5821 25052 196
25052 1841 148
1841 22282 198
22282 18001 137
22282 30571 165
30571 33465 215
25052 39942 281
34820 892 287
3333 11837 299
11570 12171 299
39087 14921 299
14921 26598 190
26598 21785 286
21785 30446 82
21785 22655 180
21785 18430 224
18430 35752 71
18430 46428 141
1828 15030 299
10006 15278 299
15278 17585 65
15278 25403 173
25403 45211 261
45211 49094 53
25426 18464 299
13718 19339 299
8031 19407 299
19407 16334 143
16334 18178 6
18178 20835 189
37436 19675 299
19675 21822 248
21822 45455 181
19675 12684 278
12684 18550 51
18550 20936 156
20936 38738 107
12684 14044 157
12684 11875 211
20936 42511 236
42511 17516 216
17516 42009 233
42009 17277 23
17277 11136 29
11136 6664 124
17277 43086 208
43086 29113 110
43086 3174 265
3174 37430 170
29113 36523 265
36523 34598 42
34598 8914 189
8914 7119 110
7119 8153 20
7119 38743 20
7119 4379 196
4379 23109 89
36523 32062 217
32062 1909 52
1909 8270 204
8270 10236 2
8270 22066 173
7119 46027 231
36523 14886 232
46027 32699 246
32699 14341 235
14341 14677 66
14677 18386 81
18386 26944 180
22066 19649 251
6664 48056 267
48056 6302 64
6302 25948 34
38743 11292 279
11292 30388 123
11292 7667 236
7667 26659 154
26659 27700 223
27700 45283 161
45283 22189 73
22189 21219 185
21219 2594 280
2594 44253 154
18550 43799 284
8153 31480 287
11292 1787 290
1787 7271 255
7271 13674 205
18386 27080 296
49837 21490 299
21490 29698 280
20208 22535 299
396 22590 299
39618 23034 299
23034 20788 135
23034 23774 269
42126 23458 299
23458 10351 50
10351 38659 78
10351 17758 91
17758 28756 68
23458 1323 128
1323 5923 78
5923 8483 33
1323 2008 141
2008 11935 70
11935 17599 12
11935 27561 90
27561 22052 31
27561 10017 40
5923 16532 172
22052 34901 186
34901 33635 83
17758 36544 212
36544 9950 19
36544 3707 145
36544 45313 159
36544 37307 179
3707 24643 181
24643 39344 167
28756 16300 217
9950 25816 231
25816 44621 136
36544 48134 231
24643 31043 238
33635 19731 261
19731 8134 227
8134 40448 213
40448 49884 7
49884 5713 67
5713 8598 210
40448 23877 237
8134 48769 240
48769 49246 17
48769 31966 170
5713 31607 261
5713 11557 269
11557 42653 81
42653 39628 270
10017 2247 274
2247 769 274
769 5919 191
769 32106 219
28756 33516 278
33516 31876 65
33516 16779 279
10017 44589 280
10351 27794 283
27794 36736 6
27794 25130 39
19731 20809 284
49246 47101 287
6038 25007 299
4473 25634 299
25634 34228 46
34228 26707 118
26707 32796 51
26707 9960 163
10878 26322 299
26322 27559 293
26322 18920 298
18920 38725 30
12828 27645 299
27645 9991 73
9991 5100 228
33234 27661 299
27661 12983 272
27661 35367 274
402 27747 299
27747 28322 76
28322 24050 86
24050 17863 23
39225 27862 299
14910 32000 299
25792 32414 299
32414 39573 215
32414 6727 234
6727 806 62
6727 15631 133
6727 38271 204
15631 11231 210
11231 17104 16
11231 32588 25
11231 44950 45
44950 34131 58
806 17321 216
15631 15667 251
806 43767 259
34131 47507 264
806 343 267
343 320 118
320 4191 132
4191 5557 123
5557 31257 57
320 27180 145
4191 45201 182
45201 40565 27
45201 37887 136
31257 35234 223
45201 40115 242
37887 29627 248
343 20797 266
20797 16112 155
320 41162 294
320 696 295
696 2425 124
29681 33268 299
14676 35041 299
14733 35821 299
35821 17783 174
17783 25596 124
25596 18705 101
17783 36095 246
25596 23757 257
33341 38680 299
38680 41951 122
41951 43003 73
43003 39019 86
39019 19036 33
41951 10102 109
10102 16165 66
19036 36931 164
41951 5189 182
5189 22802 26
5189 9113 103
19036 27588 204
5189 31775 228
31775 12656 138
12656 42950 94
12656 38485 176
38680 8040 246
8040 18724 13
18724 881 34
881 43018 101
36931 18719 262
48146 38790 299
31354 39550 299
11373 40487 299
39004 41775 299
34330 45185 299
45185 18946 173
45185 7566 244
14929 45710 299
18275 46763 299
385 328 300
328 3840 152
3840 14763 108
3840 25464 182
14763 35604 259
35604 36768 138
14763 44488 260
44488 6882 31
6882 41950 81
328 19 293
19 39531 93
39531 45857 52
39531 20685 88
20685 23263 92
45857 41342 194
41342 27908 140
27908 18266 127
20685 29686 207
29686 28428 225
28428 1311 24
41342 4491 241
4491 6486 200
6486 575 204
575 3315 152
3315 26978 75
19 48123 255
48123 4439 207
20685 26159 260
28428 11702 277
11702 199 36
199 27701 27
27701 1356 29
1356 610 7
27701 39663 115
27701 37986 163
610 6790 257
3315 15800 289
39663 37684 291
3840 46182 296
46182 37308 160
37308 8901 84
8901 5037 47
5037 48074 9
5037 41566 168
48074 15509 193
46182 34003 209
34003 205 37
205 198 87
198 49339 93
198 1037 149
198 1150 158
34003 33416 184
205 45581 199
45581 3367 100
3367 16037 66
3367 26382 79
26382 36887 158
36887 19037 188
33416 13444 214
13444 41285 93
13444 49434 168
49434 43889 51
43889 39925 133
205 41281 231
43889 17430 242
39925 38564 253
38564 18155 224
36887 29863 261
5037 7306 274
7306 2646 31
2646 27128 206
27128 7005 81
7005 14545 91
7005 42457 109
14545 33616 125
14545 11489 153
11489 42533 82
7005 45062 175
42533 36087 238
36087 19111 44
19111 25179 109
36087 34741 137
7005 41955 267
18155 11085 274
11085 34436 54
11085 5494 205
34436 37809 216
5494 22315 229
198 1689 278
1689 38472 44
1689 19389 83
1689 21626 91
19389 31874 180
31874 1064 48
31874 720 84
720 3847 133
31874 47712 167
31874 39598 168
1689 2887 203
2887 13871 58
2887 9963 118
9963 32064 71
32064 7838 136
7838 289 143
289 20838 146
13871 47090 254
47090 32020 113
47090 27780 145
27780 13073 145
13073 27391 192
38472 49455 263
21626 7327 280
7327 19820 157
7327 19167 238
19820 32688 251
32688 39467 274
39467 30430 45
39467 44468 129
44468 26217 147
26217 21885 14
39467 32216 219
32216 1009 86
1009 26169 16
26169 36507 109
32216 49921 138
1009 27835 155
1009 14067 170
1009 3761 226
3761 26471 42
26169 28938 228
31874 26063 285
289 70 286
70 511 137
511 3703 138
3703 10838 50
511 19120 197
19120 33009 252
33009 27461 138
27461 48992 219
48992 30159 22
48992 20979 94
14067 15417 286
41285 12796 290
12796 9418 51
9418 19809 24
19809 3227 87
3227 23324 118
23324 31713 183
9418 1999 226
1999 5120 238
5120 45348 102
32064 20517 294
20517 49559 298
49559 47082 145
2382 552 300
552 11793 213
552 16656 280
1664 614 300
614 3692 119
614 4938 201
3692 13367 224
4938 33615 266
8236 1351 300
1351 42552 95
42552 8403 84
1351 3337 108
3337 1212 94
1212 1136 67
1212 1583 87
1351 3346 144
3346 21596 5
3346 8669 47
3346 37640 143
1351 15399 156
21596 25430 156
25430 30125 104
1212 27815 160
27815 41174 120
1351 12135 178
21596 9748 220
9748 14751 6
14751 18513 52
18513 3162 84
14751 34785 214
3162 33272 221
33272 30849 80
33272 42989 133
42989 45462 37
42989 30995 38
42989 43266 164
30995 23882 182
1212 25137 270
25137 44345 81
47906 1576 300
1576 1137 11
1137 2763 80
1576 24174 94
1576 6142 101
1576 48190 199
48190 37383 177
1137 27622 247
27622 28679 208
2763 24976 254
24976 47062 17
1576 28823 278
28823 36727 51
36727 28060 19
28060 32996 6
28060 14554 73
28060 9743 226
9743 27681 163
9743 40323 282
6142 27496 284
46601 2475 300
2475 38965 37
2475 1272 140
1272 42925 13
1272 11207 83
11207 17218 67
1272 2064 167
2064 22465 65
22465 12668 107
12668 35154 116
35154 35989 13
1272 8434 279
8434 16843 142
16843 24908 100
2064 3267 280
3267 32241 58
8434 9023 284
9023 38288 38
38288 30057 113
30057 1204 92
1204 5655 42
5655 34444 81
34444 37942 30
34444 10540 76
1204 15182 173
15182 24742 102
38288 43006 207
43006 47190 14
43006 17462 219
17462 21564 39
5655 45798 229
24742 24317 250
24317 16440 213
32954 5390 300
5390 2390 163
2390 9869 51
9869 1979 17
1979 24063 9
1979 26920 122
1979 2087 128
1979 28302 138
5390 20986 294
38825 6931 300
1157 6975 300
6975 40561 85
29246 7288 300
7288 12578 187
20341 10421 300
16991 10519 300
10519 8719 164
8719 8248 236
8719 29812 262
1946 11714 300
3625 12466 300
12466 13566 53
12466 17454 211
42221 13112 300
12583 13267 300
13267 33860 13
32899 13877 300
7768 14370 300
8598 15673 300
17304 16870 300
16870 4084 109
16870 1018 201
16870 43642 283
28892 18080 300
241 19650 300
26446 19747 300
19747 37344 44
19747 6901 54
6901 29251 47
6901 47757 122
47757 37652 111
37652 27061 2
29251 9280 144
9280 44893 156
44893 20862 160
20862 21297 31
27061 27310 224
27310 26363 78
21297 47984 286
40780 22160 300
17032 24269 300
26319 25762 300
32292 26847 300
26847 29804 298
32870 27399 300
48265 27926 300
49808 28499 300
28499 26031 19
4086 32463 300
32463 21898 33
21898 5021 226
21898 21565 231
21565 18040 25
3413 32975 300
32975 16510 33
25839 33580 300
33580 44861 5
357 34514 300
34514 36013 122
18027 36518 300
36518 10320 110
10320 32644 256
32644 22584 82
32644 22283 147
171 38849 300
38849 28846 55
38849 34193 144
34193 34127 239
3635 42493 300
3461 45678 300
26199 47061 300
37359 47971 300
47971 4457 279
989 1076 301
1076 41099 38
1076 18452 300
497 1198 301
49777 3221 301
3221 2245 24
1563 4259 301
32575 5280 301
2263 5284 301
5284 11856 29
11856 23951 272
20383 5344 301
5344 15601 27
5344 32662 222
32662 37820 20
15601 26115 249
26115 28191 1
28191 13816 18
26115 44514 52
44514 26636 16
44514 43544 35
13816 5924 62
5924 10547 58
26115 10687 101
13816 6608 139
13816 35564 144
10547 1598 151
1598 41128 66
41128 23825 84
23825 48421 93
48421 32941 88
23825 280 139
280 36371 101
280 5607 119
5607 16744 122
5607 37868 149
5607 5726 213
10547 34582 217
34582 41599 168
6608 25150 238
25150 16560 66
25150 41139 67
25150 44540 166
1598 682 246
682 7569 88
6608 38044 256
34582 7602 258
7602 6992 109
6992 8209 3
8209 33476 170
7602 39020 201
7602 10785 246
10785 6994 13
6994 15557 126
15557 16111 45
5726 17354 258
7569 10529 269
10529 17944 109
17944 6321 109
10529 46396 217
6994 20304 274
5924 2976 284
2976 44065 26
2976 19962 119
19962 17472 70
19962 45867 125
19962 16639 127
2976 4737 145
4737 10152 76
10152 49245 31
10152 21532 152
4737 7653 168
7653 30538 50
10152 655 177
655 16103 17
655 539 60
539 8049 157
8049 14605 4
14605 26465 119
14605 14631 201
49245 18954 214
18954 22457 100
7653 21216 246
7653 42957 251
42957 44900 158
4737 17888 267
10152 24884 274
24884 26656 24
24884 34812 88
539 40 286
40 21290 82
21290 2271 12
21290 5639 21
40 36608 100
2271 2395 104
2395 7261 15
2271 23640 148
23640 38241 178
38241 35690 75
2271 30604 276
30604 28741 216
28741 18469 31
30604 29199 278
17354 43159 286
10547 24013 289
24013 6052 131
6052 36011 126
36011 42535 80
42535 3383 41
3383 41396 88
3383 36241 106
36241 12479 87
36241 10137 148
10137 4744 13
10137 20681 57
4744 8858 83
41396 33022 165
33022 45841 22
45841 38554 139
3383 43227 260
33022 7110 263
4744 32936 265
25150 25571 292
6052 7079 293
7569 21368 294
21368 15159 12
18954 41721 294
41721 6923 75
41721 30046 140
30046 8333 74
30046 10768 295
8925 5541 301
5541 3573 255
3573 2267 17
2267 24796 47
3573 11942 276
11942 1089 49
1089 1081 5
1089 1854 24
1089 3989 54
3989 8679 221
8679 38164 259
38164 15973 227
15973 20630 55
15973 42067 186
38164 27469 271
42067 25774 273
25774 23875 233
23875 18854 208
18854 29598 33
29598 42980 32
18854 11633 106
11633 32715 33
18854 44204 174
32715 21777 210
21777 8063 217
8063 3335 225
3335 7174 131
3989 26567 273
26567 19799 10
19799 11187 209
38164 42641 280
11633 28699 289
28699 20486 173
20486 25972 42
20486 5379 180
5379 3981 165
3981 2672 170
11187 14145 298
14145 40374 242
18479 6034 301
6034 9326 132
8658 7467 301
7467 15295 196
15295 9909 171
9909 9019 96
9019 829 196
829 2231 20
2231 15135 240
15135 38136 164
9909 41986 244
2231 48370 267
48370 49170 17
3741 9423 301
9423 15313 175
15813 9555 301
29695 9802 301
9802 43486 107
43486 46163 40
9802 9954 162
9954 37763 34
46163 18995 238
18995 5364 132
9802 22027 273
22027 34876 174
46163 16845 289
22027 42776 290
42776 45630 15
45630 23563 79
23563 7275 93
23563 6029 147
6029 1281 97
6029 12271 139
45630 48007 298
48007 13383 243
48007 18696 245
18696 47391 160
47391 16841 98
48007 24399 297
4303 10025 301
16944 10921 301
12834 11506 301
11506 47212 145
3187 11507 301
11507 44233 151
417 13065 301
41418 15453 301
15453 5389 179
15453 21130 242
21130 47800 155
21130 11708 243
11708 4929 83
4929 13520 69
11708 29372 134
4929 1856 265
1856 8332 76
1856 40028 253
8332 729 254
729 21676 59
729 1288 122
1288 12175 50
729 1877 155
21676 24594 195
24594 6959 59
24594 7478 281
7478 7016 35
7016 1381 5
7016 9941 210
1381 21672 245
21672 43698 27
1381 2375 252
9941 14182 287
729 7557 298
7557 37287 112
7557 8701 207
37287 36457 291
13106 15470 301
20435 15588 301
15588 23948 59
15588 7001 79
7001 35933 149
35933 22388 10
22388 22725 180
29754 16140 301
15667 18020 301
4712 18309 301
29468 18769 301
18769 48619 191
18769 17593 212
17593 37541 20
17593 48827 164
48827 43279 116
18769 17185 244
17185 26885 295
26885 14838 220
14838 29984 78
14838 14589 145
29984 47587 153
47587 45475 12
45475 21874 110
29984 25789 208
45475 9351 244
9351 12956 215
26885 11722 261
37866 18934 301
18934 5656 216
5656 45159 49
45159 8600 175
8600 42093 270
4683 22318 301
27555 22687 301
48458 25698 301
43210 26064 301
26064 12917 50
26064 47425 252
14128 27101 301
27101 27800 233
27800 9024 152
9024 21742 152
20552 28718 301
28718 41351 162
22515 29118 301
696 29607 301
36848 29891 301
29891 35448 180
29891 3620 220
3620 37476 38
3620 11388 109
12436 31279 301
31279 42952 231
42952 31803 11
10218 31693 301
31693 48621 251
48621 12795 59
12795 19505 78
19505 14959 238
3018 32557 301
47259 34358 301
34358 45097 12
34358 46090 18
34358 26886 272
26886 32440 164
20143 35653 301
17772 36509 301
36509 4207 2
4207 37940 33
37940 49863 169
49863 13249 100
13249 5934 25
49863 7035 126
7035 8138 215
5934 597 232
597 41636 50
41636 23511 65
597 694 162
694 3738 215
4207 21047 241
21047 30926 72
30926 47260 64
36509 32388 247
30926 8727 256
37940 31030 272
31030 20934 56
20934 31800 220
31800 47446 89
31800 25528 113
25528 32214 39
25528 19838 216
31800 17040 231
17040 2084 38
2084 25106 153
25106 33747 70
2084 6162 191
6162 15324 61
6162 6651 80
6651 45030 1
6162 38284 118
31030 2854 233
2854 11015 172
2854 38213 201
38213 22485 64
22485 39374 47
2854 1498 211
22485 6261 226
6261 14552 100
14552 30066 22
14552 46888 233
46888 25460 245
25460 21090 5
11015 22105 251
22105 29835 164
14552 8223 256
8223 23627 163
15324 3372 261
6651 10306 264
10306 6979 207
7035 43140 280
43140 36533 117
1498 6099 281
3372 4882 300
4882 1373 231
1373 14602 6
1373 2556 122
2556 48954 132
48954 16726 218
16726 1922 68
48954 20742 224
20742 40542 294
32388 32210 301
31910 39556 301
39556 9432 41
9432 49212 82
9432 6422 270
6422 15957 123
15957 38859 164
15957 31832 284
31832 19759 263
18524 40092 301
5856 40397 301
40397 10038 58
457 41831 301
41831 18465 206
18465 44490 55
655 41843 301
22027 42772 301
42772 46941 291
8050 43173 301
43173 46920 152
46920 25194 174
25194 13849 254
13849 17949 111
17949 10469 138
17949 49519 175
10469 46468 191
8617 43513 301
33518 45011 301
45011 5893 182
516 46446 301
32371 46537 301
46537 14112 133
14112 44972 1
44972 18012 238
18012 43675 65
18012 2392 78
2392 16712 45
2392 22507 257
22507 18141 90
1493 47089 301
44563 47467 301
47467 33099 136
47467 9561 258
39757 668 302
3549 704 302
704 2237 203
2237 48844 142
2020 783 302
783 319 92
319 15596 24
783 4323 109
783 31083 155
15596 16487 199
13876 1036 302
1036 144 213
144 15235 120
144 35775 135
35775 5936 163
5936 24097 77
5936 6086 86
5936 48089 163
144 17131 201
17131 45550 206
5936 12781 273
8306 1840 302
1840 25298 61
25298 44751 203
44751 11224 158
11224 16236 116
1776 4142 302
4142 49440 205
49440 926 293
926 953 141
926 2103 161
2103 5794 84
2103 25169 141
2103 5592 220
5592 28835 88
28835 47225 45
28835 15505 112
15505 19926 229
19926 39667 159
953 1468 289
25169 10087 289
10087 21999 205
2225 5945 302
5945 9210 40
9210 30652 183
5945 13635 221
13635 20739 115
17009 6139 302
20273 6541 302
6541 14984 67
6541 2769 74
2769 27325 234
14984 6760 272
3442 7028 302
7028 45197 168
7028 35603 197
35603 7879 174
45197 8841 263
8841 48858 31
8841 45303 139
48858 35543 215
35543 45139 13
45139 25845 118
25845 25134 11
25134 3386 173
35543 24703 247
24703 41929 1
24703 27827 44
27827 42598 24
41929 21697 48
41929 39958 265
41929 18495 278
18495 5025 17
18495 12232 87
12232 31550 76
12232 29867 167
29867 9755 9
31550 31063 229
29867 49015 298
49015 29896 219
29896 42172 85
29896 38113 248
38113 19097 217
19097 45214 85
19097 40738 87
40738 5678 19
5678 16139 290
16139 23227 138
16139 22510 244
22510 21947 284
21947 24918 250
24918 29178 154
29178 42108 153
24918 32177 248
21947 3867 272
3867 37321 122
29178 49322 290
49322 21991 249
21991 9924 46
9924 10338 9
10338 44103 205
10338 35889 235
35889 47058 65
47058 48677 240
21991 576 258
576 1097 12
9924 4565 289
34848 8440 302
8440 49363 167
49363 19435 201
19435 15486 256
15486 9337 188
9337 15705 138
15705 28450 22
15705 16083 49
28450 32084 49
28450 29501 71
9337 10929 159
9337 10869 189
16083 20528 198
20528 47167 89
28450 46233 201
46233 44552 113
44552 30147 100
30147 24610 120
46233 39616 142
39616 38897 16
38897 36939 45
36939 45642 135
32084 10445 210
44552 32375 217
32375 22310 255
28450 11229 266
11229 17646 159
15705 7743 293
7743 17023 11
7743 45925 18
7743 6658 126
45925 38401 136
38401 35814 86
35814 31843 158
31843 13667 129
13667 3128 23
3128 14999 10
3128 8414 16
13667 23423 39
38401 40550 171
35814 30317 257
30317 25580 67
16083 27768 298
27768 21366 249
21366 26179 89
21366 31668 131
26179 2651 148
2651 34063 10
2651 19571 186
19571 45545 73
4036 8817 302
20399 10489 302
25872 11034 302
11034 49224 84
49224 40983 157
40983 16856 163
49224 32260 231
32260 49063 114
49063 22693 103
16856 17522 297
3128 12306 302
23925 13231 302
13231 25482 154
25482 32300 21
13231 15779 209
24097 14783 302
14783 9939 156
13113 15160 302
15160 14069 12
14069 45203 77
14069 10163 278
10163 10946 245
14134 17050 302
17050 49823 80
17050 35772 199
35772 2481 24
2481 29974 4
2481 2787 12
35772 43001 54
29974 14279 105
43001 20800 217
20800 25470 170
17050 36111 279
13333 17073 302
552 17358 302
17358 21237 116
3516 25380 302
34700 26047 302
26047 31124 66
31124 17244 65
17244 16271 157
17244 18622 217
18622 14711 176
18622 25198 229
31124 44940 292
26047 11996 294
11996 8691 34
11996 27020 95
11996 25273 181
25273 7521 216
7521 29951 17
29951 35027 106
35027 14766 6
7521 7976 187
7976 40991 99
11996 43536 255
43536 46328 144
43536 45096 184
8719 29594 302
29594 39749 71
29594 23598 124
39749 40676 161
40676 26988 267
26988 25960 296
25960 5911 105
5911 11384 138
11384 14119 32
25960 39034 231
14119 13259 293
13259 23159 25
23219 32058 302
688 32147 302
30777 32821 302
25571 33215 302
21578 33971 302
33971 17789 167
17789 12074 154
12074 9245 168
20833 36162 302
21200 36844 302
36844 15205 112
15205 8436 276
23803 37610 302
37610 32582 166
30116 38073 302
38073 39317 275
4937 38887 302
38887 6491 163
6491 2041 56
2041 2124 147
2041 44782 215
2041 6468 219
38887 18191 225
2124 14857 247
6468 29841 293
29841 6751 101
6751 12591 293
12591 5312 271
49287 39858 302
39858 48052 198
593 43237 302
19576 45007 302
45007 42125 200
330 45526 302
10059 46355 302
25169 46754 302
21879 48995 302
28995 49304 302
49304 48385 113
10428 965 303
965 31861 228
31861 28767 8
28767 16862 144
16862 4230 32
4230 5488 89
5488 21801 83
21801 27738 243
4230 13831 273
15443 3043 303
3043 34850 140
3043 39414 174
3043 12677 230
12677 22227 127
1739 4144 303
4144 392 153
7337 4275 303
4275 21210 290
304 4455 303
4455 35510 242
35510 10580 205
10580 13727 192
35510 40567 253
40567 25540 147
1391 4852 303
5946 5238 303
5238 48703 5
48703 49296 158
48703 37079 198
5238 5762 275
37079 24524 290
14788 5361 303
5361 1354 75
1354 12517 57
12517 37504 11
5361 31143 80
1354 33769 195
1354 12800 196
12800 22357 12
1354 48 293
48 8766 80
48 568 107
568 11320 8
11324 5613 303
11584 6350 303
6350 7594 123
7594 20715 211
20715 6793 60
6793 10979 137
10979 29120 13
425 7539 303
48994 10168 303
10168 29371 64
10168 1208 221
1208 5445 75
5445 7024 9
5445 40213 290
40213 23829 142
23829 554 103
23829 48128 279
5660 10996 303
10996 39622 291
39622 21769 229
21769 37647 46
37647 30547 99
37647 23801 184
1713 11419 303
11419 42403 207
42403 13981 176
13981 45474 40
45474 24895 271
3966 12317 303
12317 35508 162
12317 31516 223
31516 44612 181
12317 16184 285
16184 3037 164
3037 13659 264
13659 19473 38
4475 12926 303
9089 14493 303
14493 25105 64
25105 10052 137
99 15395 303
15395 10192 302
10192 47172 271
17655 16199 303
16199 22288 94
16199 20856 132
20856 27280 119
27280 20386 50
27280 19540 122
20386 26753 141
26753 47378 288
20856 30915 289
30915 8500 87
47378 40967 291
40967 30157 209
8876 17086 303
9109 19269 303
19269 28911 189
28911 37320 7
28911 30373 45
2100 19810 303
28159 22612 303
41768 22679 303
22679 48235 26
8541 24087 303
38839 24193 303
24193 12603 177
5265 26958 303
9308 27378 303
27378 46483 142
46483 12011 182
12011 20240 22
12011 4223 156
4223 19774 3
4223 6138 89
4223 1801 244
15647 27671 303
27671 31041 160
31041 20357 16
20357 23232 145
23232 22570 77
22570 569 231
569 43214 29
43214 39383 168
39383 16026 281
569 44922 282
19277 28408 303
26503 31042 303
31042 34450 139
10361 31411 303
25538 31883 303
31883 21977 283
17680 32493 303
7471 32619 303
149 32698 303
8178 32872 303
32872 31612 294
31612 46830 20
31612 41876 64
31612 20470 207
20470 48016 115
48016 33965 59
33965 14225 44
33965 13843 137
13843 6669 186
6669 8121 19
6669 4385 35
6669 41541 39
8121 15665 213
8121 5535 241
5535 47365 126
47365 19387 110
8121 37037 241
37037 36722 120
31612 2244 269
2244 7697 25
7697 27478 33
2244 41757 152
32826 33115 303
25789 36096 303
36096 2945 168
2945 8538 38
2945 9753 92
2945 16766 263
2945 31116 286
36031 36448 303
36448 17742 172
17742 5416 196
5416 40520 149
5416 10069 302
27090 39633 303
39633 8932 111
8932 14043 89
39633 31419 187
20675 41270 303
18345 42382 303
35800 43650 303
10558 44409 303
48591 44726 303
44726 28287 208
38021 44836 303
44836 23850 74
23850 15384 74
23850 43479 96
15384 30628 222
23850 5143 233
15384 28459 261
28459 28556 17
43479 6057 279
5311 46132 303
217 49215 303
14681 49847 303
49847 24497 26
24497 8263 127
8263 18079 73
18079 10727 231
10727 24935 66
10727 6264 164
10603 282 304
678 437 304
855 864 304
864 15924 45
864 17939 85
864 32231 150
11018 1057 304
1057 8780 246
2398 1065 304
1065 6970 229
1065 946 292
946 30471 13
946 12514 204
12514 34496 199
34496 39441 131
34496 20951 175
20951 35158 26
20951 39237 60
39237 19406 212
19406 6665 13
19406 40999 119
6665 1333 145
1333 21315 180
21315 42610 205
42610 9678 63
9678 9198 210
9198 11925 296
612 2195 304
2195 6611 15
2195 33998 250
2938 3085 304
10898 3723 304
3723 6318 214
39395 5253 304
5253 3194 7
5253 45748 131
3194 49536 147
5253 24421 214
5253 37583 218
5253 49527 278
49527 38669 199
38669 23688 18
38669 13160 292
30132 6090 304
6090 40173 19
6090 17190 56
17190 16771 78
6090 41812 159
16771 6282 191
6282 22796 77
6282 25511 138
4678 8614 304
8614 46824 96
1857 9048 304
20941 9353 304
9353 9038 27
4226 9844 304
9844 24834 140
9844 21894 143
21894 35495 44
21894 30703 128
15893 11549 304
11549 23327 268
20487 11569 304
11569 11234 91
11234 20605 50
11569 28660 136
28660 42807 83
42807 23928 11
42807 20004 129
42807 36703 170
11569 6234 255
6234 48832 49
6844 11859 304
14457 13301 304
13301 4025 214
4025 5527 164
5527 44486 87
4025 1476 202
5527 25319 208
13301 20112 290
20112 18148 116
18148 29518 55
29491 13759 304
13759 46294 79
30366 13966 304
13966 43 182
43 13752 210
4461 16550 304
16219 16681 304
16681 25197 203
16681 43343 209
43343 26410 36
43343 46474 225
426 16685 304
6598 17164 304
14890 18772 304
18772 45866 38
18772 16150 242
28214 19276 304
30363 20670 304
16118 21294 304
21294 34479 214
26017 21492 304
6270 23100 304
23100 21973 286
21973 21280 169
21280 25856 68
25856 42658 104
42658 38337 112
21280 5833 114
5833 10743 157
10743 12081 23
5833 13284 157
13284 33235 111
33235 29111 63
10743 17798 168
12081 41565 201
41565 37624 301
2698 28076 304
33324 28463 304
28463 14977 37
14977 14561 7
28463 19969 134
19969 35053 25
19969 2412 76
2412 14531 125
14531 1746 49
14531 19395 75
19395 923 149
19395 49908 197
49908 45992 88
45992 33972 69
2412 2673 199
2673 45335 20
2673 48540 46
14531 49950 246
45335 49454 263
19969 20649 264
20649 31247 152
31247 49072 145
49072 25510 29
35053 41335 269
41335 47295 250
47295 6807 288
6807 41108 149
5634 28773 304
9641 28787 304
3867 30074 304
9950 30742 304
17460 31673 304
31673 36642 61
36642 43483 31
36642 18217 129
18217 6580 7
6580 14143 242
14143 4182 13
4182 16824 121
6580 39161 264
6580 42718 273
42718 17088 133
42718 26334 168
26334 48930 56
26334 21576 203
21576 23977 132
23977 31299 59
31673 12720 301
434 35710 304
35710 1955 148
3821 36322 304
21392 36566 304
38733 37261 304
49781 38333 304
7902 40783 304
43842 41701 304
41701 26632 48
26632 12799 40
12799 13353 49
26632 16857 137
9941 41724 304
35983 46032 304
46032 48248 198
46032 41626 215
41626 22606 127
22606 7797 28
7797 15995 35
15995 44140 119
15995 32301 169
22606 28861 267
15995 28899 301
4843 46726 304
36431 48970 304
29948 49437 304
302 501 305
501 654 120
654 47859 187
654 49719 262
49719 15691 127
15691 2495 171
2495 24552 156
2050 1695 305
1695 44354 193
1695 25473 206
25473 29316 68
29316 11105 54
25473 24408 92
11105 5935 163
11105 48034 267
48034 15724 23
26574 2654 305
2654 505 59
2654 5805 246
5805 20044 239
20044 17575 48
17575 4717 3
17575 31737 41
31737 47803 141
47803 36817 21
31737 6671 164
6671 37907 113
37907 42086 283
42086 16492 136
505 6 292
6 69 21
6 4642 63
6 32 116
32 1833 27
32 86 95
6 347 250
347 10408 11
10408 25188 153
25188 23390 17
23390 8269 13
8269 40638 91
40638 31236 103
40638 14352 160
14352 43072 98
347 15333 257
347 7205 266
347 32118 276
7205 14508 277
14508 23236 33
14508 787 133
14508 12388 149
12388 27660 128
12388 31420 271
31420 20716 228
20716 25339 105
25339 25775 186
25775 29318 95
6 5575 279
27660 36998 279
31420 7290 287
32 16302 301
347 28970 303
1578 3752 305
3752 5079 148
5079 9812 15
9812 22920 95
22920 34486 163
9812 9962 304
9962 21994 181
21994 21750 170
21994 29550 174
9296 4148 305
4148 44435 289
44435 25370 109
25370 9627 166
9627 14882 45
14882 48191 162
48191 14287 35
44435 22588 200
22588 19911 179
19911 16624 127
16624 2842 73
2842 19659 159
19659 4167 112
19659 49838 163
49838 40929 222
7728 4791 305
4791 27031 43
4791 12957 145
4757 5419 305
5419 11260 125
5419 41506 230
41506 29431 44
41506 30134 255
5419 7541 285
7541 16976 24
7541 13864 261
7541 28518 286
28518 36697 184
16976 39494 293
49391 5705 305
5705 14649 166
14649 5687 115
5705 6398 233
24553 6413 305
6413 17594 32
6413 44516 124
22766 7056 305
7056 14524 78
14524 23756 137
7056 4224 217
4224 24600 38
4224 15317 141
15317 36040 20
36040 37655 74
36040 23036 231
23036 14791 232
14791 39836 228
39836 4150 183
4224 15186 259
15186 33078 282
33078 22524 154
22524 16029 240
7056 18902 290
18902 46730 224
42776 7432 305
7432 44537 194
3760 8521 305
8521 21067 284
39190 9622 305
31906 9725 305
9725 41891 21
9725 21546 98
9725 37850 240
9725 21520 280
21520 31359 226
31359 26560 58
26560 30696 126
30696 18961 31
31359 9294 205
9294 27670 182
1840 10278 305
10278 5637 129
10278 46243 179
15024 10485 305
10485 7464 149
7464 24998 191
7464 13280 273
13905 10820 305
10820 2189 274
2189 1370 201
1370 27048 155
27048 11417 87
11417 28236 113
27048 1299 173
1299 5558 148
28236 49456 187
1299 12645 232
49456 12703 276
12703 2581 12
2581 1864 19
1864 32793 91
12703 39665 213
39665 5511 65
5511 4377 31
5511 25940 165
4377 13195 258
13195 31272 36
31272 13238 40
31272 44202 258
13238 8524 274
8524 23266 48
23266 13680 23
8524 32487 80
13680 44124 127
44124 12891 104
12891 24756 70
12891 16191 96
8524 17921 149
17921 8940 76
16191 33944 186
33944 48988 97
24756 43648 246
5558 4295 278
4295 49978 135
39665 9922 295
9922 19756 51
9922 5082 182
5082 5830 140
5830 13702 11
5082 34162 188
19756 9384 234
9384 8862 20
19756 24191 272
24191 6632 265
6632 4606 286
2581 26254 298
12645 37937 299
37937 8427 42
8427 8956 51
8956 22020 204
8427 26186 211
13195 11744 301
1299 46527 304
28372 11063 305
11063 13172 45
40799 12692 305
12044 13218 305
13218 39496 251
39496 33532 247
13218 27215 277
15963 13299 305
13299 17066 3
13299 29789 26
13299 49143 91
17066 38675 150
29789 24298 152
24298 29278 11
38675 28919 263
49143 5113 293
5113 20519 221
23825 14420 305
4130 14573 305
14573 2067 293
17035 15249 305
5784 15320 305
15320 2007 216
2007 46192 204
46192 46464 256
46464 11989 7
11989 7808 82
11989 41791 250
7808 13993 286
16666 15625 305
42512 18269 305
18269 19858 36
26157 18829 305
18829 42978 250
5973 19240 305
19240 30504 231
8863 20084 305
20170 20145 305
18046 26305 305
39874 26403 305
45330 26697 305
26697 16203 176
16203 15874 59
16203 7829 183
7829 27246 98
7829 3677 150
3677 35515 51
35515 37667 3
37667 48790 71
35515 48237 100
48237 40807 165
35515 23275 166
23275 24439 153
40807 16044 189
7829 13951 290
5071 28049 305
28049 12272 25
12272 43339 241
43339 17737 95
21552 28449 305
28449 32555 71
32555 48658 99
48658 15626 123
15626 10819 158
48658 36709 243
36709 26510 63
15751 28690 305
32529 30307 305
48464 31070 305
12937 33107 305
26322 33651 305
33651 37553 231
37553 46056 92
30771 34564 305
22046 37846 305
37846 24111 108
24111 18494 220
37846 41780 243
18494 34480 274
34480 49485 248
49485 19954 215
19954 22179 85
19954 13485 191
13485 5137 22
19954 15612 258
49485 20632 300
21392 38105 305
44253 38946 305
40312 39398 305
15691 39501 305
39501 9605 3
9605 14744 16
39501 29506 119
29506 10736 50
36323 40752 305
36296 42152 305
35702 44428 305
1716 45231 305
44173 49099 305
472 101 306
101 136 7
136 16077 9
101 49566 78
136 23118 139
49566 35302 153
35302 13025 22
13025 2553 132
2553 2970 18
2553 9134 45
2970 15641 124
15641 15774 52
15774 10651 32
10651 30546 114
16077 42522 187
42522 26074 16
9134 42150 199
42150 8857 62
42150 4694 135
8857 10959 170
23118 36615 223
36615 21847 32
4694 30189 241
30546 41553 252
21847 49037 265
49037 26541 183
26541 40529 59
26541 20817 199
23118 33741 281
21847 49341 293
40529 13335 298
169 323 306
323 15945 156
897 925 306
343 1061 306
1061 15627 289
3634 1160 306
1160 21408 274
21408 26742 160
26742 6789 239
26742 23389 286
23389 9161 214
9161 24442 70
9161 33902 110
33902 25153 121
25153 17649 211
2495 1366 306
1366 3676 84
1366 28793 194
28793 22663 3
28793 35769 57
11935 1592 306
10768 2479 306
2479 11655 225
2479 31395 301
2479 31478 301
31478 48504 51
31775 5333 306
5333 4518 27
4518 32695 296
36190 5989 306
21275 6838 306
6838 45910 182
45910 23382 59
45910 48843 130
36 7416 306
7416 18950 42
18950 24560 136
24560 45292 103
45292 45548 38
18950 49752 200
49752 24827 40
45548 46589 272
45572 8044 306
8044 7121 89
8044 22768 142
22768 47193 244
40861 8319 306
8319 8105 197
8105 6881 81
8319 27572 304
8105 28480 304
28480 43750 9
28480 43967 98
39067 9297 306
9297 33767 115
186 9461 306
9461 41849 9
41849 4324 65
4324 30150 122
30150 29877 99
9461 32325 128
32325 15277 29
32325 9005 42
32325 8680 84
8680 2448 112
2448 4803 53
32325 14490 142
32325 27320 168
27320 31218 100
31218 11797 68
9461 47644 172
47644 25436 66
47644 18852 152
18852 44231 65
4803 22842 184
44231 14862 209
4803 3059 226
3059 27655 130
3059 33625 189
3059 47856 241
47856 8711 219
8711 30109 203
15277 7744 245
7744 5909 72
31218 36965 287
36965 41952 106
47856 25357 290
25357 8355 139
8355 37773 175
37773 25911 38
25911 43660 206
37773 39957 226
43660 31900 234
25911 11626 275
29877 19871 301
19871 454 44
2014 9650 306
9650 30024 130
30024 43093 10
4480 9833 306
9571 9969 306
9461 11487 306
11487 5884 123
5884 7559 199
277 12927 306
18221 13872 306
22842 14261 306
14261 24809 9
24809 29578 98
1713 14346 306
14346 40446 47
40446 49142 93
49142 23032 109
40446 44421 290
19892 18828 306
18828 12001 116
12001 2679 157
2679 7933 68
7933 9989 118
12001 9227 269
9227 12042 255
12042 44026 223
2679 3712 277
2679 9345 299
9345 15289 49
15289 41826 3
15289 4161 16
15289 48862 279
48862 48886 28
48862 46400 80
46400 38210 16
46400 15233 216
15233 46812 140
848 19352 306
19352 46109 90
19352 25456 194
25456 14908 98
25456 43226 141
43226 8503 141
14908 7779 200
7779 33855 80
1316 19379 306
19379 6174 44
23766 20945 306
30323 22667 306
22667 9981 193
9981 15776 109
244 23684 306
23684 8537 72
14104 25301 306
25301 26315 153
2007 25363 306
1133 25801 306
25801 34277 262
6741 26216 306
26216 14660 118
14660 36455 244
49812 26791 306
26791 8683 65
24252 28799 306
28799 47629 66
48096 29148 306
29148 43330 63
43330 41532 304
41532 3392 136
3392 17261 70
3392 4770 94
3392 5800 142
3392 16269 276
16269 29484 190
29484 35546 254
35546 20422 130
35546 41076 204
41076 22307 91
22307 35881 224
21294 29633 306
5317 30359 306
26383 31211 306
19278 31534 306
31534 40411 46
31534 49373 96
40411 42608 105
40411 29536 136
14063 34568 306
34568 36795 80
36795 33903 190
33903 20065 276
1459 34675 306
23404 37862 306
18456 37892 306
37892 42023 205
42023 39808 105
42023 43346 121
39808 25748 306
22848 37992 306
37992 29412 208
29412 19956 80
45006 39044 306
44703 41437 306
44090 44339 306
44339 44500 139
44500 10502 101
27497 44968 306
44968 49935 122
18649 46224 306
46224 28160 19
33465 46252 306
16150 49830 306
49830 13439 268
13439 36751 41
36751 12832 5
36751 27991 29
36751 38974 67
38974 883 75
12832 33379 131
13439 6217 235
1644 49887 306
10823 158 307
158 6438 225
6438 31385 113
6685 1572 307
1725 2600 307
35889 3950 307
3950 37935 28
3950 36000 69
37935 9271 76
9271 16525 183
16525 47829 24
9271 37083 197
37083 23040 24
23040 2538 167
2538 46199 2
46199 5433 52
2538 3626 53
3626 14922 119
46199 30669 175
14922 46749 184
46749 38078 36
36000 43836 208
30669 28084 228
28084 22297 256
23040 103 268
103 5933 90
5933 20869 121
20869 22807 278
22807 36464 91
3950 3790 284
3790 35327 27
35327 30205 14
3790 26056 97
2538 42575 296
2538 3178 302
4267 4314 307
4314 21698 124
673 5043 307
5043 23703 79
23703 34863 25
34863 34417 21
34417 32188 25
34417 16235 165
16235 43796 28
16235 41171 157
23703 33604 177
33604 13925 181
13925 29933 123
16235 13051 198
13051 30033 159
34863 2960 224
30033 31225 237
30033 48846 242
13925 19200 258
19200 49210 139
49210 16909 6
29933 25718 276
31225 15738 285
33604 12323 290
12323 15212 214
15212 23417 281
15212 15859 285
15859 33523 180
15212 21736 286
21736 7603 269
7603 40044 91
40044 1044 31
1044 18203 35
1044 46297 87
40044 30515 215
7603 44926 299
44926 9790 200
34863 8359 301
8359 28795 243
28795 39977 220
39977 17913 198
39977 30316 284
2402 5338 307
5338 30638 162
30638 28664 236
27250 5599 307
10713 6042 307
6042 16896 4
16896 28606 115
17538 6985 307
6985 29267 145
35908 7207 307
4625 7885 307
7885 39671 100
39671 23874 61
39671 7597 95
9788 7947 307
7947 2665 51
14801 8583 307
3479 9651 307
9651 6700 172
9651 25445 196
21566 10392 307
10392 10096 47
13051 11055 307
11055 287 250
287 1687 13
287 242 182
242 140 162
140 10128 164
287 6396 210
6396 10372 148
10372 19704 30
19704 46839 47
10372 47763 274
1687 10210 304
38586 11334 307
29370 12577 307
4086 13423 307
45101 14461 307
20224 15035 307
24352 15503 307
15503 33466 189
4280 15642 307
15642 21513 127
43506 17361 307
27469 18813 307
18813 28242 208
28242 20708 58
18813 33629 295
32147 19964 307
37347 20874 307
727 21600 307
21600 29902 162
29902 13134 129
13134 11662 98
11662 44638 90
44638 26080 130
29902 5978 218
5978 48189 74
5978 3994 243
44638 22700 253
22700 29238 30
29238 15941 188
15941 4131 55
4131 26793 32
15941 14435 153
22700 35791 217
22700 274 229
274 74 164
74 126 25
74 11180 79
74 34476 150
74 7600 181
74 4654 184
4654 12491 68
26793 27846 229
22700 37462 231
126 36687 264
22700 1184 269
1184 708 235
708 26661 191
708 1397 241
1397 5515 135
5515 25096 21
36687 23344 269
23344 21695 219
29902 35853 273
26080 32977 282
32977 43410 13
32977 36944 203
708 37017 283
14435 41043 286
41043 34888 166
74 11043 290
5515 16006 290
21695 16370 303
7485 23023 307
41746 25711 307
26580 25965 307
16764 29309 307
8409 29574 307
29574 26151 176
37680 34000 307
34000 38683 194
34663 34826 307
210 34973 307
34973 3948 261
3948 49446 84
49446 48347 95
3948 14588 145
48347 9839 155
48347 17449 170
17449 27190 88
17449 33804 101
17449 13006 156
9839 11612 180
11612 12875 31
11612 16278 99
11612 38519 123
14588 19275 191
19275 10413 232
9839 25139 252
10413 19855 262
19855 32267 211
32267 976 231
976 30657 90
30657 4632 81
4632 3475 183
38519 32091 281
31062 35445 307
35445 39849 68
39849 36051 161
36051 13121 37
14434 36243 307
1101 37659 307
585 37747 307
81 37819 307
25744 38747 307
38747 44059 232
44059 41700 92
41700 43832 133
43832 35957 224
28522 39332 307
113 40335 307
35747 43768 307
1668 1934 308
1934 48494 44
1934 9284 103
13989 3008 308
3008 6782 39
3008 4920 64
3008 4710 103
4710 38017 206
4920 15407 251
6782 7435 252
7435 16897 135
1044 3679 308
5341 6577 308
6577 18655 171
588 8592 308
43433 8684 308
3810 10166 308
10166 47767 226
47767 12384 12
12384 35804 161
47767 36530 164
36530 27111 23
36530 23241 93
23241 17201 8
17201 15836 148
15836 47035 61
15836 11807 64
23241 28881 286
28562 10238 308
10238 12090 86
12090 42303 39
12090 6184 61
6184 49093 56
7435 11527 308
36697 12283 308
9884 12812 308
12812 45453 297
47095 15215 308
10196 18250 308
2662 18601 308
43675 19385 308
23555 20131 308
20131 20479 293
8945 22659 308
22659 19900 308
19900 21495 66
21495 37182 172
37182 13168 90
13168 24181 128
19900 35650 249
35650 12638 224
12638 9980 300
9980 19643 281
46656 23503 308
23503 32247 252
12056 24303 308
3300 25154 308
25154 49366 68
26843 25779 308
25779 19546 35
25779 30170 81
19546 16509 114
25779 39488 116
30170 44597 170
19546 47128 184
47128 21872 251
39488 16686 255
16686 78 12
21872 36714 272
36714 10610 246
10610 8108 229
16686 11660 299
12391 29728 308
19226 29844 308
29844 34066 4
34066 43554 39
29762 30461 308
30461 1444 227
1444 2922 267
2922 16507 6
16507 44871 134
9505 31461 308
31461 20413 59
45630 31679 308
41174 32807 308
10573 33034 308
33034 13079 124
33034 46741 215
46741 14884 10
36909 33982 308
23113 36645 308
17743 37460 308
37460 2995 204
2995 35622 221
35622 27646 19
27646 6452 167
26832 39260 308
39260 48606 132
48606 32462 203
20878 39704 308
35126 39889 308
14111 39914 308
7825 40849 308
17815 41266 308
41266 35148 286
668 41954 308
23976 42753 308
38905 42875 308
36112 43008 308
14271 47770 308
2305 1291 309
1291 5000 1
1291 47238 162
47238 18569 206
8221 1577 309
1577 107 250
107 3502 264
3502 28950 226
1577 5981 290
41140 2686 309
2686 21652 40
5333 2823 309
2823 17502 85
2823 6017 100
6017 28657 105
6017 26512 113
17502 49264 125
49264 36108 162
36108 49432 9
36108 30405 104
26512 42255 209
30405 12600 261
10455 3088 309
3088 36349 118
36349 38940 210
38940 49685 210
49685 24563 110
24563 47853 250
47853 17045 247
17045 16198 242
3088 459 263
459 145 102
145 3327 21
459 47348 106
47348 27570 106
47348 28547 118
28547 27412 70
459 30416 143
459 24003 149
145 17731 153
17731 24952 167
24952 46463 131
3327 31996 249
28547 27360 268
30416 10057 295
3327 5437 298
6858 3579 309
2936 4162 309
25134 4575 309
3294 5345 309
4789 7099 309
7099 25420 11
13493 7474 309
7474 5847 219
5847 6195 302
6195 21424 183
28682 7858 309
7858 490 131
16700 7884 309
7884 48515 122
7884 4871 260
4871 4933 181
35491 8861 309
25198 9623 309
9623 24894 55
19499 12887 309
12887 14528 154
14263 14458 309
14458 40218 96
40218 41848 24
14458 40652 139
40652 3570 107
41100 16367 309
16367 10988 246
10988 15219 97
34689 18557 309
18557 22624 46
31165 19053 309
19053 15728 159
15728 11780 207
25665 19144 309
19144 18237 195
18237 5230 1
10052 20261 309
20261 48493 41
10755 26346 309
11588 26809 309
16656 30824 309
30824 36309 263
36309 10512 104
36301 32220 309
5316 32306 309
1206 32572 309
30805 33207 309
33207 22915 260
22915 2308 113
2308 25852 91
25852 20437 69
20437 17767 4
2308 7268 164
7268 24979 46
7268 10815 165
17767 33897 234
33897 39062 152
2308 5294 261
5294 13615 214
13615 27934 294
27934 48088 88
1083 33363 309
1326 33429 309
33429 46585 25
46585 33459 266
33459 17148 105
17148 14375 84
14375 15087 247
33429 17389 274
17389 27511 242
27511 27098 199
27098 39746 204
45125 33533 309
44576 35345 309
43249 35840 309
1584 36080 309
36080 29319 105
29319 15518 202
15518 12826 64
12826 19937 49
38646 36268 309
36268 39378 32
39378 38249 40
36268 36730 87
38249 36239 124
46085 37867 309
37867 32540 4
32540 37387 115
37387 41621 55
41621 22280 66
37387 37195 106
37867 49039 251
37867 43080 265
41621 15921 274
37195 34307 301
9248 37955 309
34963 39490 309
42473 40621 309
22077 42347 309
42347 40219 7
40219 17601 61
42347 3920 107
3920 25432 65
17601 10143 190
10143 9807 176
9807 39442 3
39442 18123 49
18123 17427 86
17427 32963 19
39442 30999 86
30999 5796 96
5796 1865 68
5796 42824 91
17427 20858 114
42824 21289 158
5796 7062 162
18123 6385 170
42347 36643 226
9807 39929 231
9807 12331 243
37825 42434 309
32002 45121 309
45121 28821 236
28821 11150 297
11150 952 162
43697 47915 309
47915 15867 65
27554 49898 309
339 258 310
3654 1610 310
1610 1185 16
1185 7617 7
1610 11775 30
1610 24571 38
24571 4367 260
1185 36282 263
11775 32313 284
41114 2627 310
2627 1679 94
1679 2663 81
1679 11832 144
1679 34110 155
34110 38841 91
38841 44956 16
2627 21793 204
2627 11539 214
44956 42922 285
42922 36698 69
42922 27937 289
646 3784 310
3784 34198 35
3784 7282 192
49556 5630 310
5630 47166 7
5630 22292 165
22292 9039 49
9039 602 159
22292 48882 211
602 4248 293
17009 6626 310
39196 7683 310
7683 45072 257
13945 7703 310
9216 9993 310
1939 10909 310
10909 27676 66
10909 22181 264
22181 23277 40
23277 37467 20
22181 13399 200
23277 21602 227
21602 19594 295
19594 17000 219
17000 49645 165
3537 11259 310
38401 11376 310
11376 39380 221
39380 909 6
909 3103 129
3103 7610 54
3103 18607 100
3103 43360 121
909 269 144
269 1587 49
909 37918 193
37918 35471 76
35471 20735 148
11376 18044 274
39380 37178 279
37178 19821 244
19821 4251 224
4251 7414 102
7414 19431 64
20735 34363 281
1587 15108 285
28619 12455 310
12455 9881 230
9881 7740 25
46715 12654 310
12654 32262 67
12654 12350 117
32262 26422 128
12350 39659 140
32262 41337 247
41337 28520 268
1864 15976 310
5228 17696 310
48700 18833 310
33418 19625 310
25155 20350 310
20350 32385 110
24042 20566 310
20566 32467 88
20566 3465 195
3465 20019 20
13989 22075 310
48400 23437 310
23437 18402 27
18402 10806 23
10806 33853 20
45337 26088 310
26088 45153 105
45153 21405 296
31063 26312 310
6172 26604 310
30768 29001 310
29001 37429 60
37429 11961 53
11961 22861 35
29001 44825 62
22861 37105 209
22861 39064 263
39064 34831 258
34831 27865 64
34831 44777 244
47549 29167 310
6737 33498 310
38659 34559 310
34559 29610 1
29610 29055 136
34559 39212 205
352 36211 310
36211 6820 42
6820 28630 138
13570 37875 310
8161 37896 310
37896 45382 131
37907 40087 310
40087 10850 226
36556 40109 310
16 40123 310
40123 11364 245
11364 19558 221
19558 20178 51
19558 35655 172
35655 17357 94
35655 36066 231
36066 8425 122
8425 6724 63
6724 7924 12
6724 42953 164
42953 38364 44
38364 31119 1
46422 40596 310
2013 42274 310
42274 8911 211
31970 42377 310
22097 42899 310
42899 10566 82
5696 43977 310
43977 19929 29
19929 31028 152
19929 35026 278
13035 44064 310
44064 38312 188
9194 46191 310
8016 46324 310
39374 46566 310
46566 13506 143
3668 48942 310
48942 47080 85
847 49383 310
49383 24639 222
29484 49846 310
49846 5679 247
6338 1699 311
1699 3240 12
1699 39353 28
1699 15299 62
15299 38009 110
5506 1935 311
1935 2246 220
2246 2321 112
2246 12959 186
10960 3247 311
3771 4533 311
2717 4848 311
4848 36056 81
36056 48595 16
48595 2040 82
2040 40575 115
40575 23716 92
36056 24661 147
40575 23368 161
23716 12624 253
12624 22439 95
22439 27420 21
27420 8411 126
23716 48409 310
13 6337 311
6337 16337 71
6337 860 122
11638 6620 311
2057 9583 311
15671 9918 311
9918 19114 262
46666 11111 311
11111 35230 14
13090 11516 311
11714 11645 311
251 12013 311
9517 12881 311
12766 14355 311
14355 16318 261
13403 14632 311
2537 15338 311
39490 16359 311
4949 16670 311
16670 10309 149
38489 17493 311
20626 18525 311
32069 18788 311
19398 20164 311
593 20356 311
11311 23001 311
23001 18981 28
29999 23675 311
23675 11526 224
11526 33898 275
33898 32344 92
7875 23979 311
23979 31632 191
31632 34523 77
43188 24107 311
24107 39108 138
11244 24867 311
24867 24995 51
19748 25373 311
25373 15009 156
15009 49784 210
44402 28968 311
28968 49335 7
20586 31452 311
14398 33222 311
33222 35842 219
4627 36442 311
45383 36721 311
36721 856 283
13290 38263 311
29329 38785 311
27329 41361 311
41361 13125 13
41361 31529 197
13125 8344 201
8344 21930 78
21930 9243 218
25312 42068 311
6199 42187 311
27726 42208 311
49354 42803 311
30046 45419 311
21344 46654 311
25506 49023 311
39465 49540 311
49540 45529 307
45529 26687 291
12410 1226 312
1226 3753 12
1226 515 170
515 11151 59
1226 1249 174
1249 12104 7
1249 29361 98
11151 35120 203
35120 1140 285
515 24794 288
3753 8008 292
8008 28568 83
8008 47555 303
18363 1238 312
1797 1682 312
1682 24633 95
24633 12172 170
44698 3767 312
1334 4816 312
16308 5051 312
5051 2882 173
2882 21401 46
21401 23949 150
23949 19022 92
21401 47152 237
23949 40859 268
1563 5334 312
5334 2781 217
2781 8350 139
5334 7009 300
7009 49687 12
7009 46769 147
46769 43117 93
7009 45081 237
14338 5550 312
5550 18213 46
18213 26993 103
5550 25375 308
25375 4638 213
4638 44223 87
4638 9874 104
9874 4709 56
4709 22053 157
22053 4845 35
4845 39118 131
9874 7314 181
9874 13678 227
13678 35693 89
13678 8233 107
4638 7253 264
7253 4908 3
8233 3427 276
4908 27986 277
25375 5912 284
5912 47164 115
47164 45189 10
5912 44299 184
45189 36871 223
36871 35390 67
35390 46021 45
36871 32182 137
32182 27929 22
27929 29326 236
29326 33145 6
47164 4468 286
4468 12393 97
12393 5965 97
5965 14695 107
4468 41420 121
12393 27209 250
4845 7289 291
7289 3284 200
3284 2880 270
47164 47307 298
23433 6758 312
6758 18750 127
6758 37565 234
37565 15946 113
37565 22322 133
22365 8745 312
10053 9357 312
9357 37089 30
37089 42825 8
42825 12980 114
30707 9895 312
9895 4493 248
4493 14027 58
4493 29832 278
14027 6558 292
6558 48572 37
48572 26009 79
6558 25522 145
25522 16145 11
25522 43147 251
43147 20096 38
25522 22652 278
22652 29260 3
22652 35317 310
12038 9913 312
29280 10029 312
6482 10106 312
23078 11628 312
5870 12020 312
38949 12647 312
6620 12701 312
12701 31621 70
21055 14052 312
30749 14174 312
5678 14333 312
14333 1229 58
1229 5542 76
14333 38060 175
14333 39806 232
39806 31114 109
31114 16048 210
16048 16581 243
16581 48040 187
48040 31851 140
48040 41800 207
16048 42222 252
7466 14416 312
35327 16694 312
16694 5328 5
5328 29642 26
29642 42247 94
42247 17317 16
17317 19559 148
16694 40860 259
40860 34540 39
40860 45819 128
45819 9663 79
40860 22519 132
5328 744 293
19559 34880 306
34880 15883 103
15883 5763 162
5763 33992 166
33992 48929 5
15883 43110 245
43110 48934 189
48934 10717 271
15883 29808 275
48929 33331 301
33331 39215 28
33331 17360 89
744 16939 307
16939 7448 199
7448 941 151
7448 6226 204
6226 5355 82
5355 3354 168
3354 30558 93
941 945 209
3354 844 215
941 7580 261
7580 24577 20
24577 49890 26
24577 45127 96
6226 49079 261
29523 16970 312
36909 17016 312
17016 35034 2
17016 38644 275
12388 17885 312
17885 47341 12
17885 43605 103
43605 8990 122
17885 30561 270
47619 18051 312
18051 2107 205
2107 16993 307
18051 2979 311
2979 11337 93
34162 18135 312
1817 19182 312
19182 32093 35
32093 20122 137
13469 19690 312
19690 2022 112
2022 48244 64
48244 36794 211
4409 20969 312
20969 26612 128
26612 48079 245
26822 23338 312
23338 29883 178
17617 25200 312
27090 25325 312
25325 4966 2
4966 22259 57
25325 32789 64
32789 33967 88
33967 3786 88
4966 11567 126
4966 14181 150
3786 9261 192
4966 5104 194
5104 25274 202
3786 25277 218
25325 14460 270
14460 28339 195
28339 22839 173
22839 15959 103
22839 31096 146
28339 15858 239
15858 29601 17
15858 1709 195
15959 34987 239
34987 38029 37
38029 38677 93
29601 27514 292
16164 26006 312
10703 26939 312
26939 10134 262
10134 21044 133
21044 47551 29
21044 40685 107
40685 25640 54
25640 22786 99
40685 21250 143
21250 19359 9
21250 2743 201
25640 21198 213
21198 46070 51
46070 36925 34
46070 43673 179
43673 35319 10
46070 39182 190
2743 10472 227
10472 42203 177
42203 32799 230
22786 2160 251
2160 326 15
2160 20663 20
326 1423 25
2160 48651 52
48651 35292 6
326 44175 95
326 16827 112
1423 5485 173
326 1170 200
36925 43467 297
1423 33838 306
46070 1103 312
1103 5708 47
5708 34447 74
34447 24542 242
24542 26443 182
1103 39373 258
39373 35727 187
35727 12838 15
12838 6679 211
35727 37221 224
35727 43023 281
43023 21826 9
21826 22005 98
21826 27623 265
27623 18124 146
18124 23851 67
18124 1112 81
1112 12439 32
23851 31571 162
31571 10705 180
27623 30813 193
12439 37161 246
37161 5086 98
23851 34172 257
1112 2111 306
2111 13316 171
34447 20179 312
31218 27120 312
28287 28434 312
32854 29083 312
29083 35930 32
29083 9545 155
9545 43680 177
9545 3759 218
3759 12402 26
3759 35858 31
3759 30717 227
30717 38197 58
44751 29659 312
4116 31075 312
3992 32494 312
31713 33077 312
33077 16004 155
16004 23402 34
33077 10969 201
10969 20889 230
20889 7278 112
7278 22967 11
7278 37109 71
22967 22769 111
22769 17242 38
22769 34027 163
22769 11679 173
20889 42316 177
17242 19247 231
7278 30738 260
9643 34213 312
34213 46102 88
28833 34389 312
18272 34696 312
42346 37495 312
37495 47424 106
47424 24123 59
24123 29097 206
29097 34971 286
34971 32768 124
18346 38436 312
12574 39732 312
30750 44555 312
48978 44924 312
12171 45206 312
45206 45539 84
45206 944 181
944 7912 182
7912 21504 257
39278 46197 312
46197 24869 39
24869 3636 272
3636 15778 39
15778 22269 21
22269 34531 197
3636 41419 200
15778 19185 286
19185 24696 79
24696 49250 102
19185 42282 125
42282 5975 113
5975 38777 71
24696 19085 291
19085 27425 267
6734 47988 312
47988 16946 1
16946 10864 186
10864 18131 57
40867 48139 312
26003 48597 312
8888 49381 312
49381 2361 243
2361 5186 29
2361 17830 118
17830 22167 114
5186 35833 162
35833 32836 119
32836 2184 195
2184 17116 91
17116 36313 120
22167 44663 219
44663 8119 128
2361 2082 262
2082 16739 61
2082 8087 111
8087 10751 163
2082 1305 176
1305 1317 2
2361 37215 292
37215 39446 137
39446 11644 76
37215 13722 155
13722 46484 54
11644 21077 221
13722 15583 291
15583 27004 56
22167 26282 296
26282 14636 80
2082 41735 299
41735 12593 203
12593 16649 217
6461 49835 312
907 1290 313
26493 1766 313
1766 42586 114
1766 4809 184
1766 2474 249
2474 39688 54
39688 12904 223
43353 2003 313
1206 2118 313
2118 2294 125
2294 32801 104
2294 38620 127
2294 40515 138
2118 45009 211
2118 22825 231
32801 18427 243
18427 33286 124
18427 13617 134
13617 13484 6
33286 13946 142
32801 34257 247
2294 26530 254
26530 32948 65
18427 18423 284
18423 26966 25
18423 40276 114
26966 36104 307
43388 2154 313
2154 48163 93
2154 21384 282
8443 3096 313
3096 8356 140
8356 15176 156
8356 30453 254
30453 42088 183
2220 3681 313
3681 29411 271
29411 25860 100
29411 14423 274
14423 30568 63
19393 3827 313
11775 4082 313
4082 10287 137
10287 33701 176
4082 8903 274
12999 4707 313
1481 5299 313
13564 6816 313
6816 18635 38
18635 29164 24
29164 10021 152
6816 9751 262
10021 12884 276
12884 4237 295
4237 38118 6
17131 7316 313
7316 12562 210
18004 9120 313
2421 10088 313
10088 13717 34
15842 11312 313
11312 26294 182
11312 19154 184
11312 34454 265
11423 12493 313
35995 12869 313
12869 44668 214
16991 13392 313
13392 47204 83
13392 5787 149
5787 41249 53
47204 40205 256
13392 41722 273
35863 13422 313
27848 13709 313
13709 9323 313
1568 14246 313
14246 43583 111
14246 38162 132
38162 11781 127
23211 18119 313
48032 19944 313
19944 24529 97
24529 2625 1
2625 172 24
2625 16325 63
16325 44125 51
19944 45379 186
16325 27688 249
27688 13633 87
2625 5777 298
24529 38576 312
38576 10438 90
10438 43301 33
10438 49344 188
12470 21159 313
26565 21461 313
21461 12948 270
12948 20034 124
12948 11134 211
11134 25073 113
12948 30186 312
12816 22892 313
22892 25322 86
25322 7536 244
24463 23673 313
41713 27373 313
27373 10044 244
10044 2207 22
2207 2435 114
2435 8791 28
8791 29551 19
2435 49443 206
8791 31916 230
31916 37909 151
2435 26947 289
26947 11371 112
11371 22672 250
2435 17955 304
17955 41882 95
41882 41649 216
6400 28040 313
28040 3595 127
3595 43446 209
43446 48043 148
28040 15990 287
15990 20342 181
20342 34012 128
46160 28121 313
15647 28758 313
11267 29526 313
17914 30155 313
46705 30978 313
12410 31946 313
9860 32163 313
32163 1915 174
1915 48511 289
3386 33144 313
33144 40401 205
33144 19583 289
19583 7054 39
7054 11474 154
7054 46451 163
48871 33594 313
3889 33690 313
24181 35068 313
8066 37351 313
37351 45963 301
45963 12127 296
8534 38684 313
38684 6146 142
2022 39292 313
20029 40320 313
41848 41045 313
6518 44186 313
44186 36883 122
36883 17519 175
17519 36935 22
36935 41482 179
33364 44303 313
23266 44380 313
35653 44689 313
8332 45689 313
45689 29829 23
16255 46684 313
46684 13133 1
46684 16159 111
16159 3225 11
16159 37701 54
3225 11733 78
16159 40327 163
40327 27365 60
13133 9885 168
27365 40523 204
40327 36339 309
36339 7542 276
3225 3619 313
3619 41715 111
35 48446 313
32768 49666 313
26580 49881 313
49881 4300 285
4300 15559 132
15559 31479 127
31479 22855 53
4300 10760 205
10760 3324 85
10760 26747 120
26747 5014 41
5014 5563 50
26747 31349 178
31349 32128 19
31349 32522 186
32522 17790 108
32522 22871 118
22871 25208 65
17790 27486 149
27486 42386 64
25208 19918 160
32522 33731 166
31349 27254 187
27254 14567 4
32128 40495 205
40495 10675 88
27486 8168 222
31479 3628 249
3628 11394 26
11394 20155 30
3628 2974 34
20155 32791 65
3628 13229 165
13229 9900 184
20155 27814 188
2974 3902 212
20155 30823 218
4300 8214 270
8214 3485 26
3485 11209 193
8168 48242 279
14567 3565 289
5014 25605 306
25605 32906 76
32906 14432 94
14432 46771 217
4409 1424 314
2090 1705 314
1705 751 190
751 34602 119
751 3023 172
3023 25222 178
25222 14405 217
14405 31120 130
34602 26395 269
14405 24326 280
26395 17579 284
17579 22352 19
22352 7986 16
7986 46227 26
7986 17263 184
17579 1479 217
1479 2248 67
2248 29174 25
29174 13821 123
1479 6437 158
2248 4281 189
4281 20668 199
20668 17851 80
17851 26123 44
6437 43401 208
2248 35063 229
17579 28772 245
2248 4330 252
43401 34117 281
34117 26816 89
6437 39471 290
39471 16664 267
17263 8878 291
8878 2165 17
8878 37604 251
26123 44529 298
827 2418 314
2418 3276 40
3276 21123 307
21123 34133 109
21123 47205 156
261 2966 314
28476 3447 314
14567 3726 314
3726 7170 6
1919 3952 314
3952 48508 100
3952 36083 145
1398 4152 314
31405 4356 314
27623 4412 314
4412 15806 106
15806 28589 111
4412 18343 181
4412 47376 266
47376 48539 107
47376 39936 267
39936 22757 81
22757 21260 140
4412 19381 278
19381 37073 168
19381 2311 267
2311 40759 106
18343 47390 305
25936 7014 314
7014 42078 294
29467 7596 314
7596 12266 139
10760 8783 314
10395 9075 314
9075 30935 12
9974 10229 314
43604 10758 314
10758 4784 173
10758 39857 190
7362 11248 314
9980 12457 314
12457 20725 105
44054 16778 314
13285 18170 314
18170 39466 236
31165 18426 314
18426 14534 209
14534 30642 77
30642 47244 14
47244 36924 134
36924 12102 38
14534 36382 150
36382 15082 184
36382 18780 218
18780 29533 139
30642 26337 270
26337 49369 52
49369 34943 231
34943 7707 199
34943 48245 210
30642 1990 310
1990 8837 146
8837 29435 177
8837 3323 214
3323 3213 198
3323 16204 250
3213 46520 254
36924 26771 311
14757 19297 314
19297 25952 148
13518 22881 314
18961 27495 314
27495 36603 47
36603 24936 94
27495 37266 187
24936 22522 215
22522 19368 57
19368 23253 7
22522 49475 197
49475 31620 241
19368 8011 270
8011 43742 155
43742 28135 82
27495 49415 291
24936 43852 299
43852 39632 31
27572 29646 314
29646 46190 226
46190 44718 40
44718 21314 155
21314 27037 157
21314 24904 196
44718 41502 240
41502 30808 237
30808 23642 95
23642 297 72
297 12143 165
30808 34240 193
297 6236 204
6236 33746 217
6236 13173 238
297 2593 281
41502 29561 287
2593 35776 301
35776 47641 14
35776 35099 89
35099 49227 137
49227 49642 51
47641 3571 143
3571 555 102
47641 3407 163
3407 30391 135
555 600 238
600 28238 241
28238 42648 71
49642 12592 242
12592 4000 254
49227 29171 256
29171 15207 226
30391 6112 262
6112 38255 202
38255 13643 136
13643 9877 85
30391 47271 299
15613 29783 314
8192 30682 314
30682 29622 57
30682 14377 83
29622 13519 219
13519 12735 237
12735 36678 231
36678 35638 204
12735 18318 282
18318 36458 242
18318 21553 243
18318 19915 263
18318 12130 280
29622 32410 291
32410 29136 81
29136 17907 102
29136 25537 160
25537 44584 251
19915 41263 291
41263 1390 69
1390 38877 146
1390 47110 266
47110 26986 183
26986 30219 118
26986 19306 205
12130 16252 306
16252 19865 239
25537 22615 308
22615 20455 124
20455 28015 134
20455 8455 223
34653 38144 314
18981 38543 314
32283 39006 314
29138 39412 314
39412 37735 147
37735 19536 23
37735 12747 43
12747 21451 133
19536 19010 278
19393 39594 314
16207 41332 314
41332 47198 33
47198 9834 229
9834 9046 160
9046 1387 163
42334 45199 314
45199 18714 240
18714 34448 138
18714 10169 155
10169 237 87
237 630 65
630 1094 64
237 47065 79
1094 8702 83
630 11739 88
237 543 136
630 16329 250
1094 3370 269
3370 8980 30
3370 22177 241
22177 48381 157
237 91 301
91 5824 34
5824 32560 55
5824 26188 176
32560 32825 224
91 4193 235
4193 47221 2
47221 2093 173
2093 2027 114
2093 24001 156
24001 39953 162
32560 23218 263
23218 12407 221
47221 22234 272
8980 21199 308
2093 14507 312
44684 45520 314
45520 32748 109
27291 47891 314
31186 49217 314
49217 14795 236
41 130 315
78 175 315
175 344 154
344 13419 49
175 10709 270
26822 551 315
551 31790 216
551 32331 269
32331 44962 30
44962 2051 154
2051 6135 259
15009 1048 315
152 1276 315
1276 6319 69
6319 12694 158
12694 23136 21
23136 39419 177
6319 7492 207
7492 32158 191
1513 1562 315
1562 4913 63
1562 28642 97
3579 1831 315
450 1851 315
1851 5694 97
5694 13346 141
5694 30070 301
13346 30921 309
560 2358 315
3616 2427 315
2427 15841 35
2427 21748 231
21748 9133 267
9133 21363 151
21363 16479 186
1188 2616 315
2616 3481 12
3481 17497 181
5436 2808 315
2808 25713 121
25713 31108 27
31108 27370 93
27370 49057 203
2808 41902 271
41902 6064 176
41902 19636 240
19636 37551 82
17457 3012 315
3012 12507 221
12507 14841 260
3472 3949 315
10197 4433 315
5879 6189 315
6189 6252 57
6252 35277 8
35277 27880 95
6252 8254 131
6189 20554 219
20554 22648 30
22648 48598 53
48598 34469 5
34469 12153 257
12153 41341 124
34469 10536 305
10536 10671 137
10671 11087 260
10671 20311 281
20311 6093 203
6093 202 235
202 712 167
712 24592 45
24592 41046 139
712 5315 154
5315 45971 36
5315 42722 62
5315 6206 104
6206 19512 136
45971 16272 211
202 812 230
812 38537 203
16272 31244 251
31244 25299 63
44371 7322 315
7322 10231 124
10231 26722 142
18462 7686 315
7686 1029 18
7686 11171 251
11171 44160 144
11171 11269 204
11269 16084 21
11269 3061 97
3061 43290 104
43290 6095 196
6095 42986 73
42986 25407 105
7686 39776 262
3061 7357 309
996 7735 315
9155 8147 315
16223 8634 315
21970 9311 315
14646 9589 315
43755 10453 315
10453 3312 191
10453 23195 206
23195 1897 175
1897 25107 70
25107 14822 117
1897 10207 120
10207 12036 81
22624 11822 315
32197 13265 315
90 13509 315
13509 39893 118
2380 14214 315
24688 14547 315
14547 45747 259
45747 12258 89
4933 15597 315
15597 47448 158
47448 45254 120
45254 35675 109
35675 18847 32
18847 37692 4
37692 29043 47
15597 33596 243
35675 37879 258
3235 16978 315
11748 19651 315
19651 29987 101
2108 19852 315
4455 23355 315
19944 23767 315
23767 3961 185
42930 23793 315
19610 24858 315
12209 26937 315
4166 27466 315
33416 29112 315
29112 11400 96
11400 12368 282
12368 15494 200
12368 40750 226
13238 29890 315
29890 2030 253
2030 12089 279
12089 16996 51
16996 19681 238
12089 29978 297
31229 31288 315
31288 45095 162
5100 32240 315
32240 42380 203
7650 32441 315
32441 44419 67
44419 14639 157
44419 39449 194
10109 34965 315
34965 27484 261
27484 21226 8
21226 14141 108
14141 28848 132
14141 947 248
947 18355 61
18355 30475 34
18355 17456 118
18355 33959 167
18355 21671 253
21671 47258 65
14141 20762 304
20762 2677 262
38820 37446 315
11174 39537 315
39537 11773 252
11773 9498 66
9498 36137 180
9498 4212 294
44863 41965 315
41965 37641 276
10854 43261 315
20599 44255 315
44255 27895 276
41876 44322 315
41770 45305 315
10359 45456 315
45456 44184 207
49039 46285 315
6571 46929 315
46929 49888 165
45783 47530 315
44532 48519 315
6646 49283 315
49283 23574 173
40395 49855 315
20835 1442 316
1442 30197 14
1442 44424 87
44424 13386 154
1442 19601 158
19601 46663 43
19601 45964 58
45964 44572 200
1442 18392 230
18392 13169 74
13386 12954 275
12954 15899 209
12954 12824 274
12824 29079 38
29079 8091 10
12824 12857 74
12857 17053 20
29079 12321 113
17053 36109 274
12954 1015 286
1442 9301 289
49108 2076 316
1095 2758 316
2520 4541 316
2507 4759 316
45203 7426 316
7426 11618 38
11618 24079 215
11272 7687 316
7687 17788 89
21990 8250 316
30192 8351 316
8351 18886 11
8351 4544 142
4544 49181 20
8351 27307 229
2106 8547 316
45549 8943 316
8943 2914 305
2914 12763 296
9731 9066 316
9066 49634 88
16509 9556 316
9556 29070 154
29070 13350 247
13350 15513 115
13350 17841 237
17841 9811 212
9811 30975 24
17841 31878 294
31878 38349 44
31878 12280 204
12280 43624 23
15513 36050 305
1179 10228 316
21470 10794 316
10794 40624 66
10794 32457 86
40624 13724 127
40624 41772 218
41772 26774 69
26774 40955 66
32457 22846 230
22846 24481 1
22846 34152 256
26774 25479 263
25479 15234 80
34152 49588 274
49588 19829 93
19829 18582 10
19829 17002 250
17002 6836 65
49588 18095 252
18095 15861 278
15861 15997 58
15997 9920 169
9920 24485 113
24485 6472 202
24485 5723 211
28235 10920 316
10920 44595 222
44595 38664 197
38664 4713 50
4713 21400 70
4713 9480 178
38664 14630 183
9480 45086 196
4713 6897 198
14630 2775 201
20237 12526 316
9215 13005 316
13005 35740 189
35740 37931 33
35740 13778 110
13778 40883 166
11248 13666 316
10585 14074 316
6418 14118 316
10471 14330 316
2578 15303 316
15303 8129 316
8730 16782 316
702 16807 316
16807 6711 19
16807 32015 65
6711 8757 87
8757 13600 195
13600 46156 152
13600 16381 231
13600 23453 269
31048 16957 316
16957 38681 24
38681 40441 120
40441 46850 36
40441 17488 281
17488 41814 203
41814 32408 301
32408 48801 162
1299 19819 316
19819 21744 23
21744 44727 308
21934 20456 316
20456 29776 90
20456 20587 130
20456 27274 260
27274 30622 179
30622 12625 189
27274 26651 191
26651 34108 89
12625 39626 238
39626 23923 162
23923 42001 29
42001 35619 132
35619 14065 266
39626 49374 272
49374 7064 213
14065 26021 303
8315 21054 316
21054 29033 312
47077 23964 316
12656 24504 316
46993 24525 316
44990 24967 316
25711 25862 316
27633 28016 316
28016 21242 131
21242 16035 75
4638 28702 316
49696 28802 316
28802 49848 161
49848 25791 107
25791 32674 220
32674 8682 97
49848 12786 221
12786 12204 170
12204 33721 163
12786 39792 213
25791 15488 239
15488 11279 151
25791 19857 240
19857 36029 134
36029 48735 89
36029 49348 109
28802 30835 261
19857 6876 296
6876 25006 130
6876 3908 301
3908 14284 206
3908 628 215
628 32800 2
14284 25048 246
14284 605 306
605 25835 184
25835 40485 50
25835 21154 112
605 2122 190
3290 29259 316
18829 29402 316
37868 30426 316
30426 27383 4
17575 31057 316
49897 31714 316
31714 38066 219
38066 9497 163
45796 32018 316
14330 32031 316
12704 35380 316
35380 33226 87
33226 48935 46
22509 36993 316
36993 12367 271
12367 46036 224
30962 37741 316
29693 40385 316
40385 8880 123
1232 41406 316
41406 34775 174
12956 42852 316
11662 43397 316
43397 42553 12
42553 35847 66
41401 43913 316
33348 45334 316
45334 35430 6
45334 45530 210
14162 46168 316
17977 48536 316
45648 49007 316
49007 4474 85
49007 49798 140
16048 2997 317
2997 5647 294
635 4244 317
4244 33023 44
4244 34070 117
4244 19786 140
19786 31117 214
49407 4978 317
6856 6586 317
29034 8055 317
8055 20228 42
20228 41390 61
685 8149 317
8149 35211 81
8149 32750 119
32750 20471 147
2727 9592 317
9592 48543 290
48543 38796 9
23815 11130 317
11130 40228 131
12005 11895 317
11895 27619 53
27619 13619 173
27619 45340 293
12956 12002 317
12002 49896 201
42341 12560 317
12560 33925 242
33925 16927 112
6633 12958 317
8188 14707 317
14707 41940 135
11726 16544 317
16544 22932 5
22932 23659 72
23659 19807 245
19807 28740 311
28740 31162 123
28740 15805 276
15805 22560 266
22560 47936 61
15805 16412 316
16412 45384 134
16412 49723 181
19807 34242 316
30996 17366 317
11063 18084 317
18084 23512 205
18084 14721 307
14721 29123 262
14721 22157 265
30913 18576 317
9296 19648 317
19648 21171 158
21171 1652 93
31673 20035 317
20035 29049 250
29049 32473 246
19596 20111 317
20111 37493 178
19620 20604 317
20220 22434 317
22434 13395 231
13395 19728 235
19728 42435 263
19728 20191 312
20191 39295 90
21569 23396 317
8418 24127 317
18426 26277 317
26277 2695 193
2695 2332 72
2695 3381 140
3381 46180 155
46180 35709 66
46180 11221 158
2332 39487 198
3381 20594 200
26277 22335 201
22335 8642 119
11221 36451 242
36451 41793 56
36451 21561 99
21561 14000 2
36451 38532 108
39487 14068 251
14068 16475 70
46180 27014 281
27014 45376 213
27014 4435 257
4435 32256 161
32256 39854 33
32256 10676 49
2332 428 306
428 3391 163
428 6713 164
6713 32669 84
32669 32648 67
32669 40091 131
40091 32345 295
32345 46073 74
32345 25899 182
45376 49660 314
18871 28959 317
48889 30664 317
35541 33492 317
8222 33981 317
33981 45951 251
45777 33987 317
43899 35094 317
35094 1039 142
1039 8275 265
8275 9110 33
8275 43264 55
8275 30078 118
30078 18713 19
18713 17151 255
1039 8158 290
8158 35971 34
8158 5417 237
5417 2869 133
8158 6610 299
6610 48489 297
18713 30314 304
48871 37503 317
37503 46868 45
24285 38209 317
25285 40814 317
19170 42741 317
39273 45470 317
30068 47673 317
32782 48200 317
48200 21764 219
3571 192 318
192 45758 278
45758 24516 200
24516 9490 181
9490 43239 136
43239 12134 131
12134 31824 99
5402 444 318
22667 2299 318
177 3009 318
3009 11286 5
3009 4093 169
4093 7732 157
7732 11528 99
11528 15653 32
11528 14378 176
11286 48398 176
14378 17850 242
17850 46480 233
48398 29333 257
4093 4489 297
4489 14839 103
14839 34980 147
4489 30268 211
541 4189 318
4189 1863 265
21497 6144 318
6144 26828 215
26828 39897 209
39897 39083 55
39897 12456 148
43748 6166 318
28963 9291 318
9291 44297 190
15468 10001 318
10001 23779 192
10001 12742 294
12742 28612 76
12742 20849 137
20849 48914 77
28612 46593 159
28612 35528 258
48914 49701 315
25843 11844 318
40613 13211 318
13211 24264 139
24264 40717 98
40717 34727 222
34727 47118 105
13211 44041 302
44041 48665 51
48665 29003 229
3521 13741 318
13741 14782 205
14782 34300 190
14782 28414 262
34300 45810 295
14967 14597 318
12371 17610 318
17610 48179 21
17610 14223 126
14223 41347 141
48179 42026 183
6108 18841 318
18841 34084 243
34084 28321 39
28321 39472 81
44186 19024 318
2226 22072 318
22072 36252 126
26956 22238 318
6706 24172 318
32674 27195 318
12469 27301 318
23825 27367 318
20275 29782 318
35180 30770 318
7666 32803 318
8481 33183 318
33183 9283 204
9283 7799 33
7799 26175 116
26175 2666 196
2666 24541 40
33183 39928 226
39928 14622 12
14622 26896 11
14622 27414 106
26896 27854 172
26896 32732 247
783 33912 318
47061 37091 318
37091 24397 5
37091 33315 177
8820 37842 318
37842 23696 207
23696 21057 210
37842 34892 222
23696 41539 264
12890 39796 318
16629 41853 318
694 43974 318
29219 44851 318
10057 44909 318
44909 30796 173
30796 32730 211
10758 46886 318
13013 49807 318
181 295 319
295 12609 269
295 374 288
374 1026 135
374 39370 297
27469 387 319
387 34504 235
34504 2175 270
2175 30148 41
30148 20754 103
20754 5758 103
5758 36242 151
36242 19472 132
30148 25067 203
34504 23200 281
23200 34967 47
34967 12837 45
23200 29953 73
12837 5318 78
23200 13579 83
12837 22122 85
34967 1211 110
1211 2273 203
2273 19254 28
19254 38632 193
38632 45075 220
1211 24652 287
2175 427 292
427 49832 52
49832 18471 66
2273 14430 292
19254 41474 294
2140 2350 319
2350 6460 30
2350 2463 60
2463 3545 15
2463 31875 181
3545 47623 184
47623 42176 18
42176 12485 235
2431 2576 319
2576 21111 59
21111 37004 148
2576 8686 164
37004 1330 174
8686 30007 210
8686 40353 256
3716 2657 319
2657 6435 308
6435 10340 78
18126 2707 319
2707 1158 76
2707 5484 155
2413 4539 319
42392 5740 319
5740 13630 172
13630 36688 165
36688 31416 49
5740 30919 176
5740 13239 187
5740 364 291
364 705 100
705 9509 61
9509 21993 24
705 13990 247
9509 5395 250
5395 9551 45
5395 390 231
390 5801 227
705 1085 261
364 1696 276
1696 5078 36
39351 8557 319
8557 29022 66
29022 38302 65
8557 32770 123
32770 15126 294
2506 9527 319
305 9602 319
2322 9671 319
9671 25810 222
6971 10046 319
10046 38711 72
38711 3509 67
3509 7165 158
7165 6268 28
10046 6287 164
7165 4209 181
6287 3785 226
3785 17092 201
4209 16080 281
6268 6934 284
6934 34047 150
34047 4787 226
4787 5439 4
4787 5487 149
5487 9926 250
9926 31346 58
9926 10919 143
6287 26888 310
18548 11225 319
1400 11848 319
19505 12228 319
13238 12867 319
12867 24430 186
24430 22327 308
1802 16091 319
16091 44114 174
44114 49481 21
49481 40704 41
49481 40686 113
40686 24674 39
24674 17108 27
40686 35294 137
35294 38512 126
49481 227 138
38512 38980 236
40686 17698 263
35294 25515 270
25515 25900 219
25900 41725 193
41725 42199 139
17108 17677 281
44114 12379 289
12379 28528 263
38512 22416 298
22416 33685 53
33685 18089 48
22416 36540 124
18089 41110 169
41110 22094 117
22094 18976 55
22094 29530 99
41110 46770 179
17698 477 301
477 1455 31
1455 20643 105
1455 17849 111
477 5414 150
1455 32620 152
22183 16693 319
22499 16746 319
16746 36855 134
36855 41011 165
36855 42837 236
3443 16977 319
8528 17199 319
29728 18134 319
22186 18867 319
9462 18900 319
40306 18974 319
18974 14393 160
14393 11301 30
18974 20911 184
20911 2925 185
31758 21599 319
4701 21813 319
21813 11920 145
11920 7405 190
11920 18727 231
18727 38478 38
38478 39431 146
46483 22661 319
22661 6384 119
17485 22730 319
22730 46892 50
22730 30312 87
30312 24000 313
10328 22803 319
22803 38275 172
38275 42281 57
22803 36326 275
42281 40432 290
38275 32500 294
32500 6536 37
6536 35545 27
32500 9214 223
9214 29189 293
29189 4608 223
4608 18551 75
4608 17629 94
17629 21040 69
4608 47908 172
47908 4630 177
4630 980 52
18544 23298 319
24042 24197 319
7316 24999 319
24999 1339 272
1339 49960 234
24999 8038 305
6969 25724 319
25724 46757 155
13175 26293 319
26293 5585 146
26293 32538 210
32538 3458 110
5585 16169 240
16169 21385 130
16169 34651 224
21385 34534 307
14666 26842 319
26842 23583 61
23583 31470 172
42473 27810 319
27810 34013 61
34013 35994 281
35994 10693 8
10693 10554 90
10554 44503 252
44503 10243 181
1093 30340 319
21285 30822 319
16064 35122 319
5290 36601 319
36167 37951 319
44523 39231 319
39231 24620 129
24620 18820 66
24620 44181 179
44181 39627 54
39627 38509 115
39627 25021 122
38509 21542 134
38509 13726 161
13726 7979 142
44181 46236 183
25021 48919 211
66 40116 319
40116 46162 32
28606 40426 319
47992 40646 319
7205 41875 319
13136 43427 319
14648 43564 319
19571 44629 319
44629 11047 221
11047 12353 68
11047 20248 284
20248 37539 251
40862 45903 319
45903 44007 170
44007 36549 31
36549 25803 181
36549 22038 227
25803 38626 233
15538 47703 319
17366 47806 319
3767 47810 319
2709 48824 319
48824 14177 315
14177 31007 23
31007 41436 62
14177 41650 108
41650 43593 261
218 48948 319
672 756 320
756 20407 26
756 1335 305
1335 1867 9
1335 2137 21
1335 17994 192
17994 44889 131
1335 4596 234
4596 9815 94
2137 5255 268
5255 47349 78
47349 6330 34
6330 4266 260
4266 8641 252
8641 8664 49
8664 30420 186
8664 27843 254
17994 38854 270
38854 11851 155
777 824 320
2928 1051 320
1051 20117 129
1051 11357 247
11357 48953 162
11357 24315 242
24315 13159 68
24315 27530 102
27530 37277 20
24315 16526 151
13159 4570 239
4570 25855 180
13159 15406 292
19158 1462 320
1462 23174 42
23174 32444 49
1462 33319 94
1462 1306 168
1306 42465 150
42465 46923 158
1306 14332 170
14332 13174 44
33319 35267 201
35267 37775 101
471 1756 320
554 3316 320
38181 3499 320
2382 5584 320
5584 20013 172
20013 23565 89
20013 33263 114
5584 9783 242
9783 16915 30
16915 33066 109
9783 10782 191
10782 39963 162
33066 35232 285
35232 44868 225
44868 11165 198
11165 33543 303
22297 5883 320
5883 4802 180
4802 7937 48
7937 25697 113
4802 7864 244
7864 11082 262
4802 19640 268
5883 32729 268
4802 24635 278
4280 6503 320
6503 40776 313
113 7816 320
345 7956 320
7956 48073 63
44953 8808 320
8808 43133 90
12865 9843 320
11198 11529 320
552 11699 320
12077 14607 320
14607 15507 217
15507 5583 48
5583 12142 36
15507 29046 66
15507 41999 109
41999 35246 297
35246 8479 214
8479 2544 121
2544 6074 147
8479 23349 149
2544 4035 256
14618 15239 320
3271 15414 320
15414 40196 25
974 15743 320
15743 47034 149
47034 34204 215
34204 30486 177
38087 16375 320
14566 16800 320
16800 35261 303
39378 18503 320
18503 6774 213
6180 18676 320
15196 19045 320
49723 19508 320
19508 37223 209
46507 20411 320
4495 20553 320
20553 33848 115
33848 61 130
61 24754 122
61 89 141
89 3715 111
3715 43878 133
29836 21708 320
21708 38383 29
15201 23862 320
23862 2726 148
2726 46909 11
2726 8107 157
23862 31325 284
20631 25623 320
25623 18996 68
18996 32126 230
2382 26434 320
26434 6761 2
26434 13180 32
6761 34649 65
6761 2724 136
26434 30899 193
6761 35898 315
13859 27299 320
27299 26825 137
26825 13561 67
27299 12898 195
13561 3340 200
3340 2036 143
26825 42763 293
39837 27349 320
37388 29119 320
31882 29525 320
29525 34344 99
29525 33864 180
33864 28677 22
29525 16661 236
27412 30386 320
30386 15528 89
15528 11887 252
20711 31060 320
31060 42589 203
35915 31126 320
18525 32862 320
12772 33681 320
33681 30875 89
30875 49041 116
30875 34685 237
17317 33892 320
5726 34904 320
34904 24443 8
24443 38937 202
38937 24149 233
34904 48338 275
23740 36225 320
36225 17947 303
21769 40231 320
40231 21005 54
21005 13856 57
21005 13188 61
40231 43259 146
13188 39222 156
13188 5689 181
13619 41485 320
41485 25066 171
35070 41720 320
41720 14714 169
32358 44864 320
3549 45891 320
45891 4442 112
4442 5573 30
13700 46782 320
49514 48806 320
48806 6977 222
6977 9408 32
48806 17495 301
17495 20683 33
20683 33205 106
33205 20351 27
20683 24664 184
24664 30829 168
20683 9541 215
20351 6215 263
6215 25386 95
24664 165 280
9541 18283 290
18283 43538 19
43538 30987 17
30987 6714 61
30987 26195 63
30987 29994 167
43538 42601 275
20683 40539 293
801 49199 320
8 367 321
367 15769 7
367 2955 120
2955 7134 22
2955 11471 94
11471 21240 105
367 30983 307
12703 1843 321
1843 22359 158
3144 3408 321
3781 3531 321
3531 30339 90
30339 22706 43
3531 21982 190
21982 5034 75
26036 3844 321
1031 4271 321
4271 37069 6
4271 15132 15
4271 18784 177
18784 39041 140
39041 49002 58
39041 14700 73
14700 435 137
435 355 18
435 46632 64
435 39061 93
18784 1253 184
37069 49253 187
1253 40229 194
435 30950 229
435 21425 252
355 748 254
748 23018 80
23018 33942 226
435 24261 259
435 1195 286
1195 40455 155
24261 25822 293
25822 47949 41
25822 39798 187
748 47107 294
47949 20996 310
46632 42021 310
33942 30327 318
548 5266 321
5266 43968 31
43968 21472 55
5266 12233 131
43968 8546 224
8546 29750 9
8546 23667 101
8546 7828 104
7828 4502 86
4502 9165 34
8546 35834 233
29750 17394 299
17394 44215 46
44215 4264 271
8546 19031 306
4570 5931 321
12837 6122 321
6122 12030 291
40115 7093 321
7093 48472 313
59 8501 321
8501 10431 295
10431 14720 86
14151 9826 321
18551 9855 321
453 9897 321
1735 10335 321
10335 19371 12
10335 34134 77
19371 18144 275
18144 29093 288
1183 10769 321
8262 11361 321
44615 11426 321
11426 23694 307
23694 43234 259
43234 43529 61
43529 34037 122
1002 12793 321
25459 12803 321
12803 20935 34
12803 10195 122
12803 1046 211
1046 40172 92
1046 8493 158
40172 31715 236
10195 32451 272
23659 13314 321
2157 16950 321
10756 20763 321
15454 20769 321
36649 20916 321
38575 21710 321
21710 23929 23
21710 10544 87
21710 13250 198
13250 15587 277
43487 22872 321
33425 23353 321
23353 18180 76
18180 38563 26
18180 14746 118
14746 29888 224
29888 21915 74
21915 15149 71
15149 49931 119
29888 2629 173
23353 43821 293
43821 38321 47
38321 6039 31
43821 8232 135
6039 5657 188
5657 34594 195
6039 11230 266
11230 40317 119
40317 14661 30
14661 34177 98
11230 39337 190
38321 23190 271
23190 7376 34
23190 41945 210
14661 45349 279
34594 19264 302
19264 27912 192
19264 3862 289
27912 22994 305
21915 22963 308
18180 29993 309
38321 19392 311
8232 34025 313
18180 28637 318
5657 4995 320
4995 22161 75
4995 20287 156
20610 24872 321
24872 43784 149
1821 24962 321
24962 31500 257
48315 25201 321
25201 20613 262
20613 30708 235
23617 25737 321
9448 27935 321
13466 29180 321
29180 2718 99
2122 29325 321
3821 29629 321
11854 31757 321
14125 37166 321
37166 26677 52
37166 9711 286
9711 9141 278
9711 32958 285
30211 38893 321
6859 42454 321
30725 42652 321
42652 39026 310
39026 6884 145
6884 26874 210
8880 45721 321
45721 18748 17
45721 29930 60
1794 45745 321
11917 47053 321
15273 47537 321
47537 9995 49
12813 47876 321
2457 48990 321
48990 3985 98
3985 8548 8
8548 12509 7
8548 11232 257
47572 1541 322
1541 2437 190
2437 8074 66
8074 47395 164
47395 18310 78
18310 12607 137
47395 47461 158
47461 12754 78
12754 3171 35
1541 2626 244
8074 6260 255
12607 20676 270
20676 31092 61
31092 31503 25
31503 2801 300
2801 6395 20
2801 3923 220
3923 6120 262
6120 1993 65
6120 11125 178
11125 40509 21
11125 9600 146
2801 4510 268
6120 19922 274
2801 31808 276
11125 26333 278
26333 41410 108
3171 39593 311
43385 2038 322
2038 47907 236
312 2071 322
2071 46455 69
46455 41080 95
41080 47284 18
47284 31317 287
9260 2280 322
2280 10943 40
2035 3397 322
8660 4835 322
4835 20511 33
4835 4839 133
4839 3590 177
3590 8268 27
3590 44610 223
44610 3080 98
44610 1767 118
1767 41028 108
41028 44653 181
44653 23363 49
4835 7824 228
7824 4863 157
3590 2810 232
20511 37560 275
5310 6642 322
29930 6870 322
6870 842 113
842 523 98
523 9633 112
9633 4201 94
4201 17980 258
45656 8176 322
43039 8491 322
8491 31563 32
20258 8988 322
8988 36237 1
36237 11058 88
11058 17297 291
29210 9223 322
9223 4729 43
9223 11397 180
4729 18082 258
46391 9681 322
9681 13542 4
6084 10097 322
10097 1730 206
1730 8977 262
8977 7908 210
7908 24166 150
24166 34222 238
8977 20045 305
20045 22339 107
22339 13998 298
13998 23971 74
8664 12307 322
24549 14767 322
3283 14954 322
14954 43816 39
43816 1109 75
43816 17237 210
32404 15139 322
13665 15250 322
4098 15296 322
15296 42245 21
19000 15487 322
15487 14477 57
32031 16677 322
16677 14376 36
16677 22685 136
22685 38984 116
219 18697 322
1307 18848 322
20208 20918 322
35528 21129 322
21129 28550 291
21129 33924 306
33924 44609 25
36172 21557 322
136 23009 322
36688 23235 322
11639 25956 322
25956 22644 248
22644 11418 93
5081 26881 322
26881 37112 10
26881 9649 115
9649 37738 244
27004 27528 322
27528 7636 24
7636 14634 256
14634 35233 111
14634 23553 208
20015 28313 322
25640 29744 322
26626 30105 322
7324 30683 322
33385 31625 322
31625 42960 123
19807 31974 322
31974 38174 91
31974 27012 120
27012 18796 21
27012 25143 120
25143 40119 296
40119 14280 71
40119 11891 202
11891 7244 106
11891 14269 190
14269 22550 45
14269 35533 133
35533 46290 66
46290 16637 114
46290 47515 180
16637 20606 229
20606 1485 6
1485 4880 265
1485 48831 279
38174 47918 318
47918 37324 228
37324 41900 186
28807 32968 322
32968 32742 137
32742 39011 128
32968 48021 290
18434 35426 322
35426 33419 245
33419 3544 152
27262 39226 322
39226 27232 248
27232 33024 123
27232 48241 248
31745 40444 322
30469 42122 322
32392 42623 322
20802 43196 322
43196 27691 160
27691 26405 147
26405 21654 76
27691 29048 150
26405 4748 192
29048 15193 260
21654 23171 282
34911 44848 322
19898 45326 322
45326 15727 5
15727 10462 313
10462 21043 48
10462 35146 186
10462 9433 240
9433 41899 250
35146 13563 316
42324 47199 322
47199 4119 142
4119 28671 266
13595 48141 322
48141 31098 182
31098 38874 252
38874 48367 162
615 395 323
395 9186 50
395 14221 194
14221 32415 128
32415 26797 101
32415 48637 237
395 2582 277
2582 34746 253
395 7356 317
202 983 323
46129 1118 323
1118 1167 250
1118 8448 294
8448 40144 239
40144 19080 233
19080 16406 121
12211 2574 323
2574 2782 114
2574 1606 214
1606 47175 84
47175 37674 22
1606 3724 231
3724 22592 108
22592 29437 216
29437 4657 15
1606 30061 287
20035 2953 323
2953 43811 9
2953 32162 130
32162 43639 269
43811 13881 315
4637 3003 323
3003 3865 256
6703 3120 323
3120 30204 54
422 4666 323
26547 5776 323
5364 6272 323
6272 7323 176
6272 24530 189
24530 30785 87
6272 12314 242
12314 22772 64
22772 30299 53
30299 14087 52
12314 33663 79
33663 23482 97
23482 27152 17
22772 28751 117
33663 33470 120
14087 25147 140
12314 5434 160
33470 43542 205
43542 31747 35
7323 11731 264
11731 6966 164
6966 55 207
55 28788 175
28788 12076 203
12076 9398 200
9398 40486 22
12314 32337 271
31747 17868 286
22772 35117 305
35117 22984 62
22984 30714 173
23482 46752 306
46752 15465 299
15465 43891 12
15465 4104 73
4104 48243 239
43891 15403 278
15403 9272 41
9272 31365 279
31365 6832 117
6832 17024 59
6832 28012 223
6832 19953 255
19953 11123 212
11123 49739 288
22772 25895 312
6832 33305 320
21268 7548 323
35007 9717 323
9717 14353 248
14353 5226 119
14353 44943 163
44943 45213 16
5226 30023 249
30023 34976 202
44943 34269 308
21198 9977 323
9977 14140 67
41239 11119 323
11119 9713 70
11119 47772 213
11119 44373 278
9713 1649 289
1649 38495 14
9054 11422 323
10328 11578 323
2581 12496 323
12704 12791 323
12791 30474 96
12791 33271 162
5685 12952 323
11722 14107 323
14107 34847 128
15948 15438 323
15438 4129 291
9198 18475 323
18475 31333 40
18475 45172 41
31333 37243 87
45172 42064 225
23841 18936 323
18936 19589 154
18936 4924 184
24275 19489 323
19489 29492 91
9826 19502 323
38073 20813 323
30228 22516 323
36530 23192 323
38841 23280 323
40757 23499 323
23499 21772 45
21772 47714 79
21772 31493 183
4791 23940 323
23940 7714 73
7714 6682 77
32748 24550 323
24550 29672 194
29672 32346 291
32346 40856 124
40856 44650 153
44650 27504 191
27504 26805 161
26805 17249 147
40856 31201 277
45283 24591 323
24591 22430 220
39975 26067 323
28043 29547 323
21915 29821 323
29821 28069 181
28069 21468 63
32701 32349 323
5983 32920 323
11400 33743 323
38249 34002 323
34002 180 53
180 64 149
64 6877 113
64 1605 272
1605 2753 124
2753 17272 13
2753 161 122
161 13289 191
161 44052 199
44052 32057 30
44052 33583 192
33583 24819 9
33583 36136 147
33583 4358 188
24819 46264 203
36136 11768 204
2753 17424 220
1605 4333 223
17424 3180 236
3180 38085 164
38085 26923 86
26923 36824 173
3180 11674 219
17272 4923 243
4923 40617 53
3180 20158 251
180 39497 282
40617 41432 287
41432 37252 262
41432 15713 310
15713 16758 18
16758 45670 28
15713 13497 79
13497 4483 169
45670 37849 303
37849 42798 294
42798 31944 68
4483 14519 323
42249 35114 323
35114 6118 47
6118 43352 280
28959 35273 323
16716 35522 323
35522 39249 45
35522 37238 130
39249 39390 149
35522 39728 155
35522 1673 235
39390 45450 236
45450 20901 102
39728 35129 302
35129 3192 96
3192 26069 101
3192 2209 192
2209 1604 151
1604 1469 5
1604 9033 127
1469 3530 173
2209 33639 187
3192 8624 231
8624 9828 100
3530 33277 310
38296 36204 323
36204 47881 174
47881 24436 262
36204 40724 268
40724 30740 90
47881 12424 310
12424 8530 51
12424 39716 101
17777 37078 323
37078 10074 154
10074 8048 238
8048 2319 304
2319 7755 183
7755 21719 107
41733 38363 323
38363 5067 202
5067 5368 192
25000 38603 323
38603 46225 13
38603 49382 51
46225 4592 73
46225 40839 142
49382 44021 291
45992 40484 323
40484 29774 254
29774 34687 100
24192 44849 323
44849 25128 124
25128 49656 142
511 46737 323
1936 47643 323
47643 38882 47
47643 23581 85
23581 13306 51
13306 27720 57
27720 40354 68
40354 38040 70
23581 42291 85
27720 48064 145
23581 4870 148
38040 26895 194
26895 22916 215
42291 41399 232
38040 31855 243
22916 25065 304
25065 24911 258
44461 415 324
415 591 143
415 34962 162
9220 1600 324
1600 4039 60
4039 32676 111
32676 22649 77
1600 28598 178
32676 47546 219
4039 15031 287
15031 11411 60
22649 11879 315
21448 6653 324
33949 7194 324
7194 16825 98
16825 35687 115
7194 35746 212
35746 1589 239
1589 15633 93
1589 25355 139
25355 24623 76
24623 15548 247
8796 8828 324
25006 11593 324
11593 36062 105
16679 12109 324
19395 13811 324
3938 14116 324
27478 15537 324
15537 26517 139
26517 31842 14
31842 12449 172
12449 29869 308
18513 15656 324
23709 16085 324
16085 43012 37
43012 38857 25
16085 16658 171
16658 2136 98
15482 17996 324
17996 46889 52
5768 18732 324
18732 28709 68
18732 30639 92
30639 33232 315
33232 42712 29
43852 18963 324
11832 19796 324
19796 23153 190
23153 16387 2
16387 43066 106
7363 20909 324
17223 23067 324
23067 40965 4
40965 18137 323
18137 28097 124
18137 6728 151
6728 4925 195
6728 10307 219
4925 35761 296
22435 23388 324
14813 26007 324
17671 27861 324
27572 28595 324
19601 30653 324
5744 30782 324
22528 31505 324
39374 34089 324
34089 32354 262
41114 35557 324
35557 5219 134
5219 25035 280
25035 34068 102
25035 49257 142
13101 37065 324
37065 47950 87
37065 26374 109
26374 33624 201
26374 1669 239
1669 10273 265
35553 37813 324
37813 6360 287
6360 3287 176
3287 12871 20
3287 4334 79
12871 38748 121
38748 39450 156
6770 38108 324
11347 38768 324
12693 39191 324
39191 4983 278
4983 46843 294
28807 40396 324
40396 36646 240
30508 40502 324
47743 41188 324
41188 11175 23
38411 42961 324
42961 6133 300
6133 9446 313
9446 11704 277
23657 43744 324
43744 43295 149
451 44417 324
44417 905 49
905 4021 240
905 9209 252
35929 44657 324
44657 34263 249
34263 39038 71
39038 40430 72
46113 45705 324
20171 46406 324
16486 47449 324
47449 5396 133
5396 23309 94
23309 28164 36
47449 11897 179
28164 40653 230
5396 41699 284
28164 29296 308
29296 10642 258
939 1449 325
1449 10914 82
930 2291 325
2291 30586 90
2291 6103 99
6103 32246 111
32246 42056 3
2291 2893 148
2893 30053 19
2893 29464 135
32246 23042 213
23042 45617 71
45617 48221 69
23042 39016 169
23042 24148 271
29464 6183 298
16364 2519 325
29020 2608 325
2608 168 23
2608 46750 32
46750 34520 19
2608 36809 75
168 2983 184
168 12358 264
34520 5030 310
5030 35875 143
2054 3756 325
48260 4401 325
4401 13118 93
46719 4488 325
5008 6575 325
6575 47192 195
47192 34536 39
47192 13085 192
13085 18093 132
13085 26900 143
18093 23221 161
13085 7461 162
7461 8029 90
7461 12380 308
30265 7889 325
7889 23608 104
28027 8081 325
9349 8365 325
18874 10890 325
10890 4969 123
4969 3853 136
3853 35660 91
3853 8889 307
4969 26925 311
26925 41832 197
4969 39468 320
39468 21395 137
21395 48523 223
3853 6890 321
19770 11154 325
59 11839 325
11839 24675 68
11839 15242 155
11511 13060 325
13060 8478 185
8478 17171 281
36273 13729 325
18525 13883 325
13883 6109 113
6109 1285 136
5078 15825 325
30885 18502 325
5442 20152 325
10378 20367 325
36793 22313 325
22313 17504 96
17504 17320 119
22313 18530 282
34131 22640 325
47572 23519 325
23519 13739 212
13739 10123 168
10123 36037 169
36037 21207 1
10123 11213 303
7014 24268 325
24268 37880 104
37880 30528 320
27389 25109 325
38443 28413 325
28413 5748 35
25143 31067 325
11029 33256 325
33256 9257 246
9257 29182 55
9257 18960 65
18960 42551 15
18960 10669 56
18960 17535 148
10669 34508 201
34508 21493 154
9257 9472 274
9472 19130 194
19130 7042 110
7042 22601 90
19130 32691 110
7042 7659 148
22601 3268 189
3268 12971 157
19130 22462 284
22462 36972 210
33256 30565 286
19130 10963 293
10963 16133 48
16133 44147 118
44147 6839 161
22462 31746 303
31746 16523 175
16523 27147 59
18902 33447 325
33447 49281 76
49281 19581 128
33447 10474 217
12874 33785 325
33785 36461 234
33785 4208 277
4208 21443 252
21443 33241 110
38652 35157 325
22663 37354 325
37354 10390 108
37354 494 284
494 33940 181
494 775 217
19905 38435 325
38435 16595 15
16595 13456 36
38435 46303 96
38435 14275 129
13456 42002 242
44094 39186 325
39186 8307 222
8307 16577 194
8307 37697 211
37697 9483 219
9483 4250 173
8307 12068 223
12068 19317 234
12068 43609 268
31209 40564 325
13876 43002 325
12283 43528 325
42718 45401 325
30355 46018 325
49086 46559 325
46559 30059 261
30059 20877 98
20877 42227 110
42227 47004 20
42227 27685 84
27685 19521 11
19521 9268 174
9268 15013 39
47004 34078 212
19521 12602 230
19521 24031 244
27685 46107 269
47004 18888 272
18888 10298 4
10298 40830 58
10298 5467 138
40830 26751 260
12602 221 287
221 1005 40
1005 16273 97
16273 49040 23
16273 21976 168
1005 1482 279
1482 17700 77
17700 45948 98
45948 4420 126
4420 10349 90
10349 12979 57
17700 4834 176
4834 32911 130
4834 21139 144
21139 28847 158
28847 29827 90
29827 1282 117
1282 10311 39
1282 23714 101
28847 40170 118
23714 17093 170
17700 44715 278
10298 19539 293
18888 23669 305
34078 34489 309
42227 16209 310
12602 37362 313
24232 49973 325
49973 44917 144
49973 2664 289
2664 2767 275
2767 5017 318
5588 620 326
620 1022 237
1022 3193 252
3193 12325 170
3193 32213 195
12325 12975 201
32213 42939 243
620 564 267
564 26256 20
564 2150 132
564 1113 141
2150 4881 207
4881 22270 62
4881 35222 64
4881 3190 160
35222 34411 184
12975 15069 273
3193 6253 288
15069 21858 314
21858 16521 102
43275 975 326
870 1148 326
1148 32953 136
46308 2443 326
2443 2460 316
5017 2461 326
2461 4810 161
28312 3206 326
3206 3021 69
3206 35907 249
35907 19450 54
2221 5090 326
5090 26417 206
5090 35986 219
35986 42945 162
42945 31072 36
31072 21362 150
21362 22144 107
21362 14821 129
31072 45646 199
45646 1524 181
1524 25354 200
31072 17531 231
17531 28169 149
25354 49713 250
49713 27494 14
49713 36152 16
36152 40647 73
49713 44567 255
44567 28985 147
44940 7891 326
7891 26989 282
44014 8314 326
8314 46921 15
8314 18297 142
9151 11545 326
11897 12136 326
12136 14464 146
14464 48864 161
32972 12856 326
12856 48036 210
8042 13550 326
17679 13671 326
13671 30413 30
2077 14071 326
14071 41904 151
14071 21501 152
21501 39642 272
41760 15282 326
15282 29092 297
29092 9598 80
9598 24910 62
9598 10998 175
10998 7425 90
10998 2902 106
2902 26821 136
2902 16461 144
16461 29056 45
10998 22727 228
16461 19791 274
19791 25427 50
29092 32146 296
32146 47050 281
47050 16678 54
15282 10761 322
10761 23916 143
138 16087 326
31 17874 326
17874 22319 120
17874 5605 216
5605 42810 85
22319 16015 280
16015 49067 226
5605 22088 303
22088 6808 234
30414 19088 326
19088 14716 261
14716 3375 24
14716 8799 269
8799 11116 110
11116 12731 128
12731 10027 239
36153 19260 326
15018 19523 326
19523 15340 89
20857 20009 326
18487 20757 326
7755 21376 326
21376 44350 193
23016 21916 326
21916 33140 13
33140 40299 277
5938 24121 326
24121 27978 24
24461 26796 326
231 27767 326
17613 30965 326
30965 48187 158
1886 32437 326
32437 48926 280
48926 8670 125
8670 2530 75
2530 37603 70
8670 8942 176
48926 31243 262
31243 28755 65
13091 34613 326
44971 35729 326
35729 27119 189
27119 6349 253
35729 97 258
6349 9281 308
20000 36214 326
40687 36919 326
2375 38388 326
20065 39321 326
39321 38623 20
39321 5297 245
5297 1075 255
40373 41382 326
41382 32232 322
32232 24289 194
12610 42156 326
45894 43610 326
8311 44040 326
1267 44466 326
5438 44829 326
19544 45478 326
47147 45575 326
17581 45991 326
15305 45995 326
39823 46965 326
46965 15784 96
15784 9610 9
15784 12361 23
9610 38179 33
616 47868 326
47868 39672 67
39672 32909 229
32909 27000 240
27000 6276 95
32909 15649 289
15649 14668 103
14668 46836 1
14668 33907 229
14668 43631 239
11024 48360 326
18580 48945 326
24107 691 327
691 26361 6
3713 1032 327
1032 2638 269
2638 13798 156
686 1110 327
36621 2377 327
1743 3286 327
3286 29235 282
11516 4217 327
4217 3452 260
30638 5718 327
5718 579 157
579 12338 212
12338 18614 302
18614 46481 283
4502 5891 327
43359 5950 327
5950 1515 20
5950 22698 300
22698 1555 184
1555 2149 54
1555 47973 92
1555 24327 98
1555 17142 139
17142 48207 127
17142 22707 143
48207 16024 177
24327 25814 177
25814 18241 171
48207 33019 229
33019 17348 159
16024 32027 262
32027 35435 175
35435 36440 115
36440 20339 113
1555 3364 283
3364 5476 61
5476 44649 111
3364 30435 171
44649 19658 269
48207 38560 302
17348 4204 319
1515 33810 319
46565 9967 327
27226 10002 327
10002 4914 107
7756 10572 327
4182 10942 327
8452 13042 327
13042 21833 138
13042 13371 289
13371 34364 144
234 14993 327
14993 16251 21
16251 23994 60
42282 15068 327
4849 16473 327
16473 14816 52
14816 27488 54
7112 17074 327
11389 17371 327
17371 38858 125
32245 17395 327
17395 46871 10
5000 18779 327
18779 35744 316
35744 13879 272
10080 20532 327
20532 32127 222
32127 47866 245
47866 27694 86
27694 43132 288
6148 21007 327
23138 21751 327
971 22989 327
20500 23301 327
2224 23567 327
23567 27427 165
27427 17432 192
23567 36936 195
8998 24103 327
24103 46701 242
41174 25297 327
15411 25740 327
25740 7421 160
7421 27256 178
7421 38798 237
38798 37315 173
37315 33881 166
33881 24843 203
24843 6303 247
24843 17621 247
7421 18864 276
44480 25954 327
25954 36478 310
36478 44879 313
44879 44717 147
44717 2586 85
2586 2831 78
2831 9202 149
9202 11998 76
2831 47355 149
44879 29071 174
11998 31265 193
2586 25865 305
25865 44524 118
15235 26030 327
26030 48104 253
18275 26806 327
26806 48121 96
36574 27589 327
12779 28150 327
36060 28262 327
28262 36437 140
33254 29099 327
29099 28517 206
28517 33601 135
28517 24091 256
11628 30692 327
30692 22163 317
22163 45414 183
45414 31296 152
45414 25463 206
22163 39050 255
39050 30614 120
39050 39603 123
23538 32264 327
32264 48820 77
32264 45680 303
10020 33228 327
33228 37002 178
33228 16008 194
16008 40002 88
18896 34825 327
34825 12196 8
12196 15984 223
34825 29897 298
29897 30106 37
47327 35735 327
35735 37010 14
35735 13210 281
43164 36006 327
36006 7317 180
36006 39499 265
21609 36514 327
36514 22363 265
22363 29583 26
22363 30580 81
11760 36978 327
23142 38274 327
38274 47852 47
421 38415 327
19809 40628 327
40628 26354 244
26354 20845 184
20845 19089 154
19089 19016 106
19016 20390 16
20390 19844 15
19844 44495 2
19016 32096 184
20845 24132 193
20390 3505 250
3505 4561 16
4561 5574 2
5574 25164 79
3505 14858 105
4561 37392 182
37392 47285 150
47285 37727 64
4561 8308 234
8308 2797 216
47285 32432 274
3505 11952 286
11952 22853 56
39062 41009 327
41009 12553 185
12553 29261 254
12553 34760 291
41332 41380 327
41380 46604 312
10792 42765 327
28261 44213 327
8683 44828 327
44828 14906 133
6452 44865 327
44865 7921 232
546 47030 327
137 889 328
5791 1058 328
1058 7701 215
25380 2174 328
2251 2355 328
2355 9485 56
2355 18993 56
9485 20299 141
2355 20612 244
16827 2552 328
2552 6235 34
2552 14686 52
2552 35573 115
14686 26456 173
2552 517 185
35573 47497 193
2552 3720 280
517 763 313
763 3306 37
2552 4960 313
15524 2694 328
26121 3596 328
3596 29517 48
29517 36348 133
29517 48435 277
48435 27618 32
27618 16942 202
36348 43549 326
43549 34968 150
34968 21487 36
48435 14121 327
14121 42421 19
42421 9037 40
9037 1772 144
1772 22142 140
9037 26737 205
26737 33105 77
1772 32912 250
9037 41509 291
41509 47695 196
33105 27578 312
3619 3969 328
11696 4932 328
3063 5526 328
2727 5553 328
5553 25725 4
25725 46972 58
38201 5995 328
43214 6738 328
31286 7257 328
1584 8321 328
13934 9237 328
9237 21157 94
9237 39566 192
39566 36691 178
21157 36623 231
2104 10274 328
10274 12236 279
12236 638 31
12236 13576 230
13576 17450 224
17450 36757 80
17450 36839 125
36839 3011 75
3011 3927 70
3927 284 119
284 39361 18
39361 40518 29
3927 21577 190
36757 39258 268
638 439 287
44807 12263 328
3411 12288 328
17321 13158 328
7407 14385 328
33272 16952 328
5420 17125 328
15602 17924 328
32018 18603 328
18648 18911 328
11928 19463 328
19463 35119 140
19076 20489 328
40840 20752 328
19089 21594 328
11301 22081 328
11826 22132 328
22132 22040 328
22040 33818 51
22040 190 234
190 3027 243
3027 21511 129
21511 30019 222
30019 28917 46
28917 8054 86
190 6846 303
21458 22291 328
23633 23276 328
23276 49601 288
31349 25167 328
2012 26452 328
26452 36185 185
35702 27300 328
27300 21988 83
21988 10985 262
10985 32873 281
6897 27401 328
27401 13762 143
13762 37593 56
37593 22013 204
13762 11843 261
11843 6212 29
6212 5084 321
38586 32124 328
24926 32228 328
12779 34830 328
34830 39745 307
11878 34894 328
29930 35999 328
18131 36059 328
12356 36294 328
20754 37730 328
15803 39767 328
8305 40403 328
40403 32269 231
38553 41211 328
3061 41881 328
45866 43460 328
43460 43071 138
43460 45187 279
31309 44870 328
37628 46561 328
25900 47358 328
34228 48353 328
48353 35342 321
7875 48546 328
48546 40112 108
40112 9250 123
40112 36099 170
36099 36592 69
9250 9901 194
29525 48845 328
27325 48925 328
48925 5194 219
5194 43717 250
21334 49364 328
49364 13606 160
9625 49465 328
40172 49998 328
4729 445 329
18552 2671 329
2671 16013 237
2671 3189 272
3189 3601 163
3189 21095 317
21095 31902 95
2918 2875 329
2875 8453 184
8453 35964 160
35964 21924 145
2875 33618 238
9582 3834 329
3834 8207 127
49597 4617 329
4617 567 296
567 141 163
141 33931 46
141 176 128
176 2349 38
141 49048 192
49048 18515 145
18515 44019 178
44019 2001 91
44019 39213 139
39213 3642 236
176 5524 291
5524 7411 252
2349 14453 319
14453 30519 46
14453 29153 90
4983 4721 329
1175 5486 329
5486 41695 175
10562 6961 329
6961 9042 147
9513 7198 329
7198 22123 7
7198 11799 179
11799 25474 43
7198 10118 228
10118 4074 157
7198 41379 281
41379 14790 38
7198 28371 305
28371 6156 170
2231 7390 329
4589 7544 329
7544 10417 50
10417 25841 327
12720 7590 329
20369 8573 329
17874 9021 329
9904 9958 329
26378 10226 329
10226 5781 4
5781 27853 171
27853 3257 121
3257 48923 49
3257 846 169
846 3566 257
2891 10380 329
10380 17505 170
29148 11686 329
11686 23959 223
11686 41961 245
41961 41268 298
25975 13409 329
13409 4807 267
25960 13578 329
13006 16990 329
16990 6837 31
16990 48065 42
16160 17091 329
17091 22143 41
22143 36764 128
17091 32719 321
32719 31619 40
31619 26129 89
32719 33002 114
22143 37332 328
8757 17562 329
8066 19127 329
19127 38660 40
14121 19436 329
19436 37149 210
37149 49157 117
37149 24088 188
24088 24384 43
24088 9453 60
24384 48406 261
11196 19938 329
19938 45615 45
45615 17401 328
17401 3640 125
19849 20581 329
20581 29611 25
29611 38119 121
38119 38983 151
5663 20767 329
3767 23432 329
28177 23727 329
23727 24005 318
24005 43601 63
24005 13480 81
23436 24344 329
24344 39797 36
39797 14492 202
27346 24478 329
20084 28862 329
4314 28869 329
28869 45138 310
47156 28946 329
28946 21360 227
21360 25586 36
21360 44752 117
45368 29108 329
29108 2708 293
3297 29645 329
16417 31285 329
6098 31985 329
72 32189 329
40008 32720 329
32720 7049 138
27776 33536 329
33536 28505 49
28505 27502 305
48360 34388 329
5814 35047 329
35047 11056 289
21717 35597 329
13925 37786 329
41379 40326 329
18980 42660 329
42660 26462 305
26462 21076 5
26462 25688 305
506 43094 329
3296 45769 329
19573 46024 329
25312 46672 329
46672 27247 89
27247 33097 85
46672 45309 189
27247 36831 271
1485 1520 330
1520 30032 275
2253 2201 330
361 2650 330
2650 23047 249
2650 18990 305
18990 43692 232
22229 3535 330
3535 39967 162
9561 4288 330
4288 1920 304
1920 9143 34
1920 2 107
2 49032 129
2 47553 179
2 2401 191
2401 10181 2
49032 42140 233
39122 5293 330
5293 34642 16
5293 19986 142
19986 48317 88
5293 17887 318
7472 5347 330
5347 35372 259
37610 6037 330
1863 6124 330
6124 24422 8
6124 1930 46
1930 5732 11
5732 37352 134
37352 1884 44
1930 2399 201
37352 43939 299
43939 42201 67
42201 45271 97
45271 1475 21
42201 22665 245
24319 6892 330
6892 13155 165
13155 36372 267
36372 15746 79
36372 48727 310
48727 41288 85
48727 8381 148
8381 1660 73
6892 24755 319
4492 10686 330
12303 11512 330
11512 39300 92
39300 4529 145
4529 38265 214
38265 36449 17
11512 24396 259
11512 45673 328
2308 11521 330
12057 13682 330
13682 20028 60
13682 28907 188
13423 16717 330
20805 17899 330
13301 18632 330
6129 20614 330
20614 41581 209
3620 21641 330
21641 42275 161
42275 3365 215
18458 22945 330
42899 25289 330
25289 22079 131
25881 25458 330
25458 24934 74
23971 26646 330
26646 20495 160
20495 25999 197
20495 6636 303
1070 26727 330
41879 26749 330
35180 27372 330
404 27600 330
39059 27742 330
27742 3441 16
3441 18968 177
15920 29850 330
29850 18677 74
29850 40003 315
40003 40014 171
40014 13457 46
40014 13846 84
40014 12123 313
12123 28095 43
28095 30826 79
28095 30212 93
30826 995 242
995 836 249
30826 31570 260
995 8518 291
8518 18454 127
18454 40863 92
5347 31097 330
17118 32135 330
32135 14638 50
32135 35428 173
35428 36383 185
32135 45237 273
35428 15297 315
14638 23122 319
41410 32482 330
32482 28536 42
28536 28557 183
28557 35111 155
32482 3879 266
3879 38047 39
38047 20741 21
38047 47592 65
20741 39219 103
39219 30529 105
30529 46347 162
30529 34849 208
34849 2933 63
2933 3001 56
20741 9213 252
9213 44177 119
44177 13340 24
9213 5780 173
13937 32646 330
24388 33658 330
32505 34407 330
30683 35550 330
25249 35751 330
35751 13179 175
13179 8278 8
35751 44469 179
43799 36183 330
21854 36856 330
3488 38613 330
3089 38917 330
38917 5802 83
10001 39229 330
1776 41002 330
41002 3973 158
41002 45107 236
11005 42536 330
42536 43666 4
43666 7476 112
7476 18882 110
7476 3065 290
7476 26717 291
26717 44695 41
44695 27038 85
27038 28418 182
28418 7981 23
3378 43777 330
36099 44933 330
44933 9829 19
44933 49208 144
49208 31394 166
31394 44883 70
31394 26763 83
26763 1377 251
1377 4399 293
4399 33939 326
33939 10900 100
33939 44984 125
25464 46779 330
46779 38455 244
38455 1193 35
1193 1495 95
1495 3317 222
1193 4365 245
3317 44481 250
1193 12421 313
12421 10976 42
12421 21928 160
21928 29626 152
12421 38637 178
2598 46946 330
46946 46809 305
46809 24678 287
36358 49231 330
49231 23953 132
23953 44138 65
44138 32743 36
32743 39685 132
39685 37886 148
44138 10989 165
44138 25858 188
25858 38954 185
38954 29141 76
29141 10247 205
10247 306 1
306 833 117
833 3424 106
833 10365 212
10247 3262 248
833 18844 279
18844 45323 312
45323 3357 308
68 77 331
77 37200 170
77 12534 241
37200 37686 273
37200 25428 285
77 25001 311
1653 116 331
281 649 331
649 19598 6
649 1812 11
1812 46765 25
1812 29866 224
29866 5241 188
5241 31948 78
31948 30616 166
30616 48956 151
5241 23130 216
23130 1173 139
1173 48427 41
48427 6554 91
1173 25763 131
25763 21633 22
1173 21681 160
21681 19621 48
1812 28393 287
28393 21278 39
21278 46139 111
28393 34556 242
28393 45351 252
25763 48553 317
48553 45644 289
28393 12853 318
13829 1750 331
1750 3069 16
1750 26812 45
1750 1192 126
1192 6565 101
6565 29041 14
3069 3813 129
29041 19485 189
6565 11468 196
19485 7538 198
1192 2984 215
29041 19255 224
6565 25438 287
11468 26449 320
26449 7739 78
7739 5818 184
5818 4459 126
5818 35599 141
3813 4771 325
4771 46068 270
2449 3421 331
43967 4866 331
4866 44571 131
4866 2301 187
2301 41375 153
4866 8589 237
42898 4894 331
1488 5244 331
5384 5858 331
2396 6485 331
74 6744 331
6744 18721 236
18721 41515 114
41515 36879 314
4605 7798 331
16860 7917 331
7917 48022 60
2572 8401 331
20711 9236 331
9236 30556 98
9236 27448 148
36643 9414 331
9414 18608 148
18608 45387 237
45387 2206 203
9414 4777 329
4777 45643 245
38818 9499 331
21443 10874 331
10874 25951 147
46262 11140 331
6761 11153 331
21012 11677 331
11677 45620 233
11677 12695 318
2834 12854 331
44304 13435 331
13435 34658 188
11947 13443 331
13443 6519 13
758 13824 331
4488 14916 331
5899 15144 331
20367 15267 331
15267 47738 157
15267 42954 191
42954 9964 108
9964 14512 229
14512 5671 45
14512 11212 255
17316 16655 331
6516 16734 331
16734 46258 109
33227 18053 331
25163 18086 331
15248 18489 331
18489 20337 158
11780 18590 331
18912 19760 331
19760 36664 156
36664 10958 160
10958 2688 252
2688 29373 220
19760 7815 290
7815 38698 89
38698 11392 53
38698 10570 155
10570 676 153
676 2987 189
2987 21353 52
11392 46080 230
676 19283 245
38698 37606 253
7815 16793 270
19760 25051 297
676 19966 302
19966 11383 225
16793 24693 302
19760 49165 302
49165 7616 41
7616 7730 11
38698 38111 306
36664 41362 317
24693 332 330
332 19216 53
332 3212 61
3212 32144 138
3212 7017 216
3212 2825 242
32144 981 271
981 16146 66
981 513 88
513 12877 3
513 39905 176
39905 41968 92
39905 37971 236
37971 10587 129
10587 38853 23
38853 46926 221
46926 48485 64
37971 27540 272
27540 1516 36
39905 37870 285
37870 25957 35
3503 20641 331
11913 21213 331
15295 21849 331
28983 22821 331
22821 3278 18
3278 48980 61
3278 42463 104
3278 16297 318
31290 23464 331
3913 23520 331
20398 23884 331
6452 24394 331
46742 24800 331
16365 25931 331
709 25939 331
10006 26365 331
18402 26690 331
26690 6254 11
26690 25576 195
36267 26852 331
26852 28168 82
26852 18618 163
18618 33511 61
18618 1969 97
18618 117 223
117 15033 103
15033 19043 302
43080 28876 331
9483 29168 331
29168 9439 276
25057 30050 331
5467 30309 331
16678 31567 331
8998 31642 331
551 31991 331
2567 33179 331
33179 6076 214
6076 11139 96
11139 43365 311
11258 33295 331
33295 43761 261
21852 35069 331
16685 36305 331
313 36353 331
35353 37988 331
37988 32321 136
32321 30348 120
37988 24435 199
24435 48393 172
48393 32868 20
32868 4347 59
4347 16179 166
24435 8211 185
32868 15716 327
15716 17097 106
17097 35137 261
37652 39185 331
39185 1174 49
39185 16802 70
16802 10810 249
1174 13498 265
34839 39827 331
39827 21205 266
40183 42627 331
42627 17365 9
17365 13019 76
13019 11715 297
11715 23165 41
9862 46386 331
46386 39816 268
39816 3527 205
39206 46918 331
25280 47052 331
33881 48038 331
43470 49903 331
344 2742 332
1952 2961 332
2961 43736 285
22873 4318 332
4318 7854 158
4318 10805 169
1600 4888 332
4877 6886 332
186 9400 332
18426 9766 332
43688 11129 332
11129 39674 120
39674 45489 292
49133 11930 332
11930 46664 89
8770 12429 332
1870 12471 332
1899 13988 332
46351 14234 332
19255 14662 332
14662 34173 291
34173 12672 233
12672 13273 100
13273 14982 121
12672 41344 170
14982 16462 183
41344 31418 235
31418 8772 8
41344 18115 292
18115 38034 72
18115 42131 119
42131 14759 15
38034 36652 293
36652 23738 175
23738 16692 196
23738 21227 255
21227 33206 97
23738 913 324
3346 15860 332
15860 45837 98
15860 38668 329
9160 16604 332
41881 17754 332
7078 18077 332
38044 18349 332
1665 18790 332
9932 20041 332
22649 21172 332
22590 24490 332
24490 25174 281
25174 45370 148
45370 16979 95
5168 25323 332
13891 25383 332
23922 27283 332
12789 28147 332
3387 28189 332
28189 47143 140
17304 28375 332
9800 29397 332
5274 30262 332
30262 44944 16
30262 14334 48
14334 35482 75
35482 38246 168
30262 17143 253
44944 4573 273
9537 30548 332
30548 34464 144
41002 30860 332
30860 45532 282
45532 30839 78
43561 31174 332
31174 23535 237
23535 14199 176
6318 31807 332
5277 31820 332
31820 26013 243
26013 49492 89
31820 28925 322
28925 34587 149
20643 33410 332
13186 33484 332
432 34259 332
34259 28771 295
2907 34367 332
20 35634 332
35634 44089 254
276 36528 332
18398 36970 332
36970 47737 323
36132 38295 332
38295 47054 100
38295 23454 258
3764 39220 332
24166 39404 332
3952 39609 332
11267 41884 332
41884 36975 125
25309 43718 332
26930 44346 332
23538 47165 332
47165 48884 142
48884 1090 21
1090 10275 185
10275 24778 205
48884 38516 241
1090 6984 253
6984 1749 117
1090 4776 273
4776 49372 187
49372 28464 9
28464 48600 282
21257 47639 332
47639 13050 208
47639 26745 230
26745 1704 100
6500 47680 332
3813 47864 332
11865 48414 332
863 430 333
430 255 115
430 2006 255
2006 13626 37
2006 15439 45
2006 663 72
663 2203 59
2203 6334 103
6334 40744 191
40744 35169 87
13626 35572 270
430 3329 297
3329 3030 73
3030 17931 25
17931 12670 122
255 3878 309
13626 19128 312
3378 529 333
529 27759 80
34359 3513 333
3513 4460 275
4460 41708 331
41708 41969 140
41708 46508 194
4479 3837 333
12838 4017 333
4017 39966 83
39966 19243 14
39966 33118 53
4017 9501 204
15796 4181 333
8011 4733 333
4733 3130 3
3130 3416 41
3416 5229 146
5229 45935 12
4733 24947 177
24947 22400 63
22400 33040 279
22400 20085 292
20085 48266 146
1133 4991 333
4991 19899 20
8553 5193 333
182 5449 333
1476 5589 333
5589 43191 4
44866 5624 333
5624 4125 92
4125 10684 291
7310 6041 333
6041 5514 52
9048 6655 333
6655 35036 64
6655 23293 258
23293 22250 223
15045 7753 333
2247 9050 333
9050 21686 240
21686 14511 51
14511 33609 57
21686 44454 213
36549 9638 333
9638 15315 209
15315 25431 151
25431 46702 318
46702 41889 30
46702 37974 277
37974 22885 136
22885 3393 287
2229 9775 333
11725 9861 333
9861 36246 213
36246 28535 97
28535 29258 23
28535 18617 83
29258 5659 151
5659 15254 226
15254 34737 40
15254 8170 111
34737 24865 128
24865 7140 8
24865 12154 17
24865 24673 108
9861 4496 273
24673 25985 274
12154 6371 292
6371 12377 124
12377 38862 145
9861 20212 297
18617 11132 325
11132 14106 97
14106 30940 76
14106 11271 117
14106 18435 237
18435 18662 56
11271 730 256
18435 5003 320
342 11706 333
11706 42514 264
42514 6085 233
6085 47162 152
7603 12404 333
12404 37444 323
37444 11940 28
37444 19875 164
19875 33978 51
19875 37530 207
37530 11451 316
37530 37128 318
37128 49376 120
7207 13075 333
13075 10430 251
7190 14009 333
17696 14135 333
47515 16390 333
16390 22747 123
35655 16787 333
16787 9831 161
9831 27963 300
1310 16878 333
16878 43517 226
43517 33096 290
11291 17057 333
17057 47426 175
47426 33398 219
11931 19394 333
19394 45038 71
8106 21063 333
21063 46325 64
1547 23199 333
23199 37733 189
8783 23394 333
11951 25513 333
8263 29061 333
29061 21013 157
19635 29595 333
36231 30048 333
20989 31654 333
2573 31846 333
11192 33155 333
33155 49353 8
49353 42043 35
33155 39830 248
42043 12982 302
15724 33668 333
25618 35600 333
43117 36198 333
28848 36564 333
37322 37296 333
40487 38129 333
38129 37440 330
4632 41712 333
41712 42738 15
41712 35044 40
42738 17031 220
17031 12276 54
12276 40882 170
12276 42167 203
42167 15257 172
37177 42396 333
18313 43398 333
43398 24370 114
24370 11963 54
11963 30172 12
30172 24156 46
11963 38291 88
30172 11303 153
11303 13187 146
24156 37376 161
37376 29158 48
11303 6151 254
6151 11091 80
6151 3020 116
3020 4948 95
3020 6285 143
6285 39513 59
3020 1616 256
1616 1989 225
1989 3734 8
3734 30369 155
30369 44444 100
3734 39570 190
39570 9428 169
44444 39819 203
39819 14854 57
3734 34238 223
1989 23930 261
23930 24284 58
24284 40351 130
40351 18689 129
40351 29255 214
29255 3849 127
24284 38985 307
30369 47798 317
18689 37631 326
12507 43432 333
43432 10108 57
43432 7250 157
10108 28697 216
28697 36614 192
10108 27602 277
27602 41632 145
41632 47903 234
47903 19679 159
47903 10016 168
10016 20662 192
19679 14864 214
10016 8218 279
8218 49123 284
49123 18823 130
18823 35905 154
35905 35585 139
35585 18574 202
18574 24832 107
18574 38971 221
24832 38872 295
38872 18233 59
18233 23484 213
24832 46642 304
8218 37355 325
4231 44462 333
44462 29884 243
45309 45831 333
13921 779 334
779 13124 62
3140 1621 334
1621 3107 10
5339 1659 334
1659 4509 30
831 1672 334
1672 27692 89
1672 44945 160
44945 8301 310
18297 2747 334
2747 47649 19
2747 8632 78
8632 16281 43
16281 30467 90
30467 7750 19
7750 11344 125
1896 3104 334
25171 4447 334
17143 5141 334
5141 12265 66
5141 17405 109
17405 2307 11
5141 41872 128
10195 5606 334
29043 5673 334
5673 2162 62
5673 40474 291
40474 6509 143
4537 5767 334
3619 9079 334
13439 10159 334
7147 10990 334
2231 12475 334
1990 14476 334
14476 39818 13
39818 40054 107
40054 37382 144
37382 17685 29
17685 17517 81
17517 11766 101
11766 27492 89
17685 19186 112
17517 49851 146
49851 17160 136
17160 7880 179
7880 6201 117
22737 14874 334
151 16924 334
16684 17017 334
17017 48093 192
11488 17129 334
27394 17344 334
17344 16609 72
17344 43020 161
6085 20382 334
31778 21002 334
21002 38869 24
38869 48800 243
48800 19238 15
18634 22115 334
22115 7807 235
21763 23391 334
23391 25082 203
25082 12909 304
12909 21645 14
12909 35324 47
35324 35422 127
35422 13436 255
13436 41210 153
21645 40870 322
32215 23591 334
23591 33883 17
33883 48918 13
48918 33017 68
33883 30818 212
5541 24188 334
24188 21610 266
21610 14249 250
14249 11322 317
20052 24297 334
21829 24545 334
42980 25890 334
25890 18122 164
13762 26341 334
15144 27131 334
26996 28227 334
38668 28936 334
7356 29053 334
29053 41253 111
19673 29244 334
29244 11532 13
11532 11044 114
11044 47789 154
11044 8405 295
42072 30873 334
30873 24687 6
14874 31935 334
31935 44280 202
44280 46832 152
41214 34836 334
39487 34982 334
34982 38110 178
38110 25794 56
34982 44820 219
34982 20406 274
44820 13361 275
23660 35503 334
6086 37271 334
41100 37339 334
37339 49515 223
17845 38353 334
10224 38989 334
2050 40739 334
860 40897 334
40897 28424 299
15062 41873 334
22391 43267 334
15997 47194 334
13012 47460 334
8481 47899 334
22840 48076 334
48076 11037 198
27283 48172 334
48172 12749 237
12749 31741 157
8415 49733 334
23851 1287 335
1287 7742 47
1287 11432 57
11432 34382 41
11432 32108 138
11432 18432 160
18432 26307 13
32108 33505 225
33505 29503 153
32108 63 308
17181 1845 335
1845 5752 61
1845 315 304
315 197 157
197 213 281
213 15804 43
213 25246 60
15804 33050 210
33050 41572 92
213 40020 300
40020 44914 72
44914 22801 76
22801 31933 100
40020 36468 119
22801 9830 169
25246 37633 312
37633 35892 169
5752 33354 318
31933 39152 334
39152 33854 284
33854 34416 138
34416 29230 203
2221 1982 335
1982 21025 22
1982 33229 34
1982 5849 91
1982 6000 129
6000 43652 124
33229 36398 138
36398 37176 47
37176 11654 251
11654 41157 270
1982 11110 317
21025 4890 332
4890 44332 321
12766 2297 335
1296 2954 335
2954 3669 53
2954 31208 328
31208 46578 98
16811 3955 335
3955 14250 161
3955 49653 170
5912 6584 335
6584 13689 282
13689 49952 137
5739 6757 335
14806 7500 335
7500 20533 254
20533 11840 61
11840 3242 128
11840 3389 136
3389 4389 148
3074 10126 335
10126 37833 181
48543 10972 335
14297 11033 335
33315 13802 335
28525 16662 335
16662 16500 279
16500 10015 105
10015 7150 47
7150 6603 66
6603 26130 92
26130 25183 74
7150 14369 130
7150 6525 244
6525 18678 9
18678 26762 244
26762 47475 75
16500 22387 264
1284 18647 335
18647 34226 244
17360 19440 335
19440 42864 65
42864 10250 227
25649 20151 335
11309 20994 335
20994 31637 333
31637 41366 88
1058 24007 335
1319 24777 335
24777 6894 7
24777 13307 8
13307 35948 264
21402 25367 335
25367 38381 133
38381 48447 52
48447 23830 236
23830 35839 197
35839 27845 290
48447 22774 313
16472 25644 335
9908 26041 335
26041 43287 177
43287 21839 183
21839 26952 60
26952 40040 158
40040 3970 124
3970 1908 163
1908 45734 228
3970 39990 255
39990 20823 232
3970 5832 275
12693 27036 335
27036 1805 139
1805 955 204
955 11927 76
955 7178 321
10143 27108 335
27108 41357 290
47201 27392 335
829 27956 335
16738 28545 335
28545 22426 60
27616 28940 335
27966 30861 335
1970 32320 335
21710 32618 335
47644 33137 335
33137 12916 261
42957 33538 335
32461 34347 335
8136 34771 335
12283 35680 335
21331 35705 335
20134 35935 335
35935 9810 315
12792 36077 335
37659 36319 335
36319 26715 312
26715 20121 330
20121 23808 38
23808 46200 252
46200 14595 47
15860 36803 335
36803 28634 13
36803 28289 103
28289 49367 114
36803 3606 261
3606 22344 99
3606 36061 282
8417 40673 335
4278 43762 335
39353 43987 335
41387 44723 335
21408 45933 335
3258 46722 335
9770 47177 335
47177 8053 200
8053 41031 272
14539 48852 335
4838 49319 335
49319 28652 69
28652 17686 81
17686 15580 38
15580 372 244
372 6211 149
6211 6432 94
6432 7388 86
6432 23732 102
6432 28116 147
28116 45182 24
28116 39315 90
6211 48280 155
7388 34336 164
372 127 232
372 44079 282
23732 31081 333
31081 42412 158
39315 7788 334
20085 991 336
991 38350 161
38350 48673 96
48673 22870 175
38350 17380 202
17380 11001 90
17380 35571 151
35571 28440 177
17380 9530 186
9530 39980 76
1021 1458 336
1458 15742 33
1458 2230 230
2230 2906 243
2906 16822 122
23694 1505 336
1505 6197 34
6197 34793 185
34793 18294 89
9746 5587 336
30556 7088 336
7088 16074 204
16074 868 148
16074 2848 165
2848 34985 21
2848 26854 163
2848 29433 168
2848 6872 170
868 1274 249
1274 15076 191
16074 10473 249
29433 28850 306
28599 7181 336
7181 3176 6
3176 41561 175
7181 42318 245
42318 30781 133
30781 35354 123
7181 43311 250
43311 6851 11
6851 34249 215
6851 30226 222
9337 7950 336
7950 14722 105
7950 20173 315
20173 9947 22
20173 46907 178
46907 29938 322
1519 8212 336
23294 9808 336
4888 10517 336
10517 21028 112
21028 20636 23
21028 38247 246
2275 10597 336
23766 11684 336
11684 5961 333
4292 12220 336
12220 36513 81
2039 12619 336
26928 13430 336
13430 42554 174
42554 46286 55
46286 46144 93
42554 38928 117
1839 13751 336
13751 19039 81
19039 4007 6
19039 15060 24
15060 41443 258
15060 6937 289
26752 14633 336
14633 35329 129
48059 15096 336
1413 15130 336
15130 21877 22
21877 8058 203
8058 1542 40
1542 36545 69
21877 43829 285
21877 34031 302
34031 17889 61
34031 16344 281
17889 48724 326
18862 15872 336
15872 31185 106
31185 46123 4
46123 28155 319
22606 16176 336
16176 20577 171
16176 39359 332
11725 16216 336
31516 17228 336
9034 17533 336
17533 22071 24
22071 8338 226
8338 44762 6
44762 8921 14
22071 23288 239
428 18173 336
18173 26732 281
47831 18589 336
18589 48443 219
48443 8400 166
428 19999 336
19499 21484 336
21484 29945 89
767 21808 336
21808 30510 46
21808 30907 306
30510 23029 307
23029 31794 298
34311 22728 336
22728 24391 59
22728 15027 101
15027 34057 134
24391 495 302
495 589 255
589 19090 269
19090 34527 152
19090 8505 157
34527 15551 181
15551 11600 18
8505 1553 190
19090 31177 205
11600 48479 210
23738 26623 336
16506 27612 336
27612 29554 138
18011 27984 336
27984 7097 121
7097 24892 88
7097 9435 222
7097 49632 291
49632 20205 162
20205 25589 230
20205 12149 236
12149 37374 23
12149 43839 93
12149 24694 265
12149 12351 315
12351 43740 284
15186 29546 336
29546 39607 178
25096 30012 336
14711 30845 336
30845 46512 157
46512 46157 28
46157 16765 13
46157 21684 187
21684 9781 43
16765 6512 323
6512 12428 128
21684 22567 335
107 32168 336
22815 32370 336
34721 34022 336
34022 14687 49
34022 19399 265
2572 36619 336
8446 38019 336
38019 43600 103
38019 23592 325
46541 40786 336
19282 41464 336
27906 42054 336
42054 37183 328
5413 42251 336
2273 43840 336
43840 2511 224
2511 1691 97
1691 3149 260
3149 33725 147
3149 32947 270
32947 3460 324
3460 34739 222
39161 44271 336
2643 45793 336
45793 16230 153
16230 14980 76
14980 3896 59
3896 24564 62
16230 23123 108
23123 27342 128
16230 20302 172
14980 22630 194
3896 11867 231
11867 32387 283
32387 21182 321
19124 45956 336
20369 46602 336
47614 47550 336
47550 27911 33
11990 49545 336
346 160 337
160 5321 21
160 6420 86
160 5867 227
5321 24641 239
24641 7225 268
7225 483 186
483 20727 44
20727 5622 79
483 35395 243
7225 33150 246
33150 9984 113
33150 46526 268
46526 32964 80
20727 24526 291
1952 956 337
956 32426 82
46287 1608 337
1608 8428 286
8428 27072 329
47548 1928 337
976 2337 337
2337 8754 168
8754 11982 303
6594 2535 337
2535 9896 324
2082 3070 337
3070 47727 26
3070 30608 244
3070 11693 283
30687 6625 337
6625 2287 164
2287 8972 261
8972 14741 293
8972 46947 329
43722 6973 337
6973 16741 281
16741 26152 97
26152 10873 68
26152 37419 120
37419 25909 312
35383 7196 337
7196 1768 94
1768 2632 76
2632 15222 153
2632 6952 167
6952 48302 169
48302 29009 113
34602 7308 337
7308 43248 117
43248 48682 73
7308 21891 157
43248 24313 309
24313 14736 73
24313 20318 74
121 8763 337
8763 23085 11
24145 12412 337
12412 6009 56
39954 13379 337
13379 33415 179
33415 29810 24
33415 18437 94
33415 26373 107
18437 2803 212
33415 33269 226
33269 24098 253
33269 6629 334
6629 30042 141
2115 13631 337
1837 13697 337
47152 17258 337
17258 37131 135
37131 27731 183
27731 27001 296
3897 19950 337
20164 20991 337
20991 23539 292
23539 30054 142
20991 14031 329
14031 5342 31
5342 27397 108
27397 26980 148
14031 33049 155
5342 3808 184
3808 7867 59
27397 39036 199
7867 6021 256
9648 21369 337
21369 30923 23
30923 45113 19
21369 21080 39
21369 41820 42
21369 9521 98
21369 13190 227
30923 32075 229
32075 49969 41
49969 48009 205
48009 48664 222
48664 33167 199
33167 42743 97
48009 45534 256
45534 9935 7
9935 6279 208
21080 31887 262
9521 13083 269
13083 3793 200
31887 27326 328
7570 21469 337
7426 22913 337
38468 25455 337
25455 19976 5
25455 11101 178
24658 27230 337
25096 28211 337
26586 28831 337
19838 29817 337
29817 28316 219
28316 39094 85
37879 30724 337
1834 32829 337
19090 32989 337
32989 9022 84
5359 33172 337
33172 48877 296
48877 11761 289
33172 29442 321
29442 29450 227
16621 33597 337
980 35201 337
35201 47532 192
47532 37329 158
37329 8762 96
47532 5552 209
47532 27669 284
27669 43978 184
7319 37205 337
37205 26372 24
31251 38910 337
33096 39392 337
9432 42183 337
36208 42895 337
44339 43661 337
6914 45019 337
45019 27876 21
27876 33782 91
33782 9329 293
9329 31558 169
9329 8507 206
16417 45980 337
6706 48144 337
48144 33751 98
33751 45209 192
45209 8801 231
8801 6329 117
45209 49482 330
31971 48916 337
48916 47621 61
47621 46108 63
47621 48581 122
7885 1182 338
1794 1248 338
1248 6951 190
3542 1499 338
1499 43457 151
43457 7839 48
1499 2850 253
1499 29447 274
27494 1925 338
1925 9526 226
42930 2010 338
934 2892 338
2892 33265 113
6823 3078 338
3078 20361 21
3078 10602 266
1485 3963 338
85 4393 338
841 5185 338
556 8898 338
8898 22 27
22 7980 43
22 35568 101
22 1043 106
1043 37841 96
27250 12292 338
14218 12933 338
12933 28571 186
28571 14870 4
28571 27987 105
27987 11146 233
11146 20504 39
20504 45308 20
45308 42789 81
11146 24509 206
27987 26273 245
27987 28639 263
28571 34398 302
34398 7375 79
7375 4738 86
7375 29661 282
7375 14421 306
26273 4197 315
4197 33637 179
33637 31512 106
4197 742 244
742 44180 40
742 2293 180
742 7515 232
4197 19990 325
31512 33479 328
33479 153 242
153 37458 99
153 31329 124
31329 38705 157
153 433 168
153 29806 236
262 15401 338
15401 8765 206
8765 7048 243
7048 7694 277
7694 5164 260
5164 21902 27
5164 5594 137
21902 8509 191
8509 3343 198
8509 22230 308
8765 43613 321
3343 28688 327
21902 39883 329
39883 14897 276
14897 38855 54
14897 35141 303
7694 16197 333
15506 15795 338
15795 45567 217
15795 19007 276
6296 16474 338
16474 33436 32
16474 45713 62
45713 25178 77
25571 17298 338
17298 40778 156
40778 10877 139
10877 29165 112
40778 15780 290
15780 32655 40
17298 15360 307
15360 41634 112
41634 21014 70
15360 22355 319
21014 9552 326
16252 17979 338
17979 26068 182
17979 20291 215
46517 20494 338
20494 18224 190
4919 22471 338
29230 24709 338
20134 24876 338
22581 27834 338
44820 28918 338
40401 30260 338
30260 32159 56
32159 43908 290
31416 32525 338
32525 21125 191
21255 33378 338
41739 33394 338
3516 34157 338
34157 28484 128
43018 35285 338
35285 12790 22
12790 35332 314
6471 35364 338
35364 37358 267
7788 38304 338
38304 46302 104
46302 12329 322
4574 38536 338
38536 16736 315
16736 10068 12
16736 9363 95
16736 1918 130
16736 35308 330
38949 40994 338
40994 34977 209
40994 32046 327
32046 38069 8
32046 41032 14
32046 24849 326
24849 6739 122
25818 41348 338
41348 2303 196
2303 3158 14
41348 38112 214
38112 7615 215
7615 11493 225
2303 2423 233
2423 27536 55
11493 23357 289
23357 42817 196
42817 16142 245
8474 43814 338
43814 36314 73
36314 9667 295
9667 6733 26
9667 30367 81
6733 11810 82
30367 29911 99
11810 17257 199
17257 26610 143
38684 43830 338
43830 9358 337
31588 44126 338
44243 45178 338
32369 45324 338
45324 25268 11
11599 47051 338
32655 47917 338
32214 49300 338
1586 1151 339
1151 583 135
583 20491 225
1151 26706 255
1151 24535 329
3966 3864 339
5397 4277 339
3552 4469 339
4469 26300 51
26300 18742 225
18742 13525 151
4469 15815 265
13525 20003 269
20003 12794 272
12794 28336 66
28336 41707 16
12794 38082 101
38082 43771 57
15815 34115 307
2223 5033 339
5033 4122 319
4122 20119 50
20119 45068 6
20119 4563 149
4563 11479 110
4563 5998 157
5998 16647 104
16647 41562 60
4563 11762 188
4122 3256 215
3256 43232 25
43232 49573 140
49573 22418 61
4563 43886 223
45068 15020 250
15020 11971 221
11971 9804 153
16647 10858 251
15020 4342 262
4342 49716 119
4342 5169 146
5169 36250 124
49716 24927 252
24927 19446 205
3256 19623 306
19623 25768 83
25768 25437 190
45068 2131 314
2131 6102 194
6102 39197 114
39197 15228 105
15228 37041 86
6102 24180 202
6102 47608 260
1070 5363 339
9291 6505 339
6505 9235 91
6505 2793 147
6129 6650 339
6650 13544 288
13544 22151 73
33071 6686 339
3969 7295 339
14945 8865 339
8865 40035 262
40035 41033 46
41033 27126 51
41033 15258 56
41033 11252 120
15258 44357 197
27126 21428 246
746 11790 339
11790 4945 271
4945 49436 185
22855 11960 339
11960 35115 136
35115 37057 24
37057 7380 146
35115 35940 309
7285 12054 339
5332 13156 339
13156 26140 217
13156 41079 278
13156 26439 296
26439 22643 85
22643 28703 190
28703 19520 50
26439 47902 197
19520 7030 214
28703 25402 266
25402 40505 128
40505 23147 227
23147 27387 152
23147 19159 248
23147 13959 291
19520 49497 304
49497 6570 61
49497 7034 116
7034 30235 85
7034 3406 161
3406 11176 286
11176 33221 229
25402 24958 308
24958 7453 6
47002 19723 339
19723 4735 279
32006 20512 339
20512 14207 36
14207 31553 114
31553 29823 124
31553 30131 247
14207 46588 311
46588 10531 336
10531 23629 17
34896 20732 339
18180 23302 339
23302 34006 127
48953 24343 339
24343 27231 111
20338 27615 339
33853 28966 339
28966 26326 291
26326 44658 81
44658 3909 20
3909 3931 24
6254 29904 339
3807 30217 339
30217 25245 249
23508 30289 339
30289 14395 315
2713 30699 339
30699 49874 76
49874 14018 263
30699 47662 279
47662 27753 111
387 31207 339
31207 30349 231
30349 3417 161
3417 30237 94
24149 33667 339
32162 36233 339
19843 36538 339
26568 36604 339
19654 36851 339
36851 33638 334
18534 38097 339
41350 38103 339
21076 38322 339
36678 39049 339
39049 38188 189
32345 39230 339
32522 39945 339
41011 40547 339
12607 42261 339
42261 48696 22
48696 25101 81
48696 16476 164
16476 34672 312
34672 37962 273
40171 43235 339
43235 26193 38
43235 38277 115
27304 44201 339
31207 47498 339
18622 48282 339
14341 49959 339
9769 544 340
7984 2484 340
2484 40142 27
2484 11121 63
40142 42058 131
42058 31814 253
31814 43021 56
40142 32510 272
32510 5075 87
32510 29391 146
32510 37085 222
10350 2930 340
2930 32235 136
32235 42097 190
21832 3653 340
4042 3869 340
3869 41251 110
3869 458 186
38807 5295 340
3263 5329 340
5329 35792 172
5329 22578 319
22578 2436 87
2436 38005 23
22578 44991 95
6554 5658 340
751 6788 340
6788 26508 259
26508 22832 151
12707 7015 340
7015 14957 8
14957 48874 133
4481 7373 340
7373 8720 95
9885 9285 340
23104 10104 340
10104 7862 101
7862 29369 42
10104 12345 106
9521 10114 340
2587 10649 340
1413 11342 340
11342 37897 41
46102 12387 340
12387 10542 48
12387 327 109
327 18803 132
12387 46395 142
327 12478 159
327 5707 197
5707 36807 150
18803 42713 239
12387 42619 245
36807 28090 327
23514 12911 340
12911 15052 58
12911 34879 59
12911 44920 94
15052 40831 228
12911 16592 249
16592 44055 310
19731 13034 340
13034 11120 278
13340 14070 340
13790 15762 340
15762 18374 258
26112 16414 340
5588 16481 340
16639 17616 340
10708 18047 340
8779 19782 340
10998 23035 340
43573 24215 340
6425 24901 340
9164 25395 340
25395 45554 22
25395 36476 105
36476 37799 295
37799 18287 214
3038 26691 340
31845 27463 340
27463 36007 29
27463 40957 58
27463 35531 275
2145 28325 340
28325 12107 272
22620 29596 340
14502 30599 340
11287 31348 340
9735 32589 340
23309 34922 340
34922 18109 106
18109 48542 143
48542 28560 27
28560 39320 245
48542 36433 307
36433 24230 336
2423 34960 340
15023 35368 340
26338 36486 340
36723 36659 340
15240 36815 340
36815 11149 20
11149 24341 120
46360 38194 340
25638 39114 340
39114 7444 169
7444 19071 164
7444 15174 256
19071 32634 271
38566 39402 340
45927 39458 340
39458 40061 215
40061 41041 156
40061 19983 201
19983 25573 240
7715 39996 340
20370 41155 340
30560 41598 340
41598 4841 34
41598 18664 124
18664 28548 227
28548 48690 218
4841 2905 299
5466 41716 340
40169 42032 340
20265 43281 340
43281 43169 90
14901 43520 340
43520 44568 180
9598 45362 340
14286 45555 340
45555 48193 322
32541 48301 340
48301 2365 113
48301 40847 327
1077 203 341
203 22760 48
22760 30595 114
22760 2838 174
2838 3506 104
2838 31689 207
2838 30582 220
3506 19661 231
19661 46322 30
19661 20274 70
19661 32243 86
22760 46094 245
46094 8157 115
8157 41019 223
30582 36206 271
3506 23183 275
41019 8051 291
8051 4284 184
8051 12092 230
19661 15154 296
2838 12191 313
12191 20738 142
264 337 341
337 2971 187
2971 7520 158
2971 5994 242
17827 2302 341
2302 2858 42
2302 12381 44
12381 23645 82
2302 38760 160
2858 3303 229
3303 37423 7
3303 48404 261
2302 1508 276
18040 2442 341
2442 30101 39
2442 38189 83
15138 3575 341
244 6364 341
18170 7160 341
7160 3125 182
3125 3224 251
3224 34834 51
3224 40481 74
40481 32578 98
32578 43659 110
34834 38244 147
32578 35713 225
43659 46476 235
7160 28541 252
28541 10801 18
10801 22959 249
22959 6207 232
34834 34313 311
15550 8102 341
8102 32248 35
12379 8787 341
8787 9644 27
9644 9818 99
8787 31295 174
8787 42926 179
9818 19072 209
19072 34005 19
34005 25947 169
25947 48311 195
31295 12825 283
46188 9636 341
9636 36456 18
9636 2328 305
16494 10670 341
11579 11881 341
11881 29025 122
20813 12315 341
12315 12648 21
12648 42006 242
42006 47636 153
42006 29752 218
42006 42337 268
22343 13540 341
13540 1264 71
1264 45884 121
8507 16333 341
3427 18384 341
8975 19834 341
35377 20747 341
43302 22380 341
7953 23052 341
9530 25013 341
3301 25577 341
33807 25622 341
4924 25811 341
16077 26145 341
16928 26536 341
44801 26676 341
26676 16293 57
26676 42468 169
26676 33045 206
33045 41243 204
42468 35481 273
16293 44070 273
44249 28859 341
36541 29058 341
695 29226 341
29226 42030 322
11443 29336 341
45040 29387 341
20319 29950 341
29950 19518 168
18790 30060 341
30060 28980 95
30060 30383 191
30060 44144 213
44144 45235 71
30060 11543 305
11543 39549 24
39549 25777 157
39549 23119 273
23119 44554 80
8247 30344 341
2439 30623 341
25985 30728 341
30728 34661 248
13466 30988 341
30988 4739 228
4739 11652 13
4739 3077 76
4739 19545 173
19545 32714 175
19545 2331 209
2331 47509 76
2331 13924 239
3077 14051 310
14051 37282 271
37282 25857 46
2331 19274 310
19274 3255 125
2331 12004 326
3255 1240 335
1240 732 55
732 47133 195
21761 31249 341
36369 32208 341
32208 43950 129
46124 33182 341
30059 34325 341
34325 34645 71
13459 34439 341
20757 34667 341
34667 37904 200
41160 34964 341
34964 16141 120
24117 35198 341
23829 39355 341
20225 41527 341
34234 42294 341
17696 42801 341
20741 42947 341
43422 44276 341
44276 42584 272
40301 47689 341
47689 42845 64
42845 34612 143
34612 17620 248
10144 1068 342
3465 1275 342
1275 8626 15
1275 48784 112
6411 1681 342
26747 2652 342
2652 23462 40
2652 15980 225
26261 3155 342
3155 1700 84
1700 27610 17
3155 11572 138
1700 2327 293
2327 38481 2
38481 23887 296
8862 4947 342
22339 6538 342
10890 6818 342
8293 7184 342
134 10402 342
8632 10775 342
10775 26203 267
6883 11155 342
20674 11829 342
24932 14379 342
14379 42000 295
1018 15442 342
24281 15515 342
15515 460 335
460 6191 18
6191 48805 176
6191 43906 186
460 49180 331
27567 17012 342
17012 3777 2
3777 5636 97
5636 16202 144
16202 22986 128
22986 8488 26
8488 7920 112
5636 31182 166
21484 17262 342
17262 41144 154
17262 20644 249
41144 33813 277
33813 46529 294
46529 35703 331
35703 22433 11
22433 18850 18
18850 44022 166
44022 33584 12
33584 29232 4
44022 10772 115
10772 16529 136
16529 49745 137
10772 966 253
966 5751 194
33584 42681 312
23344 18002 342
18002 2232 332
2232 1529 108
6487 18010 342
18010 37412 99
18010 28900 341
28900 5423 129
18089 19346 342
19346 42265 223
19346 20135 226
862 21295 342
18676 22356 342
39200 22947 342
48040 23135 342
19809 24345 342
18888 25782 342
19287 26606 342
26606 48745 30
48745 41352 154
1852 27664 342
27664 28028 26
27664 37893 132
28028 32089 165
37893 9130 166
9130 29127 122
37893 40829 252
40829 40846 103
40846 15664 116
15664 38994 50
38994 38673 203
40846 25244 207
38673 25204 233
40846 28019 293
40846 38313 306
2230 27836 342
27836 22006 297
3198 28106 342
37804 30069 342
30069 39731 329
48240 31258 342
31258 22208 40
47730 31321 342
31321 47885 276
47885 26911 267
16142 33913 342
36220 34074 342
34074 1626 249
1626 9777 84
9777 34156 150
34156 19607 178
19607 45004 101
45004 26092 162
1626 7975 185
26092 23090 300
2038 36306 342
36306 44394 263
44394 32896 342
32896 42098 307
33979 37206 342
37886 39807 342
39807 32249 299
4539 41732 342
41732 42667 250
1029 41924 342
46831 44738 342
28450 45067 342
24867 45300 342
42403 45976 342
43508 48084 342
48084 15552 2
17700 48774 342
48774 45864 261
17542 49526 342
49526 35990 256
35990 43293 229
43293 48310 325
35180 49647 342
43873 49772 342
3174 887 343
887 4536 139
4536 10856 12
887 878 235
878 3292 94
3292 15245 190
878 15753 197
15753 1202 125
1202 3667 8
15753 13009 135
13009 37474 16
1202 1640 140
15753 37673 191
37673 13995 189
13995 35054 115
1202 11513 208
3667 38398 242
878 26368 260
26368 39294 36
15245 46775 267
3292 24645 282
13009 37708 299
11513 46071 336
46071 13294 305
13294 22561 90
22561 10205 331
10205 11191 60
11191 48569 5
811 1006 343
1006 14484 7
1006 49866 243
49866 43175 229
43175 23996 39
43175 36612 235
23996 33781 280
33781 45342 162
45342 15078 132
15078 19347 168
19347 25029 196
33781 48231 271
45342 45919 321
33766 1389 343
12678 1957 343
1957 15972 45
15972 11436 49
15972 27712 119
1957 23405 139
1957 20396 241
1957 38804 273
38804 43883 91
43883 17723 16
43883 33827 57
43883 1893 132
1893 5022 148
5022 33631 18
33631 5501 102
1893 1623 156
1623 45290 181
43883 22677 196
22677 36881 93
33631 17729 203
17729 29573 6
29573 20366 168
20366 49121 77
11436 48760 283
48760 7220 168
48760 5649 177
7220 25228 194
17729 9277 291
1623 11430 295
11430 40683 79
36881 16644 313
16644 6394 287
9277 5004 338
5004 49705 221
49705 6015 235
6015 23687 165
23687 1800 277
1800 5323 32
5323 36586 9
5323 33388 27
33388 43047 42
5323 10140 69
1800 21339 69
43047 40414 96
1800 875 184
1800 21673 247
1800 19793 255
10140 13432 289
13432 35439 57
22677 22537 341
22537 5871 21
22537 13452 176
13452 18535 248
5871 40263 331
40263 38580 33
173 2032 343
2032 7256 94
41812 2272 343
27246 2438 343
2438 24964 224
24964 39799 175
1500 2689 343
2689 14212 62
2850 3473 343
3473 46778 130
3473 37524 313
37524 21042 118
199 3562 343
3562 7292 293
7308 5642 343
12428 7038 343
7038 2512 180
7038 21728 271
21728 38736 164
7038 26897 289
9659 8078 343
8078 15863 225
28900 9436 343
9436 24797 192
9436 7043 204
7043 3863 9
3863 17710 129
17710 22712 225
7043 1758 284
1758 4823 180
7043 49149 293
49149 48129 135
48129 43097 162
43097 41389 331
41389 47686 274
47686 31031 110
22712 16921 337
16921 10329 253
1652 9450 343
42852 10042 343
10042 30077 179
30077 35558 168
22613 10397 343
28624 10832 343
10832 31095 15
10832 3396 94
3396 36987 10
36987 32784 55
32784 24259 2
32784 16063 11
3396 7263 82
7263 7789 193
10832 36825 319
36825 15978 23
36825 32808 119
32808 18102 263
18102 42550 186
42550 43957 197
18102 31577 248
17950 11625 343
30963 12762 343
27232 13695 343
1846 13857 343
13857 42174 102
13857 26411 218
26411 21183 280
21183 35338 30
11337 15493 343
46956 16089 343
23940 16445 343
16445 33599 289
49462 18298 343
329 18391 343
18391 29770 59
2838 19265 343
19265 33365 231
33365 38587 276
7416 19432 343
25567 20441 343
20441 6356 73
20441 10719 161
6356 7455 245
7455 10773 229
7455 49732 265
49732 25060 196
25060 4903 283
4903 13096 41
13096 28856 262
21872 21003 343
24829 21143 343
24382 22051 343
42318 22917 343
7790 24839 343
45969 25868 343
1723 25982 343
25982 38225 33
25982 17525 235
44441 26427 343
25203 26566 343
26566 33108 163
17963 26577 343
21462 28421 343
8420 30336 343
30336 38467 203
21717 30745 343
21676 32072 343
20099 32335 343
48357 32946 343
1239 34099 343
5875 34548 343
29373 34981 343
34981 45596 206
34981 35341 231
45596 25821 297
25821 25609 210
35341 1255 318
45596 41165 325
41165 49900 92
49900 33993 13
41165 34597 278
34597 26137 218
1255 29104 333
29104 24216 166
24216 37466 10
24216 35817 59
35817 42779 77
42779 30938 72
29104 23056 241
42779 43735 293
439 35348 343
43209 35764 343
22677 36605 343
22080 37947 343
37947 19035 55
19035 37405 267
37405 39860 227
39860 37793 180
39860 17956 205
36418 38421 343
38421 27609 163
47341 38496 343
19520 40195 343
40195 32508 162
38384 40908 343
37374 41063 343
9304 42206 343
43259 43368 343
43368 1780 295
1780 13376 321
35 44506 343
3654 44729 343
43445 44980 343
44980 19889 209
19889 5400 97
5400 2132 80
19889 44981 197
2132 28672 224
5400 7109 261
33767 46299 343
3018 46318 343
30106 46469 343
46469 25238 37
25238 48239 71
25238 40303 129
25238 22904 141
48239 6111 147
48239 24978 203
6111 48867 226
22904 15462 319
15462 14590 77
14590 19960 318
19960 47596 179
15462 47289 325
47289 15243 292
15243 45579 194
39126 47235 343
47235 8832 14
8832 29059 191
47235 5629 234
10993 47337 343
47337 44600 68
44600 12262 124
12262 37342 36
37342 36002 14
36002 24984 200
36002 34332 226
24984 30466 232
30466 15339 122
15339 24106 196
24106 142 63
12262 10516 247
44600 43063 317
19945 48476 343
21568 49725 343
49725 24093 339
24093 28923 203
10480 3161 344
6090 5702 344
1162 8850 344
8850 7404 20
7404 14029 301
4553 9258 344
9258 24949 257
24949 47716 58
47716 40062 80
24949 12286 94
40062 36344 149
24949 39329 159
12286 2242 171
24949 42828 269
36344 15985 303
15985 40334 318
15751 9795 344
9795 26426 158
9795 4249 310
4249 5459 179
4249 7123 206
7123 440 42
440 6508 81
440 1254 110
1254 28533 33
440 5640 203
1254 23628 234
4249 11980 247
11980 40069 164
11980 18163 235
1254 2569 273
2569 8015 82
8015 17776 109
17776 23623 252
440 800 332
800 32181 237
32181 49028 104
49028 37217 223
8644 10508 344
10508 25485 209
25485 37395 54
37395 11657 93
37395 32531 183
11657 4813 300
4813 32119 209
10508 43440 302
2086 12161 344
12161 42138 112
42043 12494 344
12494 49620 204
49620 9923 3
10665 12728 344
14288 13311 344
17821 16586 344
16586 42328 22
444 17895 344
17895 16050 36
17895 35161 83
35161 28812 33
35161 3906 87
35161 2011 200
28812 31026 207
17895 30972 238
35222 19165 344
19165 4170 63
35741 19891 344
19891 12150 63
19891 38163 63
12150 3814 236
39812 20138 344
1619 20806 344
20806 32610 179
32610 19867 42
19867 45565 150
45565 39243 263
6071 21767 344
14128 26097 344
26097 24630 247
26097 20579 307
8415 27599 344
23922 27921 344
8363 28276 344
28276 17780 267
17780 31387 235
27214 28759 344
28759 42373 75
42373 32277 139
7860 29476 344
29476 28711 281
28711 15131 161
26928 32757 344
25657 35943 344
49910 38058 344
38058 33095 147
9862 38479 344
5949 39154 344
39154 26352 311
15131 41569 344
41569 19804 59
19804 28519 220
28519 2052 84
2052 129 240
129 43984 216
2052 44679 242
44679 39379 16
2052 8739 268
28519 38591 330
40334 42624 344
36742 45631 344
35313 49336 344
49336 19687 10
19687 20067 192
472 542 345
542 963 266
963 1270 61
963 39681 215
1270 4700 316
2698 1530 345
1435 2180 345
2180 3431 138
2180 34 259
34 561 141
561 8870 121
34 27380 200
27380 38400 3
27380 42461 96
38400 42613 189
42461 41209 205
38400 38470 298
13439 3557 345
3557 19612 232
19612 32724 108
6663 8037 345
8037 23562 189
15655 9970 345
2430 10310 345
1525 10846 345
32 11541 345
11541 10067 210
10067 48646 90
48646 12621 166
48646 42016 184
11541 30700 218
10067 44342 297
44342 19259 265
19259 48142 285
48142 35830 51
12621 46495 310
46495 1119 193
46495 47797 314
1119 1025 316
1025 162 159
1025 2092 181
2092 32434 74
2092 16546 303
10067 267 331
267 17602 187
17602 30812 40
10067 19562 337
19562 39454 141
39454 4396 84
4396 9680 266
14111 16120 345
16120 43858 139
43858 30452 123
16120 38152 262
38152 36434 124
36434 26808 123
30452 42444 283
42444 23203 2
23203 36799 24
36799 34342 153
36799 17109 158
25307 16588 345
16588 11061 154
11061 18211 191
25402 16623 345
16623 33582 275
33582 38370 1
38370 25503 127
16623 15015 276
33582 22818 276
5637 16951 345
16951 25561 208
25561 24561 72
24561 20799 91
20799 3152 43
20799 14970 73
18911 18066 345
22403 18151 345
18151 29919 118
18151 30787 168
18151 17817 193
18772 21068 345
21068 14105 158
14105 32988 34
21068 48115 242
48115 41039 41
41039 47438 74
14105 26820 274
26820 48592 67
21068 11310 310
14105 19531 338
24436 23231 345
35987 24957 345
33008 25024 345
27504 25543 345
40205 26048 345
26048 32334 158
32334 41623 108
26048 45082 342
11294 28385 345
9308 29997 345
49282 30202 345
7971 30791 345
42710 32571 345
37601 32802 345
29900 33037 345
4721 33327 345
33327 22285 331
22285 47359 4
22285 27812 25
1594 33376 345
38859 35578 345
39040 39469 345
48293 39801 345
4520 40221 345
40221 10281 45
40221 37491 59
37491 47744 46
40221 25800 185
47744 35523 341
28000 40258 345
40258 45608 28
1375 42503 345
42503 49406 198
29471 43579 345
43579 42513 145
42513 34652 72
42513 33799 228
42183 43949 345
13718 44582 345
23238 46796 345
46796 23596 77
23596 18234 319
18234 33110 66
33110 37621 212
37621 19244 252
19244 19332 4
33110 18840 253
18840 40869 35
18840 49629 103
18840 35688 127
35688 2452 7
2452 1537 53
2452 32570 298
40846 46938 345
48569 47346 345
47346 44006 256
470 2536 346
26928 3806 346
45408 3861 346
3861 869 267
869 503 116
869 6372 293
503 738 312
738 7977 103
738 1778 124
6372 15663 327
15663 10992 53
3861 19477 344
19477 12294 218
12294 17423 322
17423 39076 302
39076 47055 10
39076 549 315
549 20573 140
549 362 302
362 370 6
362 28638 100
28638 11235 309
370 35189 333
35189 2257 247
43173 6241 346
6241 1615 98
1615 28579 247
1615 10367 300
15494 6748 346
6748 2194 193
2194 38226 84
38226 38964 55
38226 18277 187
38226 24141 224
18277 9988 286
24141 6756 340
6756 39813 37
39813 43553 122
43553 18280 47
18280 27403 217
980 7844 346
4187 9706 346
9706 15623 199
15623 27424 302
27424 9533 232
27424 43262 304
2257 9724 346
9724 42736 100
42736 43241 7
42736 5764 345
5764 44137 211
21114 9899 346
9899 36517 11
3038 11025 346
11025 32568 108
32568 11946 317
32499 12152 346
13385 12180 346
12180 32916 71
12180 2993 205
23535 14035 346
14035 47613 132
47613 23421 9
47613 44631 132
14035 14331 156
14331 44412 55
14331 35418 131
31460 14097 346
6462 14818 346
14818 11591 61
14818 34875 232
44184 15151 346
47307 15190 346
15190 8213 125
8213 23025 169
23025 11536 172
29578 15934 346
15934 41329 113
15934 34394 178
41329 33561 307
23310 16564 346
16564 47995 256
16564 5840 322
26567 18609 346
10705 19107 346
27592 21923 346
21923 33371 68
21923 8839 265
23767 24247 346
24247 21651 290
17963 25098 346
3436 25524 346
8735 25637 346
25637 27682 313
27682 38697 252
17298 26313 346
26313 25496 93
25496 35142 20
25496 13728 120
17209 27293 346
47852 28465 346
15049 31920 346
46956 32550 346
11662 34959 346
38652 37139 346
37139 29773 231
29773 21803 134
7108 40517 346
40199 42869 346
40747 42964 346
42964 42527 10
42527 15801 190
15801 30490 81
15801 17346 166
42527 9543 338
9543 24632 169
27028 43139 346
43139 12060 133
43139 19936 195
19936 30594 57
30594 22879 116
23997 44087 346
41063 44553 346
44553 354 66
354 229 5
229 226 13
32508 46289 346
30205 46295 346
46295 20657 221
20657 47523 60
20657 28667 322
28667 27390 143
27390 39381 75
28667 30071 248
15906 46392 346
3814 46678 346
46678 48635 65
27486 47923 346
34055 48109 346
13239 49356 346
89 318 347
318 399 264
399 16315 19
399 1321 237
596 406 347
22012 723 347
723 1816 75
1816 36511 15
36511 43994 15
43994 22304 100
723 29722 245
29722 25916 277
29722 20699 345
20699 15852 122
20699 17166 171
17166 25932 128
18401 1480 347
1480 13342 5
1480 36297 196
36297 43126 73
830 2279 347
14118 2595 347
1797 3510 347
3510 9084 163
3510 5044 229
9084 16392 244
5044 39668 339
13429 4221 347
9574 6377 347
17315 7312 347
7312 26349 177
26349 41856 110
3088 7428 347
7428 43380 225
43380 11042 28
11042 35526 69
11042 12819 288
12819 21404 104
21404 23415 298
23415 8249 127
37551 8668 347
8668 9959 222
9959 8591 233
8591 28749 38
8668 14768 251
14768 34516 75
34516 48433 60
34516 27002 62
14768 44544 87
48433 30103 147
14768 25396 160
44544 26995 206
9959 42264 309
18134 9949 347
9949 42285 128
42285 45634 152
45634 14846 175
9949 34075 177
10885 10754 347
10754 10376 123
10376 1997 249
1997 31729 87
1997 17785 113
15918 10891 347
10891 23102 108
36062 10953 347
10953 22854 58
10953 18438 331
15065 13192 347
19346 13414 347
13414 40165 58
13414 10672 69
13414 20623 75
13414 6696 141
6696 3743 59
6696 37993 123
3743 7614 183
13414 39620 184
3743 41277 191
13414 22431 210
22431 36366 45
7614 32115 230
13414 2120 237
2120 525 147
2120 45491 244
10672 3519 250
3519 8627 214
37993 49909 259
49909 41516 203
49909 2048 222
2048 8396 90
39620 8447 262
2120 8142 301
8142 12690 26
8142 33250 129
8142 27939 256
8142 5380 285
37993 25129 328
6696 9402 336
43977 13650 347
23387 16362 347
22839 16582 347
16582 17782 48
17782 26595 152
26595 6547 181
16582 44199 287
6547 34351 314
34351 10917 285
10917 45316 305
45316 49512 285
6346 19632 347
19632 11740 22
11740 38608 28
31971 21720 347
21720 21620 109
21720 13433 284
13433 26301 94
26301 18897 314
13433 11135 327
18897 8788 334
8788 12943 68
12943 16955 181
16955 19351 293
11135 46801 336
6154 22338 347
22338 11868 80
6134 23108 347
17125 23248 347
16774 23374 347
2613 24038 347
24038 19069 7
24038 19397 104
19069 28422 192
28422 5275 231
5275 12474 266
42810 24263 347
24263 14159 272
19477 24458 347
24458 24198 202
36461 26994 347
26994 11046 179
15154 28546 347
38085 30082 347
44199 35005 347
35005 41852 297
41852 14343 252
8129 35686 347
49619 38513 347
38513 46577 124
23595 39143 347
39143 32229 1
39143 33080 226
49265 39842 347
39842 9319 149
12881 40134 347
4736 40459 347
10531 40884 347
6519 41283 347
41283 46280 70
46280 7029 16
7029 6654 35
7029 26226 56
46280 31993 92
7029 35424 113
46280 1631 124
1631 37704 38
1631 38552 128
7029 18192 168
18192 19272 226
37704 3737 245
1631 11040 264
11040 20686 17
20686 9889 263
9889 3926 65
3926 2513 134
2513 45367 140
9889 28033 207
3737 13220 271
13220 44778 86
26226 13000 282
13000 12818 4
13000 25728 45
13000 22533 126
22533 18905 151
25728 43130 196
43130 39587 169
13000 1514 197
25728 22962 277
22962 21665 147
22962 34010 309
27036 41359 347
2813 41481 347
11293 41957 347
33896 42225 347
42225 4896 156
4896 33985 72
4896 14293 138
33985 16227 298
24386 43621 347
3361 45598 347
45598 38449 303
36358 47264 347
26530 48413 347
48413 40266 142
9022 48626 347
22774 49698 347
11567 2633 348
2633 23212 25
23212 46086 252
46086 27374 164
46086 26016 174
26016 45923 152
46086 30783 218
30783 14201 107
14201 19787 121
14201 34679 207
19787 28543 254
27374 21632 269
21632 21323 284
21323 9208 33
23212 4269 327
11352 2895 348
7650 4060 348
4060 3404 90
3404 9822 72
4060 15750 93
9822 16391 149
16391 46345 221
3404 34236 222
34236 28221 93
28221 33991 208
33991 41813 157
33991 16561 164
33991 44256 286
3404 7996 290
46345 24824 334
24824 22420 171
22420 23005 142
12914 5392 348
36183 5623 348
5623 29577 74
5623 28475 130
5623 38497 175
5623 1862 281
1862 42731 233
38497 23873 311
23873 19554 6
19554 34171 160
14801 6006 348
6006 21570 212
21570 28064 27
21570 39482 51
21570 31426 92
21570 27198 188
27198 45191 194
6006 26475 299
28064 21585 321
21585 1548 77
21585 8771 193
1548 10952 338
6254 7618 348
7618 31699 336
6558 7690 348
7690 21251 105
21251 14538 48
14538 47794 15
47794 40964 19
40964 21985 221
40964 43618 283
14538 14187 286
14187 19227 161
19227 28570 81
14187 39915 163
21985 31238 301
100 8927 348
21080 10679 348
44537 11753 348
11753 30396 320
30396 8846 140
30396 6530 275
6530 7897 257
40738 14164 348
41875 14509 348
3955 14656 348
37771 15767 348
4440 16499 348
16499 31078 295
38351 17338 348
17338 15554 212
15554 11200 84
11200 18028 55
18028 38769 146
10496 21522 348
21522 18186 76
21522 15200 200
40462 21739 348
21739 8110 159
8110 48092 41
48092 27608 105
27608 39250 41
39250 44207 91
44207 9313 128
9313 5778 25
8110 33873 192
8471 23300 348
23300 13916 136
12169 24784 348
21572 27196 348
22647 28149 348
28149 19452 22
28149 32400 55
32400 38643 13
38643 28057 71
19452 48255 216
48255 30491 111
30491 21664 118
30491 3980 126
3980 6950 243
38643 8166 245
8166 2774 94
2774 17490 64
6950 19453 300
3717 28694 348
28694 38412 277
38412 7399 160
38412 21087 319
25939 30718 348
16278 30803 348
30803 23973 76
30803 41398 109
5069 31134 348
2055 31275 348
31275 19688 164
41144 32929 348
32929 10808 206
10808 14570 69
10808 23399 164
23399 41377 122
41377 8438 17
14570 23273 205
14570 29156 225
29156 34873 132
32929 48212 260
48212 26275 210
26275 42014 180
42014 30593 237
41377 48557 280
29156 1791 293
41377 49144 306
49144 24175 40
19234 33347 348
19553 33703 348
33703 15748 258
33959 34799 348
35395 35534 348
31625 35848 348
35848 35887 159
23833 37049 348
18739 37066 348
38274 37513 348
37513 34100 71
34100 26802 128
26802 10494 140
34100 34784 247
34784 44043 141
14658 39277 348
6858 39345 348
29375 39503 348
26710 39693 348
6929 41262 348
41262 12997 249
10455 41510 348
6356 43794 348
43794 30654 33
18897 44095 348
22247 45195 348
19191 45433 348
9315 47589 348
31779 49810 348
1634 884 349
884 3026 278
5118 1125 349
1125 2227 185
2227 15923 19
2227 48897 63
48897 35306 3
2227 16504 153
48897 23207 168
23207 43449 229
43449 44149 139
44149 43511 127
43511 47620 263
47620 30966 266
30966 7227 239
1125 12318 273
16504 27672 292
23207 33322 306
33322 33936 146
1553 3410 349
3410 25084 53
3410 19125 88
3443 4238 349
33940 4438 349
417 4476 349
4476 10493 40
399 5454 349
5454 34988 274
43749 5493 349
18898 7983 349
7983 34357 15
20151 9167 349
3930 10348 349
10348 24836 288
13279 11162 349
23135 11441 349
7789 11520 349
11520 45558 132
171 13531 349
20851 13806 349
12208 13861 349
13861 10150 274
10150 24804 232
38135 17207 349
41736 19952 349
44180 20238 349
20238 16299 333
16299 22532 141
22532 13906 97
24709 22472 349
22472 22571 215
23218 22794 349
43553 23865 349
11140 25216 349
25216 12569 276
12569 49753 244
12569 32830 264
29931 25541 349
39343 27407 349
20241 28617 349
25635 29129 349
2600 29756 349
29756 16781 218
27660 30326 349
31839 30517 349
22590 31204 349
31892 31579 349
31579 31724 166
31724 27781 72
27781 2243 239
31724 15316 272
1916 38219 349
38219 38025 290
38025 44228 134
37627 38792 349
38792 18417 338
18417 11282 274
36087 40477 349
36250 41186 349
20849 42583 349
3153 44745 349
29118 45583 349
45583 37048 258
37048 49092 20
36398 45664 349
45664 34804 315
48395 46010 349
46010 43850 9
43850 7727 148
45211 46136 349
38469 46504 349
21289 48749 349
34523 49542 349
15686 726 350
726 2802 195
2802 37567 62
37567 7391 190
11313 1268 350
26031 2205 350
1564 2315 350
2315 9458 93
9458 2387 13
9458 4675 16
4675 30026 64
4675 35512 193
30026 37410 197
2387 29562 215
29562 2353 93
2353 2163 64
2353 10586 66
10586 10951 114
2353 3054 121
3054 23725 189
2353 7934 226
7934 15654 97
9458 14851 256
2163 10627 315
2387 46 324
46 7581 305
7581 42892 122
2332 2493 350
2493 2236 125
2236 1379 15
1379 1012 21
2236 11950 230
20790 2516 350
2516 41181 4
2516 41918 148
2260 4218 350
4218 48008 21
16693 6489 350
1809 6641 350
6641 42079 258
42079 21855 189
21855 10901 143
10901 43778 124
9589 8024 350
15130 9053 350
9053 8442 148
9053 34997 230
6569 9104 350
9104 36955 294
36955 20883 140
20883 20908 108
20908 39211 125
20883 29498 275
20908 29352 300
2731 9547 350
49664 9553 350
46011 11203 350
11203 17825 263
8185 11621 350
2788 11983 350
11983 4774 218
4774 40592 116
11983 18262 229
4774 43165 346
9185 12344 350
12344 25015 292
12344 12112 293
1227 12870 350
12526 14829 350
2305 15192 350
15192 15300 339
21820 15566 350
15566 31255 162
9284 19033 350
19033 37070 309
43357 20137 350
20137 35596 150
26372 20984 350
49429 21536 350
21536 34048 231
34048 39995 207
7375 22511 350
9754 23360 350
37610 23998 350
23998 37806 82
36747 24254 350
38804 24761 350
11140 24909 350
24909 24220 54
24220 31342 154
47055 25220 350
25220 34384 337
6148 26263 350
27102 26537 350
38332 27444 350
2766 27674 350
27674 35974 107
21289 27824 350
27662 28014 350
2157 28294 350
28294 7423 289
19523 28648 350
28648 16855 64
16855 20073 256
10216 29214 350
29214 38912 12
29214 11687 64
2801 30065 350
12783 30149 350
2878 30203 350
30203 19998 51
30203 1646 68
19554 30658 350
30658 4371 204
4371 40821 65
40821 19458 76
30658 2609 233
30658 18925 255
18925 33112 266
4371 16902 311
16902 16634 18
16634 13199 59
2609 15882 313
15882 44163 212
13199 16231 342
16231 21882 139
21882 25336 114
16231 10235 266
25336 46152 328
5241 34446 350
17828 36948 350
1842 37459 350
13254 40114 350
39741 41015 350
14199 42035 350
42035 49132 37
19877 42851 350
42851 27915 126
27915 9482 301
9482 46557 251
21464 42894 350
42894 8023 208
11703 44400 350
44400 17019 127
47800 44739 350
4536 45892 350
2955 3092 351
1452 3990 351
3990 18172 157
3444 4921 351
4921 36536 200
36536 43941 154
43941 6583 268
6583 10569 50
6583 34755 53
34755 11004 255
11004 45148 28
11004 45719 71
45719 9469 74
11004 49677 234
4910 6662 351
6662 49607 45
6662 18267 176
5162 6916 351
6916 27520 11
6916 41122 23
41122 8565 53
27520 16888 107
41122 36946 275
18849 7374 351
7374 36573 261
17551 8084 351
8084 27945 261
27945 45999 192
45999 16335 138
16335 31206 105
21002 8228 351
8228 18845 135
4609 8651 351
8651 30275 295
30275 23637 111
23637 5250 60
5250 17253 73
17253 26384 42
26384 46707 24
26384 41275 112
30275 33675 189
26384 6493 258
6493 3824 80
3824 6673 123
8651 10843 299
10843 252 69
252 45390 108
10843 28498 157
6493 35488 302
35488 42742 15
28498 1557 337
1557 42937 72
1557 1501 75
1501 14073 26
14073 31925 87
1501 1590 152
1501 42165 170
31925 17672 174
17672 40465 76
1501 17147 175
31925 9481 212
9481 14913 172
14073 35998 300
41275 24765 348
22773 8946 351
8946 29647 89
8946 2590 138
2590 43575 296
12782 10199 351
10199 49059 121
3168 10377 351
10377 9940 275
16426 11517 351
242 12229 351
12229 13670 42
19245 12278 351
1664 13129 351
12180 13952 351
10094 14023 351
14023 11409 78
13792 15989 351
15989 18875 76
33476 16047 351
4041 17496 351
17496 7482 5
7482 39676 333
39676 48425 44
48425 10934 228
10934 49662 18
49662 40643 196
40643 23927 233
23927 39368 325
39368 28627 118
43056 18111 351
18111 11886 106
11886 1658 33
11886 27352 256
11886 17094 329
37861 21421 351
31880 24171 351
24171 28017 256
14509 24234 351
12077 25650 351
25650 47029 170
47029 16338 74
47029 10505 125
25650 19156 349
9141 26065 351
26065 42120 216
42120 43036 160
22721 26178 351
6261 26498 351
26498 26675 298
26675 29419 19
26675 45684 338
17613 27194 351
23761 27825 351
5793 28905 351
28905 46844 76
46844 8388 159
28905 31316 169
28905 14157 247
8388 45070 321
45070 2281 273
47426 29418 351
29418 14739 210
14739 10828 210
10828 27435 240
10828 30154 273
26812 30062 351
32399 30278 351
2984 30505 351
28365 33304 351
829 33593 351
33593 14096 342
14096 26844 267
29158 33636 351
32259 34821 351
1900 36760 351
13121 37700 351
7946 39908 351
40613 41630 351
25522 41773 351
41773 8432 38
8432 21284 77
8432 9883 208
753 43151 351
7815 43466 351
43466 7045 15
43466 33431 148
13341 43825 351
9196 44453 351
24399 44784 351
15971 44899 351
20900 46714 351
46714 35490 345
43226 47195 351
30386 48617 351
34875 48731 351
48043 48887 351
48887 23646 56
23646 28588 218
28588 1409 284
21582 254 352
254 369 343
369 754 76
754 33929 183
33929 18942 62
33929 38517 257
369 3835 258
3835 43291 269
18942 42923 302
5481 316 352
7992 2602 352
2602 3733 2
3733 10983 26
3733 14582 221
2602 46296 228
14582 48725 230
1134 2605 352
2605 7141 235
7141 7209 28
7141 49618 72
2605 45629 255
2605 37443 276
7141 19284 290
2235 3379 352
3379 5861 184
3379 19738 245
19738 49209 148
6743 9189 352
12263 10103 352
31848 10730 352
10730 21740 15
21740 13903 17
21740 22305 17
21740 9849 63
9849 46614 180
46614 40538 128
22305 32427 267
46614 31955 281
31955 18478 222
18478 4005 254
4005 40366 62
4005 18568 268
18568 14347 134
14347 36194 171
40366 670 272
32427 48513 293
22305 34356 300
18478 32611 336
32611 31796 102
31796 23339 78
32427 23907 348
23907 13820 144
12059 11802 352
11802 9226 232
19601 12594 352
12594 10014 229
10014 815 18
815 25044 335
14977 13165 352
13165 17282 20
13165 16310 44
13165 22869 99
17282 34684 173
13165 18787 299
18787 5691 219
5691 40787 40
40787 13103 130
13103 37509 259
37509 48257 120
48257 1609 293
1609 46997 99
1609 687 140
687 10098 167
10098 40532 199
687 31337 274
34684 46362 312
46362 27673 249
27673 40581 43
27673 24267 166
48257 5728 321
5728 24195 31
5728 5734 329
5734 34665 64
34665 3795 119
5734 9531 135
9531 19187 70
9531 10614 229
10614 31988 29
10614 17839 269
19187 26223 281
26223 31896 13
31896 2192 124
2192 2114 95
2114 32298 135
18800 13775 352
13775 45378 218
13775 17600 242
17600 19403 175
19403 49218 336
21198 14608 352
11629 14956 352
15478 16389 352
27435 20588 352
23512 20619 352
20619 38043 232
34187 20755 352
8702 21732 352
5147 22064 352
22064 5135 97
5135 11821 148
5135 10241 170
10241 2135 187
11821 32971 193
22064 28412 203
11821 32773 220
32773 16943 206
2135 26576 233
26576 28853 104
5135 21619 343
21531 24061 352
23817 24751 352
33121 24848 352
24848 34316 49
34316 12761 10
34316 13216 167
13216 14256 136
14256 11108 298
11108 36951 25
11108 45027 100
47925 25320 352
25322 26914 352
26914 43149 263
9978 26990 352
17457 28272 352
28272 24062 5
28272 37853 34
37853 9222 66
24062 27078 192
24051 28721 352
29115 33789 352
42477 34309 352
29935 35880 352
35880 6048 290
6048 39217 286
17317 36969 352
27399 37039 352
37039 7786 87
37039 16384 246
7786 27598 289
27598 49581 315
49581 14584 130
16384 36502 319
37039 10635 332
10635 8114 163
8114 4145 87
4145 3645 84
3645 24151 247
40170 40297 352
40297 32849 199
32849 44321 290
44321 1820 10
1820 15321 174
44321 49982 313
49982 17697 18
17697 21132 249
1820 40096 341
40096 20898 126
20898 32326 85
32326 19224 55
12434 41170 352
15160 42859 352
42859 3526 189
3526 5695 252
5695 40692 273
5695 11860 292
1482 45392 352
45392 40953 158
8647 45736 352
45736 47005 71
47005 8386 209
8386 8014 176
8386 30802 342
47753 48563 352
8677 48851 352
48851 43909 138
56 573 353
491 795 353
795 18543 253
18543 24364 63
41216 882 353
882 15461 223
882 8361 304
8361 37450 335
15402 1429 353
1429 24204 335
24204 26345 252
3394 1533 353
1533 40895 34
1533 13745 248
13745 18638 67
18638 31406 50
18638 21631 76
21631 1376 58
21631 30209 75
21631 49955 128
49955 28441 68
13745 33276 302
33276 749 39
749 2060 140
2060 13215 344
1198 2109 353
2109 13624 97
13624 42202 14
42202 10926 41
10926 1549 95
42202 44931 149
10926 15079 176
15079 7370 14
1549 46427 179
46427 38502 46
38502 45117 72
2109 14542 314
4212 2986 353
2986 46847 143
46847 10581 5
2986 14624 158
11486 3079 353
3079 40756 73
32621 3432 353
3432 24069 112
3432 12640 124
12640 9930 48
9930 5839 13
9930 25980 122
9930 37729 340
3433 3689 353
1653 4154 353
4154 20836 128
20836 35453 329
35453 15832 59
5067 4812 353
4812 31986 242
2273 5159 353
4608 6137 353
6137 14229 63
6137 13970 114
6137 11713 226
14229 32961 338
11341 6454 353
4042 6543 353
6543 46499 57
6543 24295 313
6598 8240 353
48923 10263 353
1833 10414 353
10414 28345 111
28345 46198 74
28345 30408 78
6276 10947 353
1918 12944 353
12944 40388 125
12944 48473 262
8107 13537 353
7809 15838 353
26175 15866 353
37658 16178 353
16178 14410 162
44121 17757 353
540 18476 353
1864 18498 353
16491 19614 353
19614 46212 59
19614 22856 245
19614 20510 350
21769 21238 353
4482 21459 353
13572 24793 353
34998 28510 353
28510 5701 142
5701 28267 66
5701 10731 176
28510 49871 176
10731 9117 179
9117 49814 76
15948 29413 353
29413 41601 30
41601 13855 233
13855 16832 32
24957 30545 353
9272 31476 353
31476 43437 54
1913 31951 353
31951 29019 97
31951 15736 104
29019 40700 267
3217 32464 353
42167 32967 353
42551 33041 353
18804 33396 353
33396 35074 115
18686 33806 353
38183 33809 353
36276 34413 353
19016 35811 353
35811 25877 32
25877 6821 323
25877 39606 340
20732 36982 353
36982 23340 235
23340 41823 82
41823 30801 120
30801 33660 317
33660 15938 289
15938 25913 313
36982 38706 345
38706 37664 322
37664 31841 42
37664 30721 85
30721 19785 301
19785 13139 275
13139 25267 172
25267 18633 51
18633 1890 20
18633 47525 26
47525 40914 46
18633 14449 129
25267 25296 262
13139 14126 264
14126 12606 191
12606 40960 115
40960 37858 147
37858 44748 133
37858 20976 143
37858 45227 155
12606 23638 214
40914 38525 328
20070 37212 353
11660 37421 353
37421 19146 168
19146 21270 89
21270 28826 24
21270 20075 76
20075 9309 39
9309 9858 131
20075 30097 134
30097 26183 10
26183 845 45
30097 14842 67
9858 26225 182
9858 25958 232
845 607 294
607 721 300
721 49925 189
37421 32052 306
32052 42740 114
14842 14444 307
14444 36275 41
721 2814 326
19146 30850 350
6228 38699 353
38699 2329 345
2329 2584 58
2584 23970 237
23970 42340 277
2329 38236 353
48443 38996 353
6935 39241 353
39241 7724 20
7724 42047 2
42047 43168 2
7724 45301 38
26666 39261 353
40401 42452 353
42452 32224 173
40193 43230 353
16114 44813 353
29506 45021 353
6367 46414 353
46414 34467 117
17696 46620 353
46620 16975 246
16975 13914 174
13914 47854 195
47854 46735 57
46735 39719 10
39719 32928 62
32928 48069 194
13914 28618 275
48069 31163 312
31163 33138 129
17590 46706 353
43427 46716 353
46716 15929 267
17715 46787 353
2572 1595 354
1595 49928 325
7595 5157 354
5157 12561 60
12561 12620 14
12561 48323 100
12561 32372 268
4630 5464 354
1338 5653 354
5653 22641 234
5653 47412 300
47412 30647 258
47412 38943 290
38313 8322 354
8322 5750 318
25936 9086 354
9086 11874 76
11874 36504 23
9086 42169 77
42169 15390 155
15390 11398 140
36504 26680 309
26680 45507 169
26680 34475 269
4104 10079 354
10079 41202 112
35407 13640 354
13640 39346 161
39346 23033 351
429 15036 354
15036 32956 217
32956 31380 156
31380 19061 2
19159 15136 354
8501 15330 354
23189 15616 354
7635 16166 354
16166 39778 287
39778 48629 322
1239 16812 354
368 19203 354
19203 44601 179
44601 5654 127
5654 28383 222
5654 7822 234
7822 16844 270
5654 35090 302
35090 29593 15
29593 3538 61
29593 31582 318
31582 26110 279
9995 19315 354
4903 20115 354
23045 20568 354
47058 21621 354
21621 48486 159
21621 32379 209
44424 22603 354
22603 42717 64
42717 7957 321
953 23010 354
23010 30632 330
30632 19882 213
30632 10251 325
23010 17415 337
40489 23467 354
676 24686 354
24686 47282 219
1447 26023 354
26023 14603 277
28455 26830 354
9821 27663 354
27663 47502 164
10166 27804 354
27804 14391 84
38525 28344 354
28344 20673 214
20673 27826 294
12754 32187 354
32187 32652 308
1638 32895 354
32895 23071 29
2574 33730 354
38231 34916 354
15653 36217 354
40172 36829 354
36829 37233 280
37233 9594 242
9594 6798 311
18374 37581 354
38910 38756 354
25249 40066 354
42852 40702 354
37809 42684 354
47524 43738 354
43738 32776 156
65 46117 354
46117 47028 274
452 823 355
823 2661 180
2661 9286 124
9286 14496 315
14496 20559 327
823 16450 340
16450 33575 86
1044 1976 355
12387 2754 355
2754 27476 19
27476 30670 107
30670 28805 91
2754 3101 290
1609 3755 355
3755 5174 37
3755 6355 101
31974 3868 355
3868 11299 306
11299 49684 169
11299 15371 197
49684 2419 303
2419 6362 105
6362 34690 35
2419 14651 107
2419 13269 256
13269 28628 46
13269 18527 283
18527 21104 234
21104 47114 63
47114 1966 93
2419 9044 291
49684 27840 333
27840 44408 206
44408 5180 8
44408 22517 182
22517 20920 8
20920 18973 283
18973 13992 245
13992 15361 260
15361 16801 307
16801 32994 67
32994 9352 145
9352 28161 164
21104 9152 343
9152 25102 42
9152 18069 50
6101 4198 355
4198 25004 201
4198 903 274
32628 7335 355
22027 10048 355
10048 43299 55
43299 37776 4
10048 17728 123
10048 4375 316
4375 40610 266
43299 28239 322
28239 5263 251
5263 3305 9
3305 3783 299
3783 33123 217
3783 7245 278
28239 23712 300
23712 38921 225
3783 34511 341
34511 49532 286
23712 5730 344
5730 23457 78
23457 42483 265
5730 37006 303
28027 13261 355
13261 11958 276
83 14551 355
14551 7107 96
7107 21390 340
21390 4070 156
4070 14469 176
14469 33620 231
4070 752 252
752 17510 249
17510 36027 48
17510 840 160
752 1116 316
1116 1656 233
840 37920 326
1116 8790 349
8790 31439 271
27290 14693 355
14133 17022 355
33956 17448 355
17448 11711 62
11711 4798 162
4798 9183 45
9183 3769 36
9183 26174 37
4798 43060 58
43060 49479 127
9183 12710 173
12710 12630 287
17448 30014 318
11711 24140 327
24140 5146 249
5146 7415 119
3769 11147 351
5607 18770 355
18770 9191 84
9191 2846 202
23761 18923 355
18923 33732 39
5964 19622 355
43896 20235 355
20235 48138 160
48138 39489 342
27325 21235 355
20362 23004 355
14410 25830 355
38123 26127 355
26092 26381 355
26381 30887 190
26381 15220 275
30887 48565 295
26381 23556 297
23556 25492 351
9871 26955 355
26955 43782 290
26955 30442 334
25562 28253 355
42653 29937 355
38365 32722 355
3624 33709 355
33709 42384 36
33709 47138 79
33709 18460 325
18460 27312 25
5669 34169 355
41918 35268 355
1654 36226 355
36226 10560 148
10560 31301 81
10560 14115 200
14115 25170 153
36226 5121 224
5121 11786 337
24397 36967 355
739 38561 355
45929 44188 355
4571 45412 355
9727 45546 355
2287 45924 355
45924 22785 283
49097 47690 355
37647 48081 355
48081 19543 185
19543 4595 107
215 48099 355
45483 48112 355
11136 48551 355
48551 27334 64
27334 2424 50
27334 28065 239
28065 1506 191
2424 30525 256
27334 17875 301
22499 48554 355
31689 49095 355
49095 17498 23
49095 2139 100
2139 28443 97
28443 48100 111
48100 23750 19
28443 17112 152
17112 19329 166
19329 47685 72
47685 4382 144
17112 10611 249
28443 14142 277
14142 3321 28
3321 9580 44
3321 13817 98
13817 18156 34
13817 41557 130
3321 44309 188
3321 36798 317
4382 10255 325
10255 5063 86
10255 27297 255
49095 42735 327
2139 30249 340
30249 42974 320
42974 41654 313
41654 29324 173
2155 26 356
26 27 104
8137 1415 356
1415 40871 36
1415 5407 158
5407 12151 177
12151 13501 53
1415 19449 231
5407 34711 253
34711 38343 98
38343 44165 39
44165 36258 138
44165 18814 330
13501 13705 346
1530 3148 356
3148 22408 46
3148 27523 313
3148 43733 315
3148 8892 354
8892 13661 349
1009 4616 356
40512 5409 356
5409 4968 314
4968 13656 120
11207 7826 356
7826 35509 178
35509 12137 265
12137 9146 15
12137 5570 225
9146 49680 245
49680 15375 194
15375 38106 256
38106 42 24
42 26965 112
42 146 137
146 15546 48
42 1477 167
42 3491 169
3491 623 129
3491 9007 151
15546 39024 249
3491 34295 286
42 1509 316
1509 1517 53
1517 39991 45
1509 22586 68
1509 11161 221
11161 34104 89
39991 39588 295
39588 17327 220
1517 8523 316
8523 9793 296
9793 38542 12
38542 4982 72
38542 29899 113
38542 29036 116
38542 44418 273
146 5731 334
5731 20524 280
20524 4136 98
4136 24437 23
1509 5939 343
5939 30180 66
5939 42166 145
30180 27564 149
9007 39153 351
7347 8431 356
8431 48250 211
48250 11023 238
11023 7927 81
7927 716 14
11023 29713 82
716 43895 111
11023 23972 184
23972 13801 5
23972 44102 171
44102 34247 160
13801 7572 204
7572 8143 141
29713 23229 254
23229 49411 150
7927 29086 272
18644 8833 356
20916 10601 356
10601 1769 345
26189 12168 356
24630 12179 356
27618 14485 356
14485 12269 191
10867 15166 356
19908 15822 356
9949 18776 356
18776 24467 75
24467 48470 54
18776 20303 99
48470 35144 297
35144 37092 56
35144 40853 74
37092 42830 204
20303 23137 305
35144 23372 339
24243 19263 356
5593 19495 356
2012 19519 356
30891 19876 356
19876 32636 86
32636 39015 44
19876 29538 284
29538 47816 141
49848 20690 356
20690 12230 314
12230 33147 36
33147 19487 111
19487 26051 24
19487 47815 175
12230 28209 177
28209 37526 35
37526 6328 32
37526 30646 208
19487 2734 308
30646 29176 333
26051 34135 342
18887 22399 356
19368 22694 356
35383 24491 356
24491 40681 36
24491 29660 286
29660 7684 324
7684 7846 154
7684 10264 209
10264 19119 66
19119 12061 62
12061 5301 106
5301 4562 198
10264 18933 229
7846 7303 322
7303 29559 53
7303 16929 184
40681 35794 337
35794 48912 66
7684 26136 345
26136 29822 320
3546 25308 356
25308 22929 77
22929 40055 238
25308 47031 332
47031 38805 227
38805 12581 21
38959 25783 356
28154 30847 356
26655 31435 356
11271 31597 356
26352 31828 356
31828 42101 170
42101 15847 152
18335 32391 356
29815 32893 356
32893 10625 296
10625 13164 23
13164 35459 10
13164 19862 13
13164 14258 82
35459 41121 91
35459 1466 111
10625 8208 168
1466 15692 329
19673 33073 356
33073 26168 199
25268 33500 356
10748 33501 356
33501 32333 30
36266 34425 356
34425 23186 348
2679 34428 356
34428 27992 14
34428 8844 320
40574 35013 356
35013 37164 347
6635 35058 356
35058 49051 8
39442 35349 356
35349 21218 156
35349 43930 344
12465 36542 356
35471 37588 356
46252 38193 356
38193 20190 94
20190 31044 10
31044 11681 182
11681 27971 62
11681 25851 101
38193 43985 284
43985 35399 174
2452 39783 356
20683 40275 356
40275 14652 242
14652 47474 71
14652 24847 77
24847 17722 73
24847 13627 120
24847 38166 123
17722 11434 255
11434 14295 89
38166 25422 295
11434 23234 322
14295 46988 354
46988 40963 121
40963 49626 123
40963 40616 146
5623 42994 356
42994 39362 293
39362 30499 165
9285 43104 356
29832 46179 356
19230 46424 356
4518 48066 356
2686 48910 356
3210 1341 357
2358 1667 357
1667 7158 106
1667 239 246
5764 2690 357
2690 26705 89
26705 43027 101
2690 49895 137
49895 8360 192
26705 35004 269
8360 46555 269
26705 29051 277
29051 27303 112
26705 28447 291
4724 3655 357
13868 4030 357
4105 5743 357
3517 6056 357
6056 48865 301
48865 48594 32
48594 18493 161
18493 2342 31
1632 6378 357
7015 6784 357
7162 7182 357
7182 21193 62
21193 33877 16
21193 45879 21
21193 40493 160
45879 45681 230
45681 9676 226
40493 18805 354
18805 24810 143
18805 41069 205
45681 44392 355
44392 23534 287
23534 26542 31
26542 24705 140
24705 19483 14
26542 35006 332
35006 44270 219
35006 49196 286
49196 18791 48
32188 9081 357
9081 44635 288
44635 40337 180
9081 4973 336
4973 3143 208
3143 21892 18
21892 13389 3
3143 20250 286
13389 32880 328
1830 9150 357
9150 29725 277
29725 41492 96
9123 9290 357
37215 9336 357
9336 16861 17
9336 45045 234
10584 9488 357
14985 9886 357
9886 2911 21
6386 12923 357
12923 15638 69
15638 31739 245
1352 13260 357
9868 13915 357
13915 33339 93
33339 22107 348
6023 14278 357
14278 47269 255
47269 13580 275
47269 21726 313
21726 17595 295
17595 29612 180
2298 14397 357
6017 18198 357
18198 44690 265
6400 19063 357
2325 19214 357
4042 19761 357
19761 15072 199
15072 13725 157
13725 1636 21
1636 19525 161
19525 5699 43
5699 4073 1
5699 5198 15
5699 46338 140
13725 44925 201
22978 20177 357
20177 19421 213
19421 19235 303
1121 20454 357
11746 23810 357
23810 26011 131
18033 24346 357
31892 24649 357
24649 4641 255
4641 35672 42
4641 44660 43
32298 26672 357
26672 22546 17
22546 19373 151
19373 39694 324
35100 27181 357
27181 42614 84
8481 28089 357
28089 36728 15
28089 46423 89
3521 28141 357
38400 28644 357
18275 30741 357
30741 40101 176
4710 31297 357
21226 31379 357
3686 34664 357
34664 43223 180
43223 19803 244
19803 31731 205
49578 35532 357
35099 38656 357
38656 43084 354
43084 34993 158
34993 3663 60
15612 41533 357
9188 42241 357
42241 10211 72
10211 11408 162
11408 10383 9
10211 28343 175
28343 20922 261
2278 43463 357
6623 43884 357
43884 13677 35
13677 10437 28
43884 4008 107
4008 27625 17
4008 520 170
4008 24670 186
4008 29028 244
4008 11503 254
11503 17831 174
27625 28430 274
28430 18358 6
18358 37366 312
41769 44203 357
11915 44846 357
7404 45232 357
45232 15617 115
15617 47136 35
47136 17515 99
45232 7434 140
7434 25984 14
25984 26992 131
15617 24258 201
17515 41304 220
15617 16887 307
8219 46374 357
16607 47500 357
47500 27157 246
9035 48449 357
48449 30152 91
30152 10991 61
10991 31367 57
10991 3118 267
3118 19743 229
3118 10153 266
10153 23735 29
23735 42184 25
23735 12270 183
12270 8794 42
42184 48610 274
22232 48683 357
48683 33299 181
979 24 358
4863 1038 358
19738 1885 358
1885 1111 74
1885 11682 114
1111 1964 297
1111 30840 318
30840 25692 51
3905 3196 358
3196 7154 238
7154 25885 122
7154 43671 171
3196 42829 271
42829 44313 235
3196 40762 325
2448 3203 358
12346 4751 358
4751 13610 308
13610 30601 84
30601 37284 149
41136 6843 358
6843 47882 102
6843 35270 108
35270 41971 212
41971 32846 126
41971 17274 219
3174 7619 358
26092 8098 358
8098 45345 41
45345 28113 104
45345 47652 105
45345 48898 105
48898 14224 300
4278 8698 358
8698 13892 186
24191 8784 358
42701 9477 358
37804 9852 358
26168 13467 358
22916 13584 358
13584 16239 293
13584 19700 293
19700 14556 117
14556 1280 100
2064 14905 358
31801 15581 358
15669 16170 358
42295 16925 358
16925 46798 49
46798 7286 67
16925 42077 239
16925 9125 336
26433 17027 358
24315 17844 358
17844 11964 65
11964 25870 9
11964 17178 74
25870 38972 134
38972 34381 48
34381 6514 54
6514 24511 55
6514 10954 56
10954 34052 104
38972 20665 115
38972 44110 117
24511 40065 169
17178 19030 234
19030 26887 178
6514 16339 268
18954 18058 358
29255 18561 358
18561 24757 57
9591 18637 358
18637 38977 186
38977 14564 157
14564 16731 293
16731 23160 81
16731 7554 294
7554 32659 33
7554 35722 263
35722 20505 183
35722 40372 354
40372 5668 34
5668 18061 51
18061 13541 25
8711 18794 358
6394 19206 358
12720 20348 358
20348 19448 156
19448 35479 131
35479 11701 172
15445 20384 358
18648 21784 358
19843 21989 358
21989 38570 281
14814 22569 358
48470 23000 358
23000 49740 350
49740 36091 274
36091 43076 32
43076 29653 31
367 24367 358
24367 43910 285
43910 43922 36
7425 25434 358
49703 25715 358
25715 40099 89
25715 32380 165
32380 36436 59
40099 22411 232
25715 30761 297
30761 49561 100
30761 18276 105
30761 34401 256
18276 7385 323
1186 25918 358
6219 26295 358
26295 22575 321
22575 25887 331
25887 24506 139
24506 27763 119
27763 40443 150
24506 32643 156
25887 45022 207
19479 26627 358
45629 26987 358
26987 20335 293
44825 30620 358
23453 31171 358
31171 6990 328
44461 31269 358
31269 11007 287
11007 39848 239
31269 16605 310
16605 48586 243
21699 32649 358
16837 33028 358
33028 49940 4
11362 33648 358
33648 3859 28
9239 35560 358
36686 35801 358
15190 39096 358
25082 39426 358
39426 28458 23
32419 39582 358
5255 40607 358
31991 40654 358
11464 41877 358
10471 43058 358
29661 44374 358
44374 23434 56
11356 44602 358
26228 48448 358
8 335 359
335 23107 137
23107 38958 61
38958 30539 111
30539 15017 106
15017 42901 17
23107 10208 282
335 25317 307
25317 34396 247
25317 16541 255
42901 43921 316
335 5979 327
5979 18261 70
16541 20271 355
25265 1670 359
1670 17220 185
10473 1771 359
1771 2324 37
2324 14320 196
1771 25011 321
14320 40194 328
40194 36954 59
36954 4727 53
4727 29760 238
29760 45794 256
45794 26954 1
45794 26408 76
4727 48979 323
2882 3874 359
3874 5502 214
42298 4037 359
4037 22202 64
22202 43447 291
31880 4332 359
4332 36065 46
1509 5374 359
5374 11710 35
5374 14486 270
14486 29637 332
29637 2213 130
2213 200 28
200 28836 10
29637 12086 130
12086 16188 70
29637 17064 133
200 44494 222
44494 13119 262
13119 25466 204
25466 49816 155
25466 41218 310
15899 6018 359
6018 15034 114
15034 29300 261
29300 5742 145
29300 38442 284
6018 39460 343
48215 6299 359
13321 6778 359
6778 16737 205
6241 9806 359
9806 11852 258
11852 13961 158
13961 23017 164
23017 48033 41
48033 24960 94
48033 20101 171
13961 29734 327
787 9912 359
1332 11330 359
11330 38654 59
38654 36102 38
8144 12722 359
15744 13171 359
33972 14085 359
14085 6574 51
6574 13045 11
6574 9854 23
13045 26415 113
26415 31810 74
6574 4679 176
13045 25262 305
44572 18403 359
6576 18480 359
40808 20525 359
4334 21629 359
21629 33600 157
33600 10871 177
10871 17727 194
21629 2364 199
17727 33837 249
24197 27163 359
27163 11849 9
11849 5562 163
5562 35444 34
35444 18868 214
18868 34780 24
18868 4662 91
4662 18188 95
34780 12655 200
5562 31644 299
31644 42387 61
42387 32218 136
11849 16144 331
18868 26162 353
3136 28886 359
37035 29276 359
30749 29388 359
29388 10036 101
38563 34547 359
34547 22639 304
42042 36802 359
36802 46990 173
36802 47074 259
21629 38524 359
8613 38647 359
44243 39285 359
26001 40429 359
37509 40962 359
40962 11495 160
3575 41592 359
41592 46372 247
41592 17021 299
17021 8340 277
29951 44245 359
35677 44355 359
80 46028 359
32222 46097 359
42316 46353 359
16918 46467 359
46467 44277 164
44277 19646 151
19646 17475 164
44277 37345 244
46467 22128 335
23607 47214 359
13540 48967 359
48967 45396 289
3205 49587 359
49587 6190 40
6190 7970 276
7970 39701 158
7970 49182 166
7970 21247 230
393 4786 360
981 5117 360
15623 5736 360
5736 34178 322
34178 36392 95
36392 47113 203
34178 29510 287
29510 44214 343
44214 43954 327
1185 6119 360
6119 44016 28
6119 6374 207
6119 22720 334
5810 6417 360
1561 7193 360
25469 8468 360
10536 8558 360
8558 49623 149
31966 9757 360
9757 47933 151
9757 37818 271
9416 15298 360
35740 17008 360
17008 26215 266
21860 17319 360
17319 23647 197
13955 18350 360
1330 20104 360
15351 20167 360
17454 20870 360
20870 30754 303
22612 23184 360
7898 24802 360
11787 25140 360
25140 36590 172
25140 32455 350
32455 46438 97
32455 20451 320
20451 35458 349
17181 25776 360
25776 9701 315
49698 26654 360
19264 26780 360
47510 26961 360
26961 34628 36
26961 10141 136
10141 29024 291
29024 3115 181
8803 28285 360
28285 46412 84
46412 10217 203
10217 49314 215
49314 18436 114
17519 29441 360
29441 18171 28
18171 31645 172
31645 33531 113
33531 20046 249
20046 47466 101
47466 10093 207
20046 9613 297
18171 1402 309
3310 29486 360
202 30092 360
30092 41646 322
26250 30333 360
30333 37297 205
12429 30454 360
24056 30550 360
17831 30661 360
3736 32190 360
32190 40889 228
40889 18583 199
33897 34546 360
34546 37963 291
28451 35134 360
41160 37386 360
37386 30524 281
2865 39264 360
19679 40387 360
27497 41850 360
41850 12719 91
12719 43893 308
43893 12023 240
12023 24340 118
24340 20795 160
20795 9768 106
9768 38310 48
9768 16483 155
16483 1597 131
1597 13117 104
13117 31702 32
1597 15290 135
15290 5896 70
1597 12989 206
12989 30944 209
16483 26867 236
26867 5112 218
5112 8789 19
5112 7052 165
7052 39930 8
12023 48460 268
48460 44682 159
12023 19093 276
48460 3725 342
3725 5500 71
5500 41095 6
38310 35485 357
36687 42283 360
42283 41054 286
41054 17572 137
17572 8339 176
42283 49826 313
16684 42705 360
15510 44033 360
44033 49233 37
44537 48505 360
17235 49471 360
49471 14657 14
14657 13016 40
34318 49499 360
25166 49552 360
27523 49571 360
1 7 361
7 22572 212
301 1724 361
1724 8104 296
901 1770 361
1770 10401 215
10401 667 305
261 2025 361
2025 32022 12
2025 15281 45
15281 33114 178
33114 16095 21
2025 2549 214
14207 2167 361
35294 2270 361
2270 3151 297
3151 26058 12
26058 18421 359
366 2415 361
2415 8621 121
2415 4299 200
4299 11791 81
8621 2931 247
2931 12542 102
12542 32394 1
4299 25421 275
12542 33127 276
11791 22946 286
4299 34789 288
34789 41723 190
2415 48649 309
3082 3013 361
746 3665 361
18949 4343 361
4343 8633 65
4343 11036 86
11036 30113 5
11036 37222 176
11036 21746 337
21746 40025 103
40025 37699 57
37699 31852 109
11036 19720 354
4507 4614 361
4614 11779 12
11779 28305 21
28305 20721 25
6892 5013 361
5013 36495 39
36495 10780 49
5013 43824 117
5013 3543 216
43824 7122 253
37623 9654 361
9654 42938 248
42938 8100 88
8100 419 86
8100 26531 147
28549 11835 361
20231 12981 361
2770 14591 361
315 14710 361
14710 37373 22
37373 44190 143
44190 41444 196
44190 38514 256
37373 49273 322
25380 15595 361
28867 15659 361
15659 48061 95
15659 48217 222
15659 11190 259
11190 2450 95
11190 7510 358
36804 16515 361
44280 17025 361
12348 17803 361
29010 17866 361
17866 38344 252
411 19491 361
2086 19778 361
21834 22604 361
22604 14166 114
14166 30128 140
14166 46967 315
46967 38410 103
1114 23279 361
23279 42248 325
9757 24731 361
16629 24943 361
42158 25117 361
3720 26075 361
26075 28842 98
28842 25556 91
25556 49370 72
49370 21265 14
21265 43425 181
43425 15208 71
43425 16242 99
15208 26761 140
16242 43305 173
16242 10579 178
43425 41564 210
8870 27606 361
19303 27868 361
45384 31870 361
31870 34567 329
18010 33135 361
23239 33284 361
34789 33952 361
17538 34528 361
34528 34877 113
29940 35992 361
6457 36133 361
34856 39310 361
39310 42844 165
14564 40034 361
40034 24558 349
10243 41896 361
21363 42243 361
31994 42442 361
42442 38253 342
38253 11084 69
9130 42560 361
26409 43202 361
30211 43584 361
43584 11099 315
38118 43691 361
43691 36205 89
34631 46238 361
7371 48229 361
48229 47189 281
47189 46411 98
47189 29623 191
29623 26972 230
29623 35022 346
40523 48896 361
48896 49922 13
5009 49592 361
4640 950 362
950 535 4
950 1041 14
535 37544 124
535 27837 231
535 619 361
889 3127 362
3127 11769 1
11769 12776 7
3127 44770 92
11769 10787 154
11769 22676 267
12776 25594 313
25594 33395 35
33395 41536 131
1345 4584 362
5137 5023 362
30041 5203 362
5203 6749 281
6749 42890 348
42890 49298 195
41627 6020 362
6020 24769 50
24769 31617 132
31617 45580 243
45580 43918 122
33587 7784 362
24527 8596 362
8596 4996 141
19544 9282 362
24775 12576 362
12576 26603 19
27446 13852 362
13852 30817 330
34188 15702 362
39036 16065 362
4136 19210 362
19210 13604 32
13604 36841 107
5893 19941 362
19941 47777 120
43823 20043 362
10609 21079 362
21079 39568 294
34483 21418 362
9897 22750 362
3516 24266 362
37880 24617 362
2487 25344 362
13172 26402 362
26402 34199 27
34199 14951 99
26402 25533 286
18854 29813 362
29813 16715 6
32267 29830 362
24195 31312 362
1958 34603 362
49837 37232 362
37232 23599 70
37232 13154 177
13154 24424 112
13154 15376 155
15376 33679 156
33679 8150 93
8150 25590 162
24424 3272 336
45085 37936 362
14458 40809 362
16524 42139 362
42139 15455 243
15455 36131 293
36131 49779 86
49779 20575 210
3498 43926 362
45047 44036 362
32534 44651 362
17631 45169 362
45169 47129 179
49146 45537 362
6477 45740 362
45740 5905 128
5905 31308 58
45740 14401 169
14401 38151 35
14401 11331 167
11331 4790 149
4790 18097 8
4790 12166 118
18097 45458 138
4790 6087 175
33215 46170 362
20199 48344 362
48344 19737 288
19737 1436 266
1436 1544 249
1436 23068 262
23068 26466 53
26466 4053 321
4053 31569 12
4053 1861 196
1861 2542 4
2542 8353 93
4053 6373 228
4053 23847 307
22046 48648 362
49344 49872 362
49872 12173 186
12173 29507 189
29507 47591 132
29507 43207 229
4967 986 363
449 1637 363
1637 39204 116
2327 2526 363
2526 10470 110
2526 3656 229
10470 5548 350
4115 2861 363
2861 3988 245
3988 5018 345
45871 5151 363
2279 5165 363
9354 5206 363
5206 1035 304
1035 4552 114
1035 35113 132
7168 5993 363
5993 34246 346
2025 6862 363
46038 11484 363
11484 17010 98
7150 12972 363
186 13149 363
4279 13660 363
328 13738 363
13738 29107 187
29107 13513 12
7431 13918 363
13918 6286 343
4347 17113 363
29344 19866 363
17243 19901 363
19901 16068 243
16068 5260 151
5260 8855 125
8855 19135 107
16068 26400 241
5260 1641 253
1641 21837 158
21837 33590 84
33590 15400 167
15400 6347 157
33590 37863 184
1641 44969 235
44969 17265 143
17265 42948 168
17265 40111 209
19901 9702 300
40111 19143 317
19143 9064 73
44969 43519 345
43519 7213 103
7213 34519 95
7213 10120 347
7213 19115 348
19115 23697 72
23697 25423 17
23697 49077 194
26340 20242 363
20242 44915 168
20242 31904 179
48282 21036 363
6752 22120 363
22120 21070 88
21070 35008 7
21070 22508 362
5969 25495 363
25495 23983 322
35220 26859 363
26859 34866 13
34866 36515 59
26859 7470 214
7470 5962 250
7470 10715 356
10715 47239 163
47239 13072 182
13990 29018 363
29018 11808 70
29018 35015 120
35015 10033 63
10033 493 157
35015 37160 271
493 15814 338
35793 30288 363
10195 31110 363
31110 37596 173
36809 32324 363
32324 40147 349
40147 46975 77
46975 10151 360
10151 20160 330
20160 30597 226
7709 32980 363
32980 48587 265
15965 33664 363
47562 33957 363
33957 9464 136
9464 24238 288
24238 3341 231
3341 2927 263
2927 29763 21
2927 27703 193
27703 37984 118
27703 27580 198
7622 35213 363
35213 36462 56
34417 35590 363
35590 3967 106
3967 37117 86
3967 16530 193
16530 12928 58
16530 46828 138
12928 44298 289
12928 19869 329
19869 37022 232
37022 46087 342
12928 29454 343
29454 25023 134
29454 30389 288
30389 31684 95
30389 9837 111
9837 45830 1
9837 16454 256
16454 34819 239
31684 40159 349
12928 41105 356
17401 36052 363
36052 17881 90
17881 35181 212
17881 22211 265
7514 37597 363
44271 38786 363
7554 39623 363
39623 29395 305
44276 39705 363
7017 43389 363
2160 43993 363
43993 25966 156
29703 46269 363
35600 46747 363
16301 47103 363
23816 47369 363
9982 1889 364
1889 9996 33
9996 30737 218
30737 14899 30
9996 48487 346
48487 37928 58
48487 36668 101
36668 26467 134
26467 5474 65
5474 36106 88
3944 3576 364
4848 5717 364
5717 23316 220
23316 14856 262
14856 43863 255
5717 27918 287
14856 31135 305
31135 36488 183
4771 5838 364
5838 31640 275
31640 32984 33
5838 18688 305
5838 6405 307
6405 41751 251
41751 25465 320
25465 5631 241
18688 40513 338
2514 6540 364
2904 7023 364
3258 7172 364
5899 7866 364
26843 8005 364
8005 8606 291
5380 8358 364
5083 8965 364
8965 28400 8
8965 4796 115
4796 22276 28
4796 46639 64
4796 30080 77
46639 16958 103
30080 37712 172
16958 7248 179
7248 2599 11
7248 17314 35
8965 34636 234
17314 16373 249
7248 32526 251
2599 9705 264
9705 34044 29
9705 10269 244
10269 12363 219
9705 22996 269
8965 42540 296
16373 42562 302
10269 3252 313
3252 5675 108
5675 16386 99
5675 25859 241
25859 17987 156
17987 3742 157
3742 178 21
3742 14077 31
3252 771 259
16386 26182 274
16386 18991 276
18991 35135 161
16386 4753 286
4753 6132 157
26182 12555 311
16958 11335 342
10176 9231 364
6135 10035 364
10035 30238 172
9665 10578 364
32701 10638 364
41727 11792 364
11792 16814 274
2216 11811 364
11991 11994 364
2944 12821 364
12821 48837 326
48837 1190 359
1190 5863 252
5863 31917 32
33596 13196 364
13196 36419 255
3530 13523 364
13523 41582 141
41582 32395 105
13523 43420 330
33500 13920 364
12659 13938 364
7278 14620 364
3790 15829 364
13716 15892 364
15892 37898 223
37898 19879 265
37898 13417 360
19232 17039 364
506 17642 364
17642 16151 279
1939 18559 364
2035 21741 364
8675 22901 364
28918 24134 364
24134 45352 53
45352 4722 118
60 25501 364
33863 25628 364
25628 14371 9
14371 32180 177
32180 4387 8
4387 33236 263
1949 25795 364
10385 26213 364
3965 26704 364
27203 27096 364
12461 27819 364
27819 30566 123
30566 37854 169
37854 33554 76
33554 28452 262
28452 36094 278
36094 17285 45
17285 8389 131
17285 25784 260
12136 30292 364
3759 30318 364
19953 31477 364
41969 31596 364
31596 46175 45
2181 32019 364
32019 14532 214
17060 33455 364
33455 13710 111
14806 35745 364
31890 37608 364
34470 41472 364
41472 40733 115
40733 26921 97
26921 27354 85
41472 2459 172
7290 42027 364
30097 42755 364
11389 42788 364
13538 44451 364
44451 29346 267
29346 32839 99
14438 45472 364
45472 19365 306
19365 7348 119
7348 14153 335
92 45492 364
45492 17431 72
17431 8874 181
8874 32490 67
45492 40631 299
8874 2807 325
2807 5648 344
49002 47570 364
47570 42665 33
12104 47924 364
47924 24464 209
18502 4926 365
2519 5173 365
5173 36992 226
36992 23828 156
23828 23548 111
11062 5851 365
5851 44750 181
8130 7821 365
7821 19895 327
39258 8030 365
8030 31107 339
31107 46996 46
46996 21173 314
21173 3232 236
3232 15793 33
13115 11465 365
11626 12251 365
12251 20982 224
20982 4504 198
4504 30976 100
11070 13442 365
4495 13524 365
13524 16527 183
7693 15961 365
15961 12801 172
12801 8377 13
8377 2630 103
2630 2336 67
2336 333 66
333 17733 105
2630 15603 180
8377 7438 192
15603 35000 305
35000 30402 47
12801 15382 342
8262 16910 365
5832 17530 365
17530 49764 319
49764 11368 333
10782 17583 365
17583 8611 30
8611 19907 309
15494 18195 365
43648 19096 365
18544 19183 365
37866 19197 365
23142 19219 365
25551 21537 365
16721 21864 365
21864 45968 93
21864 2372 141
2372 15759 270
15759 38534 122
15759 19548 126
19548 20939 16
19548 27850 115
2372 22756 270
16656 22331 365
22331 19854 252
19854 5512 306
10018 22888 365
22888 34328 12
33810 23168 365
23168 7424 286
7424 23133 85
7424 2794 345
2794 12940 113
12940 17439 27
770 23312 365
11187 23420 365
28950 23742 365
45273 24647 365
15793 25345 365
16148 26131 365
5521 26760 365
6498 32275 365
7735 33792 365
30808 33835 365
44142 34748 365
34748 11707 180
11707 40558 152
40558 41489 170
11707 47651 211
47651 22116 253
41835 35878 365
35878 21006 243
2535 36417 365
10193 39486 365
2432 41777 365
16368 42040 365
42040 9230 67
9230 8251 332
8251 49158 221
49158 21050 134
21050 18364 175
18364 12628 199
21050 4229 249
21050 36596 256
8251 49708 257
49708 48158 12
21050 11642 299
18364 2916 353
2916 6466 80
14127 42111 365
42111 36988 191
2803 42572 365
12839 43626 365
41904 44238 365
10856 44475 365
44475 29229 81
29229 30393 29
30393 32095 62
44475 28622 99
29229 20620 252
29229 6053 335
6053 13622 231
13622 18470 255
18470 13703 42
13703 15723 272
9977 45649 365
35826 45652 365
1412 46266 365
13060 47096 365
17991 47785 365
1189 48638 365
48638 12111 101
48638 21952 191
4504 48733 365
48733 45902 322
3851 389 366
5893 1411 366
1411 36583 23
2014 2876 366
2876 17133 171
8668 5897 366
5897 17165 15
5897 30535 285
30535 8994 67
8994 18231 94
30535 49285 236
18231 21575 331
21575 6822 169
49285 7265 344
7265 7315 314
7315 16222 223
16222 46230 166
16222 17483 173
16222 27052 196
27052 47666 251
27052 18593 336
18593 46746 97
5260 6660 366
6660 21319 27
6660 21866 242
7403 7352 366
7352 10116 150
7352 3904 269
3904 18565 48
18565 19325 129
3904 49796 264
6864 7792 366
25300 8587 366
8587 35024 76
8587 25656 351
25656 44823 40
10922 10179 366
10179 11072 282
11072 45457 133
10179 5676 356
24079 11855 366
11855 20740 86
20740 25442 49
25442 12564 156
12564 1582 297
1582 11338 154
11338 31863 212
31863 16002 69
16002 42889 127
42889 46259 220
25442 42918 321
45018 12176 366
12176 25721 64
115 12446 366
12446 46903 330
15887 13317 366
13317 47692 215
33484 15394 366
15394 3430 153
9302 16442 366
16442 19595 121
16442 13288 171
13288 43378 2
17706 20927 366
20927 43065 236
15889 21041 366
38225 21152 366
39471 21329 366
2220 21383 366
35300 22147 366
1134 22585 366
22585 21479 339
21479 13654 329
13654 40707 6
40707 49193 254
49193 34761 154
34761 49937 251
49937 44331 293
34761 26458 362
26458 36560 337
3801 22610 366
22610 43114 149
43114 34553 143
11474 22784 366
6812 23243 366
33536 24798 366
39429 25239 366
19196 25451 366
25451 47654 59
25451 44963 101
44963 9732 148
44963 27927 237
25451 34608 347
34608 24040 221
24040 18063 6
18063 13979 241
13979 6188 7
6188 31881 192
31881 11890 44
31881 46067 83
46067 16854 266
16854 21889 40
21889 35679 90
13979 28726 281
28726 14525 116
31881 12216 295
34608 40845 315
21889 4568 331
16309 26062 366
26062 29389 150
26062 4106 188
4106 42304 57
42304 20736 74
4106 47522 156
25762 27185 366
27185 1107 148
1107 1142 65
1107 7940 247
7940 45257 274
1142 36547 292
36547 31089 331
12938 28415 366
26443 29475 366
20901 30827 366
30827 12639 323
12639 29778 279
43599 32278 366
32278 41655 153
41214 33238 366
33238 23041 241
13196 34008 366
13606 34184 366
34184 9389 177
36437 38737 366
38737 12128 114
39792 41320 366
26652 41667 366
332 43504 366
43504 4648 242
4648 22595 62
4648 10574 354
10574 43944 125
4648 29846 362
27478 46434 366
12506 47455 366
47455 11106 33
36045 47769 366
47769 45944 235
45944 32411 190
13194 48642 366
48642 40130 298
40130 15408 355
13139 3699 367
3699 47656 50
47656 8811 254
40449 4043 367
4043 45621 11
4043 3751 204
3751 21094 66
21094 16366 152
16366 25078 68
3751 26379 265
26379 17730 311
17730 44465 96
26379 41254 337
16366 48650 350
48650 35421 43
48650 36674 225
17730 12673 354
416 5288 367
4504 6697 367
947 6964 367
6964 20159 180
6964 40946 294
48935 8412 367
8412 43092 95
3752 9787 367
5063 11424 367
8432 13401 367
22552 13760 367
3272 15797 367
38230 16076 367
10501 21637 367
2834 21693 367
37700 21908 367
21908 6910 223
6910 18477 343
3466 22215 367
22215 11031 55
11031 7741 36
7741 29903 201
29903 32318 288
32318 43189 179
43189 27432 134
27432 3972 146
27432 29580 181
32318 19626 303
19626 6325 234
37645 26257 367
26257 31623 227
31623 7935 266
31623 40788 340
4598 26614 367
27100 28908 367
28908 27025 100
7420 29262 367
21929 29269 367
14874 30662 367
30662 26049 186
4887 31871 367
31871 37294 322
37294 2722 62
2722 7103 138
2722 5106 233
5106 14934 94
5106 27411 205
7103 8798 324
8798 41771 219
27411 23753 354
23753 26678 278
26678 595 226
32979 32488 367
32488 45616 33
4307 34744 367
10414 35136 367
35136 15106 350
1331 35221 367
11852 35316 367
165 36808 367
36808 19384 358
19384 36293 225
36293 7663 120
7663 8320 2
8320 40011 309
40011 38345 171
38345 18624 265
18624 8608 126
18624 34844 202
8608 28830 245
28830 26450 163
28830 34192 260
26450 19764 273
7663 46465 351
46465 4628 320
4628 49302 219
49302 34229 12
49302 28190 161
34229 12046 224
12046 33890 112
33890 37591 34
4628 13954 290
13954 23899 124
34229 42311 356
3571 40939 367
32912 41018 367
49108 41526 367
16107 42390 367
42390 10643 20
25649 45982 367
42718 46235 367
41099 46385 367
38481 46472 367
12391 48833 367
48833 49385 103
49385 4463 227
10378 350 368
350 781 299
454 424 368
424 31210 88
31210 26304 80
424 12918 136
12918 26116 103
424 9617 245
13728 750 368
3037 1453 368
63 2489 368
2489 43439 84
36417 3747 368
3259 4321 368
2124 8485 368
14000 12065 368
12065 29495 79
15574 13109 368
13109 3662 351
3662 14968 40
14968 35347 199
3662 39911 286
14255 15396 368
15396 35854 48
35854 43971 259
43971 32507 13
43971 29109 293
24918 20050 368
20050 46658 125
46658 14467 35
46658 14774 177
27484 22065 368
22065 28099 18
22065 17288 355
17288 45770 25
17288 49521 134
45770 7320 337
45770 15615 342
15615 17428 127
17428 27481 299
27481 24469 180
24469 45032 35
27481 37448 323
22115 22863 368
22863 45288 96
29383 27649 368
27649 38167 17
23190 27990 368
42310 28151 368
19828 29275 368
29275 1773 240
1773 28486 295
28486 34215 140
28486 8738 364
8738 1994 45
1994 10031 230
36773 31136 368
23261 32253 368
32253 42407 67
32253 16374 338
16374 38286 74
38286 36079 32
36079 28748 130
38286 7716 217
16374 30142 281
30142 8241 131
8241 5026 141
8241 12665 269
8241 20953 307
20953 9047 84
20953 17351 274
17351 7262 197
7262 13150 244
13150 10924 187
7262 9796 278
13150 24773 294
24773 44580 84
44580 36775 213
24773 10750 226
9796 26441 354
32713 33267 368
45224 33471 368
33471 7296 352
7296 46004 347
46004 26663 165
46004 13679 283
13679 6593 352
19350 33573 368
29371 34859 368
15094 38114 368
25285 38171 368
39379 38198 368
29591 39181 368
39181 11456 234
11456 13387 22
38530 41457 368
48730 42266 368
11750 43077 368
43077 49424 37
43077 30254 334
30254 8525 364
37898 43831 368
43831 28573 128
28573 7685 64
7685 24567 6
2136 44683 368
44683 35682 334
1381 45110 368
45110 6202 184
6202 4123 61
4123 35254 53
35254 17559 37
6202 40825 250
17559 32795 341
32795 23303 258
38453 45578 368
45578 15133 140
15133 38595 340
38595 32882 78
38595 41065 224
25508 48534 368
39705 49008 368
2372 49622 368
38147 4215 369
4215 11831 33
4215 40018 211
1937 6304 369
6304 6412 50
6412 13291 160
6412 49553 314
778 6787 369
6787 47352 278
4454 7776 369
3796 8774 369
20457 9240 369
12662 9491 369
9491 36332 233
9491 6531 244
6531 30968 308
30968 33512 62
33512 12246 238
6531 9891 360
6412 11098 369
11007 13691 369
2459 13927 369
13927 20536 116
20536 29833 49
20536 30110 247
528 13991 369
13844 14339 369
14339 7210 147
7210 23768 19
23768 43350 139
36589 16828 369
9301 20023 369
32520 23889 369
37387 24369 369
24369 42475 108
24369 2776 150
2776 13908 290
13908 18332 322
13908 8793 365
21609 24627 369
47990 25499 369
25499 24613 163
23769 25812 369
36431 26416 369
26416 29764 293
13762 27075 369
27075 39519 350
39519 46077 35
46077 35271 159
46077 5729 182
5729 1968 75
39519 40267 298
22193 27253 369
27253 43629 245
43629 37181 142
43629 42539 180
27020 28504 369
8790 29089 369
29089 16612 345
16612 46151 16
46151 43103 300
16612 37761 301
5021 29741 369
29741 7869 31
7869 33800 287
43343 30377 369
19595 31657 369
21887 32244 369
460 35708 369
6131 37088 369
21037 38483 369
15251 39750 369
12469 39804 369
39804 40742 149
39804 16346 366
24096 40556 369
40556 39521 101
40299 42880 369
5973 43013 369
34412 43252 369
31935 43269 369
36133 44039 369
44039 13405 132
36314 44583 369
11161 44860 369
44860 10628 357
10628 9720 240
9720 6896 148
6896 27151 202
6896 4531 258
4531 44487 25
4531 23452 69
4531 21361 267
21361 26671 271
4033 45717 369
33806 47875 369
47875 15152 122
47875 27579 268
24525 48306 369
48306 31343 264
48306 4892 331
45635 49880 369
4326 894 370
894 38951 53
894 22169 303
894 1422 315
49223 1806 370
1806 266 19
266 3768 157
266 29977 256
3768 47224 282
1806 8096 346
47224 23541 351
23541 17544 337
17544 9412 317
20960 2028 370
4418 2127 370
2127 30967 284
2127 2949 362
2949 11741 49
11741 23022 8
4401 4081 370
4081 5621 193
5621 5868 305
2895 5770 370
5770 43342 254
13857 6177 370
6177 44478 310
3017 6803 370
6803 26424 167
14652 6835 370
6835 5056 318
5056 12215 136
5056 44839 255
17723 7204 370
7204 33142 340
4366 8792 370
17206 9162 370
9162 16743 198
37509 10345 370
10345 47408 112
10345 2238 276
2238 17176 185
2238 42486 362
28428 10487 370
10487 15334 65
15334 46377 144
15334 44262 215
10487 6993 292
5293 11144 370
33228 11266 370
11266 27941 123
10282 12614 370
20525 14367 370
14367 14523 19
14523 21146 126
14502 14374 370
30265 14413 370
14413 48946 261
48946 40587 61
13960 15150 370
15150 5372 224
5372 8623 178
8623 35625 186
5372 4240 261
8523 15423 370
15423 11240 299
38405 16326 370
289 16452 370
16452 33737 192
404 16614 370
21007 17832 370
15838 18947 370
20494 19752 370
46537 20272 370
20272 23724 132
23724 32682 161
23724 35076 220
35076 17364 98
23724 28457 254
28457 13242 175
23724 33350 275
33350 3464 322
3464 12347 261
13242 34437 335
20272 4380 354
4380 32133 219
35076 16266 367
16266 3182 270
3182 23361 159
3814 20709 370
20709 29923 339
17023 21386 370
14515 21687 370
13669 22268 370
6015 22547 370
39820 23026 370
23026 23933 121
23933 45400 41
23933 30877 251
30877 23250 273
15805 23176 370
19882 24241 370
2193 24863 370
24863 26314 78
26314 19805 35
19805 26053 68
24863 24444 91
26053 27323 200
19805 49076 298
37581 25547 370
13792 26609 370
7330 26700 370
26199 31248 370
43463 31383 370
31383 28765 47
28765 30551 237
8953 34937 370
34937 8576 151
44133 36897 370
10933 39008 370
39008 7780 142
7780 2407 53
2407 6128 142
7780 26518 186
26518 38700 19
26518 35045 78
35045 16316 43
35045 46795 128
35045 42233 216
39008 24512 265
24512 49577 135
49577 10293 64
10293 22373 48
49577 14947 287
14947 16933 90
16933 22733 31
16933 26501 128
22733 23397 155
23397 48822 175
23397 20549 336
48235 39673 370
20685 40418 370
40418 27872 342
26 41895 370
41895 11555 44
11555 42657 84
11555 46044 144
11555 3285 244
42657 19320 300
19320 35011 172
19320 30230 223
30230 33696 295
19320 17051 303
17051 14185 167
30230 44822 320
7869 42147 370
42147 27168 279
27168 35874 318
21418 42339 370
42339 644 245
19621 42719 370
42719 24237 224
32703 42912 370
48776 47163 370
16521 49378 370
40990 49494 370
25552 325 371
325 33654 71
866 409 371
409 5477 296
5477 35810 252
47393 486 371
23946 1559 371
1559 11548 242
24 2352 371
2352 19337 23
19337 45498 18
45498 13543 5
2352 39555 24
19337 5451 98
13543 15949 123
13543 27350 124
27350 6927 77
6927 22025 111
6927 6702 156
15949 6358 192
6358 49671 181
49671 9656 176
9656 1419 61
19337 8737 283
8737 19102 229
19102 38475 161
49671 5727 286
5727 11675 15
2352 29429 328
6702 2917 362
6927 20693 366
20693 28988 361
28988 12634 316
12634 6433 135
6433 25488 350
19102 28894 370
28894 13302 277
13302 15349 37
15349 15197 178
15197 42842 295
2544 3274 371
14553 5340 371
5340 19280 144
5340 37769 283
21750 5638 371
30092 9882 371
9882 20436 357
20436 7071 255
7071 1252 4
7071 28380 130
1252 2282 186
2282 5304 102
5304 29409 46
7071 23501 330
23501 39658 13
23501 4620 84
28380 47440 341
34700 13063 371
13063 13515 9
13063 38915 239
5817 13804 371
13804 15269 183
13804 20095 205
20095 30153 35
4495 13948 371
44085 16260 371
11019 16585 371
27556 16667 371
16667 29690 73
29690 32465 263
32465 9624 324
9624 37728 114
9624 6284 178
6284 35501 321
35501 26264 103
26264 38749 244
38749 48178 97
2226 17001 371
48077 17618 371
17618 17429 363
20491 21035 371
21035 28953 36
28953 37760 103
28953 9362 205
37760 25693 314
25041 22002 371
14377 22284 371
22284 23614 82
23614 25144 249
23614 33774 296
22460 24227 371
24227 34703 268
24227 42400 342
18016 24923 371
8773 25025 371
25025 45942 125
37322 27714 371
27714 43069 94
27714 24707 316
4516 29393 371
29393 9937 258
29393 42687 263
42687 18908 190
18908 21668 84
21668 37027 173
21668 38890 228
4042 29504 371
27250 30345 371
30345 36892 185
36892 30957 325
949 31509 371
31509 16576 291
16576 23139 283
23139 24366 163
16576 14306 301
23139 32581 343
34785 32206 371
32206 36704 50
7958 35162 371
19899 38834 371
37256 38941 371
38941 17750 257
37210 39649 371
15797 40024 371
22707 41440 371
11238 41600 371
7786 42576 371
14119 43270 371
10313 44754 371
44754 41199 68
36444 47612 371
5040 47968 371
47968 35107 195
35107 12305 147
2817 3293 372
3293 4519 174
4519 7932 3
7932 31857 163
7932 14996 190
7932 27454 190
198 4331 372
31693 4792 372
37250 6410 372
6410 2068 233
4433 8366 372
2801 8516 372
8516 26252 177
8516 25398 262
26252 38830 265
198 8560 372
8560 43589 64
43589 37249 136
37249 27892 361
17354 9728 372
9728 10341 82
10341 17925 52
9728 23537 128
9728 2795 150
2795 41403 145
2795 16433 240
37799 12636 372
12636 11956 339
2690 13037 372
2080 15366 372
15366 29531 45
1577 16583 372
16583 36055 197
44754 16889 372
16889 34280 296
35762 16895 372
16895 31676 281
25541 16911 372
539 16963 372
12130 18962 372
18962 12032 148
16503 19239 372
49720 19772 372
22310 20209 372
20209 30411 173
19024 20635 372
8250 21355 372
4073 23654 372
39168 25119 372
25119 18467 165
25119 10674 173
10674 36343 16
36343 18175 13
18175 16826 145
36343 9618 244
9618 735 47
9618 20461 182
735 7445 260
7445 34671 117
7445 11223 118
11223 40347 91
11223 15167 266
18175 31148 299
31148 47884 263
47884 40903 55
40903 47953 99
47953 27829 19
47953 31772 144
31772 11336 277
11336 48429 1
735 5921 372
5921 18419 34
22549 26248 372
26248 8786 306
26248 12319 330
5884 26404 372
26404 35868 167
35868 47227 196
47227 39430 183
39430 16190 55
16190 47759 28
10147 26800 372
15284 26977 372
28807 27774 372
48085 28775 372
28775 39201 36
39201 38780 119
38780 44196 142
28775 6791 245
6791 7241 232
7241 26592 80
26592 47304 24
39201 37959 301
45113 29144 372
29144 5823 358
5823 5282 102
5282 5212 219
5212 13592 120
13592 4006 217
5212 2702 235
2702 17203 97
5823 44234 371
44234 15542 72
15542 33335 11
15542 44821 49
44821 8708 184
44821 24194 217
24194 45877 35
45877 38868 17
45877 21965 19
33335 46685 249
25153 29355 372
4966 30677 372
30677 32736 311
28245 31780 372
31780 4965 95
31780 4222 343
4222 2404 201
2404 8480 53
8480 40472 70
4222 10185 236
7042 32562 372
32704 33290 372
13531 33487 372
33487 23314 88
12421 34970 372
34970 29328 68
47187 35903 372
35903 22489 10
7992 35969 372
35969 42972 91
42972 47222 105
47222 27647 24
42972 27385 289
907 36115 372
22784 36209 372
49363 37378 372
37378 47188 96
47188 47568 342
47188 7785 353
7785 39664 249
27550 39104 372
39104 22092 231
22092 27418 205
1349 39539 372
39539 49854 41
5887 40476 372
5673 41617 372
9026 41719 372
9205 42055 372
10686 42288 372
22328 43563 372
12245 45294 372
44899 46026 372
14687 47237 372
3796 47600 372
33142 48103 372
22187 48764 372
877 1824 373
722 2034 373
2034 41523 77
2034 17877 89
17877 42299 35
42299 28167 160
5030 2386 373
2386 22369 25
21577 2456 373
1427 2716 373
46264 3643 373
3643 38634 96
3643 40110 367
3489 4676 373
4676 8298 60
30 8809 373
10595 9338 373
9338 32841 1
9338 25809 54
9338 7890 352
25288 10363 373
10363 6725 311
6725 34505 178
6725 13771 369
40732 10618 373
10618 662 213
15516 12008 373
12008 39324 30
12008 23932 166
39324 10302 275
10302 44733 4
10302 2929 119
5164 13707 373
4968 14270 373
8995 15413 373
42482 16573 373
16573 2737 68
2737 38122 91
38122 42702 363
42702 34320 217
34320 6677 216
42702 40892 312
40892 45848 243
42702 22111 346
40462 17283 373
12028 19005 373
18968 19296 373
38968 21388 373
21388 10784 248
21388 39608 321
33726 23121 373
46891 24431 373
24431 23995 288
23995 26497 35
46812 24532 373
4450 26754 373
2813 27400 373
27400 17038 83
17038 8919 155
8919 40000 109
8919 15163 309
20316 27989 373
27989 42770 257
20185 28632 373
28632 14322 239
26131 32627 373
32627 34678 67
28434 35576 373
9163 36264 373
6391 37961 373
37961 31592 213
27108 38214 373
9066 39342 373
36314 39714 373
30340 39946 373
39946 33768 306
39260 41535 373
41535 17407 248
17407 12876 93
41739 42884 373
22863 43195 373
43195 4853 108
4853 1844 173
1844 15421 302
4853 23679 350
23679 30123 52
28040 43798 373
48269 44317 373
44317 42832 55
15227 46551 373
46551 8982 310
8982 18941 128
30170 46712 373
19877 47900 373
21833 49594 373
3946 642 374
642 6230 6
642 41370 270
41370 36776 349
1861 1601 374
821 2009 374
867 2119 374
2119 20371 283
19628 3145 374
3145 48387 359
48387 39322 216
45375 4265 374
4265 9043 343
9043 37777 131
4265 39890 347
44914 5145 374
18621 5201 374
3546 5375 374
5375 16018 87
525 6768 374
6768 25419 67
6768 45801 149
45801 41303 187
6768 7523 349
7523 44855 270
25419 43162 365
46707 7149 374
2673 7968 374
21347 7985 374
7985 22827 361
13881 8580 374
23916 10495 374
17274 12947 374
12947 19693 77
19693 23063 197
17256 17787 374
7983 18311 374
20817 20264 374
824 21612 374
21612 15101 356
19435 22681 374
22681 36561 322
28775 23251 374
15998 24528 374
8089 26184 374
43307 27188 374
27188 38404 297
11793 29795 374
29795 23975 212
8972 29858 374
29858 31680 116
29858 41355 150
39276 30253 374
8827 31759 374
845 32397 374
16958 32536 374
8325 33342 374
33342 2151 55
8903 33428 374
33428 18065 139
33428 10930 211
10930 10637 102
18065 20841 253
20841 19148 58
19148 20280 15
33428 7928 346
7928 2502 234
7928 12513 325
43404 34815 374
22439 35163 374
40345 35912 374
41632 36192 374
36192 9410 365
9410 25404 128
9410 34493 215
34493 15004 301
28803 38335 374
4792 39234 374
7894 39268 374
23104 39970 374
10338 41327 374
31647 41629 374
41629 44675 65
44675 27947 67
6556 42490 374
40055 42808 374
16634 43390 374
43390 37586 373
23780 43725 374
19303 45839 374
45839 29668 13
37564 46677 374
46677 4745 23
4745 34121 78
4324 47878 374
47878 24684 327
24684 13968 156
13968 24728 42
13968 43727 152
13968 20891 181
13968 2604 301
2604 4258 26
4258 43485 48
2604 4522 223
4522 10866 231
10866 33453 18
10866 45588 45
45588 45217 137
45217 35252 187
35252 43634 214
4258 7696 310
4258 5498 331
5498 8296 40
6620 48389 374
48389 26868 362
14608 1624 375
1624 24697 272
28500 4501 375
3561 5620 375
5620 42044 114
4914 6013 375
6013 38588 306
6013 4512 314
4512 6141 112
6141 28822 197
6141 32623 347
4144 6924 375
6924 19729 358
49059 8148 375
33981 8628 375
8628 18907 259
18907 40188 25
40188 4464 15
4464 30371 32
11364 11206 375
11206 15075 355
9733 11239 375
6120 12712 375
12712 9382 193
12712 12802 307
21594 14007 375
306 16217 375
16217 38772 88
26912 16248 375
7063 16259 375
16259 16600 40
4268 18136 375
18136 8335 62
45836 20958 375
20958 8694 27
391 21020 375
14777 21667 375
47117 22093 375
6934 26617 375
26617 23264 19
26617 46329 124
26617 14988 246
23264 32104 257
23264 46606 340
32104 47255 348
44839 26726 375
26726 21830 99
21830 44616 136
36422 27054 375
14260 27058 375
12789 27950 375
27950 13526 107
21981 29463 375
39446 30451 375
3999 30587 375
49834 33168 375
33168 47452 25
5384 34211 375
26500 35416 375
3695 35696 375
18080 36219 375
13471 36777 375
23964 37536 375
37536 23820 196
37536 37796 304
17619 41862 375
19277 42820 375
3396 49066 375
49066 17751 5
17751 12010 59
17751 42846 90
42846 27201 121
27201 8896 41
12010 18604 140
18604 21249 56
21249 30008 130
27201 33301 198
30008 23173 222
17751 31140 262
21249 40260 288
40260 19338 80
19338 21605 29
19338 1986 101
21605 29035 136
1986 48304 144
31140 8916 325
21249 44415 343
44415 27039 105
17751 34783 370
44396 49423 375
49423 38952 241
20631 49517 375
49517 37394 304
32228 49868 375
49868 48528 30
49868 17301 65
48528 43560 142
48528 46083 166
1601 1895 376
1895 2589 80
1895 22249 81
2589 49104 181
11125 6834 376
6834 25449 262
25449 30273 348
30273 48027 294
25449 6887 367
7030 9031 376
9031 41385 360
41385 25652 43
25652 9838 101
41385 34132 205
34132 47217 202
47217 40249 331
15049 9567 376
8206 10757 376
10757 40591 139
15535 11449 376
4246 11893 376
12829 12579 376
12579 8564 199
8564 26079 318
7539 14495 376
36413 14747 376
12701 16485 376
49121 16628 376
16628 29678 346
29678 34515 15
34515 48633 44
48633 39634 121
10046 18105 376
2783 19079 376
14378 20611 376
20611 20771 15
20771 18738 143
18738 44967 50
18738 39742 121
20611 4297 183
4297 46713 103
18738 22427 368
12162 21091 376
21091 25250 83
25250 22309 18
21091 47897 153
21091 30198 165
25250 21324 194
21091 25521 224
25521 7242 23
7242 43826 252
21091 20988 272
20988 47001 176
47001 46813 241
7242 3958 284
3958 42075 372
14270 21343 376
7615 24248 376
44054 24302 376
24302 9249 16
9249 14265 67
9249 32033 162
11061 24822 376
24822 44936 369
44936 4650 306
7029 26204 376
27930 28407 376
28407 41839 14
28407 5209 61
28407 12587 162
12587 4523 107
5209 33666 190
5209 1977 215
5209 22178 236
12587 42778 301
15299 28665 376
33924 29556 376
1237 33359 376
46279 34163 376
42755 34758 376
30042 34824 376
3985 36866 376
36866 42366 148
48454 37190 376
37190 16243 290
16243 15819 232
15819 46761 36
15819 37534 89
37534 48491 23
15819 15143 185
15143 42508 121
37190 9734 366
30779 37782 376
7132 38395 376
10421 39265 376
18231 43322 376
43322 45239 226
1074 43512 376
45650 45828 376
45828 43453 285
43453 43880 234
8914 46439 376
5009 47670 376
47670 47422 44
47422 23853 194
32750 47750 376
47750 22809 253
20158 48431 376
25249 48766 376
35853 49371 376
49371 33817 30
33817 10133 359
10133 49957 238
10133 9616 271
9616 37273 194
10133 22354 282
22354 30530 300
9616 4634 323
4634 4168 49
4634 43703 174
43703 13061 159
4634 45789 358
45789 8954 320
8954 39599 203
5688 3658 377
3658 32164 253
32164 15119 89
15119 35749 33
35749 30036 179
30036 38824 81
38824 12195 154
12195 29218 249
29218 30156 145
12195 21551 253
1343 3887 377
19688 4939 377
16972 5418 377
5418 27716 211
2132 5505 377
5505 8920 263
8920 16695 332
16695 26601 234
26601 22746 143
22746 42041 149
2387 6327 377
271 6627 377
18855 7849 377
7849 37527 31
37527 46790 239
46790 31665 6
31665 28809 55
28809 14131 81
28809 46420 141
31665 30227 309
18462 8124 377
8124 7530 114
8124 46987 125
46987 48623 284
48623 32171 26
46987 36216 314
1028 9704 377
10462 11649 377
41915 11816 377
25099 12932 377
12932 27238 364
17179 13893 377
13893 19430 125
18868 15428 377
78 15939 377
15939 32546 17
9693 16547 377
16547 48909 185
13173 19853 377
27452 20148 377
45141 26499 377
13470 28872 377
38756 31011 377
12131 32684 377
27035 32931 377
29574 33482 377
35767 35262 377
35262 31202 203
13689 36389 377
33840 39868 377
10969 40580 377
37454 40951 377
45558 40984 377
40984 46590 151
33789 41439 377
29413 43530 377
25073 45657 377
24342 46265 377
46265 9016 362
9016 10030 31
104 187 378
26763 3997 378
3997 6097 316
1985 6354 378
6354 46780 22
6354 7873 162
6354 13815 270
13815 12907 44
12907 49272 156
12907 28186 201
28186 10928 111
10928 15864 154
10928 43374 204
43374 41483 68
10928 48452 255
7873 4345 292
4345 31909 189
15864 36170 322
36170 18468 182
18468 31606 37
18468 29952 278
29952 33845 182
18468 21115 343
21115 47855 369
36170 40375 372
2443 7592 378
23951 7919 378
7919 28047 37
33121 8036 378
6435 8769 378
4476 9479 378
2337 9601 378
23785 10825 378
17569 10918 378
18349 12533 378
12533 40269 298
23569 12572 378
22855 12700 378
12700 35388 180
35388 26167 208
515 12804 378
2418 14165 378
14165 19065 107
14165 7842 153
14165 37950 163
27753 14674 378
14674 47660 66
5543 14881 378
14881 42157 172
42157 48736 110
48736 23473 41
42157 6239 288
23473 8555 329
8555 37562 123
26429 15199 378
15199 42129 368
35227 15827 378
15827 23060 36
23060 25592 94
23060 48181 136
15827 15933 174
15933 47541 55
47541 36364 25
23060 22744 278
36364 20828 296
49887 15903 378
21182 15905 378
3286 18300 378
30640 18819 378
5466 19015 378
19015 25716 1
25716 30574 325
30574 4868 287
4868 49081 218
49081 39755 186
39755 4099 197
4868 26599 262
4868 7751 354
10418 19025 378
19025 28490 139
28393 20133 378
20133 9078 230
2934 20966 378
29713 23546 378
12142 24043 378
24043 27313 126
28234 24336 378
10223 25996 378
25996 22478 5
25996 49496 112
49496 44378 205
44378 35476 217
35476 37801 142
44378 41625 276
25996 29989 367
12528 26039 378
26039 17069 170
34405 26302 378
14552 27172 378
22492 28715 378
25591 29716 378
20791 30953 378
30953 4179 207
4179 22159 118
4179 4236 362
41266 31595 378
63 32416 378
22764 33346 378
20611 33603 378
33603 18757 37
18757 42379 29
18757 23736 354
23736 37689 303
37689 40931 353
2588 34004 378
32916 36410 378
36410 35283 126
35283 44858 206
12940 37216 378
39632 39169 378
39169 6164 45
6164 39923 224
39169 33951 244
2370 39545 378
23471 39619 378
7391 39729 378
44774 43810 378
29136 44670 378
17341 46278 378
49909 46928 378
49608 47926 378
361 48593 378
7590 48891 378
42817 49857 378
9528 49902 378
49902 25582 41
25582 38083 278
38083 46643 356
2128 3207 379
7705 3371 379
4491 4821 379
1561 4850 379
4850 36335 35
36335 42661 189
42661 44066 336
7327 5507 379
5507 18179 132
16787 5766 379
5766 11008 61
5766 17096 73
17096 47890 37
5766 23075 113
11008 32296 175
32296 26022 310
24175 5798 379
5798 5503 154
5503 9518 82
5503 10434 148
10434 16502 254
16502 16317 248
16317 2824 251
2824 3987 179
5798 10608 290
10608 34908 227
16502 12618 302
10608 31056 327
31056 4769 242
4769 24534 161
4769 38776 264
4769 24109 359
24109 31977 250
9398 6463 379
32577 11665 379
11665 17820 180
15673 11685 379
11685 12912 135
11685 33506 178
10747 13445 379
10384 13782 379
13782 8526 364
8526 48419 263
6854 14354 379
13457 14535 379
12192 14775 379
14775 40161 44
14280 16418 379
30452 19471 379
41566 19699 379
36440 20825 379
20825 8550 310
16854 23446 379
9707 24058 379
39687 24239 379
24239 11413 331
11413 32706 238
11413 22316 291
22316 24438 316
14029 24699 379
24699 34045 282
24699 34913 300
43500 25347 379
25347 49907 360
10017 25766 379
6138 25844 379
25844 22018 90
7648 26010 379
26244 26662 379
3973 27889 379
27889 3044 27
3044 8419 239
3044 36607 265
3044 20819 340
20819 29137 308
39016 31755 379
31755 12096 122
12096 46255 267
46255 40220 38
40220 29195 114
29195 40151 146
40151 43537 150
40151 41571 180
41571 23287 227
40220 4635 307
35261 32270 379
42784 32360 379
34125 32504 379
32504 42451 158
42451 46418 194
46418 43729 187
39096 34310 379
15973 34491 379
7250 35657 379
35657 36401 13
35657 36964 279
35657 11782 312
11782 11215 20
11215 13425 191
13425 44171 13
13425 45238 88
12449 36149 379
36149 29748 160
36149 33369 347
33369 28378 90
28378 29356 182
33369 42795 377
42795 39921 83
39921 9612 2
23827 36671 379
35736 39510 379
29053 39564 379
13121 41324 379
41324 41147 224
20229 42010 379
42010 45728 24
31868 43157 379
6508 43802 379
43802 21023 351
21023 4828 121
21023 14575 379
31505 44329 379
3580 44812 379
34205 44837 379
44837 28059 281
40314 45687 379
43346 48278 379
32681 48768 379
48768 1803 34
2718 48906 379
48906 22506 41
22506 6513 48
6513 10530 95
48906 39781 116
10530 23729 170
23729 24270 27
22506 38599 307
38599 15544 276
15544 5096 46
6513 39656 355
29223 49610 379
49610 32286 33
48 1761 380
1761 45989 1
1761 2021 138
2021 26964 110
26964 38218 318
1761 14850 378
14850 11846 49
11846 27359 22
3021 2471 380
9349 3721 380
3721 25558 196
25558 33292 202
3721 25255 228
10770 4085 380
4085 24199 82
24199 38195 158
4085 10817 378
10817 11751 111
6857 4647 380
4647 43045 251
33742 6208 380
6208 9674 108
45141 7131 380
7131 4456 347
26051 7637 380
1504 10870 380
10870 32142 37
1232 12717 380
12717 24818 119
24818 3697 123
12717 32294 309
3739 13516 380
13516 20210 285
1476 15680 380
15680 21921 112
2287 17075 380
17075 23630 134
43727 17413 380
17413 22968 132
3814 17703 380
17703 26723 199
26723 3015 242
3015 23191 27
3015 2277 187
3015 4623 192
4623 47934 100
4623 6392 111
47934 2204 174
6392 24940 263
24940 39304 118
39304 35561 168
39304 43763 175
17703 20282 313
12230 18873 380
18873 41555 135
4791 19027 380
19027 20206 202
20206 49572 166
19027 33360 241
6202 20223 380
20223 27105 167
15774 22937 380
22913 28663 380
28663 36105 305
36105 45762 146
3371 28763 380
28763 39517 124
28763 28286 318
28286 42751 8
24679 29569 380
32589 29617 380
29617 30247 22
29617 21540 111
21540 16041 7
21540 3918 194
3918 33759 233
33759 37927 19
37927 42827 8
33759 36403 353
33972 30291 380
919 31020 380
30742 31150 380
31150 6497 362
6497 42063 241
42063 18279 251
11434 33457 380
33457 33069 94
33069 17479 242
17479 28645 110
17479 14317 199
14317 19744 310
19744 42946 8
19744 30903 22
42946 22145 220
22145 36265 186
36265 3805 309
42946 24041 325
8662 33665 380
1173 34054 380
28296 34289 380
28064 34708 380
30262 35370 380
7295 35379 380
20862 35615 380
35615 18997 347
13790 35841 380
15973 38491 380
15003 39780 380
11576 42650 380
15323 43523 380
28856 44086 380
44086 45003 308
45003 31167 33
24145 44209 380
45965 45525 380
45525 27771 179
27771 5597 35
5597 38138 6
45525 47039 303
47039 29975 275
29975 39417 225
39417 20947 277
20947 10961 244
10961 25930 74
25930 41276 57
41276 15785 147
15785 42012 380
32404 45692 380
12981 47650 380
799 48050 380
20366 49203 380
1797 49321 380
49321 13097 9
13097 25804 141
30779 49692 380
49605 49706 380
49706 30250 318
30250 42816 87
6683 1473 381
2525 1613 381
2793 2283 381
883 4147 381
4705 4247 381
9428 7148 381
7148 39183 153
6360 7643 381
7643 1943 107
1943 8180 32
1943 6301 157
7643 5513 221
6301 44024 355
6301 11103 357
49466 8812 381
8812 6813 281
6813 39591 159
22234 10220 381
10220 4611 265
7391 12852 381
12852 35309 125
2786 13534 381
30950 13681 381
12136 14241 381
14241 4429 343
4429 49060 295
48341 16874 381
17193 18110 381
18110 12835 84
18692 19777 381
12216 21779 381
21779 8883 115
8883 6861 213
24685 23650 381
23650 19599 352
19599 41517 253
43410 24235 381
24235 10588 257
10588 31327 243
31327 18518 124
10588 39738 326
20280 25261 381
21746 25961 381
44660 26635 381
26635 5988 82
19871 27094 381
25857 27438 381
24324 27944 381
20043 30961 381
30961 27458 112
27458 33018 56
33018 5947 49
5947 14427 171
30961 35039 278
35039 44301 93
37818 33917 381
33917 31427 115
31427 41905 6
31427 13634 282
1753 33960 381
16031 36567 381
23992 37254 381
21095 39803 381
39803 38385 224
39803 13448 285
13448 9405 166
9405 31769 278
9405 28730 339
39803 26552 347
31769 28743 351
23853 41493 381
48563 41603 381
41603 23439 343
23439 28785 33
28785 16477 378
16477 15459 270
35889 41608 381
9161 42135 381
56 42520 381
19413 43701 381
12030 45466 381
13982 48295 381
14092 48300 381
32636 48763 381
6131 49711 381
49711 34949 6
34949 37087 218
37087 38720 225
38720 10776 230
10776 11896 205
11896 18118 66
18118 45364 221
11896 12440 233
12440 18424 139
12440 12423 171
38720 38038 305
18118 22089 361
37087 13909 367
13909 8295 347
37087 41462 372
282 1819 382
1819 29482 222
29482 28103 46
1819 45395 352
45395 14351 101
45395 44307 130
14351 20859 162
45395 44852 278
44852 20756 11
14351 30179 288
20756 14386 313
14386 16994 73
16994 37756 365
37756 47171 122
20859 21895 368
18548 2081 382
2081 42224 205
16013 2900 382
2900 22488 132
2114 3978 382
55 4974 382
4974 8472 21
8472 17399 177
4974 13532 266
13532 17553 344
7088 5188 382
22145 5700 382
5700 19569 247
5700 25643 371
25643 11720 225
17195 7561 382
17342 7759 382
7759 30726 120
30726 20140 225
20140 12188 204
40965 8648 382
8648 24814 311
8648 2798 321
24814 31429 341
2798 25527 367
13299 8951 382
8951 11089 136
11089 37996 180
37996 39894 221
8951 7855 230
7855 10399 18
14532 9219 382
13340 10299 382
16343 10859 382
34950 13885 382
3453 15578 382
36620 16879 382
16879 4826 224
4826 34374 363
34374 41229 153
32170 17779 382
17779 33719 272
17779 41244 312
41244 13639 340
13639 26823 58
17779 755 376
755 27996 146
27996 33509 186
22312 19414 382
10976 19974 382
7977 20723 382
20723 19266 183
19266 41753 141
41753 46194 46
19266 38093 272
38093 40659 152
40659 27942 134
27942 37679 112
27942 36565 128
36565 26657 30
38093 4664 179
30269 21378 382
21378 29655 155
29655 34788 238
21761 23198 382
17914 23443 382
36132 24886 382
24886 28962 178
38563 26826 382
26826 26848 107
17820 28559 382
28559 45014 18
28559 40139 174
3553 30793 382
30793 31555 256
31555 41062 251
22496 32663 382
32663 42267 160
42267 39657 300
39657 20926 205
32663 4471 337
4471 38922 134
38922 44976 207
25409 33448 382
33448 5569 90
33448 28438 124
28438 2785 271
4150 35059 382
673 35731 382
41303 37532 382
37532 21627 355
21627 46574 176
46574 30577 10
9960 37605 382
48061 39055 382
29156 39548 382
9226 39711 382
39711 17709 157
2081 39751 382
25130 40400 382
29147 41393 382
41393 47784 146
23292 42323 382
42323 9971 260
9971 36039 198
9971 20169 254
20169 14712 230
20169 44952 259
44952 4582 206
14712 4886 291
4886 11590 44
11590 48567 77
11590 26026 245
26026 6453 26
26026 32495 66
11590 6165 280
6165 22464 239
4582 8723 334
32495 43128 347
14712 22041 349
26026 34720 368
34720 16484 209
20169 14348 373
14348 25193 57
8969 42691 382
2718 44281 382
12611 44659 382
11527 44938 382
44938 29543 270
29543 44240 266
44240 29701 334
29701 34276 37
29701 45887 150
34276 788 301
788 5892 37
788 6948 97
6948 44841 106
29701 25523 351
26147 45979 382
18091 47245 382
47245 13794 353
20316 48575 382
48575 32303 118
10408 49162 382
49162 49459 55
49162 17565 320
17565 3086 298
49162 39148 347
19636 49358 382
9743 1178 383
32725 2908 383
39241 6848 383
6848 7509 146
6848 35506 184
6848 19606 274
7509 37056 304
45370 10323 383
10323 21733 40
21733 8615 122
8615 43789 297
43789 17095 187
38168 12121 383
12121 2179 322
12121 22386 373
20976 15202 383
15202 45570 122
23189 15916 383
15916 37471 351
37471 22973 354
13838 16059 383
16059 27005 58
16059 32352 356
27005 30573 368
31390 17134 383
17134 28046 121
9346 17652 383
40588 18286 383
18286 29453 184
29453 8021 66
21589 18789 383
24828 19753 383
19753 37062 59
37062 45696 198
10120 20773 383
20773 15577 102
14398 21310 383
3094 21818 383
21818 11420 4
11420 48789 164
48789 6960 81
21818 36081 284
36081 48428 133
5005 23401 383
34284 29465 383
29465 28774 42
28774 26468 272
23643 29671 383
29671 22882 144
22882 36600 122
11846 29998 383
29998 36030 32
36030 31374 168
31374 7763 80
7763 17814 7
7763 21212 76
36030 47246 172
21212 12661 315
12661 26019 146
17814 34345 320
34345 39195 226
39195 33911 352
33911 46219 190
33911 26827 289
33911 40819 296
33911 46115 368
46115 19750 367
19750 46970 85
46970 35870 82
35870 19367 349
20137 30465 383
30465 36373 3
36373 45870 367
2970 32741 383
6326 32898 383
32898 41962 116
41962 48070 281
32898 35856 311
14490 33309 383
33309 33816 26
33309 9628 257
9628 2745 281
30038 35632 383
28141 37155 383
29996 37270 383
7964 37840 383
10775 42163 383
26726 44587 383
93 45212 383
45212 13099 81
13782 45274 383
45274 15936 191
15936 42495 213
23643 46893 383
46893 37245 211
34509 48442 383
48442 18708 134
18708 30868 25
30868 37913 103
48442 6203 260
19037 48541 383
21 286 384
353 1372 384
5418 2620 384
2620 5929 114
40995 3680 384
3680 48659 122
26654 3696 384
7673 4797 384
4797 3382 95
3382 13693 216
7189 7228 384
7228 11970 24
11970 28263 160
28263 43377 5
28263 49430 133
20856 7468 384
2248 7726 384
7726 22376 271
22376 42897 180
42897 48556 219
48556 31932 63
10960 8198 384
8198 43577 289
43577 15658 232
24630 9373 384
9373 35143 231
14317 10971 384
10971 44493 126
4210 11732 384
18116 13874 384
13874 6922 87
15096 15231 384
15231 49254 74
5061 15275 384
20662 16954 384
16954 28382 80
16954 1451 126
16954 44254 189
38495 17752 384
17752 21155 177
14104 17837 384
34988 18281 384
18281 35670 128
6992 18526 384
18526 25847 339
25847 39998 237
42016 20490 384
20490 47962 177
21645 20684 384
7052 22028 384
22028 10966 17
10966 2958 74
2958 26060 224
26060 10276 23
2958 2889 343
22028 33437 381
10276 48499 382
7535 22212 384
22212 49919 225
49919 16987 186
16987 23096 69
23096 39405 143
23096 31447 215
39405 48961 257
48961 47766 369
45128 25121 384
15219 26038 384
26038 34441 9
34441 20522 28
20522 33689 317
33689 48017 118
25758 27233 384
27233 24854 369
1399 27471 384
27471 21379 339
42111 28088 384
28088 31989 137
31989 44320 139
31989 32475 243
32475 33330 123
33330 2023 254
2023 27782 271
10455 28439 384
502 33131 384
33131 22068 31
9612 33780 384
33780 10288 142
46151 34853 384
12394 35080 384
48190 36616 384
18820 37497 384
11303 37636 384
28557 37821 384
42832 37860 384
37860 33698 236
35357 37981 384
9726 38464 384
38464 40417 198
1635 38696 384
38696 37576 233
37576 18759 26
18759 1164 101
20173 39811 384
12065 40800 384
40800 47633 79
47633 2497 146
2497 22860 226
22860 44869 28
12640 40886 384
40886 23954 236
16375 41901 384
43575 42344 384
37493 42549 384
25901 44613 384
44613 30190 185
49245 46409 384
45731 47071 384
19486 49017 384
326 49511 384
47176 1527 385
6215 1573 385
981 2113 385
1485 2642 385
2642 21800 381
21800 40406 74
40406 39240 183
39240 17908 202
2184 3440 385
3440 4242 138
4345 4024 385
6131 4599 385
29531 4800 385
4800 8666 352
99 5490 385
5490 5872 202
5872 8997 174
5116 6945 385
32826 7795 385
24911 8955 385
13728 9789 385
3844 11530 385
18345 13274 385
13208 14629 385
14629 49894 160
49894 46539 28
46539 9169 345
9169 27332 19
27332 21124 66
9169 5039 154
9169 14876 209
14876 10941 20
10941 34763 128
14876 16815 155
10941 19139 251
19139 28792 172
27332 23074 283
5039 45873 344
27332 38911 378
1370 14773 385
14773 4190 45
4190 13834 379
2555 15191 385
15191 24223 324
24223 49817 52
24223 48588 234
14392 16311 385
9681 16425 385
3167 16590 385
15628 17721 385
17721 24508 354
33133 17808 385
26263 18049 385
11460 18764 385
16497 19029 385
41636 21979 385
21979 24332 17
24332 36739 245
24863 23311 385
23311 42132 212
17327 23346 385
34619 24493 385
33365 25678 385
25678 37456 180
37456 47952 54
47952 29032 240
24069 28878 385
7690 30034 385
30034 7926 4
16120 30272 385
1952 30705 385
5801 32167 385
38995 33519 385
33519 45751 200
40266 34034 385
34034 24710 52
34034 45016 194
45016 35177 209
35177 48320 74
24710 27393 282
27393 39909 55
18225 39085 385
17617 39677 385
39677 33055 298
49565 39907 385
37331 40399 385
40399 33579 42
39667 41125 385
41125 43099 258
43099 41730 338
41730 44884 19
41730 15107 255
44884 11853 278
41730 48921 306
48921 46721 71
46721 22889 369
22889 43586 204
43586 45573 115
15107 2043 373
39160 41828 385
41828 9510 358
9510 41683 27
41683 32364 245
32364 21865 102
24598 41837 385
6860 42506 385
49216 42806 385
18501 42975 385
17415 44386 385
12636 44916 385
36167 45619 385
6602 45672 385
45672 21795 244
21795 31937 92
21795 28026 371
16078 45931 385
45931 4746 85
4746 45496 204
4746 37380 365
507 46216 385
21917 46686 385
1803 47305 385
15331 49163 385
49163 3581 11
49163 44929 46
44929 12642 179
12642 43758 255
66 49923 385
15163 3041 386
3041 2406 325
2406 14776 312
13015 3359 386
6146 4077 386
4077 26814 80
26814 23671 113
28163 6416 386
6416 21559 312
21559 34749 58
6208 7007 386
7007 41378 92
12388 8217 386
8217 40508 173
18534 9076 386
3873 10047 386
2616 10746 386
10746 34040 350
6071 11214 386
16813 11410 386
11410 27806 18
11410 6745 27
6745 41824 16
6745 31805 118
27806 34303 274
34303 34255 284
34255 4795 116
34303 2804 288
2804 331 65
11212 12214 386
46011 12960 386
43380 13757 386
13757 7883 65
7883 1014 71
1014 1910 26
1014 28108 124
1014 31471 155
7883 11459 321
11459 14148 34
11459 34629 244
7883 33754 344
14148 31543 375
12875 14307 386
12718 14719 386
13444 15203 386
19472 15808 386
15808 38212 99
7849 16511 386
16511 20196 14
20196 36597 166
20196 36874 193
36874 18371 196
20196 16792 318
16792 39244 194
16792 47812 361
30505 16907 386
27140 18372 386
21216 20360 386
29832 20746 386
24285 21543 386
20381 22753 386
22753 20198 290
20198 48531 359
48531 17508 26
48531 17997 349
20198 9506 367
38175 24119 386
24119 17356 49
14745 24373 386
13290 25904 386
3458 31624 386
31624 31234 116
49903 33125 386
33125 49767 29
49767 10347 39
10347 17141 27
42000 33380 386
33380 36713 372
292 34683 386
24761 35203 386
24652 36021 386
36021 33414 63
36104 36121 386
9412 38396 386
38396 19198 253
19198 33084 306
38396 15605 355
41614 38447 386
47413 39073 386
39073 32840 234
32840 49365 326
49365 24948 104
49365 15706 256
24948 41142 324
24948 4410 336
4410 34947 288
4410 47131 307
4410 5693 354
5693 18443 365
47131 42780 371
32627 42134 386
33925 47710 386
47710 27479 270
27479 18967 119
27479 12405 362
12405 5428 106
12405 36797 224
36797 49690 16
36797 35275 75
36797 4931 99
49690 20658 216
5877 47720 386
1900 48669 386
47547 49695 386
35182 94 387
29273 2416 387
2416 36317 71
72 2454 387
5943 2755 387
2755 35358 379
35358 5930 86
6633 4304 387
4304 41318 82
41318 35857 124
35857 27271 76
27271 44513 122
35857 1639 198
4304 4400 209
27271 43951 213
25067 4760 387
4760 11386 269
11386 43935 82
5156 9317 387
9317 30173 109
9317 11006 317
30173 17938 377
17938 40937 264
7687 10266 387
1224 11622 387
25345 12336 387
12336 13507 162
12336 18623 280
26403 13449 387
13449 39364 216
6003 13750 387
13750 4711 105
4711 46521 175
13750 19784 205
46521 13556 384
13556 19916 223
19916 31161 32
44546 15198 387
15198 32708 85
15198 24137 343
24137 43332 151
43332 30166 52
18903 15969 387
25551 16633 387
10462 17926 387
31171 19252 387
19252 6278 258
43259 20438 387
20438 7273 96
7273 41677 234
24729 22205 387
22481 23478 387
23478 6827 339
45608 24701 387
23627 25209 387
7855 27507 387
27507 18306 2
18306 31923 246
31923 14911 122
27507 29740 345
14911 36865 358
16000 28402 387
28402 14702 265
14702 19837 72
29116 30252 387
18234 30958 387
39490 31222 387
31222 46727 174
38853 33550 387
154 35976 387
35976 25132 22
35976 44904 210
49582 39107 387
39107 18924 283
3814 39834 387
27855 42162 387
14866 44767 387
44767 36376 89
7575 45079 387
7311 49259 387
25057 49488 387
49488 7358 189
7358 32858 106
17402 49865 387
96 50 388
50 225 142
225 572 62
50 26265 228
26265 12190 118
225 38649 243
38649 31228 114
572 2773 291
2773 8872 221
572 16565 302
225 48279 332
2773 9275 376
9275 29792 120
29792 42636 306
9275 27758 380
27758 28979 166
10624 1813 388
1813 41252 22
2595 1956 388
21220 4830 388
4830 47057 119
17993 5529 388
39677 5889 388
3397 7477 388
7477 42616 64
42616 47566 327
7461 8155 388
8155 21875 362
23116 8380 388
1263 9156 388
24897 9173 388
4147 11788 388
18811 11910 388
3902 12055 388
8684 12687 388
12687 19550 18
49855 14276 388
14276 43552 229
11284 14313 388
14313 14079 15
20335 15286 388
21910 15928 388
15928 25173 60
9048 16296 388
11392 18347 388
18347 394 330
394 1222 106
1222 45665 46
394 1680 141
45665 46305 289
1680 9056 298
9056 43919 269
43919 9229 267
9229 19241 176
9229 15365 223
9056 39551 309
46305 21359 340
13630 18407 388
9612 18952 388
321 20956 388
20956 39949 174
17432 21019 388
21019 10156 98
17533 21844 388
21844 30906 53
21844 7246 380
7246 3165 258
3165 3132 133
3165 30055 151
3132 3401 235
7246 37876 270
30055 24888 344
27855 24925 388
2734 27235 388
20736 28429 388
38855 28607 388
28607 26744 231
12824 29265 388
29265 25746 71
30857 30495 388
13877 35218 388
47522 35521 388
42821 36613 388
44991 36785 388
36785 23414 64
35233 36893 388
36893 4091 223
4091 7745 253
7745 47648 77
7745 19321 108
19321 39759 112
4091 45702 373
11328 37241 388
47424 40422 388
40422 25314 242
40422 47574 304
26288 41172 388
41172 47762 167
42162 41671 388
42336 42441 388
28161 42693 388
38805 43424 388
42139 43635 388
33719 43809 388
44248 45571 388
25881 46846 388
11398 47802 388
3816 1463 389
1463 29828 52
1463 522 63
29828 31219 187
522 4946 211
4946 28736 13
28736 22058 71
31219 42804 222
42804 1056 37
1056 34136 15
522 19020 252
19020 34190 293
34190 47326 124
34190 24612 249
24612 34422 36
1463 5220 326
27939 1486 389
1486 17487 116
1486 30732 218
20183 3090 389
3090 21598 122
3090 46079 203
46079 28903 19
46079 30676 204
30676 41657 101
21598 34656 245
34656 31408 282
31408 44515 190
44515 49139 206
49139 851 114
34656 21239 294
3090 7641 295
41657 20789 318
49139 14937 320
21239 30313 343
31408 40827 344
40827 47047 108
40827 26202 372
26202 32932 105
7184 3195 389
3195 25114 113
25114 43170 208
20449 3746 389
691 6210 389
6210 13935 43
6210 12106 301
129 6292 389
6292 25616 372
15450 6585 389
6585 26877 297
2065 6612 389
6612 33288 192
115 8407 389
31385 9391 389
9391 33566 157
22699 9842 389
9842 42484 149
42484 23601 348
23601 24906 72
1461 10425 389
9651 10839 389
10839 3219 386
15893 11277 389
3822 11828 389
37973 13554 389
13554 13046 333
13046 15749 79
15749 31226 190
15749 22521 217
13554 49042 381
20755 13723 389
13723 12333 117
12333 10551 21
10551 39057 251
39057 27272 197
39057 43459 347
25370 14072 389
44307 15437 389
4250 17942 389
4003 18299 389
24045 19149 389
34856 20022 389
17976 20239 389
30537 21162 389
34318 22482 389
22482 1502 296
32182 22952 389
22952 24734 263
22952 31517 266
7906 24603 389
23707 24724 389
11860 25429 389
6917 25489 389
4834 28318 389
6154 29460 389
29460 17871 117
17871 32707 304
32707 35899 40
32707 31469 235
32707 44119 273
44119 45093 287
17871 24877 341
24877 25827 321
4507 32756 389
8589 33313 389
35969 34098 389
34098 19506 14
19506 12100 262
12100 6176 28
12100 46146 170
6176 28956 266
46146 20855 280
20855 15252 40
20855 32865 173
32865 13840 323
15252 16557 332
20855 48182 346
13840 3833 380
3833 1838 35
3833 26191 128
26191 44174 2
3833 30463 142
49084 34692 389
30331 34864 389
34864 30429 377
30429 43369 205
43369 10549 365
10549 7153 11
7153 1007 211
1007 16923 170
7153 11861 275
11861 46872 15
11861 8068 19
11861 7752 87
46872 28952 194
28952 36100 351
7153 30457 372
15156 35014 389
28329 36568 389
36568 46755 19
36568 45161 100
46755 17962 145
17962 2634 16
17962 43857 108
17962 46858 204
35704 36675 389
11485 37531 389
22815 37725 389
37725 35678 188
31479 41232 389
15439 43991 389
43991 15526 82
15526 1210 65
15526 22198 86
22198 34056 153
34056 47445 150
43991 48285 361
1210 536 366
536 5963 152
32496 44479 389
26980 45056 389
24402 45424 389
32451 45869 389
29808 47585 389
47585 9322 215
9322 16570 376
16570 49938 98
49938 43759 186
27782 47945 389
47945 46835 257
454 547 390
42251 586 390
586 14136 256
14136 15983 42
14136 29694 286
29694 36184 305
384 2056 390
22411 4952 390
14179 5662 390
5662 12525 42
5662 29125 134
12525 38070 323
12525 25578 339
25578 12773 228
12773 5735 231
29125 11880 381
2484 5725 390
5725 23690 241
3584 6163 390
6163 44768 91
1679 6967 390
1148 8814 390
8814 9148 110
9148 20323 11
20323 30618 80
30618 42011 301
34899 8936 390
8936 9083 22
8936 26234 147
26234 527 47
26234 40881 177
527 4407 339
4407 22783 254
4619 9700 390
9700 48082 51
14164 10689 390
41093 11038 390
11038 11009 106
6503 11427 390
2930 12895 390
12895 39163 321
39163 33633 76
12895 35343 335
2327 13223 390
4379 15432 390
15432 20440 253
20440 42548 88
9455 16617 390
21303 18353 390
29213 19228 390
3421 19671 390
3443 20011 390
17777 21611 390
17171 21640 390
2725 21724 390
1483 22805 390
47769 23805 390
23805 21958 246
21958 27331 80
27331 47067 78
21958 47388 123
22126 24730 390
24730 49127 20
49127 30358 166
30358 39534 175
24730 44106 306
44106 42524 244
5583 25327 390
31182 25519 390
25519 44979 24
25519 31537 148
31537 34718 68
3442 25532 390
25532 49990 46
49990 38997 17
38997 36463 371
12461 26153 390
11387 27252 390
39525 27257 390
27257 36782 218
36782 36365 76
27257 9655 315
27257 22311 330
20947 27519 390
27519 23507 279
22520 27706 390
37576 28497 390
28497 47468 90
19916 28572 390
28572 44471 18
28767 29635 390
29635 44737 9
29635 48292 279
17498 29759 390
19043 31591 390
11301 32907 390
32907 25970 47
25970 6709 89
32907 20216 160
20216 43981 284
43981 30494 162
30494 2172 22
2172 6436 388
6436 27029 384
26313 34811 390
34811 2951 296
2951 8077 92
34811 5831 357
21568 34900 390
11011 38676 390
47448 38871 390
38871 18861 49
18861 11273 161
11273 4994 25
18861 33173 307
37905 42401 390
42401 1392 287
1392 35711 337
35711 36868 111
36868 23651 130
36868 40454 148
40454 44833 87
44833 30030 257
42401 40121 352
40121 12744 305
12744 33103 16
22772 42944 390
34319 43073 390
43073 39739 8
43073 23440 198
22677 43558 390
29095 44499 390
10759 44776 390
3475 45688 390
32725 48839 390
48839 14233 232
583 740 391
740 29839 52
2419 760 391
197 790 391
142 871 391
871 17234 3
2013 2133 391
2133 15085 343
3269 3893 391
3893 5431 262
5431 15120 246
5431 12893 267
13129 3986 391
35500 4090 391
41673 4114 391
4114 1040 261
1425 4328 391
4328 7737 320
7737 7161 280
3683 4436 391
1436 4498 391
25228 4752 391
4752 772 307
2760 5182 391
7935 5412 391
5412 48695 49
5412 46383 182
42067 9015 391
1803 10724 391
10724 9145 157
9145 1062 2
9145 38150 171
10724 47073 203
32522 11442 391
11442 22349 308
6168 13585 391
32963 13800 391
13800 22084 356
22084 6566 90
6566 20474 145
6566 43090 165
27472 15173 391
32285 18100 391
7202 18451 391
18451 32238 219
32238 4636 277
4636 10763 206
32238 45851 385
17031 18728 391
18728 22085 4
39409 21118 391
2085 21623 391
9623 22035 391
22035 45514 9
22035 41306 384
41306 44376 346
41194 22379 391
22379 46679 333
11260 26414 391
38404 28093 391
11197 30555 391
32954 30635 391
30635 13713 53
13713 13191 22
13713 30865 62
13713 11478 233
5541 31153 391
26140 31215 391
39006 31938 391
31938 27977 172
27977 18351 242
19119 33087 391
17595 33571 391
41467 34119 391
2654 35785 391
27497 35890 391
11373 36035 391
36035 45155 245
12868 37523 391
37069 43658 391
7210 46431 391
11540 47296 391
49847 47456 391
46706 47536 391
88 47771 391
45774 47985 391
47985 25368 98
25368 31250 214
10393 240 392
240 436 2
240 256 14
256 28258 308
28258 8554 106
256 19932 350
19932 26782 14
19932 42979 232
19932 44525 267
44525 400 27
14246 1810 392
3069 4050 392
3515 5827 392
5827 34086 63
34086 1342 313
1342 1875 154
5827 22616 321
31604 6906 392
597 7163 392
7163 33052 206
4853 8709 392
8709 6297 378
6297 10131 192
7697 9956 392
44928 11083 392
11083 10622 82
10622 35378 19
10622 49457 284
49457 43403 114
10622 8736 285
8736 27129 164
27129 45084 169
45084 34583 157
27129 14318 195
34583 15534 304
14318 18919 357
44756 13163 392
13163 48004 339
5235 13327 392
18338 14054 392
9408 14497 392
14497 19428 107
41708 15484 392
5119 18425 392
18425 6976 37
6976 30304 103
18425 3877 158
3877 7287 36
7287 35950 67
7287 7899 221
17385 18680 392
9610 19605 392
19605 44694 42
1180 21194 392
21194 12183 24
21194 31980 296
31980 48547 181
13874 22914 392
3370 24162 392
6398 24393 392
24393 25186 53
24393 10616 254
10616 18182 244
25186 24465 328
24465 26781 306
26781 6878 340
6878 37348 322
24393 31658 363
46439 24844 392
25023 25915 392
25915 27077 203
25915 24499 208
237 26624 392
16274 27860 392
7652 28317 392
23156 32359 392
27414 32614 392
38176 32915 392
32915 14664 383
23740 35507 392
11204 36397 392
36397 30215 387
22098 37107 392
1652 37619 392
37619 4205 224
20004 38686 392
38686 24349 224
24349 26866 52
26866 40798 4
24349 12185 53
24349 28348 94
12185 19903 214
12185 6024 241
38686 24933 249
26738 39916 392
9753 40665 392
40665 23857 253
31693 43964 392
31096 44012 392
44012 12702 277
2235 44326 392
4861 44605 392
41029 44853 392
44853 21288 66
36852 45130 392
26655 49054 392
1165 794 393
794 9394 308
9394 22137 133
9394 14594 268
22137 3057 269
25411 1256 393
1256 7260 187
7260 16601 41
7260 10633 123
10633 15786 189
1256 12400 209
21795 1629 393
1629 26201 107
1629 38612 374
1224 2840 393
2840 31111 172
2840 20615 294
20280 2920 393
2920 6504 152
6504 39826 71
2920 25019 170
2920 5666 209
5666 7486 348
39826 29621 359
25019 18765 379
5622 3352 393
3352 47932 146
19026 3866 393
17317 4383 393
4383 8695 154
8695 25094 288
4584 4902 393
4902 29157 49
4902 7050 262
570 6444 393
6444 42277 388
42277 38494 354
38494 20088 53
20088 33919 18
33919 41664 97
41664 18537 353
20088 33699 385
33699 35437 106
17696 6643 393
6643 43499 10
20903 6750 393
6750 5456 142
5456 21663 277
6750 37711 336
37711 32690 310
8819 7967 393
991 8721 393
8909 8913 393
31205 9103 393
1201 11671 393
14843 12599 393
7903 12992 393
1151 14361 393
32736 14734 393
26314 14892 393
14892 45410 111
14892 24282 390
39827 15500 393
29993 16154 393
6023 17804 393
17804 38359 343
8819 18326 393
18326 38865 27
1524 19637 393
4519 20876 393
20876 22008 159
20876 43419 266
31270 22577 393
23174 23777 393
23777 37461 364
37461 30121 208
30121 42115 7
15945 24310 393
24310 38026 334
38026 48627 55
38026 4742 324
3883 24973 393
25273 27225 393
27225 40876 106
485 28858 393
28858 21931 243
9356 30140 393
12143 30598 393
30598 47312 99
47312 27515 313
27515 34391 115
47833 31287 393
31287 1494 215
41195 32398 393
32398 11326 203
13729 37449 393
39953 37599 393
37599 38955 192
37599 2146 224
2146 33977 207
31795 37739 393
37739 31130 131
36856 39288 393
42163 39508 393
39508 17765 71
17765 39695 231
39508 18127 285
18127 39610 28
16605 41298 393
14392 41421 393
22456 41767 393
41767 20055 371
20055 35082 273
35082 28228 343
28228 19104 271
2398 44982 393
34409 45786 393
21961 45939 393
45939 34688 114
34688 34501 309
34501 7192 378
7192 38766 168
38766 38488 196
38488 6799 119
6799 22129 80
22129 33832 225
6799 11264 243
8421 46848 393
38491 47092 393
39285 47300 393
16731 47873 393
47873 20118 207
20118 21862 4
21862 6314 157
21862 20345 289
6314 42885 362
42885 24316 54
24316 4867 77
991 48024 393
48024 1277 394
1277 8289 71
8289 20682 149
20682 34779 189
34779 3629 42
3629 36487 32
3629 20078 250
3456 5150 394
5150 16138 7
18012 13562 394
7784 13649 394
13649 43409 110
13649 14382 352
26191 15083 394
15083 20427 10
15083 38376 60
38376 40281 269
15889 15619 394
15619 21617 367
13951 15766 394
15766 19710 36
19710 46060 163
19710 36842 173
15766 39939 283
3310 16175 394
30215 17557 394
32165 20516 394
13866 21397 394
36576 23330 394
23330 37204 75
23330 5059 135
5059 44427 283
44427 35062 253
35062 20082 48
35062 2444 150
35062 33775 191
2444 28888 209
2444 30974 331
30974 37337 289
28888 21412 375
21412 12788 64
4919 25118 394
36761 25415 394
25415 2546 50
25415 16042 341
16042 49311 275
49311 39007 13
6101 26579 394
733 28194 394
15135 29652 394
39661 30879 394
13346 31104 394
31104 15291 344
15291 24374 368
11040 32486 394
32486 19914 91
2709 33181 394
33181 33714 296
33181 41068 377
32002 33245 394
33245 22579 96
33245 8961 251
12616 35003 394
30687 35610 394
24478 35779 394
35779 48072 7
48285 37225 394
3802 40331 394
40331 30274 366
30274 26391 273
26391 2453 41
26391 49400 324
49400 8186 8
49400 22235 99
49400 47371 146
8186 9914 316
8186 14612 321
28986 41075 394
20181 43089 394
43089 49689 3
43089 3209 4
43089 13965 89
13965 10174 121
3209 33585 247
10174 16249 342
16249 22278 72
3189 43192 394
1023 43222 394
27952 43562 394
43562 7706 34
7706 31615 24
43562 44791 96
7706 20243 150
44791 6772 259
6772 9366 102
9366 39279 376
7983 44319 394
33425 44579 394
44579 31196 265
37913 45073 394
6076 45381 394
18221 45640 394
24758 47454 394
47454 5088 78
5088 3348 211
3348 47844 99
36619 48399 394
31691 49190 394
30408 49803 394
6971 49995 394
49995 17381 383
22846 1599 395
1599 796 3
796 11574 188
4518 2963 395
2963 19098 112
2963 10621 160
2963 38374 193
2963 2680 196
10179 4879 395
4879 37859 278
37859 19758 146
3035 5015 395
2304 5306 395
5306 5860 341
5860 13533 269
13533 47693 32
5860 33702 349
33702 20480 156
4587 5843 395
5843 24521 49
24521 26419 189
5843 9142 265
3709 6339 395
6339 14609 97
28190 6451 395
6451 13629 155
6451 8891 210
8891 16172 63
16172 16905 117
16905 34733 85
8891 13271 276
13271 45265 76
13271 6388 141
8891 41761 301
13629 25467 312
8891 10432 369
10432 13122 273
6085 8131 395
8131 9785 24
9785 39205 297
9785 10853 330
10853 37123 7
10853 11876 189
2577 8367 395
19187 8935 395
4813 10142 395
10142 29082 49
10142 29323 137
29082 37865 148
29323 30952 166
7428 11467 395
22320 11577 395
11577 16625 362
27412 11597 395
18696 12539 395
1403 12646 395
12646 11021 58
12646 49347 269
49347 49659 222
24693 15579 395
15579 19118 116
15579 41151 138
41151 36953 192
41151 28048 239
28048 44704 89
28048 5560 205
5560 49269 123
5560 9376 223
5560 30094 385
5324 18642 395
18642 48439 384
556 19555 395
19555 8960 197
4034 19586 395
19586 29705 276
29705 39051 251
39051 39948 109
39948 49205 32
42715 19934 395
23368 21709 395
21709 3398 22
3398 4075 134
3398 18377 242
15208 22036 395
5541 24253 395
20115 24590 395
24590 6280 107
6280 26457 9
24590 28223 248
26457 18227 377
755 25704 395
25704 8929 209
8929 9174 208
9174 13068 23
25704 762 370
762 13407 172
24241 26360 395
10588 27728 395
18696 29400 395
30692 29861 395
29861 34706 131
20339 30181 395
6676 30185 395
4510 30196 395
919 31256 395
8048 31749 395
21113 31788 395
46658 35618 395
35618 34914 246
34914 31630 114
34914 42995 376
17034 36584 395
36584 31535 280
25355 36658 395
27564 38386 395
38386 40691 306
40691 29066 80
20302 42133 395
5659 42411 395
32432 43034 395
43034 30792 239
30792 31995 87
31995 20263 300
20263 38508 114
31447 43205 395
43205 14848 61
43205 35297 92
43205 7171 130
7171 6266 54
14848 24816 153
6266 6735 348
6735 9975 156
9975 47657 122
6735 17645 203
17645 17573 39
9975 47145 203
23736 44038 395
44038 25165 120
25165 38500 93
5362 44128 395
1624 44360 395
44360 5110 92
16731 44795 395
44795 27490 131
7189 45883 395
45883 38927 72
38927 12894 200
12894 49929 151
49929 10845 57
31234 49797 395
34972 706 396
706 48552 27
48552 29386 3
29386 23359 96
23359 9264 363
9264 30303 187
4527 2924 396
38318 5222 396
801 5478 396
40281 6344 396
6344 44878 5
6344 8002 331
8002 27785 189
8002 36634 212
38133 7003 396
7003 15177 215
3160 7661 396
27827 9397 396
9397 33382 201
11996 11664 396
236 12327 396
20388 12984 396
24121 14417 396
19124 16196 396
16196 7680 285
852 16341 396
42324 16912 396
41974 17331 396
17331 40655 86
30023 17691 396
22460 18586 396
7752 19965 396
19965 10822 386
10822 7777 282
1362 22353 396
22353 19341 222
19341 8390 66
22353 22370 250
22370 47160 306
9026 22954 396
17801 24546 396
24546 15820 310
15820 14587 181
14587 33427 281
33427 34456 289
32941 25332 396
25332 37441 349
25332 44686 350
6934 26118 396
29593 28041 396
12759 31213 396
12794 32759 396
32759 42425 307
32759 14529 387
27161 32957 396
8837 33400 396
656 33424 396
16076 33927 396
33927 34940 65
33927 32514 258
32514 30589 389
30589 35757 180
35757 29680 170
31637 34946 396
202 35470 396
35470 4685 250
18697 35805 396
29214 36215 396
18129 36316 396
9659 36562 396
30277 36656 396
24392 36938 396
26703 37013 396
1007 37229 396
40786 38704 396
25508 39735 396
44723 39805 396
39805 7529 90
7529 3388 109
3388 5579 160
5579 7008 8
5579 48013 258
48013 41006 103
41006 22958 221
39805 9333 272
7008 13764 331
3388 1416 348
1416 40736 118
1416 18881 242
22958 44551 390
45049 39845 396
39845 17208 127
17208 21574 50
17208 15038 99
2332 40079 396
40079 21674 36
21674 24963 115
40079 20233 165
24963 13296 258
37192 40905 396
26896 42327 396
34276 42342 396
42342 24016 98
19950 44882 396
41986 45763 396
12366 46931 396
46931 15145 31
9627 48490 396
43992 49679 396
62 193 397
6884 590 397
590 10249 67
10249 12120 218
12120 30797 9
2537 677 397
677 18628 271
18820 1438 397
9578 1522 397
15236 2926 397
2926 9776 31
2926 3876 67
9776 13027 114
2926 8018 161
13027 14691 323
14691 30221 357
30221 43684 13
7172 5393 397
1597 5600 397
5600 7679 119
7679 11938 129
7679 15856 159
15856 33283 85
33283 47357 111
11938 46454 164
15856 39511 326
39511 41345 99
39511 39410 158
39410 14406 32
41345 12631 206
7679 16355 383
2924 6529 397
6529 39522 376
39522 30959 247
6529 49735 385
32961 6865 397
6865 5483 154
5483 47197 59
6865 13621 228
47197 44157 321
1264 7177 397
45047 8498 397
3403 10841 397
3762 14041 397
14041 37426 362
37426 37895 320
31042 14425 397
34968 15272 397
37140 15888 397
9752 16436 397
13906 16804 397
16804 46240 135
4090 17437 397
17437 48468 43
17437 42628 231
46772 19295 397
15694 22048 397
22048 23431 43
22048 39637 316
39637 40250 71
22048 24159 342
18783 22243 397
22243 3366 277
39125 23892 397
45056 24513 397
48212 24889 397
24889 40252 81
46769 24916 397
24916 18893 8
18893 36837 134
18893 14409 160
36824 26398 397
10048 28704 397
28704 42680 189
26782 30613 397
40252 31306 397
7982 32342 397
18207 34979 397
753 35032 397
35032 44318 208
35032 26571 259
26571 28949 20
44318 42365 262
42365 11806 360
12405 35753 397
41896 36360 397
36360 26034 189
35830 37263 397
27852 38126 397
38126 45691 276
18317 39387 397
6099 39983 397
49051 39993 397
39993 38307 18
38307 34883 162
34883 33275 94
13941 42357 397
24532 42856 397
8553 43208 397
8332 44130 397
44130 2733 198
2733 37507 80
2733 8354 187
8354 39528 267
39528 22684 79
22684 17917 62
17917 35376 23
35376 18388 2
35376 39795 82
8354 7447 336
19399 45015 397
26188 46208 397
46208 49090 319
20309 46268 397
24038 47226 397
30288 48380 397
48380 43119 14
43119 42987 173
48380 4317 199
7808 2138 398
2138 4956 213
4956 7427 251
31537 2868 398
2868 14796 339
2868 4559 356
4559 30769 72
2868 19963 394
34436 4308 398
4308 1418 243
1418 11524 121
1418 5545 236
5545 14869 106
5545 13737 111
11524 19827 266
11524 25043 344
25043 20879 270
25043 21283 303
14869 38712 350
5395 5982 398
48511 7020 398
44042 7124 398
7124 16751 29
16751 21437 234
21437 23984 23
21437 4014 62
23984 33490 243
7124 759 285
4014 39698 320
23984 46984 330
46984 42211 157
46984 9587 178
42211 32155 253
32155 41745 192
7124 23566 343
23566 31388 54
7124 19084 363
7237 7989 398
21578 9486 398
8376 10138 398
32245 13024 398
43985 13110 398
13110 29128 145
13582 15265 398
15265 19391 355
27134 15471 398
40718 16659 398
16659 23527 46
23527 46486 49
11380 16803 398
4711 17547 398
8312 20860 398
20860 41078 75
35395 20985 398
20985 47865 85
20985 23986 341
20982 21075 398
21075 19251 377
8366 21302 398
21302 37188 62
31217 22368 398
2493 23487 398
31542 25611 398
7516 26255 398
31674 27216 398
27216 27675 198
5162 27863 398
13755 29203 398
29203 3651 348
3651 18667 50
27072 31049 398
33651 31381 398
31381 16754 22
16754 34910 3
16754 22849 184
10370 31616 398
30196 32940 398
7448 33570 398
24999 34144 398
34144 35977 281
17863 39167 398
16918 39372 398
23729 40466 398
40466 4984 125
40466 16847 135
4984 33053 300
1275 43325 398
43325 10710 327
12756 43522 398
43522 40074 272
40074 34140 68
34140 18932 124
18932 39561 155
18932 26094 298
18932 16383 357
16383 14797 218
14797 12811 94
12811 13880 198
16383 40358 332
21980 46408 398
46408 18729 367
18729 45508 361
28852 47534 398
45864 48328 398
42596 48917 398
48917 7236 251
23501 49422 398
5110 49450 398
14507 49628 398
18040 410 399
410 43653 12
410 8370 177
43653 27821 203
3906 482 399
482 2682 100
482 19174 157
9354 1063 399
1063 7417 80
48355 1456 399
1456 24583 117
1456 1511 174
1511 33527 237
33527 34756 58
1456 28096 369
2258 5109 399
5762 5953 399
1875 6528 399
6528 10559 155
10559 34175 205
34175 6716 283
6528 32705 343
32705 24325 374
24325 37651 147
37651 10939 322
1248 7277 399
46179 7422 399
7422 3053 244
3053 10660 122
10660 9760 311
3053 2164 322
2164 11173 332
11173 40206 126
40206 36990 35
40206 2105 152
2105 16665 40
40206 37916 273
1560 7491 399
5676 7771 399
7771 31322 215
7771 34042 247
34042 15121 3
34042 39509 42
15121 12605 319
44957 8696 399
8696 49445 94
49445 36624 171
8945 10386 399
10386 37933 33
19127 12122 399
1959 12237 399
43631 13056 399
13056 4287 200
118 14138 399
3509 15914 399
15914 43678 170
43678 31267 294
31267 37654 278
31267 37375 289
37375 40714 256
4073 17793 399
11538 17882 399
18201 18711 399
18711 10865 92
23324 20535 399
20535 6010 316
6010 3500 41
3500 8609 6
6010 19848 145
19848 41631 147
3500 46863 270
41631 17597 314
17597 33311 271
6010 19992 314
6010 13884 345
13884 17796 125
17796 37357 55
17796 31605 126
13884 35067 174
35067 40435 87
40435 34312 198
34312 22222 5
22222 27773 60
22222 19442 102
19442 24859 98
27773 49958 176
33311 43129 348
17597 20402 355
33311 16648 378
37357 14749 379
14749 29592 262
20619 21072 399
1325 23149 399
28842 23217 399
29053 23678 399
39717 24242 399
4686 24644 399
23816 25351 399
49725 26057 399
24200 26176 399
36435 27219 399
20971 27693 399
22950 29057 399
38285 30685 399
30685 25990 55
25990 32624 85
32599 32999 399
10975 33162 399
36913 34183 399
30125 37639 399
33322 39033 399
30810 39710 399
19235 40934 399
45426 46327 399
46327 31587 387
13402 47557 399
47557 9819 376
44823 397 400
397 4506 57
4506 19344 117
19344 26481 377
946 2323 400
2323 12544 4
6203 2510 400
6322 3025 400
20764 3039 400
18485 3042 400
15161 5006 400
25860 5457 400
5457 8238 316
8238 15508 57
5457 21986 347
5457 40362 385
40362 27341 77
4918 6091 400
41366 6317 400
6317 31688 392
3780 6567 400
24528 7179 400
7179 38418 166
7179 2363 232
2363 41024 24
2363 2191 206
41024 38264 278
2191 49549 358
49549 24029 187
20442 8486 400
327 8499 400
8499 15853 40
8499 42833 55
8499 13219 106
42833 29775 196
13219 41588 307
3649 9195 400
9195 34254 389
12721 9568 400
13340 13356 400
13356 22844 263
22844 23644 311
13356 22237 385
6149 15007 400
49121 15183 400
15183 15947 247
4736 15268 400
43522 16174 400
42043 17771 400
17771 35559 10
17771 9380 74
46146 17859 400
17859 37260 139
17859 39432 264
39432 29042 131
29042 18602 14
18602 473 37
473 3536 98
29042 33733 103
33733 39145 40
39432 27597 186
473 29440 199
29440 5677 174
5677 5200 21
5677 19603 32
27597 7216 202
5677 28927 202
5200 28978 303
28978 18939 27
18939 30684 290
30684 47308 40
30684 17047 77
940 18076 400
18076 46050 109
8671 18863 400
8686 21517 400
21517 24691 84
21517 15032 143
3429 21863 400
21863 39512 335
39512 45563 78
21863 35894 342
33731 22564 400
22564 49326 84
49903 25172 400
19170 26583 400
26583 27627 250
46879 28508 400
46188 28636 400
39505 31486 400
11190 32751 400
32751 20717 373
20717 15398 351
15398 47286 102
47286 39130 111
47286 23822 154
22357 33433 400
33433 9559 14
33433 45150 342
4245 33650 400
33650 30400 345
16253 33938 400
10092 35314 400
17933 36288 400
26009 36300 400
36483 37100 400
25957 37136 400
43839 37242 400
47287 37437 400
37437 30506 60
37437 4842 83
4842 49663 297
9623 37487 400
29235 37857 400
8799 38027 400
27175 39077 400
11460 42612 400
33168 43251 400
43251 21604 176
21604 8463 124
43090 43764 400
46685 43920 400
1037 43969 400
31439 45109 400
15835 49171 400
1080 1360 401
1360 20831 123
20831 8594 201
5717 1848 401
6514 1901 401
1901 15168 73
1901 2335 208
8222 2292 401
9829 3749 401
3749 28091 107
3749 4031 390
4031 8287 1
4031 38901 50
4031 7936 52
8287 44464 193
38901 14717 213
14717 3995 167
3995 36830 37
3995 14005 38
3995 27240 155
27240 4432 83
27240 46885 104
4432 4394 201
8287 21912 288
36830 16193 328
27240 41091 329
4432 44148 364
41091 31677 392
6799 3787 401
3787 128 171
9665 5024 401
22110 5259 401
37483 6431 401
6431 3803 338
3803 15553 348
15553 20995 247
30675 6618 401
6618 48857 19
48857 4576 232
4576 36896 84
4576 20363 253
20363 31928 62
20363 41090 238
6618 46492 260
41090 36701 268
36701 38098 35
6618 36189 386
13743 6695 401
5754 7747 401
9871 11969 401
11969 22007 263
44252 13297 401
13297 18906 163
18906 49533 399
14711 13611 401
30938 14003 401
14003 13740 286
13740 43828 109
13740 41674 130
13740 27791 245
16076 15110 401
15110 33802 279
33802 31786 37
15400 15430 401
39601 17184 401
17184 1129 386
1129 40923 342
40923 42232 151
14375 17520 401
27131 20150 401
33860 21445 401
21445 35663 41
21445 12241 331
10067 23683 401
23683 31008 185
22212 24846 401
2476 26245 401
24260 27733 401
3781 31389 401
12315 32569 401
250 33294 401
42715 36906 401
6823 37515 401
37515 22220 319
22220 39428 222
22220 1337 299
31579 37755 401
37755 17461 257
33002 38036 401
9058 39245 401
39245 38169 372
44514 40664 401
9913 41602 401
153 42519 401
42519 29946 200
29946 35991 133
35991 39420 44
39420 45445 213
14007 43958 401
36841 45404 401
10586 48133 401
16281 49331 401
773 1087 402
1087 1166 102
22717 1627 402
2701 2772 402
12014 3605 402
30156 4113 402
353 5783 402
5783 12048 225
12048 42692 151
42692 43581 252
43581 40457 215
40457 33869 368
29022 8866 402
8866 6600 28
6600 21184 1
21184 44235 157
44235 31921 28
6600 38252 245
695 9404 402
9404 14647 295
14647 46704 282
46704 40480 358
9404 40496 374
40496 46580 215
17450 10546 402
10546 44341 125
10546 29687 268
29687 13636 141
13636 22397 49
13636 39048 54
13636 4241 97
4241 48450 71
48450 23776 84
48450 15109 196
23776 46829 236
2203 11509 402
11509 29455 224
2582 12397 402
27600 15792 402
15792 18060 20
15792 47383 25
18060 24766 43
15792 6874 83
6874 6691 1
24766 27285 204
13598 16280 402
38360 17067 402
17067 1575 273
45496 18630 402
18630 45219 220
20105 19653 402
19653 5499 301
5499 15246 198
15246 8843 4
8843 5091 5
5091 24706 79
5091 10426 207
5091 3045 226
3045 7400 156
10426 30842 252
30842 32733 57
30842 2860 181
15246 33867 263
5499 5115 309
5091 5595 333
7400 44267 379
42315 19789 402
19789 13236 9
19789 22614 270
19789 10227 277
10227 14189 59
14189 41907 18
38397 20787 402
20787 47684 30
21130 22152 402
9079 22364 402
15759 22865 402
15544 24240 402
24240 28623 133
28623 29014 89
29014 36952 292
13439 24803 402
14946 26008 402
45131 28789 402
28789 23019 277
49048 28902 402
25711 29161 402
14618 29714 402
6292 31029 402
31029 17965 85
31029 38829 96
38829 39960 272
17965 19160 398
2248 31318 402
31318 44847 5
44847 27127 95
31318 20284 145
20284 10904 354
27127 32111 390
32111 44074 204
26980 32970 402
17590 33657 402
35013 34932 402
26354 35530 402
35530 41743 78
4905 35712 402
3387 36228 402
19918 36256 402
36256 36718 321
36718 41257 359
41257 46708 92
46708 37472 7
41257 17916 225
17916 6387 60
6387 5538 205
37472 27949 347
27949 38982 339
46708 37500 359
6387 45411 378
45411 20660 114
45411 38003 175
20660 14799 279
14799 9511 287
9511 19904 14
19904 34029 195
19904 44375 318
44375 17042 269
17042 40211 101
17042 46626 269
46626 11575 76
11575 45102 245
11575 15678 336
44375 35914 390
47237 36570 402
36570 18228 64
36570 44440 307
19285 37075 402
37075 40593 49
7042 37319 402
4167 38121 402
36568 39112 402
20658 40017 402
28095 45905 402
12707 46001 402
39041 46228 402
1197 46460 402
5293 47153 402
17643 49682 402
5839 1785 403
12907 5405 403
2116 5544 403
778 9695 403
9695 12194 50
12194 24961 19
12194 10124 301
10124 16419 171
9695 12289 351
12289 21056 99
21056 10268 220
12289 14247 254
24961 40919 353
40919 28178 141
10268 9010 364
9010 39927 80
9010 7556 239
39927 40021 369
10268 29956 384
29956 5703 18
5703 21515 159
5703 2288 295
2288 43986 349
9775 11122 403
7311 17368 403
16925 18324 403
18324 48895 6
48895 5252 70
5252 9919 275
18324 29306 312
29306 19579 115
19579 23267 155
23267 8112 259
23267 11889 271
15003 19769 403
2350 20405 403
20405 43847 126
9057 21789 403
49776 23070 403
23070 11531 174
11531 9390 107
11531 33223 190
33223 48318 191
23070 18587 320
18587 29790 305
33223 48366 322
9390 5820 341
48318 33403 399
33403 41394 33
33403 43461 81
37073 24747 403
9598 24821 403
24821 36345 215
36345 12088 19
12166 25579 403
3075 25653 403
19452 27141 403
27141 36191 382
9459 29228 403
29228 21022 319
21022 20423 151
20423 20697 242
20697 26089 170
29228 46851 393
46851 41119 67
46851 33882 190
41119 44930 380
44930 16930 374
16930 18003 129
41119 49726 382
49726 41573 168
49726 43321 380
16930 26840 402
26840 38330 126
39801 31760 403
31999 35916 403
35916 4586 96
35916 26350 109
4586 31898 384
2607 36744 403
36744 45314 264
31771 36872 403
47297 38088 403
31014 38452 403
972 38703 403
13990 41861 403
44177 42020 403
37390 42308 403
42308 7665 6
23279 42360 403
20103 42891 403
22475 48154 403
31285 49761 403
49761 13508 53
13508 49729 281
49729 20300 91
49729 28420 368
28420 44741 5
10969 1105 404
2270 2310 404
2310 33251 111
2310 11052 348
1861 7910 404
10178 11073 404
39822 11871 404
11871 43256 165
36176 14665 404
14665 14437 113
14437 46543 39
14437 38326 338
14017 15253 404
15253 46291 175
46291 14555 102
14555 20424 49
20424 16113 40
16113 22594 353
22594 6928 146
16113 34250 392
6928 13462 401
33049 16858 404
20644 17330 404
23358 17455 404
17455 17647 31
17647 23880 213
23880 32661 245
23880 40669 375
40669 20227 353
20227 27007 124
40669 46817 393
45637 18009 404
18009 19896 123
21490 18014 404
18014 44063 165
44063 49844 155
32028 20255 404
16387 21149 404
44380 22704 404
32504 23491 404
42657 23858 404
23858 19400 27
19400 26915 280
525 25162 404
30623 25756 404
25756 5880 403
5880 13780 47
13780 47688 368
14862 26399 404
26399 33188 256
17108 26649 404
23644 27877 404
42400 28363 404
7493 28445 404
10040 28507 404
28507 40285 4
40285 20707 57
28507 23225 359
40285 42766 402
26454 30934 404
30934 5166 239
30934 24130 353
24130 25253 381
2013 31046 404
2656 33546 404
17495 34143 404
34338 34871 404
34871 4263 230
35759 35461 404
49872 36789 404
15428 38324 404
13417 40174 404
8684 40242 404
20260 40458 404
37182 40688 404
18492 40941 404
15390 41060 404
4166 41550 404
17255 41586 404
42761 41661 404
41661 43501 373
15335 42385 404
42385 29906 39
12591 42458 404
42458 18553 326
18553 6915 131
6915 22574 111
22574 34102 155
34102 23809 92
6915 4020 190
32698 42737 404
17135 43273 404
33932 44753 404
44753 13283 48
38786 45846 404
43784 47066 404
9912 48097 404
48157 49128 404
20019 1156 405
1156 1878 84
1878 37114 95
37114 49105 217
1878 23370 261
1878 14974 287
23370 10555 332
10555 2992 130
2992 41782 109
41782 7087 72
19398 2351 405
2351 17534 375
17534 46339 207
17534 34600 270
1833 2485 405
2485 21163 386
35185 3137 405
3137 12159 123
1637 3932 405
9795 6011 405
6011 7118 122
6011 48029 135
7118 8435 179
7118 23869 270
7118 9689 314
9689 27277 173
27277 19328 328
19328 20563 27
20563 13413 21
20563 34857 78
19328 19835 298
7260 8473 405
4447 10653 405
10653 34261 96
4531 12301 405
12301 9856 275
9856 42949 367
7652 14327 405
14327 5759 314
14327 49043 340
15738 14772 405
14772 9401 380
9401 23403 255
8941 15237 405
48328 15569 405
15569 40651 53
15569 4395 123
10233 18054 405
28522 18303 405
2770 19383 405
736 19455 405
9272 19464 405
19464 34918 96
34918 28478 37
28478 45154 69
19464 18859 133
19464 48309 235
28478 35369 236
45154 5710 342
5710 6155 181
6155 1737 154
1737 9207 31
1737 17028 59
17028 17784 127
17784 25145 93
5710 8172 212
9207 47392 344
6295 20975 405
21916 22966 405
4735 22975 405
22975 3591 75
22975 27045 208
27045 39158 139
3591 30922 277
30922 37067 178
37067 21138 252
21138 27737 20
29510 23685 405
23685 1836 223
12587 25978 405
25978 41726 203
2417 28678 405
6531 29233 405
29233 7200 353
7200 28454 246
4765 29887 405
29887 13668 229
13668 37746 9
26919 30163 405
6458 30945 405
30945 47141 78
30945 25316 83
25316 3238 263
42815 31037 405
31037 10598 169
31037 44496 370
15382 32365 405
49774 32772 405
32772 22162 248
22162 13536 69
13536 10009 233
22162 21533 363
10009 21747 403
21747 39031 29
39031 11583 374
19045 34607 405
34607 15211 74
34607 17964 89
36824 35202 405
35202 20572 3
43365 35436 405
11209 36506 405
22110 36606 405
36606 19705 188
19705 14837 168
14837 27898 32
16445 36895 405
7150 38759 405
21209 39319 405
22983 39955 405
28140 41238 405
46324 42119 405
42119 37341 172
42178 42990 405
37380 43105 405
9560 44145 405
13462 45168 405
2113 45299 405
45299 22591 77
45299 16626 179
22591 49674 292
45299 41613 376
2908 45739 405
15727 47083 405
47083 35192 331
35192 41821 392
7321 48247 405
47626 49068 405
49068 29674 178
15553 49387 405
49387 20772 196
20772 7197 190
1776 2522 406
1502 3117 406
28007 5954 406
5954 9307 187
9307 13958 142
13958 31040 114
13958 28334 220
13958 46254 319
46254 37005 177
37005 42594 284
42594 30932 177
37673 7916 406
7916 14580 52
7916 9339 220
434 8973 406
32920 9445 406
9286 12626 406
35957 13047 406
13047 35298 117
5000 13388 406
10912 14210 406
24967 14735 406
14735 12641 29
15771 15444 406
15444 11812 252
11812 27384 213
27384 18341 227
18341 25247 310
11812 21287 351
27384 5256 401
11432 17478 406
17478 18926 372
14392 19106 406
1722 20576 406
20576 35726 396
14349 21186 406
21186 18365 363
48924 21222 406
21222 22593 363
22593 40976 283
22593 33412 337
22593 6659 397
33412 39336 401
39336 45593 58
39336 48958 399
14276 21286 406
21286 12482 334
20701 23008 406
23008 38429 258
11720 23878 406
8719 23943 406
25909 24551 406
24551 36222 156
36222 41643 237
36400 25546 406
25546 35173 104
35173 34791 37
34791 10931 326
9939 26699 406
1399 26712 406
26712 2603 339
2603 1923 254
26712 11866 354
20061 26941 406
49629 27311 406
27311 9077 342
9077 21135 269
9077 10012 306
8303 28225 406
10787 29052 406
20987 29366 406
29366 22372 171
7034 29784 406
29784 31112 158
15642 31648 406
31648 27315 271
8035 32121 406
32121 48308 152
48308 12559 175
12559 24037 81
34421 32817 406
31822 33064 406
26282 35112 406
35112 14871 133
14871 34217 264
30377 35502 406
35502 23429 359
23429 22653 393
22653 19137 104
19137 22777 115
22777 46509 157
22653 23210 287
22777 21166 346
21166 17927 23
21166 12663 84
21166 17269 342
17269 18575 63
18575 35020 313
17269 18344 345
17927 25981 363
25981 17443 108
19137 13797 398
17269 14419 406
4104 37455 406
45049 37980 406
37980 2518 233
2518 6104 126
6104 24862 122
2518 1401 203
25275 38837 406
29825 41315 406
29830 42289 406
41561 45053 406
45053 20298 15
42447 45487 406
8014 46082 406
42015 46854 406
46854 8283 171
8283 19701 65
19701 25914 281
46854 25675 380
25675 15426 1
1393 47342 406
21188 48349 406
3017 49510 406
49510 49558 82
8772 1273 407
1273 23648 142
23648 26628 84
1345 2720 407
2720 15532 347
15532 38165 343
38165 34419 269
34419 33262 2
33262 43960 42
43960 4954 236
4954 7868 105
6320 2843 407
13554 3661 407
3661 230 335
230 1712 53
1712 13809 86
230 3960 113
230 6780 124
3960 43942 130
6780 4028 147
4028 40223 23
3960 9609 166
13809 29496 316
29496 49288 63
40223 23552 327
1712 30882 343
2032 4817 407
42264 5813 407
5813 7765 367
7765 25806 222
7765 11428 326
11428 13071 400
13071 15028 58
15028 49681 97
49681 11081 215
13840 8199 407
13538 8556 407
2672 10248 407
11829 10937 407
10937 44771 103
9559 11825 407
11825 5097 170
5097 246 325
246 7965 61
5097 18656 369
18656 29589 406
18275 12674 407
5803 13788 407
46120 14808 407
14374 17902 407
30783 20142 407
27002 21081 407
21081 32279 239
38706 21192 407
21192 47433 342
47433 21264 119
33781 22940 407
46586 24597 407
13475 26778 407
7434 26792 407
18227 26904 407
7543 28368 407
28963 30942 407
41728 33063 407
22143 34617 407
41172 34792 407
34792 4388 229
26131 34868 407
19938 35846 407
35846 21453 60
21453 31815 393
3696 36024 407
36024 19410 294
36024 46634 350
36024 36749 383
28599 39563 407
39563 46349 241
21391 41085 407
41085 19040 235
41085 45607 299
19040 4283 339
27923 42005 407
26678 43265 407
43265 26418 29
2392 44134 407
44134 5012 376
5012 23871 355
18921 47344 407
47344 14291 80
14291 14422 232
14291 3825 343
3825 24286 286
14422 43576 374
43576 43430 103
43430 38558 223
14348 47409 407
756 3237 408
12940 3839 408
2973 4305 408
2938 5264 408
5264 31227 294
5264 17139 318
2251 5430 408
5430 6240 131
6240 16622 208
5430 14803 367
14803 19131 180
14803 41484 355
5322 8575 408
45507 9100 408
13400 11692 408
20183 12308 408
12308 45247 240
5921 14356 408
5956 14546 408
14546 14823 80
14823 41860 323
41860 4011 62
4011 5862 127
5862 18023 35
4011 14915 273
5862 44405 288
14915 35942 407
10904 17169 408
2890 17666 408
17666 23513 318
23513 19441 9
23513 25973 321
17666 36715 401
5083 18646 408
18646 37752 326
37752 26126 96
26126 35900 345
49717 19534 408
12109 21293 408
13122 25148 408
22663 29122 408
29749 29392 408
15245 29939 408
37733 30245 408
22528 32037 408
15887 33090 408
22644 34855 408
14772 35280 408
14800 35945 408
8865 36496 408
19206 37803 408
37803 13427 34
13427 42904 246
42904 46397 305
40898 38390 408
38390 5123 196
5123 7495 216
9317 38593 408
38593 34774 195
38593 35351 406
35351 14855 188
35351 32683 344
32683 5093 334
5093 22429 133
5093 8328 216
41263 38629 408
38629 1742 48
38629 23208 49
23208 35524 168
35524 22091 48
23208 44620 304
44620 14867 102
22091 10915 317
34773 38655 408
38655 26869 160
16922 38914 408
12731 40904 408
3729 41279 408
41279 44630 83
44630 17065 60
17065 35668 16
44630 11045 61
17065 4671 129
11045 43242 182
41279 25808 208
35668 43806 238
43806 32421 169
32421 40434 211
40434 45638 169
25808 12330 265
4662 41451 408
12409 45422 408
11353 45423 408
15442 46221 408
46221 31047 37
34690 46968 408
46968 8584 122
46968 46670 129
47002 47148 408
45186 47215 408
47215 25905 59
23401 49020 408
49020 47827 320
45034 49222 408
630 1732 409
1200 2062 409
40979 3426 409
3426 43429 316
702 6693 409
47968 9137 409
9137 14124 130
417 10253 409
30124 12365 409
1272 12851 409
20232 13553 409
49058 14239 409
14239 10458 278
20390 14692 409
14692 31412 30
15121 15326 409
47054 15855 409
15855 27961 12
15855 7120 253
7120 15584 264
8919 16238 409
2035 17054 409
43979 17137 409
17137 33914 309
33914 30276 46
30276 48680 6
30276 48437 258
30276 5383 366
5383 15788 108
5383 13053 277
13053 27563 61
13053 48603 228
13053 48704 292
5383 8025 329
7935 19327 409
13281 20166 409
20065 21935 409
28667 22789 409
22789 28081 124
28081 40095 359
42357 22993 409
8712 24412 409
6355 24595 409
46735 25666 409
25666 27060 383
27060 36833 280
31805 25686 409
25686 32160 174
17816 26298 409
26298 7511 55
7511 2047 28
31549 27223 409
27223 32740 238
32740 40085 301
372 27428 409
23683 28323 409
22601 29135 409
29135 49270 279
23569 29360 409
4418 29451 409
14145 30037 409
1506 30611 409
33570 33764 409
33764 23619 277
8002 36038 409
36038 39861 46
36038 39318 235
36038 31074 363
31074 29630 14
28064 37156 409
37156 38185 192
38185 24930 204
32546 37477 409
1569 38541 409
38541 46453 281
46453 27933 172
25039 38919 409
8583 39700 409
18778 39853 409
7867 40251 409
36849 40463 409
10992 40753 409
38353 41448 409
21844 42492 409
42492 15718 243
31934 44146 409
483 44757 409
44757 21563 372
5220 46603 409
13625 49243 409
29952 49316 409
49316 5697 371
5697 39708 29
5697 7440 75
39708 44761 236
39708 17847 268
296 1308 410
1308 10641 3
1308 5171 19
5171 18348 405
18348 25240 4
1111 1781 410
1781 23751 109
23751 36018 235
36018 6310 67
36018 44132 229
36018 37094 381
37094 37516 73
4830 2548 410
1718 3260 410
3260 34224 316
34224 44053 246
24561 4643 410
4643 1811 47
1811 20025 22
4643 31565 348
4643 49220 393
22956 5972 410
2734 6871 410
8112 9931 410
9931 28898 312
28898 12535 203
12535 11537 109
28898 29102 210
11537 15229 236
15229 16986 70
11537 18413 292
11282 11480 410
11480 11552 188
11480 28299 218
19661 11700 410
5697 11815 410
33710 12206 410
12206 47151 248
15859 13135 410
13135 2912 70
13135 48062 245
2912 11814 373
11814 13434 184
12651 15447 410
33700 15756 410
22291 16034 410
16034 39434 332
39434 18506 51
2629 18081 410
14783 18901 410
43929 20040 410
20040 15393 125
5289 20221 410
32171 20353 410
12826 20603 410
13627 20803 410
20803 23836 173
6222 23059 410
5645 23778 410
23778 34041 337
34041 17117 137
33234 24619 410
36006 24665 410
24665 45037 296
45037 31799 178
31799 23811 274
12823 30711 410
30711 30497 124
12008 31073 410
31073 42935 17
42935 26665 162
26665 25702 293
7480 31869 410
31869 32139 270
31869 6173 295
6173 10829 277
10829 7344 63
7344 45152 320
13031 33139 410
13719 33249 410
5252 34168 410
11525 34609 410
34609 43623 49
43623 34093 28
34093 21062 38
21062 31650 117
31650 6707 87
31650 6909 177
6909 697 168
6707 6430 247
6430 7746 309
697 1146 372
21062 1929 375
13780 34807 410
30681 35393 410
47413 36148 410
15663 37150 410
49090 37264 410
37264 10339 203
10339 11819 113
17889 37791 410
29052 40009 410
40009 47761 376
40250 40118 410
5355 40289 410
40288 40318 410
43451 41189 410
41189 42872 60
42872 29901 232
42872 41697 288
41189 43780 325
18434 41990 410
16359 45985 410
47971 46072 410
20135 46720 410
46720 37407 106
46720 33772 181
46720 33499 360
37294 46792 410
46886 48046 410
5018 48391 410
36435 49290 410
9093 49361 410
1059 1492 411
1492 19009 387
502 1651 411
8688 4219 411
2082 4714 411
14751 7878 411
23017 9299 411
2216 9946 411
29298 11845 411
28508 12451 411
12451 38272 187
38272 44328 51
38272 18734 254
18734 5779 211
5779 2466 395
9315 13511 411
17784 13889 411
37972 16671 411
12947 16852 411
17488 17608 411
16486 18289 411
13523 23345 411
2316 23989 411
42395 24059 411
24059 10605 122
14425 25439 411
25439 35563 65
35563 35519 74
35563 48949 319
19888 27491 411
27491 16232 137
16232 18333 357
18333 37402 207
41925 27537 411
27537 8118 6
8118 8639 47
27537 37230 179
37230 39646 81
8118 33671 324
8118 45100 406
45100 12167 168
12167 15188 85
28745 28512 411
28512 49150 177
2951 32014 411
9596 33030 411
467 33065 411
6195 34473 411
34473 4779 50
34473 44526 332
44526 13157 298
32796 34512 411
18437 37822 411
25958 38817 411
26363 40280 411
40280 40576 111
40280 44958 122
39977 43112 411
43112 17484 50
17484 11233 86
17484 28193 392
42536 43224 411
4946 43462 411
42489 44905 411
9868 45716 411
69 46600 411
21863 46653 411
46653 42008 228
42008 42141 60
42141 13258 155
46653 49672 363
32746 46681 411
37965 46927 411
46927 22396 191
14299 46969 411
46411 47672 411
3576 3567 412
1375 4329 412
17113 5296 412
30025 6229 412
6229 14008 128
6229 23814 333
23973 9232 412
9232 20993 93
38834 10129 412
10129 48444 355
30235 10498 412
10498 13087 341
6812 11053 412
11053 48825 53
11053 21236 84
48825 29743 87
48825 36445 197
9317 12445 412
12445 49444 212
3389 12896 412
5811 13609 412
34224 14217 412
14217 14865 43
12122 17174 412
17174 25108 270
25108 48634 400
26518 17388 412
15577 18074 412
18074 11945 171
11945 16836 170
18074 5278 211
5278 43383 305
43383 10591 190
43383 45363 307
5278 45099 311
45099 20794 240
45099 17852 269
11945 46049 349
46049 42615 239
6541 18373 412
11003 18931 412
4386 21282 412
26911 22003 412
22003 16501 268
16501 44585 221
44585 45485 397
45485 768 251
768 34837 240
45485 42855 288
42855 44191 151
15326 22741 412
35368 23014 412
544 25353 412
15365 27286 412
10515 27339 412
8851 27644 412
27644 35606 314
35606 38763 130
47676 29173 412
29173 35336 18
35336 41871 22
29173 7345 79
29173 44224 324
1670 32112 412
2584 33261 412
18949 34458 412
34458 48765 205
15344 34941 412
8370 35307 412
35307 35055 223
25397 35548 412
35548 34369 153
34369 18625 159
18625 1489 156
18625 38598 197
38598 21666 236
3859 37015 412
37015 27379 163
6667 38222 412
16024 41612 412
41612 48108 293
24861 43689 412
43689 22944 325
22944 6965 221
6965 33534 74
33534 21945 266
22944 2211 375
2211 19374 212
2211 20417 277
20417 43534 72
43534 20332 14
20332 47571 345
2211 45461 391
43534 32887 404
32887 26117 317
26117 38800 28
38800 18232 225
18232 15877 169
20332 19702 406
19702 30390 180
16815 44093 412
17651 45505 412
45505 38480 143
38480 43550 399
22147 46538 412
8992 46751 412
46751 13731 315
17286 47504 412
10705 48620 412
48620 11133 224
11133 12437 204
12437 48276 50
12437 22216 190
12437 37901 234
12437 31716 359
48620 48808 374
48808 4566 408
4566 5922 288
5922 10661 268
10661 12780 304
12780 29432 177
29432 28613 129
4073 4071 413
38169 5772 413
5772 15839 83
5772 27132 90
5772 15714 154
7939 9994 413
20810 10054 413
10054 30852 63
30852 9774 23
20327 11830 413
11830 31403 257
11830 21420 375
22734 12132 413
41390 13569 413
11481 16831 413
16831 41346 59
16831 17370 167
48837 19526 413
19526 35691 406
35691 26776 24
20453 19655 413
16302 20943 413
20943 26321 44
11900 21580 413
21580 36529 224
15795 21798 413
21798 43100 235
43100 24365 87
13249 22180 413
30371 23603 413
32963 23631 413
23631 22264 190
14125 23958 413
23958 28924 313
28924 43670 141
5316 24407 413
24407 44404 122
44404 40694 97
40694 15558 38
15695 24974 413
2107 27047 413
39842 27775 413
9170 28485 413
28485 37154 172
37154 22118 211
22118 29211 24
29211 37678 362
29211 24138 375
19843 30755 413
30755 9274 93
3434 30991 413
27496 31125 413
17413 32503 413
9279 33655 413
33655 8710 159
8710 9879 78
24682 35429 413
25102 37783 413
3259 39207 413
39207 46515 368
2095 39784 413
39784 11169 61
11169 32863 60
39784 30575 233
30575 34701 306
22572 40097 413
7163 41087 413
23186 41292 413
1917 41885 413
41885 23792 150
41885 43150 377
40680 42501 413
15082 42510 413
42510 32851 63
32851 28181 15
28181 20778 98
47856 43313 413
34044 46518 413
46518 23313 94
4966 46793 413
15907 47860 413
164 245 414
1785 1278 414
22037 3253 414
1886 5057 414
5057 33995 227
10782 6805 414
33578 8705 414
8705 36884 139
1764 9427 414
21904 11071 414
6074 11076 414
12356 11993 414
1128 14061 414
14061 23934 16
27534 14064 414
14064 38774 7
9689 14066 414
14066 43005 48
40835 14109 414
20926 14898 414
27452 16875 414
16875 33100 161
26395 17037 414
2084 17202 414
17202 22295 231
53 18088 414
2598 20628 414
20628 16575 123
5659 21211 414
21553 22042 414
22328 22104 414
7840 22792 414
27356 23155 414
23155 17470 256
10902 23783 414
15193 24244 414
24244 49477 110
21974 25946 414
12208 26786 414
11660 33164 414
17277 34468 414
18736 35587 414
10885 37209 414
37209 46275 170
37209 38896 228
22396 38180 414
2456 39156 414
38353 40662 414
4258 40767 414
23419 41384 414
41384 47476 22
6129 43283 414
12636 43890 414
43890 43247 148
43247 21233 69
43247 21955 81
27995 46270 414
35200 46916 414
24457 49505 414
1535 603 415
24282 914 415
19325 3099 415
3099 9722 368
9722 6027 191
29378 3748 415
10601 3881 415
3881 10925 345
6167 4448 415
11000 5377 415
5377 14013 318
2287 7974 415
7974 29162 96
29162 29958 19
29958 11602 114
11602 13202 140
4683 8406 415
8406 23342 271
23342 17735 59
17735 14943 55
13849 10589 415
10625 11241 415
11241 12403 121
11241 7710 266
7710 5828 280
5828 19233 25
6544 13368 415
13368 5533 228
5533 5554 107
5554 15737 18
5554 2621 201
2621 2517 176
2517 37127 136
37127 6153 400
6153 25278 331
25278 3701 310
3701 47731 168
3701 42748 304
3701 10809 377
10809 27533 76
10809 13304 157
13304 42984 17
10809 36295 353
36295 35926 24
13304 14200 390
14200 27817 229
14200 33134 230
27817 48110 361
48110 44176 105
13368 32755 403
32755 19755 138
19755 16079 294
5533 9008 413
9008 18260 241
20451 13832 415
13832 12223 155
522 14336 415
18233 16186 415
16186 5221 101
5221 32038 296
32038 19597 78
19597 19873 134
19873 22082 84
22082 24312 226
24312 44436 132
49807 16211 415
16211 26850 43
16211 37110 265
16211 18356 321
18356 33352 226
16211 25962 373
25962 36846 137
9113 16332 415
4745 16568 415
33235 16893 415
16893 47180 47
47180 18325 172
6375 17226 415
1138 20593 415
20593 37589 164
11239 21064 415
21064 36625 151
28771 22063 415
22063 29201 117
26111 24669 415
24669 21718 50
21718 29315 196
24669 33704 259
33704 41666 155
33704 5460 305
5460 18777 411
9061 25236 415
25236 29882 129
29882 40348 24
29882 17681 140
25236 21348 252
21348 19319 292
17681 4857 351
4857 34928 111
29882 3449 382
3449 3611 194
4857 40393 394
32957 29183 415
13731 31463 415
31463 1940 233
19592 31622 415
31622 43732 99
43732 13233 233
23527 31926 415
30676 32130 415
32130 47394 243
32130 10294 311
3061 32831 415
15706 35927 415
35927 44029 249
35927 31231 311
31231 35224 28
34538 36123 415
31186 37855 415
10747 38137 415
37311 39982 415
39982 38801 30
27696 41947 415
19596 44497 415
5370 45524 415
4982 48175 415
26832 48332 415
36164 49280 415
49280 32765 14
33038 49352 415
2460 3778 416
1001 7267 416
43824 7336 416
29108 8398 416
1190 9370 416
17754 9927 416
7595 9938 416
9938 13437 325
13437 49914 127
13437 13151 349
12150 10927 416
10927 22695 323
10927 29648 323
45865 11615 416
11615 43438 299
11615 7059 314
7059 48155 284
48155 30481 224
29825 13785 416
1629 18007 416
18007 30872 307
9702 19054 416
39036 19087 416
19087 16809 208
30344 19481 416
19481 33154 380
33154 36321 310
36321 34361 131
49181 19678 416
13195 19742 416
33606 19850 416
30855 20315 416
20315 36571 114
20315 39696 175
39696 33423 202
17402 22251 416
34528 22822 416
12388 22974 416
22974 43395 142
43395 30188 186
30188 10796 209
16440 23746 416
24863 24878 416
45514 28409 416
22621 28680 416
3959 29348 416
4163 29870 416
44215 31303 416
31303 26083 49
26083 30795 100
31303 33495 197
8251 31373 416
34941 32176 416
32176 17961 83
35026 32515 416
33966 33790 416
33790 17030 258
17030 19631 201
19631 41319 95
17030 19946 326
19631 34091 332
34091 29121 196
29121 6941 42
29121 11918 114
11918 4987 27
11918 1708 140
6941 49965 306
19946 6674 350
6674 46276 100
6674 21174 163
46276 25271 295
25271 23861 205
23861 15452 92
15452 14344 115
25271 18509 257
6674 32225 310
15452 36310 358
36310 28605 222
28605 9360 118
28605 18613 211
18613 35480 163
9360 46500 299
21174 10652 374
10652 24092 79
24092 4579 333
4579 19116 77
4579 19117 153
19116 19492 178
19117 26787 302
29121 30443 400
18509 43565 400
23361 34030 416
21658 34930 416
28848 35217 416
9890 35467 416
14975 35483 416
30650 36245 416
36245 42094 271
12791 36334 416
36334 43474 146
2357 39761 416
28163 40370 416
40370 15707 396
15707 7734 118
15707 22562 134
22562 17664 91
21458 41112 416
6121 41519 416
38863 43455 416
9290 44013 416
20417 45269 416
29291 45950 416
45950 36438 290
45950 30401 296
30401 34704 244
34704 37709 215
37709 35609 196
30401 14900 319
35609 27434 390
1643 46511 416
5630 48426 416
31512 48928 416
48928 37808 66
12903 48969 416
48969 22404 176
28756 49160 416
7864 49418 416
49418 44112 251
40898 49841 416
49841 39075 77
49841 13120 91
1762 1328 417
638 2488 417
2488 29357 30
34619 3164 417
1048 3385 417
3385 4761 203
1945 3758 417
3758 33613 358
33613 12378 278
16272 4087 417
4083 4216 417
4216 44096 122
4216 7695 147
4024 5378 417
5886 9687 417
9687 43897 48
9687 11689 375
4318 9951 417
45097 10457 417
11047 11069 417
20030 13999 417
13999 37314 399
48562 15319 417
10662 16021 417
16021 29338 87
29338 3812 403
3812 9976 150
43002 17379 417
39416 19034 417
3217 19985 417
6942 20213 417
34351 21046 417
24641 21896 417
19234 24871 417
29790 26221 417
26208 27083 417
1075 28662 417
28662 49590 312
49590 17163 255
41093 29549 417
15978 29969 417
35068 30600 417
43515 31371 417
31371 43185 135
37027 32193 417
32193 19767 265
19767 35946 107
12993 32530 417
20673 33043 417
30262 34682 417
34682 47416 92
47416 37475 150
37475 12477 147
37475 38808 241
38808 42440 375
42440 25241 307
25241 11976 29
11976 17644 179
17644 33852 306
26587 36166 417
19718 37046 417
4885 37734 417
96 38735 417
38735 47828 371
47828 14548 69
47828 42962 144
42962 45198 118
14548 31341 313
31341 45440 17
45440 35629 29
35629 26486 46
26486 4749 35
45440 28070 259
26486 49478 288
49478 44573 21
49478 42128 217
35035 38831 417
8696 39727 417
39727 16823 94
8638 40145 417
25274 40296 417
16216 40632 417
43380 42394 417
15546 42907 417
42907 28868 195
28868 42797 95
4444 43263 417
43263 43962 379
6360 43454 417
26398 43815 417
34965 44642 417
44642 13676 369
1134 45766 417
45766 45417 344
9232 48744 417
22744 49757 417
49757 43983 66
5296 4413 418
47530 9332 418
6627 10882 418
10544 11544 418
4841 12225 418
12225 48931 7
12225 21911 399
255 12919 418
12919 16652 30
16652 42767 167
42767 14366 358
7851 13347 418
13347 20872 257
46633 14703 418
14703 39976 396
39976 46369 271
5764 15911 418
38919 16182 418
17608 18230 418
26155 19145 418
10747 21000 418
9264 21752 418
7404 25405 418
16789 26401 418
26401 34148 79
37269 27261 418
27261 10707 287
10707 41316 51
49720 27587 418
27587 13323 141
13323 8545 279
9724 27856 418
27856 44045 265
44045 27258 73
27258 47659 142
27856 7166 284
7166 31862 282
44045 8258 328
5770 28281 418
11298 30730 418
30730 16886 217
16886 49886 222
49886 6863 275
6863 3817 1
6212 31191 418
9705 31391 418
31391 4092 81
5170 31728 418
4050 32603 418
16383 33755 418
20625 34624 418
48182 35359 418
38313 35469 418
13553 36527 418
18543 36943 418
24879 37987 418
25930 39554 418
45335 40745 418
38230 40901 418
48453 41326 418
23666 41558 418
41558 23105 154
23105 22988 137
8944 41926 418
10922 42038 418
2629 43144 418
12151 46745 418
787 3014 419
3014 24015 227
24015 33541 373
33541 34230 268
34230 8391 248
8391 43543 132
43543 49822 65
8391 24929 160
8391 27724 246
43543 725 257
725 7117 217
9583 3201 419
2631 5292 419
4743 7796 419
25033 9385 419
9385 9255 65
9385 16690 100
16368 10008 419
10008 44705 130
10008 41040 258
44705 33300 345
33300 42621 365
42621 42662 281
27845 11325 419
11325 28212 121
11325 36387 188
22685 12302 419
12302 38873 106
11141 16423 419
5582 19948 419
1680 20054 419
20054 35029 207
10682 20262 419
4039 20278 419
7817 20839 419
1848 21088 419
21088 19181 154
7193 21770 419
46743 23480 419
9654 24006 419
17949 25530 419
11322 27881 419
12940 28460 419
22146 28651 419
46070 29826 419
29826 46181 118
46181 23348 100
29826 42262 124
46181 31633 410
10258 31685 419
31685 36163 37
31685 21175 350
31685 24126 367
24126 22697 378
29177 32054 419
30235 32201 419
21698 33670 419
33670 16616 14
16616 13708 147
33670 46470 305
5433 36694 419
9587 38833 419
2548 41503 419
41503 14028 382
4512 45267 419
444 45464 419
18714 46337 419
2032 46655 419
46655 31652 32
46655 18120 276
44177 46911 419
46911 27166 160
27166 46668 198
23607 47105 419
344 47374 419
40064 47894 419
9501 48090 419
125 48149 419
48149 11457 209
11457 32439 90
48149 40774 253
11457 15711 255
32439 29353 295
15711 28873 373
29353 14503 390
10766 1954 420
29902 3470 420
3470 961 211
961 21683 215
603 3719 420
233 7077 420
7077 21372 146
21372 37043 18
7077 19885 215
19885 42194 77
21372 21254 366
21254 7537 200
5413 10180 420
10180 42905 296
418 10965 420
10965 34077 312
10646 12476 420
12476 36903 60
12476 46878 360
11058 14659 420
13050 14893 420
4120 15418 420
15418 45917 313
18336 17080 420
17080 38248 225
38248 43677 393
43677 17794 138
46261 17158 420
17158 47580 77
47580 31629 167
31629 23058 34
31629 33607 125
11400 20743 420
18852 21221 420
18861 22759 420
22759 48520 144
48520 20653 172
48520 2674 175
20653 47288 203
2674 10537 232
8432 23304 420
23304 48516 132
15198 23912 420
36233 23974 420
23974 31330 136
31330 39762 22
10758 26181 420
25533 27338 420
30801 27765 420
27765 21092 234
21092 14252 209
21334 27867 420
27867 33421 129
33421 44208 66
3139 27974 420
45107 28626 420
28626 36812 130
36812 47402 191
47402 35843 373
35843 20068 1
20068 37268 245
17949 30542 420
30542 17879 299
17379 31636 420
17353 31943 420
881 32107 420
32107 24825 67
32107 46870 120
24825 46210 186
46210 4451 281
46210 32117 290
36934 32861 420
37609 33001 420
25760 33213 420
33213 34845 393
23026 35279 420
35279 33922 88
33922 8022 293
8022 3848 63
3848 41651 108
20134 38621 420
16299 39109 420
39710 40708 420
38933 42603 420
21837 42694 420
42694 38967 54
17141 45889 420
45889 32492 273
12455 46540 420
14774 47729 420
3475 49325 420
5744 2684 421
2684 22458 252
2684 16877 304
1321 3674 421
1308 4811 421
4811 36124 308
48182 5908 421
5908 47577 29
47577 32874 155
47577 10381 240
20915 9968 421
22368 10405 421
19890 11554 421
11554 8026 10
6585 12140 421
12140 27958 69
27958 30702 252
9048 13546 421
23819 13949 421
13949 33946 267
33946 48693 159
48693 33209 165
48693 31315 362
35364 16542 421
18727 18693 421
3698 19931 421
33018 20942 421
20942 48228 102
20942 19411 159
26242 20946 421
11503 21591 421
29052 22023 421
16065 22833 421
22833 5698 165
5698 47981 158
13319 23826 421
20198 24950 421
24950 9073 193
24950 41458 241
14111 26093 421
26093 49809 123
14855 26721 421
26907 28309 421
28309 13720 176
13720 43240 301
28309 40359 393
12881 30544 421
30544 42971 341
42971 47231 381
12638 31669 421
8445 32012 421
32012 47311 43
42399 35166 421
35166 15679 14
15679 18665 97
5559 35885 421
13747 36886 421
36886 22300 188
5186 38571 421
38571 35777 18
38571 43153 198
43153 42570 63
43153 41163 126
41163 26701 228
26701 49604 292
49604 7304 238
33078 39331 421
6818 40131 421
24921 40212 421
16248 44758 421
44758 34545 180
12160 47010 421
34108 48188 421
484 2532 422
2184 3197 422
3197 18675 305
18675 13926 282
3197 46861 380
40628 4089 422
4089 8187 324
8187 11405 178
38025 4453 422
4453 9244 418
9244 15496 134
15496 16613 73
9244 16161 421
16161 25959 258
10812 4621 422
14744 6729 422
6729 28889 12
6729 34478 374
12536 10406 422
4844 11635 422
11635 45146 230
45146 35574 255
13941 11834 422
34631 12551 422
12551 34370 191
27963 12787 422
12787 7086 377
30303 12880 422
12880 48888 111
1529 12906 422
12906 24196 32
12906 22718 94
24196 46378 226
46378 26149 60
26149 29685 66
26149 18253 84
26149 48709 338
17735 13067 422
13067 40703 7
13067 25068 69
25068 35085 138
40703 41193 232
25068 19299 398
19299 42943 270
12517 14835 422
14835 48294 36
48294 47958 66
14835 24446 109
38105 14883 422
14883 10451 151
48551 18098 422
18098 44941 14
14039 20650 422
22904 21189 422
21189 15561 363
2300 25192 422
4980 28044 422
28044 40834 314
40834 33677 253
33677 43300 129
6935 28184 422
9613 29662 422
11380 29907 422
29907 24576 75
27502 30404 422
19969 31131 422
31131 18229 329
18229 1973 206
30371 32290 422
43729 32852 422
11114 33880 422
33880 49635 416
12894 37634 422
37634 48612 342
11450 38615 422
40710 40240 422
3041 41659 422
41659 48739 125
21152 43035 422
43035 41077 64
19586 43630 422
3434 44294 422
15723 44700 422
45607 46953 422
46953 32923 72
46953 30162 182
30162 28279 6
30162 30819 33
32923 31532 415
31532 24937 277
24937 19565 44
31532 29253 328
29253 46048 422
36319 46979 422
46979 35322 127
35322 44519 143
437 462 423
462 3798 126
6716 1663 423
5286 3706 423
1478 3852 423
4755 5092 423
5092 9500 355
6104 7505 423
13309 8731 423
8731 21940 29
21940 38803 88
8731 38795 210
21940 4298 227
8731 15618 266
8731 15547 284
4298 9764 327
4298 1546 387
1546 21024 152
1546 992 358
992 33203 291
5982 9607 423
22276 10209 423
3907 10723 423
10723 18870 306
10723 43616 392
42789 11559 423
40937 11903 423
11903 3486 214
3486 21354 65
26204 12238 423
12238 11256 289
3961 13234 423
27227 15010 423
15010 44044 145
44044 44308 156
35691 15954 423
12819 16102 423
38163 17120 423
17120 33644 111
33644 45959 167
45959 9966 321
2716 17689 423
7119 18026 423
18026 25440 46
9399 18387 423
12449 19166 423
19166 20057 190
20057 29758 261
29758 45499 14
45499 41786 250
41786 4846 303
23952 19970 423
6426 20060 423
20060 48678 302
48678 47625 337
14512 21065 423
4677 23172 423
46830 24054 423
24054 30347 303
8612 26272 423
16006 28404 423
29437 28731 423
46227 28738 423
28738 21941 46
21941 18519 43
18519 39039 240
18519 32889 376
32889 26238 20
39039 32276 379
32276 40332 394
16250 29347 423
2055 29878 423
41957 31291 423
12205 31397 423
23953 35647 423
35647 31467 46
9435 35732 423
21827 39333 423
39333 40369 79
40369 25687 51
40369 31610 167
40369 37945 337
37945 21245 234
37945 7881 365
7881 13033 231
13033 29004 327
9378 39713 423
39713 45371 215
49774 39918 423
40458 42103 423
42103 22263 237
22263 44198 132
28743 43081 423
43081 45446 264
43081 21811 299
6261 43900 423
26998 44295 423
44295 39289 236
39289 14171 133
14171 11065 37
14171 3850 39
11065 20596 375
48751 46169 423
27949 46774 423
1583 47465 423
32774 47741 423
47741 32204 150
36487 48105 423
3413 761 424
2660 2286 424
2286 28469 88
2286 6088 190
2286 49639 327
6088 17398 366
17398 32598 312
38840 3298 424
3298 19113 121
19113 37317 255
37317 25387 95
25387 4398 403
3237 3454 424
3454 8582 67
3454 3664 364
3454 26286 377
2113 5155 424
2190 5172 424
5172 46783 13
14287 5836 424
1082 8196 424
8196 35849 138
8196 13312 219
35849 8264 258
8196 36008 343
36008 21514 32
21514 17275 191
13312 39931 397
25703 8957 424
39659 10704 424
10704 1536 64
1536 12031 32
10704 44746 162
44746 49384 227
49384 29087 205
29087 26658 2
10704 32987 340
10704 49932 355
49932 39043 116
49384 42491 357
39043 23424 393
21405 11589 424
11589 22039 246
11589 9723 357
9723 26554 189
7835 11605 424
11605 34036 312
396 12124 424
45265 13687 424
13687 35623 218
35623 41803 312
41803 45321 241
41803 39155 296
13687 13036 409
37 14778 424
14778 18381 273
18381 968 26
14778 25601 352
25601 21529 374
21529 49124 249
10621 16261 424
2235 16286 424
16286 27395 251
16286 36338 349
30365 16961 424
4796 16989 424
2365 18431 424
2711 21439 424
21439 31837 407
19518 21505 424
25511 21657 424
21657 24559 93
24559 33771 12
24559 26653 248
26653 27715 215
26653 17477 353
21657 12860 367
27715 37682 413
37682 6475 203
6475 2388 164
2388 6943 383
33771 34092 415
2051 22130 424
22130 13363 417
13363 39689 64
21734 22716 424
22716 15621 96
15621 16872 218
21966 23807 424
30363 24078 424
24078 2580 327
2580 1534 193
1534 19868 142
1534 45420 285
45420 19267 424
49674 25097 424
25097 34090 389
5303 27440 424
27878 28071 424
28071 25447 212
15985 30285 424
15326 30352 424
30352 13603 237
13603 11346 66
11346 46821 86
11346 11609 89
13603 25896 171
11346 49267 302
11346 17690 373
4172 31519 424
14882 32723 424
48961 33373 424
33373 41107 347
41107 12764 76
35345 33757 424
33757 8740 250
33757 37208 353
37208 48622 16
37208 11573 157
26505 35178 424
35178 36669 79
27621 35790 424
519 36880 424
2342 37116 424
37116 37439 98
37116 8922 316
8922 5799 22
5799 15650 17
8922 49870 230
49870 19108 343
5799 37420 409
31210 40103 424
40103 21500 218
30746 40563 424
20908 40597 424
17339 40725 424
7741 42374 424
31486 42768 424
9571 44433 424
2734 46317 424
46317 29990 390
3086 46488 424
29437 46502 424
46502 24640 423
20164 47645 424
40406 47697 424
47697 5968 298
5968 42568 374
42568 27091 52
47697 7272 383
47697 18797 422
18797 10000 168
18797 38773 358
38773 48614 297
48614 26728 63
26728 21521 82
45796 47978 424
5312 48211 424
48211 36563 288
46768 48337 424
974 2170 425
9515 3593 425
3593 9247 321
9247 10322 53
10322 17791 162
17791 27960 23
27960 40661 51
27960 42966 219
17791 32067 251
6326 6198 425
6198 17324 20
6198 12047 123
17324 47470 159
47470 44274 360
47470 22362 388
8431 7764 425
7764 35196 215
36970 12515 425
19534 14170 425
14170 48964 259
14170 21590 271
48839 15238 425
3094 16017 425
16086 16514 425
1742 18671 425
5393 19935 425
19935 27475 188
27475 34050 114
27475 16578 210
16578 2853 190
2853 49013 109
49013 22518 198
34050 45223 229
2853 8931 363
8931 40833 101
40833 38520 179
16578 41570 383
9247 20432 425
2376 22664 425
22664 47646 72
22664 17503 257
10189 23214 425
23214 6560 200
6560 46519 349
46519 24208 60
24208 24377 237
10806 23369 425
22160 23695 425
27087 24764 425
11407 26101 425
26101 22608 388
37138 26794 425
26794 7333 367
7333 41960 67
7333 48758 136
13947 27139 425
27139 7647 99
9035 29000 425
49363 29954 425
29954 10725 158
29954 31546 213
29954 35844 309
35844 27557 386
27557 23898 172
27557 34427 346
34427 27718 159
28642 30552 425
16424 31696 425
22291 37480 425
4845 38242 425
28788 38628 425
4731 40153 425
6269 40728 425
47857 40848 425
18096 43849 425
465 46052 425
17572 46106 425
34055 46534 425
11213 49794 425
29860 49945 425
7753 4173 426
4173 20203 162
4173 22158 245
20203 44306 296
4173 22405 419
132 4594 426
38933 4876 426
9927 4962 426
4962 23739 135
23739 16206 158
16206 8115 77
9932 5167 426
20691 6607 426
6607 28100 83
42833 6753 426
42905 7499 426
7499 27158 347
3105 8408 426
8408 10497 38
9571 8519 426
8519 23450 105
23450 42333 268
42333 11586 249
8519 29430 325
29430 15878 158
14079 12859 426
4623 14987 426
14987 8527 6
6635 16356 426
29723 18094 426
18094 45279 53
45279 47955 62
45279 44732 397
9249 19949 426
1623 20354 426
44921 21099 426
11434 21406 426
21088 22296 426
20262 22340 426
22340 24246 19
22340 13325 312
15106 22389 426
3816 23069 426
23069 13315 173
13315 5386 269
5386 29893 6
29893 25348 224
12403 24331 426
46144 26105 426
26105 43142 242
26911 27097 426
38591 27179 426
10273 27417 426
41099 28930 426
28930 43303 132
43303 17580 165
3634 30523 426
5925 30619 426
30619 34237 199
30619 33176 204
33176 36283 75
33176 6306 165
6306 7725 352
34237 40057 410
7725 49707 419
26199 30848 426
10147 32406 426
122 32653 426
2513 33217 426
33217 32250 282
33217 43255 297
31744 34206 426
34206 28472 284
23365 34757 426
3117 35398 426
35398 42675 64
3641 38010 426
30891 39906 426
6001 40980 426
40980 48510 119
48510 49665 239
14320 43966 426
13186 44432 426
31089 45036 426
45036 20310 205
20310 6117 262
45036 38205 299
38205 5712 67
38205 28511 95
28511 21932 55
21932 39652 153
21932 25036 335
24235 45429 426
45429 41013 60
45429 1898 421
15518 46552 426
46552 38947 256
38947 43324 180
27465 47406 426
47406 27169 73
38530 47583 426
926 984 427
111 2186 427
2146 4065 427
4065 15733 148
7826 4157 427
4157 13228 35
13228 23530 33
4157 33384 71
23530 45930 324
13228 17130 413
17130 30300 391
30300 47679 331
5730 4408 427
23556 6353 427
3314 6704 427
5719 7450 427
7450 9797 294
9797 11414 378
11414 33930 365
11414 22907 401
22907 45827 376
6947 7672 427
37821 7972 427
7972 36325 355
26574 8086 427
19580 10657 427
2626 13447 427
13447 21394 393
21829 14266 427
14266 46260 261
14266 6106 339
6106 1386 57
6106 27062 235
33911 15533 427
46212 15575 427
23209 17295 427
48891 18024 427
11154 18641 427
18641 30807 183
20275 19527 427
19527 10292 54
10292 11614 153
11614 13599 133
13599 3279 52
13599 29995 127
29995 17937 227
11614 805 339
805 7456 273
7456 22763 384
528 20724 427
9068 20761 427
13267 22745 427
22745 19141 162
22745 33871 246
19700 23737 427
15475 24113 427
24113 44948 120
44948 2499 206
4875 24593 427
24593 27841 5
21752 24683 427
36141 25366 427
25366 24128 165
3813 27953 427
24609 28111 427
28111 28290 394
28290 34555 200
38244 28355 427
28355 34414 111
34414 44591 98
28355 624 246
624 29579 34
29579 15879 212
15879 39583 49
15551 28437 427
28437 34622 16
28437 42279 59
28437 1941 399
6180 30087 427
30087 47021 426
47021 47811 12
37017 30774 427
15270 31446 427
31260 31793 427
4100 32219 427
32219 36806 164
21797 34592 427
8083 35323 427
27771 37054 427
37912 37276 427
37276 20678 130
7486 39358 427
1772 39542 427
39542 24348 203
5552 39636 427
39636 41325 394
46961 43091 427
21384 47588 427
47588 24046 285
24046 30541 257
30541 26569 355
27877 47749 427
34090 48166 427
6670 48335 427
1267 4421 428
4421 16075 117
4421 26044 223
16075 40541 269
26044 8885 273
26044 42405 309
42405 39066 133
8885 29461 412
523 6628 428
6628 18035 396
18035 38850 37
1857 7408 428
7408 5426 93
5426 31554 355
5426 11995 392
11995 26593 65
16762 10183 428
966 10879 428
12027 12480 428
12480 37949 233
37949 19982 258
19982 11967 380
11967 17812 193
11967 39423 251
17812 43059 378
39622 13039 428
37210 13756 428
13756 9052 53
9052 29434 168
13756 13275 201
13275 4612 129
40358 14424 428
16374 15975 428
27369 16328 428
15858 16536 428
16536 3223 426
12011 17018 428
17018 32667 272
32667 39327 411
3782 17897 428
12349 18038 428
23304 18223 428
18223 29944 96
47785 18894 428
7054 19134 428
559 20562 428
20562 2710 22
2710 1622 29
1622 30837 354
15867 21027 428
9963 21442 428
21442 42906 185
16900 22831 428
4575 22980 428
5871 24580 428
22937 24667 428
24667 23099 143
24667 19652 368
19371 24700 428
33226 28964 428
28964 19408 46
9153 29224 428
29224 15951 249
6436 29918 428
19483 31138 428
429 31482 428
31482 13357 390
13357 10107 318
21072 33640 428
5303 33674 428
26604 34974 428
40515 35151 428
20576 35941 428
14789 37577 428
1416 39736 428
20138 40262 428
36496 41008 428
11948 43297 428
43297 15821 238
43297 3129 260
3129 31698 57
3129 21983 319
21983 46145 83
3129 5231 328
5231 8900 75
5231 31598 245
8900 17528 324
3129 25620 375
25620 21778 133
15821 39086 412
39086 46477 18
39086 33355 50
39086 27092 408
20948 43597 428
43597 4478 412
11702 45497 428
7591 46110 428
46110 46311 236
25736 49606 428
949 810 429
248 1407 429
1407 35707 27
1407 4829 209
1407 17122 253
17122 29924 16
17122 26154 98
26154 26940 149
35707 22690 360
274 2557 429
5569 4270 429
4270 17536 234
4270 11406 240
4270 17375 313
17375 12472 117
953 7446 429
7446 16997 45
17559 7460 429
7460 35781 325
34972 8991 429
10930 9440 429
12917 12443 429
12583 13054 429
13054 16040 183
13054 16806 339
16806 8831 360
8831 43421 178
49776 13658 429
14954 16167 429
12277 19419 429
7339 20049 429
20049 27553 138
14142 21107 429
21107 12268 94
10307 21452 429
38083 22666 429
14483 22788 429
32921 23111 429
23111 22905 85
22905 10065 332
10065 3673 75
10065 9489 98
10065 30514 340
22905 20266 344
8129 24539 429
39820 26713 429
33378 27839 429
23345 28157 429
7160 28481 429
6128 32938 429
32938 9136 72
9136 34403 134
9136 4057 189
4057 13148 108
115 33089 429
17332 34301 429
2672 37578 429
37578 47841 202
47841 41778 354
41778 33862 310
33862 4344 255
15656 38065 429
38065 37613 82
37613 42786 201
37613 48087 243
20045 38361 429
38361 19833 51
45199 38851 429
6645 42416 429
7852 42782 429
42782 46943 297
46943 22384 117
22384 30135 407
19837 43049 429
43049 4402 205
4402 2617 241
4402 37219 249
12620 45585 429
45585 11274 110
2099 45967 429
9132 47837 429
47837 19427 237
19427 47824 412
47824 29240 418
29240 32711 17
32711 32771 39
15615 49636 429
22042 29 430
9596 3028 430
185 3064 430
7077 5011 430
5011 45986 166
47650 5261 430
5261 5367 275
5367 11858 230
11858 13814 231
13814 18547 129
5261 7129 366
7129 13969 19
11815 5664 430
5664 24277 142
24277 48977 87
5664 38640 271
48977 27634 400
31969 6300 430
15680 8572 430
22002 9025 430
9025 21051 116
21051 14550 83
9025 15735 166
14550 36908 186
9025 4922 268
15735 43751 301
15735 14451 319
14451 28725 115
14451 41870 131
41870 27500 178
14550 13967 404
13967 22011 163
22011 34500 204
8058 10045 430
696 10061 430
10061 8326 306
8326 1396 171
40631 10945 430
10067 11747 430
14243 11813 430
11813 9631 386
194 14088 430
14088 34020 120
34020 42928 53
34020 25842 297
25842 31836 251
31836 16285 57
31836 11262 173
11262 21177 136
16285 19638 201
19638 29658 334
29658 11587 233
11587 31992 282
25842 49790 422
14544 14110 430
28050 21084 430
37334 21823 430
3005 23213 430
29503 23536 430
23536 27282 332
27282 34097 119
37820 25444 430
22076 27943 430
27943 36692 349
17444 28274 430
7385 28340 430
14231 28389 430
26109 29736 430
29736 45899 255
37931 30659 430
13934 31352 430
36828 31732 430
31732 40764 236
40764 25269 245
25269 12224 319
12655 31973 430
13995 34371 430
18297 36249 430
46727 36380 430
36380 36269 153
26188 36754 430
36754 40817 357
40817 3804 346
3804 47243 227
47243 46568 191
25245 38001 430
8827 38352 430
44524 38393 430
35223 38423 430
9284 39341 430
36293 39615 430
39615 32734 126
18198 40022 430
14983 41217 430
41217 37717 361
37717 40755 173
22522 41392 430
41392 42186 115
17429 43282 430
38855 44799 430
9139 46218 430
46218 21021 175
21021 39641 83
21021 6731 162
6731 21967 215
21021 44890 393
10947 46426 430
46426 2989 198
2989 45477 125
16727 47705 430
47705 28604 101
31829 3214 431
3214 20477 12
20477 22045 244
3214 31203 323
28572 3670 431
20661 4341 431
5336 5002 431
45950 5076 431
1614 6933 431
6933 8649 135
8649 23872 135
8649 34340 241
45656 9759 431
9759 7033 241
9759 38579 282
6297 10987 431
9410 11949 431
795 12105 431
33517 13504 431
42095 14010 431
14010 46866 17
14010 34860 115
46866 18394 219
14010 40530 329
1802 14324 431
14324 17465 245
17465 25873 225
33913 14952 431
17336 15531 431
15531 28942 192
2687 15685 431
4421 17168 431
17168 23883 187
21907 17678 431
9039 17760 431
1276 18288 431
18288 5958 52
5958 48477 44
18288 12071 178
12071 39782 64
9172 18490 431
21513 19172 431
25895 19416 431
40350 20125 431
9489 20571 431
20571 38050 260
23248 20928 431
5723 21426 431
6120 26316 431
35476 27449 431
340 28179 431
28179 46346 298
33919 28744 431
21406 29192 431
41332 30734 431
13991 32991 431
46152 33524 431
32701 33722 431
33722 25610 111
25610 8597 95
8597 43785 357
39353 36279 431
48338 37435 431
12562 40566 431
12359 40791 431
40791 25077 116
25077 10677 123
12224 41976 431
20063 42460 431
31693 43183 431
47738 43406 431
28141 44017 431
9587 46482 431
9364 47115 431
47115 45218 14
23105 48095 431
48095 49693 207
49693 45438 307
16368 49399 431
49276 49941 431
3371 1219 432
4999 1302 432
1302 1235 180
1235 31784 390
31784 34740 428
776 2570 432
2570 2647 40
2570 15712 188
17347 4015 432
4015 47904 396
47904 18735 272
18735 37148 392
24773 4052 432
4052 16619 211
16619 33673 175
33673 19707 431
18126 5782 432
12894 5928 432
5928 38574 85
5928 45134 430
9355 6069 432
10652 6845 432
6845 46359 224
5364 7083 432
7083 42625 54
25436 13928 432
13928 2492 89
557 14081 432
14081 21653 142
29103 14450 432
14655 16553 432
2423 17291 432
18182 18183 432
18183 38294 267
11197 18872 432
4983 19060 432
48988 19175 432
19175 34076 414
19175 32074 426
2359 19872 432
38567 20026 432
20026 49673 286
49673 47842 60
47842 12139 135
12139 21603 396
1111 21301 432
11675 22015 432
5100 23131 432
12672 23319 432
25171 23529 432
23529 25384 152
15535 25074 432
25074 19459 426
19459 11801 66
11801 2121 97
19459 23128 239
14071 29732 432
29732 45167 280
16997 29796 432
25956 30283 432
39811 32543 432
10732 34576 432
2337 35155 432
35155 6506 173
6506 22294 95
22294 42757 158
6506 28801 337
28801 42325 313
42325 30576 122
42325 38431 378
7255 35497 432
3427 36118 432
40964 36689 432
36689 31762 317
14990 37158 432
47811 37267 432
37267 45544 139
45544 48679 20
45544 26076 313
48679 23088 339
23088 143 196
143 5218 272
5218 30816 278
49679 41205 432
39780 42666 432
16077 49056 432
49056 23910 143
32568 49375 432
45227 49409 432
49409 14579 169
14579 48147 350
7964 896 433
896 18751 153
12895 3051 433
3051 11745 226
3051 14604 310
3051 17369 426
22633 4076 433
4076 22548 312
29933 5711 433
3749 6640 433
6640 12337 141
7054 6925 433
25956 9085 433
20512 10619 433
7434 11250 433
11250 21831 222
21831 21685 338
21685 4854 209
4854 8181 375
8181 15684 183
21685 7021 419
7021 30199 181
7021 49971 365
7021 4928 396
4928 4112 305
4112 10391 144
10630 13672 433
15767 13715 433
29180 13769 433
13769 32138 32
13769 1963 405
1963 30296 12
30296 39396 41
39396 8531 191
1963 7658 257
7435 16371 433
16371 48500 353
18702 17219 433
35945 19524 433
29555 20616 433
20616 38617 384
38617 23002 322
23002 8918 36
8918 36089 52
23002 36673 314
36673 42644 63
42644 4140 308
4140 48272 354
46132 20963 433
44213 22490 433
40071 23290 433
38296 23969 433
23969 25888 42
23969 29237 362
6140 24495 433
10822 25599 433
20209 26098 433
24879 28496 433
24477 28762 433
28762 12862 328
2672 29404 433
27992 30357 433
30357 25560 331
41257 31082 433
31082 2683 210
2683 9193 306
42918 31506 433
29899 32502 433
32502 25871 379
25871 48137 110
8051 32753 433
32753 29272 69
6121 32981 433
32981 8255 88
8255 21713 138
8255 35516 153
35516 21539 51
8255 42841 385
30339 33102 433
33102 40341 420
21200 33337 433
21360 33928 433
33928 7349 211
33928 44764 294
7349 22168 324
22168 28288 273
28288 33589 73
33589 41411 52
33928 14728 366
47043 34149 433
46631 35249 433
21712 36626 433
31833 39411 433
41239 42443 433
42443 15799 377
15799 7366 292
29881 42969 433
42969 13252 91
42969 24308 352
24308 12595 336
22520 49294 433
4776 49625 433
103 2147 434
1248 2411 434
2411 41333 380
5831 2937 434
26456 8195 434
8195 39851 363
39851 46657 96
8195 13819 392
2332 10286 434
10286 27317 185
27317 28840 296
28840 20804 183
11046 11709 434
11709 32237 141
32237 39435 372
1674 13796 434
13796 16407 229
16407 43546 71
7341 14463 434
16054 15155 434
5262 15890 434
19621 17838 434
17838 45658 218
17838 20895 230
10976 18504 434
4358 19289 434
16191 19967 434
14287 21861 434
33295 23704 434
15167 23917 434
46916 26495 434
14934 26555 434
26555 31867 50
14842 27043 434
37088 27668 434
27668 31533 205
27618 29076 434
29076 39707 269
4005 31437 434
31437 34372 276
34805 33191 434
5430 33444 434
33444 22893 77
6992 34958 434
15455 35743 434
38752 38934 434
4856 41083 434
14143 43657 434
43657 44011 312
44011 14178 424
2105 44906 434
44906 46462 32
46163 44927 434
44927 40916 317
40916 21016 29
21016 17099 188
40916 42734 243
42734 42916 142
42734 15730 231
42916 23204 329
23204 36280 336
47562 45636 434
41043 47983 434
23018 49005 434
49005 30005 322
49005 27034 353
27034 16053 11
27034 5951 231
5951 48264 32
5951 5247 223
5247 1293 8
1293 12186 9
1293 17251 34
1293 39194 103
5247 28567 200
12186 29124 289
12186 34975 319
16053 14098 320
14098 25882 319
25882 16396 354
16053 17778 355
34975 13736 360
17251 32900 386
28567 49989 398
986 764 435
921 3254 435
9555 3993 435
3993 5528 5
3993 8402 229
5528 41477 393
1200 6130 435
6130 10860 187
10860 23254 112
23254 25621 170
23254 8117 172
8117 33091 48
10860 22964 338
22964 9934 140
9934 10875 164
22964 48262 207
9934 6026 211
6026 3033 168
10875 42354 227
48262 18707 258
42354 41987 278
10875 5122 300
20943 6776 435
6776 3977 26
20021 7055 435
23099 10290 435
10290 16535 134
30938 10534 435
10534 42654 263
2605 12946 435
12946 43277 11
12946 33180 143
33180 23006 127
23006 13698 276
33180 42819 362
42819 22556 10
23006 21782 364
21782 35809 166
35809 44961 282
24345 13777 435
3143 14895 435
14895 34503 142
14895 5254 422
5254 44028 262
5254 37946 331
34503 18068 433
47139 16653 435
7880 18139 435
2066 20153 435
28553 21480 435
24388 28896 435
23180 29327 435
29327 42272 246
42272 23143 193
23143 24329 415
24329 42089 70
17843 29410 435
29410 43038 346
46255 31963 435
95 32480 435
32480 34714 150
34714 36378 190
34714 28700 272
32480 14953 285
32941 34702 435
1907 35040 435
16757 38562 435
6901 45888 435
49319 49730 435
11156 4781 436
4781 7126 234
6177 7886 436
26201 9051 436
9051 45772 30
45772 35542 57
5000 10081 436
7019 11458 436
47510 11571 436
11571 22361 107
22361 42746 109
42746 46740 145
46740 39484 32
11571 13510 250
42746 48885 270
22361 31339 323
7390 11610 436
16575 15064 436
15064 33230 423
5076 16439 436
16439 32574 416
32574 38565 274
38565 39069 60
39069 41023 188
32574 36873 327
36873 12556 225
38565 39165 327
39165 46524 355
12556 36891 391
36891 25929 320
4494 18899 436
1971 19305 436
7357 21073 436
13290 21444 436
29519 23044 436
23044 20748 87
753 25364 436
1692 26600 436
1301 27653 436
3442 27750 436
27456 32631 436
32631 10506 124
10506 39479 139
1362 33057 436
33057 23670 380
23670 30174 333
36029 34043 436
32699 35714 436
8628 36425 436
18735 36525 436
7052 38860 436
47738 39377 436
12490 40186 436
40186 44161 423
29659 40644 436
6458 40723 436
40723 36580 12
45410 41134 436
29515 42733 436
20771 42915 436
42915 49942 296
32460 43017 436
43017 15652 256
15652 15504 196
48493 45129 436
46305 45844 436
49220 48314 436
48314 34620 200
12723 724 437
724 39999 329
724 43231 416
106 1053 437
1053 7430 137
1158 7144 437
8787 8449 437
32292 9000 437
2509 11908 437
11908 37047 396
37047 42836 354
42836 40215 423
40215 27024 85
27024 28875 255
28875 44393 153
21952 12820 437
12820 45813 395
2520 13351 437
2955 16245 437
20341 19484 437
12677 21796 437
12744 22136 437
14820 23661 437
1590 24322 437
20413 24780 437
24780 49403 17
11132 25251 437
25251 20312 154
44137 29172 437
29172 4696 39
4696 44337 16
18368 30079 437
16435 30257 437
30257 30322 200
28419 30554 437
10677 31402 437
31402 14358 131
14358 14667 59
14358 23939 339
23939 27874 308
27874 38545 376
2729 31897 437
5787 31903 437
31903 34898 415
29546 32007 437
28281 34506 437
5772 39290 437
23785 40158 437
40232 42361 437
42361 41580 391
16055 43628 437
32414 43754 437
43754 41984 280
41984 46335 218
43754 29234 323
29234 26214 181
26214 21528 145
29234 35602 271
32241 44827 437
2142 45569 437
5377 45800 437
45800 5027 37
45800 4211 118
4211 18249 12
18249 39576 72
39576 19360 261
18249 24990 430
16794 45868 437
31264 47338 437
9701 48718 437
32594 48955 437
48955 21562 234
21562 31568 96
9271 398 438
398 43472 332
157 893 438
24957 4282 438
5754 7025 438
9161 7208 438
31206 8094 438
26048 9508 438
9508 18983 235
7645 9577 438
4354 9683 438
2770 10130 438
10130 3637 14
11991 10888 438
11090 12473 438
17552 12580 438
12580 5210 91
39658 15372 438
1645 17061 438
28989 18238 438
1886 21018 438
3702 21488 438
9509 22437 438
44661 22933 438
22933 19207 376
14687 24222 438
15272 25689 438
357 26476 438
13118 27074 438
27074 33474 138
18610 27422 438
10489 27595 438
27595 28291 224
1513 28001 438
7580 29553 438
19900 31972 438
43302 32677 438
1897 32697 438
30162 34632 438
23714 35073 438
40903 36611 438
2613 38490 438
16047 38503 438
46070 40606 438
11082 42087 438
42087 12696 305
16169 43861 438
34823 45662 438
5398 46575 438
46575 9621 45
46575 46811 89
2000 47954 438
36205 48116 438
19802 48802 438
48802 25005 162
392 49613 438
44513 49675 438
16370 2262 439
47824 2881 439
2881 36284 110
4611 3131 439
3131 4775 21
36326 4164 439
4164 12522 204
12522 38030 308
14806 5038 439
2312 5411 439
5411 12375 97
22225 9211 439
9211 45533 80
9211 42200 260
18214 9859 439
15131 10524 439
9164 10626 439
10626 21351 11
21351 39748 380
4052 11905 439
11905 12012 164
11905 11502 323
11502 28142 230
12012 21780 360
11905 17186 433
3262 12210 439
12210 46336 298
11400 14305 439
39372 14619 439
14619 35423 48
25731 15930 439
1991 16493 439
16493 9626 33
12553 18536 439
15225 20722 439
23962 20750 439
20750 15369 156
14005 20940 439
20940 1024 408
1024 859 15
1024 14991 68
14991 38671 147
859 37323 347
38671 46550 367
46550 30301 49
44599 21158 439
21158 44702 257
21158 49522 362
49522 16456 313
40587 21660 439
21660 33426 337
14239 22347 439
4495 22626 439
22626 49034 9
22626 41237 45
41237 3991 41
41237 42630 184
16547 23242 439
17663 23430 439
7162 23698 439
26940 23881 439
23881 5279 190
5279 20429 130
20429 5846 292
5846 17411 23
29003 26605 439
26605 30271 61
26605 3199 439
10172 27015 439
27015 31091 186
37950 29910 439
1324 31004 439
31004 20192 67
20192 20080 240
40383 32449 439
32449 36999 189
32449 44875 193
32449 40300 307
23290 33526 439
38001 33970 439
8096 34174 439
34174 43788 158
43788 14643 108
4632 36287 439
36287 37923 212
49199 38672 439
38672 28255 256
35029 38784 439
38784 27348 47
27348 35954 130
39250 39090 439
39090 19075 169
48890 40325 439
40325 12389 49
12389 10415 187
10415 19845 66
48366 40450 439
40450 3718 97
3718 2872 18
3718 8257 102
3718 4631 145
4631 38140 257
4631 6905 262
6905 36394 135
36394 5900 189
8257 36774 370
40450 42050 385
8257 12357 405
32557 41549 439
41549 37669 123
37669 39022 283
17799 44344 439
4429 45251 439
45251 26553 91
26553 31628 250
16280 48063 439
9230 49883 439
49883 47963 370
47963 49644 231
1910 49963 439
36790 629 440
2115 3363 440
43203 6307 440
6307 19132 285
19132 32501 305
32501 46818 24
3019 9675 440
10323 10076 440
10076 29390 326
26959 10634 440
10634 32637 336
32637 25435 265
25435 47735 300
10634 24899 356
24899 17155 56
17155 34408 247
16111 10659 440
10659 41604 409
34560 11217 440
3809 11496 440
40509 12487 440
12487 18263 431
2033 12924 440
12924 40639 4
27415 13973 440
13973 26359 233
10794 14357 440
14357 23098 222
26679 14388 440
20021 16147 440
16147 16014 415
16014 6983 360
6983 710 63
2986 16998 440
16998 2541 306
17186 21509 440
21509 38856 4
21509 38600 262
38600 31704 335
31704 5690 154
31704 8352 261
8352 21971 76
5645 22324 440
8446 22392 440
17496 22566 440
12214 24381 440
21198 25799 440
4443 27046 440
27046 37103 413
37103 43860 90
43860 33545 246
1216 29337 440
20289 30890 440
30890 44385 353
23340 30911 440
30911 34302 343
30911 39457 404
33844 31118 440
18135 32005 440
32005 49712 295
29461 32083 440
29598 33839 440
23917 34165 440
1846 35335 440
35335 37705 340
44859 36966 440
36966 6930 402
11176 37764 440
14069 38902 440
40844 38945 440
25580 41323 440
9647 42013 440
42013 24049 301
4558 42516 440
27668 42762 440
42762 30136 414
13056 43361 440
43361 44872 264
6704 45797 440
40856 46272 440
3100 48218 440
3819 49118 440
98 1747 441
1747 7419 289
7419 3587 158
3587 15530 122
3587 19242 393
19242 311 349
19242 20850 407
2213 4107 441
4107 8113 65
4107 24653 84
24653 16104 113
16104 20758 192
4107 31284 435
31284 7032 354
7032 2757 337
16697 6068 441
88 7114 441
7114 37817 169
33530 7305 441
10226 7853 441
7853 8007 45
28182 8371 441
8371 29979 367
18729 9392 441
21152 12419 441
40699 13704 441
11928 15817 441
7597 16917 441
25678 18611 441
3128 19046 441
46716 19157 441
842 21195 441
1321 21701 441
21701 45441 248
18903 21888 441
21888 36229 48
36277 23544 441
30494 24202 441
24202 45675 230
42000 27594 441
19586 28037 441
28037 47430 328
47430 21762 97
28037 43539 371
43539 41943 196
43539 12433 419
12433 24294 229
12433 43206 380
21762 5948 420
5948 37157 52
12433 8902 432
30070 28110 441
2158 28855 441
14270 29007 441
29007 35226 87
29007 33120 167
33120 45943 325
19553 29339 441
3255 30394 441
30394 34654 105
30394 37220 292
8588 31968 441
31968 34293 293
31568 32166 441
35229 33986 441
33986 43070 167
37711 34245 441
36258 35415 441
35415 31830 323
31830 27386 143
31830 17848 231
17848 30195 249
31530 37045 441
838 38925 441
1604 41756 441
41756 48327 431
4066 42149 441
43778 43448 441
43448 25212 42
43448 39740 42
16311 44888 441
5126 46016 441
8181 46498 441
15978 47986 441
47986 27266 264
47986 32150 289
32150 32591 220
911 49546 441
10685 1859 442
4781 2847 442
2847 32876 297
32876 36602 21
32876 25414 330
25414 43046 39
817 4002 442
132 4667 442
11005 6885 442
6885 3823 329
3823 6213 436
30359 7526 442
7526 16327 283
16327 43925 111
12016 7874 442
8582 9175 442
38645 9388 442
11862 12489 442
12489 22286 170
28060 13003 442
13003 17612 160
17612 47617 240
47617 30636 98
25193 13161 442
16604 13549 442
26594 14206 442
14206 38610 182
38610 11236 345
11236 33711 94
33711 20430 348
20430 1666 82
1666 7387 353
38646 15541 442
18016 16615 442
16615 5667 50
5667 14309 102
29255 16796 442
16796 7551 116
25082 17043 442
24059 20076 442
44679 20968 442
10317 22461 442
22461 8966 129
5428 22682 442
22682 37695 66
37695 13336 239
13336 23079 304
13336 19863 357
19863 48716 348
48716 36159 379
182 23237 442
12557 26085 442
8774 27697 442
31756 27725 442
39588 27805 442
49712 29190 442
1555 29985 442
29985 37473 228
37473 35427 307
29985 28444 322
28444 40920 3
28444 14831 119
40920 19902 242
35427 37750 329
37473 45787 367
41703 32484 442
32484 17213 67
17213 7762 248
19560 35311 442
19887 35718 442
3869 37170 442
41477 39382 442
43658 44032 442
15487 46562 442
21329 47178 442
47178 45781 2
47178 1860 298
1860 37452 44
1860 41204 359
43153 47336 442
31051 48184 442
13248 48729 442
29451 48927 442
7129 49393 442
48907 49579 442
49579 33117 427
1232 49804 442
3201 652 443
652 10136 403
10136 15271 199
10136 8362 397
8362 6549 90
8362 19176 108
8362 12995 414
26587 1825 443
1825 5035 98
561 1866 443
1866 8141 343
8141 48829 355
48829 38569 204
6025 4763 443
4763 37902 183
902 5124 443
2469 5788 443
5788 47663 226
47663 35097 270
45968 7092 443
30557 7929 443
1974 10788 443
23213 11743 443
14058 13230 443
13230 12582 195
12582 14836 308
14836 13213 359
28777 13685 443
13685 21017 72
13685 3857 123
13685 14446 141
14446 39653 152
39653 44046 61
44046 25452 27
25452 8046 14
13685 20520 290
20520 13616 273
22583 14040 443
19360 14459 443
7021 15363 443
39762 17807 443
21000 18930 443
18930 11680 400
4255 19517 443
19517 3325 59
39762 21957 443
21957 33048 265
14227 23557 443
36088 26464 443
26464 41851 239
41851 47183 140
15047 27281 443
14603 30522 443
30522 20978 288
20978 38913 128
20978 10949 250
2018 30612 443
5186 34734 443
34734 31268 242
31268 27042 21
34734 28521 398
14831 35066 443
35066 16304 6
35066 36142 99
16304 10577 141
10577 14428 109
10577 34126 225
16304 7293 324
7293 28883 133
35066 4289 377
4289 11719 137
8537 35231 443
42403 35719 443
10150 35867 443
35867 11348 423
11348 10441 178
11348 40483 222
23419 36977 443
29389 38354 443
19966 40313 443
12335 41027 443
28073 41490 443
17076 41874 443
41874 41102 242
14185 43464 443
1767 45479 443
16615 46950 443
46950 42370 123
42370 7532 237
7532 33153 281
33153 3071 297
6718 47989 443
38056 48883 443
163 563 444
21066 918 444
26076 2309 444
38985 3062 444
24311 3922 444
3922 2864 423
2864 31584 95
35746 6193 444
6193 12518 96
1027 8895 444
34700 9454 444
14318 9841 444
9841 9848 348
15808 9845 444
9845 7082 69
7082 49362 28
6700 10984 444
10984 9519 126
10984 33510 192
10984 16899 279
16899 38094 276
9519 12510 315
11280 13602 444
24743 16228 444
16228 21963 437
21963 47768 95
31025 17290 444
9264 17555 444
34650 17588 444
563 19721 444
27325 20400 444
20400 13758 304
48790 20515 444
20515 22637 149
22637 44876 393
20734 20629 444
20629 19660 66
4536 21311 444
2472 22346 444
31110 22474 444
22474 30445 440
18003 23799 444
23799 29106 121
6201 24383 444
10336 24971 444
4905 25685 444
39152 26815 444
26815 21675 223
21675 30680 424
30680 46256 95
30680 8676 260
8676 26348 115
26348 46430 363
20611 27221 444
27221 45126 346
5361 27905 444
12022 28218 444
47172 30918 444
17132 31727 444
5848 33389 444
17143 33834 444
41332 34640 444
16136 34787 444
837 38104 444
24506 39553 444
30442 40604 444
36663 41402 444
27983 43032 444
9007 44286 444
37946 44477 444
8934 45029 444
13187 45033 444
40876 45700 444
41332 46897 444
33877 47181 444
20489 48014 444
20147 48654 444
32841 48838 444
48838 37265 88
1853 2862 445
2862 22813 92
14815 4513 445
17615 4836 445
4836 31392 248
4836 15195 428
4973 5095 445
5095 40864 173
5095 24104 234
5095 41607 313
15110 7201 445
36357 12930 445
9993 12973 445
8505 17546 445
2281 19765 445
3828 20146 445
13916 20617 445
24541 21151 445
13504 23224 445
16265 23373 445
11906 23655 445
20019 23886 445
23886 22069 32
10708 23999 445
23999 19293 339
32406 24178 445
5371 24334 445
5310 24749 445
24749 34726 323
9321 24902 445
749 27183 445
14221 27729 445
27729 39437 276
39437 48905 250
11406 28442 445
44982 30428 445
30428 25765 320
12617 30478 445
38105 30498 445
13045 32905 445
1130 34626 445
22728 34648 445
36872 35028 445
35028 39481 15
21293 37340 445
37340 33933 83
33933 1223 228
1223 49728 32
46010 38057 445
49086 38881 445
23431 39297 445
40727 40033 445
48633 41072 445
41072 47274 416
47274 18672 42
47274 38939 163
38939 9347 445
9347 45947 304
9347 36160 370
5822 41816 445
3107 42136 445
30238 42223 445
30896 42343 445
3923 43007 445
2810 44369 445
3691 44907 445
28472 46773 445
8364 47410 445
794 48779 445
12921 49500 445
46749 49591 445
49591 41098 183
27839 49658 445
22871 4062 446
7572 4543 446
4543 25977 74
4543 17440 132
3500 5580 446
6740 5804 446
5804 12939 259
5804 29297 262
12939 40682 374
9186 7346 446
2493 8697 446
8697 37683 156
37683 14844 165
8697 10789 386
10789 16471 218
26337 9122 446
9122 48322 390
48322 14505 288
9122 18529 392
14073 11912 446
11912 20267 225
48102 12714 446
12714 14230 117
17019 13207 446
13207 27019 264
38555 13684 446
13684 38237 394
8460 14120 446
14120 10099 215
10099 25850 78
10099 5881 93
10099 32417 144
14179 14364 446
14364 25921 141
13636 14558 446
40917 17543 446
10119 17592 446
17592 5960 293
5960 19078 121
5960 7437 377
7437 30086 407
11215 19996 446
21965 20782 446
20782 25663 106
25663 22824 329
22824 23502 250
32204 21584 446
21584 9565 151
9565 39072 21
9565 14439 124
21584 33195 306
9565 34185 352
39072 14930 380
14930 20492 329
33195 33577 423
33577 43531 361
33195 30559 441
35266 24086 446
24086 42760 256
42760 27601 166
24086 31789 273
43028 24656 446
48001 24969 446
21055 25046 446
25046 25565 285
17593 25058 446
25058 42997 133
25058 33727 155
28296 25863 446
11573 25953 446
10074 26637 446
26637 31929 156
19809 26913 446
26913 9140 108
3747 26934 446
16362 27207 446
27207 12021 277
48015 28333 446
17262 28653 446
2658 28739 446
6963 29305 446
39696 29313 446
39051 29516 446
17698 29558 446
17258 30244 446
34205 30321 446
24816 31133 446
36087 31175 446
7155 31407 446
31407 30874 89
31407 29142 99
29142 4200 428
19546 33749 446
2918 34288 446
39876 37470 446
1106 37492 446
37492 7139 339
7139 9097 336
9097 48192 193
5313 39224 446
39224 45907 136
25946 41247 446
41247 41799 15
9645 48549 446
8400 1793 447
1793 7066 315
7066 22200 355
22200 32597 218
2556 4108 447
4108 35477 416
4933 4256 447
9488 4378 447
4378 15322 216
4378 31683 219
303 4859 447
55 5066 447
2704 6159 447
11925 7657 447
7657 13381 58
13381 24570 161
24570 2177 129
24570 31672 200
31672 36074 266
13381 14272 306
30377 7870 447
7870 27330 426
2650 9933 447
9933 906 106
9933 8404 182
9933 15415 282
906 11242 306
15415 35251 317
11242 31109 360
9102 10389 447
9571 11278 447
11278 37917 320
11278 12585 328
14782 12261 447
12261 3599 36
3599 12087 92
12087 36738 230
16500 13181 447
13181 2789 391
2789 33605 35
33605 20544 346
13181 5913 434
24393 13189 447
11346 13712 447
26023 14627 447
22514 15377 447
15377 43996 136
43996 23844 183
23844 40137 58
23844 31649 157
3261 19955 447
43699 22544 447
22544 999 167
999 857 60
857 7479 8
857 19711 162
7479 45059 308
45059 27577 357
4680 24024 447
21788 24186 447
24186 1297 104
1297 2074 230
17051 24599 447
24599 35684 94
24599 15001 194
15001 8467 121
15001 17836 216
35684 44598 332
17836 31364 446
25155 25072 447
12471 25446 447
25446 27146 218
23522 25705 447
18313 30143 447
10683 30175 447
3849 30596 447
9089 34376 447
34376 7711 89
7711 17188 335
17188 30013 144
17188 41295 231
17188 39886 347
39886 43871 80
43871 15999 189
695 35961 447
31790 36022 447
5410 36071 447
21786 37989 447
15874 38572 447
38572 26798 216
26798 22977 348
22977 25738 34
26798 19221 390
19221 4426 69
4426 20720 363
19221 48687 418
38572 29330 445
49436 39052 447
39052 28973 44
16917 39284 447
39284 5941 378
33465 39978 447
30703 41089 447
11221 41272 447
41272 46699 231
3286 42048 447
24376 45083 447
45083 40823 135
37762 45447 447
15487 45523 447
45523 20392 297
9097 47870 447
29329 48782 447
44079 49724 447
471 680 448
680 48823 32
48823 16100 1
680 2836 126
16100 757 136
47450 4188 448
4188 12141 11
4188 26385 53
26385 26790 181
4188 8749 264
8749 969 381
969 20380 74
969 49686 313
49686 40478 11
40478 31601 63
31601 6369 61
6369 37415 35
37415 38437 93
6369 3836 237
3836 7830 259
38437 39937 369
39937 48156 303
8464 7609 448
13664 8692 448
8692 46478 90
38063 9686 448
9656 10073 448
34515 11340 448
8337 11842 448
11842 30184 286
30184 46842 428
27168 12908 448
12908 40993 244
35965 16520 448
16520 594 288
594 22957 44
16520 43053 327
4630 16566 448
16566 45319 153
45319 27142 409
38881 16995 448
16021 18321 448
6807 18510 448
24570 19457 448
22652 20172 448
20172 18663 150
18663 24548 96
18663 26817 142
21447 21279 448
1029 24994 448
25348 25110 448
3138 25227 448
41671 25231 448
11468 26795 448
24507 27629 448
27629 14154 237
5299 32883 448
26042 33715 448
3674 36850 448
36850 12019 294
10660 39101 448
37154 39427 448
8604 39464 448
4305 40666 448
40971 41470 448
41470 47202 184
891 42292 448
5088 44152 448
48974 47064 448
26749 47667 448
35353 47960 448
17518 1815 449
4995 2723 449
2723 8495 240
2723 25696 309
8495 33712 338
25696 39389 423
408 2855 449
1824 4723 449
6038 6904 449
6904 30583 224
2357 8012 449
8012 47919 131
47919 33068 281
33068 30765 436
30765 7135 224
7135 22171 115
7135 19906 229
42463 9634 449
9634 14436 383
34289 10158 449
17389 13048 449
43968 14308 449
39442 14671 449
44471 16682 449
31931 16777 449
13297 17660 449
17660 33374 31
27929 19343 449
30369 21103 449
22496 21477 449
43392 21494 449
28181 21711 449
31977 22062 449
29937 24931 449
40827 24977 449
4869 25152 449
8022 27522 449
27522 48583 440
20705 28810 449
11400 31099 449
41690 31930 449
31930 34589 332
3405 32330 449
32330 44359 58
8452 32353 449
32353 26607 11
26607 38538 93
26607 25942 229
25942 10314 114
32353 23206 349
38538 43337 421
43337 6499 365
6499 6060 366
6060 2913 142
19350 32528 449
32528 26916 277
26916 3076 323
26916 36370 338
3076 16351 432
16351 5895 416
10350 34802 449
34802 1315 239
1315 21342 111
1315 7547 191
1315 39884 328
40387 34881 449
23280 34903 449
11819 35042 449
8510 35240 449
8086 36631 449
26405 36816 449
34339 37637 449
37637 22470 111
21833 38207 449
12989 39447 449
39447 12527 63
12527 30980 239
46847 40773 449
4282 40961 449
22489 43532 449
31462 44710 449
31679 46209 449
32865 46441 449
32739 46873 449
46873 43702 114
39253 47075 449
47075 45639 133
47075 17340 291
17340 25287 79
17340 10886 278
10886 37063 290
37063 18331 57
37063 36120 106
36120 23641 14
23641 35906 24
18331 17936 128
10886 11894 443
42768 47322 449
14343 49307 449
31407 131 450
131 3049 138
131 356 181
356 4437 227
131 1004 320
46299 2129 450
24215 2746 450
2746 24812 176
24812 25831 64
12451 3122 450
3122 26171 10
23523 3860 450
3860 40633 445
14642 7215 450
7215 6840 367
6840 32749 51
26568 8327 450
2164 8938 450
25797 9340 450
9340 6224 424
6224 44250 333
17707 9419 450
19026 12401 450
12401 44484 69
44484 40537 127
30095 13390 450
19726 14034 450
14034 36907 66
35245 14337 450
8628 16358 450
16462 19818 450
19818 31282 38
19818 38466 152
31282 47041 207
47041 48275 26
48275 26206 370
19818 41528 447
41528 41785 7
13756 20781 450
20781 29620 299
29620 43682 263
19103 20796 450
16325 21722 450
21722 9809 65
8460 22133 450
11990 22449 450
22449 34554 39
22449 6624 310
6624 4023 275
22449 30511 425
6624 30332 427
24925 23094 450
12135 23528 450
32404 24537 450
21483 24857 450
24123 25362 450
25362 48078 216
25362 36840 263
43471 26575 450
4152 28601 450
28601 47268 230
893 29511 450
29511 35106 309
35106 35970 226
35106 46799 421
849 29576 450
48431 31730 450
31730 15917 15
15917 21670 150
42422 33146 450
17727 35101 450
35101 11758 240
35101 44296 401
11758 26133 419
1247 35363 450
35363 49531 109
16101 36248 450
36248 42976 397
42976 21374 191
21374 47025 333
25459 38282 450
8140 41537 450
10547 42300 450
20542 43690 450
43690 13358 170
13358 9928 265
43690 19685 428
19525 45061 450
45061 42727 182
6234 46101 450
46101 29342 115
46101 4540 199
4540 41207 261
4540 412 347
412 2256 84
2256 30775 52
33299 47518 450
42090 47951 450
47951 4899 346
4899 45430 395
30826 48068 450
1885 49535 450
27039 835 451
15468 3672 451
28499 3815 451
3815 1357 413
134 6209 451
16130 6639 451
18014 8533 451
4708 13038 451
13038 16036 251
49644 16291 451
22036 19304 451
19304 46936 127
32115 20306 451
1514 20977 451
40778 22890 451
22890 35666 360
25072 23228 451
15021 25883 451
30367 28555 451
28555 28373 14
28373 48893 98
4434 31438 451
31438 23117 93
31438 30441 425
30441 1361 347
30441 38289 352
31438 48517 443
48517 37983 198
25400 31990 451
19782 35391 451
40553 36770 451
15269 39171 451
8022 40106 451
40106 36581 343
36581 17085 438
17085 15374 170
15374 37050 156
10002 40599 451
8258 43193 451
37056 44348 451
35251 45693 451
25164 46810 451
23040 47036 451
9498 49174 451
8379 1187 452
1187 26470 92
12981 1446 452
1446 39135 144
39135 34349 348
40269 3228 452
47296 4078 452
2681 4957 452
4957 16776 47
4957 38221 142
16776 36989 208
1587 7274 452
46372 9714 452
9714 6826 155
5231 10851 452
10851 14753 72
14753 23533 213
20942 11314 452
11314 5314 393
45009 11631 452
11631 11892 337
11892 17665 131
17665 18290 361
11892 33592 401
33592 33174 27
33174 25838 345
17665 4293 435
7948 11978 452
11978 41300 37
11978 14100 110
11978 28083 326
15386 16769 452
16769 29062 193
29062 41034 39
29062 48819 289
5931 17904 452
17904 10071 322
10071 19433 100
4757 19615 452
19615 32316 37
32316 38642 217
38642 46239 193
46239 41807 174
23312 22722 452
6801 23255 452
16111 24357 452
29802 24503 452
24503 37058 114
37058 28516 65
31517 24759 452
24759 49946 128
24759 49487 367
49487 20867 363
20867 25750 284
25750 23246 321
23246 47315 282
47315 48445 25
47315 19977 86
23246 17404 336
17404 11730 310
7658 26045 452
9762 28004 452
7198 28148 452
30865 28387 452
28387 32393 38
28387 19686 206
19686 20861 192
38640 28591 452
49109 28781 452
27637 29364 452
29364 24717 350
24717 3304 54
3304 23834 254
3304 12953 319
19098 29761 452
15302 30668 452
30668 25120 335
25120 13465 413
39729 31899 452
16366 32539 452
24104 34181 452
34181 13646 30
24873 34239 452
34239 31053 319
31053 45001 12
2495 34861 452
3336 35131 452
35131 30449 62
30449 43317 39
30449 14896 336
14896 41584 81
14896 10883 270
10883 41633 195
35131 34114 431
10471 35147 452
35147 48576 362
32063 35236 452
35236 43837 97
43837 5085 166
5085 15329 39
43837 25595 256
43837 15964 276
23769 36635 452
13327 37722 452
44581 38767 452
38124 39433 452
10812 39771 452
39771 9197 251
12875 44075 452
31486 44193 452
44193 49825 116
49825 23804 104
17207 45320 452
4413 46649 452
6909 47303 452
36234 47554 452
35164 48368 452
48368 42896 114
42896 14222 404
14222 8746 327
8746 7469 436
32774 49748 452
49748 20425 78
20425 22108 426
22108 37687 76
3670 1951 453
5759 4549 453
4094 4591 453
4591 14184 63
4591 28390 67
4591 15994 434
15994 28205 414
961 5335 453
5335 7787 201
5335 6343 356
5335 13766 445
6745 6255 453
49939 9742 453
9742 11080 143
24607 11817 453
48178 14102 453
5626 15008 453
15008 23662 274
4474 15241 453
15241 38430 202
14056 16187 453
941 16567 453
8361 21790 453
19260 22787 453
22787 35778 12
38432 23268 453
23268 29628 30
23268 10259 107
29628 15672 176
10259 30158 348
4910 23329 453
46536 24228 453
21523 26551 453
36021 27316 453
29607 27429 453
27429 12942 135
25530 27811 453
25000 27922 453
27922 32593 40
1006 31753 453
31753 9393 194
9393 27382 286
14273 35827 453
18498 36869 453
36869 29187 155
29187 40412 420
34519 39084 453
14748 40138 453
40138 6182 205
4268 40207 453
15334 42305 453
42305 46246 149
46246 4124 345
39724 43418 453
32813 47726 453
47726 31564 214
47726 18000 215
18000 25525 218
28287 47892 453
27262 49480 453
41704 4891 454
14534 8182 454
7793 8482 454
3570 10358 454
29149 10590 454
4578 11796 454
11796 44483 134
19869 13476 454
44768 14470 454
14470 29631 291
29631 40166 279
8353 14863 454
24810 16158 454
16158 29966 90
29966 25377 280
29966 34333 322
34333 7159 234
4767 16549 454
16549 17675 179
17195 17867 454
17867 32086 238
9210 17999 454
3025 18062 454
19718 18716 454
18716 10795 44
10795 41438 201
3186 19140 454
6860 19335 454
46893 19795 454
19795 39128 347
21246 21008 454
21008 28224 101
21008 16443 452
16443 3497 232
745 22419 454
22419 7900 6
39982 23106 454
23106 31877 27
31877 1017 150
23106 13557 160
148 23215 454
725 24010 454
5833 24131 454
24131 32088 37
49503 24732 454
24732 9251 42
4943 26148 454
35774 26336 454
24054 28166 454
21780 28171 454
28171 37363 294
13202 28929 454
17942 30905 454
10129 31259 454
34981 33669 454
15275 33905 454
5428 36432 454
44254 36984 454
36984 22852 371
30037 37537 454
25804 38926 454
38926 46131 364
14841 38938 454
38938 41688 336
38938 29739 401
29739 26917 117
1426 39170 454
18808 39236 454
39236 16711 408
46452 40837 454
4281 41159 454
15281 41740 454
17143 42433 454
59 44919 454
39776 45528 454
18068 45822 454
45822 21128 188
37121 47540 454
18124 47594 454
20451 48259 454
48259 46205 84
46205 23048 85
46205 44278 449
29107 48356 454
3358 112 455
394 1580 455
23845 2042 455
2042 5089 354
5089 42563 99
2042 49198 416
18210 2326 455
48303 4196 455
4196 20120 45
20120 4404 190
4196 21407 280
4196 11568 288
11568 13017 399
13017 24605 169
1729 6972 455
6972 3685 46
3685 38187 198
3685 9942 225
15138 11663 455
30858 12039 455
8280 13907 455
33570 15943 455
15943 3826 207
18372 16183 455
1378 17270 455
17270 32731 378
26316 17491 455
17491 6542 341
6542 27302 194
8035 19542 455
41847 24293 455
24293 40415 46
40415 37994 309
40415 42485 414
31530 25027 455
2740 25448 455
4762 25516 455
25516 30263 289
25516 36854 379
26559 27614 455
15454 28719 455
28719 11651 59
2488 29110 455
3903 29193 455
29193 16534 327
16534 13789 109
13789 27546 29
16534 42154 129
16534 32013 133
32013 47975 444
29323 33165 455
33165 28996 182
28996 18399 312
18399 21053 314
33165 38204 397
25479 33306 455
1946 33463 455
220 34231 455
34231 23554 438
34994 35951 455
42757 36490 455
46338 37172 455
6904 37922 455
28060 38158 455
38158 25910 318
25910 47100 136
47100 44985 41
29945 38487 455
27744 38992 455
2760 39862 455
12545 40117 455
40117 45460 359
45159 40181 455
40181 45784 290
21764 40409 455
45828 41449 455
41449 41825 317
20144 43443 455
26286 43708 455
5981 43730 455
43730 9442 213
9442 41354 122
41354 21738 145
9442 32877 319
9442 45202 418
18286 45132 455
47784 48402 455
8346 617 456
924 2198 456
2198 40005 215
6199 2691 456
2691 43720 216
2691 12886 276
12886 27680 326
27680 48194 125
2691 35206 360
35206 44216 405
17314 4369 456
4369 17294 83
4369 32065 127
4369 6348 185
91 4554 456
4554 26027 159
4554 24944 184
4554 39042 347
4554 34362 373
34362 19425 355
24944 18340 376
11355 5610 456
12280 7651 456
2131 9916 456
6872 10673 456
10673 3060 447
24949 14108 456
14108 32447 180
33743 17077 456
23071 18710 456
18067 18953 456
18953 11754 328
11754 24505 157
24505 48803 409
15561 20776 456
7965 21100 456
23351 22172 456
22172 37677 4
22172 37831 302
35020 23573 456
9341 24014 456
23441 24917 456
754 26005 456
29432 26187 456
14985 27566 456
27566 21987 52
21987 49954 240
14033 31442 456
31442 27381 137
8598 31806 456
19387 31817 456
6057 32175 456
32175 37364 181
32175 30722 217
30722 28362 446
28362 41512 376
23563 32549 456
43393 33197 456
14108 33248 456
36438 35671 456
3136 36477 456
36477 1835 359
1835 38900 156
31030 36651 456
31801 37582 456
37582 28021 257
28021 34627 325
28021 6849 348
12005 40974 456
40974 41203 278
40974 5859 291
5859 42927 232
42927 46976 133
17604 42525 456
6233 42814 456
42814 43945 235
42814 8693 440
8693 9004 202
9004 15263 219
40074 43272 456
36036 45592 456
6471 45698 456
795 46257 456
46257 29040 175
16972 48984 456
14284 49055 456
6927 448 457
448 34541 147
503 512 457
512 609 45
609 42018 140
10853 2341 457
2040 2964 457
2964 3845 60
3166 3623 457
18077 5148 457
5148 1124 60
5148 14919 75
1124 47016 131
14919 13338 193
5148 3373 320
3373 4137 174
5148 6434 404
3373 25894 423
25894 27009 335
6636 7195 457
1828 7857 457
36444 8813 457
8813 10777 99
10777 38402 404
38402 43145 145
6618 9474 457
42868 10161 457
11428 12200 457
12200 45087 341
12200 4427 410
3736 13870 457
2512 14709 457
14709 49025 178
43968 15594 457
15594 15148 7
15594 22321 65
22321 27705 84
7810 15956 457
8126 17622 457
44968 20812 457
25183 21714 457
27714 22019 457
22019 3157 23
3157 16162 216
3157 20087 450
524 22204 457
22204 20106 251
4176 24233 457
24233 12040 67
12040 19973 82
19973 40367 64
24233 38320 212
38320 49125 195
49125 47321 284
47321 43999 195
1604 26709 457
14953 27679 457
27679 44722 351
27679 5591 430
5591 8323 333
11535 27721 457
15631 27907 457
27907 40641 56
40641 13198 159
27907 40368 280
40641 17587 363
17843 28217 457
28217 18538 21
18538 47764 216
28217 28036 242
28036 38648 48
28036 29656 158
47764 880 322
28764 28466 457
28466 16323 73
18681 28732 457
28732 31701 137
21822 30222 457
30222 36232 295
42601 30667 457
30667 41416 370
12111 34549 457
19680 37464 457
4841 37575 457
7308 37929 457
36369 40386 457
35587 40439 457
42850 40620 457
17140 41642 457
7622 42207 457
40250 43723 457
21414 43838 457
43838 43373 130
43838 43874 179
43373 29489 429
46500 44330 457
44330 13492 345
13492 26858 397
21119 47223 457
47945 48740 457
34185 49700 457
25709 2265 458
2265 29677 257
10967 3652 458
3652 18320 146
32268 4306 458
4306 12523 13
4306 48685 245
17323 9088 458
25013 9371 458
9371 5991 53
9371 13753 191
13753 26620 174
6458 9749 458
7983 10394 458
5012 10729 458
10729 12177 256
42011 11718 458
47818 16775 458
16775 45418 103
14146 16866 458
16866 26883 136
16866 24076 340
24076 46691 87
26093 17668 458
27157 17717 458
17717 42813 187
8048 18293 458
47632 18627 458
18627 36759 30
36759 47946 40
17931 20415 458
20415 48983 134
20415 25089 234
48983 19768 406
19768 35193 375
19768 45682 380
4189 20965 458
47304 21148 458
7099 21269 458
21269 12698 36
12698 38778 212
38778 26482 401
12698 32137 411
29413 23337 458
3524 24483 458
27896 24556 458
24556 46756 13
18961 25564 458
25564 13028 18
13028 26012 268
26012 41830 267
13028 16467 299
31251 26253 458
29437 26339 458
6679 26708 458
38047 28300 458
49144 30028 458
19751 31432 458
41492 31813 458
31813 36534 330
43727 34348 458
8259 36706 458
36366 38262 458
33571 39567 458
39567 30200 384
36653 40182 458
6351 41619 458
41619 49219 114
8997 44874 458
44874 45506 107
45506 11922 314
11922 12538 277
45506 43596 376
12538 18754 410
26223 44996 458
869 45669 458
16523 46222 458
31470 46759 458
12204 48197 458
48197 35893 38
11217 71 459
2828 2827 459
2827 46703 294
2827 39256 358
1651 5829 459
7996 8336 459
4710 8847 459
9683 9786 459
7239 10125 459
2194 13675 459
45598 18328 459
18328 39831 39
10654 18517 459
19898 18522 459
18522 20695 435
23828 18657 459
13772 19928 459
2091 20031 459
21404 21524 459
2113 23578 459
22406 24163 459
16009 25157 459
1107 26033 459
1079 27071 459
27071 49045 13
49045 34290 30
27071 27658 339
27071 27294 377
27294 28871 291
28871 25739 361
27294 44034 424
46919 30641 459
7619 31302 459
21961 32533 459
44082 32592 459
32592 31190 138
32592 16350 225
49582 32922 459
32922 34221 65
20381 33316 459
8053 35760 459
7670 35835 459
40962 37630 459
36275 39680 459
21288 41669 459
7734 43627 459
9650 43694 459
43694 39192 21
4028 43868 459
43868 49398 172
43868 45055 252
49718 45704 459
4821 46215 459
46215 9690 179
9690 48807 368
48807 48524 86
9690 18584 415
6318 46242 459
46792 48296 459
48296 45799 250
46355 48732 459
48732 42683 44
6255 48972 459
48972 32068 330
32068 14697 152
12885 49286 459
28944 49524 459
2393 3688 460
3688 3618 324
46385 3982 460
3982 11020 443
11020 25199 180
4093 5809 460
343 7925 460
7020 8748 460
8748 16430 10
16430 13116 105
381 8933 460
16438 9067 460
416 9597 460
40847 9944 460
6350 11648 460
11648 30477 175
12689 13560 460
1952 14442 460
14442 18140 93
6983 14845 460
9104 16651 460
1397 19059 460
43749 23849 460
18214 24416 460
10543 24975 460
16473 25520 460
25520 37693 219
37693 46185 454
5201 25903 460
45221 29131 460
29131 39638 156
3273 29443 460
29443 17501 5
17501 18474 108
17501 49379 300
18474 42459 302
17501 22303 356
22303 21550 166
21550 23331 67
23331 10800 248
21550 47776 317
29443 23039 373
9525 30093 460
10976 30169 460
36744 33653 460
13534 33990 460
33990 6511 110
11554 34142 460
34142 19994 220
19994 29146 222
29146 46281 18
34142 36937 292
19144 36588 460
39610 37422 460
9401 39113 460
39113 23759 368
29303 41049 460
23298 42404 460
42404 43914 91
12505 42732 460
16818 44083 460
17480 44935 460
22591 47273 460
11549 47451 460
23844 47965 460
46604 49827 460
16911 1630 461
1630 3799 96
3799 40479 400
21760 1701 461
16085 3942 461
3942 12417 323
12417 4290 91
205 6446 461
6446 7770 267
49128 8394 461
8394 30045 49
30045 6954 116
6954 37031 127
8394 13974 195
8394 10526 358
8394 15826 442
15826 16675 70
15826 21170 452
32470 8729 461
8729 25608 90
8729 4503 434
8134 12633 461
8081 13823 461
2613 15292 461
1262 15944 461
15944 36947 125
41900 18150 461
18150 30144 250
30144 34431 34
17498 18747 461
18747 14880 113
14880 1464 117
16504 19358 461
19358 7433 388
7433 7588 154
7588 16966 258
7588 13803 406
13803 41917 290
19274 19669 461
27077 20873 461
48325 21224 461
15397 22096 461
22096 43756 71
10390 25138 461
17002 25575 461
25575 17864 345
17864 37716 159
17864 37427 237
37427 38582 88
37427 47022 96
298 27222 461
27222 5309 30
5309 49337 270
5309 19682 417
19682 5537 172
14622 27552 461
27552 33000 241
11111 31945 461
29977 32625 461
38547 34474 461
34474 28515 133
28515 45679 267
28515 8970 309
28515 33454 379
33454 10968 105
45679 40157 427
40157 33033 252
11512 34533 461
34533 41466 6
41466 31576 10
31576 31212 202
31576 37770 380
11123 35909 461
37627 37485 461
12211 38484 461
24921 39584 461
13775 39802 461
7737 41250 461
30620 41543 461
26418 43633 461
29972 44422 461
21407 45228 461
43025 46389 461
46389 47207 160
13202 46857 461
46857 30549 393
30549 6742 225
27011 46881 461
995 47377 461
47377 6785 343
6785 23634 77
23634 37214 279
40836 48148 461
31806 48762 461
266 291 462
34077 3647 462
43869 4815 462
4815 6978 57
6978 24646 155
4815 2826 325
2826 15368 296
16227 4862 462
2408 6936 462
6936 8734 76
8734 23531 15
23531 26619 130
6936 31261 275
31572 7736 462
7736 9265 202
7736 28683 217
9265 42212 225
42212 35514 163
9265 34019 254
7970 8271 462
43177 8384 462
8384 24760 256
24760 3843 314
3843 4001 184
4001 28114 285
4001 36679 366
4001 26103 395
10549 9599 462
9599 36822 268
36822 35214 413
35214 39766 304
9599 17041 446
10879 11002 462
8722 17719 462
17719 28207 334
17719 21112 390
21112 16372 447
25321 17744 462
17744 43308 201
17744 45118 268
15471 23863 462
23863 35877 8
21532 23918 462
23918 9344 157
27708 24017 462
34122 24400 462
25438 24856 462
24856 35825 349
35825 5747 319
20122 26644 462
19043 28998 462
13983 29963 462
36317 30239 462
30239 10449 341
42299 31237 462
31237 10291 372
10291 22710 150
22710 22073 92
22073 12201 358
12201 6559 136
12201 34933 226
10291 46692 361
46692 431 72
431 1369 75
1369 7091 253
34933 43450 396
43450 4979 64
34933 32962 410
7091 45666 434
17412 32389 462
32389 30360 456
278 33128 462
33128 9259 117
9259 6522 32
6522 29788 325
44322 35274 462
789 38679 462
691 38690 462
38690 10527 153
19357 39440 462
39440 14062 435
14062 25633 448
13633 40815 462
16491 41336 462
35523 42595 462
14017 43687 462
43687 11585 360
16114 43700 462
8246 46733 462
1626 48410 462
48410 44641 454
44641 6911 385
6911 22095 73
13036 48483 462
553 49820 462
49820 606 387
606 1545 85
606 5028 104
5028 17293 350
17293 38011 54
606 7105 382
606 24414 388
3790 1715 463
1715 2212 42
1715 11425 138
2212 41705 151
2155 2559 463
2559 46177 228
46177 9729 421
2162 3264 463
28707 3523 463
1112 4276 463
9849 8101 463
98 9273 463
9273 28436 27
9273 40329 319
37200 10115 463
215 11619 463
11619 47319 205
48766 17805 463
41470 18761 463
32013 22217 463
22217 18558 115
18558 31643 70
18558 26684 424
4536 22780 463
29811 23818 463
37561 24116 463
49319 25647 463
2400 25690 463
25690 28597 17
17043 27023 463
27023 28068 91
31565 27245 463
27245 45775 134
27245 28712 383
28772 27542 463
21528 28710 463
45167 28779 463
357 29277 463
29277 46982 411
356 31240 463
18321 31353 463
28525 31384 463
31384 41094 372
38213 32982 463
16824 34018 463
13816 35312 463
35312 13813 204
13813 39869 215
34774 35460 463
35460 14245 213
10854 37826 463
26295 38504 463
14446 40378 463
45364 40568 463
40568 10342 8
33558 45200 463
45200 41476 336
34370 45816 463
21269 46184 463
1063 521 464
1615 2635 464
2635 3331 367
3331 5771 151
5771 24568 139
5771 20330 421
24568 17167 445
17167 36819 340
1649 3704 464
3704 2540 292
2540 7676 231
2540 17861 397
17861 49343 128
17861 49584 288
37509 6652 464
7204 7130 464
7130 18397 251
18397 41893 155
41893 9443 206
7130 170 372
7130 16728 418
4335 7502 464
43635 10466 464
1295 10552 464
11746 10567 464
38400 11668 464
10458 12708 464
24623 13166 464
3084 13795 464
13795 1196 431
33908 15868 464
46610 16784 464
24934 17124 464
21971 19522 464
19522 33194 108
1989 20180 464
20180 33333 308
2876 20633 464
10225 25836 464
25836 38292 347
38292 26357 279
36908 26664 464
18281 27084 464
361 27904 464
47025 30863 464
22587 32537 464
18345 35025 464
26744 35904 464
15910 36396 464
21394 37231 464
29069 38235 464
38235 24737 267
17820 41007 464
41007 15876 433
41966 42003 464
20144 42799 464
20934 44358 464
44358 48911 93
4147 45142 464
6168 45835 464
3574 625 465
625 8229 299
1195 1734 465
1499 2500 465
8852 3309 465
3309 11088 127
796 5111 465
898 5738 465
13120 10427 465
12498 12399 465
12399 21936 332
21936 40947 435
40947 28009 308
28009 39350 462
48500 12901 465
12901 8802 335
7661 13107 465
233 17451 465
16360 17900 465
17900 24077 139
24094 18674 465
18674 13382 36
13382 39507 32
13382 28845 35
39507 41391 372
33828 20907 465
19948 21969 465
15514 22001 465
13322 22252 465
4496 23835 465
39671 24328 465
20490 24380 465
24380 13064 229
41965 24748 465
3138 25651 465
25651 26902 23
34771 27305 465
19598 28750 465
17389 30380 465
14806 31355 465
12793 34752 465
2250 36117 465
36117 34674 366
34674 7454 172
7454 27073 336
27073 19712 37
19712 39063 377
21858 36681 465
36681 26643 68
21337 37108 465
19523 39773 465
39773 33199 361
33199 29928 462
29928 40735 337
48348 40080 465
40080 11288 87
40080 16953 207
16953 17486 372
17486 17829 130
40318 40364 465
12445 41274 465
28001 41307 465
15443 41328 465
41328 28689 363
28689 29638 255
29638 36575 150
28689 17363 299
31393 41349 465
2442 42438 465
42438 29831 21
3558 42769 465
42769 20320 353
24383 44242 465
32734 45922 465
45922 16489 91
45922 49115 146
4216 48106 465
7769 49065 465
7660 49234 465
47745 49988 465
3907 1950 466
1950 9905 410
986 4325 466
4325 13022 199
13022 29134 161
27195 5248 466
7567 10491 466
1352 10613 466
43154 12840 466
39528 13987 466
12118 16984 466
44913 17823 466
17823 12519 216
28227 18756 466
18756 16654 413
45518 18869 466
14344 19163 466
11787 21010 466
21010 43107 74
13382 23175 466
35188 23220 466
6348 23613 466
7114 24626 466
24626 32985 457
32985 34668 71
32985 23222 222
5661 24783 466
20086 25195 466
11319 25461 466
8061 26165 466
45497 26736 466
26736 14853 437
37820 28056 466
28056 38493 77
38493 47687 28
21811 28611 466
28611 39144 74
28611 28133 210
28133 25190 84
39144 17374 215
17374 43933 136
25190 17466 366
40338 31454 466
31454 31656 287
8355 32564 466
37318 33061 466
33061 17611 351
16093 35350 466
30869 35640 466
35640 26741 459
11567 35959 466
3765 36047 466
182 36186 466
16255 36465 466
36465 30294 385
46928 37529 466
12507 38143 466
38143 11396 232
48110 41585 466
42736 42834 466
42834 41245 343
41245 12650 360
4286 44105 466
36509 46081 466
19521 48180 466
26319 1552 467
10792 8009 467
6329 8806 467
8806 43793 62
8806 22762 363
43793 31094 464
31094 20875 241
18337 9670 467
9670 33136 452
25934 10916 467
24872 11653 467
11653 43932 10
11653 15491 418
39534 12221 467
12221 24413 345
24413 33974 129
1378 12295 467
12295 32718 180
12295 16548 411
15801 12974 467
12974 21241 317
1246 13574 467
28352 17802 467
47591 19081 467
6931 21109 467
10349 21381 467
21381 35737 176
21381 39495 440
39495 25329 277
25329 35096 27
25329 41383 29
36271 21436 467
21436 14781 228
8782 23575 467
23575 30627 83
30627 44740 280
30627 41609 357
41609 20005 154
20005 45998 15
41609 31831 407
13678 25042 467
25042 12430 5
25042 13930 218
4697 27053 467
23683 30138 467
30510 33166 467
33166 33321 270
12596 33391 467
33391 28887 73
22015 34001 467
32733 34186 467
37571 35320 467
24941 36168 467
36168 18740 198
18740 4699 11
4699 3480 136
36168 38394 337
3480 12550 408
10738 39406 467
11233 41302 467
21933 42678 467
42678 22931 211
22931 45750 381
5558 43096 467
29460 44259 467
5235 44437 467
43530 47263 467
19482 47752 467
13526 49178 467
33046 3307 468
3307 8567 4
3307 13008 192
8567 37481 200
8540 3953 468
3953 26504 191
31346 4177 468
37757 4644 468
4644 4927 105
8796 5842 468
8344 7671 468
7671 12163 226
10466 11429 468
29556 13100 468
7349 14285 468
34878 14963 468
19755 15171 468
28714 16408 468
16408 28603 198
28603 32781 241
9199 17173 468
17173 10058 209
10058 21624 252
21624 24167 390
11447 18463 468
22872 20547 468
20547 41913 74
20547 45960 288
45960 48655 9
17830 20821 468
3804 22241 468
3388 23796 468
18110 25009 468
16093 25369 468
12926 25987 468
19555 28256 468
28256 15276 146
43719 28534 468
7759 29005 468
2603 29529 468
42708 32919 468
32919 19736 240
32919 48653 323
11174 33718 468
45634 35601 468
17162 36672 468
36672 18181 331
18181 498 343
36672 6939 450
27469 38661 468
21663 39800 468
44973 42039 468
17186 42060 468
44256 43482 468
27738 43585 468
33911 49069 468
49069 23317 239
23317 27760 411
27760 35108 189
35108 6185 238
6185 31767 76
33875 2473 469
705 3690 469
5098 5163 469
38473 8082 469
27372 8439 469
31064 19618 469
35712 19989 469
19989 18731 455
18731 18866 406
16605 20343 469
25798 20541 469
1630 22030 469
14550 24651 469
24651 42671 97
42671 23612 399
4356 26138 469
48895 26548 469
26548 33713 310
33713 20215 68
28567 28770 469
28372 29445 469
3770 30518 469
30518 40464 434
34344 32366 469
5133 36512 469
4099 36622 469
2269 37496 469
2400 37648 469
37648 25778 276
13532 38260 469
48827 38461 469
39353 40125 469
40125 22886 54
22886 16627 311
15530 46148 469
29233 46341 469
9590 46646 469
17140 47045 469
2262 3945 470
2918 7772 470
11373 9381 470
9381 33025 310
10215 12052 470
2543 12085 470
4193 12458 470
11610 13293 470
1519 14849 470
14849 19204 25
8958 15012 470
47701 15502 470
14440 18441 470
18441 5127 42
5127 41783 163
41783 14598 15
5127 21869 286
21869 5258 329
18441 20551 344
4204 19064 470
19064 34209 226
34209 40133 343
17168 19771 470
19771 24891 45
24891 46682 307
46682 47922 237
46682 48532 319
48532 36800 432
36800 22991 374
5328 20200 470
20200 43366 144
9588 21783 470
21783 30893 431
17151 23393 470
1339 23985 470
47291 24371 470
24371 9438 223
6794 25063 470
6198 26513 470
26513 49722 45
13905 30780 470
36105 30946 470
23630 31366 470
7914 31705 470
31705 44502 466
6734 32143 470
1209 35648 470
1157 36107 470
15727 36178 470
36178 27967 10
25042 36901 470
36901 47858 251
18047 37921 470
13636 38457 470
18045 40361 470
32659 40858 470
33075 41499 470
9399 42669 470
48078 44292 470
44292 33901 171
44292 35250 286
35250 20811 457
20811 29852 442
29852 21613 202
21613 7632 146
7632 14216 16
7632 29322 443
29322 28295 422
39584 44923 470
39165 46638 470
37891 46791 470
1910 47481 470
12321 48455 470
48455 20069 286
20069 15845 327
66 49994 470
9039 3659 471
23026 6220 471
6220 15968 301
15968 13365 100
15968 23773 196
34644 7283 471
7283 14362 337
14362 21573 28
21573 10490 380
10490 21373 57
21373 26892 129
682 9756 471
9756 41339 245
26560 10010 471
5076 11688 471
32588 12686 471
12686 4080 325
4080 25588 262
25588 31844 179
25588 33861 262
4080 10028 422
10028 30295 28
7359 13303 471
8262 14144 471
14144 23674 339
23674 45898 43
23674 27487 189
45898 48026 298
27487 45258 446
14128 15141 471
543 15457 471
15457 24915 94
15457 33762 162
33762 28109 61
33762 3066 94
28109 9983 116
33762 35397 119
3066 8234 240
33762 43494 242
24486 15708 471
9616 15966 471
23992 17734 471
20055 18196 471
18196 49550 105
18468 18265 471
18265 20368 447
18138 20149 471
18697 20818 471
6142 21913 471
49533 24517 471
47649 25371 471
25371 35153 312
27196 25834 471
26894 26146 471
26146 38462 113
38462 26765 145
33599 28292 471
11162 29925 471
1252 30536 471
6984 31421 471
31421 42528 99
10221 31950 471
31950 18369 321
23933 32763 471
32763 13573 420
12806 32914 471
32914 15611 97
15611 5077 82
423 35538 471
21236 36307 471
46774 36416 471
29439 39179 471
3677 39475 471
44497 40544 471
17431 41374 471
41374 5153 14
40031 41930 471
34754 41967 471
21884 42756 471
40867 47272 471
47272 22127 151
22127 31947 212
22127 15843 255
40443 49427 471
49427 8237 110
6350 3098 472
6840 4822 472
23336 5320 472
15377 10803 472
14671 11012 472
26427 13875 472
30680 14372 472
14372 45667 81
24506 14611 472
14611 35310 303
11084 15187 472
30323 15214 472
1555 18161 472
2294 18235 472
1136 18512 472
18512 10318 327
6730 18837 472
16278 20174 472
20174 29207 344
13254 21881 472
10909 24157 472
24157 24823 208
45457 25619 472
25619 15097 41
2144 25755 472
4877 26478 472
23425 27535 472
19345 28841 472
24385 31012 472
31012 47707 300
48135 34588 472
5328 35932 472
2981 36629 472
7742 37189 472
37189 37274 295
35948 37685 472
37685 48726 29
9931 39082 472
39082 41230 117
41230 29027 235
29027 41689 143
29027 31581 438
25968 39134 472
8149 39209 472
6310 39558 472
26995 40042 472
44094 43362 472
43362 17318 339
13578 46693 472
44799 46698 472
49757 47318 472
47318 46856 153
47318 41414 341
21807 48615 472
48615 5424 360
10073 48816 472
17298 5245 473
5245 2389 216
1336 5520 473
5520 7801 188
7801 13657 260
5520 25161 276
5520 38465 308
13657 49484 308
49484 24704 165
40834 9669 473
21539 10844 473
36209 11379 473
3361 11604 473
11604 16960 282
5635 13482 473
13482 31271 433
11621 15314 473
15314 31113 414
22890 16117 473
16117 19507 423
8919 18296 473
24431 18825 473
28868 20097 473
20097 12354 90
12354 28757 268
23131 20197 473
20197 19225 141
42245 24579 473
24579 10004 308
10004 16109 270
10004 27248 271
10004 13495 289
16109 34929 468
49563 24677 473
24677 13807 283
24677 21510 471
21510 19052 460
19052 3326 89
3326 39919 216
3326 2975 378
45497 24801 473
27465 24919 473
24919 27066 120
27066 33006 314
27066 6079 348
6079 18723 252
6079 7180 314
7180 33661 121
5727 27165 473
6588 27639 473
27639 41215 68
20780 28921 473
2478 29381 473
29381 5236 209
28281 30020 473
30020 34670 402
5793 31252 473
31252 6022 350
6022 35109 34
6022 13744 139
13744 28631 123
13744 14076 406
21182 34623 473
34623 41258 349
41258 4350 229
4350 4441 326
4441 30784 181
43776 34969 473
34969 37999 280
10754 35318 473
49808 36962 473
37792 38039 473
38039 27398 69
38039 40492 202
38039 15099 218
38039 41450 349
41450 37240 269
37240 34635 143
37240 41844 191
31180 38909 473
49265 40392 473
40392 30193 84
30193 7012 215
40392 45264 394
7916 41460 473
5083 41981 473
41981 32323 172
7152 44244 473
19063 44643 473
44643 3330 220
38231 46447 473
46447 25252 221
46992 48526 473
25725 2340 474
32722 2678 474
16506 4016 474
4016 37126 349
37126 17905 373
35131 4362 474
4362 47379 210
4362 47253 337
810 4754 474
4754 8372 172
8372 20483 10
20483 46922 113
298 5532 474
2060 6648 474
6648 7069 327
7069 26435 317
26435 36423 333
36423 30674 362
30674 44867 17
30674 25923 340
11180 10295 474
10295 22857 119
5925 11182 474
17987 12644 474
35472 12658 474
3430 17212 474
12388 18330 474
18330 29101 301
41799 18606 474
21420 23950 474
20313 27237 474
9952 28206 474
13639 28843 474
34732 29088 474
29088 4897 361
4897 8824 131
3766 29293 474
5934 31093 474
15592 31787 474
45699 34432 474
34432 43244 264
25948 36384 474
36384 34216 340
34216 42887 200
7907 36551 474
19843 38120 474
29412 39569 474
17820 40233 474
43272 40243 474
40243 28244 156
8029 42378 474
18241 42862 474
42862 18360 264
18360 15387 233
41252 42968 474
19064 42992 474
33038 43143 474
43143 20027 162
11600 43286 474
26942 44251 474
44251 48201 472
41286 48238 474
555 3067 475
3254 4872 475
4872 13143 161
4872 8190 192
8190 27156 167
27156 2373 291
27156 12808 308
12808 12164 22
5658 5161 475
5161 20126 169
20126 42618 375
9508 6524 475
41572 8163 475
14442 8252 475
6798 8441 475
8441 15568 117
335 9972 475
10548 10592 475
10592 41096 236
49162 10880 475
10880 24955 45
7476 11803 475
10874 13458 475
45570 13575 475
13575 16357 272
16357 36251 98
34136 18103 475
18103 36788 170
10338 19500 475
19500 40948 412
40948 25938 71
25938 10666 368
40961 21371 475
17462 21417 475
33142 22407 475
6403 23600 475
97 26392 475
26392 22366 462
45755 26711 475
26711 38633 155
38633 42420 195
42420 43355 83
36776 26973 475
32869 27499 475
27499 31115 25
47223 28897 475
31929 31314 475
31314 28596 281
26594 31666 475
20899 33407 475
33670 34393 475
34393 17446 299
46052 35257 475
21837 39202 475
39202 42456 130
9586 40602 475
40602 41004 341
12779 40945 475
22831 41578 475
41578 49230 241
49230 40060 281
9281 42033 475
19658 44655 475
37070 45594 475
18871 45954 475
37181 48173 475
4767 49102 475
22610 49646 475
5188 1384 476
5781 2381 476
44739 2721 476
3642 3594 476
8511 3829 476
3829 28675 122
3829 18216 137
18216 45388 450
18216 19611 472
9088 3983 476
11546 5129 476
9776 7607 476
938 9715 476
22742 10541 476
10541 15489 379
6961 14998 476
27411 17149 476
11344 19155 476
19155 29132 96
34625 20404 476
20404 26669 122
20404 21243 336
38780 23585 476
24193 27162 476
1622 29321 476
16 30306 476
49018 31216 476
44659 32036 476
12888 33920 476
22867 34275 476
34275 15811 396
42407 36157 476
36157 13170 66
13170 32016 173
13170 41321 324
42020 38127 476
35504 38835 476
2124 39682 476
47268 39863 476
39863 8859 337
9826 40248 476
40248 42881 249
25013 40268 476
1934 41653 476
2725 43441 476
43441 7654 59
37936 44197 476
26140 45653 476
23158 46277 476
326 49395 476
33523 49856 476
49856 16890 321
10265 7436 477
7436 5273 137
6133 10332 477
49586 10479 477
41662 10720 477
9451 11066 477
11066 49237 54
49237 36762 369
36762 39961 13
39961 48609 6
36762 10484 372
10484 32251 397
5631 12601 477
7845 13683 477
11671 13984 477
32487 14335 477
14335 44169 22
44169 43721 86
48140 14909 477
14909 16395 263
16395 8357 128
8357 30440 278
16395 32758 312
32758 39760 22
39760 12511 132
8126 15080 477
15080 30649 404
17900 16090 477
4447 17264 477
12333 17567 477
17567 22619 219
31605 18395 477
18395 22791 415
22791 46800 446
46800 32471 453
18395 3469 476
44961 24418 477
24418 46805 448
17032 24488 477
24488 42228 213
42228 46932 257
46932 46883 283
23229 26641 477
16092 27040 477
27040 9430 462
17342 29742 477
21072 31709 477
4393 33547 477
33547 40039 283
43653 34955 477
34955 38290 266
38290 44672 69
38290 8904 252
8904 37399 310
37399 12941 351
33230 38614 477
38614 38845 365
17722 39436 477
46348 42190 477
42127 42479 477
39801 43800 477
41462 44189 477
23246 44818 477
42082 46009 477
36043 46974 477
46974 27513 431
13000 49420 477
44021 49593 477
45542 657 478
657 42592 74
42592 31001 323
31001 45473 313
2701 3040 478
3040 18352 204
18352 40743 319
189 3678 478
15885 4132 478
649 7217 478
21324 7613 478
866 8979 478
1037 10337 478
10337 47014 121
10337 14743 220
3920 12260 478
9077 14621 478
3481 15353 478
3177 16292 478
10935 17940 478
26683 18767 478
18767 18483 356
4918 19212 478
16158 20130 478
20130 28849 219
8936 25142 478
17799 25221 478
25221 45277 80
45277 15067 140
15067 16703 190
16703 18444 414
896 26477 478
6576 29502 478
30094 31382 478
25682 33240 478
834 34513 478
16878 35175 478
8014 35207 478
42766 36579 478
35322 36921 478
31511 43074 478
11084 44368 478
44368 21481 135
44368 13424 155
21481 37086 467
8526 44708 478
44380 45317 478
24827 47429 478
47429 47647 54
12494 49152 478
49152 22134 332
22134 10032 306
49152 15668 430
10221 49303 478
33900 621 479
621 853 316
7166 3495 479
3900 4044 479
4147 5399 479
40558 6613 479
34796 6721 479
6721 4747 41
6721 40038 255
40038 18815 353
356 7231 479
7231 24900 107
38167 8893 479
8893 19354 253
29388 8908 479
8908 5492 48
5492 23283 45
11932 14577 479
14577 17063 468
17063 48775 460
3217 14737 479
14737 43489 52
14737 18422 331
15214 14868 479
10909 15898 479
6106 16851 479
577 17564 479
12076 17865 479
17865 34272 156
34272 20557 99
42 18766 479
18766 19312 368
19312 49537 25
13863 19290 479
19290 16279 82
16279 32535 97
16279 2948 147
19290 32136 455
10491 22260 479
8176 23493 479
23493 35088 219
35088 6705 21
1894 24044 479
24044 27851 187
22255 25069 479
24527 26743 479
16107 27154 479
27154 47340 124
27154 22271 370
34933 27327 479
21138 27631 479
27631 12284 292
12284 36481 61
12284 6899 224
6899 16348 132
16348 27264 101
12284 26629 296
6652 28542 479
28542 10518 425
10518 35486 15
10518 6644 234
25308 31726 479
33414 32762 479
15176 33628 479
33628 12322 189
21241 34082 479
757 34614 479
29700 36599 479
39812 36922 479
36922 44491 443
6606 37198 479
37198 7963 434
26267 38229 479
38229 41017 151
41017 7142 213
38229 14365 228
34858 38425 479
38425 46074 247
46074 20328 253
45313 39644 479
21286 39981 479
39981 26785 8
25495 40522 479
22481 41104 479
18296 41445 479
1283 41717 479
41717 29151 385
32281 41742 479
4544 43407 479
43407 18133 37
18133 38407 108
38407 16005 141
28552 45133 479
14291 47599 479
47599 16745 314
16745 14139 41
44371 48535 479
23044 1961 480
1961 20531 3
2370 3445 480
6207 3630 480
3630 10355 126
10355 23894 50
3630 15648 127
15648 29220 212
10355 25284 277
25284 38568 47
2135 3916 480
3916 10818 95
10818 13021 465
7235 4225 480
4225 5551 54
5551 28502 253
4225 33843 362
5551 31651 466
47714 8331 480
2875 8907 480
4387 9154 480
9154 49961 175
8889 11936 480
11485 12254 480
12254 25441 60
12254 28870 205
34589 18327 480
18327 44522 83
18327 20421 137
20421 42838 7
49252 18505 480
24093 19475 480
19475 14468 368
14273 22999 480
1883 23299 480
35078 25292 480
39115 27962 480
15323 27975 480
2407 28180 480
3938 28934 480
3716 32565 480
47294 32886 480
32886 18019 251
39023 32925 480
31890 33214 480
9162 33456 480
33456 34781 25
34781 41520 62
49821 35138 480
21841 36693 480
10891 37152 480
19875 37401 480
27339 37843 480
10544 38970 480
13862 40436 480
36000 41037 480
39486 41057 480
32772 47423 480
2036 47781 480
31645 3052 481
3052 31164 169
22605 4542 481
18394 4548 481
4548 34507 466
34507 35360 70
45675 6238 481
27759 7222 481
7222 46461 409
46324 8897 481
8897 17862 6
17862 28203 292
8897 45180 373
3685 8917 481
8917 14792 109
14792 10599 431
17151 9639 481
9639 33246 246
17039 10678 481
10039 11222 481
9686 12521 481
12521 45874 330
37712 13404 481
40791 14527 481
18407 15005 481
15005 39017 167
8396 15758 481
15758 21201 217
21201 22505 185
22505 22631 382
22631 37226 52
37226 11499 324
22631 49359 413
49359 16156 312
10772 16195 481
16195 45188 197
42392 18190 481
46440 20597 481
20597 10712 306
13356 21547 481
33290 21630 481
37420 22754 481
22675 28928 481
21864 31266 481
31266 39859 37
2989 32211 481
32211 40721 214
40721 42805 89
23705 32903 481
40687 33626 481
33626 36827 356
36827 42153 254
36827 21704 447
39817 36119 481
23745 36835 481
6149 37416 481
37416 46616 353
29181 38076 481
12687 38578 481
13032 43853 481
13246 44401 481
11423 46323 481
43785 46410 481
12553 46767 481
4022 49447 481
49447 24733 296
42594 49849 481
21617 2491 482
2491 18545 40
2491 26397 193
1701 3399 482
7293 6464 482
40923 8842 482
16863 10938 482
32109 14802 482
14802 31466 182
6976 15476 482
15476 15474 182
15474 6050 261
6050 4110 296
4110 4046 285
324 15931 482
15931 28782 226
15822 16128 482
24716 17673 482
48333 18592 482
49084 19575 482
19575 37749 87
37749 20518 304
20518 19551 101
19551 32832 158
20518 37556 331
37556 42369 9
42369 45516 97
37556 45246 102
42369 47675 388
19551 25922 402
19575 38259 427
38259 34378 400
34378 10532 263
10532 25126 34
10532 43654 185
43654 45872 87
35436 20333 482
20333 6532 71
6532 37970 245
1106 21165 482
11181 22883 482
13834 25771 482
25771 9147 36
25771 13986 249
14725 25937 482
25937 27573 407
27573 25919 250
27573 29941 375
3213 27858 482
27858 14889 292
33874 28082 482
5959 31574 482
16698 33399 482
21599 33475 482
33475 21648 34
33475 35569 266
15782 36042 482
36042 40989 66
3314 36915 482
20909 37292 482
46519 37772 482
37772 39777 307
40429 38080 482
38080 38013 141
38013 32856 133
32856 44959 345
11776 39655 482
2163 40888 482
34363 41111 482
3363 41834 482
16426 43845 482
43845 3924 424
3924 12045 285
37226 44618 482
17981 44685 482
44685 11943 86
44685 44903 354
22291 44942 482
19938 47132 482
29897 47135 482
34095 1551 483
48873 6075 483
34470 6194 483
34160 7778 483
19411 8123 483
8123 1279 432
5362 8887 483
13519 13978 483
14950 15146 483
39348 19846 483
19846 33884 209
33884 1172 327
1172 12716 97
1172 39178 165
32020 23981 483
48056 25349 483
25349 16850 218
3005 27762 483
32852 28085 483
1422 28185 483
21020 29266 483
29266 41542 148
7304 30941 483
27832 31593 483
22447 33225 483
15885 33514 483
27825 37259 483
11120 37649 483
43266 38879 483
38879 41958 374
41958 31199 296
14712 39208 483
18391 39498 483
5282 39873 483
33046 41061 483
11265 41179 483
5791 42198 483
46923 42955 483
22853 43428 483
43428 476 118
476 43294 76
16354 44349 483
31688 44831 483
5123 45432 483
48469 46549 483
12281 48794 483
17437 48947 483
48947 35584 92
48947 29332 326
29332 33216 6
29332 31802 132
48947 16453 448
16453 10419 133
966 49483 483
31653 1967 484
1967 40560 427
40560 13512 256
13512 40913 472
17258 2777 484
21077 5125 484
5125 42238 212
42238 32951 357
32951 20578 61
5125 10999 431
17141 6847 484
6847 7748 372
6847 7966 400
7748 11350 458
1650 7626 484
11092 8103 484
6929 8840 484
8840 36707 242
28478 10500 484
1813 10897 484
1442 11131 484
29841 11372 484
37423 11374 484
2419 12253 484
19397 13865 484
13865 29859 224
25068 15357 484
28457 17083 484
17083 27112 113
4563 19049 484
39364 20459 484
2682 23460 484
5380 23789 484
1232 31492 484
48189 31812 484
31812 34287 365
5526 32544 484
20079 34869 484
34869 15689 237
15689 38325 32
38325 12565 84
12565 47428 186
47428 37304 103
7860 35355 484
10864 36025 484
36025 42117 379
18739 36593 484
37951 37228 484
26537 38059 484
15753 38389 484
38389 48812 234
48812 47457 244
45174 42873 484
42873 41645 469
35029 43338 484
31296 45115 484
16064 46367 484
20074 49024 484
49024 15741 7
49024 22017 174
49024 29875 343
49024 39692 397
39692 34912 202
12667 49070 484
49070 7106 7
39616 637 485
825 1181 485
257 4411 485
4411 9288 38
25530 5692 485
5692 19462 187
22178 7300 485
7300 35866 352
7300 7413 434
7413 8160 219
11291 8459 485
1036 8517 485
6510 14924 485
10153 15380 485
15380 15591 148
13479 18564 485
31615 19041 485
19041 14188 138
14188 28201 6
19041 46166 180
46166 18956 129
14188 15042 199
19041 15688 230
3379 19223 485
30922 22176 485
22176 28551 131
28551 40769 72
22176 26243 321
21858 23668 485
23668 34265 34
1861 25659 485
1533 26889 485
8212 27199 485
19545 27505 485
27505 10607 338
10607 25185 320
14005 28172 485
14085 28786 485
28786 37113 2
15023 30102 485
28379 31719 485
27005 32567 485
2898 32767 485
4444 33803 485
35796 35190 485
22438 38334 485
9806 38625 485
26146 38722 485
38722 48048 250
48048 16885 400
1094 39772 485
39772 36769 301
11534 39904 485
39904 11783 188
11783 16379 8
10151 40438 485
15615 43911 485
43911 48533 431
48533 42754 354
42754 29675 242
29675 40642 153
29675 35985 422
20872 44902 485
49449 46689 485
26048 47019 485
37959 47367 485
38448 47389 485
21594 47642 485
27977 49918 485
29042 1849 486
1849 3841 295
3841 7713 129
3841 5525 223
5525 8716 273
3841 13910 384
1334 4368 486
4368 19003 392
1852 6913 486
46986 8912 486
8912 8291 166
8291 19773 196
19773 41305 269
7736 14101 486
20809 14198 486
15551 15492 486
36833 15833 486
14112 15942 486
15942 6470 11
13409 17474 486
17474 44474 28
29490 17903 486
17903 16039 441
16039 14578 393
14578 28158 472
28158 15640 188
15640 15381 203
28158 38273 355
38273 7573 307
13739 18222 486
283 19496 486
16552 21169 486
21169 32879 84
47020 26970 486
3118 28969 486
28969 38843 90
35108 30381 486
30381 19670 261
19670 11378 152
35899 31901 486
11801 32077 486
32077 33169 65
32077 48771 442
47680 33576 486
32596 33849 486
33849 31376 292
31376 7606 327
20484 36041 486
10489 36235 486
36235 48904 158
36235 39504 389
42516 38657 486
38657 18992 17
18992 37830 407
17970 40076 486
18557 41596 486
26888 41944 486
41944 48663 313
41944 43199 469
43199 36974 60
36974 7677 6
36974 37754 169
38835 45289 486
45289 36155 84
37678 45449 486
14375 46728 486
39242 47851 486
47851 12988 9
12988 25662 108
47851 41271 114
47851 19044 165
19044 27008 116
25662 32340 212
32340 36863 260
18559 48752 486
9576 49026 486
13724 49775 486
9381 701 487
701 2274 272
701 7549 477
9857 5216 487
29863 7951 487
7951 29539 462
36274 8316 487
8316 14684 274
22639 9407 487
33609 11321 487
41315 13490 487
13490 16668 13
3166 15846 487
7398 16137 487
26449 16399 487
16399 10110 156
10110 25014 220
4515 16650 487
25329 18566 487
14126 18842 487
30016 21669 487
21669 15247 154
15247 26259 435
25857 22182 487
22182 29605 403
11041 24966 487
24966 42781 73
41420 25205 487
2394 27224 487
27224 48737 206
27224 38048 331
36136 28827 487
28827 26857 195
26857 20774 242
4036 28958 487
26580 30888 487
14507 31682 487
35799 32405 487
44465 34809 487
13327 34984 487
424 36375 487
17936 36381 487
36381 13237 478
44969 40672 487
11844 41963 487
4391 44370 487
1438 45328 487
29452 45808 487
31001 46535 487
10592 47584 487
47584 27710 282
31565 47977 487
47977 21142 306
21142 23126 103
43108 48570 487
4890 2458 488
2458 30267 252
6536 3438 488
38971 6555 488
6555 348 189
25106 6866 488
19915 8092 488
8092 6455 198
8092 9794 311
6455 20733 344
342 11473 488
26704 11933 488
10709 12715 488
7094 13845 488
15516 14176 488
9984 14403 488
14403 6907 220
9620 15336 488
15336 40189 17
4918 20245 488
29346 20600 488
16433 21356 488
41306 21607 488
19507 21906 488
13169 23713 488
23713 22413 237
22413 13830 49
1780 28492 488
28492 40442 127
43477 29524 488
845 30500 488
27839 32866 488
17474 33697 488
33697 48028 354
16454 33851 488
5618 39794 488
6951 44617 488
30218 46366 488
18354 9030 489
22071 10362 489
10362 6806 485
7613 12418 489
5388 13825 489
13825 32098 463
32644 14441 489
12136 14481 489
14481 23903 141
14481 23092 338
23092 25124 130
23092 11616 346
11616 4624 375
4624 3511 291
46765 15040 489
1592 17279 489
25797 18039 489
4958 18132 489
2200 20162 489
20162 40872 222
40872 46471 260
46471 40887 170
40887 45832 399
2800 20403 489
33818 21737 489
21737 46683 412
35469 22029 489
2245 22325 489
19707 22969 489
30638 24808 489
24808 12034 23
28700 27964 489
27964 25476 244
25476 41788 356
27964 12239 480
12239 27480 218
27480 30351 319
30271 28864 489
28864 22236 410
28551 29971 489
24856 30656 489
14735 30851 489
17279 33280 489
13754 33430 489
40102 33750 489
18028 36195 489
36195 36150 291
36150 47877 374
47877 30182 190
5575 36765 489
36765 35290 479
31726 38819 489
38819 44706 41
22756 39684 489
26852 40290 489
19402 41314 489
4011 44195 489
44195 45577 147
45577 16119 378
44195 22323 382
22323 45490 273
5490 44517 489
44517 18242 395
44517 15777 479
15777 7848 278
7848 13784 196
13784 1348 395
1348 238 90
1348 12892 409
12892 46533 259
46533 1879 363
27305 46999 489
24146 47431 489
21352 47569 489
25970 48119 489
22679 48363 489
32955 48496 489
896 48632 489
48632 49860 323
49860 16282 483
30018 49416 489
32319 49889 489
49889 48411 198
49889 48568 463
17054 1808 490
18541 2383 490
2383 7229 189
2008 4192 490
37421 8475 490
8475 39926 325
39926 41073 31
8475 16816 404
16816 10702 310
10702 47283 257
47283 20910 109
3090 9001 490
9001 48522 157
47953 11898 490
11898 44167 136
11898 9709 393
9709 36390 277
9709 34073 375
48932 13567 490
7180 13748 490
13748 32050 256
32050 18292 1
32050 33659 75
33659 42716 272
22092 14689 490
14689 43238 296
12445 14704 490
1951 15044 490
6198 16247 490
15595 17214 490
17214 44450 87
11939 26150 490
26150 22031 188
22682 28705 490
22388 34497 490
34497 11491 30
16789 35255 490
35255 31146 57
35255 47499 391
10553 36655 490
25013 38596 490
48146 39403 490
40660 39589 490
39589 26582 93
22365 40382 490
5273 40503 490
40503 39173 287
1529 40516 490
12903 41116 490
33104 42019 490
42019 36312 146
2515 42498 490
17743 42555 490
26518 44842 490
4513 45725 490
32546 46244 490
9899 46688 490
39905 47505 490
47505 42250 390
23107 47935 490
29749 48044 490
48044 18200 311
1107 3362 491
3362 6596 179
6596 14015 299
8391 4353 491
4353 44009 454
4353 8586 462
44009 13528 486
27494 4528 491
4528 36407 46
18430 6765 491
14249 8374 491
1099 9632 491
9632 10146 355
23546 10639 491
10639 26283 107
10639 9532 304
11514 12996 491
11062 13326 491
8137 13605 491
2002 14926 491
6878 16768 491
9786 17421 491
17421 2606 148
43572 17853 491
17853 17436 482
14922 23043 491
1664 23787 491
17359 23911 491
10989 23920 491
481 24009 491
32370 26976 491
8177 28052 491
3976 28501 491
5877 28513 491
7392 29991 491
4188 30206 491
30206 30213 172
12551 30531 491
30531 17393 291
30531 34599 310
30531 9098 365
9098 13144 104
13144 11752 204
9098 5890 216
5890 34322 58
34599 3029 387
9098 39371 461
39371 36341 130
36341 9225 337
9225 9320 354
16355 31400 491
11951 32812 491
42610 32937 491
35377 36875 491
36875 30240 56
36875 12198 396
48194 37976 491
8928 38899 491
13350 40608 491
40608 1251 9
1251 44279 105
1251 38280 379
1251 24008 402
13043 40671 491
37628 40696 491
46691 41927 491
356 45521 491
19343 46331 491
43046 46530 491
46530 41407 401
41407 39825 70
25165 46583 491
6902 48847 491
34858 49667 491
507 626 492
626 31495 151
1416 1554 492
1554 31940 365
30163 2285 492
6472 4054 492
8078 7412 492
7974 8910 492
3831 11738 492
16093 12512 492
21630 12817 492
3174 13062 492
36722 17103 492
17103 43095 102
23199 20331 492
7137 23095 492
32597 24655 492
34261 24713 492
1681 25047 492
2400 27249 492
27249 22381 405
49994 27746 492
5651 28077 492
33068 29343 492
29343 13270 260
29343 46837 403
46837 27749 44
27749 21688 245
49844 32194 492
32194 10804 217
10804 33035 441
33035 13732 53
26220 33617 492
33617 12757 95
1120 34662 492
21319 35973 492
36853 38492 492
39755 39852 492
26646 41058 492
41058 33036 116
14812 42124 492
18835 43022 492
11673 43087 492
43087 14396 156
14396 15345 419
34618 44367 492
34864 45444 492
34143 48788 492
20349 49260 492
28316 49323 492
33624 49755 492
36565 7284 493
32829 8456 493
8456 49138 276
7573 10261 493
1486 11318 493
26070 15499 493
15499 44141 300
44141 6035 213
6035 9820 407
9654 15871 493
15871 31526 121
15871 24992 352
24992 35381 156
15871 12326 360
12326 24274 31
35381 47974 487
39066 18876 493
7330 19511 493
19511 47056 132
47056 37660 367
19500 19913 493
49689 20091 493
17065 22705 493
48559 24914 493
7595 26276 493
26866 30997 493
30997 41804 147
40441 31017 493
31017 39867 68
44331 32230 493
32230 7383 342
40535 32671 493
846 35012 493
37992 35031 493
2270 36971 493
36971 15391 437
4740 40706 493
49611 47694 493
27497 48772 493
2427 943 494
21420 2426 494
2426 2959 326
2959 19917 369
19917 41660 438
37217 5045 494
17447 9492 494
14264 12187 494
21060 13330 494
5801 14780 494
4778 16864 494
16864 45098 287
21045 18048 494
12721 18743 494
42944 21899 494
34012 22004 494
34796 23181 494
23181 26936 237
26936 37096 114
37625 23456 494
15788 24115 494
41786 25113 494
29169 25294 494
24924 30910 494
29675 30936 494
30936 29281 351
29281 44850 359
19053 31035 494
29348 31785 494
43025 32051 494
49092 34024 494
44989 34101 494
5722 34465 494
34465 7410 157
7410 31054 227
31054 39010 152
39010 41241 250
39010 29889 374
3233 35750 494
4672 36064 494
34792 37656 494
37656 22442 276
22442 49792 319
37656 31334 420
30044 38482 494
35873 40796 494
24930 41182 494
25939 44720 494
35448 45111 494
15748 46000 494
46000 39706 428
9324 46298 494
41817 46608 494
27237 47382 494
28875 49184 494
805 2451 495
4498 7429 495
4217 8373 495
8373 21857 253
21857 44536 238
44536 16378 276
3898 8926 495
8926 15373 477
24425 9441 495
21901 10538 495
3203 11841 495
11841 40918 343
41194 12075 495
12075 38215 281
38215 35570 347
35570 2965 347
11642 12936 495
5785 15996 495
15996 42317 365
38583 17596 495
17596 19881 327
10083 19168 495
7997 20667 495
20667 42052 388
18995 20824 495
20824 49192 167
18468 21122 495
12171 22083 495
27523 22829 495
22829 24745 225
22829 27900 462
27900 28403 148
27900 20651 353
20651 8224 441
8224 11818 184
38543 24125 495
20690 24353 495
15940 25259 495
5559 26533 495
26533 44310 426
27960 27719 495
15772 29537 495
9161 30592 495
9887 31404 495
15265 31440 495
38460 31602 495
37940 33401 495
33401 12570 107
12570 7877 176
33401 41248 258
31985 34346 495
33301 34800 495
34800 43617 230
8238 35433 495
35433 26054 455
37673 35876 495
35876 18291 161
2055 37168 495
31116 39388 495
29259 39934 495
6413 40891 495
7127 41109 495
7853 41343 495
31790 41738 495
18692 43493 495
12380 44539 495
47149 47137 495
22517 47893 495
47893 10022 461
10022 9040 376
9040 17289 77
9040 890 211
890 17296 127
17296 11251 244
890 1491 291
30592 48738 495
4362 3095 496
3095 33464 122
17108 6732 496
6732 24403 372
24403 35891 278
1873 6955 496
6955 49869 33
7190 8151 496
30042 8520 496
48384 10230 496
16151 10416 496
10416 322 33
322 4538 364
4538 44666 141
30410 12094 496
1288 12316 496
12316 36454 266
36454 10127 53
10127 1972 284
48218 14568 496
10574 14971 496
14971 24680 83
1189 15677 496
36831 16880 496
16880 47615 442
47615 854 273
854 15630 298
15630 42714 54
15630 49011 140
42714 39887 168
199 17224 496
17224 10111 486
17224 47593 487
47593 34919 489
34919 12738 231
5820 17708 496
18618 18158 496
18158 43669 218
17789 19322 496
1312 20464 496
39213 20656 496
12633 20700 496
20700 33879 200
5040 20827 496
4997 21306 496
21306 39536 149
35273 22597 496
29551 23083 496
42647 23352 496
23352 9101 436
23352 48277 438
20085 24108 496
4080 24912 496
16006 25393 496
25393 22671 268
42735 27030 496
45884 28126 496
28126 43819 398
46602 30324 496
21108 34053 496
15999 35410 496
35410 17146 313
12150 36870 496
36870 26772 26
36870 14205 248
14205 19099 87
26772 22314 482
8250 37736 496
24017 40152 496
44817 41594 496
27671 41616 496
41616 33548 42
41616 6365 307
17930 42263 496
35094 42345 496
24867 43804 496
45441 44626 496
33561 46449 496
47669 47938 496
3594 4228 497
13703 4832 497
4832 37698 346
11948 11873 497
26734 12573 497
11617 12734 497
10363 15790 497
15790 23571 415
20746 16709 497
16709 1693 247
16709 33016 450
23546 16985 497
16985 26472 420
46414 17230 497
14436 17267 497
12362 17433 497
8647 18679 497
38868 19951 497
37230 22998 497
4503 23226 497
23226 42472 443
48399 24668 497
15209 24726 497
12539 28446 497
13737 30368 497
27152 30645 497
30645 13888 191
13888 33175 375
1174 35051 497
17680 35529 497
16843 35598 497
35598 44027 295
24367 37036 497
39007 38793 497
25322 39425 497
5011 41169 497
13064 45921 497
45921 12098 184
12098 15128 395
15128 14706 403
14706 36254 439
21354 48467 497
6577 49289 497
49289 49176 164
367 5042 498
5042 43711 32
5042 40781 201
5042 10475 403
10475 38199 113
38199 43598 337
10475 24993 465
24993 34118 352
1778 5319 498
5319 23791 356
23791 29747 30
23791 26539 267
26539 1789 183
9073 6605 498
6605 4665 171
4665 32727 247
6605 9579 325
37119 7688 498
7688 40004 387
40004 4419 44
40004 40235 381
7688 47373 415
344 10511 498
10511 42487 117
9556 11170 498
738 11717 498
4155 13440 498
13440 8286 244
8286 7072 224
7072 39624 350
13495 13781 498
13626 14785 498
15044 14885 498
37569 14995 498
14995 27468 172
27468 6949 338
7220 15308 498
15308 743 427
15308 22156 465
4198 15816 498
12919 16410 498
14862 17005 498
9389 17541 498
4468 19591 498
16831 22495 498
22495 39399 266
39399 9992 386
8948 22834 498
40997 22972 498
10225 26207 498
15254 26351 498
14337 31195 498
14409 31424 498
555 32848 498
32848 42453 67
32848 39557 287
42453 33502 366
33502 19311 12
33502 1953 252
1953 3476 94
3476 12685 233
1953 44535 254
17133 34051 498
18572 35084 498
35084 19754 225
3260 36894 498
467 37638 498
48854 37885 498
10207 38096 498
412 39984 498
7007 41143 498
41143 36983 245
36983 48702 236
48702 36985 237
21984 42602 498
42602 47173 261
47173 17846 98
40149 44954 498
40823 45343 498
3057 46333 498
46333 22443 367
46333 10285 381
29903 47339 498
47339 19150 405
13986 47559 498
2386 2565 499
30492 6089 499
29261 9032 499
9032 16098 359
16098 48390 409
48390 5358 455
5358 19870 65
19870 14576 129
14576 40720 495
49254 10997 499
10997 16571 51
25542 12902 499
12856 13256 499
3754 15061 499
15061 26975 374
26975 25135 175
26975 40559 346
25135 19739 369
25135 7949 452
7949 4253 18
15061 44725 459
15061 41611 484
41611 10663 46
41611 931 176
931 380 28
380 15223 458
15223 41047 84
41047 46624 96
15223 3246 269
3246 34423 137
34423 47261 57
34423 47350 148
47350 26327 19
15223 21101 274
47261 45686 361
45686 3539 91
3539 20844 157
47261 46710 386
47261 33955 419
3539 19162 430
40559 38556 496
28344 15355 499
15355 11941 245
15355 39526 462
39526 45780 353
45816 15754 499
15754 2870 371
15754 3872 394
9317 19790 499
24044 26014 499
11613 26430 499
22042 26756 499
26756 34676 113
34676 30374 64
34676 15662 81
34676 22185 200
22185 39323 56
35705 26777 499
26777 36796 35
2760 28783 499
33757 30085 499
5111 30220 499
30220 13648 368
20047 31183 499
21797 33320 499
1756 33962 499
25151 34925 499
39242 35299 499
35299 33791 157
35299 37098 317
5773 37020 499
20823 38075 499
38075 46062 235
21833 39177 499
23594 39530 499
39530 9514 56
7686 43141 499
43141 30482 155
1167 43414 499
43414 38371 430
36667 44558 499
44558 2871 341
2871 5243 428
17904 48198 499
9993 49151 499
49151 48346 213
35994 49654 499
5221 1431 500
1431 3097 217
1431 44305 299
1798 3607 500
46281 5001 500
8634 7819 500
7819 44765 328
10484 10283 500
3793 11283 500
11283 29396 36
34417 13421 500
40931 14708 500
22925 18556 500
38503 22555 500
30038 22997 500
22997 6579 210
6579 4135 110
4135 14581 61
4135 41064 214
4135 26100 336
26100 41587 276
41064 34526 354
4135 31235 423
41564 24494 500
39867 25359 500
25594 25672 500
17351 25993 500
17735 26460 500
5521 27740 500
7145 28367 500
12431 30004 500
1361 31441 500
31441 33559 53
31441 46201 72
30598 32041 500
15186 33652 500
33652 11475 355
11475 12913 333
11475 13026 455
13026 49731 494
49731 6661 209
6661 7820 19
6661 13882 301
6857 35001 500
28210 35808 500
35808 20834 38
20834 21824 199
21824 23728 268
20834 12725 364
12725 48922 78
23728 2063 455
2063 30056 388
17575 36716 500
36716 6030 249
31343 38956 500
20494 38969 500
10745 39613 500
3885 41235 500
42707 43902 500
14235 44999 500
44999 7731 284
7731 32367 40
7731 19364 106
19364 11247 147
7731 32990 310
32990 43841 216
2513 46522 500
46522 10066 413
10066 18106 370
33263 47351 500
49290 48010 500
48010 39272 207
39272 25554 462
14206 48094 500
2742 4719 501
4719 44156 275
44156 35260 430
858 4864 501
4864 40026 455
4864 7831 494
1793 5214 501
39494 5957 501
34641 6200 501
21338 7973 501
7973 526 84
17215 8191 501
8191 16805 330
16805 31600 112
9687 10060 501
37579 11358 501
24642 14731 501
7000 15006 501
12844 15218 501
8348 15261 501
15261 21922 384
9364 15913 501
40412 19179 501
19179 12623 14
21289 20829 501
20829 46596 231
20829 26509 235
35097 22455 501
22455 34308 11
22455 25876 429
25876 43844 219
999 24120 501
24120 41880 306
15959 25667 501
42975 28425 501
32411 32650 501
32501 33745 501
32419 34138 501
34138 48982 170
48982 38789 453
17964 36792 501
35820 37719 501
15879 38627 501
2751 38799 501
25731 39393 501
4594 39788 501
45993 40308 501
17474 40826 501
40826 25026 86
15649 41447 501
41447 38160 161
41211 43268 501
17174 43568 501
40148 43872 501
47806 44123 501
8055 44520 501
23844 47324 501
47324 46442 233
46442 47191 282
47191 40019 387
17796 48223 501
18328 48321 501
367 49738 501
8632 49991 501
49991 36791 50
11514 1241 502
9288 2739 502
2739 30630 218
30630 6920 239
35578 8777 502
8777 27453 410
27453 29216 147
19642 8924 502
8924 13278 165
24827 10154 502
10154 24064 95
14399 12084 502
26815 12408 502
2593 12468 502
12468 27890 47
12468 16579 48
27890 45310 101
12468 30986 230
12468 12110 407
12110 5308 76
12110 10483 187
5308 22401 271
5087 12532 502
8894 12889 502
12889 21661 9
24301 14390 502
14324 15632 502
4283 16016 502
16016 31774 159
16016 13098 426
16016 34729 466
34729 44793 218
44793 17576 51
17576 18059 87
18059 22623 209
44793 6227 303
15227 16416 502
16416 22494 159
22494 31893 235
8617 19939 502
27756 22448 502
20449 23081 502
23081 23965 266
34359 24135 502
24135 27202 178
27202 43250 288
9044 24634 502
34247 26311 502
26311 8845 95
8845 8700 402
8700 17403 63
8700 46945 216
26311 45480 492
18335 30225 502
30225 44463 397
44463 19798 41
11690 30854 502
30301 31425 502
27709 31763 502
1654 32226 502
23964 32629 502
32629 41376 206
31384 35635 502
40773 37146 502
37146 5349 425
5349 27916 416
21575 38950 502
38950 28586 1
46679 39189 502
39189 28297 27
11830 40801 502
39015 41190 502
3564 42142 502
42142 22691 495
22691 12985 325
22025 43382 502
43382 18455 236
38467 44084 502
44084 22703 143
22703 43052 30
16013 5522 503
46464 5997 503
35491 8010 503
255 9452 503
9452 25361 242
9452 18948 469
18948 35852 216
38592 9495 503
9495 41774 267
9495 21370 452
6220 10191 503
48135 10319 503
23698 10343 503
4681 13805 503
13805 15599 4
38804 15358 503
6063 15979 503
15979 16936 347
15979 18658 418
3081 16587 503
16587 39838 236
5870 17473 503
45478 20917 503
20917 8959 87
8959 27270 171
27270 41353 461
20795 23532 503
23532 39124 448
23728 24738 503
42586 26106 503
26106 25612 29
26106 13473 416
18604 28170 503
5631 30261 503
13838 30688 503
30688 33351 243
9466 32420 503
10659 34032 503
17043 34584 503
15659 34591 503
34591 49110 403
29549 36156 503
9735 36318 503
5407 37349 503
30086 38687 503
32467 38713 503
38713 37948 350
37948 35924 197
37948 35676 300
38713 33504 378
33504 5327 30
5327 1759 377
1759 565 265
45855 42826 503
30080 43752 503
43752 46629 204
46629 27891 410
5237 44802 503
15048 44824 503
26928 45618 503
11374 47146 503
46643 48940 503
1814 2659 504
2659 33452 141
2659 263 192
2659 41540 404
3513 5050 504
10806 9059 504
9059 23289 243
10585 12334 504
13036 12501 504
9990 15392 504
15392 28471 153
28471 46560 371
47147 16701 504
16701 39293 200
5833 17795 504
16625 18420 504
39634 19051 504
19051 28320 114
28320 33273 40
32721 21349 504
3027 22924 504
21921 25879 504
25879 46531 284
13795 26622 504
26622 33224 385
33224 4497 194
4497 12447 167
33224 16938 213
16938 17334 174
9644 27894 504
4785 28948 504
28533 29367 504
29367 32822 424
32822 5007 80
5007 3880 106
3880 7649 296
3880 38049 407
38049 32032 442
32032 15539 34
15539 48222 369
39445 29618 504
29618 15255 419
15255 42991 1
7286 32289 504
1636 32810 504
23293 36719 504
36719 27538 252
10359 37275 504
37073 40104 504
34139 43062 504
4728 43990 504
31142 44097 504
12291 44467 504
35282 45609 504
15093 46849 504
46849 43280 297
3023 3477 505
2413 3818 505
30984 3842 505
3842 25352 174
25352 14878 401
4277 4718 505
6158 8128 505
8128 36175 91
17036 12516 505
12516 14149 74
14149 21377 73
21377 44229 28
12516 45788 178
45788 14301 121
14149 39502 433
2001 13255 505
13255 21873 307
21873 23938 36
21873 17577 367
17577 27243 276
16301 13416 505
27663 13645 505
5878 16839 505
11664 17068 505
41999 17150 505
17150 19270 460
49497 17548 505
23029 19201 505
2510 19308 505
25657 19503 505
37773 19708 505
26934 25979 505
25979 44510 308
26888 27178 505
2130 32668 505
27986 35216 505
35216 43415 21
43415 38128 320
34518 36086 505
14377 38445 505
9253 41465 505
331 41920 505
41920 36489 287
12180 42329 505
14382 45192 505
9930 48463 505
875 49433 505
49433 25751 118
839 1220 506
2151 4682 506
4682 26024 98
26024 38507 166
38507 24068 22
26024 14616 237
17620 5920 506
5920 41833 468
2006 6795 506
1953 6804 506
6804 15823 28
6804 43846 190
6804 13896 436
43846 49116 498
44202 7379 506
11268 7856 506
7856 15451 248
15451 11902 53
11902 19110 110
19110 35716 400
22218 8818 506
16346 9303 506
20031 10545 506
43809 13833 506
7639 15467 506
5150 17635 506
17635 43233 328
41015 18212 506
3304 20276 506
46770 24830 506
24830 19202 238
39933 27770 506
29836 29417 506
48520 29557 506
29557 36409 467
9525 30145 506
27606 31002 506
42006 33895 506
33895 15111 401
15111 38771 105
15111 28656 140
28656 35293 352
5716 35389 506
36899 38846 506
32452 39003 506
20074 40265 506
4219 41953 506
3309 42137 506
23522 42351 506
2306 45912 506
31190 46403 506
26103 46617 506
11983 48169 506
48169 35637 36
429 49746 506
49746 44811 144
44811 30904 76
30904 8515 196
13430 2566 507
4031 5609 507
27446 6332 507
5526 6759 507
2750 7176 507
7176 42230 429
42230 33794 428
33794 29368 369
29368 11382 275
11382 16490 229
49367 7841 507
25414 8562 507
40099 8656 507
24128 12328 507
32408 18620 507
37205 19314 507
15649 20759 507
46549 21535 507
34025 27263 507
27263 44293 196
5993 27641 507
21704 29008 507
22950 33390 507
27721 33969 507
30965 35197 507
39563 35413 507
35413 49010 162
35413 18645 360
18645 37406 482
37406 5016 41
5016 40969 175
5016 35956 213
35956 41702 80
41702 45722 496
45722 45052 136
45722 41461 379
41461 31551 267
31551 31278 158
31551 45817 293
31551 23926 427
9294 35511 507
9387 37174 507
30444 37572 507
8502 37899 507
37899 30838 429
29040 38719 507
26258 38751 507
38751 43124 402
23145 40896 507
1874 42096 507
29768 43216 507
6234 43569 507
42825 45613 507
45613 47462 99
30606 45861 507
45861 38233 382
24305 48351 507
16151 48960 507
9852 49342 507
2740 49756 507
13631 49892 507
49892 44221 338
14178 49934 507
4480 8095 508
19325 10509 508
46461 10752 508
28953 11592 508
36046 13460 508
38294 14537 508
5780 14769 508
14769 24982 298
10047 16916 508
10703 20377 508
20377 25786 157
20377 47640 238
20377 32897 285
47640 40958 328
14631 21964 508
44706 23233 508
23233 22894 248
14472 23681 508
16397 23915 508
740 25606 508
15263 25846 508
18716 26979 508
78 28248 508
48591 30833 508
30833 33408 76
33408 48053 218
48053 37414 63
33408 32442 318
33408 40959 334
2724 31451 508
28730 32875 508
26135 33185 508
6475 33777 508
27811 35239 508
21904 35441 508
35813 42446 508
24372 43706 508
5470 43989 508
33190 46232 508
49666 47479 508
22475 48561 508
40998 48743 508
5265 1678 509
3648 4508 509
4508 24942 126
26330 5357 509
5357 2888 345
2888 26585 233
2888 37346 237
37346 31157 288
4697 9449 509
3420 9536 509
9536 25234 36
25234 45997 164
45997 38463 247
38463 39014 166
6208 10212 509
21167 13607 509
31568 14147 509
31228 14914 509
19602 15556 509
11906 17670 509
17670 19824 442
24821 18540 509
217 18605 509
3749 20124 509
20124 33728 323
18782 20285 509
20285 6769 12
17369 20848 509
20848 49917 11
28440 21702 509
21702 27982 77
27982 41658 424
5506 22582 509
19919 27605 509
27605 21694 84
21694 16761 151
11250 29307 509
31222 29406 509
33064 31662 509
15442 32586 509
34884 35788 509
30038 35888 509
35888 36708 264
36708 49315 259
21774 36072 509
30719 36890 509
36890 23895 127
22173 40407 509
20063 40605 509
298 42218 509
42218 38823 60
42218 14765 112
49007 42449 509
47398 44323 509
1282 45296 509
45296 42745 278
45296 48361 439
41618 48107 509
5135 48331 509
1672 48365 509
24118 48835 509
28106 49791 509
5750 3113 510
15742 9744 510
9744 25505 91
9744 9316 446
2899 12101 510
6751 14032 510
16497 15054 510
15054 35739 84
15054 35473 400
25808 15127 510
13050 15884 510
9688 17856 510
17856 16349 30
7877 18491 510
18491 28747 182
8699 20214 510
20214 16060 416
6022 21432 510
43111 21838 510
21838 18015 20
1594 26200 510
26200 44159 499
15020 27049 510
894 27503 510
27503 28972 250
22367 28270 510
28270 44501 302
9863 28608 510
24760 28829 510
28829 10786 378
10786 49933 135
10786 24692 355
645 28997 510
34607 29236 510
16318 29777 510
14366 31300 510
20954 31335 510
34982 35633 510
5994 36684 510
28253 37409 510
11036 39989 510
3206 41841 510
7331 46133 510
46133 31809 255
31809 6763 96
6763 15420 395
15420 29914 364
6306 46981 510
31934 47439 510
47439 34418 405
34906 48783 510
22013 49229 510
4214 49668 510
762 935 511
4035 4976 511
38483 6687 511
6687 13406 132
13406 26086 422
17205 7463 511
7463 26370 406
26370 45973 499
5703 8069 511
8070 11438 511
8279 11492 511
11492 40978 49
40978 9181 38
24448 12460 511
12460 4195 498
26711 15039 511
9339 16224 511
14213 16543 511
11370 16791 511
3875 19188 511
19188 44438 145
19188 24480 217
16407 20259 511
20259 22228 472
11009 21438 511
21438 48728 367
48728 35901 385
12956 21460 511
47853 25484 511
13235 28187 511
28187 8661 412
15264 33683 511
16890 34103 511
1453 35589 511
35589 25281 153
35589 45729 280
5709 37538 511
33593 39752 511
39752 36253 182
36253 9739 148
13771 42993 511
35828 43336 511
43336 46398 127
47468 43505 511
37163 43757 511
43757 49431 186
19258 48792 511
20471 5984 512
8751 10409 512
233 10456 512
10456 34593 41
30914 15002 512
15002 13808 354
13808 15280 232
15002 14487 401
15002 17306 505
20067 15310 512
15310 13355 87
47456 17909 512
3911 19300 512
19069 20669 512
1659 20906 512
6197 21496 512
21496 26237 417
31218 21499 512
21499 24450 339
21499 36014 423
29330 24698 512
46538 26390 512
26390 27940 114
14895 28509 512
28509 43473 474
19590 32752 512
13994 33588 512
22829 33619 512
31010 33983 512
31574 38573 512
45609 43442 512
26273 44067 512
44438 46425 512
506 253 513
253 21423 381
26335 420 513
1002 1086 513
1086 40950 37
1086 9595 120
9595 19086 183
1086 5191 380
5191 27145 288
27145 20165 200
32309 1405 513
4256 2070 513
35984 2957 513
2771 2968 513
2968 24212 175
9241 9696 513
29456 13204 513
13204 13310 466
3778 14408 513
14408 25304 187
14408 15266 262
14408 22468 463
2109 14479 513
14479 49346 15
14479 14549 462
22725 15429 513
15429 13102 158
13102 38177 280
44837 15441 513
33701 15701 513
15701 27583 432
5791 17500 513
17500 23466 13
17500 31326 189
4399 18554 513
19610 20537 513
20537 28965 388
39918 20815 513
20815 17153 21
17153 38732 156
20697 21180 513
44401 22479 513
13425 24070 513
23666 24772 513
19955 26388 513
21458 27928 513
47291 28215 513
2312 32717 513
21251 34298 513
34370 35768 513
35768 41942 163
11616 36531 513
36531 10410 489
10410 37812 372
28931 38372 513
33377 38962 513
7993 41074 513
41074 13793 410
13793 14004 328
7254 41857 513
43473 42413 513
29237 43411 513
1250 46284 513
46284 21281 93
20259 48125 513
48125 28566 258
28566 2849 26
2849 5132 368
28566 41883 402
41593 48999 513
48999 3996 302
41490 2978 514
2978 35780 438
7197 4794 514
4794 5337 398
36901 5049 514
20244 5865 514
13365 10121 514
10121 11596 241
8721 10940 514
10940 25583 119
29467 13776 514
13776 14670 397
13776 40259 507
40259 15721 168
17710 14640 514
23339 14940 514
29193 17396 514
17396 10857 220
10857 21223 188
21223 46075 242
1115 24362 514
39518 26811 514
26811 9270 429
9270 11285 335
11285 7717 413
7717 49754 482
25937 29485 514
28142 30789 514
35317 31907 514
7083 36500 514
36500 40952 412
7575 38476 514
38476 45785 71
45785 30706 345
33308 39035 514
28690 40927 514
40927 39721 469
39721 32328 52
11293 41264 514
30009 41538 514
41538 23178 64
20124 41574 514
41574 36110 336
36110 25829 333
5337 42074 514
5295 42871 514
9515 46963 514
25324 47372 514
47372 46047 89
46047 36814 55
36814 43396 292
24312 48512 514
48969 1774 515
1774 35219 452
35219 44158 386
25790 5567 515
22991 10840 515
3718 11057 515
44878 11137 515
11137 19942 344
19942 47665 468
47665 11735 17
11735 31023 62
31023 17119 73
31023 43118 314
43118 24959 280
12182 14220 515
2033 15571 515
15571 37795 432
37795 16469 393
5480 16980 515
670 17078 515
13299 17990 515
35677 21771 515
21771 24905 255
21771 32654 511
32654 42537 250
42537 24124 132
42537 35179 346
32654 25710 475
3902 21843 515
7603 23747 515
14419 26015 515
8181 26025 515
10535 28939 515
6705 36661 515
36661 17657 369
18923 39314 515
25775 41452 515
4035 41529 515
2953 42326 515
20155 46473 515
46473 48177 309
48177 44798 254
1465 47200 515
34313 47637 515
24414 48216 515
21197 3204 516
4578 3957 516
3957 20448 149
3957 24606 155
3957 2338 470
2338 41779 447
5056 7761 516
5525 9614 516
19472 10435 516
10435 18159 422
18159 21618 302
1850 12383 516
1965 13486 516
13486 27893 24
31931 14380 516
657 17187 516
10258 17699 516
12890 17975 516
43996 19815 516
19815 45589 278
19815 33067 314
38159 20314 516
37366 20645 516
21279 21058 516
4991 21069 516
12960 22902 516
22902 18704 452
10919 22941 516
13842 24473 516
30577 26927 516
26927 11695 283
41503 27051 516
15167 31262 516
34024 31865 516
31865 47375 239
47375 10026 134
10026 10884 209
47375 36503 489
36503 42466 7
9338 32616 516
14468 33649 516
9068 34659 516
42964 35072 516
35072 17662 284
25847 38077 516
2691 38930 516
38930 42929 262
42929 31766 139
31766 35061 288
35061 33013 132
14792 39316 516
39316 38847 412
40189 40141 516
35584 40802 516
30001 41168 516
9846 44806 516
7951 45240 516
45240 13020 59
45240 35128 96
13020 4171 299
4171 2233 53
4171 44634 347
44634 25457 204
35128 44091 472
16415 45272 516
12154 45807 516
45807 40726 416
15274 46300 516
15095 47488 516
23654 48086 516
37644 48966 516
14127 49727 516
16387 4904 517
18109 6092 517
19844 6136 517
4467 6419 517
20338 7871 517
20681 8752 517
4554 9295 517
42566 10346 517
48738 10481 517
10481 13076 59
10481 33797 465
33797 23308 372
23308 20102 137
5940 10894 517
49254 11243 517
11243 45590 20
45590 43783 123
13909 13384 517
12979 16052 517
32846 16447 517
16447 18414 138
18414 37620 444
37620 38154 423
2088 16884 517
16884 48440 352
11424 17951 517
17951 5268 403
5268 14688 165
14688 29864 237
5268 11166 265
29864 45574 270
5268 20622 327
13783 18092 517
34613 19142 517
19142 18104 40
1977 19698 517
3906 23468 517
5373 24012 517
22954 24018 517
18603 24459 517
23337 24533 517
36059 24813 517
24813 22970 300
40435 25146 517
25146 34558 26
25146 49867 34
13478 25642 517
44372 25988 517
22245 26540 517
26540 29184 411
29184 12390 28
12390 24753 79
24753 33152 94
33152 48164 96
24753 49758 276
44413 28647 517
151 28885 517
28885 31139 287
31139 23665 134
48521 29426 517
4952 32156 517
21533 32448 517
14988 32489 517
32489 43747 221
20124 33086 517
3567 34335 517
14416 34797 517
34797 40473 452
7936 35700 517
35700 14237 81
2522 35886 517
22501 36015 517
9818 39483 517
6579 40636 517
40636 27076 263
27076 36278 448
20028 42840 517
48177 45845 517
45845 29521 56
29521 8277 406
1633 46017 517
32597 47943 517
27004 48640 517
38371 49251 517
45850 3939 518
3939 5753 489
3416 7882 518
4356 11305 518
11305 42205 467
42205 45601 177
11305 22100 476
9252 11359 518
11359 37713 29
37713 37122 194
11359 26251 252
11359 5834 289
4249 13628 518
13628 17464 224
17464 7185 353
17464 33402 491
33402 35872 423
39934 15563 518
23219 15710 518
15710 34039 363
555 18801 518
25419 20463 518
1402 21689 518
18426 21897 518
11730 23622 518
27877 23941 518
23941 14499 361
14499 8622 72
14499 48378 150
48378 40763 143
14499 30520 379
30520 11954 112
11954 11117 159
30520 35651 217
6838 24723 518
48853 27830 518
27830 46037 135
27830 32859 157
14690 35593 518
35593 46089 2
34503 36858 518
36858 19886 377
19886 20710 230
20710 25925 191
19886 12915 281
27693 43760 518
43760 30397 434
7878 44061 518
44061 20567 349
5930 44624 518
41823 45312 518
45312 47435 435
4149 47836 518
47903 49368 518
30288 49448 518
7891 819 519
819 28303 84
8338 6341 519
41984 14303 519
39274 22739 519
12652 23400 519
23400 38791 346
38791 2568 213
29178 25218 519
10220 26281 519
26281 23072 262
23072 14402 237
23072 26945 456
26945 18916 162
44085 27787 519
43906 28311 519
28311 41890 273
24529 28880 519
36006 29130 519
29130 21851 128
18140 30487 519
16952 32076 519
48512 33307 519
284 34424 519
12459 40029 519
40029 11497 229
36155 40650 519
35153 40689 519
35638 40949 519
10945 43970 519
31227 45248 519
1005 45862 519
32833 46161 519
6437 48131 519
48131 38717 111
42498 49926 519
49926 11086 338
11086 14099 278
14099 26689 224
11086 29636 398
423 1350 520
1350 35733 149
33214 4814 520
1623 8028 520
7225 9003 520
14560 9217 520
9217 6480 136
8528 9262 520
19879 15522 520
2145 19307 520
19307 28042 306
39645 19616 520
37977 20277 520
20277 28112 194
15556 20301 520
20301 47015 298
19969 23620 520
27670 24500 520
47457 25331 520
25331 19268 126
137 29063 520
174 32186 520
3095 33012 520
18372 35184 520
36744 35356 520
35356 17377 440
39996 35443 520
29945 39238 520
25137 40324 520
40324 22135 400
31658 41177 520
14341 41360 520
24432 44492 520
44555 45122 520
22121 49916 520
204 1731 521
1731 11721 86
9379 1792 521
1792 20089 140
1792 15356 241
1792 46143 295
413 2378 521
2378 6817 166
6817 46187 202
818 2667 521
12007 3494 521
9385 15851 521
30774 16833 521
16833 41676 206
26802 21992 521
20134 24956 521
40856 24991 521
24991 47564 510
47564 32476 83
47564 37838 102
47564 49980 457
36687 25230 521
4790 25886 521
9505 27160 521
17990 28029 521
28029 20184 67
28029 13055 134
20184 41495 271
20184 41637 337
18479 29407 521
25740 31453 521
23975 32308 521
24077 32693 521
16284 33485 521
33485 47579 260
35229 34810 521
16296 37325 521
5640 37494 521
37494 9221 246
37494 47459 351
45235 37924 521
37924 31347 329
31347 35669 363
35669 32918 321
49359 41092 521
129 41422 521
30272 42350 521
30198 45958 521
18547 46959 521
25923 48936 521
31139 49392 521
49392 1430 367
6821 1374 522
4378 2019 522
2019 20308 108
2019 1143 434
1143 5432 7
5432 7522 17
7522 46288 171
46288 44508 379
1215 4564 522
4564 29986 163
4564 5927 189
4564 17974 468
17974 5240 9
5240 6484 285
24 5429 522
5429 3941 70
5429 27208 71
3941 405 396
44059 7270 522
8755 9803 522
9803 11385 263
11385 11724 62
6987 13749 522
2364 16865 522
21688 16949 522
16140 19665 522
19665 21317 481
36669 24363 522
19859 24874 522
24874 22484 254
10378 25674 522
27753 26377 522
38122 26735 522
47023 27104 522
27104 32844 303
32844 15206 257
10940 28453 522
28453 23315 345
11995 28539 522
28539 48020 99
45700 28600 522
28600 24039 447
40000 29688 522
7571 30350 522
35510 30407 522
30407 28578 312
30407 4126 360
4126 3745 366
14459 35555 522
35555 25450 453
1072 38299 522
38299 31006 213
31006 40185 473
28664 38441 522
38441 49332 515
538 38638 522
45193 40041 522
24647 40126 522
40126 45953 174
12548 42017 522
22984 43636 522
11109 45306 522
45306 36526 42
33145 45957 522
5056 46951 522
46951 6773 504
6773 38403 263
913 3102 523
3102 12126 411
42539 4175 523
26692 4462 523
4462 14756 406
14756 18822 58
3381 5619 523
5619 13686 226
13686 22651 405
22651 4716 230
22651 37488 368
37488 832 193
26326 7757 523
7757 4417 500
19145 9915 523
30401 10889 523
10889 17144 310
42162 12575 523
12575 42234 64
12575 7896 114
12575 42571 479
24161 15367 523
29725 15840 523
15840 18052 432
1086 16488 523
31366 17676 523
1368 18668 523
18668 48767 354
18668 44390 501
2357 19002 523
19002 16797 209
16797 17287 194
17287 7372 33
17287 41589 253
7372 34983 284
41589 40198 302
1282 19861 523
31493 21571 523
20710 22021 523
18376 27364 523
27364 35882 311
5322 28105 523
28105 27059 80
3268 30883 523
4754 31430 523
22072 31858 523
31858 47520 29
13293 33539 523
1350 33763 523
17778 34404 523
8310 34595 523
13371 36648 523
5231 36705 523
36705 24142 104
24142 6880 186
36705 22463 414
19164 36755 523
46227 38149 523
1196 38362 523
47858 39438 523
33967 42170 523
33731 44080 523
29303 46203 523
36972 47774 523
47774 35802 261
47774 23771 331
6456 48405 523
21580 48811 523
119 618 524
31970 1719 524
1719 4768 326
5464 5208 524
26878 11183 524
11183 38004 326
10991 12026 524
20160 12540 524
12540 27772 27
27772 19912 140
12540 31079 174
12540 28183 447
11748 13257 524
13257 13812 26
13812 38521 129
38521 49678 188
13812 43797 463
43797 49088 172
1051 14048 524
36314 15037 524
15037 22938 424
22938 49627 262
25836 16276 524
20036 17824 524
37446 19832 524
20644 23477 524
13663 24622 524
24622 44273 489
44273 14190 384
40479 24720 524
32283 25282 524
25282 3788 378
3788 1741 118
1741 14989 225
14989 22026 13
31195 28818 524
5135 29160 524
13562 30815 524
473 31123 524
31123 26845 415
13666 31496 524
31496 40107 49
40107 45882 389
16669 33130 524
11077 34524 524
34524 46211 397
46211 3540 202
34524 39397 434
31635 34897 524
34897 44131 332
44131 49983 330
21336 36479 524
36479 38092 273
8035 40697 524
6425 43160 524
5363 43194 524
27206 43426 524
25209 43795 524
43795 37133 156
37133 28146 308
31465 45425 524
19489 76 525
76 365 295
76 28614 308
44902 2923 525
136 6225 525
6225 24650 125
6225 36676 435
14076 8039 525
12453 10244 525
10244 26630 374
6450 15140 525
21685 18304 525
43672 18977 525
18977 34452 393
24963 19382 525
19382 42998 323
17317 21434 525
21434 45170 163
34249 23806 525
5970 24122 525
47109 24736 525
30962 25056 525
42283 25853 525
25853 32969 155
25853 39166 160
39166 21345 463
21345 40557 304
37284 26864 525
26864 49967 263
5940 27607 525
1940 28145 525
39893 31667 525
34918 34461 525
34461 8759 455
34057 38584 525
38584 47150 252
31197 38948 525
38948 19664 34
29650 39282 525
39282 48281 66
32112 40164 525
9384 40992 525
15656 41291 525
9299 42312 525
14039 42863 525
28553 46525 525
46525 34532 183
14686 47216 525
32126 49818 525
1 18 526
34844 7922 526
30652 11550 526
3980 13571 526
45741 14163 526
14163 37336 367
21397 14825 526
27579 15974 526
19297 16168 526
16168 10037 120
9371 16171 526
16171 18827 125
16171 14226 260
16171 22793 449
6905 18978 526
18978 31428 274
20196 20887 526
1149 22226 526
19472 22862 526
29544 22930 526
46534 28136 526
28136 38347 254
11843 29459 526
39656 30709 526
30709 34570 485
23357 31455 526
1170 36665 526
35179 37715 526
17477 39131 526
30653 40851 526
26975 41200 526
41200 48527 223
48598 42883 526
42883 15731 9
15731 18752 332
6360 43632 526
43632 37389 210
37389 33072 192
38867 44645 526
9390 44673 526
44673 36221 88
663 49061 526
27494 49249 526
46805 3631 527
1812 4029 527
4029 20340 463
45971 5285 527
5928 6507 527
6507 45467 285
6507 38444 495
24542 7439 527
661 8620 527
5393 8985 527
28919 10522 527
10522 39384 221
18753 12827 527
15638 14903 527
14903 13108 405
13108 49615 501
5656 18029 527
39069 19248 527
19248 17229 198
1827 22034 527
32220 22812 527
35008 25545 527
48413 25902 527
23567 26962 527
14987 28197 527
28197 12848 492
12848 39462 427
39462 7863 46
21624 28416 527
28416 31022 289
31354 29377 527
29377 32548 107
32548 11254 75
3874 29724 527
18112 30800 527
15666 30895 527
30895 6243 303
6243 10070 37
30895 49404 379
42906 31850 527
39818 34088 527
34088 23866 200
17698 34902 527
15008 35567 527
35567 13137 366
13137 30256 264
13137 25757 504
19503 36001 527
10881 37629 527
10615 38618 527
15120 44604 527
27483 45245 527
29965 45970 527
45970 46012 73
1590 46121 527
31531 46214 527
44503 47736 527
48399 49502 527
16099 6363 528
6397 7377 528
7377 45434 16
45434 30399 110
45434 25994 521
1582 8631 528
8631 20885 193
8631 19988 214
8631 32777 319
32777 28233 310
28233 36363 427
5285 9080 528
9080 16149 9
6987 11582 528
3664 12133 528
42731 14021 528
14021 19724 108
24768 15606 528
15606 34580 87
34580 43341 138
11969 17062 528
17062 39037 228
8492 22960 528
22110 23509 528
30377 25655 528
20459 25661 528
46258 25983 528
25983 39058 513
42968 27236 528
11793 29643 528
18782 30286 528
18031 33296 528
48341 36587 528
23790 39562 528
12560 42349 528
28385 43152 528
103 43197 528
13191 43514 528
15308 45486 528
170 46141 528
8656 46394 528
45787 48289 528
44302 2799 529
21970 4898 529
16102 5440 529
4664 5473 529
5984 7442 529
9137 7501 529
5609 14242 529
4657 17222 529
17222 21380 178
17461 22781 529
42956 23963 529
31255 24614 529
18595 25187 529
27862 25585 529
12610 26198 529
26198 44570 469
8299 26890 529
41112 30114 529
41633 31128 529
31128 38109 57
38109 42368 211
42368 49697 207
38109 39480 218
39480 37714 417
38109 30419 516
7426 32179 529
5023 33143 529
33143 47658 251
25320 33643 529
33643 3251 311
3251 3302 147
30206 34596 529
5333 35979 529
30871 36354 529
36354 27919 269
27919 46625 89
36354 20840 280
32840 38145 529
5141 41678 529
34814 41878 529
29716 46435 529
23368 48364 529
3684 4730 530
4730 5404 486
5411 5917 530
6096 6125 530
6635 8220 530
7505 9910 530
28682 10994 530
31654 13224 530
13224 14059 143
13224 18153 314
8395 16363 530
6397 16883 530
16883 15477 232
15477 49569 28
49569 21049 508
22949 17693 530
18900 21145 530
13882 21328 530
2312 21903 530
24061 22382 530
42830 23854 530
4226 25225 530
25225 47887 69
25225 21548 170
25785 27171 530
8406 27702 530
45180 31168 530
31168 30133 40
25929 31958 530
27320 32009 530
15410 32675 530
32675 36501 361
23248 36711 530
36711 15629 331
36803 37360 530
37360 40475 322
37360 4194 333
4194 42481 31
22504 38062 530
3017 40875 530
17708 41931 530
42087 43955 530
16966 44334 530
14419 46307 530
30657 46373 530
40458 47097 530
3078 47888 530
11809 2126 531
2126 4603 80
2039 3124 531
3124 20007 355
3124 36961 404
7485 4103 531
10497 5724 531
8759 5966 531
19400 8253 531
8253 26621 304
26621 47783 314
10361 8265 531
8265 6082 58
7500 10774 531
10774 13104 59
13104 22207 112
10774 27260 508
2052 12287 531
23414 15425 531
3384 16043 531
24736 16336 531
6277 18378 531
28135 18774 531
17791 19749 531
8872 20294 531
20294 25907 405
25907 7098 164
7098 6080 207
1819 23027 531
5380 26362 531
2655 26413 531
26413 37511 50
37511 39828 169
27207 27657 531
8217 29075 531
43821 32556 531
7545 32935 531
49840 34621 531
34621 23140 467
36555 34777 531
10098 40217 531
43206 41222 531
41222 34581 87
41222 13652 361
13652 4088 205
34581 48498 510
41222 9642 519
9642 12846 46
9642 9661 522
9661 1213 345
1213 11304 193
1213 2486 501
32516 41454 531
41454 49589 289
49589 32374 314
32374 36210 217
11523 43042 531
45906 43753 531
33816 45094 531
31985 45454 531
32122 46382 531
46382 40782 232
945 2208 532
2208 47170 281
2208 3175 411
3283 4133 532
3428 4525 532
4525 26829 524
706 6445 532
2225 7258 532
44782 7553 532
27305 7823 532
9543 9538 532
9538 7628 393
7628 40554 137
7628 26891 267
7628 32584 519
44252 9827 532
21790 11561 532
11561 33647 151
33647 33841 434
11561 36594 444
36594 26040 170
743 13298 532
6476 14345 532
10224 15434 532
15434 19466 444
15434 25534 524
45653 18836 532
30300 21176 532
24016 21325 532
21325 1995 108
18996 23677 532
36204 25112 532
19124 25279 532
3838 25454 532
25454 18055 153
13759 27116 532
10024 27459 532
27459 42476 482
17748 28176 532
9133 28673 532
28673 42296 439
42296 49169 89
26498 29916 532
18766 30319 532
30319 31499 306
10007 30951 532
44746 32632 532
878 32728 532
36676 33473 532
17214 33963 532
27406 35384 532
11635 37018 532
9883 37889 532
6439 38051 532
38051 40784 174
40784 43413 407
43413 23549 209
23549 46595 358
46595 11483 482
33320 39091 532
33970 39325 532
24839 40140 532
40140 44183 436
44183 32087 502
32087 41989 337
22770 42858 532
5861 43161 532
13635 45934 532
11739 46914 532
31771 49242 532
29538 6539 533
27247 12963 533
6509 13206 533
23889 15162 533
8855 18099 533
14561 18639 533
8079 19478 533
19478 38191 17
38191 35333 302
23552 19692 533
27821 20882 533
20882 43972 319
43972 42578 391
42578 9549 214
43972 48475 414
21269 26406 533
22727 28482 533
3152 29805 533
40005 29920 533
18710 31121 533
1396 36572 533
33774 38986 533
26643 41050 533
28659 46320 533
48638 47044 533
16962 48813 533
5690 49453 533
9804 49602 533
49602 49468 505
49468 48415 423
2484 3142 534
33300 5270 534
4717 6073 534
5256 7489 534
7489 14654 257
8251 8375 534
8375 12883 201
28746 9535 534
9535 39032 303
9042 12845 534
7972 13010 534
41476 13913 534
2480 15364 534
530 16289 534
10329 17126 534
17126 25045 261
25045 7449 116
42875 20816 534
30562 25090 534
25090 22402 208
4500 27754 534
24626 30122 534
32734 31328 534
31328 31277 448
31277 7931 201
27940 33723 534
13997 34731 534
34731 14447 351
1715 34957 534
17624 37995 534
37399 39532 534
39532 44365 448
43797 39994 534
39994 46241 101
39994 34736 522
9397 40037 534
14321 43253 534
28333 45043 534
29659 45276 534
41489 47850 534
4171 47959 534
47959 48329 431
9308 48312 534
17920 48639 534
34450 49221 534
49221 49360 31
22122 49317 534
4277 3578 535
1986 4687 535
4687 32910 437
17478 4704 535
4704 32456 520
20939 6754 535
12209 7583 535
48628 8458 535
12786 9652 535
27947 13933 535
13933 14506 32
13933 40357 186
40357 10117 400
10117 16108 384
16108 40940 227
40940 5944 183
8074 16599 535
8229 17322 535
17322 39175 403
4367 17326 535
2126 17591 535
17727 18542 535
36528 20964 535
31361 21545 535
16196 24714 535
24714 2668 51
2668 4764 531
10915 26108 535
36437 26320 535
28170 27137 535
43619 28031 535
20036 28854 535
10321 30311 535
30311 20428 129
20428 26061 219
13601 31194 535
31194 1003 511
1003 31472 224
31472 35583 326
1003 5706 331
9616 32035 535
20253 32794 535
11304 34058 535
43140 36683 535
36683 22239 489
22239 9658 530
7092 38081 535
35752 43786 535
43786 30543 225
30543 44489 534
44489 37235 230
37235 32059 477
34058 46126 535
28295 48339 535
34121 48968 535
26399 49239 535
37905 49472 535
32559 49538 535
1569 7036 536
15083 7598 536
8911 8963 536
4497 11186 536
22871 12290 536
12290 26324 212
12290 5108 467
11944 12987 536
9157 14672 536
4485 16464 536
14769 16871 536
16871 27408 351
16871 40711 526
3711 24799 536
24799 48785 147
27668 25684 536
6888 26931 536
20620 29719 536
29719 35463 317
18587 29936 536
16426 30503 536
35458 31310 536
13876 31663 536
8387 32113 536
41118 33282 536
5403 34728 536
18102 35818 536
30999 41430 536
41430 30757 454
30757 33109 425
33109 25177 29
18742 41545 536
35459 43556 536
43556 37845 104
37845 43031 39
43031 5819 302
25379 43924 536
33054 48417 536
48417 11068 212
16955 48840 536
24842 49297 536
1992 5463 537
6585 5469 537
41501 6469 537
5808 8741 537
7483 9524 537
9524 18307 121
18307 33926 304
18307 27470 430
6892 11100 537
11100 25080 370
2557 11820 537
28741 12170 537
7029 13002 537
21270 14536 537
31930 16538 537
16538 41998 144
41998 49768 35
41998 12529 70
12529 37540 62
16538 30862 210
49768 26696 247
26696 10270 446
36445 18792 537
20964 18951 537
34103 19633 537
48536 19836 537
218 20409 537
35992 20452 537
13932 23821 537
23821 35438 321
8023 25408 537
23019 26122 537
26122 25133 286
33429 26974 537
39479 27279 537
16673 27910 537
27910 19231 28
27910 32376 64
32376 18832 36
27559 28423 537
11876 30671 537
9641 32120 537
18261 32161 537
23312 35787 537
3576 36362 537
31554 36617 537
4702 40234 537
2681 40619 537
11083 40986 537
40986 38414 475
49460 43667 537
41536 45610 537
42132 45743 537
45743 41082 526
5991 46304 537
46304 10467 335
10467 30488 137
34659 48416 537
48416 15460 237
13560 49878 537
2173 5283 538
5283 13899 307
6395 7681 538
1883 8001 538
7376 9115 538
9115 17725 396
17725 20410 213
20410 47967 170
29056 14962 538
4214 16401 538
16401 46582 80
36583 16580 538
16580 44210 4
9006 16594 538
27714 16906 538
27564 20033 538
8730 20296 538
10927 21150 538
21150 31859 397
2675 21707 538
21707 12740 271
12740 21234 12
12740 19883 97
19883 44056 365
44056 9331 68
24024 22636 538
41942 23543 538
36055 23978 538
23978 7307 409
7307 23760 98
7307 5761 237
5547 24406 538
24406 46647 373
7688 26670 538
26670 18284 107
12412 26918 538
10713 29334 538
12110 31585 538
21681 33422 538
20927 33695 538
33695 13300 192
13300 40850 441
44589 33814 538
33814 25254 11
25254 49811 230
5800 35895 538
24973 36213 538
21531 36813 538
36813 4357 231
21832 37310 538
12016 39162 538
18316 40416 538
5928 42515 538
42515 18380 254
42515 36666 338
36666 11742 148
11742 26853 55
18380 41938 445
2318 43997 538
9098 46890 538
19658 48055 538
48055 31396 155
8909 48213 538
696 2320 539
26157 5070 539
23088 7125 539
14464 7586 539
7586 6895 65
14537 7720 539
7720 17578 405
48459 10861 539
28680 12463 539
12463 16964 465
16964 34326 334
469 12994 539
11457 14244 539
14244 19717 171
38486 16947 539
38573 21313 539
21313 30637 399
26267 27269 539
27269 48750 426
17743 30117 539
30117 49452 35
49452 23150 491
2767 30799 539
10211 31307 539
9937 37910 539
26456 39947 539
39947 24676 404
16839 40874 539
30929 41173 539
13469 42066 539
49156 43312 539
43312 48652 517
5969 43571 539
49562 45909 539
45909 44030 402
31442 46164 539
33525 47511 539
28915 49769 539
14952 1736 540
1148 3856 540
1022 4056 540
11209 5053 540
7265 6324 540
6324 40277 100
15911 7053 540
6195 9540 540
7120 11030 540
11030 47252 250
11030 33298 254
33298 43257 339
11030 44272 444
18545 11666 540
8570 12217 540
7915 15726 540
15726 15464 195
15464 10576 71
34867 15775 540
13342 16598 540
16598 25211 49
45855 17145 540
17145 29563 247
17145 48656 385
48656 47787 69
47787 18717 143
11549 17741 540
44246 17915 540
7316 18114 540
18114 44562 490
44562 32891 413
17439 18219 540
1166 20288 540
25834 20476 540
20476 45448 403
2074 22383 540
7205 30290 540
528 31298 540
31298 33632 3
20987 33326 540
33326 36333 290
41230 34552 540
34716 34870 540
34870 17196 330
34870 40579 392
34870 35913 539
35913 39100 196
24324 36331 540
36331 37643 535
37643 41576 41
11319 36497 540
36497 43109 314
34258 37815 540
33474 40533 540
2068 41706 540
36481 42284 540
23020 45302 540
49796 45535 540
30865 46207 540
8495 3457 541
4016 4159 541
4159 34267 262
4159 4490 514
42361 4545 541
10024 4615 541
22786 6501 541
6501 27752 238
19622 7621 541
7621 36469 23
11707 8000 541
22179 19445 541
16553 26611 541
5157 26971 541
49182 27363 541
23487 29283 541
29283 19236 289
10969 29634 541
13473 31589 541
33408 33672 541
10465 34329 541
34329 33370 302
33370 42244 52
42244 27931 501
40905 35373 541
35373 36140 22
23777 36630 541
17625 43296 541
5852 46490 541
40801 47709 541
47709 17090 382
47709 2648 392
30640 48352 541
12247 48630 541
7825 49691 541
10515 3917 542
9116 5555 542
5555 27784 55
8689 16740 542
34125 16830 542
23565 17873 542
1191 18521 542
10464 19138 542
19138 27003 285
24431 20393 542
20393 28417 528
28417 21948 499
18533 21427 542
6023 22061 542
22061 37202 96
40690 27777 542
27777 15479 398
550 27786 542
2919 27932 542
2595 30112 542
29407 31015 542
44031 32761 542
29178 34331 542
23251 36466 542
33129 38978 542
6789 39785 542
25943 39846 542
31300 41289 542
6190 48901 542
48901 29067 249
29067 25989 132
1528 2550 543
953 2950 543
2950 10974 238
18662 8706 543
8706 11014 370
11014 37626 416
10348 8884 543
8884 41322 393
6544 10411 543
35529 12765 543
12765 12929 166
23887 15699 543
15699 18073 460
4154 17006 543
16340 17574 543
17574 32153 527
32449 17713 543
286 18247 543
35020 20020 543
38199 20502 543
13756 25127 543
35126 26431 543
23098 31583 543
9337 35755 543
27681 40578 543
17310 44607 543
37534 641 544
31439 2362 544
17404 4600 544
4600 37823 288
37823 40245 399
28738 5052 544
1817 7075 544
13818 7496 544
14064 9367 544
7469 21845 544
13280 22875 544
20568 23321 544
23321 31100 196
14541 23936 544
18771 24256 544
21640 26280 544
2629 29787 544
29787 44844 375
43865 30748 544
39346 31853 544
1350 32590 544
47030 34952 544
2123 35917 544
41223 38028 544
33898 43029 544
22781 44266 544
30640 45757 544
36935 48127 544
34841 48939 544
48939 17384 360
17384 13092 212
40966 5401 545
5401 49207 53
5401 2903 545
415 5902 545
3413 9107 545
9107 16129 378
218 9955 545
28959 10525 545
10525 8947 119
3018 11838 545
5827 12733 545
12733 37960 218
49415 13886 545
31664 15529 545
15529 17273 133
49512 22009 545
22009 16319 198
16319 38753 122
17374 23188 545
11389 24420 545
24420 8996 168
8996 14314 224
8996 48230 254
8996 46618 271
8996 27218 331
14314 28914 511
12047 27110 545
27110 1258 218
1258 21449 316
27110 16135 466
9053 27818 545
25188 28132 545
5571 28308 545
2733 28527 545
28527 9463 214
12779 30270 545
30270 46660 399
1523 30553 545
25790 31294 545
31294 10513 118
31294 19220 122
19220 39053 12
31294 6997 372
35121 31678 545
31678 42893 367
31678 42467 443
42467 41334 43
41334 28174 473
28174 23376 500
23376 30889 398
1715 34373 545
34373 39105 524
39105 27265 459
12528 35056 545
35056 44284 496
9174 37196 545
2694 37280 545
37280 26522 270
26522 17014 389
17014 34586 532
34586 48555 96
34586 8654 130
8654 6766 74
38108 39025 545
39025 44118 232
43321 39218 545
39218 16067 69
39218 33529 363
33529 4352 306
4352 16982 127
4352 7923 292
4352 26519 333
33065 39547 545
1674 41198 545
47946 41338 545
41338 17558 289
35488 41675 545
19601 43078 545
30642 45749 545
2625 46695 545
43321 49829 545
4794 814 546
28949 3547 546
3547 12520 154
12520 33325 3
22323 3559 546
16104 8033 546
2716 11727 546
16795 13455 546
25732 16868 546
7384 19415 546
10535 22103 546
1395 23073 546
5817 23306 546
42221 26529 546
1951 26757 546
18821 29200 546
29200 39764 127
12252 30022 546
15564 30564 546
30564 45538 515
48351 31245 546
18059 31791 546
31791 11857 426
11857 35165 35
35165 48167 328
31791 32185 462
11857 19657 505
9022 33678 546
33678 6802 362
6802 27174 14
27174 47186 16
7801 35620 546
9052 38739 546
14791 38755 546
26486 40822 546
31236 41434 546
20173 43643 546
47298 43704 546
43704 36610 272
22023 44693 546
44693 24307 274
18191 44901 546
9264 45350 546
37715 47840 546
40822 3490 547
3490 6746 207
5102 5468 547
17282 6767 547
6767 16124 12
6767 32198 303
16124 19474 528
1397 9071 547
9071 11332 541
11332 40936 327
11332 10594 367
27224 9758 547
9758 21527 182
21527 32547 119
25190 12861 547
13226 15844 547
5535 16611 547
19441 17695 547
327 19070 547
19070 42696 262
30749 22164 547
3850 22709 547
3768 28173 547
40076 29477 547
38755 29540 547
27817 30201 547
30201 22804 359
22804 25378 448
25378 45325 81
25378 37505 135
7175 36126 547
17143 36474 547
43561 36690 547
25353 37074 547
16229 38008 547
29528 40658 547
16581 40765 547
34559 44020 547
197 45013 547
45013 27813 296
15794 45304 547
34095 45977 547
45977 35649 441
9864 46570 547
12296 46665 547
46665 49206 57
49206 31332 231
491 10443 548
10443 29585 107
11354 10650 548
10650 18312 142
18312 16460 217
18312 24356 322
7863 13873 548
13787 16810 548
12837 17197 548
17197 17058 285
17058 35968 230
21528 18594 548
17974 19222 548
19222 45582 190
19222 30844 438
30844 49428 454
30844 31066 524
43486 22257 548
22257 45078 195
15770 22662 548
4800 25880 548
14067 29282 548
29282 9888 83
29282 46564 101
46564 23152 364
27166 32709 548
8713 34150 548
3914 34833 548
21860 35803 548
4005 36063 548
24890 41021 548
41021 3072 443
3072 32192 184
32192 43288 247
48384 44311 548
33287 44347 548
12002 44910 548
12041 46621 548
37467 48284 548
39526 3390 549
45657 3612 549
3612 8923 141
16367 4972 549
4972 4051 309
24408 8215 549
8215 28722 60
40345 8504 549
8504 26114 542
26114 16919 336
26114 25088 513
35472 10477 549
10477 18651 52
18651 25493 458
6266 11421 549
30032 12420 549
12420 11466 80
24701 13352 549
13352 3241 185
13352 18057 408
10660 15952 549
885 17507 549
26628 18041 549
48055 18652 549
35175 19205 549
13836 19229 549
10243 20292 549
14747 20347 549
1434 21082 549
21082 33493 515
17391 21815 549
15102 23590 549
23590 24711 451
35293 23718 549
13945 24355 549
41248 24471 549
21372 26731 549
26731 42792 379
10176 26750 549
8288 31608 549
167 32645 549
35507 33870 549
13943 36756 549
2442 36928 549
36280 39470 549
39470 7872 291
30277 40630 549
20570 41996 549
1147 43068 549
10427 43167 549
43167 22596 309
22596 27568 140
26588 43637 549
43637 45063 163
46920 44205 549
44205 46172 320
44103 46137 549
38286 47124 549
47124 28646 513
28646 47539 393
12774 47542 549
11281 8890 550
1874 9585 550
7935 11627 550
8512 14927 550
14927 44880 87
14927 25670 497
4799 17467 550
29023 19424 550
19424 44335 297
4174 23680 550
37233 25991 550
20137 26455 550
48787 27423 550
32875 28332 550
28332 14936 230
14936 4942 235
28332 1539 440
1539 44187 197
20279 30176 550
45789 34457 550
14745 35697 550
15552 39683 550
39683 40433 508
25667 39829 550
37200 41982 550
33263 44744 550
41708 44838 550
4682 45241 550
23650 46553 550
11594 46989 550
12321 47360 550
46660 48959 550
3251 3975 551
46641 7457 551
5325 9507 551
29085 14761 551
4529 17238 551
17238 33160 161
17238 40722 463
40722 33503 450
6442 17527 551
17527 43779 468
43779 34521 499
34521 26831 315
26831 16218 422
16218 42633 188
32073 21749 551
21749 20837 36
17621 22047 551
31823 22523 551
24694 24618 551
24618 48263 29
24618 36330 430
14693 27113 551
25072 27117 551
7246 27419 551
8244 27636 551
2421 32617 551
25476 33857 551
17142 34550 551
26736 34730 551
825 37592 551
490 39306 551
39306 30954 260
27936 41154 551
17234 43082 551
23065 43465 551
1874 44614 551
20432 46251 551
4039 49801 551
1652 5906 552
938 8753 552
9191 10356 552
1197 10892 552
9314 13266 552
45958 13597 552
13597 20627 113
20627 44111 197
19303 13735 552
13735 30342 196
16853 14613 552
14613 28580 374
23081 15473 552
15473 6265 183
8298 15698 552
15698 34085 440
24698 15812 552
15812 11124 211
16040 16773 552
16773 32917 94
32917 49114 219
48845 17529 552
116 18252 552
9259 18987 552
18987 15466 124
17936 21133 552
27049 23593 552
20995 24300 552
24300 20247 413
7631 24330 552
25833 25215 552
8112 27611 552
34019 28514 552
28514 36429 255
36429 48114 56
48114 30569 516
46965 29729 552
29729 4583 457
4583 8724 339
8724 20929 265
20935 30459 552
6579 31967 552
31967 33323 11
31967 12809 385
31517 32689 552
41210 34445 552
34445 45020 207
45020 34601 66
31633 36520 552
36520 37052 533
44660 37326 552
37326 28066 497
4641 38616 552
19374 39592 552
5577 41765 552
27164 45599 552
41490 45732 552
45732 37218 435
37218 15053 222
1016 46098 552
40639 46119 552
27043 46659 552
15281 47560 552
212 2017 553
2017 44287 271
5293 4901 553
6832 4950 553
4950 21794 456
2870 7234 553
47095 7576 553
31495 9087 553
3011 9738 553
19535 10539 553
10028 11157 553
3062 17458 553
17458 17935 374
16700 18683 553
10134 19797 553
19797 19133 241
19133 44420 196
3140 22553 553
11377 23256 553
23256 44449 214
23256 30029 445
44449 16402 455
16402 19823 242
19823 27516 208
19823 27844 462
17297 25539 553
25539 32287 190
25539 8704 270
8704 9234 117
19060 26325 553
16174 26528 553
46154 27548 553
27548 20564 106
20564 15873 288
15873 23558 122
23558 37694 48
28677 30379 553
17795 31016 553
28781 36781 553
6892 41044 553
28880 42959 553
31198 44671 553
19642 46777 553
37565 47038 553
14349 47182 553
2917 1532 554
1532 8826 46
1532 11199 47
46889 4465 554
3572 10648 554
10494 11482 554
11482 24870 212
27127 13140 554
11812 17512 554
17512 44151 329
22308 18157 554
5512 21253 554
33409 26740 554
18738 28392 554
14196 28574 554
26802 29064 554
917 32134 554
8122 35819 554
22286 37135 554
21599 38809 554
22097 39246 554
18637 39715 554
35013 41446 554
41446 48369 393
48369 13176 316
12231 49493 554
8160 9873 555
9873 24170 477
8281 11188 555
11188 19924 393
19924 28503 265
23645 13614 555
2362 14679 555
32643 17627 555
16147 22487 555
18616 24048 555
24048 49799 537
26835 27410 555
27410 33909 525
33909 37653 195
17619 31224 555
15667 31448 555
3658 32726 555
14737 33994 555
22471 34466 555
20911 36303 555
20564 36421 555
35397 36920 555
3135 37871 555
13346 38439 555
40630 40635 555
42541 42629 555
42511 44219 555
20056 46899 555
23671 47059 555
37253 48376 555
48376 14114 103
18738 3032 556
1364 4257 556
3413 4477 556
12412 13364 556
41524 14312 556
14312 48011 293
14312 4734 418
14312 46248 467
46248 11404 240
14312 19023 538
11951 14932 556
9165 16696 556
2635 17260 556
17260 17410 521
27754 19788 556
12775 21228 556
9634 21606 556
2058 22138 556
1243 24152 556
24152 46078 187
32233 26946 556
12694 27065 556
23965 33477 556
33477 46594 449
46594 8349 51
8349 44136 88
8349 23610 539
9649 33753 556
19938 35556 556
35556 24636 285
24636 8171 469
19219 38589 556
4075 42509 556
42509 8882 308
21844 42728 556
47641 43333 556
13273 45353 556
33708 45377 556
2598 47299 556
26292 48299 556
6044 49349 556
712 49714 556
531 962 557
962 1648 534
1648 19256 502
10615 1876 557
1876 1596 242
6991 3639 557
5772 8313 557
8313 27620 488
27620 25654 520
23527 8834 557
13367 9813 557
9813 35385 556
49005 10112 557
33869 10232 557
10232 10604 284
10604 46815 552
46815 39690 498
39690 39248 168
49772 16498 557
16498 6161 398
18562 18685 557
29174 19516 557
10002 20583 557
6860 22279 557
37461 24578 557
28136 27539 557
10554 28681 557
27054 29772 557
29772 16932 239
24911 34539 557
17440 38779 557
1938 39352 557
5793 41487 557
18031 48159 557
48159 44150 34
3177 4040 558
4040 37397 78
37397 26073 197
48177 4355 558
4355 35408 59
4355 46487 173
582 5128 558
5128 16032 214
5128 30960 273
5128 29837 279
5128 39697 342
42438 8242 558
16677 18720 558
46776 20433 558
20433 13929 191
10004 21691 558
15543 21949 558
21949 39000 387
14920 22817 558
45533 26231 558
24598 26769 558
26769 28006 524
3891 27026 558
49407 27879 558
27879 7487 76
7487 36963 139
4253 28587 558
18924 28735 558
22018 30403 558
16878 30908 558
12370 32085 558
41627 32580 558
31263 32901 558
17813 35411 558
31568 39093 558
25335 44628 558
118 47779 558
47779 29312 403
29312 10289 177
29312 40500 534
40500 45814 477
16083 49683 558
27984 5276 559
20912 5837 559
5837 23864 49
9047 9557 559
9557 39814 249
42259 10831 559
10831 5415 209
5415 39308 5
39308 5876 462
5876 2703 317
3611 12931 559
12931 44333 198
7339 14732 559
16694 15389 559
40211 16421 559
16421 2410 402
2410 15153 442
15153 5674 280
2410 5354 520
9491 18959 559
16397 18970 559
18970 11218 108
40824 19563 559
19563 13623 231
11284 21450 559
16762 22622 559
29373 22895 559
11173 25514 559
4160 27717 559
27717 15404 415
27717 15346 553
45176 30281 559
66 31957 559
42274 34724 559
27798 35386 559
32886 36823 559
36823 36889 140
36889 33161 239
33161 32469 200
28629 36958 559
26734 38303 559
38303 40319 142
4186 39533 559
39533 8318 493
8318 11074 80
797 40668 559
44638 40841 559
40841 9496 316
1525 40868 559
8471 41225 559
32765 41388 559
41388 19443 7
19443 37525 72
37525 20970 167
20970 19288 247
29441 45427 559
16861 47886 559
45913 48548 559
24576 48747 559
1578 2765 560
1899 3250 560
5237 5406 560
5406 16672 450
7589 8962 560
34368 12091 560
32659 12967 560
12967 22799 275
4155 14811 560
8417 17934 560
10627 18428 560
18428 34543 320
20910 19609 560
19609 15485 113
15485 15645 261
42735 21690 560
21690 42530 557
5583 21745 560
5853 22502 560
6390 22729 560
20730 25389 560
25389 46091 272
22644 28684 560
20106 29405 560
13723 29988 560
33927 31071 560
1867 33961 560
26313 34194 560
26399 36367 560
1350 38408 560
38408 11827 298
11827 47142 157
24993 41795 560
10093 42699 560
16066 43928 560
43928 8489 197
8489 22645 56
22645 15165 101
43928 19667 409
15165 18892 525
18892 18918 338
18892 25085 403
25085 38471 255
34987 47791 560
47791 14935 264
14935 12165 454
14935 12003 560
12003 15781 12
2535 2884 561
8531 5139 561
46842 5918 561
5918 47748 189
47748 44268 236
47748 37313 377
20243 6275 561
19532 6649 561
47836 7605 561
39783 9572 561
6146 13450 561
10317 14342 561
14342 22170 360
22170 11977 349
11977 40902 377
36213 23611 561
16584 24309 561
3640 24337 561
11244 25889 561
36691 29140 561
29140 46563 40
29140 38342 77
9850 29845 561
29845 2977 388
2977 2539 444
27942 32097 561
10469 33170 561
40997 36374 561
8056 38068 561
24289 38245 561
28054 42179 561
42179 7758 393
7758 9718 498
9718 24184 317
41476 44364 561
31642 44425 561
41241 44455 561
44455 12025 377
2627 47610 561
47610 28708 102
47197 48688 561
48688 25679 260
25679 34710 471
3217 7767 562
7767 39651 360
39651 34989 263
45033 8971 562
8971 11634 552
11634 36180 248
11634 23395 313
36180 25229 467
39657 9529 562
10336 16645 562
16645 20252 317
16038 17640 562
25693 18090 562
25493 20589 562
20589 14315 406
3106 20595 562
161 22131 562
35966 22240 562
34694 23741 562
28855 27603 562
27603 37068 325
10059 27711 562
16733 31626 562
14155 32332 562
10720 32842 562
14734 36197 562
15687 37316 562
37316 4097 362
7538 40178 562
31866 42363 562
22812 44966 562
36156 45974 562
45974 27153 394
27153 32450 468
9208 46183 562
13878 46393 562
10192 46675 562
34023 47330 562
32119 49122 562
3129 2885 563
2885 36026 51
2885 49390 242
35024 5615 563
5886 8605 563
38487 9814 563
9814 44577 108
1217 16513 563
16513 23481 33
16513 22358 199
24346 20042 563
42661 23584 563
1478 23832 563
12680 25012 563
12354 28354 563
28354 18691 230
6027 32152 563
31245 37681 563
33134 37816 563
32526 44143 563
20457 44995 563
44995 47956 81
44995 5774 216
5774 6036 115
6036 43774 2
44995 35017 498
27428 45297 563
45297 36918 240
36918 8968 293
18349 46738 563
46738 14623 10
14623 32381 128
14623 33184 424
39460 48492 563
31512 49101 563
31219 49141 563
1985 2596 564
15021 7233 564
7233 6912 199
502 7994 564
40300 10075 564
9928 12103 564
37528 15831 564
24176 17756 564
9435 18013 564
1209 18878 564
30026 19301 564
15013 21530 564
11457 23885 564
23885 45932 138
19439 28101 564
5388 28819 564
7274 30415 564
12960 33021 564
42548 36677 564
36677 9310 363
9310 35920 45
27360 37289 564
37289 32355 112
27717 39311 564
34620 40293 564
19229 40790 564
41288 41815 564
41088 42609 564
32871 42902 564
42902 11494 61
43100 43772 564
43772 34954 398
29657 49274 564
6995 3402 565
418 5443 565
33652 6407 565
13279 9471 565
9471 9948 439
6424 13900 565
45024 14381 565
14571 15204 565
15539 16431 565
16431 49313 203
49313 5425 374
5425 36911 19
5425 15348 395
7776 16819 565
5404 18966 565
10309 22055 565
6002 22607 565
30158 23323 565
16969 23957 565
23957 31773 119
31773 2334 141
11547 24351 565
22407 24434 565
4859 24662 565
24662 29050 295
46160 26386 565
22176 29840 565
24081 30343 565
45365 32140 565
17609 33233 565
33233 18220 446
21739 33445 565
33391 35079 565
35079 11870 254
11870 16003 90
16003 34522 63
48295 35689 565
35689 34385 455
34385 49709 99
34385 48580 543
13705 36552 565
2389 36654 565
18835 36923 565
20161 37291 565
7623 42427 565
26696 43503 565
43503 41718 361
8974 44222 565
44222 17571 138
17571 25819 70
1592 46794 565
2647 49351 565
2361 2732 566
2732 18282 150
18282 14931 159
14931 34124 235
34124 30002 111
18282 41167 564
220 3968 566
3968 21956 242
3221 5608 566
3045 11770 566
1666 12073 566
13511 14455 566
12760 16303 566
16303 21729 315
26068 19644 566
27342 19647 566
38374 20187 566
10666 20497 566
36829 20902 566
20902 23479 422
20902 28806 461
29899 23012 566
3068 25100 566
44570 28266 566
28266 35815 291
35815 43647 194
10185 29416 566
23885 30756 566
41626 34270 566
26785 38084 566
9293 38341 566
21879 40156 566
20545 40315 566
17986 41413 566
41413 23568 9
41413 15025 276
32328 44783 566
11188 45144 566
29217 47805 566
47805 38607 397
38607 33521 354
33521 32926 149
47805 22580 447
22580 8109 508
8109 13612 222
5967 48075 566
35663 49214 566
8695 4232 567
18368 6274 567
11926 14755 567
14755 17978 37
11367 15352 567
5640 18928 567
18928 36862 318
36862 27914 442
27914 29301 106
43932 19847 567
2000 20201 567
20201 48336 255
2339 22724 567
4168 23418 567
23418 39523 31
37830 23494 567
23494 5746 44
37911 24695 567
24695 26366 45
26366 39734 106
9340 24985 567
6403 25453 567
8522 25531 567
47664 26095 567
8688 28967 567
28967 26230 168
20718 30224 567
49019 31659 567
26851 33260 567
22019 34542 567
39109 41525 567
3573 43827 567
38617 48438 567
33757 48694 567
39536 2705 568
2705 38619 556
23784 5857 568
18315 7774 568
7533 14955 568
6371 17800 568
12515 18025 568
15116 18889 568
18889 13555 393
18889 49021 566
25216 18929 568
7907 18943 568
33368 18982 568
18510 19613 568
6847 19694 568
2104 21446 568
38305 21996 568
21996 46045 535
13409 23307 568
10303 29755 568
13739 29803 568
691 30194 568
11162 30828 568
43263 31886 568
31886 15424 337
21727 32474 568
17019 37797 568
1983 41132 568
5261 41491 568
41491 23867 159
20135 42099 568
42099 17352 112
48328 49805 568
49805 36591 424
36591 5343 413
28019 4741 569
6456 7211 569
22362 8652 569
17495 10744 569
40520 10932 569
10932 27184 348
27184 35102 458
35102 13690 76
15357 11630 569
12698 12499 569
12499 46933 430
4425 13393 569
1010 13662 569
6821 17200 569
15740 21491 569
19069 23103 569
40759 24898 569
24898 44168 138
24898 37300 449
11585 25226 569
25226 35375 274
43182 27220 569
4442 29045 569
401 29706 569
29706 23498 491
12413 30439 569
16816 31338 569
3558 39065 569
12999 39239 569
34648 42242 569
37388 46030 569
49279 48113 569
10265 48719 569
45724 49596 569
49596 26120 455
26120 29527 228
1253 6974 570
3333 7999 570
7999 45175 560
2233 8552 570
9789 9406 570
20804 21644 570
21644 39210 44
490 22421 570
8444 24190 570
1272 27431 570
28253 29608 570
29608 21768 99
21768 45994 537
40700 30017 570
10024 32554 570
20982 33079 570
25465 35674 570
37598 37120 570
6210 37400 570
37400 41084 325
22084 37418 570
33534 37766 570
37766 17325 418
17325 13810 547
22522 38822 570
23792 40504 570
40504 34578 515
8530 42423 570
3137 43527 570
43527 27473 177
42246 43980 570
21618 46237 570
31313 5869 571
5869 49402 449
49402 12297 147
12297 11757 278
6509 5976 571
2122 6408 571
3780 7861 571
1143 12355 571
4011 12771 571
610 14002 571
13975 14238 571
1381 20488 571
11335 22686 571
20152 27366 571
12073 28364 571
44467 30320 571
19245 32532 571
32532 14383 323
1562 32601 571
28291 32744 571
32744 24154 58
7724 33157 571
11517 34067 571
5763 34953 571
28532 35191 571
42050 37207 571
7899 37943 571
6239 39491 571
39491 30778 3
23167 40286 571
30850 45026 571
4984 1912 572
1912 6764 83
6764 36859 449
39902 4294 572
4294 39120 270
19259 4806 572
8116 5105 572
46320 6647 572
1066 6777 572
29187 18986 572
19351 20283 572
20283 23426 39
20283 45737 313
23426 33563 355
7012 20475 572
20087 20671 572
22517 22417 572
26913 26285 572
9000 26642 572
26642 26724 499
203 28658 572
28658 23134 397
28658 45735 465
45735 11959 295
5923 29013 572
29013 9584 199
9584 19001 357
29013 19420 433
46123 29785 572
29785 6568 518
14739 31590 572
30800 31998 572
38432 32271 572
32271 33716 67
12431 33149 572
4367 33481 572
14957 33497 572
34990 35295 572
24938 35851 572
11356 37258 572
7377 38206 572
6539 40758 572
3590 42362 572
42362 46334 318
46334 39581 120
12521 42474 572
45432 43927 572
43927 23115 245
42911 45853 572
45700 46501 572
38534 47120 572
47120 26163 139
25060 5974 573
5974 2069 161
2069 15870 241
15870 6028 512
43480 8685 573
8685 28216 206
1374 9335 573
9335 36900 274
9335 29726 396
7890 13411 573
5685 17029 573
1333 19008 573
19008 49470 503
2076 19619 573
41408 19822 573
13717 22828 573
18603 23274 573
12221 27924 573
45676 28406 573
28406 25214 527
25018 29011 573
3019 29256 573
20249 31122 573
2847 31436 573
31436 31559 414
4780 38474 573
2406 39709 573
13075 40155 573
17926 45156 573
9022 47929 573
39697 48514 573
20628 49135 573
530 196 574
17746 2896 574
2904 5305 574
5305 34433 277
8335 5874 574
5874 48023 495
13472 6875 574
6875 21187 96
3046 8111 574
8111 25712 14
1436 9957 574
6684 10280 574
10280 25390 266
25390 16409 242
10280 23448 311
10280 34681 555
41414 11656 574
33473 16829 574
13064 22847 574
1827 25917 574
25105 26549 574
26549 30100 152
8528 27124 574
27124 27464 276
38708 29133 574
24679 29268 574
29268 35210 82
33926 30964 574
30964 1049 89
1049 1047 357
9046 34248 574
20760 35988 574
35988 31468 156
4057 38885 574
38885 10486 146
10486 17482 128
34280 40023 574
40023 34009 332
34009 14156 309
14156 24518 439
34761 41367 574
41367 41042 417
41042 8235 98
41367 8132 449
8132 43101 277
27320 41979 574
1917 43181 574
23273 46806 574
24785 48002 574
46677 48030 574
48030 20412 186
18945 48975 574
1122 3141 575
3141 17860 240
13449 5196 575
7663 7243 575
31150 10357 575
3259 12072 575
12072 47405 434
47405 49649 195
47405 31609 444
22436 12552 575
12552 3400 219
11057 14614 575
14614 15675 86
15675 2901 387
15675 19426 497
21760 14925 575
6563 14928 575
4265 15609 575
34671 19047 575
19047 31521 51
19047 45282 326
2414 23510 575
16834 24023 575
24023 18056 438
18056 23322 288
40801 24409 575
24409 17335 150
12674 27251 575
14744 27883 575
40300 28828 575
28828 16240 165
45072 31401 575
14483 31997 575
8770 36010 575
28233 36114 575
16583 37014 575
46918 38368 575
28064 41185 575
554 42051 575
10031 43198 575
26791 45469 575
45469 48607 361
47194 48422 575
32540 49747 575
35530 1437 576
1437 12300 27
1437 14078 315
1742 6049 576
9382 7342 576
7342 13241 573
13241 32892 286
13241 6723 508
6723 34695 554
34695 3592 268
43126 7604 576
7604 7389 511
35972 12897 576
12897 37278 54
18120 13141 576
13141 27176 479
27176 32055 445
27176 39875 541
36174 17312 576
28393 18184 576
14181 19316 576
13336 21781 576
42392 22955 576
24678 28125 576
28125 22099 213
2588 28724 576
22588 28754 576
33550 31547 576
31547 8640 373
11017 33056 576
39411 33798 576
33798 32670 103
10768 36524 576
3379 37193 576
23221 37514 576
41981 39149 576
39149 44073 79
24866 39856 576
8869 40007 576
25502 44792 576
36518 44835 576
44874 46957 576
1901 47076 576
8549 49743 576
1449 2796 577
9477 3615 577
1500 4376 577
6273 8162 577
11614 15807 577
25003 16618 577
16618 12637 431
13912 19112 577
19112 42269 241
42269 4695 535
4695 26077 110
4695 6762 226
15626 19330 577
5953 22101 577
1920 22896 577
46972 23422 577
6910 26241 577
41805 28123 577
1225 28851 577
27641 29029 577
19457 33122 577
23441 33976 577
33976 43217 90
26242 36058 577
25249 36882 577
7255 37141 577
37141 22884 368
46551 37997 577
16502 39879 577
21729 39992 577
18859 41148 577
28025 45606 577
11076 49891 577
15081 3211 578
25275 3322 578
1103 4406 578
32 4684 578
6550 6012 578
10786 8156 578
37204 11349 578
11349 36212 278
10130 13328 578
15175 16427 578
16427 42523 221
7384 16735 578
8349 16903 578
14207 17556 578
30114 17605 578
44712 19324 578
1530 19745 578
6099 23318 578
1264 23445 578
23445 30924 407
26188 25949 578
23457 27082 578
20542 27138 578
14709 29274 578
43394 31281 578
30150 32001 578
3692 32060 578
23901 35171 578
35171 30880 576
30880 4274 391
30536 36753 578
12528 38757 578
20833 38870 578
47760 39885 578
5223 42268 578
42268 46753 122
46753 23483 256
42268 4156 393
18709 43535 578
43535 38256 218
38256 22874 566
21790 44724 578
44724 6288 334
6288 4975 274
46477 46361 578
24957 2483 579
3331 4889 579
47331 7865 579
1909 8462 579
5074 10246 579
6683 13827 579
13827 28356 161
44523 19674 579
45714 21266 579
29214 24030 579
24030 4907 195
4907 17810 355
3586 25295 579
10663 28470 579
28470 33467 168
34010 28760 579
28760 33645 66
33645 20944 285
33645 36368 426
142 30516 579
44043 32265 579
39864 33141 579
33141 39029 551
39029 39281 510
39029 44261 521
24888 33748 579
7791 34395 579
27796 34557 579
23072 35505 579
20007 36735 579
1845 38409 579
14809 42567 579
16081 43710 579
21244 44845 579
44863 48153 579
38224 48412 579
46870 1880 580
1880 20001 134
1880 13245 473
1561 2409 580
5280 6171 580
2914 9343 580
20386 11010 580
32744 11607 580
19568 15170 580
15170 17161 375
8218 16194 580
4401 18278 580
13752 20744 580
20744 26590 128
26590 8950 296
15767 21009 580
29236 23076 580
13563 25424 580
17281 27336 580
45943 31032 580
9404 31360 580
23806 31491 580
10755 33219 580
11241 35208 580
35208 28357 199
28357 32315 313
32315 7804 378
18093 35695 580
36781 36016 580
36016 28010 155
42290 38631 580
12073 40197 580
19543 40749 580
39800 44521 580
25023 47469 580
14939 47582 580
5173 47696 580
1893 14522 581
14522 29302 446
13804 15657 581
14514 17471 581
30178 22837 581
1125 24880 581
24880 45162 144
18089 24970 581
15568 25557 581
761 25600 581
21912 27769 581
41968 28275 581
28275 48288 72
1123 33758 581
9489 35845 581
23996 36290 581
20596 36732 581
1616 37864 581
7780 41934 581
41934 31614 502
31614 30521 16
7897 42185 581
42185 14294 402
14294 46076 320
46076 43067 109
46076 23350 347
42185 11290 475
11290 692 85
13813 42469 581
14957 42590 581
19697 42791 581
21330 43822 581
30411 43965 581
43965 44122 381
38637 44431 581
43381 45955 581
174 47889 581
3492 47941 581
4166 2877 582
2877 47999 364
47999 47607 522
15668 3727 582
3727 40684 395
2156 11195 582
30559 12117 582
21581 15818 582
33038 15955 582
3282 17476 582
13424 19353 582
5561 23516 582
47273 27998 582
27998 4032 111
4032 16770 222
45970 30809 582
37197 31797 582
12294 31879 582
36797 32666 582
4043 37224 582
32850 37445 582
27225 44377 582
82 45263 582
45263 36340 209
9939 45654 582
7057 46314 582
6863 46479 582
40712 48401 582
37500 49836 582
41657 4397 583
4397 14055 525
14055 40843 369
4190 7252 583
3511 9476 583
984 12864 583
40217 13468 583
13468 23093 66
42890 14498 583
14498 33984 439
22489 16660 583
15848 17775 583
11339 19781 583
19781 41894 130
9072 21078 583
9023 21650 583
44627 23993 583
13689 24047 583
2185 29427 583
19691 30458 583
18876 33720 583
31075 33999 583
33999 20439 397
30681 35449 583
10272 36302 583
36302 46150 278
27894 37262 583
37242 39375 583
36300 41908 583
41908 42065 542
42065 31274 60
34904 44545 583
44536 44886 583
30577 46065 583
46065 43476 185
4492 46310 583
13726 47060 583
47060 22660 123
12477 48176 583
32366 48324 583
40054 2714 584
49043 7138 584
7138 8202 329
8202 39078 357
8202 23956 491
19346 8203 584
5094 8535 584
8535 20326 49
990 17550 584
42684 21878 584
21811 27617 584
28224 30387 584
48682 30794 584
17922 33302 584
25214 36147 584
19566 38709 584
36900 39791 584
45412 40678 584
40678 25111 246
25111 19310 419
18221 41368 584
41368 46623 416
36497 42397 584
42397 28733 34
42397 26783 583
20666 44078 584
39622 47335 584
5194 3368 585
3368 1832 136
1832 12726 344
2072 7143 585
7143 16882 196
24759 10964 585
230 16127 585
5413 18793 585
2626 18985 585
18985 3234 362
35602 19831 585
19831 49547 487
9352 26880 585
9839 27275 585
19741 28024 585
24269 30437 585
10320 31246 585
838 32307 585
32307 34537 487
44306 32606 585
32606 10084 379
6335 34429 585
4979 35265 585
49836 35315 585
35315 46612 493
14195 41459 585
17891 41575 585
34656 45268 585
45268 37007 162
37007 30579 104
30579 26534 475
26534 22891 156
22891 24585 477
24585 33381 481
17362 46711 585
38930 47027 585
47027 30697 297
30697 23046 149
30697 24538 227
24538 42057 232
24538 35513 267
23046 23762 295
30697 35425 426
2688 7452 586
19602 8184 586
1178 15114 586
15114 25626 134
15114 32099 185
25626 26525 566
22363 15700 586
44175 16398 586
46073 16495 586
16495 11316 17
11316 26420 33
16495 40048 265
26420 39737 507
40687 19561 586
19561 28241 139
19561 18251 366
18251 35269 217
18251 16400 558
16400 31178 328
31178 16441 533
5731 20014 586
47373 20307 586
20307 36447 335
12366 22254 586
16772 28324 586
34421 29078 586
29078 17941 322
14576 29613 586
2132 31305 586
3393 32518 586
42537 32783 586
48217 36067 586
36067 28866 414
28866 12664 287
16164 36836 586
36836 35209 436
19789 37033 586
29724 38526 586
36040 43316 586
24412 46006 586
46006 33621 423
33621 34936 494
34936 38107 528
36858 47483 586
47483 40098 432
40098 3288 365
3288 30433 511
41960 49970 586
627 2346 587
2346 3522 390
786 8822 587
8822 17227 270
27390 9305 587
28601 12189 587
2657 13841 587
14848 15347 587
5865 15915 587
20989 18117 587
12528 19817 587
19817 23947 572
40840 20234 587
11838 20447 587
36596 23030 587
27080 27778 587
47975 28674 587
28674 31369 27
3930 31695 587
31695 35238 280
5351 32694 587
32694 25326 360
28890 33317 587
33317 36737 570
26749 36638 587
44648 37248 587
23900 38658 587
18518 39617 587
5278 39662 587
39662 45510 277
34611 39941 587
14733 43113 587
43113 13130 450
35001 45048 587
47446 45166 587
41657 45624 587
6436 46852 587
15045 47000 587
30745 48507 587
6 48859 587
48859 37690 450
33029 2980 588
7287 8167 588
41217 9112 588
9112 22711 188
2483 9866 588
10171 10177 588
10177 18597 563
18597 35975 262
28823 10433 588
10433 12745 196
12465 12310 588
47861 14805 588
13675 17082 588
11568 18786 588
18786 43135 24
396 20529 588
20529 36820 449
8009 27063 588
25615 27788 588
27788 27133 290
37812 32302 588
32302 31889 103
31889 10977 319
10977 15469 516
10977 23442 516
1840 33729 588
9119 33941 588
33941 37115 285
24834 35409 588
13672 35993 588
13039 37081 588
6418 38886 588
3637 39252 588
39252 16011 429
13410 39571 588
42922 39723 588
39425 39758 588
39758 44773 435
44773 24338 115
44773 40132 175
40132 25802 41
25802 17121 153
44773 19930 393
19930 16057 273
16057 44892 91
8458 41152 588
31735 41668 588
48695 41888 588
8149 42409 588
16790 43122 588
15429 43228 588
43228 24262 356
24262 42809 577
16276 45285 588
8349 4916 589
35863 6561 589
5885 9062 589
16919 10326 589
2604 10790 589
13570 11415 589
1337 13839 589
8514 16478 589
18917 26903 589
35403 27335 589
27335 31155 234
27561 27677 589
27677 17687 103
9209 29767 589
49909 31687 589
38463 34201 589
34201 14852 29
14852 35631 432
35631 22336 487
23079 34477 589
34477 42418 149
357 34764 589
3819 36861 589
3562 37666 589
37221 38100 589
38100 8183 329
4604 38134 589
12400 38889 589
33028 39850 589
39850 33513 509
33513 48006 353
36927 43484 589
27935 45809 589
33963 46147 589
46147 28219 488
35434 47630 589
31534 48143 589
27004 48952 589
179 5058 590
5058 16313 229
5058 35498 340
47171 6599 590
6599 14958 167
592 8004 590
8004 30223 239
4204 11363 590
46133 13489 590
31821 17740 590
12270 18142 590
18142 42045 133
42045 38821 427
18142 29221 458
22438 18301 590
18301 38770 370
5057 22971 590
8289 24150 590
23235 24210 590
24210 17959 453
17959 33825 40
6348 26306 590
43022 28593 590
12716 35902 590
10519 36201 590
3161 44185 590
44185 9121 575
40166 46069 590
32546 47008 590
47008 26139 574
5688 47306 590
44166 48616 590
7914 207 591
207 19018 146
15391 1550 591
7872 3964 591
3049 5130 591
10242 5985 591
25465 6719 591
7062 13132 591
30096 13380 591
5467 16385 591
32015 22795 591
10576 24628 591
11280 28610 591
28610 30448 536
2701 29818 591
14436 31670 591
31670 44640 424
44640 4989 248
44640 28226 372
28226 5720 225
5720 23216 337
44640 7892 399
18664 31922 591
31922 39080 336
14689 33989 591
33989 45196 489
7524 36876 591
4076 38358 591
29607 43435 591
41055 43685 591
13393 45091 591
45091 43481 415
43809 45560 591
38374 46622 591
35684 47558 591
47558 17521 42
17521 33344 9
17521 9105 104
36847 47930 591
42169 48019 591
35854 48227 591
8199 48692 591
1301 49783 591
49783 38781 75
38781 39193 503
39193 25722 15
25722 49001 587
40538 455 592
33402 4319 592
8334 8536 592
3553 9898 592
9898 23114 577
10526 13552 592
44900 13594 592
39583 14211 592
17850 16314 592
1395 17878 592
17878 33553 281
33553 37175 397
20448 21140 592
21140 49197 59
8793 24470 592
13831 25813 592
25813 3112 55
21470 26647 592
29685 31410 592
20885 33353 592
23196 34699 592
34699 22702 309
22702 43400 529
43400 46025 138
19798 37884 592
24140 41513 592
8768 46822 592
9016 48991 592
9504 985 593
2410 5356 593
5356 19501 234
19501 49904 422
29962 6033 593
6033 28399 215
9719 12033 593
11466 14304 593
14304 18758 281
5195 15925 593
10723 18166 593
16744 18636 593
23012 18640 593
801 20871 593
46089 21232 593
21232 35728 41
43055 25087 593
14041 27509 593
36382 31939 593
15273 34200 593
13852 36311 593
16358 39574 593
22357 39605 593
47054 41854 593
41854 18018 361
5958 44511 593
8015 44709 593
15263 45628 593
45628 19422 314
16675 46042 593
3806 46283 593
46283 49464 399
42676 46326 593
35530 46581 593
27719 47256 593
23014 47913 593
15125 48098 593
21184 49016 593
5966 49828 593
5846 1603 594
7759 2719 594
46304 6248 594
6248 46111 379
10301 6393 594
32309 7574 594
13251 8317 594
34869 8733 594
8733 35960 551
8894 11026 594
11026 35133 352
43702 13343 594
8612 14834 594
5269 14981 594
14981 20365 306
20365 21678 337
8219 20664 594
44205 21456 594
4931 22337 594
16308 23061 594
23061 29073 331
22419 25613 594
32793 28489 594
28489 44692 67
8424 33242 594
4836 41051 594
30918 46165 594
29174 48383 594
3469 456 595
18292 3349 595
3349 1470 392
3017 4944 595
10583 23823 595
2680 25306 595
25306 34007 577
360 26309 595
25503 27590 595
27590 29738 192
29738 37447 12
44438 31781 595
31781 29094 173
5017 33003 595
33003 41242 307
31326 33047 595
18540 35499 595
39695 38433 595
38433 40792 383
19963 40975 595
13920 41656 595
36617 41672 595
9547 43011 595
28673 44937 595
2759 4819 596
4819 20496 405
22918 13394 596
13394 22642 103
11282 14559 596
14559 22906 32
22906 34462 230
11845 15073 596
33694 17623 596
17623 9028 284
36527 17770 596
3419 18357 596
1870 19109 596
6436 26232 596
26232 36957 492
22593 28063 596
30616 30626 596
12954 30663 596
22631 32123 596
28004 32913 596
32913 6926 410
25172 37580 596
41338 38501 596
40655 39060 596
24356 40451 596
28452 44382 596
17766 47011 596
18061 47942 596
47850 49330 596
40847 8566 597
1863 9092 597
10786 11390 597
21321 13996 597
27539 14583 597
38613 16234 597
16234 10360 391
4273 25832 597
25832 32609 261
25832 32336 504
25896 26125 597
26176 26602 597
17896 33060 597
39752 34481 597
8371 35442 597
47764 35949 597
2665 37794 597
11822 37882 597
44858 38707 597
17565 42415 597
10752 46882 597
13125 49226 597
13252 1933 598
16436 6675 598
31592 12396 598
12396 28098 552
439 12598 598
12598 27993 507
13815 19372 598
18568 21502 598
33843 22371 598
15636 23449 598
4722 23960 598
8490 24472 598
4813 26870 598
14881 30067 598
30067 30084 551
41802 30098 598
25665 39047 598
2172 43907 598
31434 44932 598
33787 47407 598
24948 49924 598
2422 2563 599
33248 3058 599
2406 3150 599
29004 3700 599
8660 7394 599
7394 18101 374
6531 8635 599
11180 9060 599
2668 10078 599
2431 10973 599
47535 12657 599
16655 13637 599
6774 14325 599
7925 14742 599
14742 34096 200
6067 15244 599
5076 25723 599
9273 26660 599
26660 10034 186
10034 30266 555
8501 31924 599
46124 35168 599
10901 35551 599
35551 28554 167
19300 35770 599
42165 42314 599
42314 17345 165
36083 44786 599
32212 44997 599
12050 49410 599
25405 49915 599
7744 17684 600
9669 18466 600
48100 18795 600
2231 19050 600
11862 21616 600
22769 22113 600
15582 22751 600
2156 25487 600
38342 26564 600
31 27343 600
27343 7998 270
7998 42455 96
7998 43655 212
7998 22197 314
3016 28778 600
24472 28912 600
39358 30690 600
30690 17946 246
30690 34499 344
49297 32199 600
38278 32673 600
18961 33085 600
18001 36731 600
5608 37365 600
4987 38115 600
9273 38227 600
37796 40527 600
40527 47091 460
47091 41559 40
47091 39648 106
41559 46282 457
46282 29571 265
39211 44072 600
24485 44340 600
9872 47345 600
21378 47484 600
47484 22213 526
7850 49244 600
49244 38880 412
38880 876 46
876 11563 60
11563 44680 543
12319 1428 601
1428 9925 436
46791 1540 601
3989 4597 601
18708 6247 601
7745 8864 601
18228 18781 601
9884 24273 601
24273 21876 83
15848 24763 601
28446 30280 601
13765 32223 601
251 34069 601
20461 37030 601
9080 39944 601
20023 41991 601
40527 45069 601
20352 47387 601
28858 5850 602
5850 10504 279
10504 36134 403
36134 43881 522
4376 6054 602
17599 22117 602
25252 22446 602
16402 22995 602
19877 23602 602
22312 24072 602
24072 38266 345
38266 17539 120
17539 47969 261
27218 25070 602
23076 31575 602
4763 32847 602
16291 33887 602
23121 37171 602
45008 37404 602
37404 36902 217
36902 20538 574
20538 33904 63
46433 37787 602
34118 42210 602
39263 46364 602
40607 47219 602
7115 47874 602
21644 48373 602
25513 48577 602
7480 49053 602
13166 49637 602
36663 4064 603
16488 6157 603
13213 6622 603
6622 32254 190
849 8879 603
13228 14384 603
14384 9998 7
9998 17107 251
36191 16641 603
9984 19564 603
19564 23282 389
39863 20168 603
17203 21656 603
13870 21757 603
21757 29819 539
26402 24520 603
10355 24913 603
24913 7298 93
6892 29248 603
24347 30886 603
28733 32191 603
23815 34116 603
27678 34195 603
29530 38426 603
21779 40729 603
40729 20325 287
20325 28609 190
14771 42280 603
16985 42866 603
2113 43903 603
32904 44398 603
8404 46995 603
27889 49167 603
17483 11712 604
1613 12015 604
12015 41256 93
13473 17007 604
16174 20890 604
20890 24133 555
5374 24224 604
12161 24484 604
2496 27321 604
26046 27885 604
27885 28661 146
4121 29415 604
26181 29520 604
21320 32927 604
15509 33562 604
25709 33591 604
33591 30846 246
47116 39360 604
35557 41005 604
4815 41687 604
32422 42744 604
40924 43770 604
37589 44560 604
33214 46700 604
46700 19762 515
19762 45918 189
19785 47381 604
16123 47401 604
34069 48330 604
13613 48674 604
48674 49948 204
483 647 605
33541 4111 605
40524 12563 605
1147 13320 605
13320 13847 119
26907 14500 605
7498 15164 605
18569 19122 605
19122 40656 451
9621 19585 605
44835 27318 605
27318 9413 470
9413 20959 52
20959 46939 307
9413 31562 458
31562 47248 80
42374 31456 605
31456 26872 235
10762 33934 605
2854 34443 605
1807 37187 605
29975 37438 605
9814 42306 605
22219 43370 605
16257 46350 605
23307 2384 606
2384 1144 559
16896 4993 606
4993 2094 161
2094 6105 20
4993 8423 506
10683 5272 606
7141 5565 606
6644 7668 606
45899 12293 606
11040 14521 606
36282 14804 606
1359 16574 606
10767 19808 606
9680 20585 606
15049 20646 606
20646 49333 376
12070 20654 606
1971 21327 606
6569 21595 606
2303 24727 606
24727 35215 110
37743 26538 606
26538 37550 315
1409 26545 606
37173 27551 606
27551 45677 75
13451 29710 606
15626 33116 606
38960 33387 606
28902 34435 606
47182 34745 606
36118 38434 606
38434 32040 384
34189 38611 606
38611 41479 77
41479 21089 382
8735 42494 606
42503 46020 606
46020 41371 422
41371 14310 258
14310 27210 52
38679 47845 606
29851 49091 606
49091 12244 511
12244 23132 324
12160 49275 606
6238 2741 607
2741 21399 159
21399 49022 575
26319 3230 607
25685 8871 607
8871 43204 180
18015 9870 607
9906 16591 607
26347 17960 607
4575 17969 607
17969 29542 252
12307 18295 607
18295 23764 374
19131 18446 607
42740 19627 607
7786 22140 607
36859 22266 607
1427 22669 607
22669 16132 309
3428 25248 607
40518 26177 607
3867 26291 607
39658 26810 607
26810 42543 546
24176 27888 607
27888 12066 331
34954 33310 607
43317 36640 607
36640 23868 216
17597 43649 607
25902 46127 607
46127 5452 604
11853 49944 607
3062 5916 608
5916 28032 429
488 6406 608
18041 8476 608
4076 8539 608
8539 16180 212
1851 9011 608
28351 13530 608
1344 13964 608
49895 15405 608
35649 15919 608
11444 16555 608
11621 17239 608
28958 23719 608
21070 25781 608
38475 26933 608
7041 27741 608
4811 28229 608
13904 30607 608
37436 37668 608
21018 38670 608
22308 41620 608
6209 44946 608
31964 47516 608
47516 18167 169
19442 1353 609
33596 11393 609
11393 15043 260
4042 14248 609
15713 15359 609
15359 22990 114
22990 31557 64
31557 45541 16
22990 42168 264
31557 26423 493
28281 16867 609
16867 20481 52
21336 23141 609
23141 45926 600
8450 25869 609
25869 9893 554
20202 26196 609
268 27902 609
23205 31961 609
44045 33051 609
33051 23870 159
33051 41001 243
41001 39520 40
39520 40526 391
39520 19028 502
34254 36032 609
36032 37555 215
31631 36304 609
36304 9894 546
9894 43525 443
15382 38498 609
6540 40128 609
22766 40452 609
27111 42049 609
42049 37132 178
42049 47704 453
966 43146 609
43146 10049 602
1247 43709 609
4007 48249 609
3073 5672 610
9082 9176 610
9176 40082 234
47901 9629 610
9629 21944 25
9629 8595 573
8595 49263 353
9559 11542 610
40781 14994 610
14994 12935 299
6257 17736 610
10994 19012 610
15144 19261 610
36348 19369 610
21042 20765 610
8087 21096 610
23828 23488 610
9787 24807 610
20658 26485 610
22750 28974 610
5138 31159 610
13897 33805 610
33805 42502 12
34389 35484 610
29844 36700 610
17290 36834 610
36834 47437 338
47437 38438 572
5149 37498 610
14065 38788 610
11769 40987 610
46710 41138 610
34302 43016 610
28335 43856 610
36930 44353 610
26619 44423 610
44423 23896 88
35443 4339 611
5522 6900 611
6900 19100 11
38662 8835 611
13603 10664 611
44433 11767 611
11767 7513 166
7513 5020 518
5020 23781 271
23781 48067 96
48067 5291 600
9883 17302 611
26145 21358 611
32087 21850 611
13796 23015 611
23015 44227 490
44227 24637 291
44227 10735 386
10735 35562 424
24637 41016 482
10927 25549 611
4849 25607 611
25607 39216 259
25607 45790 361
9722 27234 611
27592 31184 611
37066 32351 611
32351 22926 98
32351 47970 247
31403 32687 611
35712 33544 611
47348 33850 611
31653 34686 611
8672 36379 611
1587 39500 611
18204 45600 611
21823 45811 611
15885 45824 611
16738 47126 611
47126 14129 214
47126 30743 478
22286 48689 611
20395 49893 611
42323 2171 612
2171 9267 415
9267 15908 115
46020 7361 612
1518 12235 612
16885 16808 612
16808 32081 80
29128 17638 612
19084 18256 612
17919 19656 612
32600 22826 612
22826 4551 172
4551 48861 397
4551 26862 420
4551 2886 596
24024 27121 612
27121 36004 16
27121 41789 472
41789 26863 18
6464 29239 612
29239 683 325
22606 34738 612
31320 37293 612
42196 43693 612
2870 45151 612
33399 46008 612
40318 49648 612
34340 4069 613
4069 25967 171
4426 6533 613
6533 21597 212
9776 8667 613
32054 14123 613
14123 22184 438
22184 19177 114
38808 14454 613
13940 16528 613
16528 49927 532
1451 18891 613
21702 21430 613
42505 24201 613
24201 15935 344
5651 29401 613
26747 29689 613
12455 29780 613
18771 30679 613
30679 43309 29
24459 33411 613
28612 33483 613
20527 33808 613
11147 35588 613
17613 36255 613
7871 39478 613
39478 42301 28
9642 40701 613
22122 43931 613
4484 45114 613
45550 45406 613
9402 45852 613
45852 25639 254
25639 44983 264
44983 37781 423
37781 33413 35
37781 45488 526
2952 47624 613
45880 48145 613
48145 27081 363
4845 5518 614
18982 7061 614
7061 13066 520
13066 47819 374
4381 8487 614
8487 7783 578
15794 9635 614
29508 15100 614
15100 16212 311
45370 18442 614
9614 20713 614
20618 25343 614
20610 28477 614
5810 33338 614
28822 33405 614
26598 37519 614
31909 40030 614
23290 40866 614
40866 41278 326
40004 43278 614
5246 43363 614
6511 43595 614
43595 15982 193
15982 16071 376
31492 45915 614
34461 46104 614
45483 48118 614
628 49911 614
1107 4138 615
4411 7104 615
24644 8650 615
8650 28397 192
28397 35683 258
8650 16901 495
2127 13742 615
24680 17276 615
10732 21367 615
9940 26833 615
23687 35156 615
20142 37129 615
37129 39046 344
26885 42642 615
10561 44047 615
44550 44707 615
3900 47396 615
47396 33059 289
21937 49413 615
10235 15634 616
18098 18021 616
40976 19734 616
6518 20775 616
4243 23982 616
23982 41192 448
23380 24587 616
22615 24980 616
25248 25507 616
27083 26084 616
812 36558 616
18739 37009 616
29093 40216 616
7710 40910 616
49005 41224 616
31406 42631 616
3359 45402 616
25510 47804 616
45352 48582 616
33336 49652 616
1687 2148 617
2148 22480 215
22480 29154 157
32535 7128 617
12250 15897 617
15897 30302 335
30302 48396 278
15897 22342 486
22342 33968 492
8256 24536 617
14444 29581 617
10804 31514 617
20940 32545 617
32545 40543 119
40543 17420 305
17420 15857 415
20526 33270 617
10229 34061 617
37514 37954 617
48154 39974 617
3771 40420 617
18658 40549 617
29691 42599 617
42599 20094 490
2215 46572 617
10358 49103 617
1300 2762 618
2762 4072 384
2762 12058 502
13607 9395 618
9395 48529 177
9395 37391 250
9395 30006 567
9395 15216 611
15216 38650 381
35598 9824 618
26665 17154 618
17154 49744 484
49744 13770 136
49744 34885 606
10943 28474 618
4598 29480 618
7554 30356 618
31592 30512 618
30512 34046 251
34046 45332 594
45332 35465 481
26404 33186 618
33186 21721 520
21721 19121 100
19121 13221 51
30601 33535 618
33535 42335 188
42335 30920 558
29148 35446 618
44005 36127 618
11982 36726 618
21854 38268 618
10750 40355 618
23402 41115 618
29382 46342 618
46342 43509 134
43509 4659 59
4659 6402 110
43509 13577 434
12562 46971 618
23662 48544 618
5722 3870 619
3870 1717 45
13069 10429 619
1035 12770 619
15360 13177 619
22191 15210 619
12382 18694 619
18694 42646 23
42646 36352 179
200 21868 619
21868 27628 260
24358 22538 619
12225 23831 619
21907 24359 619
31500 25079 619
25079 40086 282
1680 25891 619
23439 30588 619
6544 32511 619
32511 37353 192
16375 37434 619
33920 43559 619
4919 48973 619
29954 49806 619
1049 2015 620
48772 7565 620
15581 10139 620
14192 14530 620
1376 14675 620
14688 15431 620
8129 16049 620
703 16264 620
16264 40536 177
22230 17409 620
35508 19095 620
19095 23693 157
40546 20434 620
9514 22477 620
22477 38990 423
19446 22683 620
37415 27229 620
27229 24820 281
45865 33257 620
19394 34141 620
41674 34852 620
34852 46429 370
15598 44763 620
17304 45712 620
12524 45978 620
8067 46808 620
22730 48707 620
43110 49248 620
41697 1055 621
7078 16097 621
19340 19727 621
19727 32429 364
18828 20176 621
3820 23700 621
14153 24690 621
24690 40816 153
13796 25305 621
19558 26650 621
14714 27057 621
23697 29084 621
27703 35617 621
49184 42322 621
40558 43356 621
43094 46475 621
18842 47432 621
4587 48208 621
625 49355 621
37277 49741 621
36931 4486 622
23049 8559 622
1546 10468 622
10468 43940 549
4298 14232 622
2478 17383 622
6799 25512 622
25512 20467 195
34084 26071 622
25271 26211 622
7905 27319 622
9432 34072 622
34072 26266 119
25147 37369 622
22286 39546 622
11950 40695 622
40695 22775 92
40695 28635 429
28635 19624 256
19624 10564 389
19624 40402 488
22775 48209 555
22775 45140 573
40358 40970 622
1302 41317 622
1358 43801 622
30826 47356 622
24704 12675 623
2153 16891 623
20292 20127 623
43089 21905 623
21905 29709 216
20287 23691 623
22082 24744 623
4204 27173 623
1481 35730 623
35730 20006 177
26303 36199 623
38394 36262 623
8109 37985 623
9126 38539 623
19852 39257 623
37257 45194 623
44751 45415 623
24909 45451 623
9103 46456 623
46456 47492 373
18980 47733 623
40919 48196 623
20489 48590 623
1685 6007 624
22284 7367 624
48502 10436 624
3072 11435 624
11435 33375 193
13026 13253 624
13236 13608 624
8914 14488 624
13179 16345 624
9210 20322 624
20322 32299 187
32299 44701 523
32299 13774 548
46634 23037 624
4752 29497 624
30332 34571 624
6086 36188 624
36188 30710 33
21752 37990 624
10006 38702 624
38702 7212 247
7212 31734 411
23982 39596 624
28838 41056 624
23735 42189 624
27521 49175 624
18090 3109 625
3109 30168 222
30168 6251 272
467 6359 625
5953 8164 625
8164 34155 23
47111 12304 625
36569 20482 625
39716 20793 625
30781 31703 625
9463 31873 625
7181 34268 625
48165 41827 625
41827 23416 273
23416 20024 76
20024 28641 536
6260 45695 625
5344 47290 625
1479 2839 626
2839 8967 248
7401 6932 626
10880 7585 626
17848 9131 626
24441 12051 626
3054 13339 626
4478 13583 626
13583 10978 102
10978 21308 202
13583 17526 266
22041 19800 626
10932 21120 626
21120 23144 523
19071 27402 626
27402 34383 563
27839 29166 626
29934 29615 626
12064 31504 626
31504 38918 87
20377 33177 626
4491 33208 626
19759 34386 626
21524 35496 626
5385 36122 626
23729 36291 626
32173 40167 626
32508 43507 626
20393 44050 626
44050 47606 180
44050 45468 272
45013 46041 626
23118 47740 626
48838 6688 627
6688 27541 123
5905 12483 627
1231 13714 627
17218 17786 627
16259 18858 627
12914 19470 627
31627 19715 627
8376 30673 627
7392 33821 627
33821 38718 293
1511 33935 627
25521 35646 627
6639 39726 627
39726 41755 269
552 42195 627
6973 42643 627
17776 44512 627
16523 45369 627
19560 47453 627
2537 4392 628
246 5564 628
6282 8179 628
8179 38546 95
5930 10680 628
12076 12155 628
10315 16023 628
16023 42419 250
42419 20012 348
19003 18940 628
3260 19695 628
19695 36743 412
37159 20808 628
20808 2528 519
2528 28494 367
28494 31690 290
14756 22124 628
30430 25318 628
7305 25337 628
5462 28314 628
28314 13980 413
24102 31172 628
20780 33044 628
23880 36320 628
15273 37285 628
27764 37953 628
37266 42402 628
19798 42655 628
48998 46375 628
5356 13354 629
16774 14879 629
12561 15937 629
20101 17231 629
19772 17656 629
8800 19456 629
19456 48566 488
139 20852 629
111 21350 629
1531 27799 629
15619 28916 629
22820 30876 629
476 30902 629
29776 33259 629
32773 40056 629
40056 23386 261
23386 31018 333
2876 45878 629
9197 46274 629
9531 46944 629
46944 35963 417
14278 49309 629
49309 24922 56
25471 9569 630
4212 10155 630
10155 10382 582
10382 14268 446
14268 35605 590
21766 13287 630
4399 14794 630
14794 21680 556
4972 21951 630
1041 22670 630
22300 23332 630
23332 38891 453
12801 25020 630
17897 28766 630
5406 31021 630
9113 32029 630
19639 32769 630
43108 35763 630
11299 37403 630
18640 37688 630
26019 40150 630
7683 41066 630
6953 43877 630
1053 45949 630
27124 45975 630
27343 46935 630
22595 49029 630
7052 9330 631
9330 31280 242
31280 45767 219
22567 13324 631
11573 13786 631
13786 41680 315
13786 44994 576
5507 14433 631
43795 20189 631
3036 27021 631
27021 39580 545
3596 28268 631
12261 31422 631
1468 31818 631
9597 35065 631
38383 35612 631
30652 37778 631
6113 38387 631
3453 40279 631
40279 46445 313
2673 42410 631
37297 42800 631
42800 42750 199
42750 49004 119
42750 26219 322
34310 45181 631
21627 46841 631
47542 47320 631
20548 48933 631
31571 49600 631
49600 25749 264
25749 25258 376
25258 33070 308
25258 34180 413
49600 29072 556
11665 7396 632
23494 14965 632
39388 20904 632
42136 25677 632
37763 28319 632
28319 4315 209
20197 28544 632
35506 31864 632
15421 33253 632
45673 33937 632
33937 48418 345
33937 32630 394
32630 42164 337
14662 34471 632
13845 35452 632
29889 36342 632
36342 7269 301
7269 30939 627
31335 40445 632
18238 43314 632
7259 47722 632
11155 48058 632
20990 49179 632
24461 9836 633
30091 24011 633
18040 24972 633
31371 27340 633
27340 39678 213
23824 28625 633
36349 28727 633
1747 30460 633
30460 31721 107
12352 31782 633
36503 32102 633
24001 36257 633
34165 39456 633
37612 39477 633
42074 43916 633
26405 45184 633
26140 45697 633
20787 49763 633
26424 13953 634
10392 14160 634
14160 38251 148
22663 21825 634
15578 28360 634
28360 41956 318
35994 31520 634
31520 4601 454
18307 31911 634
11153 32356 634
32356 35152 54
16557 35272 634
35272 20853 578
20853 30315 388
28937 37244 634
37244 9542 211
8548 41508 634
32921 41641 634
2170 43221 634
25289 43943 634
43943 46729 23
7017 44104 634
36598 49630 634
42102 49949 634
30172 1060 635
1102 2829 635
2829 7004 41
12948 15294 635
15294 40244 172
1605 15536 635
4505 15722 635
41613 18226 635
18226 41311 100
18226 45564 409
24801 19062 635
19062 43131 607
34801 21364 635
48224 21968 635
14848 24129 635
7856 24983 635
6190 28670 635
28670 39917 464
39917 27604 612
27604 28620 518
2380 29483 635
22575 31415 635
31415 33334 98
9004 36471 635
33115 37967 635
37967 6058 482
6058 47526 63
42736 38000 635
46013 38864 635
38864 19423 31
24602 39965 635
40091 41845 635
17625 42529 635
3664 43134 635
23421 45792 635
30344 48372 635
22882 9421 636
34413 12847 636
33349 17087 636
8279 18670 636
18670 10452 251
15879 19666 636
16544 21765 636
34290 23837 636
4364 24663 636
19043 25861 636
25861 46966 323
25861 48174 578
9310 26935 636
39783 31232 636
31232 22611 154
20644 31489 636
34119 32513 636
22632 33508 636
39268 33756 636
33482 34772 636
34772 41798 70
24595 35086 636
35086 21225 608
21225 39307 187
31871 35547 636
32630 36057 636
36057 31502 326
31502 23586 454
34148 36637 636
29181 36941 636
18513 37211 636
25644 38695 636
37730 40001 636
42987 41973 636
23902 42171 636
34552 42626 636
14444 7834 637
371 8347 637
6707 8964 637
8964 49905 81
8964 43306 197
22795 9475 637
9475 31052 9
38160 12425 637
58 14494 637
11307 16842 637
37640 18690 637
18690 14904 357
28438 18722 637
995 18913 637
15588 19429 637
2682 20071 637
47404 21655 637
27749 23955 637
3839 25550 637
25550 46092 190
25550 48684 533
18930 28435 637
13643 28800 637
28800 8707 140
6973 28926 637
44775 29384 637
34653 29651 637
29651 42545 174
42545 43982 292
12226 30572 637
49332 31464 637
7902 31527 637
2494 34306 637
5692 34453 637
42418 39119 637
29189 40304 637
6154 45230 637
27812 46781 637
46781 44315 318
22964 46884 637
30405 48720 637
833 3940 638
3940 39529 117
3940 5048 350
5048 30423 403
3940 44975 553
3895 5197 638
508 9238 638
6161 9444 638
9444 14961 537
14961 43592 163
5702 10254 638
10254 37566 622
25113 11705 638
46032 12067 638
12067 20204 162
170 13378 638
21874 17906 638
17906 27159 105
8837 18416 638
49222 20509 638
6032 21890 638
21890 40789 587
24476 25780 638
1957 27130 638
18982 28080 638
4282 28195 638
28195 48031 477
1031 29619 638
46660 32626 638
34957 34271 638
36696 37848 638
37848 38446 366
36005 39142 638
39142 46099 229
30609 42388 638
2666 5183 639
5183 47898 538
5600 10565 639
9017 13412 639
44448 13586 639
13586 29885 141
10909 20659 639
20659 46896 488
25335 21646 639
15099 21804 639
11973 23914 639
39136 28468 639
26619 29959 639
47684 31350 639
24613 34397 639
35035 37881 639
35691 39394 639
10002 39691 639
12447 41022 639
41696 42854 639
40761 44076 639
45555 49787 639
13213 5826 640
5826 44002 259
11672 7214 640
7214 5215 567
97 7611 640
45365 13522 640
13522 18239 93
8303 18206 640
18206 38186 330
33492 18546 640
18546 4824 549
29710 20268 640
18964 23616 640
23162 24067 640
24067 36054 537
12083 30971 640
28608 36582 640
21427 38451 640
1866 38904 640
13215 42579 640
15611 45050 640
33223 48830 640
1700 5131 641
7023 9027 641
967 17101 641
17101 37327 510
17101 14964 558
16455 18459 641
45433 19630 641
13050 25303 641
35832 35758 641
46373 39088 641
39088 30392 608
30392 47364 428
735 40573 641
40573 40094 166
9937 40785 641
13352 45386 641
5651 45961 641
42810 46458 641
40117 46491 641
46491 38957 258
22939 11728 642
25213 11804 642
6009 17221 642
38071 18989 642
18989 38693 77
9197 22155 642
20625 22602 642
19846 24153 642
24153 37533 304
37533 4577 507
4577 22816 106
22816 45284 471
22816 23447 580
34445 29682 642
29682 26246 266
26246 30236 554
24496 29696 642
20733 35402 642
3889 35611 642
23873 37824 642
37824 24451 446
41680 42309 642
25501 43452 642
9705 43526 642
8975 44192 642
31256 47677 642
47677 13153 633
13466 47937 642
17246 747 643
16268 4009 643
43312 6249 643
3069 9094 643
29291 16226 643
11444 18631 643
18631 48377 272
16513 19696 643
19696 31103 208
38967 19816 643
19816 37622 277
19816 31523 287
31523 38622 328
37622 42240 621
4114 21403 643
21403 47603 576
15805 21978 643
29023 24395 643
24395 49956 154
49956 36647 603
36647 32615 143
13002 24454 643
3335 26144 643
26144 40398 6
1126 26268 643
6860 26905 643
18957 27859 643
27871 28377 643
16879 30011 643
37503 32048 643
32048 48602 498
48602 31345 387
31345 45771 443
418 38190 643
7795 38988 643
12708 40842 643
13355 43186 643
45433 43367 643
17211 44542 643
39148 46247 643
30270 46357 643
17375 47418 643
44886 49195 643
10468 10556 644
10556 19538 342
11048 11904 644
11783 13500 644
13500 14650 568
44545 20565 644
3772 23842 644
10325 25691 644
40812 29279 644
9234 31253 644
28000 33289 644
35007 36350 644
28812 38298 644
38710 38838 644
3174 43541 644
43541 1683 547
10858 43707 644
20221 44290 644
40877 44549 644
48296 48706 644
48706 17738 307
23250 8345 645
8345 49241 324
19895 9184 645
6571 16432 645
9203 17152 645
17152 32498 392
19523 21346 645
15556 24427 645
44620 26185 645
39314 29868 645
11766 31242 645
30543 32824 645
21425 33434 645
11321 34455 645
617 35124 645
6583 36976 645
32698 37724 645
16060 39328 645
14728 39932 645
49954 43859 645
19544 47084 645
31869 47635 645
25313 49107 645
13621 49188 645
49188 33218 55
705 2503 646
2562 2670 646
37870 6681 646
6681 20387 102
20387 38228 101
20387 31214 163
46721 8853 646
8853 8003 51
2578 12222 646
12222 26331 26
6527 12748 646
28410 15512 646
16612 16221 646
16221 27635 418
16221 7111 562
39331 19841 646
963 25729 646
33410 25969 646
9662 26375 646
6533 32553 646
18778 36867 646
39521 37029 646
33333 37748 646
24741 40143 646
5453 40577 646
40577 31158 54
31158 46628 22
31158 9703 553
20730 41097 646
40867 43436 646
5541 46948 646
39520 3582 647
10010 9473 647
49948 14404 647
14404 7318 463
253 15058 647
15058 11798 221
6900 15169 647
23357 16275 647
2855 18145 647
18145 36441 226
18145 20937 242
41288 21871 647
956 25050 647
14430 26729 647
12508 28104 647
28104 25593 372
25593 49789 550
2559 31084 647
21843 38515 647
8494 46390 647
23770 49277 647
43739 3147 648
11607 10691 648
18694 12547 648
4503 13362 648
24590 14678 648
14459 18497 648
18497 44654 462
29297 20254 648
4373 24831 648
24831 28222 480
24831 20109 499
24831 15019 521
15406 28243 648
22081 31474 648
12590 34399 648
15571 36085 648
18564 39269 648
17411 39312 648
6914 39400 648
39400 8216 648
34140 41681 648
33869 41781 648
35833 42180 648
12697 24920 649
120 25707 649
37973 26344 649
26391 26906 649
13320 28277 649
17482 31147 649
10734 31738 649
31738 40298 570
2277 31752 649
31752 28257 109
29727 32576 649
3324 32647 649
22038 32811 649
25424 35038 649
2137 35392 649
33645 36261 649
40443 40310 649
40310 39631 574
40204 41547 649
41547 28433 177
41547 26788 411
48260 41595 649
12225 45280 649
45280 19318 410
1567 45760 649
45760 48003 39
35458 49111 649
29378 9327 650
9327 13642 465
38753 11601 650
2609 12978 650
12978 32949 304
28103 16352 650
13896 16873 650
48440 18988 650
29419 24333 650
24333 30126 281
36100 27575 650
27575 14122 70
27575 37827 200
1167 33997 650
22813 34266 650
34266 49489 625
49489 12858 72
12858 17667 323
23103 35174 650
26660 37753 650
12023 37906 650
15365 42220 650
41864 42355 650
42355 3468 354
3963 43423 650
122 43545 650
25602 44225 650
43752 44442 650
10687 46173 650
38100 49073 650
6721 3478 651
12817 9847 651
44111 17834 651
13404 19073 651
30196 25365 651
14046 28018 651
16075 29215 651
3930 30310 651
5964 36453 651
8839 36750 651
22832 37979 651
24055 39223 651
14985 42773 651
42773 15809 162
18589 43608 651
15164 45236 651
15003 48340 651
25652 49742 651
47305 8120 652
6948 18323 652
17800 18411 652
17638 20493 652
20493 10771 52
10771 14824 441
14824 17630 416
14824 25340 515
25340 35931 535
41171 22196 652
22196 22557 416
28004 28045 652
23387 28581 652
28581 10165 108
28581 35824 328
11789 30248 652
27003 31847 652
31847 49850 220
28353 32790 652
23229 34766 652
32090 35537 652
37345 35627 652
6884 38427 652
38427 38559 365
38559 13142 499
10620 40716 652
17760 43236 652
1332 43551 652
36897 43737 652
15765 48545 652
39697 7766 653
14554 8080 653
8080 16908 116
2683 9921 653
34104 10344 653
3950 12282 653
32387 17236 653
17236 29379 605
34736 19925 653
19925 28691 406
859 23328 653
45446 24143 653
12935 24811 653
771 30933 653
47398 31544 653
11208 32217 653
10171 43327 653
31714 44896 653
17212 46167 653
42773 47799 653
42123 48584 653
39 49442 653
34411 5604 654
28484 9853 654
26631 10737 654
12255 13919 654
14854 16007 654
42724 18706 654
35045 19893 654
34586 21208 654
7521 23517 654
10150 26490 654
26490 21415 368
9217 27584 654
19697 28094 654
8598 30003 654
25478 36399 654
7441 38888 654
20896 39871 654
35486 42217 654
48191 43358 654
9205 44092 654
13309 45234 654
9114 45911 654
28162 47927 654
47927 19249 376
28097 48644 654
48644 39001 335
22189 13127 655
13127 38314 255
38314 14976 33
312 13418 655
13993 15194 655
15194 28825 539
16781 16948 655
16948 40122 586
16948 45744 619
45744 46271 289
11910 21097 655
9631 22740 655
22740 13894 133
14658 23428 655
32923 30108 655
30108 29737 319
29737 8886 24
8886 30806 361
30806 24722 617
22710 31220 655
16205 33361 655
2364 35205 655
7113 35981 655
12343 39298 655
27737 39514 655
21910 40278 655
3281 40612 655
40612 26668 522
40062 44632 655
17915 44647 655
44647 15325 83
15325 41975 275
41975 10201 138
3895 10063 656
10063 26055 553
5201 20246 656
19791 22273 656
22273 30395 123
22251 26035 656
13162 27439 656
40334 30214 656
38950 35010 656
13096 35831 656
20891 38522 656
28548 45987 656
38259 46744 656
19859 47527 656
47527 42504 354
42504 36973 305
42504 32288 315
42504 13276 509
40418 49168 656
32113 2791 657
5380 4499 657
4499 41909 540
41909 3208 517
3208 12249 551
1234 4646 657
5149 10701 657
10701 40584 141
5191 11395 657
7751 12991 657
27011 20401 657
30695 21396 657
19605 23384 657
22500 27643 657
5513 28349 657
47957 28558 657
31277 32310 657
27124 33528 657
21225 35291 657
10860 42319 657
15783 48878 657
19891 2614 658
62 2915 658
4629 5068 658
530 11205 658
7289 14137 658
28820 18128 658
8803 19984 658
24784 20642 658
20642 29895 456
23705 31611 658
21579 32350 658
16125 35396 658
33896 39376 658
39376 47682 537
10163 41231 658
41231 25752 23
22153 41949 658
30839 45336 658
2355 45655 658
7014 45718 658
25932 48202 658
3939 48579 658
6989 12227 659
6932 14585 659
14585 29791 47
29791 44008 407
44008 37251 297
25797 15129 659
7632 18812 659
9157 19851 659
21368 23699 659
1149 26227 659
10677 26318 659
6167 27699 659
28900 28092 659
28092 46459 539
12244 35366 659
8900 38125 659
20808 41178 659
3260 44217 659
43244 47168 659
1257 4656 660
21647 13004 660
13004 38257 249
3709 18488 660
29122 20624 660
32020 28834 660
40652 29335 660
36175 31556 660
17141 32071 660
43810 32888 660
989 33691 660
33691 20017 528
17370 34390 660
31268 34874 660
41612 36459 660
15259 42981 660
2417 44117 660
1587 44743 660
42022 45591 660
23758 45988 660
21600 45996 660
32335 47104 660
44128 47529 660
47529 33893 548
33893 24806 103
596 11054 661
11054 29799 327
595 14475 661
14475 35592 624
30270 15440 661
47885 15732 661
31973 16377 661
19974 21625 661
48295 22262 661
35651 24787 661
18214 28910 661
17871 31431 661
6816 31488 661
40535 34218 661
21630 34273 661
26944 40154 661
40154 44068 109
12322 44711 661
15374 45405 661
21103 45908 661
48151 48358 661
3894 4239 662
4239 9876 55
11044 8189 662
49336 15285 662
4760 16094 662
20658 20921 662
15578 21026 662
13968 22513 662
9424 23438 662
25078 24721 662
11248 31675 662
31675 41036 407
5400 35326 662
28836 35613 662
35613 27396 619
19159 36308 662
15072 37201 662
13461 39540 662
17955 41670 662
37451 9554 663
9554 10962 94
28334 11143 663
11143 16913 147
11143 5114 587
29334 11261 663
41671 12452 663
12452 25264 393
1296 13041 663
13041 12586 64
34117 16537 663
16537 31743 308
704 21274 663
21108 21960 663
18228 22450 663
22450 23474 580
23474 36717 242
25750 25941 663
49161 26807 663
35965 26922 663
18053 27306 663
14106 27665 663
15250 28945 663
8510 30931 663
15718 33676 663
8172 34296 663
40958 37486 663
10288 38116 663
12941 38306 663
22561 39654 663
22393 40404 663
9974 41227 663
24347 42364 663
19644 49324 663
49324 816 26
362 1570 664
1570 9798 368
9798 43813 257
43813 46376 170
43813 40328 470
25841 8732 664
48501 15540 664
4994 16155 664
16155 48645 56
22952 16683 664
20538 16838 664
16838 3915 547
390 17254 664
17254 22000 554
32925 19972 664
19972 21608 377
39820 22149 664
16891 24893 664
5591 26967 664
1828 27524 664
27524 5790 518
26897 31711 664
15439 36521 664
8346 36733 664
22794 38099 664
22881 40698 664
40698 36075 295
36075 21489 372
40698 26899 428
21489 20359 493
20359 40594 315
9018 41265 664
39417 42664 664
36301 42752 664
12915 42777 664
44022 45259 664
6550 47094 664
14340 47825 664
12158 49603 664
49603 34262 408
6947 49930 664
22221 6263 665
48956 10606 665
10227 16306 665
2356 16729 665
16866 17376 665
17376 37236 544
6057 22422 665
12984 25237 665
29938 26789 665
26789 30165 345
23753 27355 665
32071 28576 665
28576 30672 344
18514 29399 665
40910 29408 665
25960 30509 665
26226 33083 665
25165 34079 665
14453 37982 665
8173 39111 665
34675 43304 665
30636 43594 665
24294 45495 665
10903 46365 665
32936 46855 665
46855 27213 635
27213 27969 401
27875 47122 665
47122 3912 159
6038 47793 665
673 14723 666
26454 16403 666
16403 29044 358
28244 20692 666
22300 21787 666
22737 22987 666
22987 25180 133
25180 47896 379
35377 29535 666
29989 39595 666
19567 40256 666
35416 48636 666
42047 49159 666
26912 828 667
828 49640 158
1094 1320 667
1320 1684 311
43133 6152 667
5747 6988 667
39402 8687 667
8687 10239 335
975 10013 667
3395 11670 667
11670 29955 250
29955 43973 189
33209 13517 667
2831 14019 667
24080 15660 667
15660 14080 253
42497 20779 667
20779 37522 352
20779 19370 365
19370 35540 588
15533 21001 667
5787 23990 667
27717 24060 667
7542 27144 667
15272 27823 667
8361 28473 667
15356 34832 667
34832 41133 36
31357 35387 667
20641 37101 667
37101 42919 510
5316 37602 667
35115 40956 667
42683 45051 667
32665 46064 667
28864 47765 667
302 3050 668
2714 3265 668
3265 32605 24
2691 4808 668
4808 44992 304
44992 36146 159
12226 7692 668
6623 10482 668
24478 11934 668
7024 11972 668
11972 45683 645
45683 49490 424
49490 42076 620
42076 42080 566
8785 13366 668
14106 30354 668
19781 32017 668
32017 35773 498
32017 36670 650
6272 34762 668
43538 34872 668
21520 42159 668
42159 31156 447
31156 39221 539
39221 3501 187
36572 43391 668
9689 44760 668
16998 46859 668
6535 2317 669
2317 21593 466
2317 15865 627
7173 8226 669
4541 8513 669
8707 8873 669
491 19923 669
22727 24189 669
35149 35492 669
35492 25302 510
35435 36116 669
37157 38170 669
11680 38511 669
17428 41145 669
3393 42888 669
2845 43656 669
68 43775 669
828 46404 669
31582 46807 669
146 48856 669
42492 49962 669
1483 4067 670
4067 28039 318
4067 18653 631
41100 17278 670
17278 28685 460
15849 17724 670
29823 23843 670
24914 23968 670
6389 25182 670
25938 32552 670
8874 32806 670
16203 38963 670
38963 20154 439
25938 43246 670
44523 44908 670
14203 47916 670
47916 41937 376
1 49204 670
11668 49491 670
4126 1365 671
1548 13217 671
13217 26924 104
26924 28987 17
28987 33318 328
25310 14944 671
16297 16554 671
16280 18762 671
5413 20884 671
49511 25584 671
26441 25694 671
21800 29038 671
7708 31368 671
33607 33469 671
39360 35918 671
35918 39527 280
1969 36408 671
8216 40751 671
31010 47496 671
36732 49049 671
6776 7281 672
339 9778 672
16561 10450 672
7422 11445 672
5992 14075 672
4175 14673 672
14673 32258 347
32258 16763 54
32258 35420 198
4877 17309 672
24757 17701 672
32963 25410 672
25410 49228 72
25410 38806 514
5284 26879 672
24925 27228 672
14867 27630 672
11994 29317 672
35834 31050 672
46692 44384 672
33454 46569 672
21850 3056 673
3056 2371 574
38497 3934 673
13775 4415 673
4415 8385 499
13478 10187 673
10187 28337 264
10187 21341 553
12717 12998 673
9572 15651 673
39722 16687 673
2796 17982 673
17982 20081 327
17982 25388 482
11940 17989 673
10063 22223 673
22821 23463 673
43181 23664 673
12263 23879 673
25502 41003 673
1768 41868 673
39739 45249 673
27370 45759 673
22940 49564 673
1892 6169 674
6169 26572 134
45193 8860 674
3195 18042 674
18477 20696 674
1562 22033 674
22033 19192 285
6643 22897 674
26327 23252 674
23252 45503 156
45503 40360 3
45503 48168 626
48168 26984 211
26984 28981 392
14614 26702 674
12082 31507 674
31507 48937 304
43677 31641 674
10043 38931 674
4771 38981 674
36306 41750 674
31208 43524 674
9433 45437 674
45437 45778 436
7542 6040 675
6040 21467 207
6040 22723 262
22723 19943 1
19943 12713 415
19943 4732 670
14090 7406 675
37923 11566 675
3980 16121 675
26463 22272 675
11589 23082 675
16248 25747 675
38159 26172 675
3849 27322 675
40852 30424 675
17474 32401 675
42896 33520 675
9530 34806 675
12158 37424 675
46372 37789 675
6128 37894 675
22147 41867 675
43440 45727 675
26753 49617 675
7717 7718 676
2719 12976 676
25415 14912 676
8120 18965 676
15893 21393 676
5129 22656 676
35819 23813 676
23813 21534 139
10234 24988 676
24988 32481 77
39189 26544 676
4778 27148 676
23358 28955 676
28955 16428 358
28955 23383 399
23383 3412 585
3412 28002 290
16428 12778 609
38740 33132 676
2923 39639 676
26005 44232 676
3230 47668 676
31073 47872 676
47872 41494 621
1041 48171 676
37552 48203 676
44188 48379 676
48379 15576 308
362 4833 677
4833 28655 446
29930 8175 677
2496 10568 677
43285 16192 677
20747 16551 677
38482 22265 677
22265 38316 134
38316 49380 71
22168 22810 677
22810 46088 122
22810 37227 130
6198 24853 677
24853 46865 472
2825 30841 677
49158 32924 677
8176 38323 677
38323 39451 337
11693 39255 677
39255 48558 104
43255 39572 677
42824 39870 677
14685 44154 677
33122 46973 677
24036 47353 677
4714 5376 678
5376 14786 593
1704 6893 678
23363 12341 678
10561 12746 678
22304 16556 678
16556 11145 447
10518 23504 678
32850 26387 678
24268 31522 678
41593 33610 678
31624 42620 678
40823 44288 678
40813 44912 678
29654 46206 678
9877 46505 678
10933 48160 678
25863 492 679
15528 14103 679
14103 24375 244
24375 28030 667
20037 15481 679
4907 22887 679
28804 26688 679
17695 37616 679
9507 46977 679
23296 47634 679
19922 47790 679
993 5641 680
5641 31949 598
31873 21309 680
15273 22982 680
24448 25328 680
25328 39956 204
39956 27501 395
37391 27351 680
23043 33910 680
21661 38454 680
38454 48111 205
7010 38908 680
36938 40900 680
27977 41038 680
41038 17998 272
17998 32640 456
23322 41858 680
9047 41898 680
24356 42606 680
42606 29854 450
6459 46134 680
5454 47134 680
47134 44857 569
5284 47442 680
28435 49153 680
41460 13282 681
5459 17355 681
19806 19366 681
10099 29926 681
38425 30759 681
30759 41693 218
49118 35346 681
2086 37367 681
26740 38506 681
28831 42428 681
1005 1380 682
1380 7794 277
7794 37883 33
40739 9603 682
3637 9801 682
5039 13923 682
14679 16046 682
20673 16110 682
12864 18440 682
17585 18730 682
49468 21127 682
12352 25603 682
4396 25924 682
34369 26496 682
18384 28120 682
1414 28152 682
2701 29469 682
18230 32766 682
32766 36535 605
29888 34406 682
28497 35595 682
35595 29021 118
29021 28240 73
46144 44275 682
3968 44993 682
25677 45471 682
21218 49320 682
13428 4670 683
10832 13590 683
13590 35352 19
11046 14682 683
47309 21214 683
1538 22701 683
7172 25735 683
25735 47070 403
22092 32347 683
31016 32430 683
32569 35861 683
35861 42730 601
15877 38832 683
22276 47573 683
2172 48503 683
34710 48601 683
41090 49031 683
13621 49134 683
28302 2405 684
2405 23051 224
36082 9502 684
9502 17883 229
7406 10833 684
392 15519 684
38984 24584 684
37668 25136 684
37068 34410 684
30799 36203 684
27971 37506 684
31270 47775 684
47775 12767 192
20484 47843 684
47843 49425 475
798 3463 685
3463 4530 70
4530 47773 300
6023 6043 685
21622 8915 685
39519 14969 685
16618 20132 685
745 20913 685
42421 24110 685
20067 31700 685
15682 33243 685
42190 34105 685
2172 35921 685
27500 36729 685
38489 37016 685
15569 39443 685
9120 47531 685
29991 48457 685
8101 17127 686
17127 28975 328
14171 28293 686
25281 28784 686
25851 30088 686
30088 43590 288
31026 37966 686
30759 41710 686
28923 45242 686
44180 45641 686
29159 45647 686
23072 9953 687
14815 16968 687
16968 33406 340
33406 43952 90
43952 45409 272
33406 43521 298
34746 21156 687
21156 26839 504
26839 23354 348
13449 21842 687
11679 22174 687
18503 23356 687
23356 39786 28
11083 24378 687
4015 26502 687
26502 34337 333
13004 29145 687
39551 31671 687
22000 41469 687
41469 16033 142
5661 44955 687
44955 17271 125
17271 850 39
17271 39756 68
39977 10056 688
10056 43340 224
43340 47251 106
43340 25826 261
16428 12612 688
4542 16973 688
18693 23658 688
23658 42607 279
4485 26926 688
7089 30191 688
20305 33820 688
33820 46039 306
32211 37888 688
31815 38424 688
22954 42118 688
38950 45826 688
42776 48850 688
8138 2462 689
2163 2730 689
2730 41577 376
31958 4673 689
4673 38907 135
4673 40238 325
4737 6557 689
7816 12313 689
19218 16220 689
6360 18755 689
18755 34590 340
18755 48298 644
85 20814 689
8679 21263 689
28371 26164 689
12453 28933 689
14822 32638 689
17949 33778 689
43694 34770 689
35958 39903 689
28970 40093 689
14204 40349 689
3099 45632 689
1496 47788 689
2987 8052 690
204 12951 690
803 16134 690
6278 18856 690
18856 41994 437
41235 21326 690
12635 22261 690
13119 26865 690
8731 27730 690
21707 33027 690
33027 43959 499
18032 35923 690
31477 38932 690
49143 40073 690
26477 46138 690
15949 46217 690
46217 3884 210
3884 24019 331
28225 47316 690
37258 49408 690
3259 11988 691
15454 14150 691
19683 20419 691
43296 22281 691
9827 22527 691
17510 22979 691
22979 43166 379
34642 25787 691
11619 29096 691
9094 29098 691
22237 35783 691
9722 35978 691
32647 40912 691
37257 40944 691
16438 41759 691
16938 42999 691
42999 45756 529
12197 47754 691
3433 12613 692
3895 18972 692
45831 19437 692
23037 22876 692
22876 29308 352
9497 23091 692
8160 25681 692
19514 33148 692
26743 33458 692
33458 27973 50
30432 33888 692
909 42932 692
3509 46315 692
11547 48855 692
12067 6311 693
14748 14516 693
22101 20950 693
37578 22910 693
26205 24770 693
2350 25360 693
19422 29879 693
31202 32092 693
24230 33560 693
21867 34430 693
39003 37165 693
5419 38382 693
33267 49417 693
7020 734 694
279 2254 694
2366 5628 694
4459 5650 694
257 17071 694
17071 45136 635
19449 26591 694
6367 29374 694
24977 37011 694
37011 25963 490
33366 39635 694
24895 43614 694
33104 45674 694
40559 48870 694
2176 2252 695
6084 7528 695
7528 10371 47
7528 47928 275
47928 16088 464
16088 27582 476
7528 19940 688
17743 8274 695
1985 11317 695
48760 11979 695
19141 16705 695
23607 24160 695
6364 30585 695
11805 34355 695
34355 45791 668
42677 41158 695
36449 41511 695
8492 10593 696
6581 11676 696
1750 17072 696
17072 47742 234
28843 17305 696
17305 14978 604
1011 22306 696
22306 45543 63
20788 23326 696
39752 27667 696
15476 34544 696
34544 43033 288
23737 35661 696
32768 42573 696
33620 44000 696
20587 46820 696
46820 19193 152
32849 46900 696
28507 47343 696
11607 48675 696
48675 43817 65
46690 49075 696
219 3448 697
920 3554 697
9506 4472 697
1011 6601 697
6601 43491 305
6601 6694 674
154 33921 697
11618 42685 697
31258 44241 697
18055 44646 697
44646 16786 241
5478 45435 697
45435 23054 619
30275 47085 697
12610 47508 697
1094 7328 698
7328 16480 519
48688 15729 698
92 15862 698
8020 16589 698
25245 19584 698
10447 28398 698
27211 28922 698
1189 29757 698
29757 46789 270
4213 29917 698
44986 34666 698
13045 35692 698
672 38172 698
5879 41309 698
9584 42577 698
42577 4374 430
2499 46002 698
46002 16788 37
46002 32686 88
46002 31854 417
16788 18816 654
24537 47780 698
43836 47807 698
14993 49394 698
2211 10219 699
940 22293 699
8309 25964 699
15653 26342 699
6020 27103 699
15457 27544 699
19417 29152 699
1058 30051 699
29836 31725 699
2098 33329 699
33329 40342 116
40342 35962 499
35962 28448 455
10114 33682 699
10978 35212 699
29641 42330 699
15783 44548 699
17739 47310 699
22306 49981 699
44513 4668 700
11807 16702 700
12084 17923 700
40986 25627 700
36088 25745 700
23060 27857 700
20742 30969 700
30969 47447 307
47447 26473 159
12758 32024 700
30621 34999 700
21183 37900 700
27256 40629 700
7952 45937 700
2325 49495 700
27591 49906 700
590 9041 701
5973 15962 701
2037 17435 701
17435 39347 322
39347 32047 465
32047 24771 503
32047 32453 593
3342 20798 701
4732 21164 701
38671 24065 701
24065 32814 428
23873 26380 701
26380 42161 147
25606 31539 701
35977 37432 701
29831 38422 701
32497 41749 701
49949 2005 702
5119 7729 702
38770 8099 702
14752 8329 702
13952 11220 702
780 12147 702
3892 16714 702
17504 18259 702
9553 22209 702
19189 26448 702
36071 28252 702
39245 29865 702
21219 30735 702
12227 30943 702
18169 31560 702
16111 33642 702
19143 36470 702
25022 38293 702
48515 40309 702
9666 46330 702
17617 16817 703
10400 22341 703
13458 36161 703
3359 36196 703
31206 36359 703
26743 38903 703
5514 39625 703
35402 48826 703
15827 48849 703
5149 48950 703
14561 49824 703
2543 3360 704
39839 9664 704
47539 10308 704
10308 33076 311
10386 19409 704
28963 20938 704
47933 25699 704
21465 27485 704
3563 28506 704
1596 39302 704
38882 41544 704
11358 42192 704
42192 27735 369
27735 11737 318
11737 24339 597
29350 44062 704
29140 47567 704
37456 3962 705
3998 4511 705
4511 33480 59
28206 7624 705
22994 17763 705
24209 23270 705
23270 37199 653
37199 39074 336
6546 26506 705
12401 27205 705
10126 27571 705
34248 28075 705
9283 34693 705
24736 36632 705
36632 12784 346
12784 15287 251
29950 37740 705
684 40926 705
15884 41220 705
49852 42831 705
23263 45226 705
1984 3243 706
3243 19684 657
4397 10412 706
13613 18245 706
8639 19057 706
4298 30298 706
10454 32867 706
25576 33522 706
15360 34574 706
5385 35330 706
25186 41123 706
33108 46142 706
9000 46226 706
33845 47835 706
19216 48283 706
163 2792 707
7301 5523 707
5523 6100 32
6100 25392 257
9853 8201 707
4910 11059 707
6200 13272 707
13272 28729 9
15198 19957 707
47893 22565 707
4590 24291 707
24291 5926 414
26657 24596 707
1318 28078 707
28555 30982 707
23458 31548 707
31548 48868 207
29165 33680 707
31478 37281 707
10966 37968 707
29106 40899 707
33950 40907 707
43877 46902 707
1490 47869 707
30523 48599 707
1438 2096 708
18008 10460 708
6661 15448 708
10287 17489 708
5425 19766 708
635 19830 708
18298 20591 708
20445 26480 708
26480 37930 459
26480 23775 690
22321 27869 708
2801 30776 708
24964 34106 708
12504 37194 708
12222 38533 708
33903 39391 708
1846 40227 708
40227 44644 193
34000 45057 708
36308 47400 708
6017 47724 708
3501 3789 709
176 12018 709
23998 19504 709
39269 20574 709
9597 21110 709
8107 22385 709
23995 25081 709
14491 26002 709
2029 27593 709
43783 27866 709
25185 30177 709
30177 37343 707
49301 39769 709
39769 8585 417
43342 44696 709
21733 45278 709
25227 45715 709
37284 45858 709
5860 46055 709
3567 46924 709
12640 47072 709
46359 47961 709
47961 28990 700
48232 49461 709
18771 900 710
900 11519 465
11519 32070 293
11519 18971 613
27545 3886 710
3627 7942 710
4417 14840 710
34876 16283 710
22789 19529 710
14410 20498 710
20498 42688 372
23957 22210 710
26902 28341 710
23310 30362 710
37845 32105 710
38072 37283 710
37283 37303 307
24501 41468 710
10477 48976 710
46582 49350 710
37687 6891 711
6891 17136 335
6891 27951 401
10286 12174 711
25908 14471 711
13447 16522 711
5673 17811 711
10519 20418 711
20418 40187 353
40187 40552 634
15399 23007 711
9178 23587 711
16646 23937 711
23937 33847 155
23937 33449 605
23937 45557 639
32685 24666 711
8032 31919 711
18268 36912 711
2670 37413 711
40080 41628 711
582 17026 712
2117 22067 712
22067 44988 135
13563 22634 712
45242 26180 712
15382 26725 712
19542 32066 712
37645 32202 712
32202 19921 363
44966 34021 712
22462 34387 712
34387 12739 609
8385 36292 712
43769 37903 712
29957 38007 712
24094 38726 712
20457 39841 712
6845 40873 712
27656 42698 712
30006 42849 712
339 43790 712
9091 5019 713
20599 25892 713
6909 26224 713
11475 33357 713
12008 44264 713
35660 45023 713
1936 45493 713
38994 47119 713
25588 7555 714
3598 10257 714
1640 10404 714
41030 10887 714
10887 35140 105
4566 18447 714
18447 43326 87
18447 31311 430
29972 26000 714
13122 26407 714
9028 30948 714
24224 33438 714
10293 33468 714
4532 35494 714
26213 36385 714
15255 40911 714
28970 44069 714
10000 49551 714
34922 15644 715
15644 25330 369
13772 16185 715
12802 19617 715
47662 21519 715
21519 30208 578
37210 23876 715
16612 30870 715
19921 38550 715
38550 26558 144
26558 6290 17
26558 41897 619
1832 40078 715
39859 41358 715
10254 43995 715
32553 45504 715
9754 48286 715
46904 49082 715
49082 31552 218
49082 43349 706
10426 49120 715
1646 1980 716
486 8581 716
8581 9144 234
5732 16201 716
16201 25976 550
7690 16405 716
26344 20394 716
9605 25483 716
34744 25498 716
25498 17250 239
25498 26838 712
26838 44574 341
10119 27638 716
37925 27847 716
6453 35667 716
21711 36236 716
19601 37663 716
37663 11800 295
11800 36801 334
46394 40339 716
32523 44891 716
32085 45465 716
45465 15014 80
15014 37964 572
3510 45859 716
47332 46489 716
46489 43615 428
21018 47234 716
28878 48012 716
32339 11986 717
4505 14328 717
8159 16173 717
42831 16429 717
19993 16755 717
16755 16267 689
25890 26716 717
26716 37247 645
42615 34907 717
34907 38783 420
31258 39251 717
7318 39643 717
11313 40135 717
2596 49766 717
49766 32976 406
852 8261 718
12493 10157 718
12150 16630 718
6460 19294 718
18388 24573 718
27896 26981 718
4994 29466 718
10023 30297 718
22484 32390 718
9607 32815 718
10527 34365 718
17638 34426 718
12438 35374 718
40611 37751 718
44318 44470 718
15458 2374 719
7145 7833 719
947 24445 719
25252 25342 719
21313 30993 719
25296 32293 719
21292 35527 719
35527 40705 76
38185 36940 719
36940 19323 369
3255 40521 719
29986 43469 719
35377 47601 719
33773 12724 720
18657 14050 720
14050 11929 663
11929 48170 573
30692 15378 720
14255 16295 720
28931 37835 720
37835 16189 344
19604 37991 720
43307 43620 720
19788 47380 720
957 10296 721
4530 15260 721
9721 18243 721
28629 27690 721
31850 28467 721
30479 32735 721
32789 41534 721
38903 41819 721
18798 43937 721
43682 45311 721
45311 44819 333
44819 46058 484
34789 46819 721
14161 47944 721
85 4359 722
13323 7811 722
1288 13018 722
13018 26991 5
21359 21946 722
22011 23597 722
36465 24084 722
24084 49078 162
32598 33542 722
14982 36460 722
34438 40210 722
15872 43728 722
43728 2982 622
2982 38041 270
2982 36578 485
2982 2591 605
47448 44564 722
18480 46155 722
17876 46930 722
36271 48252 722
48252 24035 716
37922 48456 722
12188 1904 723
26266 9710 723
12830 13318 723
5426 23334 723
8610 27743 723
9649 28817 723
1931 36128 723
13406 37632 723
39258 39899 723
34423 42214 723
2341 7691 724
4276 17716 724
12364 21560 724
19658 23500 724
10073 24864 724
6097 27441 724
36239 32860 724
32860 28797 338
28797 28857 318
9019 33201 724
3769 33770 724
5785 36169 724
10195 38300 724
20320 41156 724
1435 42725 724
35605 44269 724
586 44381 724
27877 49474 724
13351 5566 725
49222 7040 725
22 9368 725
9274 9817 725
22902 17641 725
37201 20324 725
10476 22735 725
12150 26511 725
9182 27736 725
11179 30241 725
30241 15311 523
564 30438 725
14394 48723 725
46148 14784 726
14784 8728 138
12534 15562 726
15562 24782 514
24782 41610 437
15562 9013 561
12335 16321 726
17063 19082 726
19497 22943 726
10277 26876 726
10827 28742 726
49383 31979 726
17090 32612 726
48577 35104 726
29774 38906 726
10425 40160 726
40160 12113 660
12113 19101 177
10586 42429 726
26978 43323 726
7004 45661 726
5578 46263 726
42616 47384 726
36032 47463 726
3884 6008 727
6494 9224 727
17529 10645 727
40115 16920 727
15399 18453 727
18976 23472 727
23472 47161 174
45474 29081 727
42402 30867 727
13401 31193 727
4145 34768 727
22897 35016 727
35016 48342 136
35016 22563 312
2439 35414 727
5680 40146 727
14184 42424 727
26137 43976 727
15952 44998 727
24255 45671 727
4010 46845 727
4526 7360 728
16931 11226 728
11226 35002 375
10161 15436 728
7813 17570 728
10727 17912 728
23887 18185 728
41660 21185 728
15122 23371 728
10413 27267 728
27267 24715 627
24715 22390 248
18731 30998 728
5084 33362 728
25275 36135 728
2102 37001 728
37001 24390 537
48282 38754 728
33817 39413 728
39413 34767 555
23875 40225 728
31268 42600 728
3748 42787 728
42787 46388 625
40462 45752 728
23363 47434 728
40087 47728 728
736 1084 729
3865 11227 729
7024 17044 729
41550 17712 729
1431 19194 729
4002 21206 729
4265 28526 729
28526 37611 605
20983 29976 729
21643 31528 729
30026 31603 729
19163 33765 729
8800 34294 729
19534 36009 729
26725 36644 729
42648 38281 729
35696 42903 729
48626 43225 729
10812 44586 729
33553 45344 729
30020 45990 729
45990 37309 321
25611 46381 729
2023 6715 730
10450 9171 730
9171 9434 128
2591 10970 730
19958 11454 730
6816 13369 730
41083 15704 730
15704 39972 357
15704 43663 427
9448 19184 730
49757 23577 730
24176 24589 730
13550 26052 730
13450 26222 730
24521 27450 730
41806 29204 730
48425 30655 730
15763 33752 730
28373 34712 730
20101 36499 730
33241 39385 730
4941 49704 730
2354 6783 731
30884 17373 731
28236 17494 731
23001 20832 731
24212 29198 731
41093 30370 731
30622 36017 731
20885 37798 731
17932 39421 731
28457 42036 731
48259 42432 731
22123 42723 731
1347 42963 731
7399 43696 731
36185 44636 731
17723 45768 731
4910 6051 732
6051 9484 234
9843 17329 732
14213 18938 732
47716 23755 732
23755 32056 727
25484 29249 732
22595 29414 732
8004 31223 732
47979 31484 732
31961 33918 732
7064 35432 732
23789 40693 732
16955 43178 732
11397 47982 732
37849 18473 733
10036 31200 733
4947 32678 733
10138 37737 733
8630 44731 733
4442 4626 734
7114 6797 734
46559 25334 734
23786 29462 734
39910 34517 734
20699 35549 734
22917 36926 734
36926 37468 175
6361 45158 734
435 13086 735
13086 32304 320
11753 28794 735
28794 38810 223
4918 32145 735
26068 34854 735
19735 41818 735
5744 44766 735
3574 6796 736
8175 11611 736
11611 17683 116
17683 10793 354
10793 19333 351
17683 46874 468
29946 15232 736
15232 41892 655
41892 33744 125
13561 18177 736
39260 21102 736
21102 46674 637
851 28144 736
28144 34502 228
36510 28524 736
28524 38243 499
43851 28752 736
10133 28941 736
22604 31748 736
461 32745 736
25886 32747 736
9656 32942 736
22561 35937 736
35937 42847 219
35814 37368 736
16499 39703 736
39703 537 438
30630 40343 736
34970 47628 736
41087 12503 737
42489 14319 737
14319 20066 24
20066 24429 570
12025 19880 737
5116 27801 737
31189 35064 737
39422 37878 737
37878 29470 67
20394 37944 737
18368 40734 737
34381 41579 737
42577 42697 737
23537 45341 737
43414 47674 737
39286 48915 737
49445 49038 737
49038 40996 729
2171 9045 738
9045 2161 552
10900 15412 738
13791 24004 738
5968 28462 738
1371 29572 738
29572 33868 108
38185 36158 738
15746 36395 738
16641 38653 738
7064 46960 738
5577 2805 739
3462 6548 739
4144 22558 739
26102 31370 739
31370 38510 598
35215 36554 739
36554 48662 676
18201 45553 739
23180 46096 739
26546 2640 740
2640 11794 616
14421 17469 740
8000 18108 740
3570 22912 740
28730 25566 740
25216 26960 740
25029 27903 740
3083 31027 740
29600 31386 740
31386 40811 625
40811 49258 434
12659 36223 740
36223 36452 314
36452 48981 181
10135 37328 740
36628 37618 740
11588 38635 740
38326 40499 740
40499 12259 530
7482 40803 740
19759 10528 741
19708 17759 741
10372 20714 741
28950 23087 741
23087 36187 142
20068 23435 741
23435 38373 379
2991 26633 741
16000 31160 741
19065 31413 741
17239 34893 741
18055 37130 741
35019 42853 741
24866 42920 741
40419 43050 741
45018 46417 741
44569 47920 741
2591 9287 742
20149 21061 742
33002 22424 742
38155 30115 742
28611 32284 742
39472 36805 742
23293 38685 742
47062 39309 742
39309 19250 34
3650 42521 742
3873 46636 742
12604 49052 742
31720 12798 743
4922 18174 743
18174 48350 555
27430 21755 743
38030 23505 743
23505 48219 109
4161 29532 743
37981 30234 743
3239 34279 743
18202 39833 743
37014 45614 743
43894 47715 743
17195 47947 743
47947 26804 639
21428 48585 743
44915 49173 743
5038 8625 744
8436 16254 744
1842 18760 744
18760 22838 196
22838 23987 120
18760 23066 655
7519 23281 744
12779 23377 744
28636 25658 744
25658 43695 353
36261 32141 744
32141 46913 556
19317 43665 744
29796 44797 744
44520 46332 744
48288 49760 744
140 820 745
10619 3585 745
3585 28993 271
2657 19959 745
19959 36281 254
8803 23151 745
34826 23606 745
23606 35259 720
10367 23701 745
23701 45104 385
2563 31524 745
47196 34889 745
9954 35919 745
35919 44691 739
3980 36725 745
4813 37938 745
5354 39602 745
44172 41441 745
21060 41648 745
22406 49528 745
49285 8300 746
46789 15056 746
40567 22394 746
17681 23945 746
5731 24278 746
24278 37696 659
2087 25624 746
1596 25646 746
8427 28301 746
23995 28376 746
28376 49137 595
26092 29449 746
29449 886 105
5605 36084 746
10631 36639 746
3526 44677 746
1585 10488 747
43049 16676 747
3097 20123 747
10136 20416 747
27080 23154 747
10428 26730 747
13099 30981 747
3275 39401 747
39401 44830 476
44830 35850 327
35850 9763 650
16657 40051 747
11509 42785 747
9096 42973 747
5978 46245 747
46838 49609 747
3300 9328 748
6112 20866 748
11267 23525 748
1274 27070 748
42494 35575 748
22597 35754 748
45800 40162 748
7476 46546 748
39684 48186 748
13162 48641 748
14149 49839 748
41842 1962 749
17517 20846 749
27698 22154 749
15444 22680 749
18250 22767 749
20758 25064 749
32111 26209 749
22972 38090 749
25024 39081 749
7177 40528 749
47234 43866 749
18238 44543 749
23523 45177 749
6064 8285 750
6260 12741 750
13655 14960 750
10855 16759 750
48337 18246 750
43704 18448 750
18448 36391 354
165 21258 750
15402 23692 750
19527 36315 750
20201 36888 750
25482 37102 750
32355 43557 750
15853 43651 750
43651 34484 466
40134 45287 750
16709 48233 750
30442 18197 751
18197 40534 57
18197 41838 473
29561 30617 751
7711 34147 751
44006 34991 751
783 44476 751
44476 45373 196
22347 47042 751
9946 48226 751
4624 10478 752
3062 10899 752
5238 12810 752
12135 19454 752
15656 20083 752
16631 20749 752
48974 22961 752
38349 30927 752
18996 34865 752
46245 35127 752
621 37312 752
33070 39132 752
2342 48699 752
18840 8750 753
6898 14949 753
24009 15565 753
34871 16157 753
14782 18682 753
22503 24671 753
15236 26299 753
8779 28790 753
35346 30507 753
30507 15608 22
22871 32207 753
20059 35577 753
35577 47218 171
32115 40772 753
1992 41866 753
2019 45622 753
39192 48780 753
2761 9111 754
3815 25055 754
25055 23120 79
10390 26550 754
26550 36182 82
21439 28208 754
28708 34011 754
34011 47130 566
47130 17747 131
45022 37941 754
6250 40909 754
20045 42951 754
30751 43892 754
46814 46514 754
46514 27549 146
35453 47706 754
18122 48481 754
48481 29575 489
34833 48965 754
48965 44534 269
3059 6336 755
43513 6982 755
12189 7047 755
12764 11581 755
11581 30107 259
13379 15988 755
19467 19129 755
35530 19418 755
6582 25091 755
5362 29196 755
15840 30417 755
7327 35419 755
22694 35782 755
3634 38267 755
25471 40915 755
12457 42116 755
38025 46785 755
44483 1711 756
1711 22530 142
22530 23127 712
10154 19978 756
19978 37361 434
19978 38782 472
3862 22864 756
22864 45089 430
22729 28328 756
31449 31019 756
31019 12666 52
12666 45611 202
31019 39872 304
31019 15178 612
31019 47725 655
12666 19570 660
9233 31856 756
2288 34107 756
34107 48668 44
9065 35493 756
17948 40410 756
17091 44446 756
14276 45452 756
45452 31176 321
27356 46057 756
19 3583 757
2205 17059 757
4755 19396 757
15059 24361 757
4927 27289 757
9045 29288 757
11215 39147 757
140 40932 757
36195 41184 757
39675 46022 757
40931 48625 757
39496 21291 758
18176 23515 758
14772 24100 758
10435 25184 758
25184 26197 226
35567 28649 758
30732 29874 758
29874 12024 382
25746 33156 758
27556 35023 758
1853 36772 758
9966 37785 758
9098 40421 758
35803 47024 758
14125 14569 759
1891 15517 759
23123 31692 759
25029 32053 759
17443 41431 759
28442 43064 759
39245 43497 759
49327 47018 759
13592 48631 759
35034 48795 759
31822 18149 760
4358 18270 760
40606 19451 760
19451 22258 622
4078 20980 760
840 21475 760
6604 21998 760
38324 22713 760
471 23362 760
43751 24708 760
49432 28366 760
28366 41822 422
28366 44351 564
28366 31273 639
31273 40805 96
4266 31694 760
26048 37585 760
6404 39012 760
11162 43734 760
26016 47247 760
10465 48234 760
19378 24095 761
24095 32079 717
1047 25071 761
2723 27191 761
18080 35717 761
35717 24185 261
20295 38866 761
21688 41106 761
34555 43611 761
31827 43934 761
8301 44509 761
44509 27200 318
27200 11736 246
24218 44538 761
33701 48071 761
4809 49876 761
43897 7465 762
2005 10830 762
2381 22415 762
21712 23802 762
23802 34563 609
7372 27925 762
27925 31905 197
2078 35186 762
227 35331 762
35331 49819 75
48932 38419 762
3309 41233 762
4329 41985 762
16774 45331 762
41858 46994 762
5196 17702 763
15194 18146 763
16252 21716 763
21716 38876 709
9844 21753 763
8926 22819 763
27057 32524 763
28117 39227 763
7576 27790 764
27790 49256 394
23858 42034 764
18839 45726 764
3849 46457 764
4021 47544 764
12085 49329 764
889 15077 765
47572 18393 765
3526 18768 765
16464 18910 765
17603 29568 765
49090 31069 765
41631 32357 765
46054 34035 765
7714 35125 765
37659 40677 765
31502 48130 765
3952 49643 765
2545 4572 766
7131 10739 766
3609 14429 766
30315 20188 766
20188 5041 143
4687 25920 766
12075 26618 766
46578 30064 766
13207 31061 766
31061 33567 370
31937 35235 766
9271 45536 766
771 48060 766
45001 6031 767
48241 8231 767
1678 15523 767
9069 15869 767
16246 16638 767
18282 24183 767
19336 29294 767
960 33783 767
44022 37379 767
2805 38378 767
38694 39356 767
11755 10204 768
46345 11469 768
11469 47482 277
47482 8715 363
3178 11872 768
14107 24875 768
12518 27445 768
15791 27887 768
15063 30040 768
20958 32114 768
46582 34604 768
32554 34891 768
37042 35644 768
22573 40627 768
41848 44862 768
35484 46667 768
33246 49947 768
138 414 769
29784 16294 769
48594 22851 769
22851 19169 167
12772 22858 769
41224 24168 769
14244 26613 769
3619 27056 769
20594 33312 769
33312 3435 49
14306 34934 769
34934 37614 19
37614 46651 19
34934 27596 65
2417 36412 769
28579 36956 769
7274 45838 769
98 8225 770
8225 11246 496
14014 15051 770
6076 20731 770
20731 20639 514
4983 34961 770
23595 36680 770
6034 39650 770
46064 42239 770
19079 42500 770
6192 45372 770
10851 21927 771
47205 27006 771
12448 33693 771
3034 39880 771
39880 33461 298
33434 40855 771
44959 45403 771
19742 48757 771
41580 21512 772
33110 26143 772
38426 40928 772
4596 43219 772
26847 47863 772
20570 49000 772
20452 29289 773
38932 34060 773
34060 23110 106
23110 35075 342
4266 40336 773
32996 41741 773
23654 42081 773
16777 45002 773
44555 10906 774
10906 21153 409
9716 11697 774
11338 13374 774
5987 15525 774
1112 15590 774
18105 18508 774
17906 19211 774
21107 25884 774
8775 26018 774
275 31003 774
31003 14933 490
25811 39971 774
26323 41694 774
33485 45612 774
21959 46725 774
38106 48120 774
48120 47528 557
47528 38270 71
10035 49657 774
224 12157 775
44081 15720 775
26370 20729 775
16171 24838 775
28693 34167 775
24439 35952 775
9554 14986 776
39192 38417 776
13658 40363 776
40363 26893 700
12278 45805 776
45805 47487 164
2142 16446 777
43552 19812 777
3665 22467 777
24287 24625 777
49765 25986 777
25986 27115 232
25986 45291 418
40734 27150 777
27150 33178 311
6009 28023 777
33986 38953 777
40167 39964 777
23620 41709 777
4168 43567 777
4020 20726 778
16064 24304 778
23321 26066 778
20730 27581 778
24539 29231 778
41789 31686 778
5208 38920 778
29147 40645 778
1415 3740 779
9812 8072 779
8781 13007 779
6787 18147 779
18147 19077 140
43455 18359 779
18359 28273 71
28273 31681 357
17696 22850 779
7289 23379 779
40450 24206 779
24206 44289 408
31965 30925 779
30925 33836 378
4764 35855 779
19842 40088 779
7649 43603 779
22610 47242 779
902 49261 779
2693 5032 780
5032 5302 641
7931 17115 780
17115 29586 144
21587 23711 780
20771 26982 780
26982 38319 549
38319 37607 132
44056 35771 780
3993 35807 780
36591 37024 780
30444 37890 780
33436 43116 780
32037 44316 780
23643 45397 780
25229 47325 780
41266 48441 780
307 21516 781
37068 41395 781
24466 43578 781
1595 45540 781
1961 49441 781
389 7527 782
11313 13023 782
8109 19547 782
11375 20766 782
39606 22617 782
25259 27938 782
41939 30421 782
16897 31742 782
18983 33462 782
33462 25053 699
8358 40760 782
40760 36324 660
31327 41226 782
41226 25480 92
25480 24456 59
25480 12332 749
25340 43120 782
43120 46293 374
17670 44361 782
35326 46587 782
35701 48150 782
46254 48818 782
10563 8433 783
48227 14760 783
2284 19552 783
14433 24165 783
973 25509 783
20976 31065 783
45556 35132 783
18021 37099 783
2656 42940 783
39921 45041 783
38993 46171 783
46171 11211 87
11211 10711 606
10711 32431 365
22165 47561 783
23723 47578 783
18853 23341 784
23341 8272 664
38634 27792 784
27792 13922 224
13922 49859 198
8246 29847 784
22786 33954 784
10749 35721 784
31609 40453 784
1272 13334 785
30422 24660 785
7189 30989 785
3010 31884 785
31884 43679 297
30811 35725 785
11780 37428 785
47912 2290 786
602 5704 786
21939 22190 786
19175 22531 786
5161 25032 786
46067 25848 786
33421 28837 786
22925 30346 786
6559 31154 786
31395 34253 786
23496 41196 786
19257 43218 786
1272 47605 786
531 7803 787
7803 45147 113
45147 47112 194
2761 18205 787
38316 40511 787
8362 45604 787
12527 46356 787
34353 46466 787
47699 10995 788
16561 24475 788
35997 25741 788
19236 29667 788
16306 38055 788
27429 39127 788
26064 42091 788
945 44356 788
9421 45938 788
25511 46419 788
27529 48091 788
38373 49027 788
3471 9403 789
18611 10459 789
45911 15681 789
10020 24817 789
18500 31987 789
31987 38884 508
39680 33247 789
43569 49469 789
12967 6014 790
6014 6918 202
680 11366 790
5525 16496 790
20868 23580 790
24559 28394 790
557 31362 790
31362 29816 37
31362 11178 699
11178 38924 242
32351 33779 790
28955 34482 790
33752 35098 790
48436 38630 790
18237 39912 790
31831 39952 790
14663 49419 790
32456 14350 791
35826 19334 791
15293 33656 791
34464 37145 791
38073 49862 791
34494 49996 791
20205 12285 792
12285 13396 6
11632 16069 792
16069 23427 15
20073 18078 792
13117 19380 792
39182 21039 792
14813 23639 792
22020 27344 792
3958 31740 792
31740 33119 258
24046 34146 792
32530 34283 792
34283 22526 306
14717 46494 792
11761 46676 792
46676 39476 260
4034 4524 793
4524 6232 730
6232 24851 695
5292 20843 793
20843 46061 135
46061 12872 90
17768 22755 793
20742 25206 793
22459 26037 793
22572 27802 793
47058 32025 793
1450 33004 793
35219 36393 793
20550 39900 793
33224 40376 793
13005 45074 793
3587 6312 794
46036 26685 794
49795 26686 794
14002 31872 794
6839 34610 794
30596 36068 794
6087 38297 794
38297 38861 435
43267 42634 794
10960 11308 795
10569 17554 795
9930 19291 795
19291 40058 592
40058 20217 189
35183 37501 795
19193 45753 795
8582 47486 795
550 574 796
574 988 356
7311 1782 796
8171 14418 796
42317 22534 796
1768 26091 796
26091 33540 361
41561 28621 796
47573 31423 796
31324 31718 796
10931 37521 796
11410 38357 796
38887 39448 796
9065 41124 796
24045 43901 796
3351 4651 797
4651 5612 470
7282 11097 797
13255 31754 797
32097 36053 797
5551 36472 797
38377 37040 797
33306 38666 797
38666 9426 724
24071 40545 797
14972 42587 797
42217 43215 797
12594 49458 797
49458 26898 449
26898 31085 466
1876 3226 798
2267 13200 798
13200 22301 185
13836 14698 798
19338 26236 798
11026 31445 798
42808 37034 798
23952 46005 798
18556 46450 798
45688 47093 798
23060 47747 798
8351 49749 798
2884 6597 799
6597 32478 680
16233 17280 799
29047 24868 799
42986 27114 799
12414 27766 799
12435 28119 799
736 28139 799
14928 34065 799
10513 35662 799
19729 36138 799
25654 38477 799
32662 44406 799
14436 47717 799
7473 10753 800
19645 20129 800
20129 46739 496
19058 20607 800
25794 31508 800
13646 38836 800
48729 39116 800
39116 49513 228
49513 19013 238
19013 44135 784
4725 42556 800
38848 45431 800
45431 23891 563
17199 48611 800
22689 669 801
669 31356 66
31356 32311 176
22580 34921 801
34921 4301 536
33111 38715 801
5007 43387 801
9254 45205 801
12878 45815 801
37184 49885 801
21273 13105 802
13105 43245 174
8658 13972 802
10632 15456 802
14158 24229 802
20183 26492 802
13529 27574 802
33223 30183 802
21701 33204 802
2249 35110 802
10789 35748 802
35748 49083 322
33384 43156 802
18812 46645 802
46645 48604 655
36514 18215 803
18215 23506 459
23506 49345 31
23506 25374 79
38953 22761 803
22761 37978 32
22761 30450 432
30450 31578 409
36089 22836 803
9550 23743 803
23743 24225 471
3556 25767 803
4770 27722 803
1988 36473 803
38198 41059 803
33261 47421 803
16248 47545 803
1469 8877 804
7651 19672 804
3042 30955 804
15897 34334 804
25357 40241 804
1164 40254 804
33146 45216 804
2089 4027 805
4027 24114 325
10806 21160 805
29191 31127 805
31127 40413 490
9249 35258 805
2798 46114 805
27763 14938 806
13385 19094 806
34687 23101 806
16880 24881 806
20692 30027 806
27660 30772 806
6309 36439 806
43579 45730 806
17118 46370 806
10391 48271 806
7426 25598 807
19770 25773 807
42340 34572 807
20840 36771 807
30640 49438 807
37378 49985 807
4327 6376 808
26162 31101 808
13223 33451 808
15230 35936 808
35936 42209 635
13460 41859 808
41859 20116 497
12089 42353 808
34603 44547 808
44547 48518 406
42265 45357 808
45357 41373 259
26315 18806 809
18806 24020 606
13879 24074 809
1702 24657 809
38737 24659 809
24659 11899 764
11899 37547 318
2058 28901 809
28901 44057 18
40634 30691 809
30250 30994 809
13594 39366 809
25074 39891 809
44890 41597 809
8658 49401 809
5402 11836 810
11836 46158 772
11649 16353 810
32502 21943 810
21943 37124 716
39205 23636 810
23636 16799 575
16799 46669 441
12110 26284 810
26284 45253 135
18565 29855 810
4146 30762 810
24837 39679 810
47727 46869 810
31858 47361 810
5242 11022 811
26236 15896 811
14094 22554 811
25293 25568 811
20339 28278 811
34261 34827 811
24699 34838 811
34386 39730 811
20970 42276 811
30013 46694 811
33501 47068 811
7673 8659 812
49153 8823 812
5913 24586 812
38125 43405 812
36440 46387 812
22489 7987 813
27604 21191 813
27211 24882 813
7679 25260 813
11330 32382 813
25766 34657 813
25840 40010 813
3900 45039 813
5194 48863 813
1697 3708 814
2023 7655 814
3589 11833 814
1505 13902 814
44588 18763 814
15032 22253 814
9444 25548 814
20336 26910 814
27451 28306 814
27182 32613 814
30113 37726 814
38481 40072 814
12439 42874 814
1948 44058 814
9556 4403 815
4403 42256 778
2330 9118 815
47537 11624 815
10704 17252 815
17252 36154 555
39286 20100 815
14305 22010 815
23535 23909 815
29 24826 815
34386 25944 815
4282 30372 815
12487 30878 815
24067 35276 815
43899 36227 815
18802 37499 815
10554 39071 815
40064 39455 815
7749 48713 815
24011 16620 816
16620 9411 583
8848 20462 816
8634 25636 816
350 25706 816
48598 27314 816
32354 32407 816
10063 33622 816
39972 41429 816
42789 48721 816
3436 7443 817
18213 22298 817
16432 23626 817
20583 30733 817
10401 35247 817
5001 36415 817
36415 30752 20
36415 32263 790
32263 29909 88
7605 36914 817
46683 38594 817
11799 41548 817
31817 11595 818
11595 20602 222
6266 23730 818
2898 26578 818
17611 29026 818
3908 34530 818
4002 37286 818
21813 47144 818
45102 48049 818
38943 11888 819
11888 9911 607
44835 17732 819
16423 24510 819
19257 28734 819
38083 41792 819
17437 46195 819
12007 2700 820
418 4858 820
4858 35658 204
5513 8093 820
11967 15734 820
10443 26570 820
17124 33106 820
30624 33193 820
33193 40548 705
20124 33634 820
9083 34196 820
29280 39763 820
3584 41127 820
48783 44049 820
43400 44736 820
44503 45443 820
38223 46937 820
32527 47301 820
5523 5530 821
7260 14173 821
13956 18879 821
14325 23495 821
12395 23604 821
19471 32172 821
32172 37064 145
13078 33564 821
33564 808 805
10873 34219 821
1585 35077 821
35077 49467 437
29527 48810 821
504 12115 822
75 20501 822
35362 22451 822
18127 30834 822
9410 36498 822
36498 18274 578
18745 49574 822
7078 49800 822
17705 4013 823
4013 24032 472
1193 6495 823
16576 26425 823
6354 28369 823
6083 28616 823
28616 47478 376
22731 46758 823
16331 47491 823
11099 1030 824
1030 30831 502
8428 21252 824
21252 39045 61
7685 31276 824
13534 39986 824
16471 40625 824
10911 45421 824
9361 15661 825
15132 20753 825
20753 38651 694
29541 22903 825
8627 24354 825
11115 24946 825
16725 26032 825
34323 26516 825
13531 29284 825
1860 32044 825
40493 38346 825
40218 40283 825
45910 46680 825
36344 47823 825
6068 13337 826
13337 29894 167
5016 14049 826
22255 30305 826
5541 33686 826
15326 38391 826
24285 40461 826
12372 44113 826
47217 46122 826
16449 46784 826
6961 8125 827
8125 31545 130
29205 11620 827
10649 32423 827
691 39920 827
32162 42100 827
11314 23609 828
18903 38132 828
39392 40425 828
16384 42160 828
39722 46661 828
10662 46894 828
7699 48424 828
13534 49759 828
12032 21435 829
7825 25935 829
1114 31835 829
32658 33891 829
17891 38366 829
18042 38961 829
34897 47732 829
4962 3159 830
35985 7721 830
5693 15433 830
1360 23038 830
23038 27050 64
7916 26029 830
2484 27882 830
27882 17774 335
17774 11470 55
43780 45854 830
42120 48880 830
3692 23385 831
1561 25866 831
32017 31717 831
18144 34725 831
12737 43781 831
275 16753 832
16753 32227 81
6185 20064 832
10336 27405 832
27405 36699 512
11173 28254 832
16582 33440 832
844 40179 832
16964 40460 832
4743 5517 833
777 7393 833
10974 8378 833
9861 11172 833
11172 34227 90
6092 13029 833
35649 28327 833
6519 29068 833
29068 38844 329
29068 31982 743
17991 34923 833
23092 37546 833
9044 37869 833
6530 39924 833
39588 41086 833
43459 45897 833
12929 13499 834
13499 39123 808
15643 16691 834
16691 45183 694
32189 21121 834
27980 32692 834
10584 39079 834
37455 40311 834
9117 43434 834
16562 16718 835
4907 18661 835
46197 27068 835
35299 33266 835
11774 34402 835
12178 42749 835
37477 47575 835
25811 17806 836
43960 28493 836
32214 37377 836
6622 42191 836
5658 9973 837
12549 21700 837
1954 31129 837
10394 40389 837
41711 47209 837
2260 47347 837
30880 48083 837
32280 48756 837
19523 48866 837
13187 13976 838
22017 15497 838
7621 25683 838
18541 31399 838
911 32412 838
2691 32778 838
10009 34415 838
32545 34655 838
46284 35535 838
14116 36230 838
13389 43478 838
36854 8678 839
8269 18165 839
18165 44099 410
14706 27543 839
15948 32295 839
23273 38141 839
22810 39439 839
41940 40531 839
1279 3882 840
12370 37330 840
28965 43201 840
6745 12882 841
10657 18113 841
5232 35489 841
13571 36780 841
28725 42546 841
5004 43213 841
17725 48297 841
6888 21357 842
17192 22743 842
23231 26908 842
7200 35552 842
16514 40510 842
43008 40715 842
20686 41166 842
37067 41293 842
12665 47169 842
9253 11646 843
8900 14540 843
14540 29285 617
13539 23013 843
3872 29587 843
17100 33549 843
14135 40202 843
40202 17711 370
14497 44664 843
44664 43057 489
43057 19582 333
19582 41424 93
15705 45165 843
45165 35451 120
47 11094 844
4762 15593 844
30212 25116 844
20684 26507 844
2950 31059 844
23700 37570 844
13956 40013 844
40013 43683 69
20033 42229 844
45337 45322 844
19998 1662 845
12322 6825 845
3514 8154 845
29921 18969 845
16007 19404 845
4755 21799 845
25254 27972 845
1627 32933 845
2256 34463 845
17424 36933 845
29863 39334 845
28152 46189 845
24095 47354 845
10693 47581 845
16938 10271 846
26606 19884 846
19884 48957 184
8450 22078 846
12010 37457 846
15912 49780 846
27608 18302 847
11646 21909 847
21000 24767 847
30682 34680 847
21822 41415 847
26263 48403 847
26820 49688 847
3061 12849 848
3963 13548 848
16252 30526 848
30526 33822 483
5687 32458 848
49176 35859 848
22664 36238 848
13784 38287 848
7798 42507 848
24008 46545 848
326 48051 848
8256 3087 849
3087 49439 630
869 18851 849
7157 24401 849
24905 30773 849
30773 42037 555
16042 34495 849
6899 35371 849
6674 38741 849
38741 48430 36
45591 45559 849
46513 46615 849
18187 23765 850
9347 27177 850
12881 30073 850
10680 33082 850
28150 34159 850
12829 36044 850
36044 48195 29
48195 11365 366
11365 38079 400
3660 38440 850
1154 41758 850
46208 43211 850
10506 48484 850
7993 17840 851
736 25597 851
8946 31983 851
28559 32934 851
25006 34673 851
34673 27193 625
31262 40284 851
29334 40977 851
45496 46591 851
30812 49033 851
21819 49421 851
48091 11112 852
12221 21416 852
29464 23721 852
37808 32834 852
29240 40291 852
32183 41935 852
4694 5616 853
6718 9512 853
32785 20077 853
6014 26963 853
6725 28067 853
990 28590 853
8176 29961 853
29961 38089 801
29252 32023 853
32023 43123 119
40798 45157 853
24101 46955 853
4881 10981 854
3122 25497 854
1660 27909 854
6493 30090 854
39570 30325 854
27192 35087 854
28193 35321 854
26739 39188 854
10462 45566 854
9554 49936 854
3350 7990 855
6476 12099 855
532 13620 855
852 16277 855
16277 39793 336
23916 16597 855
32300 23262 855
43011 33878 855
28452 38852 855
38852 16531 233
33513 39339 855
37545 40555 855
40555 45645 576
25422 40583 855
37978 42774 855
42774 46528 339
5287 12415 856
9165 18659 856
13273 27624 856
25707 39559 856
38011 27562 857
27562 35440 754
3374 38731 857
11413 39099 857
26270 40302 857
25319 40766 857
20621 42532 857
330 46416 857
31081 46867 857
542 48199 857
1314 18684 858
18684 39765 683
37109 26871 858
26871 37077 351
30082 33975 858
10897 34161 858
29865 37873 858
21255 39262 858
39262 47809 101
23722 42617 858
30058 46696 858
11211 21168 859
21168 34882 321
21637 22024 859
16450 24718 859
27808 33074 859
23948 34585 859
23910 37104 859
26622 40832 859
8656 41473 859
17255 19152 860
26782 33032 860
11165 33328 860
39716 40083 860
46869 40810 860
6253 42674 860
23481 45765 860
28372 47385 860
13290 14992 861
8273 20346 861
32045 39892 861
12883 13426 862
13426 42114 713
30002 29428 862
6120 30513 862
20099 32236 862
10009 32239 862
29410 43743 862
35485 46607 862
21749 47279 862
46193 16512 863
27466 17745 863
6064 25630 863
25630 47063 447
18451 27155 863
25717 27789 863
26232 30909 863
27419 31733 863
13544 35643 863
21807 36298 863
11724 43127 863
48221 45399 863
43006 48480 863
31597 48715 863
2791 14360 864
1219 27948 864
37329 28971 864
28971 41692 579
36984 31697 864
5180 35928 864
24417 36720 864
390 39138 864
20981 11901 865
12343 14606 865
1160 15147 865
4615 26818 865
11002 27276 865
15417 27421 865
2817 41679 865
30233 48798 865
2198 9936 866
9936 12398 446
13292 14941 866
14262 15810 866
15810 45568 28
45568 30689 265
30689 33894 523
13764 24519 866
24519 35328 598
3511 25504 866
31445 40551 866
48941 44051 866
15656 45515 866
12778 49842 866
49842 47721 737
3892 17198 867
23414 27687 867
7613 30484 867
29151 30704 867
22717 40201 867
23019 44780 867
3594 46880 867
34456 47241 867
5070 10514 868
10514 25854 38
14643 30483 868
32362 33865 868
25190 49284 868
852 1921 869
12514 34375 869
33353 36355 869
33994 36695 869
36695 45509 639
20184 43040 869
11075 47037 869
1724 15830 870
15830 19178 133
15830 15958 620
15958 42235 751
8467 22398 870
22398 35884 153
35884 46964 323
16370 27959 870
24642 32384 870
13636 41652 870
20122 47711 870
1620 3270 871
29874 26156 871
1018 28122 871
3400 30832 871
31263 35938 871
23540 39106 871
39802 49943 871
11716 17894 872
15790 28487 872
3167 32483 872
26563 39565 872
1514 42231 872
21079 43088 872
34998 43518 872
3704 12148 873
14392 18366 873
18366 15589 615
14517 21296 873
25541 38624 873
37372 41972 873
36562 47514 873
9020 49972 873
6931 9730 874
896 10742 874
4274 17191 874
14312 18922 874
15683 23564 874
10359 24462 874
9255 25394 874
9896 34366 874
1393 35455 874
37935 36585 874
26769 39670 874
17739 43570 874
26072 44606 874
8011 12537 875
12537 15635 376
8448 28213 875
34627 29853 875
10463 30985 875
6936 34297 875
18497 40601 875
1343 41261 875
40581 43010 875
8461 43364 875
2760 12977 876
1196 20703 876
8330 36904 876
21005 37393 876
33673 38035 876
5157 39855 876
4118 8714 877
18483 22175 877
7181 33795 877
2164 36986 877
36141 46306 877
8311 46910 877
25046 47622 877
13894 12920 878
3027 21636 878
19777 21730 878
24091 25038 878
25038 41776 153
41776 41048 505
26541 33646 878
44545 48913 878
8835 27069 879
30639 33404 879
3507 33943 879
24571 43121 879
47 1329 880
44216 28561 880
19625 37675 880
37675 26274 280
4677 42729 880
40813 4311 881
4311 17870 868
25005 12369 881
12430 12836 881
10442 13308 881
15449 18865 881
15022 24544 881
5991 25669 881
16904 29915 881
3286 31137 881
24150 33859 881
271 39349 881
5631 44291 881
6638 12831 882
114 21938 882
25523 32944 882
46056 49154 882
12792 11884 883
5604 14526 883
14526 47909 789
27112 32004 883
32004 40562 605
36217 35139 883
2701 41787 883
31411 46250 883
7817 18596 884
1579 24850 884
9834 30760 884
29429 30970 884
10294 42682 884
7314 11315 885
1454 15607 885
13177 18496 885
20372 22748 885
11969 26376 885
34541 30264 885
5096 32702 885
15317 42970 885
12813 49598 885
4761 18669 886
48231 32775 886
32775 13372 148
13112 40519 886
40519 25742 184
7994 44796 886
35646 46640 886
21968 47513 886
10067 15697 887
15697 45060 170
12237 23490 887
17852 24057 887
25884 32034 887
15111 33151 887
23955 45266 887
5125 5749 888
5749 41212 82
2418 5977 888
1443 9943 888
9943 36020 365
18030 33220 888
35723 39291 888
49917 45416 888
1910 48770 888
29915 49009 888
1412 8197 889
14692 17081 889
7511 22425 889
5344 39541 889
28215 42236 889
16283 46034 889
2910 8906 890
3263 11437 890
11696 12962 890
12962 35301 617
13341 28198 890
28198 29150 842
24926 29446 890
20359 30072 890
40387 33608 890
22876 34015 890
6205 35095 890
6933 11051 891
327 21846 891
843 22635 891
26628 29363 891
24565 40352 891
40352 47006 589
23532 41067 891
7907 26389 892
16718 31660 892
33299 48781 892
12421 6267 893
9443 14030 893
15462 16572 893
40048 40879 893
34168 44964 893
12336 49255 893
10597 20408 894
18753 20503 894
23490 22194 894
32420 29403 894
29403 26160 427
20191 38745 894
29943 6231 895
23457 26543 895
20618 37874 895
65 43875 895
5430 47123 895
48848 45893 896
952 2059 897
6759 7512 897
5353 23788 897
23788 30881 495
2506 32563 897
5355 32837 897
48770 37003 897
1734 41624 897
324 16062 898
8564 22942 898
12140 29949 898
29949 30104 166
24031 34935 898
14115 36546 898
32908 36641 898
18557 42649 898
38311 46432 898
9760 5986 899
1727 8230 899
8230 16967 38
7955 23444 899
312 42359 899
30257 45803 899
40974 48305 899
48305 37558 304
1189 2447 900
10247 17210 900
21696 24735 900
35064 42143 900
20179 47419 900
5678 48319 900
25761 21506 901
7302 25631 901
25631 38146 501
31233 43625 901
4578 46178 901
14551 46405 901
49573 21305 902
24651 45742 902
3830 9604 903
9604 33812 395
88 12679 903
11866 13329 903
19184 24021 903
4495 38211 903
12701 43591 903
20592 44004 903
11988 45407 903
24500 24423 904
17483 38787 904
14384 40053 904
39127 47108 904
4704 7991 905
20223 13349 905
48185 20286 905
20286 30956 801
13123 22545 905
22545 33552 504
13937 25734 905
12296 25805 905
25805 23295 70
27875 33486 905
30426 39174 905
19738 45701 905
5199 10781 906
27794 28087 906
724 39538 906
20983 40316 906
35603 44179 906
47940 49638 906
25349 30825 907
30825 41784 564
41784 19493 902
10082 49062 907
32850 17463 908
5516 21997 908
12954 28361 908
25337 32413 908
4891 47565 908
27342 49046 908
7249 8466 909
10012 22414 909
4393 25933 909
21911 27033 909
13561 45941 909
9896 26523 910
6878 48136 910
35415 49247 910
4076 22199 911
15179 26968 911
5790 30610 911
12310 37926 911
814 45042 911
43112 47519 911
5910 26608 912
18300 29448 912
19372 34179 912
31627 34905 912
33112 39095 912
29604 39940 912
5545 43176 912
9964 19947 913
4112 20469 913
4158 30164 913
20622 32820 913
1295 39882 913
31310 42297 913
18156 46554 913
41863 17015 914
7002 21816 914
33439 24996 914
1118 35018 914
35018 23919 863
17404 42686 914
6246 44389 914
1633 24608 915
15501 29143 915
22574 29311 915
49250 40180 915
40180 37834 694
37834 9200 441
4913 8088 916
8088 34942 729
20444 37385 916
1420 40384 916
21211 40663 916
42549 43315 916
954 45293 916
25783 45481 916
24732 47125 916
1589 23812 917
16949 31914 917
21753 35263 917
39696 41456 917
16688 44098 917
38707 46444 917
1715 34354 918
45726 40016 918
40016 16200 758
16534 21131 919
21131 21202 306
21131 37847 736
18573 27041 919
33694 44772 919
14497 24555 920
2223 30729 920
23592 36179 920
36179 49523 52
36179 30000 595
20189 37802 920
37802 41297 373
898 46853 920
31710 47427 920
1282 49030 920
2701 8574 921
5649 14016 921
12402 17170 921
33755 22629 921
35842 36746 921
7659 7644 922
7261 18087 922
9961 25276 922
39531 43284 922
43284 42910 349
5900 7837 923
8049 9581 923
3401 9945 923
9945 30665 301
2284 16756 923
25549 26616 923
19702 33200 923
11639 34551 923
34551 40208 701
27747 34795 923
25163 34817 923
31603 40344 923
21240 41606 923
580 11263 924
27327 14175 924
26177 21802 924
22361 33793 924
7894 40794 924
9809 45229 924
1901 6415 925
7299 15416 925
8012 29331 925
18379 35288 925
19451 44035 925
34962 44625 925
40424 48359 925
10386 18433 926
21329 21776 926
21776 22375 739
43881 24750 926
22950 30146 926
6374 34137 926
21156 39021 926
2209 41504 926
12596 44894 926
13927 46140 926
42308 17506 927
1198 18703 927
20655 37433 927
31314 39459 927
1992 8071 928
8071 23335 298
8071 31090 659
1065 9415 928
9415 27695 537
9415 43867 786
25724 41764 928
23328 49580 928
7891 12145 929
5945 18240 929
18240 44561 679
26081 34566 929
27979 44527 929
38462 45900 929
928 21299 930
9622 27358 930
10071 36034 930
2440 44211 930
19180 47185 930
1390 47820 930
24210 48691 930
23761 49310 930
49310 27526 533
527 8469 931
9394 25529 931
21137 27558 931
24984 33724 931
23534 36949 931
19414 39666 931
31700 45439 931
10105 49977 931
4679 3832 932
3832 29505 789
6634 17481 932
21101 28388 932
20206 44678 932
46689 49813 932
7653 8881 934
7101 14729 934
12247 27089 934
37802 47088 934
7981 14169 935
23664 34719 935
22094 37463 935
2454 6921 936
6921 8497 633
2770 13773 936
13773 32348 108
13773 36740 661
36740 43674 481
8374 19968 936
24470 35879 936
38568 43724 936
7239 8569 937
1044 15343 937
6490 16959 937
30241 33358 937
33358 34244 244
40341 43662 937
22546 48039 937
27654 31962 938
27140 34924 938
22312 38101 938
39018 40637 938
33402 42783 938
4283 27347 939
35232 35756 939
2716 36165 939
30708 36857 939
38395 43792 939
9538 17928 940
16098 23656 940
2865 31513 940
36715 37299 940
3767 43812 940
32926 14095 941
25832 29074 941
5061 35092 941
29978 47179 941
3323 47441 941
1007 1510 942
527 20637 942
17120 23717 942
22810 27442 942
21761 36424 942
178 31457 943
24787 31826 943
25137 35243 943
2775 46095 943
35900 48371 943
3865 48778 943
10610 18034 944
48776 20865 944
22077 24468 944
6475 29666 944
921 29797 944
9083 40059 944
9539 40880 944
4816 45173 944
39924 45255 944
553 10533 945
478 20378 945
47703 21601 945
25025 28359 945
40928 33297 945
31739 43498 945
30230 45764 945
45764 47795 224
12018 16760 946
13186 21950 946
20103 46547 946
15354 40307 947
32143 48326 947
12044 28035 948
18211 41187 948
16997 42381 948
10297 44840 948
6452 8543 949
8543 26645 355
26645 28199 113
5156 16422 949
11246 32030 949
20317 47700 949
38227 48875 949
29086 33786 950
15536 34487 950
922 36101 950
12185 41521 950
37736 41912 950
42416 45761 950
1560 8744 951
10811 11452 951
3277 12029 951
45731 49200 951
18096 22109 952
20958 32959 952
33406 38340 952
32287 42720 952
840 7608 953
6240 10446 953
1822 13058 953
13058 30431 739
10777 19066 953
19066 47755 882
14909 19779 954
11342 21248 954
41439 28370 954
1870 29929 954
12589 42321 954
10637 30767 955
26383 34112 955
30923 34813 955
38645 39027 955
40209 40943 955
4771 45119 955
45119 46202 520
17596 45436 955
21662 46862 955
46862 32607 584
47040 49676 955
6783 25093 956
25195 36996 956
10020 42604 956
21474 27886 957
15631 46196 957
31164 38875 958
19108 41129 958
8101 44789 958
6525 45298 958
818 5556 959
37242 22674 959
22674 43468 618
22184 28769 959
26615 40124 959
7780 45562 959
19468 49541 959
14405 35468 960
6404 44834 960
22128 44918 960
3269 45823 960
327 9750 961
9750 48270 109
24084 25828 961
16210 26296 961
8696 36991 961
4456 41255 961
22969 49292 961
49292 30284 694
1480 21147 962
36986 38192 962
20586 40828 962
37377 42921 962
44606 28304 963
3817 4141 964
21817 26194 964
36135 29359 964
4434 48183 964
1666 3123 965
4891 11518 965
14441 27298 965
28682 38131 965
19757 46033 965
47134 48394 965
11012 20236 966
24472 36218 966
24956 38031 966
11443 41130 966
44411 48214 966
819 49357 966
8976 25928 967
28797 34647 967
13001 40100 967
5717 20634 968
26183 29606 968
9520 34786 968
32945 43331 968
43331 49670 300
2653 19375 969
7196 34616 969
39965 48471 969
6964 16722 970
14522 30468 970
9097 40282 970
41983 42908 970
16110 43386 970
15208 15341 971
15341 27125 413
27125 36143 718
21446 22059 971
30093 39367 971
39857 44445 971
4188 7911 972
11114 24075 972
4651 18520 973
18520 29981 641
29981 43566 703
20659 21886 973
9601 25897 973
19349 32737 973
2984 46958 973
3314 23381 974
22527 45329 974
44231 48126 974
3475 10980 975
10980 29625 650
19607 23618 975
23618 35616 846
20093 29016 975
8780 32205 975
42530 44619 975
25011 45327 975
27225 46309 975
35274 48698 975
30107 49148 975
3401 5540 976
5540 39301 165
17106 10424 976
15651 24025 976
41350 46723 976
42873 49655 976
35357 49861 976
3785 17390 977
2440 27064 977
30176 42436 977
9581 11113 978
18789 32660 978
11748 37646 978
34954 46579 978
2237 47397 978
9303 15755 979
28041 41234 979
1712 13837 980
3416 21914 980
11188 35591 980
18744 38148 980
38148 42070 912
7400 40052 980
7438 27954 981
13307 40507 981
15354 42071 981
36756 43864 981
16344 44934 981
39548 47078 981
14760 5576 982
7670 10728 982
1537 34182 982
20460 35253 982
10040 48711 982
15484 25719 983
4824 30814 983
41688 46116 983
43044 47719 983
23090 29781 984
5951 34637 984
1950 44170 985
1890 20226 986
5523 22333 986
5841 22808 986
27834 30631 986
33370 38535 986
10596 12727 987
12727 27345 342
10680 12768 987
12242 24002 987
24002 34535 887
91 8383 988
5076 16030 988
32490 37469 988
8480 43555 988
213 24840 989
18757 39515 989
25043 42518 989
8514 35766 990
28861 38979 990
24447 40108 990
6052 46493 990
7250 18409 991
22167 26638 991
42005 47996 991
5493 26428 992
12157 36838 992
33975 40346 992
19505 44388 992
7371 48574 992
577 11461 993
2002 31761 993
29425 35594 993
2239 48573 993
2678 16451 994
1783 19091 994
35446 38750 994
7338 43975 994
42788 43334 995
20113 45711 995
42029 46630 995
1660 27632 996
20879 37084 996
33699 43787 996
22672 29179 997
11086 27493 998
30061 34327 998
8068 39774 998
27034 45482 998
1604 13971 999
14169 30866 999
44134 44960 999
7845 24833 1000
17445 26090 1000
24724 26846 1000
5388 40287 1000
Total MST weight: 14362765
Execution time: 411.232 ms
